storm_name,HI,tau_mid,c_rise,c_fall,rise,fall,tau_col,constituent_col,k,t_rise_mid,t_fall_mid,rise_bracket,fall_bracket,peak_label,storm,constituent
down_event1,-4.466915590759003,0.5,-1.0362602865785873,0.2988997740068201,"                     P123_h_average  Turbidity FNU
DateTime                                          
2023-04-17 21:33:00        0.878790       0.759815
2023-04-17 21:48:00        0.894311       0.803218
2023-04-17 22:03:00        0.900335       1.000000
2023-04-17 22:18:00        0.904758       0.879710
2023-04-17 22:33:00        0.902774       0.964138
2023-04-17 22:48:00        0.896327       0.924528
2023-04-17 23:03:00        0.882096       0.869104
2023-04-17 23:18:00        0.904644       0.667802
2023-04-17 23:33:00        0.913185       0.744894
2023-04-17 23:48:00        0.935562       0.667098
2023-04-18 00:03:00        0.998114       0.696577
2023-04-18 00:18:00        1.000000       0.703831","                     P123_h_average  Turbidity FNU
DateTime                                          
2023-04-18 00:18:00        1.000000       0.703831
2023-04-18 00:33:00        0.935225       0.656681
2023-04-18 00:48:00        0.697281       0.615456
2023-04-18 01:03:00        0.819868       0.527740
2023-04-18 01:18:00        0.867202       0.593514
2023-04-18 01:33:00        0.827265       0.557922
2023-04-18 01:48:00        0.806378       0.595671
2023-04-18 02:03:00        0.854184       0.518038
2023-04-18 02:18:00        0.872774       0.559091
2023-04-18 02:33:00        0.894576       0.422471
2023-04-18 02:48:00        0.913125       0.396084
2023-04-18 03:03:00        0.918663       0.388671
2023-04-18 03:18:00        0.900468       0.421215
2023-04-18 03:33:00        0.787340       0.363046
2023-04-18 03:48:00        0.711127       0.290789
2023-04-18 04:03:00        0.764356       0.373047
2023-04-18 04:18:00        0.727149       0.510051
2023-04-18 04:33:00        0.646262       0.452114
2023-04-18 04:48:00        0.666295       0.473299
2023-04-18 05:03:00        0.662549       0.563268
2023-04-18 05:18:00        0.628834       0.441989
2023-04-18 05:33:00        0.573273       0.216495
2023-04-18 05:48:00        0.661577       0.187419
2023-04-18 06:03:00        0.585998       0.203434
2023-04-18 06:18:00        0.554169       0.181843
2023-04-18 06:33:00        0.611481       0.225091
2023-04-18 06:48:00        0.547166       0.280306
2023-04-18 07:03:00        0.435167       0.324458
2023-04-18 07:18:00        0.521958       0.341619
2023-04-18 07:33:00        0.466675       0.385119
2023-04-18 07:48:00        0.426708       0.359870
2023-04-18 08:03:00        0.447998       0.260320
2023-04-18 08:18:00        0.417906       0.194136
2023-04-18 08:33:00        0.258389       0.079829
2023-04-18 08:48:00        0.381912       0.000000
2023-04-18 09:03:00        0.386620       0.057683
2023-04-18 09:18:00        0.286723       0.077089
2023-04-18 09:33:00        0.315116       0.136093
2023-04-18 09:48:00        0.349861       0.259646
2023-04-18 10:03:00        0.224358       0.260418
2023-04-18 10:18:00        0.211841       0.323796
2023-04-18 10:33:00        0.046683       0.466997
2023-04-18 10:48:00        0.000000       0.411567",P123_h_average,Turbidity FNU,0.5,2023-04-17 11:12:17.125071104,2023-04-18 06:54:19.019158272,"{'t0': Timestamp('2023-04-17 21:33:00'), 't1': Timestamp('2023-04-17 22:18:00'), 'tau0': np.float64(0.8787898131713994), 'tau1': np.float64(0.9047581396382233), 'c0': np.float64(0.7598148909111371), 'c1': np.float64(0.8797097916587042), 'extrapolated': True}","{'t0': Timestamp('2023-04-18 06:48:00'), 't1': Timestamp('2023-04-18 07:03:00'), 'tau0': np.float64(0.5471664717805689), 'tau1': np.float64(0.43516731903490463), 'c0': np.float64(0.2803057283697488), 'c1': np.float64(0.32445822226915927), 'extrapolated': False}",2023-04-18 00:18:00,down_event1,Turbidity FNU
down_event1,-6.357268300990103,0.5,-1.8703892167712426,0.3491311451445444,"                     P123_h_average  fDOM RFU
DateTime                                     
2023-04-17 21:33:00        0.878790  0.912045
2023-04-17 21:48:00        0.894311  0.979285
2023-04-17 22:03:00        0.900335  1.000000
2023-04-17 22:18:00        0.904758  0.990712
2023-04-17 22:33:00        0.902774  0.983055
2023-04-17 22:48:00        0.896327  0.935503
2023-04-17 23:03:00        0.882096  0.837261
2023-04-17 23:18:00        0.904644  0.803527
2023-04-17 23:33:00        0.913185  0.764337
2023-04-17 23:48:00        0.935562  0.731909
2023-04-18 00:03:00        0.998114  0.714478
2023-04-18 00:18:00        1.000000  0.756198","                     P123_h_average  fDOM RFU
DateTime                                     
2023-04-18 00:18:00        1.000000  0.756198
2023-04-18 00:33:00        0.935225  0.727113
2023-04-18 00:48:00        0.697281  0.697532
2023-04-18 01:03:00        0.819868  0.665713
2023-04-18 01:18:00        0.867202  0.579125
2023-04-18 01:33:00        0.827265  0.553697
2023-04-18 01:48:00        0.806378  0.537835
2023-04-18 02:03:00        0.854184  0.524522
2023-04-18 02:18:00        0.872774  0.508997
2023-04-18 02:33:00        0.894576  0.552467
2023-04-18 02:48:00        0.913125  0.541995
2023-04-18 03:03:00        0.918663  0.524687
2023-04-18 03:18:00        0.900468  0.509297
2023-04-18 03:33:00        0.787340  0.497280
2023-04-18 03:48:00        0.711127  0.483182
2023-04-18 04:03:00        0.764356  0.469474
2023-04-18 04:18:00        0.727149  0.461647
2023-04-18 04:33:00        0.646262  0.448403
2023-04-18 04:48:00        0.666295  0.431062
2023-04-18 05:03:00        0.662549  0.418694
2023-04-18 05:18:00        0.628834  0.395246
2023-04-18 05:33:00        0.573273  0.356701
2023-04-18 05:48:00        0.661577  0.348241
2023-04-18 06:03:00        0.585998  0.336822
2023-04-18 06:18:00        0.554169  0.330664
2023-04-18 06:33:00        0.611481  0.334301
2023-04-18 06:48:00        0.547166  0.362461
2023-04-18 07:03:00        0.435167  0.330808
2023-04-18 07:18:00        0.521958  0.329647
2023-04-18 07:33:00        0.466675  0.321553
2023-04-18 07:48:00        0.426708  0.316173
2023-04-18 08:03:00        0.447998  0.300807
2023-04-18 08:18:00        0.417906  0.316292
2023-04-18 08:33:00        0.258389  0.303200
2023-04-18 08:48:00        0.381912  0.283941
2023-04-18 09:03:00        0.386620  0.262317
2023-04-18 09:18:00        0.286723  0.229074
2023-04-18 09:33:00        0.315116  0.193845
2023-04-18 09:48:00        0.349861  0.167757
2023-04-18 10:03:00        0.224358  0.148593
2023-04-18 10:18:00        0.211841  0.095005
2023-04-18 10:33:00        0.046683  0.000000
2023-04-18 10:48:00        0.000000  0.057350",P123_h_average,fDOM RFU,0.5,2023-04-17 11:12:17.125071104,2023-04-18 06:54:19.019158272,"{'t0': Timestamp('2023-04-17 21:33:00'), 't1': Timestamp('2023-04-17 22:18:00'), 'tau0': np.float64(0.8787898131713994), 'tau1': np.float64(0.9047581396382233), 'c0': np.float64(0.9120451734064017), 'c1': np.float64(0.9907124337527445), 'extrapolated': True}","{'t0': Timestamp('2023-04-18 06:48:00'), 't1': Timestamp('2023-04-18 07:03:00'), 'tau0': np.float64(0.5471664717805689), 'tau1': np.float64(0.43516731903490463), 'c0': np.float64(0.3624613975512532), 'c1': np.float64(0.3308080446686842), 'extrapolated': False}",2023-04-18 00:18:00,down_event1,fDOM RFU
down_event2,-0.5486395933463899,0.5,0.24046256904452376,0.5327506921294122,"                     P123_h_average  Turbidity FNU
DateTime                                          
2023-04-18 11:03:00        0.218297       0.115828
2023-04-18 11:18:00        0.287495       0.166267
2023-04-18 11:33:00        0.273148       0.084020
2023-04-18 11:48:00        0.264104       0.045896
2023-04-18 12:03:00        0.268462       0.040320
2023-04-18 12:18:00        0.245495       0.071371
2023-04-18 12:33:00        0.234251       0.179797
2023-04-18 12:48:00        0.227987       0.317165
2023-04-18 13:03:00        0.305349       0.343305
2023-04-18 13:18:00        0.369819       0.385274
2023-04-18 13:33:00        0.390325       0.359396
2023-04-18 13:48:00        0.433466       0.223298
2023-04-18 14:03:00        0.450263       0.183366
2023-04-18 14:18:00        0.495567       0.237800
2023-04-18 14:33:00        0.569699       0.282330
2023-04-18 14:48:00        0.614883       0.340433
2023-04-18 15:03:00        0.655893       0.447096
2023-04-18 15:18:00        0.672893       0.568466
2023-04-18 15:33:00        0.762302       0.592534
2023-04-18 15:48:00        0.801972       0.658124
2023-04-18 16:03:00        0.898827       0.725664
2023-04-18 16:18:00        0.868399       0.816203
2023-04-18 16:33:00        0.888837       0.828245
2023-04-18 16:48:00        0.944466       0.950921
2023-04-18 17:03:00        0.974754       0.982041
2023-04-18 17:18:00        1.000000       1.000000","                     P123_h_average  Turbidity FNU
DateTime                                          
2023-04-18 17:18:00        1.000000       1.000000
2023-04-18 17:33:00        0.918698       0.939027
2023-04-18 17:48:00        0.959637       0.892996
2023-04-18 18:03:00        0.842675       0.803099
2023-04-18 18:18:00        0.681738       0.804474
...                             ...            ...
2023-04-19 08:48:00        0.013834       0.054051
2023-04-19 09:03:00        0.042239       0.073969
2023-04-19 09:18:00        0.048865       0.094614
2023-04-19 09:33:00        0.000000       0.106675
2023-04-19 09:48:00        0.038787       0.078230

[67 rows x 2 columns]",P123_h_average,Turbidity FNU,0.5,2023-04-18 14:18:53.822919424,2023-04-18 20:45:08.536452608,"{'t0': Timestamp('2023-04-18 14:18:00'), 't1': Timestamp('2023-04-18 14:33:00'), 'tau0': np.float64(0.4955666552977664), 'tau1': np.float64(0.5696988329817155), 'c0': np.float64(0.23779950433845654), 'c1': np.float64(0.2823299434359643), 'extrapolated': False}","{'t0': Timestamp('2023-04-18 20:33:00'), 't1': Timestamp('2023-04-18 20:48:00'), 'tau0': np.float64(0.525064261033764), 'tau1': np.float64(0.49410104039120517), 'c0': np.float64(0.5593183496405174), 'c1': np.float64(0.5264979030116644), 'extrapolated': False}",2023-04-18 17:18:00,down_event2,Turbidity FNU
down_event2,-0.7709224679110895,0.5,0.2240611690003104,0.9781018983273613,"                     P123_h_average  fDOM RFU
DateTime                                     
2023-04-18 11:03:00        0.218297  0.116547
2023-04-18 11:18:00        0.287495  0.048970
2023-04-18 11:33:00        0.273148  0.009723
2023-04-18 11:48:00        0.264104  0.045912
2023-04-18 12:03:00        0.268462  0.000000
2023-04-18 12:18:00        0.245495  0.042774
2023-04-18 12:33:00        0.234251  0.096648
2023-04-18 12:48:00        0.227987  0.134633
2023-04-18 13:03:00        0.305349  0.129495
2023-04-18 13:18:00        0.369819  0.139368
2023-04-18 13:33:00        0.390325  0.152216
2023-04-18 13:48:00        0.433466  0.158629
2023-04-18 14:03:00        0.450263  0.192961
2023-04-18 14:18:00        0.495567  0.222830
2023-04-18 14:33:00        0.569699  0.243418
2023-04-18 14:48:00        0.614883  0.265173
2023-04-18 15:03:00        0.655893  0.295917
2023-04-18 15:18:00        0.672893  0.307908
2023-04-18 15:33:00        0.762302  0.325104
2023-04-18 15:48:00        0.801972  0.352548
2023-04-18 16:03:00        0.898827  0.376594
2023-04-18 16:18:00        0.868399  0.399691
2023-04-18 16:33:00        0.888837  0.426705
2023-04-18 16:48:00        0.944466  0.443809
2023-04-18 17:03:00        0.974754  0.488590
2023-04-18 17:18:00        1.000000  0.541859","                     P123_h_average  fDOM RFU
DateTime                                     
2023-04-18 17:18:00        1.000000  0.541859
2023-04-18 17:33:00        0.918698  0.607720
2023-04-18 17:48:00        0.959637  0.675025
2023-04-18 18:03:00        0.842675  0.748949
2023-04-18 18:18:00        0.681738  0.801083
...                             ...       ...
2023-04-19 08:48:00        0.013834  0.362904
2023-04-19 09:03:00        0.042239  0.353095
2023-04-19 09:18:00        0.048865  0.334830
2023-04-19 09:33:00        0.000000  0.314291
2023-04-19 09:48:00        0.038787  0.303120

[67 rows x 2 columns]",P123_h_average,fDOM RFU,0.5,2023-04-18 14:18:53.822919424,2023-04-18 20:45:08.536452608,"{'t0': Timestamp('2023-04-18 14:18:00'), 't1': Timestamp('2023-04-18 14:33:00'), 'tau0': np.float64(0.4955666552977664), 'tau1': np.float64(0.5696988329817155), 'c0': np.float64(0.2228299543721179), 'c1': np.float64(0.24341771098643408), 'extrapolated': False}","{'t0': Timestamp('2023-04-18 20:33:00'), 't1': Timestamp('2023-04-18 20:48:00'), 'tau0': np.float64(0.525064261033764), 'tau1': np.float64(0.49410104039120517), 'c0': np.float64(0.9706723505711724), 'c1': np.float64(0.9798504678179257), 'extrapolated': False}",2023-04-18 17:18:00,down_event2,fDOM RFU
down_event3,0.07511559804316514,0.5,0.3233156599398198,0.29902961078671964,"                     P123_h_average  Turbidity FNU
DateTime                                          
2023-04-19 10:03:00        0.425371       0.314444
2023-04-19 10:18:00        0.505142       0.323927
2023-04-19 10:33:00        0.498952       0.366969
2023-04-19 10:48:00        0.489991       0.453013
2023-04-19 11:03:00        0.469980       0.649181
2023-04-19 11:18:00        0.452507       0.704724
2023-04-19 11:33:00        0.459387       0.818365
2023-04-19 11:48:00        0.499698       0.786335
2023-04-19 12:03:00        0.446507       0.684576
2023-04-19 12:18:00        0.428822       0.470007
2023-04-19 12:33:00        0.446077       0.472553
2023-04-19 12:48:00        0.482923       0.353308
2023-04-19 13:03:00        0.475225       0.347455
2023-04-19 13:18:00        0.498148       0.354166
2023-04-19 13:33:00        0.521635       0.457292
2023-04-19 13:48:00        0.460495       0.551162
2023-04-19 14:03:00        0.458498       0.673522
2023-04-19 14:18:00        0.482801       0.674977
2023-04-19 14:33:00        0.483089       0.752783
2023-04-19 14:48:00        0.584162       0.788949
2023-04-19 15:03:00        0.833616       0.758517
2023-04-19 15:18:00        1.000000       0.724044","                     P123_h_average  Turbidity FNU
DateTime                                          
2023-04-19 15:18:00        1.000000       0.724044
2023-04-19 15:33:00        0.794408       0.859013
2023-04-19 15:48:00        0.663028       0.868890
2023-04-19 16:03:00        0.582795       0.785981
2023-04-19 16:18:00        0.647140       0.734699
...                             ...            ...
2023-04-20 09:48:00        0.037012       0.240112
2023-04-20 10:03:00        0.049792       0.171620
2023-04-20 10:18:00        0.026348       0.121009
2023-04-20 10:33:00        0.041101       0.128064
2023-04-20 10:48:00        0.070092       0.250368

[79 rows x 2 columns]",P123_h_average,Turbidity FNU,0.5,2023-04-19 10:17:01.983002112,2023-04-19 22:56:31.326814976,"{'t0': Timestamp('2023-04-19 10:03:00'), 't1': Timestamp('2023-04-19 10:18:00'), 'tau0': np.float64(0.4253707331175902), 'tau1': np.float64(0.5051423437421281), 'c0': np.float64(0.3144436314266271), 'c1': np.float64(0.32392698874125764), 'extrapolated': False}","{'t0': Timestamp('2023-04-19 22:48:00'), 't1': Timestamp('2023-04-19 23:03:00'), 'tau0': np.float64(0.5539282931183822), 'tau1': np.float64(0.45900766235589985), 'c0': np.float64(0.30201269590706115), 'c1': np.float64(0.29676208801857523), 'extrapolated': False}",2023-04-19 15:18:00,down_event3,Turbidity FNU
down_event3,-0.4884228108993217,0.5,0.3638456930465532,0.7112234493609301,"                     P123_h_average  fDOM RFU
DateTime                                     
2023-04-19 10:03:00        0.425371  0.385690
2023-04-19 10:18:00        0.505142  0.362341
2023-04-19 10:33:00        0.498952  0.324828
2023-04-19 10:48:00        0.489991  0.333438
2023-04-19 11:03:00        0.469980  0.390965
2023-04-19 11:18:00        0.452507  0.363025
2023-04-19 11:33:00        0.459387  0.396212
2023-04-19 11:48:00        0.499698  0.400553
2023-04-19 12:03:00        0.446507  0.374232
2023-04-19 12:18:00        0.428822  0.288629
2023-04-19 12:33:00        0.446077  0.271025
2023-04-19 12:48:00        0.482923  0.225787
2023-04-19 13:03:00        0.475225  0.231154
2023-04-19 13:18:00        0.498148  0.237330
2023-04-19 13:33:00        0.521635  0.248401
2023-04-19 13:48:00        0.460495  0.283970
2023-04-19 14:03:00        0.458498  0.325354
2023-04-19 14:18:00        0.482801  0.352993
2023-04-19 14:33:00        0.483089  0.386548
2023-04-19 14:48:00        0.584162  0.416119
2023-04-19 15:03:00        0.833616  0.441432
2023-04-19 15:18:00        1.000000  0.448295","                     P123_h_average  fDOM RFU
DateTime                                     
2023-04-19 15:18:00        1.000000  0.448295
2023-04-19 15:33:00        0.794408  0.483269
2023-04-19 15:48:00        0.663028  0.512263
2023-04-19 16:03:00        0.582795  0.543657
2023-04-19 16:18:00        0.647140  0.582286
...                             ...       ...
2023-04-20 09:48:00        0.037012  0.197498
2023-04-20 10:03:00        0.049792  0.264009
2023-04-20 10:18:00        0.026348  0.222091
2023-04-20 10:33:00        0.041101  0.187576
2023-04-20 10:48:00        0.070092  0.000000

[79 rows x 2 columns]",P123_h_average,fDOM RFU,0.5,2023-04-19 10:17:01.983002112,2023-04-19 22:56:31.326814976,"{'t0': Timestamp('2023-04-19 10:03:00'), 't1': Timestamp('2023-04-19 10:18:00'), 'tau0': np.float64(0.4253707331175902), 'tau1': np.float64(0.5051423437421281), 'c0': np.float64(0.38568966046607495), 'c1': np.float64(0.36234053034319097), 'extrapolated': False}","{'t0': Timestamp('2023-04-19 22:48:00'), 't1': Timestamp('2023-04-19 23:03:00'), 'tau0': np.float64(0.5539282931183822), 'tau1': np.float64(0.45900766235589985), 'c0': np.float64(0.7376180127262645), 'c1': np.float64(0.6911602359520971), 'extrapolated': False}",2023-04-19 15:18:00,down_event3,fDOM RFU
down_event4,0.1551972243491283,0.5,0.31698768741835254,0.26779207817817513,"                     P123_h_average  Turbidity FNU
DateTime                                          
2023-04-21 12:03:00        0.633809       0.337962
2023-04-21 12:18:00        0.654485       0.367460
2023-04-21 12:33:00        0.623857       0.321578
2023-04-21 12:48:00        0.650483       0.267471
2023-04-21 13:03:00        0.637929       0.215092
2023-04-21 13:18:00        0.615302       0.177869
2023-04-21 13:33:00        0.658966       0.209302
2023-04-21 13:48:00        0.666208       0.249467
2023-04-21 14:03:00        0.674521       0.260777
2023-04-21 14:18:00        0.695857       0.269699
2023-04-21 14:33:00        0.651358       0.392418
2023-04-21 14:48:00        0.649844       0.388308
2023-04-21 15:03:00        0.672742       0.427319
2023-04-21 15:18:00        0.727099       0.685263
2023-04-21 15:33:00        0.818627       0.715390
2023-04-21 15:48:00        0.812444       0.641866
2023-04-21 16:03:00        0.846985       0.736558
2023-04-21 16:18:00        0.890288       0.684946
2023-04-21 16:33:00        0.923529       0.363820
2023-04-21 16:48:00        0.925196       0.400734
2023-04-21 17:03:00        0.950767       0.339292
2023-04-21 17:18:00        0.950768       0.231642
2023-04-21 17:33:00        1.000000       0.333308","                     P123_h_average  Turbidity FNU
DateTime                                          
2023-04-21 17:33:00        1.000000       0.333308
2023-04-21 17:48:00        0.971762       0.746980
2023-04-21 18:03:00        0.979876       0.726491
2023-04-21 18:18:00        0.987234       0.777398
2023-04-21 18:33:00        0.975654       0.982735
...                             ...            ...
2023-04-22 08:18:00        0.085055       0.080342
2023-04-22 08:33:00        0.076955       0.193022
2023-04-22 08:48:00        0.003451       0.275142
2023-04-22 09:03:00        0.000000       0.276655
2023-04-22 09:18:00        0.001479       0.345531

[64 rows x 2 columns]",P123_h_average,Turbidity FNU,0.5,2023-04-21 11:52:20.033603584,2023-04-22 00:47:40.217411072,"{'t0': Timestamp('2023-04-21 12:03:00'), 't1': Timestamp('2023-04-21 12:48:00'), 'tau0': np.float64(0.6338091286505959), 'tau1': np.float64(0.6504832006892326), 'c0': np.float64(0.33796249422827307), 'c1': np.float64(0.2674709392493024), 'extrapolated': True}","{'t0': Timestamp('2023-04-22 00:33:00'), 't1': Timestamp('2023-04-22 00:48:00'), 'tau0': np.float64(0.5466870750090613), 'tau1': np.float64(0.4989507237679325), 'c0': np.float64(0.17029838773033895), 'c1': np.float64(0.2699832159322606), 'extrapolated': False}",2023-04-21 17:33:00,down_event4,Turbidity FNU
down_event4,0.5379616447779385,0.5,0.6880422582119732,0.317901913307533,"                     P123_h_average  fDOM RFU
DateTime                                     
2023-04-21 12:03:00        0.633809  0.817683
2023-04-21 12:18:00        0.654485  1.000000
2023-04-21 12:33:00        0.623857  0.728746
2023-04-21 12:48:00        0.650483  0.000000
2023-04-21 13:03:00        0.637929  0.004652
2023-04-21 13:18:00        0.615302  0.049775
2023-04-21 13:33:00        0.658966  0.054764
2023-04-21 13:48:00        0.666208  0.070836
2023-04-21 14:03:00        0.674521  0.100247
2023-04-21 14:18:00        0.695857  0.118349
2023-04-21 14:33:00        0.651358  0.099502
2023-04-21 14:48:00        0.649844  0.126216
2023-04-21 15:03:00        0.672742  0.149989
2023-04-21 15:18:00        0.727099  0.165005
2023-04-21 15:33:00        0.818627  0.188966
2023-04-21 15:48:00        0.812444  0.216868
2023-04-21 16:03:00        0.846985  0.247325
2023-04-21 16:18:00        0.890288  0.276672
2023-04-21 16:33:00        0.923529  0.306041
2023-04-21 16:48:00        0.925196  0.333800
2023-04-21 17:03:00        0.950767  0.364644
2023-04-21 17:18:00        0.950768  0.394630
2023-04-21 17:33:00        1.000000  0.417447","                     P123_h_average  fDOM RFU
DateTime                                     
2023-04-21 17:33:00        1.000000  0.417447
2023-04-21 17:48:00        0.971762  0.444302
2023-04-21 18:03:00        0.979876  0.463126
2023-04-21 18:18:00        0.987234  0.474925
2023-04-21 18:33:00        0.975654  0.474158
...                             ...       ...
2023-04-22 08:18:00        0.085055  0.196194
2023-04-22 08:33:00        0.076955  0.187719
2023-04-22 08:48:00        0.003451  0.178246
2023-04-22 09:03:00        0.000000  0.169070
2023-04-22 09:18:00        0.001479  0.152010

[64 rows x 2 columns]",P123_h_average,fDOM RFU,0.5,2023-04-21 11:52:20.033603584,2023-04-22 00:47:40.217411072,"{'t0': Timestamp('2023-04-21 12:03:00'), 't1': Timestamp('2023-04-21 12:48:00'), 'tau0': np.float64(0.6338091286505959), 'tau1': np.float64(0.6504832006892326), 'c0': np.float64(0.8176830557714454), 'c1': np.float64(0.0), 'extrapolated': True}","{'t0': Timestamp('2023-04-22 00:33:00'), 't1': Timestamp('2023-04-22 00:48:00'), 'tau0': np.float64(0.5466870750090613), 'tau1': np.float64(0.4989507237679325), 'c0': np.float64(0.3111402829297023), 'c1': np.float64(0.3180538786658242), 'extrapolated': False}",2023-04-21 17:33:00,down_event4,fDOM RFU
down_event5,0.8267799184674994,0.5,0.9830498643047274,0.1702839776453785,"                     P123_h_average  Turbidity FNU
DateTime                                          
2023-04-22 14:03:00        0.114452       0.207734
2023-04-22 14:18:00        0.113300       0.181425
2023-04-22 14:33:00        0.087095       0.135806
2023-04-22 14:48:00        0.159475       0.168006
2023-04-22 15:03:00        0.212148       0.286349
2023-04-22 15:18:00        0.266308       0.517299
2023-04-22 15:33:00        0.326013       0.827811
2023-04-22 15:48:00        0.384319       0.820644
2023-04-22 16:03:00        0.448008       1.000000
2023-04-22 16:18:00        0.543473       0.968877
2023-04-22 16:33:00        0.672275       0.804514
2023-04-22 16:48:00        0.713491       0.556428
2023-04-22 17:03:00        0.755083       0.608562
2023-04-22 17:18:00        0.851077       0.424724
2023-04-22 17:33:00        0.951050       0.447722
2023-04-22 17:48:00        0.926783       0.423594
2023-04-22 18:03:00        0.983691       0.406512
2023-04-22 18:18:00        0.982787       0.442064
2023-04-22 18:33:00        0.990532       0.533966
2023-04-22 18:48:00        1.000000       0.467668","                     P123_h_average  Turbidity FNU
DateTime                                          
2023-04-22 18:48:00        1.000000       0.467668
2023-04-22 19:03:00        0.961505       0.414055
2023-04-22 19:18:00        0.971700       0.375230
2023-04-22 19:33:00        0.888609       0.226010
2023-04-22 19:48:00        0.912908       0.159026
...                             ...            ...
2023-04-23 09:18:00        0.093247       0.103304
2023-04-23 09:33:00        0.083846       0.146375
2023-04-23 09:48:00        0.083813       0.272095
2023-04-23 10:03:00        0.087397       0.262794
2023-04-23 10:18:00        0.092990       0.254668

[63 rows x 2 columns]",P123_h_average,Turbidity FNU,0.5,2023-04-22 16:11:10.156637440,2023-04-22 23:45:44.755782144,"{'t0': Timestamp('2023-04-22 16:03:00'), 't1': Timestamp('2023-04-22 16:18:00'), 'tau0': np.float64(0.4480083122187416), 'tau1': np.float64(0.5434727319939886), 'c0': np.float64(1.0), 'c1': np.float64(0.9688770467224109), 'extrapolated': False}","{'t0': Timestamp('2023-04-22 23:33:00'), 't1': Timestamp('2023-04-22 23:48:00'), 'tau0': np.float64(0.5099668421384881), 'tau1': np.float64(0.4982374010100265), 'c0': np.float64(0.18001772240996605), 'c1': np.float64(0.16856260105924017), 'extrapolated': False}",2023-04-22 18:48:00,down_event5,Turbidity FNU
down_event5,-0.43501028615694814,0.5,0.4365699069985714,0.7727041684157915,"                     P123_h_average  fDOM RFU
DateTime                                     
2023-04-22 14:03:00        0.114452  0.000000
2023-04-22 14:18:00        0.113300  0.004230
2023-04-22 14:33:00        0.087095  0.034042
2023-04-22 14:48:00        0.159475  0.071081
2023-04-22 15:03:00        0.212148  0.109199
2023-04-22 15:18:00        0.266308  0.217956
2023-04-22 15:33:00        0.326013  0.295888
2023-04-22 15:48:00        0.384319  0.338270
2023-04-22 16:03:00        0.448008  0.401267
2023-04-22 16:18:00        0.543473  0.466089
2023-04-22 16:33:00        0.672275  0.560310
2023-04-22 16:48:00        0.713491  0.624958
2023-04-22 17:03:00        0.755083  0.704373
2023-04-22 17:18:00        0.851077  0.765358
2023-04-22 17:33:00        0.951050  0.824843
2023-04-22 17:48:00        0.926783  0.873384
2023-04-22 18:03:00        0.983691  0.919264
2023-04-22 18:18:00        0.982787  0.949825
2023-04-22 18:33:00        0.990532  0.972945
2023-04-22 18:48:00        1.000000  0.984940","                     P123_h_average  fDOM RFU
DateTime                                     
2023-04-22 18:48:00        1.000000  0.984940
2023-04-22 19:03:00        0.961505  0.992925
2023-04-22 19:18:00        0.971700  0.991510
2023-04-22 19:33:00        0.888609  1.000000
2023-04-22 19:48:00        0.912908  0.989319
...                             ...       ...
2023-04-23 09:18:00        0.093247  0.263809
2023-04-23 09:33:00        0.083846  0.226056
2023-04-23 09:48:00        0.083813  0.163728
2023-04-23 10:03:00        0.087397  0.099482
2023-04-23 10:18:00        0.092990  0.075694

[63 rows x 2 columns]",P123_h_average,fDOM RFU,0.5,2023-04-22 16:11:10.156637440,2023-04-22 23:45:44.755782144,"{'t0': Timestamp('2023-04-22 16:03:00'), 't1': Timestamp('2023-04-22 16:18:00'), 'tau0': np.float64(0.4480083122187416), 'tau1': np.float64(0.5434727319939886), 'c0': np.float64(0.40126679420247874), 'c1': np.float64(0.4660885248280743), 'extrapolated': False}","{'t0': Timestamp('2023-04-22 23:33:00'), 't1': Timestamp('2023-04-22 23:48:00'), 'tau0': np.float64(0.5099668421384881), 'tau1': np.float64(0.4982374010100265), 'c0': np.float64(0.7830183526957516), 'c1': np.float64(0.770880143258564), 'extrapolated': False}",2023-04-22 18:48:00,down_event5,fDOM RFU
down_event6,0.9816375108063565,0.5,0.8135808637849097,0.014939369819405487,"                     P123_h_average  Turbidity FNU
DateTime                                          
2023-04-23 11:33:00        0.018819       0.245101
2023-04-23 11:48:00        0.047720       0.209030
2023-04-23 12:03:00        0.038204       0.336840
2023-04-23 12:18:00        0.012024       0.558887
2023-04-23 12:33:00        0.000000       0.581079
2023-04-23 12:48:00        0.033610       0.725409
2023-04-23 13:03:00        0.051488       0.842747
2023-04-23 13:18:00        0.056582       0.713002
2023-04-23 13:33:00        0.092735       0.843017
2023-04-23 13:48:00        0.089494       0.869911
2023-04-23 14:03:00        0.130221       0.986028
2023-04-23 14:18:00        0.145331       1.000000
2023-04-23 14:33:00        0.248871       0.988870
2023-04-23 14:48:00        0.295979       0.848272
2023-04-23 15:03:00        0.328948       0.914788
2023-04-23 15:18:00        0.448408       0.841536
2023-04-23 15:33:00        0.550213       0.786373
2023-04-23 15:48:00        0.633089       0.839467
2023-04-23 16:03:00        0.739673       0.877195
2023-04-23 16:18:00        0.810755       0.883529
2023-04-23 16:33:00        0.883090       0.867557
2023-04-23 16:48:00        0.947951       0.921624
2023-04-23 17:03:00        0.980984       0.946127
2023-04-23 17:18:00        0.992833       0.912322
2023-04-23 17:33:00        0.982375       0.956309
2023-04-23 17:48:00        0.976375       0.997249
2023-04-23 18:03:00        1.000000       0.842079","                     P123_h_average  Turbidity FNU
DateTime                                          
2023-04-23 18:03:00        1.000000       0.842079
2023-04-23 18:18:00        0.969421       0.764028
2023-04-23 18:33:00        0.988050       0.818471
2023-04-23 18:48:00        0.980736       0.868122
2023-04-23 19:03:00        0.975047       0.699032
...                             ...            ...
2023-04-24 09:48:00        0.185795       0.252959
2023-04-24 10:03:00        0.214435       0.108228
2023-04-24 10:18:00        0.186981       0.069809
2023-04-24 10:33:00        0.160824       0.118920
2023-04-24 10:48:00        0.164347       0.207252

[68 rows x 2 columns]",P123_h_average,Turbidity FNU,0.5,2023-04-23 15:25:36.093284096,2023-04-24 01:09:10.602287616,"{'t0': Timestamp('2023-04-23 15:18:00'), 't1': Timestamp('2023-04-23 15:33:00'), 'tau0': np.float64(0.4484083945474083), 'tau1': np.float64(0.5502131054226879), 'c0': np.float64(0.8415359653115848), 'c1': np.float64(0.7863727075936484), 'extrapolated': False}","{'t0': Timestamp('2023-04-24 01:03:00'), 't1': Timestamp('2023-04-24 01:18:00'), 'tau0': np.float64(0.5185404706107868), 'tau1': np.float64(0.47351532073448516), 'c0': np.float64(0.02539760282853708), 'c1': np.float64(0.0), 'extrapolated': False}",2023-04-23 18:03:00,down_event6,Turbidity FNU
down_event6,-0.2974129327801447,0.5,0.5375399019917623,0.7650865310100476,"                     P123_h_average  fDOM RFU
DateTime                                     
2023-04-23 11:33:00        0.018819  0.043876
2023-04-23 11:48:00        0.047720  0.022746
2023-04-23 12:03:00        0.038204  0.000000
2023-04-23 12:18:00        0.012024  0.361891
2023-04-23 12:33:00        0.000000  0.272445
2023-04-23 12:48:00        0.033610  0.248808
2023-04-23 13:03:00        0.051488  0.277452
2023-04-23 13:18:00        0.056582  0.298166
2023-04-23 13:33:00        0.092735  0.325959
2023-04-23 13:48:00        0.089494  0.345716
2023-04-23 14:03:00        0.130221  0.353135
2023-04-23 14:18:00        0.145331  0.378202
2023-04-23 14:33:00        0.248871  0.402992
2023-04-23 14:48:00        0.295979  0.414307
2023-04-23 15:03:00        0.328948  0.456023
2023-04-23 15:18:00        0.448408  0.512583
2023-04-23 15:33:00        0.550213  0.561830
2023-04-23 15:48:00        0.633089  0.616584
2023-04-23 16:03:00        0.739673  0.690749
2023-04-23 16:18:00        0.810755  0.737118
2023-04-23 16:33:00        0.883090  0.779303
2023-04-23 16:48:00        0.947951  0.816121
2023-04-23 17:03:00        0.980984  0.847828
2023-04-23 17:18:00        0.992833  0.876074
2023-04-23 17:33:00        0.982375  0.898202
2023-04-23 17:48:00        0.976375  0.923803
2023-04-23 18:03:00        1.000000  0.944906","                     P123_h_average  fDOM RFU
DateTime                                     
2023-04-23 18:03:00        1.000000  0.944906
2023-04-23 18:18:00        0.969421  0.964400
2023-04-23 18:33:00        0.988050  0.975945
2023-04-23 18:48:00        0.980736  0.989175
2023-04-23 19:03:00        0.975047  0.997394
...                             ...       ...
2023-04-24 09:48:00        0.185795  0.454882
2023-04-24 10:03:00        0.214435  0.434577
2023-04-24 10:18:00        0.186981  0.405059
2023-04-24 10:33:00        0.160824  0.363578
2023-04-24 10:48:00        0.164347  0.330887

[68 rows x 2 columns]",P123_h_average,fDOM RFU,0.5,2023-04-23 15:25:36.093284096,2023-04-24 01:09:10.602287616,"{'t0': Timestamp('2023-04-23 15:18:00'), 't1': Timestamp('2023-04-23 15:33:00'), 'tau0': np.float64(0.4484083945474083), 'tau1': np.float64(0.5502131054226879), 'c0': np.float64(0.5125829587951425), 'c1': np.float64(0.5618300090372375), 'extrapolated': False}","{'t0': Timestamp('2023-04-24 01:03:00'), 't1': Timestamp('2023-04-24 01:18:00'), 'tau0': np.float64(0.5185404706107868), 'tau1': np.float64(0.47351532073448516), 'c0': np.float64(0.7711155552666504), 'c1': np.float64(0.7564741944001336), 'extrapolated': False}",2023-04-23 18:03:00,down_event6,fDOM RFU
down_event7,0.41575819095340816,0.5,0.4890340827452042,0.2857141571884988,"                     P123_h_average  Turbidity FNU
DateTime                                          
2023-04-24 11:03:00        0.000000       0.000000
2023-04-24 11:18:00        0.005123       0.156933
2023-04-24 11:33:00        0.010246       0.134209
2023-04-24 11:48:00        0.015370       0.159784
2023-04-24 12:03:00        0.020493       0.137370
2023-04-24 12:18:00        0.032371       0.194216
2023-04-24 12:33:00        0.070973       0.081091
2023-04-24 12:48:00        0.096473       0.144806
2023-04-24 13:03:00        0.109196       0.129169
2023-04-24 13:18:00        0.237275       0.160078
2023-04-24 13:33:00        0.276219       0.192683
2023-04-24 13:48:00        0.351756       0.258982
2023-04-24 14:03:00        0.432595       0.360028
2023-04-24 14:18:00        0.494239       0.483700
2023-04-24 14:33:00        0.616539       0.596938
2023-04-24 14:48:00        0.696047       0.681415
2023-04-24 15:03:00        0.780834       0.847155
2023-04-24 15:18:00        0.831082       0.866187
2023-04-24 15:33:00        0.858791       0.929361
2023-04-24 15:48:00        0.890991       0.989218
2023-04-24 16:03:00        0.943471       1.000000
2023-04-24 16:18:00        0.979286       0.872891
2023-04-24 16:33:00        0.977269       0.866955
2023-04-24 16:48:00        0.930987       0.812094
2023-04-24 17:03:00        0.989683       0.782228
2023-04-24 17:18:00        0.992579       0.822049
2023-04-24 17:33:00        0.988797       0.831085
2023-04-24 17:48:00        0.992301       0.798422
2023-04-24 18:03:00        0.966920       0.780561
2023-04-24 18:18:00        0.970313       0.714102
2023-04-24 18:33:00        1.000000       0.642261","                     P123_h_average  Turbidity FNU
DateTime                                          
2023-04-24 18:33:00        1.000000       0.642261
2023-04-24 18:48:00        0.995580       0.592456
2023-04-24 19:03:00        0.991110       0.598171
2023-04-24 19:18:00        0.998081       0.661748
2023-04-24 19:33:00        0.976797       0.747960
...                             ...            ...
2023-04-25 09:48:00        0.475696       0.367708
2023-04-25 10:03:00        0.451692       0.396489
2023-04-25 10:18:00        0.456902       0.405768
2023-04-25 10:33:00        0.438662       0.381109
2023-04-25 10:48:00        0.430194       0.337157

[66 rows x 2 columns]",P123_h_average,Turbidity FNU,0.5,2023-04-24 14:18:42.393256704,2023-04-25 09:12:42.818289408,"{'t0': Timestamp('2023-04-24 14:18:00'), 't1': Timestamp('2023-04-24 14:33:00'), 'tau0': np.float64(0.49423923216753296), 'tau1': np.float64(0.6165391316968403), 'c0': np.float64(0.48370017357102085), 'c1': np.float64(0.5969379531142012), 'extrapolated': False}","{'t0': Timestamp('2023-04-25 09:03:00'), 't1': Timestamp('2023-04-25 09:18:00'), 'tau0': np.float64(0.5188336495578222), 'tau1': np.float64(0.48975034021117714), 'c0': np.float64(0.2838161426891538), 'c1': np.float64(0.28674709575026247), 'extrapolated': False}",2023-04-24 18:33:00,down_event7,Turbidity FNU
down_event7,-0.11281720024601083,0.5,0.3169570557154491,0.3572623993649781,"                     P123_h_average  fDOM RFU
DateTime                                     
2023-04-24 11:03:00        0.000000  0.119666
2023-04-24 11:18:00        0.005123  0.088351
2023-04-24 11:33:00        0.010246  0.000000
2023-04-24 11:48:00        0.015370  0.024601
2023-04-24 12:03:00        0.020493  0.050807
2023-04-24 12:18:00        0.032371  0.055456
2023-04-24 12:33:00        0.070973  0.094961
2023-04-24 12:48:00        0.096473  0.207412
2023-04-24 13:03:00        0.109196  0.208840
2023-04-24 13:18:00        0.237275  0.203582
2023-04-24 13:33:00        0.276219  0.221517
2023-04-24 13:48:00        0.351756  0.242080
2023-04-24 14:03:00        0.432595  0.283730
2023-04-24 14:18:00        0.494239  0.315105
2023-04-24 14:33:00        0.616539  0.354431
2023-04-24 14:48:00        0.696047  0.389497
2023-04-24 15:03:00        0.780834  0.404294
2023-04-24 15:18:00        0.831082  0.410416
2023-04-24 15:33:00        0.858791  0.451751
2023-04-24 15:48:00        0.890991  0.484724
2023-04-24 16:03:00        0.943471  0.522693
2023-04-24 16:18:00        0.979286  0.588304
2023-04-24 16:33:00        0.977269  0.645338
2023-04-24 16:48:00        0.930987  0.687525
2023-04-24 17:03:00        0.989683  0.736351
2023-04-24 17:18:00        0.992579  0.789405
2023-04-24 17:33:00        0.988797  0.816670
2023-04-24 17:48:00        0.992301  0.864023
2023-04-24 18:03:00        0.966920  0.901326
2023-04-24 18:18:00        0.970313  0.935517
2023-04-24 18:33:00        1.000000  0.963552","                     P123_h_average  fDOM RFU
DateTime                                     
2023-04-24 18:33:00        1.000000  0.963552
2023-04-24 18:48:00        0.995580  1.000000
2023-04-24 19:03:00        0.991110  0.999478
2023-04-24 19:18:00        0.998081  0.987115
2023-04-24 19:33:00        0.976797  0.991048
...                             ...       ...
2023-04-25 09:48:00        0.475696  0.322815
2023-04-25 10:03:00        0.451692  0.318512
2023-04-25 10:18:00        0.456902  0.309907
2023-04-25 10:33:00        0.438662  0.284518
2023-04-25 10:48:00        0.430194  0.263045

[66 rows x 2 columns]",P123_h_average,fDOM RFU,0.5,2023-04-24 14:18:42.393256704,2023-04-25 09:12:42.818289408,"{'t0': Timestamp('2023-04-24 14:18:00'), 't1': Timestamp('2023-04-24 14:33:00'), 'tau0': np.float64(0.49423923216753296), 'tau1': np.float64(0.6165391316968403), 'c0': np.float64(0.31510464665727883), 'c1': np.float64(0.3544309046985942), 'extrapolated': False}","{'t0': Timestamp('2023-04-25 09:03:00'), 't1': Timestamp('2023-04-25 09:18:00'), 'tau0': np.float64(0.5188336495578222), 'tau1': np.float64(0.48975034021117714), 'c0': np.float64(0.3674274633067019), 'c1': np.float64(0.3517303623168821), 'extrapolated': False}",2023-04-24 18:33:00,down_event7,fDOM RFU
down_event8,0.3953588898329379,0.5,0.2045055509074855,0.12365246333602868,"                     P123_h_average  Turbidity FNU
DateTime                                          
2023-04-27 12:03:00        0.000000       0.000000
2023-04-27 12:18:00        0.010526       0.070483
2023-04-27 12:33:00        0.021053       0.177120
2023-04-27 12:48:00        0.031579       0.211171
2023-04-27 13:03:00        0.042105       0.170951
...                             ...            ...
2023-04-28 10:48:00        0.957895       0.213041
2023-04-28 11:03:00        0.968421       0.188738
2023-04-28 11:18:00        0.978947       0.159041
2023-04-28 11:33:00        0.989474       0.208748
2023-04-28 11:48:00        1.000000       0.123652

[96 rows x 2 columns]","                     P123_h_average  Turbidity FNU
DateTime                                          
2023-04-28 11:48:00             1.0       0.123652",P123_h_average,Turbidity FNU,0.5,2023-04-27 23:55:30.000000000,2023-04-28 11:48:00.000000000,"{'t0': Timestamp('2023-04-27 23:48:00'), 't1': Timestamp('2023-04-28 00:03:00'), 'tau0': np.float64(0.49473684210526336), 'tau1': np.float64(0.5052631578947366), 'c0': np.float64(0.22805318338544917), 'c1': np.float64(0.18095791842952189), 'extrapolated': False}",,2023-04-28 11:48:00,down_event8,Turbidity FNU
down_event8,0.7887434687074089,0.5,0.7578713707715046,0.16010527695514928,"                     P123_h_average  fDOM RFU
DateTime                                     
2023-04-27 12:03:00        0.000000  0.034467
2023-04-27 12:18:00        0.010526  0.021152
2023-04-27 12:33:00        0.021053  0.000000
2023-04-27 12:48:00        0.031579  0.042547
2023-04-27 13:03:00        0.042105  0.032732
...                             ...       ...
2023-04-28 10:48:00        0.957895  0.151230
2023-04-28 11:03:00        0.968421  0.208249
2023-04-28 11:18:00        0.978947  0.228636
2023-04-28 11:33:00        0.989474  0.220090
2023-04-28 11:48:00        1.000000  0.160105

[96 rows x 2 columns]","                     P123_h_average  fDOM RFU
DateTime                                     
2023-04-28 11:48:00             1.0  0.160105",P123_h_average,fDOM RFU,0.5,2023-04-27 23:55:30.000000000,2023-04-28 11:48:00.000000000,"{'t0': Timestamp('2023-04-27 23:48:00'), 't1': Timestamp('2023-04-28 00:03:00'), 'tau0': np.float64(0.49473684210526336), 'tau1': np.float64(0.5052631578947366), 'c0': np.float64(0.7667251501200726), 'c1': np.float64(0.7490175914229367), 'extrapolated': False}",,2023-04-28 11:48:00,down_event8,fDOM RFU
down_event9,-0.19800341653297626,0.5,0.30762707809442835,0.3835765443844653,"                     P123_h_average  Turbidity FNU
DateTime                                          
2023-04-29 12:03:00        0.000000       0.012291
2023-04-29 12:18:00        0.010526       0.000000
2023-04-29 12:33:00        0.021053       0.063531
2023-04-29 12:48:00        0.031579       0.028465
2023-04-29 13:03:00        0.042105       0.042290
...                             ...            ...
2023-04-30 10:48:00        0.957895       0.225914
2023-04-30 11:03:00        0.968421       0.286930
2023-04-30 11:18:00        0.978947       0.403110
2023-04-30 11:33:00        0.989474       0.436244
2023-04-30 11:48:00        1.000000       0.383577

[96 rows x 2 columns]","                     P123_h_average  Turbidity FNU
DateTime                                          
2023-04-30 11:48:00             1.0       0.383577",P123_h_average,Turbidity FNU,0.5,2023-04-29 23:55:30.000000000,2023-04-30 11:48:00.000000000,"{'t0': Timestamp('2023-04-29 23:48:00'), 't1': Timestamp('2023-04-30 00:03:00'), 'tau0': np.float64(0.49473684210526336), 'tau1': np.float64(0.5052631578947366), 'c0': np.float64(0.3221298131834665), 'c1': np.float64(0.2931243430053902), 'extrapolated': False}",,2023-04-30 11:48:00,down_event9,Turbidity FNU
down_event9,0.7075353253551855,0.5,0.8844755576075664,0.25867785618698785,"                     P123_h_average  fDOM RFU
DateTime                                     
2023-04-29 12:03:00        0.000000  0.010985
2023-04-29 12:18:00        0.010526  0.000000
2023-04-29 12:33:00        0.021053  0.043849
2023-04-29 12:48:00        0.031579  0.036990
2023-04-29 13:03:00        0.042105  0.056190
...                             ...       ...
2023-04-30 10:48:00        0.957895  0.162600
2023-04-30 11:03:00        0.968421  0.223718
2023-04-30 11:18:00        0.978947  0.243372
2023-04-30 11:33:00        0.989474  0.242843
2023-04-30 11:48:00        1.000000  0.258678

[96 rows x 2 columns]","                     P123_h_average  fDOM RFU
DateTime                                     
2023-04-30 11:48:00             1.0  0.258678",P123_h_average,fDOM RFU,0.5,2023-04-29 23:55:30.000000000,2023-04-30 11:48:00.000000000,"{'t0': Timestamp('2023-04-29 23:48:00'), 't1': Timestamp('2023-04-30 00:03:00'), 'tau0': np.float64(0.49473684210526336), 'tau1': np.float64(0.5052631578947366), 'c0': np.float64(0.8937527651128627), 'c1': np.float64(0.87519835010227), 'extrapolated': False}",,2023-04-30 11:48:00,down_event9,fDOM RFU
down_event10,0.7662553805013468,0.5,0.21670130856060182,0.05065276491435812,"                     P123_h_average  Turbidity FNU
DateTime                                          
2023-04-30 12:03:00        0.000000       0.075137
2023-04-30 12:18:00        0.010989       0.050376
2023-04-30 12:33:00        0.021978       0.000000
2023-04-30 12:48:00        0.032967       0.010412
2023-04-30 13:03:00        0.043956       0.023774
...                             ...            ...
2023-05-01 09:48:00        0.956044       0.096254
2023-05-01 10:03:00        0.967033       0.098416
2023-05-01 10:18:00        0.978022       0.061812
2023-05-01 10:33:00        0.989011       0.057874
2023-05-01 10:48:00        1.000000       0.050653

[92 rows x 2 columns]","                     P123_h_average  Turbidity FNU
DateTime                                          
2023-05-01 10:48:00             1.0       0.050653",P123_h_average,Turbidity FNU,0.5,2023-04-30 23:25:30.000000000,2023-05-01 10:48:00.000000000,"{'t0': Timestamp('2023-04-30 23:18:00'), 't1': Timestamp('2023-04-30 23:33:00'), 'tau0': np.float64(0.4945054945054929), 'tau1': np.float64(0.5054945054945035), 'c0': np.float64(0.21991099171330378), 'c1': np.float64(0.21349162540789984), 'extrapolated': False}",,2023-05-01 10:48:00,down_event10,Turbidity FNU
down_event10,0.8637520002866848,0.5,0.8976244557237063,0.1222995365861083,"                     P123_h_average  fDOM RFU
DateTime                                     
2023-04-30 12:03:00        0.000000  0.063678
2023-04-30 12:18:00        0.010989  0.011738
2023-04-30 12:33:00        0.021978  0.000000
2023-04-30 12:48:00        0.032967  0.006324
2023-04-30 13:03:00        0.043956  0.011077
...                             ...       ...
2023-05-01 09:48:00        0.956044  0.168027
2023-05-01 10:03:00        0.967033  0.158071
2023-05-01 10:18:00        0.978022  0.142551
2023-05-01 10:33:00        0.989011  0.129559
2023-05-01 10:48:00        1.000000  0.122300

[92 rows x 2 columns]","                     P123_h_average  fDOM RFU
DateTime                                     
2023-05-01 10:48:00             1.0    0.1223",P123_h_average,fDOM RFU,0.5,2023-04-30 23:25:30.000000000,2023-05-01 10:48:00.000000000,"{'t0': Timestamp('2023-04-30 23:18:00'), 't1': Timestamp('2023-04-30 23:33:00'), 'tau0': np.float64(0.4945054945054929), 'tau1': np.float64(0.5054945054945035), 'c0': np.float64(0.9070873624123333), 'c1': np.float64(0.8881615490350794), 'extrapolated': False}",,2023-05-01 10:48:00,down_event10,fDOM RFU
down_event11,0.7433758286348215,0.5,0.6144507522112989,0.15768291513093516,"                     P123_h_average  Turbidity FNU
DateTime                                          
2023-05-01 11:03:00        0.182864       0.057172
2023-05-01 11:18:00        0.187628       0.007375
2023-05-01 11:33:00        0.192392       0.000000
2023-05-01 11:48:00        0.197155       0.029837
2023-05-01 12:03:00        0.201919       0.058649
2023-05-01 12:18:00        0.213555       0.089703
2023-05-01 12:33:00        0.258143       0.148328
2023-05-01 12:48:00        0.310837       0.221391
2023-05-01 13:03:00        0.292742       0.240530
2023-05-01 13:18:00        0.234324       0.255556
2023-05-01 13:33:00        0.271443       0.287188
2023-05-01 13:48:00        0.319032       0.312981
2023-05-01 14:03:00        0.345286       0.322957
2023-05-01 14:18:00        0.345218       0.316397
2023-05-01 14:33:00        0.293521       0.335051
2023-05-01 14:48:00        0.256110       0.371274
2023-05-01 15:03:00        0.281264       0.383913
2023-05-01 15:18:00        0.356316       0.453658
2023-05-01 15:33:00        0.475666       0.515663
2023-05-01 15:48:00        0.403639       0.591583
2023-05-01 16:03:00        0.614473       0.641617
2023-05-01 16:18:00        0.582880       0.720360
2023-05-01 16:33:00        0.532115       0.764041
2023-05-01 16:48:00        0.953743       0.845331
2023-05-01 17:03:00        0.868324       0.904946
2023-05-01 17:18:00        1.000000       0.974132","                     P123_h_average  Turbidity FNU
DateTime                                          
2023-05-01 17:18:00        1.000000       0.974132
2023-05-01 17:33:00        0.863312       0.993258
2023-05-01 17:48:00        0.808128       0.998379
2023-05-01 18:03:00        0.747344       1.000000
2023-05-01 18:18:00        0.803658       0.974411
...                             ...            ...
2023-05-02 11:48:00        0.017660       0.038548
2023-05-02 12:03:00        0.008392       0.027461
2023-05-02 12:18:00        0.007899       0.023825
2023-05-02 12:33:00        0.000000       0.021881
2023-05-02 12:48:00        0.013987       0.042991

[79 rows x 2 columns]",P123_h_average,Turbidity FNU,0.5,2023-05-01 15:54:51.342005760,2023-05-02 04:05:59.922563840,"{'t0': Timestamp('2023-05-01 15:48:00'), 't1': Timestamp('2023-05-01 16:03:00'), 'tau0': np.float64(0.40363920319662694), 'tau1': np.float64(0.6144728062066085), 'c0': np.float64(0.5915830007845442), 'c1': np.float64(0.641616734261517), 'extrapolated': False}","{'t0': Timestamp('2023-05-02 04:03:00'), 't1': Timestamp('2023-05-02 04:18:00'), 'tau0': np.float64(0.5161917908410095), 'tau1': np.float64(0.4351979930083284), 'c0': np.float64(0.16153074084482447), 'c1': np.float64(0.14228333202299404), 'extrapolated': False}",2023-05-01 17:18:00,down_event11,Turbidity FNU
down_event11,0.0319847985639794,0.5,0.47891423831816005,0.4635962628761321,"                     P123_h_average  fDOM RFU
DateTime                                     
2023-05-01 11:03:00        0.182864  0.024517
2023-05-01 11:18:00        0.187628  0.003928
2023-05-01 11:33:00        0.192392  0.000000
2023-05-01 11:48:00        0.197155  0.024456
2023-05-01 12:03:00        0.201919  0.022721
2023-05-01 12:18:00        0.213555  0.024222
2023-05-01 12:33:00        0.258143  0.033330
2023-05-01 12:48:00        0.310837  0.038853
2023-05-01 13:03:00        0.292742  0.019783
2023-05-01 13:18:00        0.234324  0.038234
2023-05-01 13:33:00        0.271443  0.063582
2023-05-01 13:48:00        0.319032  0.081448
2023-05-01 14:03:00        0.345286  0.118637
2023-05-01 14:18:00        0.345218  0.157885
2023-05-01 14:33:00        0.293521  0.199213
2023-05-01 14:48:00        0.256110  0.247916
2023-05-01 15:03:00        0.281264  0.316427
2023-05-01 15:18:00        0.356316  0.374099
2023-05-01 15:33:00        0.475666  0.420502
2023-05-01 15:48:00        0.403639  0.459330
2023-05-01 16:03:00        0.614473  0.502179
2023-05-01 16:18:00        0.582880  0.541344
2023-05-01 16:33:00        0.532115  0.570934
2023-05-01 16:48:00        0.953743  0.615782
2023-05-01 17:03:00        0.868324  0.671464
2023-05-01 17:18:00        1.000000  0.715261","                     P123_h_average  fDOM RFU
DateTime                                     
2023-05-01 17:18:00        1.000000  0.715261
2023-05-01 17:33:00        0.863312  0.751852
2023-05-01 17:48:00        0.808128  0.792999
2023-05-01 18:03:00        0.747344  0.836816
2023-05-01 18:18:00        0.803658  0.863485
...                             ...       ...
2023-05-02 11:48:00        0.017660  0.014604
2023-05-02 12:03:00        0.008392  0.007195
2023-05-02 12:18:00        0.007899  0.008717
2023-05-02 12:33:00        0.000000  0.008469
2023-05-02 12:48:00        0.013987  0.008235

[79 rows x 2 columns]",P123_h_average,fDOM RFU,0.5,2023-05-01 15:54:51.342005760,2023-05-02 04:05:59.922563840,"{'t0': Timestamp('2023-05-01 15:48:00'), 't1': Timestamp('2023-05-01 16:03:00'), 'tau0': np.float64(0.40363920319662694), 'tau1': np.float64(0.6144728062066085), 'c0': np.float64(0.4593303832077429), 'c1': np.float64(0.5021790817422153), 'extrapolated': False}","{'t0': Timestamp('2023-05-02 04:03:00'), 't1': Timestamp('2023-05-02 04:18:00'), 'tau0': np.float64(0.5161917908410095), 'tau1': np.float64(0.4351979930083284), 'c0': np.float64(0.46711727444427265), 'c1': np.float64(0.44950463963241827), 'extrapolated': False}",2023-05-01 17:18:00,down_event11,fDOM RFU
down_event12,0.3342884116934932,0.5,0.4101262497571577,0.27302579713202857,"                     P123_h_average  Turbidity FNU
DateTime                                          
2023-05-02 13:03:00        0.442360       0.273282
2023-05-02 13:18:00        0.362671       0.362950
2023-05-02 13:33:00        0.497527       0.408973
2023-05-02 13:48:00        0.585743       0.450116
2023-05-02 14:03:00        0.594009       0.423734
2023-05-02 14:18:00        0.422588       0.493262
2023-05-02 14:33:00        0.617063       0.498509
2023-05-02 14:48:00        0.664530       0.602340
2023-05-02 15:03:00        0.708202       0.597535
2023-05-02 15:18:00        0.553029       0.703141
2023-05-02 15:33:00        0.609340       0.653459
2023-05-02 15:48:00        0.766973       0.660677
2023-05-02 16:03:00        0.676024       0.568964
2023-05-02 16:18:00        0.651778       0.618497
2023-05-02 16:33:00        0.620134       0.541023
2023-05-02 16:48:00        0.587807       0.656692
2023-05-02 17:03:00        0.531167       0.664729
2023-05-02 17:18:00        0.439472       0.678657
2023-05-02 17:33:00        0.476506       0.682097
2023-05-02 17:48:00        0.313147       0.772248
2023-05-02 18:03:00        0.486426       0.795332
2023-05-02 18:18:00        0.402013       0.886201
2023-05-02 18:33:00        0.530979       0.851618
2023-05-02 18:48:00        0.411127       0.945048
2023-05-02 19:03:00        0.462903       0.958901
2023-05-02 19:18:00        0.468747       1.000000
2023-05-02 19:33:00        0.364332       0.857995
2023-05-02 19:48:00        0.329898       0.883743
2023-05-02 20:03:00        0.552896       0.739046
2023-05-02 20:18:00        0.696641       0.634775
2023-05-02 20:33:00        0.756659       0.502857
2023-05-02 20:48:00        0.677199       0.566127
2023-05-02 21:03:00        0.787041       0.521929
2023-05-02 21:18:00        0.816466       0.545335
2023-05-02 21:33:00        0.772580       0.560032
2023-05-02 21:48:00        0.831243       0.499229
2023-05-02 22:03:00        1.000000       0.576362","                     P123_h_average  Turbidity FNU
DateTime                                          
2023-05-02 22:03:00        1.000000       0.576362
2023-05-02 22:18:00        0.816827       0.666926
2023-05-02 22:33:00        0.738558       0.676208
2023-05-02 22:48:00        0.644053       0.625486
2023-05-02 23:03:00        0.735614       0.620238
2023-05-02 23:18:00        0.731579       0.555379
2023-05-02 23:33:00        0.884209       0.448117
2023-05-02 23:48:00        0.658031       0.439730
2023-05-03 00:03:00        0.528277       0.464221
2023-05-03 00:18:00        0.728082       0.485406
2023-05-03 00:33:00        0.613933       0.417392
2023-05-03 00:48:00        0.587375       0.492686
2023-05-03 01:03:00        0.515549       0.665703
2023-05-03 01:18:00        0.622821       0.555590
2023-05-03 01:33:00        0.583804       0.474022
2023-05-03 01:48:00        0.592388       0.466663
2023-05-03 02:03:00        0.601738       0.364169
2023-05-03 02:18:00        0.733342       0.140631
2023-05-03 02:33:00        0.571797       0.261088
2023-05-03 02:48:00        0.476752       0.276891
2023-05-03 03:03:00        0.453696       0.216424
2023-05-03 03:18:00        0.449537       0.290901
2023-05-03 03:33:00        0.470586       0.264769
2023-05-03 03:48:00        0.469641       0.171322
2023-05-03 04:03:00        0.380715       0.173150
2023-05-03 04:18:00        0.346187       0.176063
2023-05-03 04:33:00        0.489343       0.112997
2023-05-03 04:48:00        0.470655       0.110432
2023-05-03 05:03:00        0.443285       0.090894
2023-05-03 05:18:00        0.448877       0.175325
2023-05-03 05:33:00        0.527470       0.243874
2023-05-03 05:48:00        0.412941       0.316337
2023-05-03 06:03:00        0.431378       0.346091
2023-05-03 06:18:00        0.440516       0.359791
2023-05-03 06:33:00        0.339214       0.229405
2023-05-03 06:48:00        0.148476       0.150403
2023-05-03 07:03:00        0.052351       0.176482
2023-05-03 07:18:00        0.245741       0.260693
2023-05-03 07:33:00        0.125751       0.284530
2023-05-03 07:48:00        0.175245       0.426085
2023-05-03 08:03:00        0.188531       0.528589
2023-05-03 08:18:00        0.114788       0.402433
2023-05-03 08:33:00        0.214920       0.285812
2023-05-03 08:48:00        0.085709       0.409847
2023-05-03 09:03:00        0.000000       0.332252
2023-05-03 09:18:00        0.088295       0.404578
2023-05-03 09:33:00        0.176591       0.462469
2023-05-03 09:48:00        0.230096       0.600197
2023-05-03 10:03:00        0.144439       0.516175
2023-05-03 10:18:00        0.094943       0.488623
2023-05-03 10:33:00        0.173862       0.341610
2023-05-03 10:48:00        0.171635       0.312157
2023-05-03 11:03:00        0.142863       0.126364
2023-05-03 11:18:00        0.241382       0.000000",P123_h_average,Turbidity FNU,0.5,2023-05-02 13:33:25.232454656,2023-05-03 02:44:19.858276096,"{'t0': Timestamp('2023-05-02 13:33:00'), 't1': Timestamp('2023-05-02 13:48:00'), 'tau0': np.float64(0.49752677164538994), 'tau1': np.float64(0.5857427441374075), 'c0': np.float64(0.4089727574159852), 'c1': np.float64(0.4501159248647533), 'extrapolated': False}","{'t0': Timestamp('2023-05-03 02:33:00'), 't1': Timestamp('2023-05-03 02:48:00'), 'tau0': np.float64(0.5717972971936293), 'tau1': np.float64(0.47675165348945187), 'c0': np.float64(0.2610883314966053), 'c1': np.float64(0.2768912119639512), 'extrapolated': False}",2023-05-02 22:03:00,down_event12,Turbidity FNU
down_event12,-0.740913596344281,0.5,0.11992780181648026,0.462887284412823,"                     P123_h_average  fDOM RFU
DateTime                                     
2023-05-02 13:03:00        0.442360  0.122250
2023-05-02 13:18:00        0.362671  0.124198
2023-05-02 13:33:00        0.497527  0.120009
2023-05-02 13:48:00        0.585743  0.117114
2023-05-02 14:03:00        0.594009  0.118626
2023-05-02 14:18:00        0.422588  0.119693
2023-05-02 14:33:00        0.617063  0.124569
2023-05-02 14:48:00        0.664530  0.131113
2023-05-02 15:03:00        0.708202  0.137754
2023-05-02 15:18:00        0.553029  0.145200
2023-05-02 15:33:00        0.609340  0.167554
2023-05-02 15:48:00        0.766973  0.200186
2023-05-02 16:03:00        0.676024  0.242445
2023-05-02 16:18:00        0.651778  0.305593
2023-05-02 16:33:00        0.620134  0.373719
2023-05-02 16:48:00        0.587807  0.442908
2023-05-02 17:03:00        0.531167  0.508486
2023-05-02 17:18:00        0.439472  0.567815
2023-05-02 17:33:00        0.476506  0.621265
2023-05-02 17:48:00        0.313147  0.663031
2023-05-02 18:03:00        0.486426  0.700212
2023-05-02 18:18:00        0.402013  0.748686
2023-05-02 18:33:00        0.530979  0.784482
2023-05-02 18:48:00        0.411127  0.825347
2023-05-02 19:03:00        0.462903  0.873033
2023-05-02 19:18:00        0.468747  0.918753
2023-05-02 19:33:00        0.364332  0.948752
2023-05-02 19:48:00        0.329898  0.981701
2023-05-02 20:03:00        0.552896  0.995954
2023-05-02 20:18:00        0.696641  1.000000
2023-05-02 20:33:00        0.756659  0.991580
2023-05-02 20:48:00        0.677199  0.976837
2023-05-02 21:03:00        0.787041  0.962709
2023-05-02 21:18:00        0.816466  0.945904
2023-05-02 21:33:00        0.772580  0.923463
2023-05-02 21:48:00        0.831243  0.905663
2023-05-02 22:03:00        1.000000  0.872437","                     P123_h_average  fDOM RFU
DateTime                                     
2023-05-02 22:03:00        1.000000  0.872437
2023-05-02 22:18:00        0.816827  0.844763
2023-05-02 22:33:00        0.738558  0.820609
2023-05-02 22:48:00        0.644053  0.804898
2023-05-02 23:03:00        0.735614  0.782758
2023-05-02 23:18:00        0.731579  0.771517
2023-05-02 23:33:00        0.884209  0.755071
2023-05-02 23:48:00        0.658031  0.724573
2023-05-03 00:03:00        0.528277  0.702574
2023-05-03 00:18:00        0.728082  0.681628
2023-05-03 00:33:00        0.613933  0.659067
2023-05-03 00:48:00        0.587375  0.632330
2023-05-03 01:03:00        0.515549  0.616481
2023-05-03 01:18:00        0.622821  0.577554
2023-05-03 01:33:00        0.583804  0.552423
2023-05-03 01:48:00        0.592388  0.531033
2023-05-03 02:03:00        0.601738  0.513689
2023-05-03 02:18:00        0.733342  0.491913
2023-05-03 02:33:00        0.571797  0.484539
2023-05-03 02:48:00        0.476752  0.455876
2023-05-03 03:03:00        0.453696  0.430391
2023-05-03 03:18:00        0.449537  0.409239
2023-05-03 03:33:00        0.470586  0.385955
2023-05-03 03:48:00        0.469641  0.365781
2023-05-03 04:03:00        0.380715  0.346449
2023-05-03 04:18:00        0.346187  0.327207
2023-05-03 04:33:00        0.489343  0.302763
2023-05-03 04:48:00        0.470655  0.285070
2023-05-03 05:03:00        0.443285  0.259698
2023-05-03 05:18:00        0.448877  0.246938
2023-05-03 05:33:00        0.527470  0.229680
2023-05-03 05:48:00        0.412941  0.218668
2023-05-03 06:03:00        0.431378  0.203152
2023-05-03 06:18:00        0.440516  0.202971
2023-05-03 06:33:00        0.339214  0.194686
2023-05-03 06:48:00        0.148476  0.188117
2023-05-03 07:03:00        0.052351  0.172726
2023-05-03 07:18:00        0.245741  0.164630
2023-05-03 07:33:00        0.125751  0.151347
2023-05-03 07:48:00        0.175245  0.140604
2023-05-03 08:03:00        0.188531  0.130703
2023-05-03 08:18:00        0.114788  0.120297
2023-05-03 08:33:00        0.214920  0.108913
2023-05-03 08:48:00        0.085709  0.096521
2023-05-03 09:03:00        0.000000  0.079477
2023-05-03 09:18:00        0.088295  0.062201
2023-05-03 09:33:00        0.176591  0.049958
2023-05-03 09:48:00        0.230096  0.038331
2023-05-03 10:03:00        0.144439  0.023676
2023-05-03 10:18:00        0.094943  0.015104
2023-05-03 10:33:00        0.173862  0.002701
2023-05-03 10:48:00        0.171635  0.001858
2023-05-03 11:03:00        0.142863  0.000000
2023-05-03 11:18:00        0.241382  0.000888",P123_h_average,fDOM RFU,0.5,2023-05-02 13:33:25.232454656,2023-05-03 02:44:19.858276096,"{'t0': Timestamp('2023-05-02 13:33:00'), 't1': Timestamp('2023-05-02 13:48:00'), 'tau0': np.float64(0.49752677164538994), 'tau1': np.float64(0.5857427441374075), 'c0': np.float64(0.12000895475982942), 'c1': np.float64(0.1171143632502049), 'extrapolated': False}","{'t0': Timestamp('2023-05-03 02:33:00'), 't1': Timestamp('2023-05-03 02:48:00'), 'tau0': np.float64(0.5717972971936293), 'tau1': np.float64(0.47675165348945187), 'c0': np.float64(0.48453875355989917), 'c1': np.float64(0.4558764236045057), 'extrapolated': False}",2023-05-02 22:03:00,down_event12,fDOM RFU
down_event13,-0.6870871876624041,0.5,0.2543242160196724,0.8127638306650311,"                     P123_h_average  Turbidity FNU
DateTime                                          
2023-05-03 11:33:00        0.219031       0.038337
2023-05-03 11:48:00        0.282527       0.000000
2023-05-03 12:03:00        0.263607       0.000998
2023-05-03 12:18:00        0.105303       0.020488
2023-05-03 12:33:00        0.231042       0.067090
2023-05-03 12:48:00        0.389533       0.127462
2023-05-03 13:03:00        0.263336       0.167187
2023-05-03 13:18:00        0.332997       0.208162
2023-05-03 13:33:00        0.364620       0.221916
2023-05-03 13:48:00        0.445969       0.218576
2023-05-03 14:03:00        0.262623       0.202854
2023-05-03 14:18:00        0.516546       0.257912
2023-05-03 14:33:00        0.543424       0.278248
2023-05-03 14:48:00        0.651852       0.330556
2023-05-03 15:03:00        0.479636       0.387526
2023-05-03 15:18:00        0.482669       0.455880
2023-05-03 15:33:00        0.632025       0.506756
2023-05-03 15:48:00        0.720901       0.617289
2023-05-03 16:03:00        0.910389       0.649708
2023-05-03 16:18:00        0.817310       0.719900
2023-05-03 16:33:00        1.000000       0.769350","                     P123_h_average  Turbidity FNU
DateTime                                          
2023-05-03 16:33:00        1.000000       0.769350
2023-05-03 16:48:00        0.903018       0.806937
2023-05-03 17:03:00        0.899573       0.796174
2023-05-03 17:18:00        0.725194       0.893073
2023-05-03 17:33:00        0.953749       0.977234
...                             ...            ...
2023-05-04 08:48:00        0.151109       0.128518
2023-05-04 09:03:00        0.095257       0.119174
2023-05-04 09:18:00        0.086207       0.102693
2023-05-04 09:33:00        0.169307       0.069534
2023-05-04 09:48:00        0.000000       0.052218

[70 rows x 2 columns]",P123_h_average,Turbidity FNU,0.5,2023-05-03 14:17:01.354749184,2023-05-03 18:55:22.431038464,"{'t0': Timestamp('2023-05-03 14:03:00'), 't1': Timestamp('2023-05-03 14:18:00'), 'tau0': np.float64(0.2626233119277413), 'tau1': np.float64(0.5165459521329715), 'c0': np.float64(0.2028541689595774), 'c1': np.float64(0.25791185110734277), 'extrapolated': False}","{'t0': Timestamp('2023-05-03 18:48:00'), 't1': Timestamp('2023-05-03 19:03:00'), 'tau0': np.float64(0.5091912638296326), 'tau1': np.float64(0.4904942540617361), 'c0': np.float64(0.8305426840607819), 'c1': np.float64(0.7943766679699428), 'extrapolated': False}",2023-05-03 16:33:00,down_event13,Turbidity FNU
down_event13,-0.912654701705441,0.5,0.08440795164481117,0.9663708670403524,"                     P123_h_average  fDOM RFU
DateTime                                     
2023-05-03 11:33:00        0.219031  0.007749
2023-05-03 11:48:00        0.282527  0.035619
2023-05-03 12:03:00        0.263607  0.023709
2023-05-03 12:18:00        0.105303  0.010328
2023-05-03 12:33:00        0.231042  0.000000
2023-05-03 12:48:00        0.389533  0.024091
2023-05-03 13:03:00        0.263336  0.001974
2023-05-03 13:18:00        0.332997  0.018707
2023-05-03 13:33:00        0.364620  0.038417
2023-05-03 13:48:00        0.445969  0.055162
2023-05-03 14:03:00        0.262623  0.069421
2023-05-03 14:18:00        0.516546  0.085453
2023-05-03 14:33:00        0.543424  0.097191
2023-05-03 14:48:00        0.651852  0.127524
2023-05-03 15:03:00        0.479636  0.169138
2023-05-03 15:18:00        0.482669  0.216740
2023-05-03 15:33:00        0.632025  0.277064
2023-05-03 15:48:00        0.720901  0.335817
2023-05-03 16:03:00        0.910389  0.398258
2023-05-03 16:18:00        0.817310  0.467632
2023-05-03 16:33:00        1.000000  0.529532","                     P123_h_average  fDOM RFU
DateTime                                     
2023-05-03 16:33:00        1.000000  0.529532
2023-05-03 16:48:00        0.903018  0.596096
2023-05-03 17:03:00        0.899573  0.663470
2023-05-03 17:18:00        0.725194  0.724197
2023-05-03 17:33:00        0.953749  0.775868
...                             ...       ...
2023-05-04 08:48:00        0.151109  0.191794
2023-05-04 09:03:00        0.095257  0.163923
2023-05-04 09:18:00        0.086207  0.142480
2023-05-04 09:33:00        0.169307  0.122588
2023-05-04 09:48:00        0.000000  0.110384

[70 rows x 2 columns]",P123_h_average,fDOM RFU,0.5,2023-05-03 14:17:01.354749184,2023-05-03 18:55:22.431038464,"{'t0': Timestamp('2023-05-03 14:03:00'), 't1': Timestamp('2023-05-03 14:18:00'), 'tau0': np.float64(0.2626233119277413), 'tau1': np.float64(0.5165459521329715), 'c0': np.float64(0.06942146538662683), 'c1': np.float64(0.08545256005323124), 'extrapolated': False}","{'t0': Timestamp('2023-05-03 18:48:00'), 't1': Timestamp('2023-05-03 19:03:00'), 'tau0': np.float64(0.5091912638296326), 'tau1': np.float64(0.4904942540617361), 'c0': np.float64(0.9580732880191719), 'c1': np.float64(0.9749523504488529), 'extrapolated': False}",2023-05-03 16:33:00,down_event13,fDOM RFU
down_event14,-0.6789212511856371,0.5,0.2311129623145492,0.7198014915903732,"                     P123_h_average  Turbidity FNU
DateTime                                          
2023-05-04 11:03:00        0.586454       0.234603
2023-05-04 11:18:00        0.436130       0.228534
2023-05-04 11:33:00        0.376502       0.293005
2023-05-04 11:48:00        0.383416       0.314425
2023-05-04 12:03:00        0.568820       0.268346
2023-05-04 12:18:00        0.440717       0.279068
2023-05-04 12:33:00        0.485282       0.278379
2023-05-04 12:48:00        0.595257       0.232891
2023-05-04 13:03:00        0.582138       0.188373
2023-05-04 13:18:00        0.545251       0.200347
2023-05-04 13:33:00        0.512433       0.210047
2023-05-04 13:48:00        0.556132       0.247015
2023-05-04 14:03:00        0.496739       0.265349
2023-05-04 14:18:00        0.620903       0.360592
2023-05-04 14:33:00        0.691838       0.372583
2023-05-04 14:48:00        0.566328       0.381085
2023-05-04 15:03:00        0.545468       0.410660
2023-05-04 15:18:00        0.705026       0.442947
2023-05-04 15:33:00        0.750113       0.445578
2023-05-04 15:48:00        0.836937       0.656496
2023-05-04 16:03:00        0.884252       0.671213
2023-05-04 16:18:00        0.966529       0.775233
2023-05-04 16:33:00        0.921469       1.000000
2023-05-04 16:48:00        1.000000       0.977624","                     P123_h_average  Turbidity FNU
DateTime                                          
2023-05-04 16:48:00        1.000000       0.977624
2023-05-04 17:03:00        0.787584       0.850174
2023-05-04 17:18:00        0.706278       0.882257
2023-05-04 17:33:00        0.778576       0.884628
2023-05-04 17:48:00        0.820343       0.729430
...                             ...            ...
2023-05-05 07:48:00        0.320784       0.106461
2023-05-05 08:03:00        0.159917       0.087797
2023-05-05 08:18:00        0.033128       0.104335
2023-05-05 08:33:00        0.341099       0.071884
2023-05-05 08:48:00        0.256868       0.000000

[65 rows x 2 columns]",P123_h_average,Turbidity FNU,0.5,2023-05-04 11:11:37.607047680,2023-05-04 18:20:20.985839616,"{'t0': Timestamp('2023-05-04 11:03:00'), 't1': Timestamp('2023-05-04 11:18:00'), 'tau0': np.float64(0.5864543824137416), 'tau1': np.float64(0.4361300301397393), 'c0': np.float64(0.23460326733084952), 'c1': np.float64(0.22853442702283983), 'extrapolated': False}","{'t0': Timestamp('2023-05-04 18:18:00'), 't1': Timestamp('2023-05-04 18:33:00'), 'tau0': np.float64(0.5273872154814507), 'tau1': np.float64(0.3525576438560272), 'c0': np.float64(0.7148576941082584), 'c1': np.float64(0.746417017697224), 'extrapolated': False}",2023-05-04 16:48:00,down_event14,Turbidity FNU
down_event14,-0.8942357063356056,0.5,0.09888203222381745,0.934928308958263,"                     P123_h_average  fDOM RFU
DateTime                                     
2023-05-04 11:03:00        0.586454  0.098019
2023-05-04 11:18:00        0.436130  0.099520
2023-05-04 11:33:00        0.376502  0.099497
2023-05-04 11:48:00        0.383416  0.062426
2023-05-04 12:03:00        0.568820  0.000000
2023-05-04 12:18:00        0.440717  0.035142
2023-05-04 12:33:00        0.485282  0.029757
2023-05-04 12:48:00        0.595257  0.033174
2023-05-04 13:03:00        0.582138  0.077141
2023-05-04 13:18:00        0.545251  0.089801
2023-05-04 13:33:00        0.512433  0.110500
2023-05-04 13:48:00        0.556132  0.125426
2023-05-04 14:03:00        0.496739  0.136001
2023-05-04 14:18:00        0.620903  0.147267
2023-05-04 14:33:00        0.691838  0.159498
2023-05-04 14:48:00        0.566328  0.189053
2023-05-04 15:03:00        0.545468  0.227082
2023-05-04 15:18:00        0.705026  0.277836
2023-05-04 15:33:00        0.750113  0.330436
2023-05-04 15:48:00        0.836937  0.394092
2023-05-04 16:03:00        0.884252  0.442588
2023-05-04 16:18:00        0.966529  0.501799
2023-05-04 16:33:00        0.921469  0.560590
2023-05-04 16:48:00        1.000000  0.614405","                     P123_h_average  fDOM RFU
DateTime                                     
2023-05-04 16:48:00        1.000000  0.614405
2023-05-04 17:03:00        0.787584  0.677628
2023-05-04 17:18:00        0.706278  0.743109
2023-05-04 17:33:00        0.778576  0.797314
2023-05-04 17:48:00        0.820343  0.845607
...                             ...       ...
2023-05-05 07:48:00        0.320784  0.145751
2023-05-05 08:03:00        0.159917  0.133744
2023-05-05 08:18:00        0.033128  0.122493
2023-05-05 08:33:00        0.341099  0.091098
2023-05-05 08:48:00        0.256868  0.076296

[65 rows x 2 columns]",P123_h_average,fDOM RFU,0.5,2023-05-04 11:11:37.607047680,2023-05-04 18:20:20.985839616,"{'t0': Timestamp('2023-05-04 11:03:00'), 't1': Timestamp('2023-05-04 11:18:00'), 'tau0': np.float64(0.5864543824137416), 'tau1': np.float64(0.4361300301397393), 'c0': np.float64(0.09801867217344522), 'c1': np.float64(0.09951985738492515), 'extrapolated': False}","{'t0': Timestamp('2023-05-04 18:18:00'), 't1': Timestamp('2023-05-04 18:33:00'), 'tau0': np.float64(0.5273872154814507), 'tau1': np.float64(0.3525576438560272), 'c0': np.float64(0.9296391437568883), 'c1': np.float64(0.9634031635634348), 'extrapolated': False}",2023-05-04 16:48:00,down_event14,fDOM RFU
down_event15,0.9884201903570785,0.5,0.7074169253881255,0.008191753334175315,"                     P123_h_average  Turbidity FNU
DateTime                                          
2023-05-05 10:03:00        0.789281       0.585728
2023-05-05 10:18:00        0.769585       0.611864
2023-05-05 10:33:00        0.712997       0.633466
2023-05-05 10:48:00        0.726771       0.620778
2023-05-05 11:03:00        0.753730       0.600573
2023-05-05 11:18:00        0.860707       0.550088
2023-05-05 11:33:00        0.784379       0.636360
2023-05-05 11:48:00        0.730741       0.616082
2023-05-05 12:03:00        0.681372       0.569314
2023-05-05 12:18:00        0.759507       0.717341
2023-05-05 12:33:00        0.807358       0.695102
2023-05-05 12:48:00        0.836726       0.645411
2023-05-05 13:03:00        0.855873       0.767880
2023-05-05 13:18:00        0.837175       1.000000
2023-05-05 13:33:00        0.724162       0.924454
2023-05-05 13:48:00        0.821602       0.889644
2023-05-05 14:03:00        0.826980       0.883462
2023-05-05 14:18:00        0.783805       0.791674
2023-05-05 14:33:00        0.850579       0.646612
2023-05-05 14:48:00        0.806450       0.715913
2023-05-05 15:03:00        0.785996       0.855524
2023-05-05 15:18:00        0.784419       0.805212
2023-05-05 15:33:00        0.850457       0.845862
2023-05-05 15:48:00        0.939720       0.886777
2023-05-05 16:03:00        0.903856       0.856430
2023-05-05 16:18:00        0.882047       0.828391
2023-05-05 16:33:00        0.908716       0.977748
2023-05-05 16:48:00        0.896814       0.946908
2023-05-05 17:03:00        0.876375       0.945579
2023-05-05 17:18:00        0.943590       0.820389
2023-05-05 17:33:00        0.987344       0.645426
2023-05-05 17:48:00        0.963738       0.370082
2023-05-05 18:03:00        1.000000       0.234236","                     P123_h_average  Turbidity FNU
DateTime                                          
2023-05-05 18:03:00        1.000000       0.234236
2023-05-05 18:18:00        0.883523       0.048034
2023-05-05 18:33:00        0.874133       0.002320
2023-05-05 18:48:00        0.817551       0.004820
2023-05-05 19:03:00        0.872251       0.006837
2023-05-05 19:18:00        0.835285       0.008202
2023-05-05 19:33:00        0.652300       0.008029
2023-05-05 19:48:00        0.644125       0.008353
2023-05-05 20:03:00        0.540749       0.007846
2023-05-05 20:18:00        0.488797       0.008287
2023-05-05 20:33:00        0.477992       0.008957
2023-05-05 20:48:00        0.606017       0.011378
2023-05-05 21:03:00        0.512438       0.014222
2023-05-05 21:18:00        0.573705       0.019337
2023-05-05 21:33:00        0.527245       0.022449
2023-05-05 21:48:00        0.500155       0.025789
2023-05-05 22:03:00        0.449316       0.026499
2023-05-05 22:18:00        0.460056       0.026529
2023-05-05 22:33:00        0.509770       0.026255
2023-05-05 22:48:00        0.502775       0.024923
2023-05-05 23:03:00        0.519726       0.022743
2023-05-05 23:18:00        0.542766       0.022683
2023-05-05 23:33:00        0.572123       0.021734
2023-05-05 23:48:00        0.524027       0.021125
2023-05-06 00:03:00        0.473876       0.020895
2023-05-06 00:18:00        0.500266       0.020636
2023-05-06 00:33:00        0.505826       0.018739
2023-05-06 00:48:00        0.438286       0.018350
2023-05-06 01:03:00        0.415651       0.017214
2023-05-06 01:18:00        0.408197       0.017133
2023-05-06 01:33:00        0.404494       0.016733
2023-05-06 01:48:00        0.426164       0.016456
2023-05-06 02:03:00        0.438928       0.015925
2023-05-06 02:18:00        0.464813       0.015244
2023-05-06 02:33:00        0.459249       0.013679
2023-05-06 02:48:00        0.369330       0.013599
2023-05-06 03:03:00        0.408226       0.014108
2023-05-06 03:18:00        0.344263       0.013237
2023-05-06 03:33:00        0.417837       0.013338
2023-05-06 03:48:00        0.346673       0.013483
2023-05-06 04:03:00        0.353122       0.013434
2023-05-06 04:18:00        0.303486       0.011244
2023-05-06 04:33:00        0.324299       0.011306
2023-05-06 04:48:00        0.253159       0.011149
2023-05-06 05:03:00        0.216683       0.010382
2023-05-06 05:18:00        0.234649       0.009194
2023-05-06 05:33:00        0.345843       0.008999
2023-05-06 05:48:00        0.274811       0.008815
2023-05-06 06:03:00        0.245794       0.006807
2023-05-06 06:18:00        0.295892       0.005901
2023-05-06 06:33:00        0.238494       0.004609
2023-05-06 06:48:00        0.284161       0.003973
2023-05-06 07:03:00        0.266124       0.002457
2023-05-06 07:18:00        0.047659       0.002632
2023-05-06 07:33:00        0.058686       0.001828
2023-05-06 07:48:00        0.102824       0.001064
2023-05-06 08:03:00        0.088812       0.000831
2023-05-06 08:18:00        0.088935       0.000825
2023-05-06 08:33:00        0.104111       0.000000
2023-05-06 08:48:00        0.000000       0.001273",P123_h_average,Turbidity FNU,0.5,2023-05-05 12:24:41.605865472,2023-05-05 20:14:45.920183808,"{'t0': Timestamp('2023-05-05 12:18:00'), 't1': Timestamp('2023-05-05 12:33:00'), 'tau0': np.float64(0.7595067536264782), 'tau1': np.float64(0.8073577105347085), 'c0': np.float64(0.7173406407752614), 'c1': np.float64(0.6951015635697393), 'extrapolated': False}","{'t0': Timestamp('2023-05-05 20:03:00'), 't1': Timestamp('2023-05-05 20:18:00'), 'tau0': np.float64(0.5407489575515687), 'tau1': np.float64(0.4887968209851043), 'c0': np.float64(0.007845999322399346), 'c1': np.float64(0.008286812062615608), 'extrapolated': False}",2023-05-05 18:03:00,down_event15,Turbidity FNU
down_event15,0.9931101590051169,0.5,0.8684916928597941,0.005983769669180867,"                     P123_h_average  fDOM RFU
DateTime                                     
2023-05-05 10:03:00        0.789281  0.902630
2023-05-05 10:18:00        0.769585  0.898505
2023-05-05 10:33:00        0.712997  0.891342
2023-05-05 10:48:00        0.726771  0.878194
2023-05-05 11:03:00        0.753730  0.867344
2023-05-05 11:18:00        0.860707  0.859294
2023-05-05 11:33:00        0.784379  0.856635
2023-05-05 11:48:00        0.730741  0.865589
2023-05-05 12:03:00        0.681372  0.844202
2023-05-05 12:18:00        0.759507  0.865630
2023-05-05 12:33:00        0.807358  0.872043
2023-05-05 12:48:00        0.836726  0.871865
2023-05-05 13:03:00        0.855873  0.864993
2023-05-05 13:18:00        0.837175  0.895703
2023-05-05 13:33:00        0.724162  0.877601
2023-05-05 13:48:00        0.821602  0.850791
2023-05-05 14:03:00        0.826980  0.851034
2023-05-05 14:18:00        0.783805  0.854992
2023-05-05 14:33:00        0.850579  0.860662
2023-05-05 14:48:00        0.806450  0.872358
2023-05-05 15:03:00        0.785996  0.909045
2023-05-05 15:18:00        0.784419  0.917285
2023-05-05 15:33:00        0.850457  0.926394
2023-05-05 15:48:00        0.939720  0.932393
2023-05-05 16:03:00        0.903856  0.941532
2023-05-05 16:18:00        0.882047  0.947629
2023-05-05 16:33:00        0.908716  0.962073
2023-05-05 16:48:00        0.896814  0.977170
2023-05-05 17:03:00        0.876375  1.000000
2023-05-05 17:18:00        0.943590  0.806677
2023-05-05 17:33:00        0.987344  0.614623
2023-05-05 17:48:00        0.963738  0.415417
2023-05-05 18:03:00        1.000000  0.210935","                     P123_h_average  fDOM RFU
DateTime                                     
2023-05-05 18:03:00        1.000000  0.210935
2023-05-05 18:18:00        0.883523  0.000000
2023-05-05 18:33:00        0.874133  0.001621
2023-05-05 18:48:00        0.817551  0.002774
2023-05-05 19:03:00        0.872251  0.003729
2023-05-05 19:18:00        0.835285  0.004059
2023-05-05 19:33:00        0.652300  0.005124
2023-05-05 19:48:00        0.644125  0.005477
2023-05-05 20:03:00        0.540749  0.006369
2023-05-05 20:18:00        0.488797  0.005878
2023-05-05 20:33:00        0.477992  0.005591
2023-05-05 20:48:00        0.606017  0.004282
2023-05-05 21:03:00        0.512438  0.003809
2023-05-05 21:18:00        0.573705  0.002588
2023-05-05 21:33:00        0.527245  0.002340
2023-05-05 21:48:00        0.500155  0.001911
2023-05-05 22:03:00        0.449316  0.002106
2023-05-05 22:18:00        0.460056  0.001914
2023-05-05 22:33:00        0.509770  0.001586
2023-05-05 22:48:00        0.502775  0.001716
2023-05-05 23:03:00        0.519726  0.001949
2023-05-05 23:18:00        0.542766  0.001800
2023-05-05 23:33:00        0.572123  0.001524
2023-05-05 23:48:00        0.524027  0.002028
2023-05-06 00:03:00        0.473876  0.001915
2023-05-06 00:18:00        0.500266  0.002066
2023-05-06 00:33:00        0.505826  0.002141
2023-05-06 00:48:00        0.438286  0.002332
2023-05-06 01:03:00        0.415651  0.002798
2023-05-06 01:18:00        0.408197  0.003075
2023-05-06 01:33:00        0.404494  0.003796
2023-05-06 01:48:00        0.426164  0.004181
2023-05-06 02:03:00        0.438928  0.004416
2023-05-06 02:18:00        0.464813  0.004283
2023-05-06 02:33:00        0.459249  0.004994
2023-05-06 02:48:00        0.369330  0.004212
2023-05-06 03:03:00        0.408226  0.004278
2023-05-06 03:18:00        0.344263  0.004211
2023-05-06 03:33:00        0.417837  0.004493
2023-05-06 03:48:00        0.346673  0.004240
2023-05-06 04:03:00        0.353122  0.004851
2023-05-06 04:18:00        0.303486  0.004876
2023-05-06 04:33:00        0.324299  0.004755
2023-05-06 04:48:00        0.253159  0.004711
2023-05-06 05:03:00        0.216683  0.004370
2023-05-06 05:18:00        0.234649  0.004305
2023-05-06 05:33:00        0.345843  0.004659
2023-05-06 05:48:00        0.274811  0.004772
2023-05-06 06:03:00        0.245794  0.004069
2023-05-06 06:18:00        0.295892  0.003927
2023-05-06 06:33:00        0.238494  0.003536
2023-05-06 06:48:00        0.284161  0.003386
2023-05-06 07:03:00        0.266124  0.003656
2023-05-06 07:18:00        0.047659  0.004063
2023-05-06 07:33:00        0.058686  0.004640
2023-05-06 07:48:00        0.102824  0.005063
2023-05-06 08:03:00        0.088812  0.005061
2023-05-06 08:18:00        0.088935  0.005017
2023-05-06 08:33:00        0.104111  0.005232
2023-05-06 08:48:00        0.000000  0.005045",P123_h_average,fDOM RFU,0.5,2023-05-05 12:24:41.605865472,2023-05-05 20:14:45.920183808,"{'t0': Timestamp('2023-05-05 12:18:00'), 't1': Timestamp('2023-05-05 12:33:00'), 'tau0': np.float64(0.7595067536264782), 'tau1': np.float64(0.8073577105347085), 'c0': np.float64(0.8656304319579385), 'c1': np.float64(0.8720425265837068), 'extrapolated': False}","{'t0': Timestamp('2023-05-05 20:03:00'), 't1': Timestamp('2023-05-05 20:18:00'), 'tau0': np.float64(0.5407489575515687), 'tau1': np.float64(0.4887968209851043), 'c0': np.float64(0.006369090696807905), 'c1': np.float64(0.0058778327149300895), 'extrapolated': False}",2023-05-05 18:03:00,down_event15,fDOM RFU
up_event1,-0.7459319040716043,0.5,0.14127383976854702,0.5560471465428007,"                     P123_h_average  Turbidity FNU
DateTime                                          
2023-04-17 13:14:00        0.000000       0.070486
2023-04-17 13:29:00        0.040073       0.045921
2023-04-17 13:44:00        0.094194       0.028204
2023-04-17 13:59:00        0.164719       0.011454
2023-04-17 14:14:00        0.233820       0.016316
2023-04-17 14:29:00        0.295512       0.000000
2023-04-17 14:44:00        0.404217       0.005204
2023-04-17 20:14:00        0.928236       0.749625
2023-04-17 20:29:00        0.946923       0.858175
2023-04-17 20:44:00        0.967196       0.991746
2023-04-17 20:59:00        0.952553       1.000000
2023-04-17 21:14:00        1.000000       0.967484","                     P123_h_average  Turbidity FNU
DateTime                                          
2023-04-17 21:14:00        1.000000       0.967484
2023-04-17 21:29:00        0.953673       0.824212
2023-04-17 21:44:00        0.953326       0.727551
2023-04-17 21:59:00        0.954637       0.606145
2023-04-18 00:14:00        0.974008       0.521677
2023-04-18 00:29:00        0.974370       0.511866
2023-04-18 00:44:00        0.914932       0.537732
2023-04-18 00:59:00        0.935076       0.525053
2023-04-18 01:14:00        0.949225       0.490241
2023-04-18 01:29:00        0.942946       0.504140
2023-04-18 01:44:00        0.935269       0.572875
2023-04-18 01:59:00        0.944681       0.533196
2023-04-18 02:14:00        0.948581       0.540088
2023-04-18 02:29:00        0.952721       0.565750
2023-04-18 02:44:00        0.956912       0.540817
2023-04-18 02:59:00        0.958185       0.461115
2023-04-18 03:14:00        0.959249       0.456538
2023-04-18 03:29:00        0.939023       0.487792
2023-04-18 03:44:00        0.917276       0.466786
2023-04-18 03:59:00        0.928645       0.492595
2023-04-18 04:14:00        0.926034       0.504471
2023-04-18 04:29:00        0.906512       0.497567
2023-04-18 04:44:00        0.909652       0.498312
2023-04-18 04:59:00        0.909881       0.497645
2023-04-18 05:14:00        0.906888       0.477833
2023-04-18 05:29:00        0.888372       0.448587
2023-04-18 05:44:00        0.910433       0.441064
2023-04-18 05:59:00        0.897846       0.394185
2023-04-18 06:14:00        0.886052       0.388380
2023-04-18 06:29:00        0.899830       0.416765
2023-04-18 06:44:00        0.894096       0.460343
2023-04-18 06:59:00        0.863007       0.462350
2023-04-18 07:14:00        0.882766       0.511722
2023-04-18 07:29:00        0.874414       0.537307
2023-04-18 07:44:00        0.863787       0.541044
2023-04-18 07:59:00        0.866899       0.511058
2023-04-18 08:14:00        0.870991       0.541899
2023-04-18 08:29:00        0.828989       0.529023
2023-04-18 08:44:00        0.851968       0.526891
2023-04-18 08:59:00        0.860642       0.487728
2023-04-18 09:14:00        0.838083       0.499688
2023-04-18 09:29:00        0.839003       0.509823
2023-04-18 09:44:00        0.854397       0.498900
2023-04-18 09:59:00        0.825810       0.468803
2023-04-18 10:14:00        0.829793       0.461653
2023-04-18 10:29:00        0.794589       0.500836
2023-04-18 10:44:00        0.786441       0.455116
2023-04-18 10:59:00        0.766568       0.472074",P123_h_average,Turbidity FNU,0.5,2023-04-17 15:44:19.157186048,2023-04-18 02:34:50.243190016,"{'t0': Timestamp('2023-04-17 14:44:00'), 't1': Timestamp('2023-04-17 20:14:00'), 'tau0': np.float64(0.40421680816270217), 'tau1': np.float64(0.9282358271866333), 'c0': np.float64(0.005204425013909948), 'c1': np.float64(0.7496248172886548), 'extrapolated': False}","{'t0': Timestamp('2023-04-18 02:29:00'), 't1': Timestamp('2023-04-18 02:44:00'), 'tau0': np.float64(0.952720644198825), 'tau1': np.float64(0.9569117105280552), 'c0': np.float64(0.5657498156457261), 'c1': np.float64(0.5408174188381425), 'extrapolated': False}",2023-04-17 21:14:00,up_event1,Turbidity FNU
up_event1,-0.8045443918920173,0.5,0.1810147576240802,0.9261169806090987,"                     P123_h_average  fDOM RFU
DateTime                                     
2023-04-17 13:14:00        0.000000  0.010995
2023-04-17 13:29:00        0.040073  0.009169
2023-04-17 13:44:00        0.094194  0.006502
2023-04-17 13:59:00        0.164719  0.003687
2023-04-17 14:14:00        0.233820  0.002668
2023-04-17 14:29:00        0.295512  0.001272
2023-04-17 14:44:00        0.404217  0.000000
2023-04-17 20:14:00        0.928236  0.990311
2023-04-17 20:29:00        0.946923  0.992415
2023-04-17 20:44:00        0.967196  0.996337
2023-04-17 20:59:00        0.952553  1.000000
2023-04-17 21:14:00        1.000000  0.998166","                     P123_h_average  fDOM RFU
DateTime                                     
2023-04-17 21:14:00        1.000000  0.998166
2023-04-17 21:29:00        0.953673  0.997705
2023-04-17 21:44:00        0.953326  0.997642
2023-04-17 21:59:00        0.954637  0.995443
2023-04-18 00:14:00        0.974008  0.966218
2023-04-18 00:29:00        0.974370  0.960519
2023-04-18 00:44:00        0.914932  0.955880
2023-04-18 00:59:00        0.935076  0.951133
2023-04-18 01:14:00        0.949225  0.946601
2023-04-18 01:29:00        0.942946  0.943494
2023-04-18 01:44:00        0.935269  0.940808
2023-04-18 01:59:00        0.944681  0.937808
2023-04-18 02:14:00        0.948581  0.933115
2023-04-18 02:29:00        0.952721  0.929024
2023-04-18 02:44:00        0.956912  0.921553
2023-04-18 02:59:00        0.958185  0.915839
2023-04-18 03:14:00        0.959249  0.911432
2023-04-18 03:29:00        0.939023  0.906983
2023-04-18 03:44:00        0.917276  0.901771
2023-04-18 03:59:00        0.928645  0.898067
2023-04-18 04:14:00        0.926034  0.894555
2023-04-18 04:29:00        0.906512  0.889889
2023-04-18 04:44:00        0.909652  0.885133
2023-04-18 04:59:00        0.909881  0.880301
2023-04-18 05:14:00        0.906888  0.873892
2023-04-18 05:29:00        0.888372  0.867674
2023-04-18 05:44:00        0.910433  0.862222
2023-04-18 05:59:00        0.897846  0.856951
2023-04-18 06:14:00        0.886052  0.853460
2023-04-18 06:29:00        0.899830  0.851583
2023-04-18 06:44:00        0.894096  0.849897
2023-04-18 06:59:00        0.863007  0.847713
2023-04-18 07:14:00        0.882766  0.847881
2023-04-18 07:29:00        0.874414  0.845540
2023-04-18 07:44:00        0.863787  0.843867
2023-04-18 07:59:00        0.866899  0.841092
2023-04-18 08:14:00        0.870991  0.837189
2023-04-18 08:29:00        0.828989  0.831313
2023-04-18 08:44:00        0.851968  0.825091
2023-04-18 08:59:00        0.860642  0.816019
2023-04-18 09:14:00        0.838083  0.805885
2023-04-18 09:29:00        0.839003  0.797011
2023-04-18 09:44:00        0.854397  0.787720
2023-04-18 09:59:00        0.825810  0.776753
2023-04-18 10:14:00        0.829793  0.766431
2023-04-18 10:29:00        0.794589  0.757810
2023-04-18 10:44:00        0.786441  0.750126
2023-04-18 10:59:00        0.766568  0.742781",P123_h_average,fDOM RFU,0.5,2023-04-17 15:44:19.157186048,2023-04-18 02:34:50.243190016,"{'t0': Timestamp('2023-04-17 14:44:00'), 't1': Timestamp('2023-04-17 20:14:00'), 'tau0': np.float64(0.40421680816270217), 'tau1': np.float64(0.9282358271866333), 'c0': np.float64(0.0), 'c1': np.float64(0.9903112842884003), 'extrapolated': False}","{'t0': Timestamp('2023-04-18 02:29:00'), 't1': Timestamp('2023-04-18 02:44:00'), 'tau0': np.float64(0.952720644198825), 'tau1': np.float64(0.9569117105280552), 'c0': np.float64(0.9290244838873958), 'c1': np.float64(0.9215532381214245), 'extrapolated': False}",2023-04-17 21:14:00,up_event1,fDOM RFU
up_event2,-0.03861437999216999,0.5,0.3202680243121537,0.3331316982976563,"                     P123_h_average  Turbidity FNU
DateTime                                          
2023-04-18 11:14:00        0.310380       0.020663
2023-04-18 11:29:00        0.303456       0.026273
2023-04-18 11:44:00        0.290006       0.000159
2023-04-18 11:59:00        0.299759       0.027609
2023-04-18 12:14:00        0.276987       0.000000
2023-04-18 12:29:00        0.268953       0.028832
2023-04-18 12:44:00        0.244724       0.071329
2023-04-18 12:59:00        0.310717       0.073136
2023-04-18 13:14:00        0.383244       0.084986
2023-04-18 13:29:00        0.399364       0.146757
2023-04-18 13:44:00        0.444741       0.179873
2023-04-18 13:59:00        0.458384       0.189974
2023-04-18 14:14:00        0.490779       0.312521
2023-04-18 14:29:00        0.564647       0.374584
2023-04-18 14:44:00        0.607659       0.395579
2023-04-18 14:59:00        0.656454       0.450115
2023-04-18 15:14:00        0.654811       0.507449
2023-04-18 15:29:00        0.748574       0.451688
2023-04-18 15:44:00        0.769991       0.464452
2023-04-18 15:59:00        0.885817       0.599056
2023-04-18 16:14:00        0.858642       0.751009
2023-04-18 16:29:00        0.864487       0.927310
2023-04-18 16:44:00        0.921018       0.966292
2023-04-18 16:59:00        0.944654       1.000000
2023-04-18 17:14:00        1.000000       0.894611","                     P123_h_average  Turbidity FNU
DateTime                                          
2023-04-18 17:14:00        1.000000       0.894611
2023-04-18 17:29:00        0.898531       0.761910
2023-04-18 17:44:00        0.956602       0.535378
2023-04-18 17:59:00        0.878021       0.477877
2023-04-18 18:14:00        0.693434       0.446162
...                             ...            ...
2023-04-19 08:59:00        0.076294       0.044114
2023-04-19 09:14:00        0.102923       0.048081
2023-04-19 09:29:00        0.034271       0.024264
2023-04-19 09:44:00        0.097169       0.007645
2023-04-19 09:59:00        0.000000       0.008385

[68 rows x 2 columns]",P123_h_average,Turbidity FNU,0.5,2023-04-18 14:15:52.344324352,2023-04-18 20:42:20.611036416,"{'t0': Timestamp('2023-04-18 14:14:00'), 't1': Timestamp('2023-04-18 14:29:00'), 'tau0': np.float64(0.49077938050762177), 'tau1': np.float64(0.5646465526065867), 'c0': np.float64(0.31252081571986884), 'c1': np.float64(0.3745843669786757), 'extrapolated': False}","{'t0': Timestamp('2023-04-18 20:29:00'), 't1': Timestamp('2023-04-18 20:44:00'), 'tau0': np.float64(0.5523229275370138), 'tau1': np.float64(0.49350455925835024), 'c0': np.float64(0.29438619483016587), 'c1': np.float64(0.3379416187933978), 'extrapolated': False}",2023-04-18 17:14:00,up_event2,Turbidity FNU
up_event2,-0.9293346349678292,0.5,0.06948876295624881,0.9833496639352762,"                     P123_h_average  fDOM RFU
DateTime                                     
2023-04-18 11:14:00        0.310380  0.028632
2023-04-18 11:29:00        0.303456  0.023456
2023-04-18 11:44:00        0.290006  0.017196
2023-04-18 11:59:00        0.299759  0.009299
2023-04-18 12:14:00        0.276987  0.005890
2023-04-18 12:29:00        0.268953  0.001746
2023-04-18 12:44:00        0.244724  0.000000
2023-04-18 12:59:00        0.310717  0.001982
2023-04-18 13:14:00        0.383244  0.010509
2023-04-18 13:29:00        0.399364  0.012842
2023-04-18 13:44:00        0.444741  0.027219
2023-04-18 13:59:00        0.458384  0.040032
2023-04-18 14:14:00        0.490779  0.065361
2023-04-18 14:29:00        0.564647  0.098432
2023-04-18 14:44:00        0.607659  0.141710
2023-04-18 14:59:00        0.656454  0.171976
2023-04-18 15:14:00        0.654811  0.218658
2023-04-18 15:29:00        0.748574  0.267961
2023-04-18 15:44:00        0.769991  0.316021
2023-04-18 15:59:00        0.885817  0.360714
2023-04-18 16:14:00        0.858642  0.421037
2023-04-18 16:29:00        0.864487  0.478446
2023-04-18 16:44:00        0.921018  0.525432
2023-04-18 16:59:00        0.944654  0.580045
2023-04-18 17:14:00        1.000000  0.593746","                     P123_h_average  fDOM RFU
DateTime                                     
2023-04-18 17:14:00        1.000000  0.593746
2023-04-18 17:29:00        0.898531  0.651851
2023-04-18 17:44:00        0.956602  0.674289
2023-04-18 17:59:00        0.878021  0.719321
2023-04-18 18:14:00        0.693434  0.756322
...                             ...       ...
2023-04-19 08:59:00        0.076294  0.309410
2023-04-19 09:14:00        0.102923  0.284634
2023-04-19 09:29:00        0.034271  0.254147
2023-04-19 09:44:00        0.097169  0.215426
2023-04-19 09:59:00        0.000000  0.177367

[68 rows x 2 columns]",P123_h_average,fDOM RFU,0.5,2023-04-18 14:15:52.344324352,2023-04-18 20:42:20.611036416,"{'t0': Timestamp('2023-04-18 14:14:00'), 't1': Timestamp('2023-04-18 14:29:00'), 'tau0': np.float64(0.49077938050762177), 'tau1': np.float64(0.5646465526065867), 'c0': np.float64(0.06536059687925268), 'c1': np.float64(0.09843168872769799), 'extrapolated': False}","{'t0': Timestamp('2023-04-18 20:29:00'), 't1': Timestamp('2023-04-18 20:44:00'), 'tau0': np.float64(0.5523229275370138), 'tau1': np.float64(0.49350455925835024), 'c0': np.float64(0.9897771896527453), 'c1': np.float64(0.982551741985151), 'extrapolated': False}",2023-04-18 17:14:00,up_event2,fDOM RFU
up_event3,0.1742950820187813,0.5,0.1329567657097655,0.10978305532543003,"                     P123_h_average  Turbidity FNU
DateTime                                          
2023-04-19 10:14:00        0.489743       0.126306
2023-04-19 10:29:00        0.490685       0.214754
2023-04-19 10:44:00        0.484695       0.240246
2023-04-19 10:59:00        0.466200       0.264389
2023-04-19 11:14:00        0.446939       0.268446
2023-04-19 11:29:00        0.438637       0.273795
2023-04-19 11:44:00        0.497271       0.140084
2023-04-19 11:59:00        0.446964       0.104418
2023-04-19 12:14:00        0.421031       0.155762
2023-04-19 12:29:00        0.427757       0.094616
2023-04-19 12:44:00        0.473056       0.082184
2023-04-19 12:59:00        0.463787       0.119657
2023-04-19 13:14:00        0.477988       0.166605
2023-04-19 13:29:00        0.522205       0.099013
2023-04-19 13:44:00        0.458775       0.196535
2023-04-19 13:59:00        0.444017       0.270577
2023-04-19 14:14:00        0.474314       0.395201
2023-04-19 14:29:00        0.462210       0.472851
2023-04-19 14:44:00        0.519766       0.575557
2023-04-19 14:59:00        0.745991       0.557187
2023-04-19 15:14:00        1.000000       0.617055","                     P123_h_average  Turbidity FNU
DateTime                                          
2023-04-19 15:14:00        1.000000       0.617055
2023-04-19 15:29:00        0.815657       0.588164
2023-04-19 15:44:00        0.678416       0.728764
2023-04-19 15:59:00        0.567883       0.853346
2023-04-19 16:14:00        0.605386       0.934605
...                             ...            ...
2023-04-20 09:59:00        0.059069       0.036870
2023-04-20 10:14:00        0.032177       0.061441
2023-04-20 10:29:00        0.038016       0.132052
2023-04-20 10:44:00        0.073707       0.048677
2023-04-20 10:59:00        0.066599       0.000000

[80 rows x 2 columns]",P123_h_average,Turbidity FNU,0.5,2023-04-19 13:21:28.032554496,2023-04-19 22:52:29.385752320,"{'t0': Timestamp('2023-04-19 13:14:00'), 't1': Timestamp('2023-04-19 13:29:00'), 'tau0': np.float64(0.4779882305543165), 'tau1': np.float64(0.52220509002094), 'c0': np.float64(0.16660462910228177), 'c1': np.float64(0.099013386570072), 'extrapolated': False}","{'t0': Timestamp('2023-04-19 22:44:00'), 't1': Timestamp('2023-04-19 22:59:00'), 'tau0': np.float64(0.5697043995055934), 'tau1': np.float64(0.446548305586918), 'c0': np.float64(0.13626428137837016), 'c1': np.float64(0.08947635427381705), 'extrapolated': False}",2023-04-19 15:14:00,up_event3,Turbidity FNU
up_event3,-0.8864876110786407,0.5,0.09041028622333909,0.7964794599290375,"                     P123_h_average  fDOM RFU
DateTime                                     
2023-04-19 10:14:00        0.489743  0.260658
2023-04-19 10:29:00        0.490685  0.213028
2023-04-19 10:44:00        0.484695  0.176353
2023-04-19 10:59:00        0.466200  0.146899
2023-04-19 11:14:00        0.446939  0.125092
2023-04-19 11:29:00        0.438637  0.112022
2023-04-19 11:44:00        0.497271  0.098934
2023-04-19 11:59:00        0.446964  0.089884
2023-04-19 12:14:00        0.421031  0.083643
2023-04-19 12:29:00        0.427757  0.081351
2023-04-19 12:44:00        0.473056  0.078684
2023-04-19 12:59:00        0.463787  0.081874
2023-04-19 13:14:00        0.477988  0.083906
2023-04-19 13:29:00        0.522205  0.096972
2023-04-19 13:44:00        0.458775  0.118789
2023-04-19 13:59:00        0.444017  0.147076
2023-04-19 14:14:00        0.474314  0.183801
2023-04-19 14:29:00        0.462210  0.246670
2023-04-19 14:44:00        0.519766  0.304841
2023-04-19 14:59:00        0.745991  0.355044
2023-04-19 15:14:00        1.000000  0.413811","                     P123_h_average  fDOM RFU
DateTime                                     
2023-04-19 15:14:00        1.000000  0.413811
2023-04-19 15:29:00        0.815657  0.481566
2023-04-19 15:44:00        0.678416  0.519831
2023-04-19 15:59:00        0.567883  0.562841
2023-04-19 16:14:00        0.605386  0.622603
...                             ...       ...
2023-04-20 09:59:00        0.059069  0.068272
2023-04-20 10:14:00        0.032177  0.049830
2023-04-20 10:29:00        0.038016  0.033932
2023-04-20 10:44:00        0.073707  0.015755
2023-04-20 10:59:00        0.066599  0.000000

[80 rows x 2 columns]",P123_h_average,fDOM RFU,0.5,2023-04-19 13:21:28.032554496,2023-04-19 22:52:29.385752320,"{'t0': Timestamp('2023-04-19 13:14:00'), 't1': Timestamp('2023-04-19 13:29:00'), 'tau0': np.float64(0.4779882305543165), 'tau1': np.float64(0.52220509002094), 'c0': np.float64(0.08390574324567515), 'c1': np.float64(0.0969719560044398), 'extrapolated': False}","{'t0': Timestamp('2023-04-19 22:44:00'), 't1': Timestamp('2023-04-19 22:59:00'), 'tau0': np.float64(0.5697043995055934), 'tau1': np.float64(0.446548305586918), 'c0': np.float64(0.810898071443002), 'c1': np.float64(0.7854227802644298), 'extrapolated': False}",2023-04-19 15:14:00,up_event3,fDOM RFU
up_event4,0.4025736587658435,0.5,0.31696177459278635,0.18936131330605377,"                     P123_h_average  Turbidity FNU
DateTime                                          
2023-04-21 12:14:00        0.660420       0.289938
2023-04-21 12:29:00        0.619331       0.380556
2023-04-21 12:44:00        0.648361       0.295066
2023-04-21 12:59:00        0.645690       0.325917
2023-04-21 13:14:00        0.606926       0.240747
2023-04-21 13:29:00        0.652776       0.359925
2023-04-21 13:44:00        0.664571       0.345407
2023-04-21 13:59:00        0.665491       0.393653
2023-04-21 14:14:00        0.702802       0.526183
2023-04-21 14:29:00        0.655365       0.734370
2023-04-21 14:44:00        0.645611       0.882204
2023-04-21 14:59:00        0.662841       0.879820
2023-04-21 15:14:00        0.699715       1.000000
2023-04-21 15:29:00        0.812152       0.989217
2023-04-21 15:44:00        0.805318       0.886175
2023-04-21 15:59:00        0.834304       0.768347
2023-04-21 16:14:00        0.876654       0.741096
2023-04-21 16:29:00        0.919731       0.626709
2023-04-21 16:44:00        0.916091       0.641045
2023-04-21 16:59:00        0.949415       0.698969
2023-04-21 17:14:00        0.935380       0.574753
2023-04-21 17:29:00        1.000000       0.595258","                     P123_h_average  Turbidity FNU
DateTime                                          
2023-04-21 17:29:00        1.000000       0.595258
2023-04-21 17:44:00        0.970067       0.516882
2023-04-21 17:59:00        0.975037       0.366603
2023-04-21 18:14:00        0.983458       0.365319
2023-04-21 18:29:00        0.986623       0.540831
...                             ...            ...
2023-04-22 08:29:00        0.096340       0.306128
2023-04-22 08:44:00        0.012673       0.410614
2023-04-22 08:59:00        0.003433       0.483903
2023-04-22 09:14:00        0.000000       0.534332
2023-04-22 09:29:00        0.019452       0.532521

[65 rows x 2 columns]",P123_h_average,Turbidity FNU,0.5,2023-04-21 12:54:38.755170048,2023-04-22 00:47:31.434331904,"{'t0': Timestamp('2023-04-21 12:44:00'), 't1': Timestamp('2023-04-21 12:59:00'), 'tau0': np.float64(0.6483611125212679), 'tau1': np.float64(0.6456900059293124), 'c0': np.float64(0.29506617458449663), 'c1': np.float64(0.3259168681389299), 'extrapolated': False}","{'t0': Timestamp('2023-04-22 00:44:00'), 't1': Timestamp('2023-04-22 00:59:00'), 'tau0': np.float64(0.5135857836613281), 'tau1': np.float64(0.4557559828424469), 'c0': np.float64(0.17809779726140643), 'c1': np.float64(0.22604253901122456), 'extrapolated': False}",2023-04-21 17:29:00,up_event4,Turbidity FNU
up_event4,-0.997451147892567,0.5,0.0017795111069052296,0.6981617731824233,"                     P123_h_average  fDOM RFU
DateTime                                     
2023-04-21 12:14:00        0.660420  0.003325
2023-04-21 12:29:00        0.619331  0.001117
2023-04-21 12:44:00        0.648361  0.000000
2023-04-21 12:59:00        0.645690  0.002507
2023-04-21 13:14:00        0.606926  0.014807
2023-04-21 13:29:00        0.652776  0.031022
2023-04-21 13:44:00        0.664571  0.055310
2023-04-21 13:59:00        0.665491  0.088401
2023-04-21 14:14:00        0.702802  0.130632
2023-04-21 14:29:00        0.655365  0.173763
2023-04-21 14:44:00        0.645611  0.229826
2023-04-21 14:59:00        0.662841  0.279215
2023-04-21 15:14:00        0.699715  0.332331
2023-04-21 15:29:00        0.812152  0.390623
2023-04-21 15:44:00        0.805318  0.456189
2023-04-21 15:59:00        0.834304  0.516876
2023-04-21 16:14:00        0.876654  0.587792
2023-04-21 16:29:00        0.919731  0.653776
2023-04-21 16:44:00        0.916091  0.712701
2023-04-21 16:59:00        0.949415  0.767179
2023-04-21 17:14:00        0.935380  0.820633
2023-04-21 17:29:00        1.000000  0.875810","                     P123_h_average  fDOM RFU
DateTime                                     
2023-04-21 17:29:00        1.000000  0.875810
2023-04-21 17:44:00        0.970067  0.916985
2023-04-21 17:59:00        0.975037  0.958755
2023-04-21 18:14:00        0.983458  0.990859
2023-04-21 18:29:00        0.986623  1.000000
...                             ...       ...
2023-04-22 08:29:00        0.096340  0.364371
2023-04-22 08:44:00        0.012673  0.341626
2023-04-22 08:59:00        0.003433  0.316796
2023-04-22 09:14:00        0.000000  0.283162
2023-04-22 09:29:00        0.019452  0.250828

[65 rows x 2 columns]",P123_h_average,fDOM RFU,0.5,2023-04-21 12:54:38.755170048,2023-04-22 00:47:31.434331904,"{'t0': Timestamp('2023-04-21 12:44:00'), 't1': Timestamp('2023-04-21 12:59:00'), 'tau0': np.float64(0.6483611125212679), 'tau1': np.float64(0.6456900059293124), 'c0': np.float64(0.0), 'c1': np.float64(0.00250731433781484), 'extrapolated': False}","{'t0': Timestamp('2023-04-22 00:44:00'), 't1': Timestamp('2023-04-22 00:59:00'), 'tau0': np.float64(0.5135857836613281), 'tau1': np.float64(0.4557559828424469), 'c0': np.float64(0.70122240937605), 'c1': np.float64(0.6881943805339098), 'extrapolated': False}",2023-04-21 17:29:00,up_event4,fDOM RFU
up_event5,0.7955710549964532,0.5,0.9086344280100186,0.18575117751198927,"                     P123_h_average  Turbidity FNU
DateTime                                          
2023-04-22 14:14:00        0.119653       0.596345
2023-04-22 14:29:00        0.072171       0.566371
2023-04-22 14:44:00        0.140340       0.635357
2023-04-22 14:59:00        0.194251       0.616189
2023-04-22 15:14:00        0.246531       0.754560
2023-04-22 15:29:00        0.305699       0.762910
2023-04-22 15:44:00        0.363493       0.935402
2023-04-22 15:59:00        0.422138       0.976847
2023-04-22 16:14:00        0.501851       0.907013
2023-04-22 16:29:00        0.646252       0.856148
2023-04-22 16:44:00        0.696831       0.872740
2023-04-22 16:59:00        0.728040       0.789320
2023-04-22 17:14:00        0.809486       0.850901
2023-04-22 17:29:00        0.942097       0.901948
2023-04-22 17:44:00        0.906479       0.790575
2023-04-22 17:59:00        0.969625       0.719841
2023-04-22 18:14:00        0.972603       0.639603
2023-04-22 18:29:00        0.975329       0.717046
2023-04-22 18:44:00        1.000000       0.924986","                     P123_h_average  Turbidity FNU
DateTime                                          
2023-04-22 18:44:00        1.000000       0.924986
2023-04-22 18:59:00        0.947735       0.953915
2023-04-22 19:14:00        0.981621       0.981550
2023-04-22 19:29:00        0.880568       1.000000
2023-04-22 19:44:00        0.903282       0.707638
...                             ...            ...
2023-04-23 09:29:00        0.081771       0.142186
2023-04-23 09:44:00        0.080255       0.385917
2023-04-23 09:59:00        0.083056       0.399454
2023-04-23 10:14:00        0.088442       0.319520
2023-04-23 10:29:00        0.093994       0.320319

[64 rows x 2 columns]",P123_h_average,Turbidity FNU,0.5,2023-04-22 16:13:39.103670528,2023-04-22 22:58:12.868114944,"{'t0': Timestamp('2023-04-22 15:59:00'), 't1': Timestamp('2023-04-22 16:14:00'), 'tau0': np.float64(0.42213798815288944), 'tau1': np.float64(0.5018507831424481), 'c0': np.float64(0.9768468191788475), 'c1': np.float64(0.9070130167388306), 'extrapolated': False}","{'t0': Timestamp('2023-04-22 22:44:00'), 't1': Timestamp('2023-04-22 22:59:00'), 'tau0': np.float64(0.5492866719997831), 'tau1': np.float64(0.4972762802164123), 'c0': np.float64(0.25882136387744564), 'c1': np.float64(0.1817131139890924), 'extrapolated': False}",2023-04-22 18:44:00,up_event5,Turbidity FNU
up_event5,-0.45590427948018863,0.5,0.379885514132896,0.6981961074238293,"                     P123_h_average  fDOM RFU
DateTime                                     
2023-04-22 14:14:00        0.119653  0.000000
2023-04-22 14:29:00        0.072171  0.031245
2023-04-22 14:44:00        0.140340  0.067849
2023-04-22 14:59:00        0.194251  0.108418
2023-04-22 15:14:00        0.246531  0.153376
2023-04-22 15:29:00        0.305699  0.206776
2023-04-22 15:44:00        0.363493  0.262731
2023-04-22 15:59:00        0.422138  0.319036
2023-04-22 16:14:00        0.501851  0.381332
2023-04-22 16:29:00        0.646252  0.446188
2023-04-22 16:44:00        0.696831  0.505714
2023-04-22 16:59:00        0.728040  0.567793
2023-04-22 17:14:00        0.809486  0.631507
2023-04-22 17:29:00        0.942097  0.689769
2023-04-22 17:44:00        0.906479  0.745315
2023-04-22 17:59:00        0.969625  0.797472
2023-04-22 18:14:00        0.972603  0.844376
2023-04-22 18:29:00        0.975329  0.867298
2023-04-22 18:44:00        1.000000  0.914073","                     P123_h_average  fDOM RFU
DateTime                                     
2023-04-22 18:44:00        1.000000  0.914073
2023-04-22 18:59:00        0.947735  0.937901
2023-04-22 19:14:00        0.981621  0.964949
2023-04-22 19:29:00        0.880568  0.986964
2023-04-22 19:44:00        0.903282  1.000000
...                             ...       ...
2023-04-23 09:29:00        0.081771  0.143825
2023-04-23 09:44:00        0.080255  0.109928
2023-04-23 09:59:00        0.083056  0.073785
2023-04-23 10:14:00        0.088442  0.036233
2023-04-23 10:29:00        0.093994  0.002069

[64 rows x 2 columns]",P123_h_average,fDOM RFU,0.5,2023-04-22 16:13:39.103670528,2023-04-22 22:58:12.868114944,"{'t0': Timestamp('2023-04-22 15:59:00'), 't1': Timestamp('2023-04-22 16:14:00'), 'tau0': np.float64(0.42213798815288944), 'tau1': np.float64(0.5018507831424481), 'c0': np.float64(0.3190358796573904), 'c1': np.float64(0.3813319123824759), 'extrapolated': False}","{'t0': Timestamp('2023-04-22 22:44:00'), 't1': Timestamp('2023-04-22 22:59:00'), 'tau0': np.float64(0.5492866719997831), 'tau1': np.float64(0.4972762802164123), 'c0': np.float64(0.7235751434726047), 'c1': np.float64(0.6967935906818808), 'extrapolated': False}",2023-04-22 18:44:00,up_event5,fDOM RFU
up_event6,0.7370711588671603,0.5,0.727784937124897,0.19135565011218575,"                     P123_h_average  Turbidity FNU
DateTime                                          
2023-04-23 11:44:00        0.051271       0.107931
2023-04-23 11:59:00        0.048926       0.124588
2023-04-23 12:14:00        0.023939       0.219637
2023-04-23 12:29:00        0.000000       0.329536
2023-04-23 12:44:00        0.031671       0.417085
2023-04-23 12:59:00        0.056049       0.490134
2023-04-23 13:14:00        0.052068       0.521547
2023-04-23 13:29:00        0.097373       0.528936
2023-04-23 13:44:00        0.084586       0.592038
2023-04-23 13:59:00        0.132697       0.496118
2023-04-23 14:14:00        0.127032       0.466201
2023-04-23 14:29:00        0.232802       0.499182
2023-04-23 14:44:00        0.292263       0.456863
2023-04-23 14:59:00        0.305806       0.491784
2023-04-23 15:14:00        0.419217       0.689235
2023-04-23 15:29:00        0.527429       0.740874
2023-04-23 15:44:00        0.603499       0.881475
2023-04-23 15:59:00        0.715009       0.911955
2023-04-23 16:14:00        0.787875       0.911180
2023-04-23 16:29:00        0.859383       0.962723
2023-04-23 16:44:00        0.930404       1.000000
2023-04-23 16:59:00        0.969310       0.841991
2023-04-23 17:14:00        0.987412       0.867100
2023-04-23 17:29:00        0.980542       0.796867
2023-04-23 17:44:00        0.963685       0.588774
2023-04-23 17:59:00        1.000000       0.531675","                     P123_h_average  Turbidity FNU
DateTime                                          
2023-04-23 17:59:00        1.000000       0.531675
2023-04-23 18:14:00        0.961727       0.598995
2023-04-23 18:29:00        0.981561       0.613933
2023-04-23 18:44:00        0.978073       0.566214
2023-04-23 18:59:00        0.964430       0.610182
2023-04-23 19:14:00        0.990355       0.535402
2023-04-23 19:29:00        0.951091       0.419866
2023-04-23 19:44:00        0.905096       0.339754
2023-04-23 19:59:00        0.894183       0.192709
2023-04-23 20:14:00        0.891636       0.089978
2023-04-23 20:29:00        0.855236       0.071838
2023-04-23 20:44:00        0.828990       0.024606
2023-04-23 20:59:00        0.784990       0.000000
2023-04-23 21:14:00        0.759594       0.132775
2023-04-23 21:29:00        0.755426       0.207828
2023-04-23 21:44:00        0.731672       0.182503
2023-04-23 21:59:00        0.701101       0.159215
2023-04-23 22:14:00        0.671675       0.185716
2023-04-23 22:29:00        0.661978       0.134273
2023-04-23 22:44:00        0.644934       0.074206
2023-04-23 22:59:00        0.617263       0.126345
2023-04-23 23:14:00        0.624294       0.212500
2023-04-23 23:29:00        0.562538       0.190575
2023-04-23 23:44:00        0.576419       0.123097
2023-04-23 23:59:00        0.553068       0.110729
2023-04-24 00:14:00        0.539486       0.046377
2023-04-24 00:29:00        0.532042       0.108302
2023-04-24 00:44:00        0.516603       0.090602
2023-04-24 00:59:00        0.529778       0.135623
2023-04-24 01:14:00        0.471300       0.245069
2023-04-24 01:29:00        0.497360       0.269062
2023-04-24 01:44:00        0.505327       0.115688
2023-04-24 01:59:00        0.511543       0.160744
2023-04-24 02:14:00        0.498374       0.282606
2023-04-24 02:29:00        0.496620       0.211171
2023-04-24 02:44:00        0.472586       0.262071
2023-04-24 02:59:00        0.465424       0.254821
2023-04-24 03:14:00        0.459587       0.306540
2023-04-24 03:29:00        0.434492       0.139246
2023-04-24 10:59:00        0.187536       0.434105",P123_h_average,Turbidity FNU,0.5,2023-04-23 15:25:11.874925312,2023-04-24 01:06:38.300036096,"{'t0': Timestamp('2023-04-23 15:14:00'), 't1': Timestamp('2023-04-23 15:29:00'), 'tau0': np.float64(0.41921731637844445), 'tau1': np.float64(0.5274285511084081), 'c0': np.float64(0.6892353803654652), 'c1': np.float64(0.7408738621370202), 'extrapolated': False}","{'t0': Timestamp('2023-04-24 00:59:00'), 't1': Timestamp('2023-04-24 01:14:00'), 'tau0': np.float64(0.529778179391218), 'tau1': np.float64(0.47130041516006316), 'c0': np.float64(0.1356232540974634), 'c1': np.float64(0.24506936464226659), 'extrapolated': False}",2023-04-23 17:59:00,up_event6,Turbidity FNU
up_event6,-0.3889672212476959,0.5,0.3033228043967444,0.49641003714418264,"                     P123_h_average  fDOM RFU
DateTime                                     
2023-04-23 11:44:00        0.051271  0.000000
2023-04-23 11:59:00        0.048926  0.000207
2023-04-23 12:14:00        0.023939  0.003174
2023-04-23 12:29:00        0.000000  0.012843
2023-04-23 12:44:00        0.031671  0.027303
2023-04-23 12:59:00        0.056049  0.044048
2023-04-23 13:14:00        0.052068  0.060731
2023-04-23 13:29:00        0.097373  0.081471
2023-04-23 13:44:00        0.084586  0.099152
2023-04-23 13:59:00        0.132697  0.120193
2023-04-23 14:14:00        0.127032  0.141967
2023-04-23 14:29:00        0.232802  0.166456
2023-04-23 14:44:00        0.292263  0.193893
2023-04-23 14:59:00        0.305806  0.231362
2023-04-23 15:14:00        0.419217  0.269794
2023-04-23 15:29:00        0.527429  0.314707
2023-04-23 15:44:00        0.603499  0.363270
2023-04-23 15:59:00        0.715009  0.414963
2023-04-23 16:14:00        0.787875  0.472554
2023-04-23 16:29:00        0.859383  0.531679
2023-04-23 16:44:00        0.930404  0.596215
2023-04-23 16:59:00        0.969310  0.665718
2023-04-23 17:14:00        0.987412  0.736607
2023-04-23 17:29:00        0.980542  0.794880
2023-04-23 17:44:00        0.963685  0.846317
2023-04-23 17:59:00        1.000000  0.887769","                     P123_h_average  fDOM RFU
DateTime                                     
2023-04-23 17:59:00        1.000000  0.887769
2023-04-23 18:14:00        0.961727  0.920808
2023-04-23 18:29:00        0.981561  0.948035
2023-04-23 18:44:00        0.978073  0.967183
2023-04-23 18:59:00        0.964430  0.986435
2023-04-23 19:14:00        0.990355  0.995469
2023-04-23 19:29:00        0.951091  1.000000
2023-04-23 19:44:00        0.905096  0.989052
2023-04-23 19:59:00        0.894183  0.986828
2023-04-23 20:14:00        0.891636  0.994772
2023-04-23 20:29:00        0.855236  0.983345
2023-04-23 20:44:00        0.828990  0.961016
2023-04-23 20:59:00        0.784990  0.944845
2023-04-23 21:14:00        0.759594  0.920519
2023-04-23 21:29:00        0.755426  0.872732
2023-04-23 21:44:00        0.731672  0.841950
2023-04-23 21:59:00        0.701101  0.826593
2023-04-23 22:14:00        0.671675  0.797896
2023-04-23 22:29:00        0.661978  0.762182
2023-04-23 22:44:00        0.644934  0.730046
2023-04-23 22:59:00        0.617263  0.706029
2023-04-23 23:14:00        0.624294  0.669639
2023-04-23 23:29:00        0.562538  0.638540
2023-04-23 23:44:00        0.576419  0.617550
2023-04-23 23:59:00        0.553068  0.596338
2023-04-24 00:14:00        0.539486  0.571387
2023-04-24 00:29:00        0.532042  0.546954
2023-04-24 00:44:00        0.516603  0.528456
2023-04-24 00:59:00        0.529778  0.505149
2023-04-24 01:14:00        0.471300  0.487987
2023-04-24 01:29:00        0.497360  0.470854
2023-04-24 01:44:00        0.505327  0.458993
2023-04-24 01:59:00        0.511543  0.449355
2023-04-24 02:14:00        0.498374  0.441678
2023-04-24 02:29:00        0.496620  0.433806
2023-04-24 02:44:00        0.472586  0.424337
2023-04-24 02:59:00        0.465424  0.415988
2023-04-24 03:14:00        0.459587  0.406515
2023-04-24 03:29:00        0.434492  0.398892
2023-04-24 10:59:00        0.187536  0.128718",P123_h_average,fDOM RFU,0.5,2023-04-23 15:25:11.874925312,2023-04-24 01:06:38.300036096,"{'t0': Timestamp('2023-04-23 15:14:00'), 't1': Timestamp('2023-04-23 15:29:00'), 'tau0': np.float64(0.41921731637844445), 'tau1': np.float64(0.5274285511084081), 'c0': np.float64(0.26979399952523486), 'c1': np.float64(0.314707008252783), 'extrapolated': False}","{'t0': Timestamp('2023-04-24 00:59:00'), 't1': Timestamp('2023-04-24 01:14:00'), 'tau0': np.float64(0.529778179391218), 'tau1': np.float64(0.47130041516006316), 'c0': np.float64(0.5051493083886279), 'c1': np.float64(0.487987310787665), 'extrapolated': False}",2023-04-23 17:59:00,up_event6,fDOM RFU
up_event7,0.49664222619553433,0.5,0.5531090642564973,0.27841174725522166,"                     P123_h_average  Turbidity FNU
DateTime                                          
2023-04-24 11:14:00        0.000000       0.258585
2023-04-24 11:29:00        0.005133       0.087555
2023-04-24 11:44:00        0.010267       0.023819
2023-04-24 11:59:00        0.015400       0.028439
2023-04-24 12:14:00        0.020534       0.000000
2023-04-24 12:29:00        0.057252       0.132836
2023-04-24 12:44:00        0.094851       0.192876
2023-04-24 12:59:00        0.076588       0.352123
2023-04-24 13:14:00        0.217650       0.440737
2023-04-24 13:29:00        0.256550       0.453753
2023-04-24 13:44:00        0.325828       0.357755
2023-04-24 13:59:00        0.414934       0.416514
2023-04-24 14:14:00        0.461741       0.476585
2023-04-24 14:29:00        0.589766       0.732654
2023-04-24 14:44:00        0.670129       0.867351
2023-04-24 14:59:00        0.761301       0.984652
2023-04-24 15:14:00        0.819634       1.000000
2023-04-24 15:29:00        0.849583       0.993175
2023-04-24 15:44:00        0.876137       0.962140
2023-04-24 15:59:00        0.929743       0.903329
2023-04-24 16:14:00        0.971469       0.849374
2023-04-24 16:29:00        0.989562       0.888578
2023-04-24 16:44:00        0.919727       0.884701
2023-04-24 16:59:00        0.981978       0.631696
2023-04-24 17:14:00        0.991977       0.621127
2023-04-24 17:29:00        0.985125       0.729806
2023-04-24 17:44:00        0.995817       0.812872
2023-04-24 17:59:00        0.968171       0.778749
2023-04-24 18:14:00        0.961242       0.891088
2023-04-24 18:29:00        0.996349       0.953163
2023-04-24 18:44:00        0.995870       0.824280
2023-04-24 18:59:00        0.987034       0.691107
2023-04-24 19:14:00        1.000000       0.690155","                     P123_h_average  Turbidity FNU
DateTime                                          
2023-04-24 19:14:00        1.000000       0.690155
2023-04-24 19:29:00        0.979241       0.571776
2023-04-24 19:44:00        0.965077       0.567393
2023-04-24 19:59:00        0.964286       0.604483
2023-04-24 20:14:00        0.964404       0.591974
...                             ...            ...
2023-04-25 09:59:00        0.448689       0.144069
2023-04-25 10:14:00        0.457420       0.109656
2023-04-25 10:29:00        0.438838       0.017775
2023-04-25 10:44:00        0.429616       0.007496
2023-04-25 10:59:00        0.420815       0.022285

[64 rows x 2 columns]",P123_h_average,Turbidity FNU,0.5,2023-04-24 14:18:28.957926912,2023-04-25 09:09:59.119821056,"{'t0': Timestamp('2023-04-24 14:14:00'), 't1': Timestamp('2023-04-24 14:29:00'), 'tau0': np.float64(0.4617406702966127), 'tau1': np.float64(0.5897658864198472), 'c0': np.float64(0.47658463766053044), 'c1': np.float64(0.7326543684437554), 'extrapolated': False}","{'t0': Timestamp('2023-04-25 08:59:00'), 't1': Timestamp('2023-04-25 09:14:00'), 'tau0': np.float64(0.5225555950206866), 'tau1': np.float64(0.4917568921568959), 'c0': np.float64(0.263943509435197), 'c1': np.float64(0.2836992710160885), 'extrapolated': False}",2023-04-24 19:14:00,up_event7,Turbidity FNU
up_event7,0.2755988239056891,0.5,0.12091905596858264,0.08759390635585507,"                     P123_h_average  fDOM RFU
DateTime                                     
2023-04-24 11:14:00        0.000000  0.085438
2023-04-24 11:29:00        0.005133  0.085518
2023-04-24 11:44:00        0.010267  0.087189
2023-04-24 11:59:00        0.015400  0.087933
2023-04-24 12:14:00        0.020534  0.088792
2023-04-24 12:29:00        0.057252  0.090260
2023-04-24 12:44:00        0.094851  0.092634
2023-04-24 12:59:00        0.076588  0.093569
2023-04-24 13:14:00        0.217650  0.096137
2023-04-24 13:29:00        0.256550  0.100472
2023-04-24 13:44:00        0.325828  0.105589
2023-04-24 13:59:00        0.414934  0.110430
2023-04-24 14:14:00        0.461741  0.118746
2023-04-24 14:29:00        0.589766  0.126017
2023-04-24 14:44:00        0.670129  0.133984
2023-04-24 14:59:00        0.761301  0.144651
2023-04-24 15:14:00        0.819634  0.159523
2023-04-24 15:29:00        0.849583  0.175642
2023-04-24 15:44:00        0.876137  0.193913
2023-04-24 15:59:00        0.929743  0.213456
2023-04-24 16:14:00        0.971469  0.229642
2023-04-24 16:29:00        0.989562  0.245220
2023-04-24 16:44:00        0.919727  0.256881
2023-04-24 16:59:00        0.981978  0.272794
2023-04-24 17:14:00        0.991977  0.284291
2023-04-24 17:29:00        0.985125  0.296382
2023-04-24 17:44:00        0.995817  0.275041
2023-04-24 17:59:00        0.968171  0.236596
2023-04-24 18:14:00        0.961242  0.215581
2023-04-24 18:29:00        0.996349  0.168052
2023-04-24 18:44:00        0.995870  0.133152
2023-04-24 18:59:00        0.987034  0.118132
2023-04-24 19:14:00        1.000000  0.113350","                     P123_h_average  fDOM RFU
DateTime                                     
2023-04-24 19:14:00        1.000000  0.113350
2023-04-24 19:29:00        0.979241  0.174794
2023-04-24 19:44:00        0.965077  0.325945
2023-04-24 19:59:00        0.964286  0.314127
2023-04-24 20:14:00        0.964404  0.336021
...                             ...       ...
2023-04-25 09:59:00        0.448689  0.301226
2023-04-25 10:14:00        0.457420  0.322832
2023-04-25 10:29:00        0.438838  0.363745
2023-04-25 10:44:00        0.429616  0.360415
2023-04-25 10:59:00        0.420815  0.056541

[64 rows x 2 columns]",P123_h_average,fDOM RFU,0.5,2023-04-24 14:18:28.957926912,2023-04-25 09:09:59.119821056,"{'t0': Timestamp('2023-04-24 14:14:00'), 't1': Timestamp('2023-04-24 14:29:00'), 'tau0': np.float64(0.4617406702966127), 'tau1': np.float64(0.5897658864198472), 'c0': np.float64(0.1187462893430133), 'c1': np.float64(0.1260169059240677), 'extrapolated': False}","{'t0': Timestamp('2023-04-25 08:59:00'), 't1': Timestamp('2023-04-25 09:14:00'), 'tau0': np.float64(0.5225555950206866), 'tau1': np.float64(0.4917568921568959), 'c0': np.float64(0.2845298414200366), 'c1': np.float64(0.015622222659919584), 'extrapolated': False}",2023-04-24 19:14:00,up_event7,fDOM RFU
up_event8,0.3472311746392782,0.5,0.43752728632497784,0.28560417275761996,"                     P123_h_average  Turbidity FNU
DateTime                                          
2023-04-27 12:14:00        0.000000       0.044121
2023-04-27 12:29:00        0.010526       0.034066
2023-04-27 12:44:00        0.021053       0.057707
2023-04-27 12:59:00        0.031579       0.140892
2023-04-27 13:14:00        0.042105       0.208619
...                             ...            ...
2023-04-28 10:59:00        0.957895       0.000000
2023-04-28 11:14:00        0.968421       0.105029
2023-04-28 11:29:00        0.978947       0.159948
2023-04-28 11:44:00        0.989474       0.188061
2023-04-28 11:59:00        1.000000       0.285604

[96 rows x 2 columns]","                     P123_h_average  Turbidity FNU
DateTime                                          
2023-04-28 11:59:00             1.0       0.285604",P123_h_average,Turbidity FNU,0.5,2023-04-28 00:06:30.000000000,2023-04-28 11:59:00.000000000,"{'t0': Timestamp('2023-04-27 23:59:00'), 't1': Timestamp('2023-04-28 00:14:00'), 'tau0': np.float64(0.49473684210526336), 'tau1': np.float64(0.5052631578947366), 'c0': np.float64(0.44905393018335077), 'c1': np.float64(0.42600064246660485), 'extrapolated': False}",,2023-04-28 11:59:00,up_event8,Turbidity FNU
up_event8,0.07391432268870624,0.5,0.4536120326003942,0.4200836064472887,"                     P123_h_average  fDOM RFU
DateTime                                     
2023-04-27 12:14:00        0.000000  0.128371
2023-04-27 12:29:00        0.010526  0.171640
2023-04-27 12:44:00        0.021053  0.445733
2023-04-27 12:59:00        0.031579  0.705499
2023-04-27 13:14:00        0.042105  0.656165
...                             ...       ...
2023-04-28 10:59:00        0.957895  0.157042
2023-04-28 11:14:00        0.968421  0.175322
2023-04-28 11:29:00        0.978947  0.154596
2023-04-28 11:44:00        0.989474  0.227784
2023-04-28 11:59:00        1.000000  0.420084

[96 rows x 2 columns]","                     P123_h_average  fDOM RFU
DateTime                                     
2023-04-28 11:59:00             1.0  0.420084",P123_h_average,fDOM RFU,0.5,2023-04-28 00:06:30.000000000,2023-04-28 11:59:00.000000000,"{'t0': Timestamp('2023-04-27 23:59:00'), 't1': Timestamp('2023-04-28 00:14:00'), 'tau0': np.float64(0.49473684210526336), 'tau1': np.float64(0.5052631578947366), 'c0': np.float64(0.4346049596507902), 'c1': np.float64(0.4726191055499982), 'extrapolated': False}",,2023-04-28 11:59:00,up_event8,fDOM RFU
up_event9,0.6099881095744595,0.5,0.480814898430002,0.18752352748144932,"                     P123_h_average  Turbidity FNU
DateTime                                          
2023-04-29 12:14:00        0.000000       0.000000
2023-04-29 12:29:00        0.010526       0.032221
2023-04-29 12:44:00        0.021053       0.096706
2023-04-29 12:59:00        0.031579       0.148584
2023-04-29 13:14:00        0.042105       0.191097
...                             ...            ...
2023-04-30 10:59:00        0.957895       0.215289
2023-04-30 11:14:00        0.968421       0.246619
2023-04-30 11:29:00        0.978947       0.253376
2023-04-30 11:44:00        0.989474       0.207178
2023-04-30 11:59:00        1.000000       0.187524

[96 rows x 2 columns]","                     P123_h_average  Turbidity FNU
DateTime                                          
2023-04-30 11:59:00             1.0       0.187524",P123_h_average,Turbidity FNU,0.5,2023-04-30 00:06:30.000000000,2023-04-30 11:59:00.000000000,"{'t0': Timestamp('2023-04-29 23:59:00'), 't1': Timestamp('2023-04-30 00:14:00'), 'tau0': np.float64(0.49473684210526336), 'tau1': np.float64(0.5052631578947366), 'c0': np.float64(0.4604378464676496), 'c1': np.float64(0.5011919503923544), 'extrapolated': False}",,2023-04-30 11:59:00,up_event9,Turbidity FNU
up_event9,0.38633710727342696,0.5,0.11046761814512582,0.06778987810355237,"                     P123_h_average  fDOM RFU
DateTime                                     
2023-04-29 12:14:00        0.000000  0.348329
2023-04-29 12:29:00        0.010526  0.568354
2023-04-29 12:44:00        0.021053  0.736188
2023-04-29 12:59:00        0.031579  0.604619
2023-04-29 13:14:00        0.042105  0.318372
...                             ...       ...
2023-04-30 10:59:00        0.957895  0.472841
2023-04-30 11:14:00        0.968421  0.225436
2023-04-30 11:29:00        0.978947  0.095438
2023-04-30 11:44:00        0.989474  0.047869
2023-04-30 11:59:00        1.000000  0.067790

[96 rows x 2 columns]","                     P123_h_average  fDOM RFU
DateTime                                     
2023-04-30 11:59:00             1.0   0.06779",P123_h_average,fDOM RFU,0.5,2023-04-30 00:06:30.000000000,2023-04-30 11:59:00.000000000,"{'t0': Timestamp('2023-04-29 23:59:00'), 't1': Timestamp('2023-04-30 00:14:00'), 'tau0': np.float64(0.49473684210526336), 'tau1': np.float64(0.5052631578947366), 'c0': np.float64(0.11842993574182076), 'c1': np.float64(0.10250530054843086), 'extrapolated': False}",,2023-04-30 11:59:00,up_event9,fDOM RFU
up_event10,0.6725886179548264,0.5,0.3991385641384174,0.1306825089120854,"                     P123_h_average  Turbidity FNU
DateTime                                          
2023-04-30 12:14:00        0.000000       0.000000
2023-04-30 12:29:00        0.010989       0.008204
2023-04-30 12:44:00        0.021978       0.033827
2023-04-30 12:59:00        0.032967       0.058670
2023-04-30 13:14:00        0.043956       0.100161
...                             ...            ...
2023-05-01 09:59:00        0.956044       0.114471
2023-05-01 10:14:00        0.967033       0.142131
2023-05-01 10:29:00        0.978022       0.138851
2023-05-01 10:44:00        0.989011       0.139463
2023-05-01 10:59:00        1.000000       0.130683

[92 rows x 2 columns]","                     P123_h_average  Turbidity FNU
DateTime                                          
2023-05-01 10:59:00             1.0       0.130683",P123_h_average,Turbidity FNU,0.5,2023-04-30 23:36:30.000000000,2023-05-01 10:59:00.000000000,"{'t0': Timestamp('2023-04-30 23:29:00'), 't1': Timestamp('2023-04-30 23:44:00'), 'tau0': np.float64(0.4945054945054929), 'tau1': np.float64(0.5054945054945035), 'c0': np.float64(0.3945636975026303), 'c1': np.float64(0.40371343077420446), 'extrapolated': False}",,2023-05-01 10:59:00,up_event10,Turbidity FNU
up_event10,0.30035602503356285,0.5,0.12239535599010648,0.08563317338235023,"                     P123_h_average  fDOM RFU
DateTime                                     
2023-04-30 12:14:00        0.000000  0.166685
2023-04-30 12:29:00        0.010989  0.141885
2023-04-30 12:44:00        0.021978  0.323009
2023-04-30 12:59:00        0.032967  0.387175
2023-04-30 13:14:00        0.043956  0.366794
...                             ...       ...
2023-05-01 09:59:00        0.956044  0.114798
2023-05-01 10:14:00        0.967033  0.103609
2023-05-01 10:29:00        0.978022  0.095309
2023-05-01 10:44:00        0.989011  0.089720
2023-05-01 10:59:00        1.000000  0.085633

[92 rows x 2 columns]","                     P123_h_average  fDOM RFU
DateTime                                     
2023-05-01 10:59:00             1.0  0.085633",P123_h_average,fDOM RFU,0.5,2023-04-30 23:36:30.000000000,2023-05-01 10:59:00.000000000,"{'t0': Timestamp('2023-04-30 23:29:00'), 't1': Timestamp('2023-04-30 23:44:00'), 'tau0': np.float64(0.4945054945054929), 'tau1': np.float64(0.5054945054945035), 'c0': np.float64(0.10516862592890283), 'c1': np.float64(0.13962208605131013), 'extrapolated': False}",,2023-05-01 10:59:00,up_event10,fDOM RFU
up_event11,0.8009476930338928,0.5,0.9550604127188271,0.19010697844368496,"                     P123_h_average  Turbidity FNU
DateTime                                          
2023-05-01 11:14:00        0.189187       0.246414
2023-05-01 11:29:00        0.193979       0.214521
2023-05-01 11:44:00        0.198772       0.207330
2023-05-01 11:59:00        0.203564       0.259236
2023-05-01 12:14:00        0.208357       0.275427
2023-05-01 12:29:00        0.245413       0.298989
2023-05-01 12:44:00        0.310418       0.352162
2023-05-01 12:59:00        0.312736       0.547189
2023-05-01 13:14:00        0.236183       0.518883
2023-05-01 13:29:00        0.262067       0.548092
2023-05-01 13:44:00        0.313211       0.599252
2023-05-01 13:59:00        0.344504       0.705984
2023-05-01 14:14:00        0.358546       0.726190
2023-05-01 14:29:00        0.310865       0.853929
2023-05-01 14:44:00        0.258856       1.000000
2023-05-01 20:29:00        0.869002       0.886293
2023-05-01 20:44:00        0.935855       0.828310
2023-05-01 20:59:00        0.864996       0.870777
2023-05-01 21:14:00        0.946154       0.767959
2023-05-01 21:29:00        1.000000       0.758908","                     P123_h_average  Turbidity FNU
DateTime                                          
2023-05-01 21:29:00        1.000000       0.758908
2023-05-01 21:44:00        0.837647       0.688349
2023-05-01 21:59:00        0.856758       0.661008
2023-05-01 22:14:00        0.817679       0.600523
2023-05-01 22:29:00        0.785228       0.636657
...                             ...            ...
2023-05-02 11:59:00        0.010436       0.005982
2023-05-02 12:14:00        0.012106       0.010549
2023-05-02 12:29:00        0.000000       0.025202
2023-05-02 12:44:00        0.011178       0.000000
2023-05-02 12:59:00        0.029483       0.034802

[63 rows x 2 columns]",P123_h_average,Turbidity FNU,0.5,2023-05-01 17:00:21.133316864,2023-05-02 04:04:34.496335872,"{'t0': Timestamp('2023-05-01 14:44:00'), 't1': Timestamp('2023-05-01 20:29:00'), 'tau0': np.float64(0.25885592602234464), 'tau1': np.float64(0.8690015058656081), 'c0': np.float64(1.0), 'c1': np.float64(0.8862933262800241), 'extrapolated': False}","{'t0': Timestamp('2023-05-02 03:59:00'), 't1': Timestamp('2023-05-02 04:14:00'), 'tau0': np.float64(0.5466858464002543), 'tau1': np.float64(0.4210723276688471), 'c0': np.float64(0.21428854308743742), 'c1': np.float64(0.1492253246140808), 'extrapolated': False}",2023-05-01 21:29:00,up_event11,Turbidity FNU
up_event11,0.6454454090746254,0.5,0.5135567472119086,0.18208390242468422,"                     P123_h_average  fDOM RFU
DateTime                                     
2023-05-01 11:14:00        0.189187  0.199046
2023-05-01 11:29:00        0.193979  0.197500
2023-05-01 11:44:00        0.198772  0.192348
2023-05-01 11:59:00        0.203564  0.186016
2023-05-01 12:14:00        0.208357  0.183216
2023-05-01 12:29:00        0.245413  0.179503
2023-05-01 12:44:00        0.310418  0.179464
2023-05-01 12:59:00        0.312736  0.186264
2023-05-01 13:14:00        0.236183  0.201849
2023-05-01 13:29:00        0.262067  0.219074
2023-05-01 13:44:00        0.313211  0.251228
2023-05-01 13:59:00        0.344504  0.293938
2023-05-01 14:14:00        0.358546  0.336524
2023-05-01 14:29:00        0.310865  0.382992
2023-05-01 14:44:00        0.258856  0.435699
2023-05-01 20:29:00        0.869002  0.632696
2023-05-01 20:44:00        0.935855  0.621097
2023-05-01 20:59:00        0.864996  0.610921
2023-05-01 21:14:00        0.946154  0.600516
2023-05-01 21:29:00        1.000000  0.662919","                     P123_h_average  fDOM RFU
DateTime                                     
2023-05-01 21:29:00        1.000000  0.662919
2023-05-01 21:44:00        0.837647  0.403577
2023-05-01 21:59:00        0.856758  0.441940
2023-05-01 22:14:00        0.817679  0.423652
2023-05-01 22:29:00        0.785228  0.402915
...                             ...       ...
2023-05-02 11:59:00        0.010436  0.091767
2023-05-02 12:14:00        0.012106  0.026021
2023-05-02 12:29:00        0.000000  0.052507
2023-05-02 12:44:00        0.011178  0.000000
2023-05-02 12:59:00        0.029483  0.030247

[63 rows x 2 columns]",P123_h_average,fDOM RFU,0.5,2023-05-01 17:00:21.133316864,2023-05-02 04:04:34.496335872,"{'t0': Timestamp('2023-05-01 14:44:00'), 't1': Timestamp('2023-05-01 20:29:00'), 'tau0': np.float64(0.25885592602234464), 'tau1': np.float64(0.8690015058656081), 'c0': np.float64(0.43569905681812804), 'c1': np.float64(0.632695503243113), 'extrapolated': False}","{'t0': Timestamp('2023-05-02 03:59:00'), 't1': Timestamp('2023-05-02 04:14:00'), 'tau0': np.float64(0.5466858464002543), 'tau1': np.float64(0.4210723276688471), 'c0': np.float64(0.18577394511200293), 'c1': np.float64(0.17584547038019696), 'extrapolated': False}",2023-05-01 21:29:00,up_event11,fDOM RFU
up_event12,-0.1125944228174629,0.5,0.2921096607130347,0.3291726671816358,"                     P123_h_average  Turbidity FNU
DateTime                                          
2023-05-02 13:14:00        0.339977       0.256952
2023-05-02 13:29:00        0.462886       0.270719
2023-05-02 13:44:00        0.554079       0.323278
2023-05-02 13:59:00        0.630832       0.357061
2023-05-02 14:14:00        0.389555       0.443899
2023-05-02 14:29:00        0.583821       0.503686
2023-05-02 14:44:00        0.629040       0.544055
2023-05-02 14:59:00        0.725028       0.502043
2023-05-02 15:14:00        0.553440       0.473817
2023-05-02 15:29:00        0.553676       0.450488
2023-05-02 15:44:00        0.756812       0.468534
2023-05-02 15:59:00        0.673711       0.437983
2023-05-02 16:14:00        0.646530       0.452214
2023-05-02 16:29:00        0.616530       0.525058
2023-05-02 16:44:00        0.585933       0.427125
2023-05-02 16:59:00        0.552250       0.474641
2023-05-02 19:14:00        0.480083       1.000000
2023-05-02 19:29:00        0.387733       0.887741
2023-05-02 19:44:00        0.287864       0.835036
2023-05-02 19:59:00        0.498306       0.764695
2023-05-02 20:14:00        0.651683       0.713526
2023-05-02 20:29:00        0.758671       0.608662
2023-05-02 20:44:00        0.647869       0.526172
2023-05-02 20:59:00        0.751875       0.426888
2023-05-02 21:14:00        0.805882       0.394574
2023-05-02 21:29:00        0.758031       0.391134
2023-05-02 21:44:00        0.760894       0.450517
2023-05-02 21:59:00        1.000000       0.623755","                     P123_h_average  Turbidity FNU
DateTime                                          
2023-05-02 21:59:00        1.000000       0.623755
2023-05-02 22:14:00        0.823972       0.626731
2023-05-02 22:29:00        0.755937       0.567509
2023-05-02 22:44:00        0.615865       0.433367
2023-05-02 22:59:00        0.724488       0.316914
2023-05-02 23:14:00        0.672691       0.199193
2023-05-02 23:29:00        0.891181       0.222307
2023-05-02 23:44:00        0.704636       0.327293
2023-05-02 23:59:00        0.479426       0.329362
2023-05-03 00:14:00        0.721874       0.336439
2023-05-03 00:29:00        0.611843       0.339476
2023-05-03 00:44:00        0.601291       0.328900
2023-05-03 00:59:00        0.486869       0.272031
2023-05-03 01:14:00        0.611892       0.365867
2023-05-03 01:29:00        0.572697       0.382821
2023-05-03 01:44:00        0.587995       0.343826
2023-05-03 01:59:00        0.552962       0.341230
2023-05-03 02:14:00        0.738051       0.236837
2023-05-03 02:29:00        0.594549       0.138649
2023-05-03 02:44:00        0.482034       0.099868
2023-05-03 02:59:00        0.451149       0.062560
2023-05-03 03:14:00        0.440019       0.000000
2023-05-03 03:29:00        0.458341       0.153913
2023-05-03 03:44:00        0.478694       0.185265
2023-05-03 03:59:00        0.399799       0.204062
2023-05-03 04:14:00        0.313814       0.215438
2023-05-03 04:29:00        0.473291       0.311042
2023-05-03 04:44:00        0.470220       0.174287
2023-05-03 04:59:00        0.444318       0.216637
2023-05-03 05:14:00        0.418398       0.205807
2023-05-03 05:29:00        0.538492       0.194811
2023-05-03 05:44:00        0.414553       0.174814
2023-05-03 05:59:00        0.418848       0.165973
2023-05-03 06:14:00        0.447950       0.133572
2023-05-03 06:29:00        0.378716       0.174998
2023-05-03 06:44:00        0.201492       0.325500
2023-05-03 06:59:00        0.017062       0.502217
2023-05-03 07:14:00        0.259559       0.679478
2023-05-03 07:29:00        0.131233       0.685454
2023-05-03 07:44:00        0.165433       0.719123
2023-05-03 07:59:00        0.213291       0.585574
2023-05-03 08:14:00        0.097765       0.406342
2023-05-03 08:29:00        0.231395       0.291667
2023-05-03 08:44:00        0.124937       0.231230
2023-05-03 08:59:00        0.000000       0.124448
2023-05-03 09:14:00        0.071354       0.153678
2023-05-03 09:29:00        0.156730       0.198604
2023-05-03 09:44:00        0.242105       0.165200
2023-05-03 09:59:00        0.170495       0.255075
2023-05-03 10:14:00        0.087671       0.254661
2023-05-03 10:29:00        0.168015       0.315711
2023-05-03 10:44:00        0.186792       0.253933
2023-05-03 10:59:00        0.127074       0.308377
2023-05-03 11:14:00        0.235398       0.249120
2023-05-03 11:29:00        0.237378       0.274525",P123_h_average,Turbidity FNU,0.5,2023-05-02 13:35:06.281681408,2023-05-02 23:57:37.781709312,"{'t0': Timestamp('2023-05-02 13:29:00'), 't1': Timestamp('2023-05-02 13:44:00'), 'tau0': np.float64(0.4628863121249375), 'tau1': np.float64(0.5540792949903256), 'c0': np.float64(0.2707193346363638), 'c1': np.float64(0.32327804681383643), 'extrapolated': False}","{'t0': Timestamp('2023-05-02 23:44:00'), 't1': Timestamp('2023-05-02 23:59:00'), 'tau0': np.float64(0.7046359731021321), 'tau1': np.float64(0.4794262701985073), 'c0': np.float64(0.3272933595943831), 'c1': np.float64(0.3293616093598986), 'extrapolated': False}",2023-05-02 21:59:00,up_event12,Turbidity FNU
up_event12,-0.4343211181671768,0.5,0.1087229068393506,0.192198984849998,"                     P123_h_average  fDOM RFU
DateTime                                     
2023-05-02 13:14:00        0.339977  0.119223
2023-05-02 13:29:00        0.462886  0.125498
2023-05-02 13:44:00        0.554079  0.084280
2023-05-02 13:59:00        0.630832  0.104215
2023-05-02 14:14:00        0.389555  0.086878
2023-05-02 14:29:00        0.583821  0.044742
2023-05-02 14:44:00        0.629040  0.071270
2023-05-02 14:59:00        0.725028  0.077379
2023-05-02 15:14:00        0.553440  0.094397
2023-05-02 15:29:00        0.553676  0.159714
2023-05-02 15:44:00        0.756812  0.201280
2023-05-02 15:59:00        0.673711  0.181006
2023-05-02 16:14:00        0.646530  0.177907
2023-05-02 16:29:00        0.616530  0.229165
2023-05-02 16:44:00        0.585933  0.298580
2023-05-02 16:59:00        0.552250  0.300402
2023-05-02 19:14:00        0.480083  0.716058
2023-05-02 19:29:00        0.387733  0.750672
2023-05-02 19:44:00        0.287864  0.674289
2023-05-02 19:59:00        0.498306  0.663143
2023-05-02 20:14:00        0.651683  0.736832
2023-05-02 20:29:00        0.758671  0.974834
2023-05-02 20:44:00        0.647869  0.893848
2023-05-02 20:59:00        0.751875  0.992953
2023-05-02 21:14:00        0.805882  1.000000
2023-05-02 21:29:00        0.758031  0.962320
2023-05-02 21:44:00        0.760894  0.678719
2023-05-02 21:59:00        1.000000  0.679836","                     P123_h_average  fDOM RFU
DateTime                                     
2023-05-02 21:59:00        1.000000  0.679836
2023-05-02 22:14:00        0.823972  0.341637
2023-05-02 22:29:00        0.755937  0.322130
2023-05-02 22:44:00        0.615865  0.263736
2023-05-02 22:59:00        0.724488  0.252019
2023-05-02 23:14:00        0.672691  0.215283
2023-05-02 23:29:00        0.891181  0.206056
2023-05-02 23:44:00        0.704636  0.204350
2023-05-02 23:59:00        0.479426  0.190977
2023-05-03 00:14:00        0.721874  0.206999
2023-05-03 00:29:00        0.611843  0.212789
2023-05-03 00:44:00        0.601291  0.233425
2023-05-03 00:59:00        0.486869  0.220838
2023-05-03 01:14:00        0.611892  0.219467
2023-05-03 01:29:00        0.572697  0.196786
2023-05-03 01:44:00        0.587995  0.182688
2023-05-03 01:59:00        0.552962  0.156320
2023-05-03 02:14:00        0.738051  0.136385
2023-05-03 02:29:00        0.594549  0.122944
2023-05-03 02:44:00        0.482034  0.122332
2023-05-03 02:59:00        0.451149  0.151300
2023-05-03 03:14:00        0.440019  0.138791
2023-05-03 03:29:00        0.458341  0.142266
2023-05-03 03:44:00        0.478694  0.169005
2023-05-03 03:59:00        0.399799  0.187493
2023-05-03 04:14:00        0.313814  0.576681
2023-05-03 04:29:00        0.473291  0.570457
2023-05-03 04:44:00        0.470220  0.559670
2023-05-03 04:59:00        0.444318  0.525761
2023-05-03 05:14:00        0.418398  0.486849
2023-05-03 05:29:00        0.538492  0.036631
2023-05-03 05:44:00        0.414553  0.045974
2023-05-03 05:59:00        0.418848  0.054094
2023-05-03 06:14:00        0.447950  0.065665
2023-05-03 06:29:00        0.378716  0.072699
2023-05-03 06:44:00        0.201492  0.077879
2023-05-03 06:59:00        0.017062  0.078560
2023-05-03 07:14:00        0.259559  0.067105
2023-05-03 07:29:00        0.131233  0.085449
2023-05-03 07:44:00        0.165433  0.090364
2023-05-03 07:59:00        0.213291  0.113659
2023-05-03 08:14:00        0.097765  0.115165
2023-05-03 08:29:00        0.231395  0.114876
2023-05-03 08:44:00        0.124937  0.083455
2023-05-03 08:59:00        0.000000  0.051739
2023-05-03 09:14:00        0.071354  0.050820
2023-05-03 09:29:00        0.156730  0.043606
2023-05-03 09:44:00        0.242105  0.056367
2023-05-03 09:59:00        0.170495  0.078637
2023-05-03 10:14:00        0.087671  0.071340
2023-05-03 10:29:00        0.168015  0.073368
2023-05-03 10:44:00        0.186792  0.044780
2023-05-03 10:59:00        0.127074  0.015615
2023-05-03 11:14:00        0.235398  0.000000
2023-05-03 11:29:00        0.237378  0.003595",P123_h_average,fDOM RFU,0.5,2023-05-02 13:35:06.281681408,2023-05-02 23:57:37.781709312,"{'t0': Timestamp('2023-05-02 13:29:00'), 't1': Timestamp('2023-05-02 13:44:00'), 'tau0': np.float64(0.4628863121249375), 'tau1': np.float64(0.5540792949903256), 'c0': np.float64(0.12549760845461655), 'c1': np.float64(0.08428006408902051), 'extrapolated': False}","{'t0': Timestamp('2023-05-02 23:44:00'), 't1': Timestamp('2023-05-02 23:59:00'), 'tau0': np.float64(0.7046359731021321), 'tau1': np.float64(0.4794262701985073), 'c0': np.float64(0.20434995460118502), 'c1': np.float64(0.19097734837688016), 'extrapolated': False}",2023-05-02 21:59:00,up_event12,fDOM RFU
up_event13,-0.8549646182937181,0.5,0.12423812263431906,0.8566056170067495,"                     P123_h_average  Turbidity FNU
DateTime                                          
2023-05-03 11:44:00        0.302231       0.062565
2023-05-03 11:59:00        0.334801       0.133349
2023-05-03 12:14:00        0.141118       0.125155
2023-05-03 12:29:00        0.212127       0.123532
2023-05-03 12:44:00        0.432479       0.155501
2023-05-03 12:59:00        0.289246       0.141105
2023-05-03 13:14:00        0.355836       0.109896
2023-05-03 13:29:00        0.356793       0.102190
2023-05-03 13:44:00        0.514282       0.126437
2023-05-03 13:59:00        0.252846       0.115540
2023-05-03 14:14:00        0.516062       0.142808
2023-05-03 14:29:00        0.524698       0.171500
2023-05-03 14:44:00        0.688572       0.219984
2023-05-03 14:59:00        0.519458       0.298460
2023-05-03 15:14:00        0.470967       0.469797
2023-05-03 15:29:00        0.624082       0.508541
2023-05-03 15:44:00        0.670902       0.574854
2023-05-03 15:59:00        0.922387       0.659118
2023-05-03 16:14:00        0.779645       0.684575
2023-05-03 16:29:00        1.000000       0.683428","                     P123_h_average  Turbidity FNU
DateTime                                          
2023-05-03 16:29:00        1.000000       0.683428
2023-05-03 16:44:00        0.894527       0.774306
2023-05-03 16:59:00        0.946463       0.870850
2023-05-03 17:14:00        0.693001       0.920941
2023-05-03 17:29:00        0.937150       0.995696
...                             ...            ...
2023-05-04 08:59:00        0.149932       0.021644
2023-05-04 09:14:00        0.097178       0.009298
2023-05-04 09:29:00        0.250716       0.015284
2023-05-04 09:44:00        0.000000       0.037714
2023-05-04 09:59:00        0.282764       0.044406

[71 rows x 2 columns]",P123_h_average,Turbidity FNU,0.5,2023-05-03 13:42:38.380368384,2023-05-03 19:03:05.764036352,"{'t0': Timestamp('2023-05-03 13:29:00'), 't1': Timestamp('2023-05-03 13:44:00'), 'tau0': np.float64(0.35679298594829983), 'tau1': np.float64(0.5142824830595959), 'c0': np.float64(0.10219025380765001), 'c1': np.float64(0.1264370254930277), 'extrapolated': False}","{'t0': Timestamp('2023-05-03 18:59:00'), 't1': Timestamp('2023-05-03 19:14:00'), 'tau0': np.float64(0.5386766552121606), 'tau1': np.float64(0.39704083972759174), 'c0': np.float64(0.846158382334962), 'c1': np.float64(0.8844166700168172), 'extrapolated': False}",2023-05-03 16:29:00,up_event13,Turbidity FNU
up_event13,-0.9654094535379465,0.5,0.02791449409648214,0.8069977768956296,"                     P123_h_average  fDOM RFU
DateTime                                     
2023-05-03 11:44:00        0.302231  0.024047
2023-05-03 11:59:00        0.334801  0.019844
2023-05-03 12:14:00        0.141118  0.018636
2023-05-03 12:29:00        0.212127  0.003513
2023-05-03 12:44:00        0.432479  0.015663
2023-05-03 12:59:00        0.289246  0.000000
2023-05-03 13:14:00        0.355836  0.012096
2023-05-03 13:29:00        0.356793  0.016669
2023-05-03 13:44:00        0.514282  0.029036
2023-05-03 13:59:00        0.252846  0.014839
2023-05-03 14:14:00        0.516062  0.013764
2023-05-03 14:29:00        0.524698  0.053080
2023-05-03 14:44:00        0.688572  0.089809
2023-05-03 14:59:00        0.519458  0.153642
2023-05-03 15:14:00        0.470967  0.178506
2023-05-03 15:29:00        0.624082  0.224489
2023-05-03 15:44:00        0.670902  0.241630
2023-05-03 15:59:00        0.922387  0.319362
2023-05-03 16:14:00        0.779645  0.332240
2023-05-03 16:29:00        1.000000  0.398533","                     P123_h_average  fDOM RFU
DateTime                                     
2023-05-03 16:29:00        1.000000  0.398533
2023-05-03 16:44:00        0.894527  0.544643
2023-05-03 16:59:00        0.946463  0.637486
2023-05-03 17:14:00        0.693001  0.639498
2023-05-03 17:29:00        0.937150  0.765473
...                             ...       ...
2023-05-04 08:59:00        0.149932  0.161017
2023-05-04 09:14:00        0.097178  0.151397
2023-05-04 09:29:00        0.250716  0.137249
2023-05-04 09:44:00        0.000000  0.118180
2023-05-04 09:59:00        0.282764  0.128739

[71 rows x 2 columns]",P123_h_average,fDOM RFU,0.5,2023-05-03 13:42:38.380368384,2023-05-03 19:03:05.764036352,"{'t0': Timestamp('2023-05-03 13:29:00'), 't1': Timestamp('2023-05-03 13:44:00'), 'tau0': np.float64(0.35679298594829983), 'tau1': np.float64(0.5142824830595959), 'c0': np.float64(0.01666935719088447), 'c1': np.float64(0.02903600674165804), 'extrapolated': False}","{'t0': Timestamp('2023-05-03 18:59:00'), 't1': Timestamp('2023-05-03 19:14:00'), 'tau0': np.float64(0.5386766552121606), 'tau1': np.float64(0.39704083972759174), 'c0': np.float64(0.836366510547517), 'c1': np.float64(0.7288167621016491), 'extrapolated': False}",2023-05-03 16:29:00,up_event13,fDOM RFU
up_event14,-0.6069236568552623,0.5,0.3061688330956866,0.7789042470636544,"                     P123_h_average  Turbidity FNU
DateTime                                          
2023-05-04 11:14:00        0.460464       0.291815
2023-05-04 11:29:00        0.397669       0.295595
2023-05-04 11:44:00        0.341938       0.301300
2023-05-04 11:59:00        0.576443       0.308524
2023-05-04 12:14:00        0.449239       0.306769
2023-05-04 12:29:00        0.457078       0.254922
2023-05-04 12:44:00        0.580189       0.250624
2023-05-04 12:59:00        0.581300       0.306394
2023-05-04 13:14:00        0.553897       0.282437
2023-05-04 13:29:00        0.498537       0.317104
2023-05-04 13:44:00        0.565342       0.367315
2023-05-04 13:59:00        0.478497       0.361778
2023-05-04 14:14:00        0.580441       0.312353
2023-05-04 14:29:00        0.695719       0.369273
2023-05-04 14:44:00        0.582682       0.335319
2023-05-04 14:59:00        0.509504       0.355188
2023-05-04 15:14:00        0.672128       0.422256
2023-05-04 15:29:00        0.711065       0.598356
2023-05-04 15:44:00        0.801680       0.651389
2023-05-04 15:59:00        0.831962       0.733238
2023-05-04 16:14:00        0.944251       0.859644
2023-05-04 16:29:00        0.868700       0.927984
2023-05-04 16:44:00        1.000000       0.976945","                     P123_h_average  Turbidity FNU
DateTime                                          
2023-05-04 16:44:00        1.000000       0.976945
2023-05-04 16:59:00        0.803286       1.000000
2023-05-04 17:14:00        0.688131       0.988588
2023-05-04 17:29:00        0.727949       0.947740
2023-05-04 17:44:00        0.858680       0.858244
...                             ...            ...
2023-05-05 07:59:00        0.238005       0.242826
2023-05-05 08:14:00        0.000000       0.256176
2023-05-05 08:29:00        0.348895       0.218814
2023-05-05 08:44:00        0.257067       0.188213
2023-05-05 08:59:00        0.352942       0.169184

[66 rows x 2 columns]",P123_h_average,Turbidity FNU,0.5,2023-05-04 11:54:06.621511936,2023-05-04 18:18:41.720312832,"{'t0': Timestamp('2023-05-04 11:44:00'), 't1': Timestamp('2023-05-04 11:59:00'), 'tau0': np.float64(0.3419382356806314), 'tau1': np.float64(0.5764429228735649), 'c0': np.float64(0.3012997010804651), 'c1': np.float64(0.30852367637226397), 'extrapolated': False}","{'t0': Timestamp('2023-05-04 18:14:00'), 't1': Timestamp('2023-05-04 18:29:00'), 'tau0': np.float64(0.5667154574358665), 'tau1': np.float64(0.35358239967027577), 'c0': np.float64(0.7568231290449535), 'c1': np.float64(0.827364745363127), 'extrapolated': False}",2023-05-04 16:44:00,up_event14,Turbidity FNU
up_event14,-0.9838482170147318,0.5,0.0015651055104593668,0.09689986002702461,"                     P123_h_average  fDOM RFU
DateTime                                     
2023-05-04 11:14:00        0.460464  0.003984
2023-05-04 11:29:00        0.397669  0.001400
2023-05-04 11:44:00        0.341938  0.001561
2023-05-04 11:59:00        0.576443  0.001567
2023-05-04 12:14:00        0.449239  0.000196
2023-05-04 12:29:00        0.457078  0.000000
2023-05-04 12:44:00        0.580189  0.000680
2023-05-04 12:59:00        0.581300  0.004861
2023-05-04 13:14:00        0.553897  0.005752
2023-05-04 13:29:00        0.498537  0.010355
2023-05-04 13:44:00        0.565342  0.015869
2023-05-04 13:59:00        0.478497  0.013867
2023-05-04 14:14:00        0.580441  0.007647
2023-05-04 14:29:00        0.695719  0.001997
2023-05-04 14:44:00        0.582682  0.005478
2023-05-04 14:59:00        0.509504  0.007084
2023-05-04 15:14:00        0.672128  0.019596
2023-05-04 15:29:00        0.711065  0.026952
2023-05-04 15:44:00        0.801680  0.032644
2023-05-04 15:59:00        0.831962  0.041837
2023-05-04 16:14:00        0.944251  0.044255
2023-05-04 16:29:00        0.868700  0.046558
2023-05-04 16:44:00        1.000000  0.059239","                     P123_h_average  fDOM RFU
DateTime                                     
2023-05-04 16:44:00        1.000000  0.059239
2023-05-04 16:59:00        0.803286  0.075718
2023-05-04 17:14:00        0.688131  0.075337
2023-05-04 17:29:00        0.727949  0.092950
2023-05-04 17:44:00        0.858680  0.102269
...                             ...       ...
2023-05-05 07:59:00        0.238005  0.669435
2023-05-05 08:14:00        0.000000  0.650177
2023-05-05 08:29:00        0.348895  0.732374
2023-05-05 08:44:00        0.257067  0.667854
2023-05-05 08:59:00        0.352942  0.750924

[66 rows x 2 columns]",P123_h_average,fDOM RFU,0.5,2023-05-04 11:54:06.621511936,2023-05-04 18:18:41.720312832,"{'t0': Timestamp('2023-05-04 11:44:00'), 't1': Timestamp('2023-05-04 11:59:00'), 'tau0': np.float64(0.3419382356806314), 'tau1': np.float64(0.5764429228735649), 'c0': np.float64(0.0015606086418180713), 'c1': np.float64(0.0015672803171502723), 'extrapolated': False}","{'t0': Timestamp('2023-05-04 18:14:00'), 't1': Timestamp('2023-05-04 18:29:00'), 'tau0': np.float64(0.5667154574358665), 'tau1': np.float64(0.35358239967027577), 'c0': np.float64(0.09581217654482495), 'c1': np.float64(0.09928695308521399), 'extrapolated': False}",2023-05-04 16:44:00,up_event14,fDOM RFU
up_event15,0.9685182658424745,0.5,0.6109022425443046,0.019232261996015975,"                     P123_h_average  Turbidity FNU
DateTime                                          
2023-05-05 10:14:00        0.768895       0.488170
2023-05-05 10:29:00        0.700544       0.487610
2023-05-05 10:44:00        0.712344       0.479802
2023-05-05 10:59:00        0.709048       0.481832
2023-05-05 11:14:00        0.848273       0.548200
2023-05-05 11:29:00        0.782614       0.558105
2023-05-05 11:44:00        0.735418       0.585908
2023-05-05 11:59:00        0.657654       0.633505
2023-05-05 12:14:00        0.728735       0.608395
2023-05-05 12:29:00        0.780955       0.541550
2023-05-05 12:44:00        0.813096       0.546888
2023-05-05 12:59:00        0.832427       0.513708
2023-05-05 13:14:00        0.850935       0.486134
2023-05-05 13:29:00        0.698730       0.530160
2023-05-05 13:44:00        0.791742       0.548505
2023-05-05 13:59:00        0.822813       0.563083
2023-05-05 14:14:00        0.754185       0.600778
2023-05-05 14:29:00        0.835676       0.640123
2023-05-05 14:44:00        0.797007       0.649104
2023-05-05 14:59:00        0.774138       0.701588
2023-05-05 15:14:00        0.759133       0.707879
2023-05-05 15:29:00        0.805446       0.709024
2023-05-05 15:44:00        0.917574       0.744299
2023-05-05 15:59:00        0.892987       0.696202
2023-05-05 16:14:00        0.858321       0.699323
2023-05-05 16:29:00        0.887053       0.692341
2023-05-05 16:44:00        0.885400       0.720466
2023-05-05 16:59:00        0.846914       0.802780
2023-05-05 17:14:00        0.904824       0.859475
2023-05-05 17:29:00        0.969795       0.918616
2023-05-05 17:44:00        0.928932       1.000000
2023-05-05 17:59:00        1.000000       0.838999","                     P123_h_average  Turbidity FNU
DateTime                                          
2023-05-05 17:59:00        1.000000       0.838999
2023-05-05 18:14:00        0.871694       0.596954
2023-05-05 18:29:00        0.871197       0.430300
2023-05-05 18:44:00        0.793299       0.218470
2023-05-05 18:59:00        0.846632       0.009976
...                             ...            ...
2023-05-06 07:59:00        0.099263       0.000834
2023-05-06 08:14:00        0.087058       0.002002
2023-05-06 08:29:00        0.131917       0.002158
2023-05-06 08:44:00        0.020978       0.002505
2023-05-06 08:59:00        0.000000       0.003179

[61 rows x 2 columns]",P123_h_average,Turbidity FNU,0.5,2023-05-05 12:12:30.117938688,2023-05-05 20:13:21.259197952,"{'t0': Timestamp('2023-05-05 11:59:00'), 't1': Timestamp('2023-05-05 12:14:00'), 'tau0': np.float64(0.6576544481124169), 'tau1': np.float64(0.7287351880450414), 'c0': np.float64(0.6335047528635691), 'c1': np.float64(0.608394508643718), 'extrapolated': False}","{'t0': Timestamp('2023-05-05 19:59:00'), 't1': Timestamp('2023-05-05 20:14:00'), 'tau0': np.float64(0.5498405445893206), 'tau1': np.float64(0.4977580934144123), 'c0': np.float64(0.01689924485388031), 'c1': np.float64(0.01933720480010212), 'extrapolated': False}",2023-05-05 17:59:00,up_event15,Turbidity FNU
up_event15,0.9996196388675413,0.5,0.7025593437679513,0.0002672262676149852,"                     P123_h_average  fDOM RFU
DateTime                                     
2023-05-05 10:14:00        0.768895  0.844659
2023-05-05 10:29:00        0.700544  0.854371
2023-05-05 10:44:00        0.712344  0.936229
2023-05-05 10:59:00        0.709048  0.882208
2023-05-05 11:14:00        0.848273  0.765830
2023-05-05 11:29:00        0.782614  0.764093
2023-05-05 11:44:00        0.735418  0.723780
2023-05-05 11:59:00        0.657654  0.710334
2023-05-05 12:14:00        0.728735  0.701697
2023-05-05 12:29:00        0.780955  0.845337
2023-05-05 12:44:00        0.813096  0.920803
2023-05-05 12:59:00        0.832427  0.842179
2023-05-05 13:14:00        0.850935  0.878479
2023-05-05 13:29:00        0.698730  0.914003
2023-05-05 13:44:00        0.791742  0.769639
2023-05-05 13:59:00        0.822813  0.819480
2023-05-05 14:14:00        0.754185  0.983028
2023-05-05 14:29:00        0.835676  0.903491
2023-05-05 14:44:00        0.797007  0.846029
2023-05-05 14:59:00        0.774138  0.935042
2023-05-05 15:14:00        0.759133  0.811369
2023-05-05 15:29:00        0.805446  0.717472
2023-05-05 15:44:00        0.917574  0.754458
2023-05-05 15:59:00        0.892987  0.724789
2023-05-05 16:14:00        0.858321  0.757299
2023-05-05 16:29:00        0.887053  0.849031
2023-05-05 16:44:00        0.885400  0.880514
2023-05-05 16:59:00        0.846914  0.934499
2023-05-05 17:14:00        0.904824  1.000000
2023-05-05 17:29:00        0.969795  0.924105
2023-05-05 17:44:00        0.928932  0.961832
2023-05-05 17:59:00        1.000000  0.769115","                     P123_h_average  fDOM RFU
DateTime                                     
2023-05-05 17:59:00        1.000000  0.769115
2023-05-05 18:14:00        0.871694  0.539324
2023-05-05 18:29:00        0.871197  0.370157
2023-05-05 18:44:00        0.793299  0.236396
2023-05-05 18:59:00        0.846632  0.001299
...                             ...       ...
2023-05-06 07:59:00        0.099263  0.000563
2023-05-06 08:14:00        0.087058  0.000585
2023-05-06 08:29:00        0.131917  0.000424
2023-05-06 08:44:00        0.020978  0.000199
2023-05-06 08:59:00        0.000000  0.000091

[61 rows x 2 columns]",P123_h_average,fDOM RFU,0.5,2023-05-05 12:12:30.117938688,2023-05-05 20:13:21.259197952,"{'t0': Timestamp('2023-05-05 11:59:00'), 't1': Timestamp('2023-05-05 12:14:00'), 'tau0': np.float64(0.6576544481124169), 'tau1': np.float64(0.7287351880450414), 'c0': np.float64(0.7103335924914234), 'c1': np.float64(0.7016967959004772), 'extrapolated': False}","{'t0': Timestamp('2023-05-05 19:59:00'), 't1': Timestamp('2023-05-05 20:14:00'), 'tau0': np.float64(0.5498405445893206), 'tau1': np.float64(0.4977580934144123), 'c0': np.float64(0.0007339865079077295), 'c1': np.float64(0.0002462306531518165), 'extrapolated': False}",2023-05-05 17:59:00,up_event15,fDOM RFU
