Date (MM/DD/YYYY),Time (HH:mm:ss),fDOM RFU,Turbidity FNU
8/4/2022,13:00:00,-0.43,2.24
8/4/2022,13:00:01,-0.44,2.26
8/4/2022,13:00:02,-0.44,2.27
8/4/2022,13:00:03,-0.44,2.31
8/4/2022,13:00:04,-0.44,2.34
8/4/2022,13:00:05,-0.43,2.35
8/4/2022,13:00:06,-0.43,2.37
8/4/2022,13:00:07,-0.43,2.38
8/4/2022,13:00:08,-0.43,2.39
8/4/2022,13:00:09,-0.43,2.39
8/4/2022,13:00:10,-0.43,2.35
8/4/2022,13:00:11,-0.43,2.33
8/4/2022,13:00:12,-0.43,2.31
8/4/2022,13:00:13,-0.43,2.3
8/4/2022,13:00:14,-0.42,2.27
8/4/2022,13:00:15,-0.42,2.26
8/4/2022,13:00:16,-0.42,2.23
8/4/2022,13:00:17,-0.42,2.21
8/4/2022,13:00:18,-0.42,2.18
8/4/2022,13:00:19,-0.42,2.16
8/4/2022,13:00:20,-0.42,2.14
8/4/2022,13:00:21,-0.42,2.16
8/4/2022,13:00:22,-0.41,2.17
8/4/2022,13:00:23,-0.41,2.16
8/4/2022,13:00:24,-0.41,2.17
8/4/2022,13:00:25,-0.41,2.18
8/4/2022,13:00:26,-0.41,2.18
8/4/2022,13:00:27,-0.41,2.18
8/4/2022,13:00:28,-0.4,2.19
8/4/2022,13:00:29,-0.4,2.19
8/4/2022,13:00:30,-0.4,2.19
8/4/2022,13:00:31,-0.4,2.18
8/4/2022,13:00:32,-0.4,2.18
8/4/2022,13:00:33,-0.4,2.18
8/4/2022,13:00:34,-0.4,2.18
8/4/2022,13:00:35,-0.4,2.17
8/4/2022,13:00:36,-0.4,2.17
8/4/2022,13:00:37,-0.39,2.16
8/4/2022,13:00:38,-0.39,2.15
8/4/2022,13:00:39,-0.4,2.17
8/4/2022,13:00:40,-0.4,2.18
8/4/2022,13:00:41,-0.4,2.18
8/4/2022,13:00:42,-0.41,2.19
8/4/2022,13:00:43,-0.41,2.18
8/4/2022,13:00:44,-0.41,2.17
8/4/2022,13:00:45,-0.41,2.16
8/4/2022,13:00:46,-0.41,2.17
8/4/2022,13:00:47,-0.41,2.16
8/4/2022,13:00:48,-0.42,2.16
8/4/2022,13:00:49,-0.41,2.16
8/4/2022,13:00:50,-0.41,2.14
8/4/2022,13:00:51,-0.41,2.13
8/4/2022,13:00:52,-0.42,2.13
8/4/2022,13:00:53,-0.41,2.12
8/4/2022,13:00:54,-0.41,2.1
8/4/2022,13:00:55,-0.42,2.08
8/4/2022,13:00:56,-0.42,2.07
8/4/2022,13:00:57,-0.42,2.07
8/4/2022,13:00:58,-0.42,2.05
8/4/2022,13:00:59,-0.41,2.04
8/4/2022,13:01:00,-0.41,2.05
8/4/2022,13:01:01,-0.41,2.06
8/4/2022,13:01:02,-0.41,2.06
8/4/2022,13:01:03,-0.41,2.05
8/4/2022,13:01:04,-0.41,2.07
8/4/2022,13:01:05,-0.41,2.07
8/4/2022,13:01:06,-0.41,2.07
8/4/2022,13:01:07,-0.4,2.06
8/4/2022,13:01:08,-0.4,2.07
8/4/2022,13:01:09,-0.41,2.07
8/4/2022,13:01:10,-0.41,2.08
8/4/2022,13:01:11,-0.41,2.08
8/4/2022,13:01:12,-0.41,2.08
8/4/2022,13:01:13,-0.41,2.07
8/4/2022,13:01:14,-0.41,2.07
8/4/2022,13:01:15,-0.4,2.07
8/4/2022,13:01:16,-0.4,2.06
8/4/2022,13:01:17,-0.4,2.06
8/4/2022,13:01:18,-0.4,2.05
8/4/2022,13:01:19,-0.4,2.05
8/4/2022,13:01:20,-0.41,2.03
8/4/2022,13:01:21,-0.41,2.03
8/4/2022,13:01:22,-0.41,2.03
8/4/2022,13:01:23,-0.41,2.02
8/4/2022,13:01:24,-0.4,2.02
8/4/2022,13:01:25,-0.4,2.01
8/4/2022,13:01:26,-0.4,2.01
8/4/2022,13:01:27,-0.41,2.01
8/4/2022,13:01:28,-0.41,2.01
8/4/2022,13:01:29,-0.4,2.01
8/4/2022,13:01:30,-0.39,2.03
8/4/2022,13:01:31,-0.39,2.04
8/4/2022,13:01:32,-0.39,2.04
8/4/2022,13:01:33,-0.39,2.05
8/4/2022,13:01:34,-0.39,2.05
8/4/2022,13:01:35,-0.39,2.06
8/4/2022,13:01:36,-0.39,2.07
8/4/2022,13:01:37,-0.39,2.08
8/4/2022,13:01:38,-0.4,2.09
8/4/2022,13:01:39,-0.39,2.09
8/4/2022,13:01:40,-0.39,2.1
8/4/2022,13:01:41,-0.39,2.11
8/4/2022,13:01:42,-0.39,2.12
8/4/2022,13:01:43,-0.4,2.13
8/4/2022,13:01:44,-0.4,2.14
8/4/2022,13:01:45,-0.4,2.13
8/4/2022,13:01:46,-0.4,2.13
8/4/2022,13:01:47,-0.4,2.13
8/4/2022,13:01:48,-0.4,2.13
8/4/2022,13:01:49,-0.4,2.13
8/4/2022,13:01:50,-0.41,2.15
8/4/2022,13:01:51,-0.41,2.15
8/4/2022,13:01:52,-0.41,2.16
8/4/2022,13:01:53,-0.41,2.17
8/4/2022,13:01:54,-0.41,2.19
8/4/2022,13:01:55,-0.41,2.19
8/4/2022,13:01:56,-0.41,2.19
8/4/2022,13:01:57,-0.41,2.19
8/4/2022,13:01:58,-0.41,2.19
8/4/2022,13:01:59,-0.41,2.2
8/4/2022,13:02:00,-0.41,2.22
8/4/2022,13:02:01,-0.41,2.32
8/4/2022,13:02:02,-0.41,2.32
8/4/2022,13:02:03,-0.41,2.33
8/4/2022,13:02:04,-0.4,2.34
8/4/2022,13:02:05,-0.4,2.32
8/4/2022,13:02:06,-0.4,2.33
8/4/2022,13:02:07,-0.39,2.33
8/4/2022,13:02:08,-0.39,2.34
8/4/2022,13:02:09,-0.38,2.35
8/4/2022,13:02:10,-0.38,2.36
8/4/2022,13:02:11,-0.38,2.37
8/4/2022,13:02:12,-0.38,2.38
8/4/2022,13:02:13,-0.37,2.36
8/4/2022,13:02:14,-0.37,2.36
8/4/2022,13:02:15,-0.37,2.36
8/4/2022,13:02:16,-0.37,2.25
8/4/2022,13:02:17,-0.37,2.26
8/4/2022,13:02:18,-0.36,2.25
8/4/2022,13:02:19,-0.36,2.24
8/4/2022,13:02:20,-0.36,2.22
8/4/2022,13:02:21,-0.36,2.22
8/4/2022,13:02:22,-0.35,2.19
8/4/2022,13:02:23,-0.35,2.17
8/4/2022,13:02:24,-0.35,2.15
8/4/2022,13:02:25,-0.36,2.13
8/4/2022,13:02:26,-0.36,2.12
8/4/2022,13:02:27,-0.35,2.11
8/4/2022,13:02:28,-0.35,2.07
8/4/2022,13:02:29,-0.36,2.05
8/4/2022,13:02:30,-0.37,2.03
8/4/2022,13:02:31,-0.37,2.02
8/4/2022,13:02:32,-0.37,2
8/4/2022,13:02:33,-0.37,1.98
8/4/2022,13:02:34,-0.37,1.97
8/4/2022,13:02:35,-0.36,1.97
8/4/2022,13:02:36,-0.36,1.96
8/4/2022,13:02:37,-0.36,1.95
8/4/2022,13:02:38,-0.36,1.95
8/4/2022,13:02:39,-0.36,1.94
8/4/2022,13:02:40,-0.36,1.94
8/4/2022,13:02:41,-0.36,1.91
8/4/2022,13:02:42,-0.37,1.9
8/4/2022,13:02:43,-0.37,1.93
8/4/2022,13:02:44,-0.36,1.93
8/4/2022,13:02:45,-0.36,1.93
8/4/2022,13:02:46,-0.35,1.93
8/4/2022,13:02:47,-0.35,1.92
8/4/2022,13:02:48,-0.35,1.93
8/4/2022,13:02:49,-0.35,1.94
8/4/2022,13:02:50,-0.34,1.92
8/4/2022,13:02:51,-0.34,1.91
8/4/2022,13:02:52,-0.34,1.9
8/4/2022,13:02:53,-0.34,1.89
8/4/2022,13:02:54,-0.35,1.87
8/4/2022,13:02:55,-0.35,1.84
8/4/2022,13:02:56,-0.35,1.84
8/4/2022,13:02:57,-0.36,1.82
8/4/2022,13:02:58,-0.36,1.8
8/4/2022,13:02:59,-0.36,1.77
8/4/2022,13:03:00,-0.37,1.74
8/4/2022,13:03:01,-0.37,1.71
8/4/2022,13:03:02,-0.37,1.69
8/4/2022,13:03:03,-0.38,1.65
8/4/2022,13:03:04,-0.39,1.63
8/4/2022,13:03:05,-0.39,1.63
8/4/2022,13:03:06,-0.39,1.64
8/4/2022,13:03:07,-0.4,1.66
8/4/2022,13:03:08,-0.4,1.7
8/4/2022,13:03:09,-0.4,1.74
8/4/2022,13:03:10,-0.4,1.78
8/4/2022,13:03:11,-0.4,1.86
8/4/2022,13:03:12,-0.4,1.93
8/4/2022,13:03:13,-0.41,1.94
8/4/2022,13:03:14,-0.41,2
8/4/2022,13:03:15,-0.41,2.04
8/4/2022,13:03:16,-0.41,2.05
8/4/2022,13:03:17,-0.41,2.1
8/4/2022,13:03:18,-0.41,2.15
8/4/2022,13:03:19,-0.41,2.18
8/4/2022,13:03:20,-0.41,2.18
8/4/2022,13:03:21,-0.41,2.16
8/4/2022,13:03:22,-0.41,2.17
8/4/2022,13:03:23,-0.41,2.15
8/4/2022,13:03:24,-0.41,2.11
8/4/2022,13:03:25,-0.41,2.08
8/4/2022,13:03:26,-0.42,2.05
8/4/2022,13:03:27,-0.42,2
8/4/2022,13:03:28,-0.42,1.99
8/4/2022,13:03:29,-0.42,1.98
8/4/2022,13:03:30,-0.43,1.98
8/4/2022,13:03:31,-0.43,1.98
8/4/2022,13:03:32,-0.44,2
8/4/2022,13:03:33,-0.44,2.01
8/4/2022,13:03:34,-0.44,2.06
8/4/2022,13:03:35,-0.44,2.07
8/4/2022,13:03:36,-0.44,2.09
8/4/2022,13:03:37,-0.44,2.1
8/4/2022,13:03:38,-0.44,2.11
8/4/2022,13:03:39,-0.44,2.13
8/4/2022,13:03:40,-0.44,2.16
8/4/2022,13:03:41,-0.44,2.2
8/4/2022,13:03:42,-0.44,2.22
8/4/2022,13:03:43,-0.43,2.22
8/4/2022,13:03:44,-0.43,2.25
8/4/2022,13:03:45,-0.44,2.28
8/4/2022,13:03:46,-0.43,2.32
8/4/2022,13:03:47,0.49,2.99
8/4/2022,13:03:48,19.61,3.74
8/4/2022,13:03:49,20.18,4.21
8/4/2022,13:03:50,19.95,4.56
8/4/2022,13:03:51,19.93,4.94
8/4/2022,13:03:52,19.98,5.17
8/4/2022,13:03:53,20.04,5.44
8/4/2022,13:03:54,20.06,5.75
8/4/2022,13:03:55,20.06,6.01
8/4/2022,13:03:56,20.08,6.32
8/4/2022,13:03:57,20.09,6.52
8/4/2022,13:03:58,20.1,7.05
8/4/2022,13:03:59,20.12,7.17
8/4/2022,13:04:00,20.15,7.24
8/4/2022,13:04:01,20.16,7.01
8/4/2022,13:04:02,20.17,6.41
8/4/2022,13:04:03,20.17,5.68
8/4/2022,13:04:04,20.17,5.41
8/4/2022,13:04:05,20.18,5.13
8/4/2022,13:04:06,20.18,4.98
8/4/2022,13:04:07,20.18,4.84
8/4/2022,13:04:08,20.19,4.68
8/4/2022,13:04:09,20.2,4.52
8/4/2022,13:04:10,20.2,4.41
8/4/2022,13:04:11,20.21,4.27
8/4/2022,13:04:12,20.22,4.12
8/4/2022,13:04:13,20.23,4.03
8/4/2022,13:04:14,20.22,4.12
8/4/2022,13:04:15,20.22,4.22
8/4/2022,13:04:16,20.22,4.23
8/4/2022,13:04:17,20.22,4.25
8/4/2022,13:04:18,20.22,4.25
8/4/2022,13:04:19,20.21,4.31
8/4/2022,13:04:20,20.2,4.35
8/4/2022,13:04:21,20.2,4.4
8/4/2022,13:04:22,20.2,4.43
8/4/2022,13:04:23,20.22,4.43
8/4/2022,13:04:24,20.22,4.41
8/4/2022,13:04:25,20.22,4.4
8/4/2022,13:04:26,20.23,4.42
8/4/2022,13:04:27,20.23,4.4
8/4/2022,13:04:28,20.23,4.39
8/4/2022,13:04:29,20.22,4.34
8/4/2022,13:04:30,20.2,4.3
8/4/2022,13:04:31,20.18,4.37
8/4/2022,13:04:32,20.17,4.47
8/4/2022,13:04:33,20.16,4.49
8/4/2022,13:04:34,20.16,4.57
8/4/2022,13:04:35,20.17,4.71
8/4/2022,13:04:36,20.16,4.76
8/4/2022,13:04:37,20.16,4.79
8/4/2022,13:04:38,20.16,4.9
8/4/2022,13:04:39,20.15,5.02
8/4/2022,13:04:40,20.14,5.08
8/4/2022,13:04:41,20.13,5.14
8/4/2022,13:04:42,20.12,5.17
8/4/2022,13:04:43,20.11,5.21
8/4/2022,13:04:44,20.1,5.28
8/4/2022,13:04:45,20.08,5.38
8/4/2022,13:04:46,20.07,5.34
8/4/2022,13:04:47,20.07,5.21
8/4/2022,13:04:48,20.06,5.13
8/4/2022,13:04:49,20.07,5.02
8/4/2022,13:04:50,20.08,4.96
8/4/2022,13:04:51,20.1,4.91
8/4/2022,13:04:52,20.12,4.82
8/4/2022,13:04:53,20.13,4.7
8/4/2022,13:04:54,20.14,4.67
8/4/2022,13:04:55,20.15,4.66
8/4/2022,13:04:56,20.17,4.59
8/4/2022,13:04:57,20.17,4.54
8/4/2022,13:04:58,20.18,4.53
8/4/2022,13:04:59,20.19,4.48
8/4/2022,13:05:00,20.2,4.4
8/4/2022,13:05:01,20.2,4.54
8/4/2022,13:05:02,20.18,4.66
8/4/2022,13:05:03,20.18,4.83
8/4/2022,13:05:04,20.18,4.97
8/4/2022,13:05:05,20.17,5.09
8/4/2022,13:05:06,20.16,5.23
8/4/2022,13:05:07,20.15,5.34
8/4/2022,13:05:08,20.14,5.41
8/4/2022,13:05:09,20.13,5.39
8/4/2022,13:05:10,20.13,5.45
8/4/2022,13:05:11,20.13,5.53
8/4/2022,13:05:12,20.12,5.55
8/4/2022,13:05:13,20.12,5.61
8/4/2022,13:05:14,20.13,5.56
8/4/2022,13:05:15,20.13,5.55
8/4/2022,13:05:16,20.12,5.37
8/4/2022,13:05:17,20.14,5.22
8/4/2022,13:05:18,20.14,5.06
8/4/2022,13:05:19,20.15,4.95
8/4/2022,13:05:20,20.16,4.8
8/4/2022,13:05:21,20.18,4.64
8/4/2022,13:05:22,20.21,4.47
8/4/2022,13:05:23,20.23,4.38
8/4/2022,13:05:24,20.25,4.36
8/4/2022,13:05:25,20.27,4.34
8/4/2022,13:05:26,20.3,4.28
8/4/2022,13:05:27,20.32,4.18
8/4/2022,13:05:28,20.33,4.17
8/4/2022,13:05:29,20.35,4.15
8/4/2022,13:05:30,20.35,4.1
8/4/2022,13:05:31,20.36,4.12
8/4/2022,13:05:32,20.36,4.13
8/4/2022,13:05:33,20.37,4.11
8/4/2022,13:05:34,20.37,4.09
8/4/2022,13:05:35,20.36,4.15
8/4/2022,13:05:36,20.35,4.29
8/4/2022,13:05:37,20.34,4.46
8/4/2022,13:05:38,20.33,4.55
8/4/2022,13:05:39,20.31,4.67
8/4/2022,13:05:40,20.28,4.93
8/4/2022,13:05:41,20.23,5.4
8/4/2022,13:05:42,20.16,6.11
8/4/2022,13:05:43,20.08,6.64
8/4/2022,13:05:44,20,7.24
8/4/2022,13:05:45,19.92,7.88
8/4/2022,13:05:46,19.84,8.43
8/4/2022,13:05:47,19.77,8.84
8/4/2022,13:05:48,19.73,9.27
8/4/2022,13:05:49,19.68,9.67
8/4/2022,13:05:50,19.64,9.9
8/4/2022,13:05:51,19.6,10.04
8/4/2022,13:05:52,19.56,10.27
8/4/2022,13:05:53,19.53,10.37
8/4/2022,13:05:54,19.5,10.54
8/4/2022,13:05:55,19.48,10.52
8/4/2022,13:05:56,19.43,10.22
8/4/2022,13:05:57,19.4,9.81
8/4/2022,13:05:58,19.38,9.57
8/4/2022,13:05:59,19.34,9.43
8/4/2022,13:06:00,19.3,9.49
8/4/2022,13:06:01,19.28,9.61
8/4/2022,13:06:02,19.26,10.13
8/4/2022,13:06:03,19.24,10.49
8/4/2022,13:06:04,19.23,10.88
8/4/2022,13:06:05,19.23,11.31
8/4/2022,13:06:06,19.24,11.62
8/4/2022,13:06:07,19.24,11.79
8/4/2022,13:06:08,19.24,11.87
8/4/2022,13:06:09,19.25,11.65
8/4/2022,13:06:10,19.26,11.55
8/4/2022,13:06:11,19.27,11.51
8/4/2022,13:06:12,19.28,11.4
8/4/2022,13:06:13,19.3,11.14
8/4/2022,13:06:14,19.32,10.63
8/4/2022,13:06:15,19.36,10.06
8/4/2022,13:06:16,19.39,9.38
8/4/2022,13:06:17,19.43,8.59
8/4/2022,13:06:18,19.47,7.88
8/4/2022,13:06:19,19.53,7.21
8/4/2022,13:06:20,19.6,6.52
8/4/2022,13:06:21,19.69,6.11
8/4/2022,13:06:22,19.78,5.77
8/4/2022,13:06:23,19.88,5.49
8/4/2022,13:06:24,19.96,5.36
8/4/2022,13:06:25,20.04,5.18
8/4/2022,13:06:26,20.11,4.99
8/4/2022,13:06:27,20.16,4.9
8/4/2022,13:06:28,20.2,4.77
8/4/2022,13:06:29,20.23,4.71
8/4/2022,13:06:30,20.27,4.62
8/4/2022,13:06:31,20.29,4.55
8/4/2022,13:06:32,20.32,4.45
8/4/2022,13:06:33,20.33,4.38
8/4/2022,13:06:34,20.35,4.27
8/4/2022,13:06:35,20.36,4.21
8/4/2022,13:06:36,20.37,4.18
8/4/2022,13:06:37,20.38,4.15
8/4/2022,13:06:38,20.39,4.07
8/4/2022,13:06:39,20.4,4.01
8/4/2022,13:06:40,20.4,3.96
8/4/2022,13:06:41,20.4,3.93
8/4/2022,13:06:42,20.4,3.9
8/4/2022,13:06:43,20.42,3.88
8/4/2022,13:06:44,20.42,3.85
8/4/2022,13:06:45,20.42,3.84
8/4/2022,13:06:46,20.43,3.81
8/4/2022,13:06:47,20.43,3.8
8/4/2022,13:06:48,20.44,3.78
8/4/2022,13:06:49,20.44,3.79
8/4/2022,13:06:50,20.44,3.8
8/4/2022,13:06:51,20.44,3.79
8/4/2022,13:06:52,20.45,3.76
8/4/2022,13:06:53,20.45,3.75
8/4/2022,13:06:54,20.46,3.73
8/4/2022,13:06:55,20.47,3.7
8/4/2022,13:06:56,20.47,3.69
8/4/2022,13:06:57,20.46,3.67
8/4/2022,13:06:58,20.46,3.67
8/4/2022,13:06:59,20.47,3.63
8/4/2022,13:07:00,20.48,3.63
8/4/2022,13:07:01,20.48,3.62
8/4/2022,13:07:02,20.49,3.59
8/4/2022,13:07:03,20.48,3.58
8/4/2022,13:07:04,20.48,3.58
8/4/2022,13:07:05,20.49,3.57
8/4/2022,13:07:06,20.49,3.56
8/4/2022,13:07:07,20.5,3.57
8/4/2022,13:07:08,20.5,3.58
8/4/2022,13:07:09,20.5,3.57
8/4/2022,13:07:10,20.5,3.56
8/4/2022,13:07:11,20.5,3.56
8/4/2022,13:07:12,20.49,3.54
8/4/2022,13:07:13,20.49,3.54
8/4/2022,13:07:14,20.49,3.57
8/4/2022,13:07:15,20.49,3.56
8/4/2022,13:07:16,20.49,3.59
8/4/2022,13:07:17,20.5,3.6
8/4/2022,13:07:18,20.5,3.55
8/4/2022,13:07:19,20.5,3.53
8/4/2022,13:07:20,20.49,3.52
8/4/2022,13:07:21,20.49,3.47
8/4/2022,13:07:22,20.49,3.46
8/4/2022,13:07:23,20.5,3.46
8/4/2022,13:07:24,20.5,3.46
8/4/2022,13:07:25,20.5,3.49
8/4/2022,13:07:26,20.5,3.49
8/4/2022,13:07:27,20.5,3.48
8/4/2022,13:07:28,20.5,3.47
8/4/2022,13:07:29,20.51,3.47
8/4/2022,13:07:30,20.51,3.46
8/4/2022,13:07:31,20.51,3.42
8/4/2022,13:07:32,20.51,3.42
8/4/2022,13:07:33,20.52,3.46
8/4/2022,13:07:34,20.52,3.45
8/4/2022,13:07:35,20.52,3.45
8/4/2022,13:07:36,20.52,3.44
8/4/2022,13:07:37,20.53,3.44
8/4/2022,13:07:38,20.53,3.42
8/4/2022,13:07:39,20.53,3.45
8/4/2022,13:07:40,20.53,3.42
8/4/2022,13:07:41,20.53,3.42
8/4/2022,13:07:42,20.53,3.41
8/4/2022,13:07:43,20.52,3.42
8/4/2022,13:07:44,20.53,3.4
8/4/2022,13:07:45,20.53,3.41
8/4/2022,13:07:46,20.53,3.44
8/4/2022,13:07:47,20.53,3.44
8/4/2022,13:07:48,20.53,3.4
8/4/2022,13:07:49,20.53,3.41
8/4/2022,13:07:50,20.53,3.41
8/4/2022,13:07:51,20.54,3.47
8/4/2022,13:07:52,20.54,3.45
8/4/2022,13:07:53,20.54,3.44
8/4/2022,13:07:54,20.54,3.42
8/4/2022,13:07:55,20.53,3.41
8/4/2022,13:07:56,20.53,3.38
8/4/2022,13:07:57,20.54,3.35
8/4/2022,13:07:58,20.53,3.35
8/4/2022,13:07:59,20.53,3.35
8/4/2022,13:08:00,20.53,3.34
8/4/2022,13:08:01,20.53,3.32
8/4/2022,13:08:02,20.54,3.32
8/4/2022,13:08:03,20.54,3.37
8/4/2022,13:08:04,20.52,3.44
8/4/2022,13:08:05,20.52,3.48
8/4/2022,13:08:06,20.51,3.48
8/4/2022,13:08:07,20.51,3.53
8/4/2022,13:08:08,20.51,3.55
8/4/2022,13:08:09,20.51,3.57
8/4/2022,13:08:10,20.5,3.59
8/4/2022,13:08:11,20.51,3.61
8/4/2022,13:08:12,20.5,3.63
8/4/2022,13:08:13,20.5,3.68
8/4/2022,13:08:14,20.5,3.68
8/4/2022,13:08:15,20.5,3.73
8/4/2022,13:08:16,20.5,3.73
8/4/2022,13:08:17,20.5,3.78
8/4/2022,13:08:18,20.51,3.72
8/4/2022,13:08:19,20.5,3.67
8/4/2022,13:08:20,20.5,3.65
8/4/2022,13:08:21,20.5,3.57
8/4/2022,13:08:22,20.5,3.57
8/4/2022,13:08:23,20.5,3.55
8/4/2022,13:08:24,20.51,3.54
8/4/2022,13:08:25,20.52,3.53
8/4/2022,13:08:26,20.52,3.53
8/4/2022,13:08:27,20.51,3.53
8/4/2022,13:08:28,20.51,3.54
8/4/2022,13:08:29,20.51,3.51
8/4/2022,13:08:30,20.51,3.5
8/4/2022,13:08:31,20.5,3.52
8/4/2022,13:08:32,20.5,3.49
8/4/2022,13:08:33,20.5,3.47
8/4/2022,13:08:34,20.5,3.45
8/4/2022,13:08:35,20.5,3.49
8/4/2022,13:08:36,20.5,3.5
8/4/2022,13:08:37,20.5,3.5
8/4/2022,13:08:38,20.5,3.52
8/4/2022,13:08:39,20.5,3.53
8/4/2022,13:08:40,20.5,3.55
8/4/2022,13:08:41,20.5,3.58
8/4/2022,13:08:42,20.49,3.6
8/4/2022,13:08:43,20.49,3.61
8/4/2022,13:08:44,20.48,3.65
8/4/2022,13:08:45,20.48,3.66
8/4/2022,13:08:46,20.47,3.67
8/4/2022,13:08:47,20.47,3.71
8/4/2022,13:08:48,20.46,3.81
8/4/2022,13:08:49,20.46,3.86
8/4/2022,13:08:50,20.45,3.96
8/4/2022,13:08:51,20.44,4.06
8/4/2022,13:08:52,20.44,4.12
8/4/2022,13:08:53,20.43,4.17
8/4/2022,13:08:54,20.42,4.18
8/4/2022,13:08:55,20.42,4.2
8/4/2022,13:08:56,20.41,4.21
8/4/2022,13:08:57,20.41,4.26
8/4/2022,13:08:58,20.39,4.22
8/4/2022,13:08:59,20.4,4.21
8/4/2022,13:09:00,20.39,4.26
8/4/2022,13:09:01,20.38,4.21
8/4/2022,13:09:02,20.38,4.18
8/4/2022,13:09:03,20.38,4.16
8/4/2022,13:09:04,20.39,4.15
8/4/2022,13:09:05,20.39,4.05
8/4/2022,13:09:06,20.4,3.96
8/4/2022,13:09:07,20.4,3.94
8/4/2022,13:09:08,20.41,3.97
8/4/2022,13:09:09,20.41,3.93
8/4/2022,13:09:10,20.42,3.87
8/4/2022,13:09:11,20.43,3.84
8/4/2022,13:09:12,20.43,3.77
8/4/2022,13:09:13,20.45,3.76
8/4/2022,13:09:14,20.46,3.72
8/4/2022,13:09:15,20.46,3.7
8/4/2022,13:09:16,20.46,3.7
8/4/2022,13:09:17,20.46,3.68
8/4/2022,13:09:18,20.47,3.61
8/4/2022,13:09:19,20.47,3.58
8/4/2022,13:09:20,20.48,3.61
8/4/2022,13:09:21,20.49,3.61
8/4/2022,13:09:22,20.49,3.58
8/4/2022,13:09:23,20.5,3.58
8/4/2022,13:09:24,20.5,3.61
8/4/2022,13:09:25,20.5,3.65
8/4/2022,13:09:26,20.5,3.65
8/4/2022,13:09:27,20.5,3.67
8/4/2022,13:09:28,20.51,3.69
8/4/2022,13:09:29,20.51,3.7
8/4/2022,13:09:30,20.51,3.73
8/4/2022,13:09:31,20.51,3.71
8/4/2022,13:09:32,20.52,3.72
8/4/2022,13:09:33,20.51,3.71
8/4/2022,13:09:34,20.52,3.7
8/4/2022,13:09:35,20.52,3.62
8/4/2022,13:09:36,20.52,3.67
8/4/2022,13:09:37,20.53,3.65
8/4/2022,13:09:38,20.53,3.59
8/4/2022,13:09:39,20.53,3.57
8/4/2022,13:09:40,20.52,3.54
8/4/2022,13:09:41,20.52,3.54
8/4/2022,13:09:42,20.52,3.52
8/4/2022,13:09:43,20.52,3.52
8/4/2022,13:09:44,20.52,3.49
8/4/2022,13:09:45,20.52,3.49
8/4/2022,13:09:46,20.53,3.5
8/4/2022,13:09:47,20.52,3.51
8/4/2022,13:09:48,20.52,3.56
8/4/2022,13:09:49,20.52,3.56
8/4/2022,13:09:50,20.52,3.61
8/4/2022,13:09:51,20.52,3.56
8/4/2022,13:09:52,20.52,3.58
8/4/2022,13:09:53,20.52,3.63
8/4/2022,13:09:54,20.52,3.61
8/4/2022,13:09:55,20.51,3.61
8/4/2022,13:09:56,20.52,3.66
8/4/2022,13:09:57,20.52,3.66
8/4/2022,13:09:58,20.52,3.68
8/4/2022,13:09:59,20.52,3.75
8/4/2022,13:10:00,20.52,3.77
8/4/2022,13:10:01,20.52,3.73
8/4/2022,13:10:02,20.52,3.79
8/4/2022,13:10:03,20.52,3.79
8/4/2022,13:10:04,20.52,3.83
8/4/2022,13:10:05,20.51,3.79
8/4/2022,13:10:06,20.5,3.83
8/4/2022,13:10:07,20.5,3.88
8/4/2022,13:10:08,20.49,3.9
8/4/2022,13:10:09,20.48,3.94
8/4/2022,13:10:10,20.48,3.99
8/4/2022,13:10:11,20.47,3.97
8/4/2022,13:10:12,20.46,4.11
8/4/2022,13:10:13,20.46,4.09
8/4/2022,13:10:14,20.45,4.2
8/4/2022,13:10:15,20.44,4.16
8/4/2022,13:10:16,20.43,4.2
8/4/2022,13:10:17,20.43,4.19
8/4/2022,13:10:18,20.43,4.19
8/4/2022,13:10:19,20.42,4.13
8/4/2022,13:10:20,20.43,4.12
8/4/2022,13:10:21,20.42,4.11
8/4/2022,13:10:22,20.42,4.08
8/4/2022,13:10:23,20.42,4.01
8/4/2022,13:10:24,20.43,3.95
8/4/2022,13:10:25,20.43,3.9
8/4/2022,13:10:26,20.44,3.86
8/4/2022,13:10:27,20.44,3.72
8/4/2022,13:10:28,20.44,3.68
8/4/2022,13:10:29,20.45,3.64
8/4/2022,13:10:30,20.45,3.65
8/4/2022,13:10:31,20.46,3.62
8/4/2022,13:10:32,20.47,3.57
8/4/2022,13:10:33,20.48,3.62
8/4/2022,13:10:34,20.49,3.57
8/4/2022,13:10:35,20.49,3.55
8/4/2022,13:10:36,20.5,3.55
8/4/2022,13:10:37,20.51,3.52
8/4/2022,13:10:38,20.51,3.51
8/4/2022,13:10:39,20.52,3.53
8/4/2022,13:10:40,20.52,3.52
8/4/2022,13:10:41,20.53,3.5
8/4/2022,13:10:42,20.53,3.52
8/4/2022,13:10:43,20.53,3.49
8/4/2022,13:10:44,20.54,3.5
8/4/2022,13:10:45,20.54,3.48
8/4/2022,13:10:46,20.54,3.48
8/4/2022,13:10:47,20.54,3.44
8/4/2022,13:10:48,20.55,3.44
8/4/2022,13:10:49,20.55,3.49
8/4/2022,13:10:50,20.55,3.49
8/4/2022,13:10:51,20.55,3.48
8/4/2022,13:10:52,20.56,3.45
8/4/2022,13:10:53,20.56,3.47
8/4/2022,13:10:54,20.56,3.43
8/4/2022,13:10:55,20.56,3.45
8/4/2022,13:10:56,20.56,3.42
8/4/2022,13:10:57,20.56,3.42
8/4/2022,13:10:58,20.56,3.42
8/4/2022,13:10:59,20.56,3.42
8/4/2022,13:11:00,20.56,3.47
8/4/2022,13:11:01,20.56,3.44
8/4/2022,13:11:02,20.56,3.39
8/4/2022,13:11:03,20.56,3.39
8/4/2022,13:11:04,20.56,3.39
8/4/2022,13:11:05,20.56,3.39
8/4/2022,13:11:06,20.56,3.4
8/4/2022,13:11:07,20.55,3.37
8/4/2022,13:11:08,20.55,3.39
8/4/2022,13:11:09,20.54,3.37
8/4/2022,13:11:10,20.54,3.39
8/4/2022,13:11:11,20.54,3.38
8/4/2022,13:11:12,20.53,3.41
8/4/2022,13:11:13,20.53,3.39
8/4/2022,13:11:14,20.53,3.38
8/4/2022,13:11:15,20.53,3.41
8/4/2022,13:11:16,20.53,3.39
8/4/2022,13:11:17,20.53,3.41
8/4/2022,13:11:18,20.53,3.44
8/4/2022,13:11:19,20.53,3.43
8/4/2022,13:11:20,20.53,3.42
8/4/2022,13:11:21,20.52,3.42
8/4/2022,13:11:22,20.52,3.46
8/4/2022,13:11:23,20.52,3.45
8/4/2022,13:11:24,20.53,3.5
8/4/2022,13:11:25,20.53,3.51
8/4/2022,13:11:26,20.53,3.52
8/4/2022,13:11:27,20.53,3.51
8/4/2022,13:11:28,20.53,3.51
8/4/2022,13:11:29,20.53,3.52
8/4/2022,13:11:30,20.54,3.51
8/4/2022,13:11:31,20.54,3.5
8/4/2022,13:11:32,20.53,3.49
8/4/2022,13:11:33,20.53,3.52
8/4/2022,13:11:34,20.52,3.53
8/4/2022,13:11:35,20.52,3.56
8/4/2022,13:11:36,20.52,3.54
8/4/2022,13:11:37,20.52,3.54
8/4/2022,13:11:38,20.52,3.54
8/4/2022,13:11:39,20.52,3.5
8/4/2022,13:11:40,20.52,3.47
8/4/2022,13:11:41,20.52,3.47
8/4/2022,13:11:42,20.52,3.46
8/4/2022,13:11:43,20.53,3.47
8/4/2022,13:11:44,20.53,3.46
8/4/2022,13:11:45,20.53,3.46
8/4/2022,13:11:46,20.53,3.44
8/4/2022,13:11:47,20.53,3.43
8/4/2022,13:11:48,20.53,3.41
8/4/2022,13:11:49,20.53,3.39
8/4/2022,13:11:50,20.53,3.41
8/4/2022,13:11:51,20.53,3.39
8/4/2022,13:11:52,20.53,3.39
8/4/2022,13:11:53,20.54,3.38
8/4/2022,13:11:54,20.54,3.4
8/4/2022,13:11:55,20.54,3.41
8/4/2022,13:11:56,20.54,3.4
8/4/2022,13:11:57,20.54,3.42
8/4/2022,13:11:58,20.54,3.38
8/4/2022,13:11:59,20.54,3.39
8/4/2022,13:12:00,20.54,3.39
8/4/2022,13:12:01,20.53,3.41
8/4/2022,13:12:02,20.53,3.39
8/4/2022,13:12:03,20.53,3.39
8/4/2022,13:12:04,20.53,3.35
8/4/2022,13:12:05,20.53,3.37
8/4/2022,13:12:06,20.54,3.36
8/4/2022,13:12:07,20.53,3.38
8/4/2022,13:12:08,20.53,3.37
8/4/2022,13:12:09,20.53,3.36
8/4/2022,13:12:10,20.53,3.34
8/4/2022,13:12:11,20.53,3.35
8/4/2022,13:12:12,20.53,3.35
8/4/2022,13:12:13,20.54,3.34
8/4/2022,13:12:14,20.53,3.37
8/4/2022,13:12:15,20.53,3.39
8/4/2022,13:12:16,20.53,3.36
8/4/2022,13:12:17,20.53,3.37
8/4/2022,13:12:18,20.53,3.38
8/4/2022,13:12:19,20.53,3.37
8/4/2022,13:12:20,20.53,3.37
8/4/2022,13:12:21,20.53,3.36
8/4/2022,13:12:22,20.54,3.37
8/4/2022,13:12:23,20.54,3.36
8/4/2022,13:12:24,20.54,3.36
8/4/2022,13:12:25,20.53,3.39
8/4/2022,13:12:26,20.53,3.38
8/4/2022,13:12:27,20.53,3.41
8/4/2022,13:12:28,20.54,3.4
8/4/2022,13:12:29,20.53,3.36
8/4/2022,13:12:30,20.53,3.37
8/4/2022,13:12:31,20.53,3.38
8/4/2022,13:12:32,20.52,3.39
8/4/2022,13:12:33,20.52,3.45
8/4/2022,13:12:34,20.52,3.43
8/4/2022,13:12:35,20.51,3.43
8/4/2022,13:12:36,20.51,3.46
8/4/2022,13:12:37,20.51,3.46
8/4/2022,13:12:38,20.51,3.48
8/4/2022,13:12:39,20.51,3.49
8/4/2022,13:12:40,20.51,3.48
8/4/2022,13:12:41,20.51,3.46
8/4/2022,13:12:42,20.51,3.44
8/4/2022,13:12:43,20.51,3.44
8/4/2022,13:12:44,20.51,3.45
8/4/2022,13:12:45,20.5,3.44
8/4/2022,13:12:46,20.51,3.44
8/4/2022,13:12:47,20.51,3.4
8/4/2022,13:12:48,20.51,3.36
8/4/2022,13:12:49,20.52,3.39
8/4/2022,13:12:50,20.51,3.39
8/4/2022,13:12:51,20.51,3.37
8/4/2022,13:12:52,20.52,3.36
8/4/2022,13:12:53,20.52,3.35
8/4/2022,13:12:54,20.52,3.35
8/4/2022,13:12:55,20.53,3.33
8/4/2022,13:12:56,20.52,3.31
8/4/2022,13:12:57,20.52,3.32
8/4/2022,13:12:58,20.52,3.32
8/4/2022,13:12:59,20.52,3.3
8/4/2022,13:13:00,20.52,3.35
8/4/2022,13:13:01,20.52,3.35
8/4/2022,13:13:02,20.52,3.36
8/4/2022,13:13:03,20.51,3.35
8/4/2022,13:13:04,20.52,3.36
8/4/2022,13:13:05,20.53,3.34
8/4/2022,13:13:06,20.52,3.39
8/4/2022,13:13:07,20.52,3.41
8/4/2022,13:13:08,20.51,3.44
8/4/2022,13:13:09,20.51,3.44
8/4/2022,13:13:10,20.51,3.44
8/4/2022,13:13:11,20.51,3.43
8/4/2022,13:13:12,20.51,3.46
8/4/2022,13:13:13,20.5,3.49
8/4/2022,13:13:14,20.51,3.54
8/4/2022,13:13:15,20.51,3.53
8/4/2022,13:13:16,20.52,3.5
8/4/2022,13:13:17,20.52,3.49
8/4/2022,13:13:18,20.52,3.48
8/4/2022,13:13:19,20.52,3.51
8/4/2022,13:13:20,20.52,3.52
8/4/2022,13:13:21,20.52,3.48
8/4/2022,13:13:22,20.52,3.44
8/4/2022,13:13:23,20.52,3.43
8/4/2022,13:13:24,20.52,3.44
8/4/2022,13:13:25,20.52,3.44
8/4/2022,13:13:26,20.52,3.45
8/4/2022,13:13:27,20.53,3.34
8/4/2022,13:13:28,20.54,3.35
8/4/2022,13:13:29,20.54,3.31
8/4/2022,13:13:30,20.54,3.28
8/4/2022,13:13:31,20.54,3.28
8/4/2022,13:13:32,20.54,3.3
8/4/2022,13:13:33,20.54,3.33
8/4/2022,13:13:34,20.54,3.3
8/4/2022,13:13:35,20.54,3.28
8/4/2022,13:13:36,20.54,3.3
8/4/2022,13:13:37,20.55,3.34
8/4/2022,13:13:38,20.54,3.36
8/4/2022,13:13:39,20.54,3.35
8/4/2022,13:13:40,20.54,3.35
8/4/2022,13:13:41,20.54,3.37
8/4/2022,13:13:42,20.53,3.35
8/4/2022,13:13:43,20.54,3.33
8/4/2022,13:13:44,20.54,3.37
8/4/2022,13:13:45,20.54,3.37
8/4/2022,13:13:46,20.54,3.38
8/4/2022,13:13:47,20.54,3.35
8/4/2022,13:13:48,20.54,3.37
8/4/2022,13:13:49,20.54,3.38
8/4/2022,13:13:50,20.54,3.4
8/4/2022,13:13:51,20.54,3.38
8/4/2022,13:13:52,20.54,3.39
8/4/2022,13:13:53,20.55,3.39
8/4/2022,13:13:54,20.54,3.39
8/4/2022,13:13:55,20.54,3.38
8/4/2022,13:13:56,20.54,3.4
8/4/2022,13:13:57,20.54,3.46
8/4/2022,13:13:58,20.54,3.45
8/4/2022,13:13:59,20.54,3.47
8/4/2022,13:14:00,20.54,3.47
8/4/2022,13:14:01,20.55,3.48
8/4/2022,13:14:02,20.55,3.47
8/4/2022,13:14:03,20.54,3.46
8/4/2022,13:14:04,20.53,3.45
8/4/2022,13:14:05,20.54,3.47
8/4/2022,13:14:06,20.53,3.43
8/4/2022,13:14:07,20.54,3.41
8/4/2022,13:14:08,20.54,3.41
8/4/2022,13:14:09,20.54,3.39
8/4/2022,13:14:10,20.54,3.41
8/4/2022,13:14:11,20.53,3.37
8/4/2022,13:14:12,20.54,3.33
8/4/2022,13:14:13,20.54,3.37
8/4/2022,13:14:14,20.54,3.34
8/4/2022,13:14:15,20.54,3.37
8/4/2022,13:14:16,20.54,3.36
8/4/2022,13:14:17,20.54,3.38
8/4/2022,13:14:18,20.55,3.39
8/4/2022,13:14:19,20.54,3.43
8/4/2022,13:14:20,20.54,3.4
8/4/2022,13:14:21,20.54,3.39
8/4/2022,13:14:22,20.54,3.44
8/4/2022,13:14:23,20.54,3.46
8/4/2022,13:14:24,20.56,3.46
8/4/2022,13:14:25,20.55,3.45
8/4/2022,13:14:26,20.54,3.47
8/4/2022,13:14:27,20.54,3.47
8/4/2022,13:14:28,20.54,3.48
8/4/2022,13:14:29,20.53,3.48
8/4/2022,13:14:30,20.54,3.45
8/4/2022,13:14:31,20.54,3.45
8/4/2022,13:14:32,20.54,3.42
8/4/2022,13:14:33,20.55,3.41
8/4/2022,13:14:34,20.58,3.36
8/4/2022,13:14:35,20.59,3.38
8/4/2022,13:14:36,20.59,3.37
8/4/2022,13:14:37,20.59,3.37
8/4/2022,13:14:38,20.59,3.36
8/4/2022,13:14:39,20.59,3.37
8/4/2022,13:14:40,20.59,3.35
8/4/2022,13:14:41,20.59,3.35
8/4/2022,13:14:42,20.59,3.36
8/4/2022,13:14:43,20.59,3.36
8/4/2022,13:14:44,20.59,3.38
8/4/2022,13:14:45,20.57,3.47
8/4/2022,13:14:46,20.56,3.58
8/4/2022,13:14:47,20.55,3.71
8/4/2022,13:14:48,20.54,3.79
8/4/2022,13:14:49,20.52,3.85
8/4/2022,13:14:50,20.52,3.9
8/4/2022,13:14:51,20.52,3.96
8/4/2022,13:14:52,20.5,4.01
8/4/2022,13:14:53,20.48,4.04
8/4/2022,13:14:54,20.45,4.07
8/4/2022,13:14:55,20.45,4.16
8/4/2022,13:14:56,20.46,4.19
8/4/2022,13:14:57,20.45,4.18
8/4/2022,13:14:58,20.46,4.17
8/4/2022,13:14:59,20.46,4.17
8/4/2022,13:15:00,20.46,4.09
8/4/2022,13:15:01,20.46,3.88
8/4/2022,13:15:02,20.46,3.83
8/4/2022,13:15:03,20.46,3.76
8/4/2022,13:15:04,20.46,3.78
8/4/2022,13:15:05,20.47,3.73
8/4/2022,13:15:06,20.49,3.67
8/4/2022,13:15:07,20.51,3.66
8/4/2022,13:15:08,20.51,3.68
8/4/2022,13:15:09,20.52,3.65
8/4/2022,13:15:10,20.52,3.64
8/4/2022,13:15:11,20.52,3.64
8/4/2022,13:15:12,20.52,3.66
8/4/2022,13:15:13,20.52,3.73
8/4/2022,13:15:14,20.51,3.74
8/4/2022,13:15:15,20.52,3.72
8/4/2022,13:15:16,20.51,3.73
8/4/2022,13:15:17,20.5,3.75
8/4/2022,13:15:18,20.49,3.85
8/4/2022,13:15:19,20.47,4.01
8/4/2022,13:15:20,20.46,4.09
8/4/2022,13:15:21,20.45,4.16
8/4/2022,13:15:22,20.43,4.31
8/4/2022,13:15:23,20.42,4.45
8/4/2022,13:15:24,20.42,4.57
8/4/2022,13:15:25,20.41,4.63
8/4/2022,13:15:26,20.4,4.68
8/4/2022,13:15:27,20.4,4.67
8/4/2022,13:15:28,20.4,4.72
8/4/2022,13:15:29,20.4,4.72
8/4/2022,13:15:30,20.41,4.75
8/4/2022,13:15:31,20.41,4.83
8/4/2022,13:15:32,20.39,4.97
8/4/2022,13:15:33,20.38,4.98
8/4/2022,13:15:34,20.36,4.98
8/4/2022,13:15:35,20.34,4.86
8/4/2022,13:15:36,20.34,4.9
8/4/2022,13:15:37,20.32,4.84
8/4/2022,13:15:38,20.33,4.82
8/4/2022,13:15:39,20.34,4.67
8/4/2022,13:15:40,20.35,4.62
8/4/2022,13:15:41,20.37,4.62
8/4/2022,13:15:42,20.38,4.55
8/4/2022,13:15:43,20.39,4.5
8/4/2022,13:15:44,20.39,4.51
8/4/2022,13:15:45,20.4,4.5
8/4/2022,13:15:46,20.4,4.32
8/4/2022,13:15:47,20.4,4.24
8/4/2022,13:15:48,20.4,4.06
8/4/2022,13:15:49,20.4,3.9
8/4/2022,13:15:50,20.39,3.8
8/4/2022,13:15:51,20.4,3.71
8/4/2022,13:15:52,20.41,3.62
8/4/2022,13:15:53,20.44,3.56
8/4/2022,13:15:54,20.45,3.57
8/4/2022,13:15:55,20.47,3.57
8/4/2022,13:15:56,20.48,3.55
8/4/2022,13:15:57,20.5,3.54
8/4/2022,13:15:58,20.51,3.54
8/4/2022,13:15:59,20.51,3.53
8/4/2022,13:16:00,20.5,3.52
8/4/2022,13:16:01,20.5,3.55
8/4/2022,13:16:02,20.5,3.52
8/4/2022,13:16:03,20.49,3.49
8/4/2022,13:16:04,20.5,3.48
8/4/2022,13:16:05,20.49,3.49
8/4/2022,13:16:06,20.49,3.46
8/4/2022,13:16:07,20.5,3.44
8/4/2022,13:16:08,20.5,3.45
8/4/2022,13:16:09,20.51,3.44
8/4/2022,13:16:10,20.51,3.44
8/4/2022,13:16:11,20.51,3.47
8/4/2022,13:16:12,20.51,3.5
8/4/2022,13:16:13,20.51,3.49
8/4/2022,13:16:14,20.51,3.46
8/4/2022,13:16:15,20.52,3.46
8/4/2022,13:16:16,20.52,3.45
8/4/2022,13:16:17,20.51,3.48
8/4/2022,13:16:18,20.51,3.48
8/4/2022,13:16:19,20.52,3.47
8/4/2022,13:16:20,20.52,3.45
8/4/2022,13:16:21,20.53,3.47
8/4/2022,13:16:22,20.53,3.48
8/4/2022,13:16:23,20.54,3.49
8/4/2022,13:16:24,20.54,3.49
8/4/2022,13:16:25,20.54,3.49
8/4/2022,13:16:26,20.54,3.47
8/4/2022,13:16:27,20.54,3.47
8/4/2022,13:16:28,20.54,3.5
8/4/2022,13:16:29,20.54,3.51
8/4/2022,13:16:30,20.53,3.5
8/4/2022,13:16:31,20.53,3.48
8/4/2022,13:16:32,20.53,3.46
8/4/2022,13:16:33,20.54,3.47
8/4/2022,13:16:34,20.54,3.47
8/4/2022,13:16:35,20.54,3.48
8/4/2022,13:16:36,20.53,3.47
8/4/2022,13:16:37,20.54,3.44
8/4/2022,13:16:38,20.54,3.43
8/4/2022,13:16:39,20.54,3.42
8/4/2022,13:16:40,20.54,3.42
8/4/2022,13:16:41,20.54,3.41
8/4/2022,13:16:42,20.54,3.4
8/4/2022,13:16:43,20.53,3.39
8/4/2022,13:16:44,20.53,3.42
8/4/2022,13:16:45,20.54,3.4
8/4/2022,13:16:46,20.54,3.41
8/4/2022,13:16:47,20.54,3.43
8/4/2022,13:16:48,20.53,3.44
8/4/2022,13:16:49,20.54,3.43
8/4/2022,13:16:50,20.54,3.44
8/4/2022,13:16:51,20.54,3.43
8/4/2022,13:16:52,20.53,3.44
8/4/2022,13:16:53,20.53,3.43
8/4/2022,13:16:54,20.53,3.45
8/4/2022,13:16:55,20.53,3.53
8/4/2022,13:16:56,20.53,3.54
8/4/2022,13:16:57,20.52,3.55
8/4/2022,13:16:58,20.52,3.54
8/4/2022,13:16:59,20.52,3.55
8/4/2022,13:17:00,20.52,3.55
8/4/2022,13:17:01,20.52,3.54
8/4/2022,13:17:02,20.52,3.52
8/4/2022,13:17:03,20.52,3.47
8/4/2022,13:17:04,20.52,3.46
8/4/2022,13:17:05,20.52,3.46
8/4/2022,13:17:06,20.51,3.52
8/4/2022,13:17:07,20.51,3.54
8/4/2022,13:17:08,20.51,3.54
8/4/2022,13:17:09,20.51,3.52
8/4/2022,13:17:10,20.51,3.47
8/4/2022,13:17:11,20.51,3.48
8/4/2022,13:17:12,20.52,3.47
8/4/2022,13:17:13,20.51,3.45
8/4/2022,13:17:14,20.51,3.46
8/4/2022,13:17:15,20.52,3.48
8/4/2022,13:17:16,20.52,3.47
8/4/2022,13:17:17,20.53,3.52
8/4/2022,13:17:18,20.53,3.53
8/4/2022,13:17:19,20.53,3.55
8/4/2022,13:17:20,20.53,3.52
8/4/2022,13:17:21,20.52,3.46
8/4/2022,13:17:22,20.53,3.48
8/4/2022,13:17:23,20.53,3.45
8/4/2022,13:17:24,20.52,3.47
8/4/2022,13:17:25,20.52,3.46
8/4/2022,13:17:26,20.53,3.46
8/4/2022,13:17:27,20.54,3.49
8/4/2022,13:17:28,20.54,3.45
8/4/2022,13:17:29,20.54,3.46
8/4/2022,13:17:30,20.54,3.46
8/4/2022,13:17:31,20.54,3.43
8/4/2022,13:17:32,20.53,3.45
8/4/2022,13:17:33,20.54,3.43
8/4/2022,13:17:34,20.54,3.41
8/4/2022,13:17:35,20.54,3.42
8/4/2022,13:17:36,20.54,3.4
8/4/2022,13:17:37,20.54,3.39
8/4/2022,13:17:38,20.54,3.39
8/4/2022,13:17:39,20.54,3.4
8/4/2022,13:17:40,20.54,3.41
8/4/2022,13:17:41,20.54,3.42
8/4/2022,13:17:42,20.54,3.4
8/4/2022,13:17:43,20.54,3.42
8/4/2022,13:17:44,20.54,3.44
8/4/2022,13:17:45,20.54,3.43
8/4/2022,13:17:46,20.54,3.45
8/4/2022,13:17:47,20.54,3.45
8/4/2022,13:17:48,20.54,3.48
8/4/2022,13:17:49,20.53,3.49
8/4/2022,13:17:50,20.52,3.49
8/4/2022,13:17:51,20.53,3.47
8/4/2022,13:17:52,20.52,3.49
8/4/2022,13:17:53,20.52,3.5
8/4/2022,13:17:54,20.52,3.47
8/4/2022,13:17:55,20.52,3.43
8/4/2022,13:17:56,20.51,3.43
8/4/2022,13:17:57,20.51,3.47
8/4/2022,13:17:58,20.51,3.44
8/4/2022,13:17:59,20.51,3.44
8/4/2022,13:18:00,20.51,3.45
8/4/2022,13:18:01,20.5,3.45
8/4/2022,13:18:02,20.51,3.43
8/4/2022,13:18:03,20.51,3.43
8/4/2022,13:18:04,20.51,3.48
8/4/2022,13:18:05,20.51,3.48
8/4/2022,13:18:06,20.51,3.52
8/4/2022,13:18:07,20.5,3.54
8/4/2022,13:18:08,20.5,3.54
8/4/2022,13:18:09,20.5,3.55
8/4/2022,13:18:10,20.51,3.6
8/4/2022,13:18:11,20.51,3.56
8/4/2022,13:18:12,20.51,3.53
8/4/2022,13:18:13,20.51,3.54
8/4/2022,13:18:14,20.51,3.57
8/4/2022,13:18:15,20.51,3.57
8/4/2022,13:18:16,20.51,3.57
8/4/2022,13:18:17,20.52,3.56
8/4/2022,13:18:18,20.52,3.59
8/4/2022,13:18:19,20.52,3.54
8/4/2022,13:18:20,20.52,3.52
8/4/2022,13:18:21,20.53,3.67
8/4/2022,13:18:22,20.52,3.64
8/4/2022,13:18:23,20.52,3.64
8/4/2022,13:18:24,20.53,3.63
8/4/2022,13:18:25,20.53,3.63
8/4/2022,13:18:26,20.53,3.65
8/4/2022,13:18:27,20.53,3.67
8/4/2022,13:18:28,20.53,3.66
8/4/2022,13:18:29,20.53,3.62
8/4/2022,13:18:30,20.52,3.69
8/4/2022,13:18:31,20.52,3.72
8/4/2022,13:18:32,20.52,3.72
8/4/2022,13:18:33,20.52,3.68
8/4/2022,13:18:34,20.52,3.71
8/4/2022,13:18:35,20.52,3.76
8/4/2022,13:18:36,20.53,3.6
8/4/2022,13:18:37,20.52,3.61
8/4/2022,13:18:38,20.52,3.62
8/4/2022,13:18:39,20.52,3.59
8/4/2022,13:18:40,20.52,3.65
8/4/2022,13:18:41,20.51,3.62
8/4/2022,13:18:42,20.51,3.61
8/4/2022,13:18:43,20.51,3.67
8/4/2022,13:18:44,20.51,3.66
8/4/2022,13:18:45,20.51,3.59
8/4/2022,13:18:46,20.51,3.61
8/4/2022,13:18:47,20.52,3.64
8/4/2022,13:18:48,20.52,3.61
8/4/2022,13:18:49,20.52,3.62
8/4/2022,13:18:50,20.53,3.54
8/4/2022,13:18:51,20.52,3.59
8/4/2022,13:18:52,20.52,3.58
8/4/2022,13:18:53,20.53,3.6
8/4/2022,13:18:54,20.53,3.61
8/4/2022,13:18:55,20.52,3.57
8/4/2022,13:18:56,20.52,3.6
8/4/2022,13:18:57,20.53,3.64
8/4/2022,13:18:58,20.52,3.62
8/4/2022,13:18:59,20.53,3.64
8/4/2022,13:19:00,20.53,3.62
8/4/2022,13:19:01,20.54,3.63
8/4/2022,13:19:02,20.54,3.59
8/4/2022,13:19:03,20.53,3.59
8/4/2022,13:19:04,20.52,3.59
8/4/2022,13:19:05,20.52,3.59
8/4/2022,13:19:06,20.52,3.57
8/4/2022,13:19:07,20.52,3.54
8/4/2022,13:19:08,20.52,3.49
8/4/2022,13:19:09,20.52,3.47
8/4/2022,13:19:10,20.52,3.46
8/4/2022,13:19:11,20.52,3.49
8/4/2022,13:19:12,20.52,3.43
8/4/2022,13:19:13,20.52,3.43
8/4/2022,13:19:14,20.52,3.43
8/4/2022,13:19:15,20.52,3.44
8/4/2022,13:19:16,20.52,3.42
8/4/2022,13:19:17,20.52,3.41
8/4/2022,13:19:18,20.52,3.43
8/4/2022,13:19:19,20.52,3.46
8/4/2022,13:19:20,20.51,3.49
8/4/2022,13:19:21,20.51,3.47
8/4/2022,13:19:22,20.52,3.5
8/4/2022,13:19:23,20.52,3.55
8/4/2022,13:19:24,20.53,3.53
8/4/2022,13:19:25,20.53,3.52
8/4/2022,13:19:26,20.53,3.48
8/4/2022,13:19:27,20.53,3.47
8/4/2022,13:19:28,20.53,3.51
8/4/2022,13:19:29,20.54,3.49
8/4/2022,13:19:30,20.54,3.5
8/4/2022,13:19:31,20.54,3.46
8/4/2022,13:19:32,20.55,3.47
8/4/2022,13:19:33,20.55,3.49
8/4/2022,13:19:34,20.55,3.48
8/4/2022,13:19:35,20.28,3.48
8/4/2022,13:19:36,20.51,3.53
8/4/2022,13:19:37,20.18,3.51
8/4/2022,13:19:38,20.43,3.52
8/4/2022,13:19:39,20.45,3.55
8/4/2022,13:19:40,20.49,3.56
8/4/2022,13:19:41,20.52,3.55
8/4/2022,13:19:42,20.53,3.53
8/4/2022,13:19:43,20.53,3.51
8/4/2022,13:19:44,20.53,3.52
8/4/2022,13:19:45,20.52,3.54
8/4/2022,13:19:46,20.52,3.54
8/4/2022,13:19:47,20.51,3.58
8/4/2022,13:19:48,20.52,3.54
8/4/2022,13:19:49,20.51,3.55
8/4/2022,13:19:50,20.52,3.52
8/4/2022,13:19:51,20.51,3.57
8/4/2022,13:19:52,20.52,3.6
8/4/2022,13:19:53,20.52,3.57
8/4/2022,13:19:54,20.52,3.56
8/4/2022,13:19:55,20.52,3.55
8/4/2022,13:19:56,20.53,3.57
8/4/2022,13:19:57,20.52,3.56
8/4/2022,13:19:58,20.53,3.55
8/4/2022,13:19:59,20.53,3.6
8/4/2022,13:20:00,20.53,3.58
8/4/2022,13:20:01,20.53,3.62
8/4/2022,13:20:02,20.52,3.61
8/4/2022,13:20:03,20.53,3.58
8/4/2022,13:20:04,20.52,3.61
8/4/2022,13:20:05,20.53,3.56
8/4/2022,13:20:06,20.53,3.5
8/4/2022,13:20:07,20.53,3.5
8/4/2022,13:20:08,20.53,3.51
8/4/2022,13:20:09,20.53,3.52
8/4/2022,13:20:10,20.53,3.51
8/4/2022,13:20:11,20.53,3.47
8/4/2022,13:20:12,20.52,3.46
8/4/2022,13:20:13,20.51,3.45
8/4/2022,13:20:14,20.51,3.43
8/4/2022,13:20:15,20.51,3.41
8/4/2022,13:20:16,20.51,3.41
8/4/2022,13:20:17,20.51,3.38
8/4/2022,13:20:18,20.51,3.36
8/4/2022,13:20:19,20.52,3.37
8/4/2022,13:20:20,20.51,3.36
8/4/2022,13:20:21,20.52,3.38
8/4/2022,13:20:22,20.52,3.42
8/4/2022,13:20:23,20.51,3.39
8/4/2022,13:20:24,20.51,3.41
8/4/2022,13:20:25,20.52,3.44
8/4/2022,13:20:26,20.51,3.46
8/4/2022,13:20:27,20.51,3.47
8/4/2022,13:20:28,20.51,3.5
8/4/2022,13:20:29,20.52,3.51
8/4/2022,13:20:30,20.52,3.48
8/4/2022,13:20:31,20.52,3.48
8/4/2022,13:20:32,20.52,3.5
8/4/2022,13:20:33,20.53,3.5
8/4/2022,13:20:34,20.53,3.49
8/4/2022,13:20:35,20.53,3.52
8/4/2022,13:20:36,20.51,3.48
8/4/2022,13:20:37,20.52,3.46
8/4/2022,13:20:38,20.52,3.45
8/4/2022,13:20:39,20.52,3.41
8/4/2022,13:20:40,20.52,3.39
8/4/2022,13:20:41,20.52,3.38
8/4/2022,13:20:42,20.52,3.34
8/4/2022,13:20:43,20.52,3.35
8/4/2022,13:20:44,20.52,3.37
8/4/2022,13:20:45,20.52,3.39
8/4/2022,13:20:46,20.53,3.37
8/4/2022,13:20:47,20.53,3.34
8/4/2022,13:20:48,20.53,3.37
8/4/2022,13:20:49,20.53,3.39
8/4/2022,13:20:50,20.53,3.4
8/4/2022,13:20:51,20.53,3.39
8/4/2022,13:20:52,20.52,3.39
8/4/2022,13:20:53,20.52,3.39
8/4/2022,13:20:54,20.52,3.43
8/4/2022,13:20:55,20.53,3.42
8/4/2022,13:20:56,20.54,3.44
8/4/2022,13:20:57,20.54,3.44
8/4/2022,13:20:58,20.54,3.44
8/4/2022,13:20:59,20.55,3.42
8/4/2022,13:21:00,20.55,3.37
8/4/2022,13:21:01,20.55,3.36
8/4/2022,13:21:02,20.55,3.31
8/4/2022,13:21:03,20.56,3.32
8/4/2022,13:21:04,20.56,3.29
8/4/2022,13:21:05,20.56,3.27
8/4/2022,13:21:06,20.56,3.3
8/4/2022,13:21:07,20.56,3.31
8/4/2022,13:21:08,20.56,3.29
8/4/2022,13:21:09,20.56,3.29
8/4/2022,13:21:10,20.56,3.32
8/4/2022,13:21:11,20.56,3.34
8/4/2022,13:21:12,20.57,3.33
8/4/2022,13:21:13,20.56,3.33
8/4/2022,13:21:14,20.57,3.33
8/4/2022,13:21:15,20.57,3.34
8/4/2022,13:21:16,20.57,3.36
8/4/2022,13:21:17,20.57,3.34
8/4/2022,13:21:18,20.57,3.35
8/4/2022,13:21:19,20.57,3.35
8/4/2022,13:21:20,20.56,3.38
8/4/2022,13:21:21,20.56,3.34
8/4/2022,13:21:22,20.57,3.33
8/4/2022,13:21:23,20.57,3.35
8/4/2022,13:21:24,20.57,3.39
8/4/2022,13:21:25,20.57,3.36
8/4/2022,13:21:26,20.57,3.35
8/4/2022,13:21:27,20.57,3.34
8/4/2022,13:21:28,20.56,3.34
8/4/2022,13:21:29,20.57,3.36
8/4/2022,13:21:30,20.56,3.37
8/4/2022,13:21:31,20.56,3.4
8/4/2022,13:21:32,20.56,3.4
8/4/2022,13:21:33,20.56,3.39
8/4/2022,13:21:34,20.55,3.37
8/4/2022,13:21:35,20.55,3.34
8/4/2022,13:21:36,20.55,3.36
8/4/2022,13:21:37,20.54,3.34
8/4/2022,13:21:38,20.55,3.35
8/4/2022,13:21:39,20.55,3.34
8/4/2022,13:21:40,20.55,3.36
8/4/2022,13:21:41,20.55,3.39
8/4/2022,13:21:42,20.55,3.4
8/4/2022,13:21:43,20.55,3.39
8/4/2022,13:21:44,20.55,3.44
8/4/2022,13:21:45,20.55,3.41
8/4/2022,13:21:46,20.54,3.4
8/4/2022,13:21:47,20.54,3.42
8/4/2022,13:21:48,20.54,3.43
8/4/2022,13:21:49,20.54,3.43
8/4/2022,13:21:50,20.53,3.51
8/4/2022,13:21:51,20.53,3.61
8/4/2022,13:21:52,20.53,3.63
8/4/2022,13:21:53,20.53,3.59
8/4/2022,13:21:54,20.53,3.61
8/4/2022,13:21:55,20.52,3.58
8/4/2022,13:21:56,20.52,3.59
8/4/2022,13:21:57,20.52,3.66
8/4/2022,13:21:58,20.51,3.65
8/4/2022,13:21:59,20.51,3.59
8/4/2022,13:22:00,20.5,3.63
8/4/2022,13:22:01,20.5,3.63
8/4/2022,13:22:02,20.49,3.64
8/4/2022,13:22:03,20.49,3.66
8/4/2022,13:22:04,20.49,3.63
8/4/2022,13:22:05,20.48,3.66
8/4/2022,13:22:06,20.48,3.58
8/4/2022,13:22:07,20.49,3.57
8/4/2022,13:22:08,20.49,3.57
8/4/2022,13:22:09,20.49,3.61
8/4/2022,13:22:10,20.49,3.6
8/4/2022,13:22:11,20.49,3.6
8/4/2022,13:22:12,20.49,3.65
8/4/2022,13:22:13,20.49,3.73
8/4/2022,13:22:14,20.49,3.74
8/4/2022,13:22:15,20.48,3.78
8/4/2022,13:22:16,20.48,3.8
8/4/2022,13:22:17,20.48,3.83
8/4/2022,13:22:18,20.48,3.81
8/4/2022,13:22:19,20.48,3.84
8/4/2022,13:22:20,20.48,3.87
8/4/2022,13:22:21,20.47,3.89
8/4/2022,13:22:22,20.47,3.94
8/4/2022,13:22:23,20.47,3.92
8/4/2022,13:22:24,20.47,3.91
8/4/2022,13:22:25,20.47,3.93
8/4/2022,13:22:26,20.46,3.95
8/4/2022,13:22:27,20.46,3.88
8/4/2022,13:22:28,20.45,3.86
8/4/2022,13:22:29,20.45,3.84
8/4/2022,13:22:30,20.45,3.84
8/4/2022,13:22:31,20.45,3.89
8/4/2022,13:22:32,20.45,4.02
8/4/2022,13:22:33,20.44,3.99
8/4/2022,13:22:34,20.44,4.07
8/4/2022,13:22:35,20.45,4.08
8/4/2022,13:22:36,20.45,4.09
8/4/2022,13:22:37,20.44,4.11
8/4/2022,13:22:38,20.44,4.21
8/4/2022,13:22:39,20.43,4.26
8/4/2022,13:22:40,20.42,4.73
8/4/2022,13:22:41,20.41,4.98
8/4/2022,13:22:42,20.39,5.11
8/4/2022,13:22:43,20.39,5.21
8/4/2022,13:22:44,20.37,5.33
8/4/2022,13:22:45,20.36,5.37
8/4/2022,13:22:46,20.35,5.44
8/4/2022,13:22:47,20.35,5.28
8/4/2022,13:22:48,20.35,5.31
8/4/2022,13:22:49,20.34,5.35
8/4/2022,13:22:50,20.34,5.38
8/4/2022,13:22:51,20.33,5.41
8/4/2022,13:22:52,20.33,5.21
8/4/2022,13:22:53,20.33,5.31
8/4/2022,13:22:54,20.33,5.18
8/4/2022,13:22:55,20.33,5.02
8/4/2022,13:22:56,20.33,4.92
8/4/2022,13:22:57,20.32,4.8
8/4/2022,13:22:58,20.33,4.81
8/4/2022,13:22:59,20.34,4.72
8/4/2022,13:23:00,20.35,4.65
8/4/2022,13:23:01,20.36,4.55
8/4/2022,13:23:02,20.37,4.46
8/4/2022,13:23:03,20.37,4.37
8/4/2022,13:23:04,20.39,4.39
8/4/2022,13:23:05,20.39,4.33
8/4/2022,13:23:06,20.4,4.25
8/4/2022,13:23:07,20.41,4.22
8/4/2022,13:23:08,20.41,4.24
8/4/2022,13:23:09,20.42,4.24
8/4/2022,13:23:10,20.42,4.19
8/4/2022,13:23:11,20.42,4.14
8/4/2022,13:23:12,20.43,4.07
8/4/2022,13:23:13,20.43,3.98
8/4/2022,13:23:14,20.44,3.96
8/4/2022,13:23:15,20.44,4.03
8/4/2022,13:23:16,20.44,4.01
8/4/2022,13:23:17,20.45,4.02
8/4/2022,13:23:18,20.45,3.95
8/4/2022,13:23:19,20.45,3.91
8/4/2022,13:23:20,20.46,3.98
8/4/2022,13:23:21,20.46,4
8/4/2022,13:23:22,20.47,3.95
8/4/2022,13:23:23,20.47,3.9
8/4/2022,13:23:24,20.47,3.81
8/4/2022,13:23:25,20.48,3.83
8/4/2022,13:23:26,20.48,3.86
8/4/2022,13:23:27,20.48,3.88
8/4/2022,13:23:28,20.48,3.89
8/4/2022,13:23:29,20.48,3.81
8/4/2022,13:23:30,20.49,3.82
8/4/2022,13:23:31,20.49,3.81
8/4/2022,13:23:32,20.5,3.82
8/4/2022,13:23:33,20.51,3.82
8/4/2022,13:23:34,20.5,3.8
8/4/2022,13:23:35,20.5,3.76
8/4/2022,13:23:36,20.5,3.75
8/4/2022,13:23:37,20.5,3.72
8/4/2022,13:23:38,20.5,3.71
8/4/2022,13:23:39,20.49,3.69
8/4/2022,13:23:40,20.5,3.69
8/4/2022,13:23:41,20.5,3.67
8/4/2022,13:23:42,20.5,3.66
8/4/2022,13:23:43,20.5,3.67
8/4/2022,13:23:44,20.51,3.68
8/4/2022,13:23:45,20.5,3.68
8/4/2022,13:23:46,20.5,3.69
8/4/2022,13:23:47,20.5,3.64
8/4/2022,13:23:48,20.5,3.65
8/4/2022,13:23:49,20.5,3.64
8/4/2022,13:23:50,20.5,3.65
8/4/2022,13:23:51,20.49,3.7
8/4/2022,13:23:52,20.49,3.68
8/4/2022,13:23:53,20.49,3.76
8/4/2022,13:23:54,20.5,3.72
8/4/2022,13:23:55,20.5,3.77
8/4/2022,13:23:56,20.49,3.74
8/4/2022,13:23:57,20.49,3.72
8/4/2022,13:23:58,20.5,3.75
8/4/2022,13:23:59,20.5,3.74
8/4/2022,13:24:00,20.49,3.78
8/4/2022,13:24:01,20.49,3.78
8/4/2022,13:24:02,20.49,3.81
8/4/2022,13:24:03,20.49,4
8/4/2022,13:24:04,20.49,4.01
8/4/2022,13:24:05,20.5,4
8/4/2022,13:24:06,20.5,3.91
8/4/2022,13:24:07,20.5,3.9
8/4/2022,13:24:08,20.5,3.83
8/4/2022,13:24:09,20.5,3.98
8/4/2022,13:24:10,20.5,3.91
8/4/2022,13:24:11,20.5,3.93
8/4/2022,13:24:12,20.5,4.09
8/4/2022,13:24:13,20.51,4.06
8/4/2022,13:24:14,20.5,3.98
8/4/2022,13:24:15,20.5,3.98
8/4/2022,13:24:16,20.51,3.95
8/4/2022,13:24:17,20.51,3.95
8/4/2022,13:24:18,20.51,3.76
8/4/2022,13:24:19,20.51,3.99
8/4/2022,13:24:20,20.52,3.98
8/4/2022,13:24:21,20.51,4.03
8/4/2022,13:24:22,20.51,4.03
8/4/2022,13:24:23,20.49,4.1
8/4/2022,13:24:24,20.46,4.38
8/4/2022,13:24:25,20.41,5.16
8/4/2022,13:24:26,20.33,6.08
8/4/2022,13:24:27,20.27,7
8/4/2022,13:24:28,20.19,7.5
8/4/2022,13:24:29,20.14,7.9
8/4/2022,13:24:30,20.07,8.25
8/4/2022,13:24:31,20.02,8.63
8/4/2022,13:24:32,19.96,9.05
8/4/2022,13:24:33,19.89,9.39
8/4/2022,13:24:34,19.82,10.07
8/4/2022,13:24:35,19.74,11.07
8/4/2022,13:24:36,19.69,11.6
8/4/2022,13:24:37,19.62,12.01
8/4/2022,13:24:38,19.57,12.4
8/4/2022,13:24:39,19.5,12.45
8/4/2022,13:24:40,19.45,12.13
8/4/2022,13:24:41,19.41,11.53
8/4/2022,13:24:42,19.37,12.32
8/4/2022,13:24:43,19.37,13.09
8/4/2022,13:24:44,19.37,13.66
8/4/2022,13:24:45,19.4,10.14
8/4/2022,13:24:46,19.43,12.03
8/4/2022,13:24:47,19.43,256.32
8/4/2022,13:24:48,19.42,15.1
8/4/2022,13:24:49,19.37,52.39
8/4/2022,13:24:50,19.35,18.12
8/4/2022,13:24:51,19.31,22.81
8/4/2022,13:24:52,19.28,51.4
8/4/2022,13:24:53,19.26,10.31
8/4/2022,13:24:54,19.26,329.78
8/4/2022,13:24:55,19.26,21.99
8/4/2022,13:24:56,19.25,15.43
8/4/2022,13:24:57,19.25,13.87
8/4/2022,13:24:58,19.23,30.73
8/4/2022,13:24:59,19.22,12.56
8/4/2022,13:25:00,19.22,9.6
8/4/2022,13:25:01,19.22,9.42
8/4/2022,13:25:02,19.21,11.77
8/4/2022,13:25:03,19.21,10.95
8/4/2022,13:25:04,19.22,10.34
8/4/2022,13:25:05,19.23,7.99
8/4/2022,13:25:06,19.24,8.14
8/4/2022,13:25:07,19.28,25.01
8/4/2022,13:25:08,19.32,6.32
8/4/2022,13:25:09,19.38,13.34
8/4/2022,13:25:10,19.44,10.75
8/4/2022,13:25:11,19.51,19.84
8/4/2022,13:25:12,19.56,105.83
8/4/2022,13:25:13,19.61,20.07
8/4/2022,13:25:14,19.65,12.01
8/4/2022,13:25:15,19.69,10.77
8/4/2022,13:25:16,19.72,152.41
8/4/2022,13:25:17,19.74,9.7
8/4/2022,13:25:18,19.78,16.04
8/4/2022,13:25:19,19.81,10.29
8/4/2022,13:25:20,19.83,43.32
8/4/2022,13:25:21,19.84,6.57
8/4/2022,13:25:22,19.87,8.48
8/4/2022,13:25:23,19.88,10.47
8/4/2022,13:25:24,19.9,10.74
8/4/2022,13:25:25,19.91,10.75
8/4/2022,13:25:26,19.92,9.88
8/4/2022,13:25:27,19.94,9.37
8/4/2022,13:25:28,19.96,8.99
8/4/2022,13:25:29,19.97,8.77
8/4/2022,13:25:30,19.98,8.68
8/4/2022,13:25:31,20,8.42
8/4/2022,13:25:32,20.02,8.21
8/4/2022,13:25:33,20.04,7.98
8/4/2022,13:25:34,20.06,7.83
8/4/2022,13:25:35,20.09,7.7
8/4/2022,13:25:36,20.11,7.52
8/4/2022,13:25:37,20.14,7.11
8/4/2022,13:25:38,20.17,6.46
8/4/2022,13:25:39,20.2,6.09
8/4/2022,13:25:40,20.22,6.06
8/4/2022,13:25:41,20.24,6.05
8/4/2022,13:25:42,20.26,5.91
8/4/2022,13:25:43,20.28,5.74
8/4/2022,13:25:44,20.29,5.61
8/4/2022,13:25:45,20.3,5.51
8/4/2022,13:25:46,20.31,5.42
8/4/2022,13:25:47,20.31,5.37
8/4/2022,13:25:48,20.32,5.34
8/4/2022,13:25:49,20.33,5.2
8/4/2022,13:25:50,20.35,5.15
8/4/2022,13:25:51,20.35,5.25
8/4/2022,13:25:52,20.36,5.3
8/4/2022,13:25:53,20.36,5.36
8/4/2022,13:25:54,20.35,5.46
8/4/2022,13:25:55,20.35,5.4
8/4/2022,13:25:56,20.33,5.46
8/4/2022,13:25:57,20.31,5.65
8/4/2022,13:25:58,20.28,5.79
8/4/2022,13:25:59,20.25,6.05
8/4/2022,13:26:00,20.22,6.23
8/4/2022,13:26:01,20.2,6.35
8/4/2022,13:26:02,20.17,6.5
8/4/2022,13:26:03,20.15,6.69
8/4/2022,13:26:04,20.13,6.78
8/4/2022,13:26:05,20.11,6.76
8/4/2022,13:26:06,20.1,6.84
8/4/2022,13:26:07,20.07,6.81
8/4/2022,13:26:08,20.06,6.8
8/4/2022,13:26:09,20.04,6.78
8/4/2022,13:26:10,20.03,6.67
8/4/2022,13:26:11,20.01,6.6
8/4/2022,13:26:12,20.01,6.37
8/4/2022,13:26:13,20.01,6.19
8/4/2022,13:26:14,20.01,5.91
8/4/2022,13:26:15,20.02,5.73
8/4/2022,13:26:16,20.04,5.53
8/4/2022,13:26:17,20.04,5.41
8/4/2022,13:26:18,20.08,5.21
8/4/2022,13:26:19,20.11,5.08
8/4/2022,13:26:20,20.13,4.95
8/4/2022,13:26:21,20.17,4.82
8/4/2022,13:26:22,20.19,4.77
8/4/2022,13:26:23,20.19,4.71
8/4/2022,13:26:24,20.2,4.68
8/4/2022,13:26:25,20.23,4.65
8/4/2022,13:26:26,20.24,4.62
8/4/2022,13:26:27,20.26,4.61
8/4/2022,13:26:28,20.28,4.63
8/4/2022,13:26:29,20.29,4.68
8/4/2022,13:26:30,20.3,4.66
8/4/2022,13:26:31,19.64,4.82
8/4/2022,13:26:32,20.44,4.79
8/4/2022,13:26:33,20.53,4.76
8/4/2022,13:26:34,20.14,4.77
8/4/2022,13:26:35,20.32,4.84
8/4/2022,13:26:36,20.33,4.84
8/4/2022,13:26:37,20.36,4.84
8/4/2022,13:26:38,20.37,5.25
8/4/2022,13:26:39,20.37,5.8
8/4/2022,13:26:40,20.38,6.05
8/4/2022,13:26:41,20.36,6.03
8/4/2022,13:26:42,20.36,6.13
8/4/2022,13:26:43,20.35,6.27
8/4/2022,13:26:44,20.35,6.3
8/4/2022,13:26:45,20.34,5.97
8/4/2022,13:26:46,20.34,6.57
8/4/2022,13:26:47,20.32,6.54
8/4/2022,13:26:48,20.31,6.79
8/4/2022,13:26:49,20.31,8.2
8/4/2022,13:26:50,20.31,8.39
8/4/2022,13:26:51,20.31,8.37
8/4/2022,13:26:52,20.3,8.48
8/4/2022,13:26:53,20.31,7.87
8/4/2022,13:26:54,20.31,9.37
8/4/2022,13:26:55,20.3,9.17
8/4/2022,13:26:56,20.29,9.12
8/4/2022,13:26:57,20.27,9.69
8/4/2022,13:26:58,20.26,8.77
8/4/2022,13:26:59,20.26,9.14
8/4/2022,13:27:00,20.26,9.3
8/4/2022,13:27:01,20.27,8.4
8/4/2022,13:27:02,20.28,8.42
8/4/2022,13:27:03,20.29,8.86
8/4/2022,13:27:04,20.28,8.42
8/4/2022,13:27:05,20.29,8.63
8/4/2022,13:27:06,20.29,8.65
8/4/2022,13:27:07,20.32,8.66
8/4/2022,13:27:08,20.31,9.29
8/4/2022,13:27:09,20.31,7.72
8/4/2022,13:27:10,20.31,8.03
8/4/2022,13:27:11,20.32,8.26
8/4/2022,13:27:12,20.32,8.47
8/4/2022,13:27:13,20.32,8.38
8/4/2022,13:27:14,20.29,7.86
8/4/2022,13:27:15,20.3,8.1
8/4/2022,13:27:16,20.32,8.24
8/4/2022,13:27:17,20.32,8.36
8/4/2022,13:27:18,20.33,7.89
8/4/2022,13:27:19,20.34,7.32
8/4/2022,13:27:20,20.32,7.32
8/4/2022,13:27:21,20.33,7.32
8/4/2022,13:27:22,20.33,8.55
8/4/2022,13:27:23,20.32,8.22
8/4/2022,13:27:24,20.32,8.15
8/4/2022,13:27:25,20.31,7.75
8/4/2022,13:27:26,20.31,7.12
8/4/2022,13:27:27,20.3,7.37
8/4/2022,13:27:28,20.3,7.31
8/4/2022,13:27:29,20.31,7.17
8/4/2022,13:27:30,20.31,7.11
8/4/2022,13:27:31,20.33,6.86
8/4/2022,13:27:32,20.3,6.74
8/4/2022,13:27:33,20.31,6.51
8/4/2022,13:27:34,20.33,6.14
8/4/2022,13:27:35,20.33,6.12
8/4/2022,13:27:36,20.33,6.26
8/4/2022,13:27:37,20.35,5.3
8/4/2022,13:27:38,20.33,5.17
8/4/2022,13:27:39,20.33,5.25
8/4/2022,13:27:40,20.34,5.31
8/4/2022,13:27:41,20.33,5.06
8/4/2022,13:27:42,20.33,5.06
8/4/2022,13:27:43,20.33,5.03
8/4/2022,13:27:44,20.34,4.93
8/4/2022,13:27:45,20.35,5
8/4/2022,13:27:46,20.35,4.98
8/4/2022,13:27:47,20.34,5.25
8/4/2022,13:27:48,20.35,5.31
8/4/2022,13:27:49,20.35,5.34
8/4/2022,13:27:50,20.36,5.13
8/4/2022,13:27:51,20.36,5.04
8/4/2022,13:27:52,20.35,5.08
8/4/2022,13:27:53,20.34,5.25
8/4/2022,13:27:54,20.34,5.4
8/4/2022,13:27:55,20.35,5.76
8/4/2022,13:27:56,20.34,5.98
8/4/2022,13:27:57,20.33,6.78
8/4/2022,13:27:58,20.36,6.99
8/4/2022,13:27:59,20.36,7.36
8/4/2022,13:28:00,20.34,7.48
8/4/2022,13:28:01,20.36,7.8
8/4/2022,13:28:02,20.36,8.14
8/4/2022,13:28:03,20.37,8.95
8/4/2022,13:28:04,20.35,9.15
8/4/2022,13:28:05,20.35,10.2
8/4/2022,13:28:06,20.36,10.84
8/4/2022,13:28:07,20.37,12.29
8/4/2022,13:28:08,20.37,12.35
8/4/2022,13:28:09,20.36,12.41
8/4/2022,13:28:10,20.36,12.78
8/4/2022,13:28:11,20.37,12.97
8/4/2022,13:28:12,20.38,8.38
8/4/2022,13:28:13,20.39,5.42
8/4/2022,13:28:14,20.39,75.32
8/4/2022,13:28:15,20.39,6.24
8/4/2022,13:28:16,20.39,11.36
8/4/2022,13:28:17,20.38,11.99
8/4/2022,13:28:18,20.37,4.67
8/4/2022,13:28:19,20.35,65.79
8/4/2022,13:28:20,20.34,5.39
8/4/2022,13:28:21,20.34,7.28
8/4/2022,13:28:22,20.32,7.81
8/4/2022,13:28:23,20.31,10
8/4/2022,13:28:24,20.31,10.08
8/4/2022,13:28:25,20.32,12.12
8/4/2022,13:28:26,20.31,12.19
8/4/2022,13:28:27,20.28,11.73
8/4/2022,13:28:28,20.28,24.63
8/4/2022,13:28:29,20.29,10.14
8/4/2022,13:28:30,20.28,4.03
8/4/2022,13:28:31,20.28,9.07
8/4/2022,13:28:32,20.28,6.05
8/4/2022,13:28:33,20.28,6.43
8/4/2022,13:28:34,20.28,7.76
8/4/2022,13:28:35,20.28,10.94
8/4/2022,13:28:36,20.27,10.19
8/4/2022,13:28:37,20.29,10.53
8/4/2022,13:28:38,20.29,9.85
8/4/2022,13:28:39,20.32,10.74
8/4/2022,13:28:40,20.33,12.47
8/4/2022,13:28:41,20.34,13.47
8/4/2022,13:28:42,20.35,12.94
8/4/2022,13:28:43,20.35,12.87
8/4/2022,13:28:44,20.36,12.42
8/4/2022,13:28:45,20.36,12.05
8/4/2022,13:28:46,20.37,11.62
8/4/2022,13:28:47,20.38,11.75
8/4/2022,13:28:48,20.38,11.79
8/4/2022,13:28:49,20.39,11.15
8/4/2022,13:28:50,20.39,9.76
8/4/2022,13:28:51,20.4,10
8/4/2022,13:28:52,20.4,10.01
8/4/2022,13:28:53,20.39,9.74
8/4/2022,13:28:54,20.4,9.74
8/4/2022,13:28:55,20.4,9.92
8/4/2022,13:28:56,20.41,9.98
8/4/2022,13:28:57,20.41,9.6
8/4/2022,13:28:58,20.41,9.53
8/4/2022,13:28:59,20.41,9.63
8/4/2022,13:29:00,20.42,9.66
8/4/2022,13:29:01,20.41,10.69
8/4/2022,13:29:02,20.4,12.07
8/4/2022,13:29:03,20.39,12.18
8/4/2022,13:29:04,20.38,12.45
8/4/2022,13:29:05,20.39,13.07
8/4/2022,13:29:06,20.38,13.03
8/4/2022,13:29:07,20.39,12.04
8/4/2022,13:29:08,20.38,11.85
8/4/2022,13:29:09,20.38,11.08
8/4/2022,13:29:10,20.38,11.14
8/4/2022,13:29:11,20.38,11
8/4/2022,13:29:12,20.37,11.86
8/4/2022,13:29:13,20.36,12.71
8/4/2022,13:29:14,20.37,13.14
8/4/2022,13:29:15,20.37,11.98
8/4/2022,13:29:16,20.37,11.9
8/4/2022,13:29:17,20.37,10.91
8/4/2022,13:29:18,20.37,10.97
8/4/2022,13:29:19,20.37,11.55
8/4/2022,13:29:20,20.37,11.06
8/4/2022,13:29:21,20.39,10.92
8/4/2022,13:29:22,20.4,11.7
8/4/2022,13:29:23,20.4,11.36
8/4/2022,13:29:24,20.4,12.17
8/4/2022,13:29:25,20.4,11.84
8/4/2022,13:29:26,20.4,12.04
8/4/2022,13:29:27,20.4,11.31
8/4/2022,13:29:28,20.41,10.82
8/4/2022,13:29:29,20.41,12.56
8/4/2022,13:29:30,20.4,8.78
8/4/2022,13:29:31,20.4,4.81
8/4/2022,13:29:32,20.39,4.16
8/4/2022,13:29:33,20.4,5.74
8/4/2022,13:29:34,20.4,4.74
8/4/2022,13:29:35,20.4,5.56
8/4/2022,13:29:36,20.39,5.79
8/4/2022,13:29:37,20.4,6.18
8/4/2022,13:29:38,20.39,6.17
8/4/2022,13:29:39,20.39,6.64
8/4/2022,13:29:40,20.39,6.78
8/4/2022,13:29:41,20.38,7.82
8/4/2022,13:29:42,20.37,9.74
8/4/2022,13:29:43,20.35,9.75
8/4/2022,13:29:44,20.36,9.67
8/4/2022,13:29:45,20.36,9.35
8/4/2022,13:29:46,20.35,9.23
8/4/2022,13:29:47,20.35,9.16
8/4/2022,13:29:48,20.35,9.2
8/4/2022,13:29:49,20.33,9.01
8/4/2022,13:29:50,20.34,9.02
8/4/2022,13:29:51,20.35,8.95
8/4/2022,13:29:52,20.36,10.14
8/4/2022,13:29:53,20.36,10.45
8/4/2022,13:29:54,20.35,10.44
8/4/2022,13:29:55,20.36,9.43
8/4/2022,13:29:56,20.36,9.4
8/4/2022,13:29:57,20.36,8.31
8/4/2022,13:29:58,20.37,8.21
8/4/2022,13:29:59,20.36,8.95
8/4/2022,13:30:00,20.37,9.61
8/4/2022,13:30:01,20.37,9.99
8/4/2022,13:30:02,20.39,10.3
8/4/2022,13:30:03,20.39,11.03
8/4/2022,13:30:04,20.39,11.34
8/4/2022,13:30:05,20.39,11.85
8/4/2022,13:30:06,20.4,10.77
8/4/2022,13:30:07,20.4,12.27
8/4/2022,13:30:08,20.4,13.88
8/4/2022,13:30:09,20.41,3.4
8/4/2022,13:30:10,20.41,50.78
8/4/2022,13:30:11,20.42,11.11
8/4/2022,13:30:12,20.41,7.64
8/4/2022,13:30:13,20.41,7.53
8/4/2022,13:30:14,20.41,7.55
8/4/2022,13:30:15,20.41,7.86
8/4/2022,13:30:16,20.41,7.26
8/4/2022,13:30:17,20.41,6.64
8/4/2022,13:30:18,20.41,6.19
8/4/2022,13:30:19,20.42,5.9
8/4/2022,13:30:20,20.42,5.68
8/4/2022,13:30:21,20.41,5.47
8/4/2022,13:30:22,20.42,5.36
8/4/2022,13:30:23,20.42,5.31
8/4/2022,13:30:24,20.42,5.21
8/4/2022,13:30:25,20.42,5.11
8/4/2022,13:30:26,20.42,4.89
8/4/2022,13:30:27,20.42,4.82
8/4/2022,13:30:28,20.42,4.53
8/4/2022,13:30:29,20.42,4.28
8/4/2022,13:30:30,20.42,4.13
8/4/2022,13:30:31,20.42,4.15
8/4/2022,13:30:32,20.43,4.17
8/4/2022,13:30:33,20.44,4.19
8/4/2022,13:30:34,20.44,4.22
8/4/2022,13:30:35,20.45,4.21
8/4/2022,13:30:36,20.45,4.21
8/4/2022,13:30:37,20.45,4.19
8/4/2022,13:30:38,20.44,4.23
8/4/2022,13:30:39,20.44,4.26
8/4/2022,13:30:40,20.44,4.38
8/4/2022,13:30:41,20.45,4.32
8/4/2022,13:30:42,20.44,4.3
8/4/2022,13:30:43,20.44,4.32
8/4/2022,13:30:44,20.44,4.34
8/4/2022,13:30:45,20.45,4.32
8/4/2022,13:30:46,20.44,4.23
8/4/2022,13:30:47,20.44,4.19
8/4/2022,13:30:48,20.45,4.2
8/4/2022,13:30:49,20.44,4.16
8/4/2022,13:30:50,20.44,4.2
8/4/2022,13:30:51,20.44,4.27
8/4/2022,13:30:52,20.44,4.38
8/4/2022,13:30:53,20.44,4.29
8/4/2022,13:30:54,20.42,4.23
8/4/2022,13:30:55,20.42,4.09
8/4/2022,13:30:56,20.42,4.09
8/4/2022,13:30:57,20.42,4.06
8/4/2022,13:30:58,20.42,4.02
8/4/2022,13:30:59,20.43,4.08
8/4/2022,13:31:00,20.43,4.09
8/4/2022,13:31:01,20.44,4.13
8/4/2022,13:31:02,20.44,4.14
8/4/2022,13:31:03,20.44,4.13
8/4/2022,13:31:04,20.46,4.16
8/4/2022,13:31:05,20.46,4.22
8/4/2022,13:31:06,20.47,4.1
8/4/2022,13:31:07,20.47,4.09
8/4/2022,13:31:08,20.47,4.08
8/4/2022,13:31:09,20.47,4.08
8/4/2022,13:31:10,20.47,4.12
8/4/2022,13:31:11,20.46,4.21
8/4/2022,13:31:12,20.46,4.23
8/4/2022,13:31:13,20.46,4.18
8/4/2022,13:31:14,20.47,4.14
8/4/2022,13:31:15,20.47,4.16
8/4/2022,13:31:16,20.47,4.17
8/4/2022,13:31:17,20.47,4.36
8/4/2022,13:31:18,20.48,4.42
8/4/2022,13:31:19,20.48,4.38
8/4/2022,13:31:20,20.48,4.26
8/4/2022,13:31:21,20.47,4.25
8/4/2022,13:31:22,20.47,4.26
8/4/2022,13:31:23,20.47,4.22
8/4/2022,13:31:24,20.46,4.27
8/4/2022,13:31:25,20.45,4.29
8/4/2022,13:31:26,20.45,4.32
8/4/2022,13:31:27,20.45,4.33
8/4/2022,13:31:28,20.45,4.39
8/4/2022,13:31:29,20.45,4.37
8/4/2022,13:31:30,20.45,4.38
8/4/2022,13:31:31,20.45,4.34
8/4/2022,13:31:32,20.45,4.29
8/4/2022,13:31:33,20.45,4.28
8/4/2022,13:31:34,20.45,4.29
8/4/2022,13:31:35,20.44,4.27
8/4/2022,13:31:36,20.44,4.38
8/4/2022,13:31:37,20.44,4.34
8/4/2022,13:31:38,20.43,4.33
8/4/2022,13:31:39,20.43,4.27
8/4/2022,13:31:40,20.42,4.15
8/4/2022,13:31:41,20.41,4.09
8/4/2022,13:31:42,20.4,4.06
8/4/2022,13:31:43,20.4,4
8/4/2022,13:31:44,20.4,4.04
8/4/2022,13:31:45,20.41,4.06
8/4/2022,13:31:46,20.41,4.02
8/4/2022,13:31:47,20.41,4
8/4/2022,13:31:48,20.4,3.98
8/4/2022,13:31:49,20.4,4
8/4/2022,13:31:50,20.39,4.06
8/4/2022,13:31:51,20.39,4
8/4/2022,13:31:52,20.39,4.09
8/4/2022,13:31:53,20.39,4.14
8/4/2022,13:31:54,20.39,4.23
8/4/2022,13:31:55,20.39,4.31
8/4/2022,13:31:56,20.39,4.27
8/4/2022,13:31:57,20.4,4.31
8/4/2022,13:31:58,20.4,4.36
8/4/2022,13:31:59,20.4,4.31
8/4/2022,13:32:00,20.4,4.38
8/4/2022,13:32:01,20.41,4.31
8/4/2022,13:32:02,20.41,4.41
8/4/2022,13:32:03,20.41,4.5
8/4/2022,13:32:04,20.4,4.49
8/4/2022,13:32:05,20.39,4.47
8/4/2022,13:32:06,20.39,4.56
8/4/2022,13:32:07,20.39,4.49
8/4/2022,13:32:08,20.39,4.49
8/4/2022,13:32:09,20.39,4.49
8/4/2022,13:32:10,20.39,4.45
8/4/2022,13:32:11,20.4,4.47
8/4/2022,13:32:12,20.4,4.62
8/4/2022,13:32:13,20.39,4.68
8/4/2022,13:32:14,20.39,4.67
8/4/2022,13:32:15,20.38,4.62
8/4/2022,13:32:16,20.38,4.6
8/4/2022,13:32:17,20.38,4.63
8/4/2022,13:32:18,20.38,4.6
8/4/2022,13:32:19,20.39,4.62
8/4/2022,13:32:20,20.38,4.62
8/4/2022,13:32:21,20.38,4.58
8/4/2022,13:32:22,20.38,4.75
8/4/2022,13:32:23,20.39,4.66
8/4/2022,13:32:24,20.39,4.61
8/4/2022,13:32:25,20.39,4.71
8/4/2022,13:32:26,20.38,4.68
8/4/2022,13:32:27,20.39,4.51
8/4/2022,13:32:28,20.39,4.49
8/4/2022,13:32:29,20.4,4.52
8/4/2022,13:32:30,20.37,4.64
8/4/2022,13:32:31,20.37,4.75
8/4/2022,13:32:32,20.37,4.67
8/4/2022,13:32:33,20.37,4.65
8/4/2022,13:32:34,20.37,4.79
8/4/2022,13:32:35,20.39,4.67
8/4/2022,13:32:36,20.39,4.71
8/4/2022,13:32:37,20.39,4.62
8/4/2022,13:32:38,20.39,4.64
8/4/2022,13:32:39,20.39,4.75
8/4/2022,13:32:40,20.39,4.69
8/4/2022,13:32:41,20.4,4.7
8/4/2022,13:32:42,20.38,4.69
8/4/2022,13:32:43,20.37,4.78
8/4/2022,13:32:44,20.36,4.8
8/4/2022,13:32:45,20.35,4.78
8/4/2022,13:32:46,20.35,4.69
8/4/2022,13:32:47,20.34,4.76
8/4/2022,13:32:48,20.33,4.85
8/4/2022,13:32:49,20.32,4.75
8/4/2022,13:32:50,20.33,4.74
8/4/2022,13:32:51,20.33,4.92
8/4/2022,13:32:52,20.34,4.94
8/4/2022,13:32:53,20.34,5.15
8/4/2022,13:32:54,20.33,5.29
8/4/2022,13:32:55,20.32,5.57
8/4/2022,13:32:56,20.31,5.99
8/4/2022,13:32:57,20.3,6.44
8/4/2022,13:32:58,20.3,6.59
8/4/2022,13:32:59,20.28,7.03
8/4/2022,13:33:00,20.27,7.34
8/4/2022,13:33:01,20.25,7.54
8/4/2022,13:33:02,20.24,7.68
8/4/2022,13:33:03,20.23,7.71
8/4/2022,13:33:04,20.22,7.83
8/4/2022,13:33:05,20.21,7.92
8/4/2022,13:33:06,20.18,7.76
8/4/2022,13:33:07,20.16,7.76
8/4/2022,13:33:08,20.14,7.53
8/4/2022,13:33:09,20.12,7.59
8/4/2022,13:33:10,20.1,7.29
8/4/2022,13:33:11,20.08,7.49
8/4/2022,13:33:12,20.06,7.5
8/4/2022,13:33:13,20.04,7.23
8/4/2022,13:33:14,20.02,7.12
8/4/2022,13:33:15,20,7.15
8/4/2022,13:33:16,19.99,7.13
8/4/2022,13:33:17,19.97,7.14
8/4/2022,13:33:18,19.95,7.32
8/4/2022,13:33:19,19.93,7.51
8/4/2022,13:33:20,19.91,7.63
8/4/2022,13:33:21,19.91,7.75
8/4/2022,13:33:22,19.9,7.82
8/4/2022,13:33:23,19.88,7.82
8/4/2022,13:33:24,19.88,7.88
8/4/2022,13:33:25,19.88,7.83
8/4/2022,13:33:26,19.89,7.63
8/4/2022,13:33:27,19.9,7.48
8/4/2022,13:33:28,19.91,7.5
8/4/2022,13:33:29,19.9,7.66
8/4/2022,13:33:30,19.92,7.77
8/4/2022,13:33:31,19.94,8.14
8/4/2022,13:33:32,19.95,8.94
8/4/2022,13:33:33,19.94,9.18
8/4/2022,13:33:34,19.95,10.46
8/4/2022,13:33:35,19.96,11.38
8/4/2022,13:33:36,19.96,12.04
8/4/2022,13:33:37,19.98,12.26
8/4/2022,13:33:38,20.01,13.76
8/4/2022,13:33:39,20.03,13.49
8/4/2022,13:33:40,20.05,13.45
8/4/2022,13:33:41,20.07,13.39
8/4/2022,13:33:42,20.08,13.3
8/4/2022,13:33:43,20.1,13.19
8/4/2022,13:33:44,20.12,12.98
8/4/2022,13:33:45,20.12,12.73
8/4/2022,13:33:46,20.13,11.16
8/4/2022,13:33:47,20.13,10.1
8/4/2022,13:33:48,20.14,9.65
8/4/2022,13:33:49,20.16,7.62
8/4/2022,13:33:50,20.16,6.52
8/4/2022,13:33:51,20.16,6.19
8/4/2022,13:33:52,20.17,5.63
8/4/2022,13:33:53,20.19,5.54
8/4/2022,13:33:54,20.18,5.54
8/4/2022,13:33:55,20.19,5.5
8/4/2022,13:33:56,20.19,5.42
8/4/2022,13:33:57,20.19,5.38
8/4/2022,13:33:58,20.19,5.32
8/4/2022,13:33:59,20.19,5.32
8/4/2022,13:34:00,20.19,5.45
8/4/2022,13:34:01,20.18,5.54
8/4/2022,13:34:02,20.19,5.51
8/4/2022,13:34:03,20.19,5.56
8/4/2022,13:34:04,20.19,5.57
8/4/2022,13:34:05,20.19,5.62
8/4/2022,13:34:06,20.19,5.47
8/4/2022,13:34:07,20.2,5.61
8/4/2022,13:34:08,20.2,6.01
8/4/2022,13:34:09,20.18,6.8
8/4/2022,13:34:10,20.19,9.81
8/4/2022,13:34:11,20.19,13.89
8/4/2022,13:34:12,20.18,11.86
8/4/2022,13:34:13,20.18,5.39
8/4/2022,13:34:14,20.19,13.58
8/4/2022,13:34:15,20.19,11.46
8/4/2022,13:34:16,20.18,1417.02
8/4/2022,13:34:17,20.16,5.55
8/4/2022,13:34:18,20.15,9.69
8/4/2022,13:34:19,20.14,7.77
8/4/2022,13:34:20,20.14,7.17
8/4/2022,13:34:21,20.14,6.61
8/4/2022,13:34:22,20.14,6.33
8/4/2022,13:34:23,20.12,6.24
8/4/2022,13:34:24,20.13,6.4
8/4/2022,13:34:25,20.12,6.38
8/4/2022,13:34:26,20.11,6.65
8/4/2022,13:34:27,20.08,6.67
8/4/2022,13:34:28,20.07,6.65
8/4/2022,13:34:29,20.08,8.95
8/4/2022,13:34:30,20.08,8.57
8/4/2022,13:34:31,20.08,8.08
8/4/2022,13:34:32,20.07,7.67
8/4/2022,13:34:33,20.07,7.28
8/4/2022,13:34:34,20.06,6.98
8/4/2022,13:34:35,20.05,6.69
8/4/2022,13:34:36,20.04,6.48
8/4/2022,13:34:37,20.03,6.28
8/4/2022,13:34:38,20,5.9
8/4/2022,13:34:39,19.96,5.62
8/4/2022,13:34:40,19.92,5.07
8/4/2022,13:34:41,19.86,4.86
8/4/2022,13:34:42,19.82,9.07
8/4/2022,13:34:43,19.79,15.45
8/4/2022,13:34:44,19.75,11.26
8/4/2022,13:34:45,19.73,3.09
8/4/2022,13:34:46,19.7,178.06
8/4/2022,13:34:47,19.71,19.11
8/4/2022,13:34:48,19.69,13.69
8/4/2022,13:34:49,19.66,12.91
8/4/2022,13:34:50,19.64,19.53
8/4/2022,13:34:51,19.63,11.67
8/4/2022,13:34:52,19.62,10.01
8/4/2022,13:34:53,19.62,10.32
8/4/2022,13:34:54,19.61,11.94
8/4/2022,13:34:55,19.62,12.44
8/4/2022,13:34:56,19.63,12.89
8/4/2022,13:34:57,19.65,12.08
8/4/2022,13:34:58,19.69,11.39
8/4/2022,13:34:59,19.73,10.89
8/4/2022,13:35:00,19.77,10.72
8/4/2022,13:35:01,19.81,10.51
8/4/2022,13:35:02,19.83,10.28
8/4/2022,13:35:03,19.87,10.11
8/4/2022,13:35:04,19.88,9.91
8/4/2022,13:35:05,19.91,9.76
8/4/2022,13:35:06,19.92,9.54
8/4/2022,13:35:07,19.91,8.96
8/4/2022,13:35:08,19.91,8.79
8/4/2022,13:35:09,19.91,8.27
8/4/2022,13:35:10,19.9,8.04
8/4/2022,13:35:11,19.89,8.08
8/4/2022,13:35:12,19.86,8.24
8/4/2022,13:35:13,19.83,8.79
8/4/2022,13:35:14,19.82,8.86
8/4/2022,13:35:15,19.8,9.12
8/4/2022,13:35:16,19.77,9.74
8/4/2022,13:35:17,19.74,9.93
8/4/2022,13:35:18,19.72,10.96
8/4/2022,13:35:19,19.71,11.48
8/4/2022,13:35:20,19.7,12.78
8/4/2022,13:35:21,19.69,12.91
8/4/2022,13:35:22,19.69,12.97
8/4/2022,13:35:23,19.67,13.1
8/4/2022,13:35:24,19.68,13.39
8/4/2022,13:35:25,19.67,12.84
8/4/2022,13:35:26,19.67,12.7
8/4/2022,13:35:27,19.68,12.5
8/4/2022,13:35:28,19.7,11.47
8/4/2022,13:35:29,19.7,11.34
8/4/2022,13:35:30,19.71,11.26
8/4/2022,13:35:31,19.72,11.14
8/4/2022,13:35:32,19.75,12.28
8/4/2022,13:35:33,19.76,11.99
8/4/2022,13:35:34,19.75,11.03
8/4/2022,13:35:35,19.74,10.69
8/4/2022,13:35:36,19.73,10.53
8/4/2022,13:35:37,19.72,10.5
8/4/2022,13:35:38,19.71,195.7
8/4/2022,13:35:39,19.69,2.25
8/4/2022,13:35:40,19.68,2.22
8/4/2022,13:35:41,19.67,2.28
8/4/2022,13:35:42,19.66,2.35
8/4/2022,13:35:43,19.66,2.41
8/4/2022,13:35:44,19.65,2.38
8/4/2022,13:35:45,19.64,2.37
8/4/2022,13:35:46,19.62,2.33
8/4/2022,13:35:47,19.61,2.31
8/4/2022,13:35:48,19.58,2.3
8/4/2022,13:35:49,19.56,2.27
8/4/2022,13:35:50,19.54,2.25
8/4/2022,13:35:51,19.51,2.25
8/4/2022,13:35:52,19.49,2.23
8/4/2022,13:35:53,19.48,2.22
8/4/2022,13:35:54,19.46,2.24
8/4/2022,13:35:55,19.46,2.9
8/4/2022,13:35:56,19.46,3.37
8/4/2022,13:35:57,19.46,3.42
8/4/2022,13:35:58,19.45,3.65
8/4/2022,13:35:59,19.45,4.83
8/4/2022,13:36:00,19.45,5.95
8/4/2022,13:36:01,19.43,6.69
8/4/2022,13:36:02,19.4,7.42
8/4/2022,13:36:03,19.34,9.1
8/4/2022,13:36:04,19.23,11.25
8/4/2022,13:36:05,19.12,13.58
8/4/2022,13:36:06,18.99,30.23
8/4/2022,13:36:07,18.87,29.77
8/4/2022,13:36:08,18.77,24.2
8/4/2022,13:36:09,18.65,41.46
8/4/2022,13:36:10,18.56,22.12
8/4/2022,13:36:11,18.46,26.05
8/4/2022,13:36:12,18.37,22.04
8/4/2022,13:36:13,18.28,24.01
8/4/2022,13:36:14,18.22,23.34
8/4/2022,13:36:15,18.14,21.57
8/4/2022,13:36:16,18.09,18.23
8/4/2022,13:36:17,18.05,16.74
8/4/2022,13:36:18,18.01,16.94
8/4/2022,13:36:19,17.99,16.08
8/4/2022,13:36:20,17.98,10.44
8/4/2022,13:36:21,17.98,11.66
8/4/2022,13:36:22,18.01,11.82
8/4/2022,13:36:23,18.07,11.6
8/4/2022,13:36:24,18.19,11.49
8/4/2022,13:36:25,18.31,11.41
8/4/2022,13:36:26,18.41,11.17
8/4/2022,13:36:27,18.53,10.87
8/4/2022,13:36:28,18.63,10.86
8/4/2022,13:36:29,18.76,10.6
8/4/2022,13:36:30,18.89,10.31
8/4/2022,13:36:31,19,10.1
8/4/2022,13:36:32,19.11,9.91
8/4/2022,13:36:33,19.2,9.69
8/4/2022,13:36:34,19.3,10.65
8/4/2022,13:36:35,19.38,12.22
8/4/2022,13:36:36,19.47,12.21
8/4/2022,13:36:37,19.53,14.56
8/4/2022,13:36:38,19.6,89.52
8/4/2022,13:36:39,19.65,24.22
8/4/2022,13:36:40,19.71,22.96
8/4/2022,13:36:41,19.75,13.42
8/4/2022,13:36:42,19.79,14.57
8/4/2022,13:36:43,19.83,8.32
8/4/2022,13:36:44,19.86,6.77
8/4/2022,13:36:45,19.89,32.06
8/4/2022,13:36:46,19.92,365.39
8/4/2022,13:36:47,19.96,11.54
8/4/2022,13:36:48,19.98,5.46
8/4/2022,13:36:49,20,14.39
8/4/2022,13:36:50,20.01,166.56
8/4/2022,13:36:51,20.03,39.63
8/4/2022,13:36:52,20.05,19.54
8/4/2022,13:36:53,20.06,107.55
8/4/2022,13:36:54,20.07,110.14
8/4/2022,13:36:55,20.08,11.17
8/4/2022,13:36:56,20.09,796.69
8/4/2022,13:36:57,20.1,20.09
8/4/2022,13:36:58,20.11,47.71
8/4/2022,13:36:59,20.12,11.34
8/4/2022,13:37:00,20.12,6.19
8/4/2022,13:37:01,20.13,10.39
8/4/2022,13:37:02,20.13,10.88
8/4/2022,13:37:03,20.14,212.4
8/4/2022,13:37:04,20.15,18.15
8/4/2022,13:37:05,20.16,8.48
8/4/2022,13:37:06,20.17,19.51
8/4/2022,13:37:07,20.17,153.94
8/4/2022,13:37:08,20.17,5.77
8/4/2022,13:37:09,20.17,26.7
8/4/2022,13:37:10,20.19,16.56
8/4/2022,13:37:11,20.19,23.83
8/4/2022,13:37:12,20.18,48.44
8/4/2022,13:37:13,20.19,18.75
8/4/2022,13:37:14,20.2,7.15
8/4/2022,13:37:15,20.2,8.91
8/4/2022,13:37:16,20.21,167.23
8/4/2022,13:37:17,20.21,13
8/4/2022,13:37:18,20.21,298.15
8/4/2022,13:37:19,20.2,8.32
8/4/2022,13:37:20,20.21,54.9
8/4/2022,13:37:21,20.22,27.37
8/4/2022,13:37:22,20.22,9.26
8/4/2022,13:37:23,20.22,100.18
8/4/2022,13:37:24,20.24,17.3
8/4/2022,13:37:25,20.24,7.06
8/4/2022,13:37:26,20.24,5.01
8/4/2022,13:37:27,20.25,7.06
8/4/2022,13:37:28,20.25,990.08
8/4/2022,13:37:29,20.26,12.93
8/4/2022,13:37:30,20.26,112.89
8/4/2022,13:37:31,20.27,9.92
8/4/2022,13:37:32,20.27,5.97
8/4/2022,13:37:33,20.27,22.41
8/4/2022,13:37:34,20.27,4.48
8/4/2022,13:37:35,20.28,4.96
8/4/2022,13:37:36,20.28,4.39
8/4/2022,13:37:37,20.27,5.78
8/4/2022,13:37:38,20.28,6.12
8/4/2022,13:37:39,20.28,6.29
8/4/2022,13:37:40,20.28,13.08
8/4/2022,13:37:41,20.27,29.57
8/4/2022,13:37:42,20.27,8.3
8/4/2022,13:37:43,20.27,5.67
8/4/2022,13:37:44,20.27,10.94
8/4/2022,13:37:45,20.26,7.98
8/4/2022,13:37:46,20.27,8.72
8/4/2022,13:37:47,20.26,7.71
8/4/2022,13:37:48,20.26,33.26
8/4/2022,13:37:49,20.26,49.29
8/4/2022,13:37:50,20.26,13.51
8/4/2022,13:37:51,20.24,1525.55
8/4/2022,13:37:52,20.23,1193.06
8/4/2022,13:37:53,20.21,1012.3
8/4/2022,13:37:54,20.2,153.98
8/4/2022,13:37:55,20.18,14.77
8/4/2022,13:37:56,20.17,8.72
8/4/2022,13:37:57,20.15,11.84
8/4/2022,13:37:58,20.14,12.38
8/4/2022,13:37:59,20.13,19.3
8/4/2022,13:38:00,20.11,13.58
8/4/2022,13:38:01,20.1,81.4
8/4/2022,13:38:02,20.1,385.26
8/4/2022,13:38:03,20.24,8.38
8/4/2022,13:38:04,20.19,17.41
8/4/2022,13:38:05,20.27,8.42
8/4/2022,13:38:06,20.25,108.08
8/4/2022,13:38:07,20.29,10.03
8/4/2022,13:38:08,20.32,97.22
8/4/2022,13:38:09,20.33,19.98
8/4/2022,13:38:10,20.32,7.7
8/4/2022,13:38:11,20.32,5.77
8/4/2022,13:38:12,20.32,24.56
8/4/2022,13:38:13,20.32,99.68
8/4/2022,13:38:14,20.32,38.2
8/4/2022,13:38:15,20.31,3.11
8/4/2022,13:38:16,20.31,10
8/4/2022,13:38:17,20.29,42.51
8/4/2022,13:38:18,20.29,518.99
8/4/2022,13:38:19,20.29,14.65
8/4/2022,13:38:20,20.29,10.25
8/4/2022,13:38:21,20.28,83.01
8/4/2022,13:38:22,20.28,16.91
8/4/2022,13:38:23,20.28,26.37
8/4/2022,13:38:24,20.29,11.48
8/4/2022,13:38:25,20.29,3.73
8/4/2022,13:38:26,20.29,6.49
8/4/2022,13:38:27,20.28,8.06
8/4/2022,13:38:28,20.28,14.14
8/4/2022,13:38:29,20.28,19.39
8/4/2022,13:38:30,20.29,16.9
8/4/2022,13:38:31,20.29,132.13
8/4/2022,13:38:32,20.29,11.11
8/4/2022,13:38:33,20.3,7.81
8/4/2022,13:38:34,20.3,35.69
8/4/2022,13:38:35,20.31,15.13
8/4/2022,13:38:36,20.31,6.85
8/4/2022,13:38:37,20.33,21.48
8/4/2022,13:38:38,20.32,110.73
8/4/2022,13:38:39,20.32,28.77
8/4/2022,13:38:40,20.32,4.37
8/4/2022,13:38:41,20.3,29.72
8/4/2022,13:38:42,20.31,614.25
8/4/2022,13:38:43,20.3,22.25
8/4/2022,13:38:44,20.31,13.42
8/4/2022,13:38:45,20.31,138.89
8/4/2022,13:38:46,20.32,127.48
8/4/2022,13:38:47,20.31,9.74
8/4/2022,13:38:48,20.32,52.75
8/4/2022,13:38:49,20.32,6.84
8/4/2022,13:38:50,20.32,20.22
8/4/2022,13:38:51,20.32,129.2
8/4/2022,13:38:52,20.33,43.7
8/4/2022,13:38:53,20.33,39.97
8/4/2022,13:38:54,20.32,110.05
8/4/2022,13:38:55,20.33,238.75
8/4/2022,13:38:56,20.33,546.94
8/4/2022,13:38:57,20.33,7.03
8/4/2022,13:38:58,20.34,45.14
8/4/2022,13:38:59,20.34,6.93
8/4/2022,13:39:00,20.35,14
8/4/2022,13:39:01,20.38,453.27
8/4/2022,13:39:02,20.37,273.19
8/4/2022,13:39:03,20.38,33.78
8/4/2022,13:39:04,20.38,12.01
8/4/2022,13:39:05,20.39,31.77
8/4/2022,13:39:06,20.39,155.16
8/4/2022,13:39:07,20.39,15.79
8/4/2022,13:39:08,20.39,25.21
8/4/2022,13:39:09,20.4,21.28
8/4/2022,13:39:10,20.4,15.06
8/4/2022,13:39:11,20.4,26.13
8/4/2022,13:39:12,20.39,88.99
8/4/2022,13:39:13,20.39,9.93
8/4/2022,13:39:14,20.39,12.04
8/4/2022,13:39:15,20.39,35.8
8/4/2022,13:39:16,20.39,18.97
8/4/2022,13:39:17,20.39,1000.9
8/4/2022,13:39:18,20.39,194.88
8/4/2022,13:39:19,20.39,11.53
8/4/2022,13:39:20,20.39,18.32
8/4/2022,13:39:21,20.39,6.22
8/4/2022,13:39:22,20.38,15.84
8/4/2022,13:39:23,20.39,24.36
8/4/2022,13:39:24,20.39,322.51
8/4/2022,13:39:25,20.38,130.13
8/4/2022,13:39:26,20.38,108.55
8/4/2022,13:39:27,20.38,10.79
8/4/2022,13:39:28,20.38,9.7
8/4/2022,13:39:29,20.38,5.14
8/4/2022,13:39:30,20.38,4.39
8/4/2022,13:39:31,20.38,4.47
8/4/2022,13:39:32,20.39,6.82
8/4/2022,13:39:33,20.38,5.43
8/4/2022,13:39:34,20.38,6.3
8/4/2022,13:39:35,20.37,6.99
8/4/2022,13:39:36,20.37,7.66
8/4/2022,13:39:37,20.37,7.76
8/4/2022,13:39:38,20.36,8.08
8/4/2022,13:39:39,20.36,7.77
8/4/2022,13:39:40,20.36,8.11
8/4/2022,13:39:41,20.35,7.96
8/4/2022,13:39:42,20.36,7.82
8/4/2022,13:39:43,20.35,8.01
8/4/2022,13:39:44,20.34,8.36
8/4/2022,13:39:45,20.34,8.1
8/4/2022,13:39:46,20.34,8.43
8/4/2022,13:39:47,20.34,8.34
8/4/2022,13:39:48,20.33,8.58
8/4/2022,13:39:49,20.33,8.29
8/4/2022,13:39:50,20.32,8.15
8/4/2022,13:39:51,20.31,8.05
8/4/2022,13:39:52,20.32,8.16
8/4/2022,13:39:53,20.31,8.03
8/4/2022,13:39:54,20.32,8.04
8/4/2022,13:39:55,20.32,8.5
8/4/2022,13:39:56,20.33,8.51
8/4/2022,13:39:57,20.32,8.64
8/4/2022,13:39:58,20.33,8.94
8/4/2022,13:39:59,20.33,9.5
8/4/2022,13:40:00,20.33,9.77
8/4/2022,13:40:01,20.33,10.65
8/4/2022,13:40:02,20.31,10.45
8/4/2022,13:40:03,20.31,13.61
8/4/2022,13:40:04,20.31,5.52
8/4/2022,13:40:05,20.31,58.14
8/4/2022,13:40:06,20.3,9.59
8/4/2022,13:40:07,20.3,5.49
8/4/2022,13:40:08,20.3,6.9
8/4/2022,13:40:09,20.29,8.89
8/4/2022,13:40:10,20.29,11.36
8/4/2022,13:40:11,20.29,72.55
8/4/2022,13:40:12,20.28,2.53
8/4/2022,13:40:13,20.28,2.74
8/4/2022,13:40:14,20.28,2.96
8/4/2022,13:40:15,20.28,3.38
8/4/2022,13:40:16,20.27,4.12
8/4/2022,13:40:17,20.26,137.75
8/4/2022,13:40:18,20.26,88.62
8/4/2022,13:40:19,20.25,38.89
8/4/2022,13:40:20,20.26,30.19
8/4/2022,13:40:21,20.27,42.06
8/4/2022,13:40:22,20.27,3.77
8/4/2022,13:40:23,20.28,2.76
8/4/2022,13:40:24,20.28,2.43
8/4/2022,13:40:25,20.28,2.33
8/4/2022,13:40:26,20.29,2.33
8/4/2022,13:40:27,20.29,2.31
8/4/2022,13:40:28,20.3,2.28
8/4/2022,13:40:29,20.3,2.29
8/4/2022,13:40:30,20.31,2.28
8/4/2022,13:40:31,20.31,2.25
8/4/2022,13:40:32,20.31,2.37
8/4/2022,13:40:33,20.32,2.58
8/4/2022,13:40:34,20.32,3.34
8/4/2022,13:40:35,20.32,3.28
8/4/2022,13:40:36,20.33,3.6
8/4/2022,13:40:37,20.33,3.56
8/4/2022,13:40:38,20.34,4.11
8/4/2022,13:40:39,20.35,4.12
8/4/2022,13:40:40,20.35,5.04
8/4/2022,13:40:41,20.36,5.41
8/4/2022,13:40:42,20.36,5.43
8/4/2022,13:40:43,20.36,5.43
8/4/2022,13:40:44,20.36,5.43
8/4/2022,13:40:45,20.37,6.19
8/4/2022,13:40:46,20.37,5.91
8/4/2022,13:40:47,20.37,5.71
8/4/2022,13:40:48,20.37,5.08
8/4/2022,13:40:49,20.36,4.76
8/4/2022,13:40:50,20.36,4.7
8/4/2022,13:40:51,20.36,4.28
8/4/2022,13:40:52,20.36,4.24
8/4/2022,13:40:53,20.36,3.85
8/4/2022,13:40:54,20.36,3.85
8/4/2022,13:40:55,20.36,2.85
8/4/2022,13:40:56,20.35,2.89
8/4/2022,13:40:57,20.35,3.07
8/4/2022,13:40:58,20.35,3.29
8/4/2022,13:40:59,20.34,3.19
8/4/2022,13:41:00,20.34,2.83
8/4/2022,13:41:01,20.34,2.98
8/4/2022,13:41:02,20.34,3.11
8/4/2022,13:41:03,20.34,3.22
8/4/2022,13:41:04,20.34,3.33
8/4/2022,13:41:05,20.34,3.49
8/4/2022,13:41:06,20.34,3.69
8/4/2022,13:41:07,20.33,3.85
8/4/2022,13:41:08,20.34,3.99
8/4/2022,13:41:09,20.35,4.13
8/4/2022,13:41:10,20.35,4.34
8/4/2022,13:41:11,20.36,4.46
8/4/2022,13:41:12,20.37,4.42
8/4/2022,13:41:13,20.37,4.32
8/4/2022,13:41:14,20.38,4.24
8/4/2022,13:41:15,20.38,4.19
8/4/2022,13:41:16,20.39,4.16
8/4/2022,13:41:17,20.4,4.13
8/4/2022,13:41:18,20.4,4.16
8/4/2022,13:41:19,20.4,4.1
8/4/2022,13:41:20,20.41,3.99
8/4/2022,13:41:21,20.42,3.97
8/4/2022,13:41:22,20.42,3.96
8/4/2022,13:41:23,20.43,3.91
8/4/2022,13:41:24,20.44,3.91
8/4/2022,13:41:25,20.44,3.76
8/4/2022,13:41:26,20.45,3.77
8/4/2022,13:41:27,20.46,3.72
8/4/2022,13:41:28,20.46,3.75
8/4/2022,13:41:29,20.46,3.81
8/4/2022,13:41:30,20.46,3.79
8/4/2022,13:41:31,20.46,3.83
8/4/2022,13:41:32,20.47,3.74
8/4/2022,13:41:33,20.47,3.77
8/4/2022,13:41:34,20.47,3.78
8/4/2022,13:41:35,20.47,3.78
8/4/2022,13:41:36,20.47,3.77
8/4/2022,13:41:37,20.47,3.72
8/4/2022,13:41:38,20.48,3.71
8/4/2022,13:41:39,20.48,3.69
8/4/2022,13:41:40,20.48,3.76
8/4/2022,13:41:41,20.48,3.74
8/4/2022,13:41:42,20.48,3.81
8/4/2022,13:41:43,20.48,3.96
8/4/2022,13:41:44,20.47,3.9
8/4/2022,13:41:45,20.46,3.78
8/4/2022,13:41:46,20.44,3.67
8/4/2022,13:41:47,20.42,3.59
8/4/2022,13:41:48,20.4,4.09
8/4/2022,13:41:49,20.35,4.04
8/4/2022,13:41:50,20.3,3.96
8/4/2022,13:41:51,20.25,3.87
8/4/2022,13:41:52,20.18,3.75
8/4/2022,13:41:53,20.11,3.64
8/4/2022,13:41:54,20.02,3.55
8/4/2022,13:41:55,19.95,3.32
8/4/2022,13:41:56,19.88,3.18
8/4/2022,13:41:57,19.82,4.69
8/4/2022,13:41:58,19.77,10.11
8/4/2022,13:41:59,19.72,2.47
8/4/2022,13:42:00,19.67,694.19
8/4/2022,13:42:01,19.63,28.31
8/4/2022,13:42:02,19.59,17.08
8/4/2022,13:42:03,19.56,6.9
8/4/2022,13:42:04,19.55,8.66
8/4/2022,13:42:05,19.53,8.38
8/4/2022,13:42:06,19.52,7.22
8/4/2022,13:42:07,19.53,6.67
8/4/2022,13:42:08,19.53,6.49
8/4/2022,13:42:09,19.55,6.56
8/4/2022,13:42:10,19.57,6.7
8/4/2022,13:42:11,19.61,7
8/4/2022,13:42:12,19.63,7.27
8/4/2022,13:42:13,19.66,7.5
8/4/2022,13:42:14,19.69,7.88
8/4/2022,13:42:15,19.7,8.37
8/4/2022,13:42:16,19.72,8.68
8/4/2022,13:42:17,19.74,8.66
8/4/2022,13:42:18,19.74,8.67
8/4/2022,13:42:19,19.75,8.7
8/4/2022,13:42:20,19.75,8.78
8/4/2022,13:42:21,19.76,8.83
8/4/2022,13:42:22,19.77,8.93
8/4/2022,13:42:23,19.78,8.92
8/4/2022,13:42:24,19.78,8.96
8/4/2022,13:42:25,19.79,8.79
8/4/2022,13:42:26,19.79,8.66
8/4/2022,13:42:27,19.8,8.39
8/4/2022,13:42:28,19.81,8.05
8/4/2022,13:42:29,19.82,7.64
8/4/2022,13:42:30,19.84,7.04
8/4/2022,13:42:31,19.86,6.63
8/4/2022,13:42:32,19.9,6.45
8/4/2022,13:42:33,19.93,6.2
8/4/2022,13:42:34,19.97,5.97
8/4/2022,13:42:35,20.02,5.72
8/4/2022,13:42:36,20.05,5.48
8/4/2022,13:42:37,20.08,5.4
8/4/2022,13:42:38,20.11,5.21
8/4/2022,13:42:39,20.15,5
8/4/2022,13:42:40,20.17,4.96
8/4/2022,13:42:41,20.2,4.81
8/4/2022,13:42:42,20.21,4.69
8/4/2022,13:42:43,20.23,4.6
8/4/2022,13:42:44,20.25,4.55
8/4/2022,13:42:45,20.26,4.62
8/4/2022,13:42:46,20.28,4.75
8/4/2022,13:42:47,20.29,4.78
8/4/2022,13:42:48,20.3,4.66
8/4/2022,13:42:49,20.31,4.62
8/4/2022,13:42:50,20.31,4.59
8/4/2022,13:42:51,20.32,4.56
8/4/2022,13:42:52,20.32,4.45
8/4/2022,13:42:53,20.33,4.42
8/4/2022,13:42:54,20.34,4.59
8/4/2022,13:42:55,20.35,4.43
8/4/2022,13:42:56,20.35,4.53
8/4/2022,13:42:57,20.36,4.62
8/4/2022,13:42:58,20.37,4.59
8/4/2022,13:42:59,20.37,4.37
8/4/2022,13:43:00,20.38,4.38
8/4/2022,13:43:01,20.38,4.17
8/4/2022,13:43:02,20.38,4.06
8/4/2022,13:43:03,20.38,4.03
8/4/2022,13:43:04,20.38,4.02
8/4/2022,13:43:05,20.38,4.04
8/4/2022,13:43:06,20.39,3.99
8/4/2022,13:43:07,20.39,3.97
8/4/2022,13:43:08,20.4,4.02
8/4/2022,13:43:09,20.4,3.98
8/4/2022,13:43:10,20.41,3.97
8/4/2022,13:43:11,20.41,3.89
8/4/2022,13:43:12,20.41,3.92
8/4/2022,13:43:13,20.41,3.93
8/4/2022,13:43:14,20.41,3.94
8/4/2022,13:43:15,20.4,3.91
8/4/2022,13:43:16,20.4,3.91
8/4/2022,13:43:17,20.4,3.91
8/4/2022,13:43:18,20.4,3.86
8/4/2022,13:43:19,20.41,3.9
8/4/2022,13:43:20,20.4,3.94
8/4/2022,13:43:21,20.4,4
8/4/2022,13:43:22,20.41,4.04
8/4/2022,13:43:23,20.41,3.98
8/4/2022,13:43:24,20.41,3.89
8/4/2022,13:43:25,20.42,3.92
8/4/2022,13:43:26,20.41,3.86
8/4/2022,13:43:27,20.41,3.8
8/4/2022,13:43:28,20.41,3.81
8/4/2022,13:43:29,20.41,3.81
8/4/2022,13:43:30,20.41,3.8
8/4/2022,13:43:31,20.41,3.79
8/4/2022,13:43:32,20.41,3.78
8/4/2022,13:43:33,20.41,3.76
8/4/2022,13:43:34,20.41,3.7
8/4/2022,13:43:35,20.42,3.63
8/4/2022,13:43:36,20.42,3.58
8/4/2022,13:43:37,20.42,3.57
8/4/2022,13:43:38,20.42,3.56
8/4/2022,13:43:39,20.42,3.55
8/4/2022,13:43:40,20.42,3.52
8/4/2022,13:43:41,20.43,3.53
8/4/2022,13:43:42,20.43,3.54
8/4/2022,13:43:43,20.43,3.49
8/4/2022,13:43:44,20.43,3.52
8/4/2022,13:43:45,20.43,3.55
8/4/2022,13:43:46,20.43,3.53
8/4/2022,13:43:47,20.43,3.57
8/4/2022,13:43:48,20.43,3.63
8/4/2022,13:43:49,20.44,3.66
8/4/2022,13:43:50,20.43,3.68
8/4/2022,13:43:51,20.43,3.63
8/4/2022,13:43:52,20.43,3.62
8/4/2022,13:43:53,20.43,3.62
8/4/2022,13:43:54,20.43,3.64
8/4/2022,13:43:55,20.43,3.64
8/4/2022,13:43:56,20.43,3.64
8/4/2022,13:43:57,20.43,3.64
8/4/2022,13:43:58,20.42,3.69
8/4/2022,13:43:59,20.43,3.69
8/4/2022,13:44:00,20.43,3.64
8/4/2022,13:44:01,20.42,3.69
8/4/2022,13:44:02,20.42,3.69
8/4/2022,13:44:03,20.42,3.6
8/4/2022,13:44:04,20.42,3.58
8/4/2022,13:44:05,20.41,3.59
8/4/2022,13:44:06,20.41,3.61
8/4/2022,13:44:07,20.41,3.7
8/4/2022,13:44:08,20.4,3.72
8/4/2022,13:44:09,20.4,3.73
8/4/2022,13:44:10,20.4,3.74
8/4/2022,13:44:11,20.4,3.81
8/4/2022,13:44:12,20.4,3.83
8/4/2022,13:44:13,20.4,3.75
8/4/2022,13:44:14,20.4,3.75
8/4/2022,13:44:15,20.4,3.67
8/4/2022,13:44:16,20.4,3.66
8/4/2022,13:44:17,20.4,3.66
8/4/2022,13:44:18,20.4,3.65
8/4/2022,13:44:19,20.4,3.65
8/4/2022,13:44:20,20.4,3.67
8/4/2022,13:44:21,20.4,3.67
8/4/2022,13:44:22,20.4,3.63
8/4/2022,13:44:23,20.4,3.62
8/4/2022,13:44:24,20.41,3.62
8/4/2022,13:44:25,20.41,3.63
8/4/2022,13:44:26,20.41,3.62
8/4/2022,13:44:27,20.41,3.66
8/4/2022,13:44:28,20.41,3.7
8/4/2022,13:44:29,20.4,3.8
8/4/2022,13:44:30,20.39,3.93
8/4/2022,13:44:31,20.38,4.15
8/4/2022,13:44:32,20.36,4.48
8/4/2022,13:44:33,20.32,5.04
8/4/2022,13:44:34,20.28,5.38
8/4/2022,13:44:35,20.23,6.24
8/4/2022,13:44:36,20.18,7.09
8/4/2022,13:44:37,20.12,7.39
8/4/2022,13:44:38,20.06,8.11
8/4/2022,13:44:39,20,8.72
8/4/2022,13:44:40,19.95,9.22
8/4/2022,13:44:41,19.9,9.64
8/4/2022,13:44:42,19.85,9.74
8/4/2022,13:44:43,19.81,10.04
8/4/2022,13:44:44,19.76,10.33
8/4/2022,13:44:45,19.73,10.51
8/4/2022,13:44:46,19.7,10.32
8/4/2022,13:44:47,19.68,10.28
8/4/2022,13:44:48,19.66,10.11
8/4/2022,13:44:49,19.65,9.58
8/4/2022,13:44:50,19.65,9.05
8/4/2022,13:44:51,19.65,8.69
8/4/2022,13:44:52,19.66,8.16
8/4/2022,13:44:53,19.69,7.62
8/4/2022,13:44:54,19.72,7.29
8/4/2022,13:44:55,19.76,6.97
8/4/2022,13:44:56,19.8,6.6
8/4/2022,13:44:57,19.85,6.36
8/4/2022,13:44:58,19.9,6.12
8/4/2022,13:44:59,19.94,5.9
8/4/2022,13:45:00,19.99,5.77
8/4/2022,13:45:01,20.02,5.64
8/4/2022,13:45:02,20.05,5.4
8/4/2022,13:45:03,20.09,5.3
8/4/2022,13:45:04,20.11,5.17
8/4/2022,13:45:05,20.14,5.15
8/4/2022,13:45:06,20.15,5.12
8/4/2022,13:45:07,20.16,5.1
8/4/2022,13:45:08,20.17,5.01
8/4/2022,13:45:09,20.18,4.96
8/4/2022,13:45:10,20.17,5.26
8/4/2022,13:45:11,20.13,6.1
8/4/2022,13:45:12,20.08,7.01
8/4/2022,13:45:13,20.04,7.4
8/4/2022,13:45:14,20.01,7.61
8/4/2022,13:45:15,19.97,7.95
8/4/2022,13:45:16,19.96,8.15
8/4/2022,13:45:17,19.94,8.41
8/4/2022,13:45:18,19.93,8.52
8/4/2022,13:45:19,19.91,8.71
8/4/2022,13:45:20,19.91,8.81
8/4/2022,13:45:21,19.9,8.93
8/4/2022,13:45:22,19.9,8.98
8/4/2022,13:45:23,19.9,9.01
8/4/2022,13:45:24,19.9,8.99
8/4/2022,13:45:25,19.89,8.2
8/4/2022,13:45:26,19.89,7.33
8/4/2022,13:45:27,19.9,6.81
8/4/2022,13:45:28,19.9,6.48
8/4/2022,13:45:29,19.9,6.05
8/4/2022,13:45:30,19.94,5.65
8/4/2022,13:45:31,19.99,5.51
8/4/2022,13:45:32,20.05,5.31
8/4/2022,13:45:33,20.08,5.12
8/4/2022,13:45:34,20.12,4.95
8/4/2022,13:45:35,20.16,4.77
8/4/2022,13:45:36,20.18,4.59
8/4/2022,13:45:37,20.2,4.51
8/4/2022,13:45:38,20.22,4.41
8/4/2022,13:45:39,20.24,4.31
8/4/2022,13:45:40,20.25,4.24
8/4/2022,13:45:41,20.26,4.17
8/4/2022,13:45:42,20.27,4.11
8/4/2022,13:45:43,20.28,4.08
8/4/2022,13:45:44,20.29,4.02
8/4/2022,13:45:45,20.3,3.97
8/4/2022,13:45:46,20.31,3.92
8/4/2022,13:45:47,20.31,3.92
8/4/2022,13:45:48,20.32,3.88
8/4/2022,13:45:49,20.33,3.86
8/4/2022,13:45:50,20.33,3.83
8/4/2022,13:45:51,20.34,3.84
8/4/2022,13:45:52,20.34,3.81
8/4/2022,13:45:53,20.35,3.82
8/4/2022,13:45:54,20.35,3.86
8/4/2022,13:45:55,20.36,3.85
8/4/2022,13:45:56,20.36,3.81
8/4/2022,13:45:57,20.37,3.78
8/4/2022,13:45:58,20.37,3.71
8/4/2022,13:45:59,20.38,3.76
8/4/2022,13:46:00,20.38,3.73
8/4/2022,13:46:01,20.38,3.7
8/4/2022,13:46:02,20.38,3.67
8/4/2022,13:46:03,20.38,3.67
8/4/2022,13:46:04,20.38,3.7
8/4/2022,13:46:05,20.39,3.73
8/4/2022,13:46:06,20.39,3.69
8/4/2022,13:46:07,20.39,3.72
8/4/2022,13:46:08,20.39,3.65
8/4/2022,13:46:09,20.39,3.63
8/4/2022,13:46:10,20.39,3.63
8/4/2022,13:46:11,20.39,3.59
8/4/2022,13:46:12,20.4,3.59
8/4/2022,13:46:13,20.4,3.66
8/4/2022,13:46:14,20.4,3.62
8/4/2022,13:46:15,20.4,3.63
8/4/2022,13:46:16,20.4,3.64
8/4/2022,13:46:17,20.4,3.63
8/4/2022,13:46:18,20.4,3.61
8/4/2022,13:46:19,20.4,3.59
8/4/2022,13:46:20,20.4,3.52
8/4/2022,13:46:21,20.4,3.56
8/4/2022,13:46:22,20.4,3.51
8/4/2022,13:46:23,20.4,3.5
8/4/2022,13:46:24,20.41,3.52
8/4/2022,13:46:25,20.4,3.5
8/4/2022,13:46:26,20.4,3.54
8/4/2022,13:46:27,20.4,3.53
8/4/2022,13:46:28,20.4,3.48
8/4/2022,13:46:29,20.4,3.46
8/4/2022,13:46:30,20.4,3.47
8/4/2022,13:46:31,20.4,3.48
8/4/2022,13:46:32,20.4,3.49
8/4/2022,13:46:33,20.4,3.5
8/4/2022,13:46:34,20.39,3.55
8/4/2022,13:46:35,20.39,3.54
8/4/2022,13:46:36,20.39,3.53
8/4/2022,13:46:37,20.39,3.51
8/4/2022,13:46:38,20.39,3.51
8/4/2022,13:46:39,20.39,3.54
8/4/2022,13:46:40,20.39,3.54
8/4/2022,13:46:41,20.39,3.52
8/4/2022,13:46:42,20.39,3.54
8/4/2022,13:46:43,20.39,3.54
8/4/2022,13:46:44,20.39,3.56
8/4/2022,13:46:45,20.39,3.51
8/4/2022,13:46:46,20.39,3.53
8/4/2022,13:46:47,20.4,3.5
8/4/2022,13:46:48,20.4,3.48
8/4/2022,13:46:49,20.4,3.49
8/4/2022,13:46:50,20.4,3.49
8/4/2022,13:46:51,20.4,3.52
8/4/2022,13:46:52,20.4,3.53
8/4/2022,13:46:53,20.4,3.57
8/4/2022,13:46:54,20.4,3.55
8/4/2022,13:46:55,20.41,3.56
8/4/2022,13:46:56,20.41,3.57
8/4/2022,13:46:57,20.4,3.53
8/4/2022,13:46:58,20.41,3.54
8/4/2022,13:46:59,20.4,3.52
8/4/2022,13:47:00,20.4,3.51
8/4/2022,13:47:01,20.4,3.5
8/4/2022,13:47:02,20.4,3.51
8/4/2022,13:47:03,20.41,3.53
8/4/2022,13:47:04,20.41,3.5
8/4/2022,13:47:05,20.41,3.54
8/4/2022,13:47:06,20.41,3.57
8/4/2022,13:47:07,20.41,3.56
8/4/2022,13:47:08,20.41,3.5
8/4/2022,13:47:09,20.41,3.54
8/4/2022,13:47:10,20.41,3.5
8/4/2022,13:47:11,20.41,3.55
8/4/2022,13:47:12,20.41,3.55
8/4/2022,13:47:13,20.41,3.59
8/4/2022,13:47:14,20.41,3.62
8/4/2022,13:47:15,20.41,3.65
8/4/2022,13:47:16,20.4,3.66
8/4/2022,13:47:17,20.41,3.68
8/4/2022,13:47:18,20.41,3.66
8/4/2022,13:47:19,20.41,3.68
8/4/2022,13:47:20,20.41,3.62
8/4/2022,13:47:21,20.42,3.62
8/4/2022,13:47:22,20.42,3.64
8/4/2022,13:47:23,20.41,3.7
8/4/2022,13:47:24,20.41,3.66
8/4/2022,13:47:25,20.42,3.63
8/4/2022,13:47:26,20.41,3.6
8/4/2022,13:47:27,20.42,3.63
8/4/2022,13:47:28,20.42,3.62
8/4/2022,13:47:29,20.42,3.55
8/4/2022,13:47:30,20.42,3.55
8/4/2022,13:47:31,20.42,3.54
8/4/2022,13:47:32,20.42,3.52
8/4/2022,13:47:33,20.42,3.54
8/4/2022,13:47:34,20.42,3.56
8/4/2022,13:47:35,20.43,3.57
8/4/2022,13:47:36,20.43,3.53
8/4/2022,13:47:37,20.43,3.53
8/4/2022,13:47:38,20.43,3.51
8/4/2022,13:47:39,20.43,3.55
8/4/2022,13:47:40,20.43,3.56
8/4/2022,13:47:41,20.43,3.59
8/4/2022,13:47:42,20.43,3.57
8/4/2022,13:47:43,20.43,3.55
8/4/2022,13:47:44,20.42,3.54
8/4/2022,13:47:45,20.42,3.55
8/4/2022,13:47:46,20.43,3.54
8/4/2022,13:47:47,20.42,3.54
8/4/2022,13:47:48,20.42,3.49
8/4/2022,13:47:49,20.43,3.54
8/4/2022,13:47:50,20.43,3.53
8/4/2022,13:47:51,20.43,3.5
8/4/2022,13:47:52,20.44,3.48
8/4/2022,13:47:53,20.43,3.54
8/4/2022,13:47:54,20.43,3.53
8/4/2022,13:47:55,20.43,3.52
8/4/2022,13:47:56,20.43,3.48
8/4/2022,13:47:57,20.43,3.53
8/4/2022,13:47:58,20.43,3.56
8/4/2022,13:47:59,20.43,3.57
8/4/2022,13:48:00,20.43,3.58
8/4/2022,13:48:01,20.43,3.59
8/4/2022,13:48:02,20.43,3.56
8/4/2022,13:48:03,20.43,3.66
8/4/2022,13:48:04,20.43,3.59
8/4/2022,13:48:05,20.44,3.62
8/4/2022,13:48:06,20.43,3.64
8/4/2022,13:48:07,20.43,3.63
8/4/2022,13:48:08,20.44,3.55
8/4/2022,13:48:09,20.44,3.56
8/4/2022,13:48:10,20.43,3.56
8/4/2022,13:48:11,20.43,3.52
8/4/2022,13:48:12,20.43,3.5
8/4/2022,13:48:13,20.43,3.46
8/4/2022,13:48:14,20.43,3.48
8/4/2022,13:48:15,20.42,3.5
8/4/2022,13:48:16,20.42,3.55
8/4/2022,13:48:17,20.42,3.54
8/4/2022,13:48:18,20.42,3.56
8/4/2022,13:48:19,20.42,3.54
8/4/2022,13:48:20,20.42,3.53
8/4/2022,13:48:21,20.42,3.51
8/4/2022,13:48:22,20.42,3.51
8/4/2022,13:48:23,20.42,3.45
8/4/2022,13:48:24,20.42,3.44
8/4/2022,13:48:25,20.42,3.45
8/4/2022,13:48:26,20.42,3.43
8/4/2022,13:48:27,20.42,3.52
8/4/2022,13:48:28,20.42,3.55
8/4/2022,13:48:29,20.42,3.67
8/4/2022,13:48:30,20.42,3.56
8/4/2022,13:48:31,20.42,3.54
8/4/2022,13:48:32,20.42,3.5
8/4/2022,13:48:33,20.42,3.48
8/4/2022,13:48:34,20.42,3.49
8/4/2022,13:48:35,20.41,3.48
8/4/2022,13:48:36,20.41,3.51
8/4/2022,13:48:37,20.41,3.52
8/4/2022,13:48:38,20.41,3.55
8/4/2022,13:48:39,20.4,3.55
8/4/2022,13:48:40,20.4,3.55
8/4/2022,13:48:41,20.4,3.57
8/4/2022,13:48:42,20.4,3.57
8/4/2022,13:48:43,20.39,3.55
8/4/2022,13:48:44,20.39,3.53
8/4/2022,13:48:45,20.39,3.58
8/4/2022,13:48:46,20.38,3.57
8/4/2022,13:48:47,20.38,3.55
8/4/2022,13:48:48,20.37,3.59
8/4/2022,13:48:49,20.15,3.59
8/4/2022,13:48:50,20.48,3.6
8/4/2022,13:48:51,20.43,3.57
8/4/2022,13:48:52,20.41,3.57
8/4/2022,13:48:53,20.39,3.61
8/4/2022,13:48:54,20.39,3.61
8/4/2022,13:48:55,20.39,3.65
8/4/2022,13:48:56,20.38,3.64
8/4/2022,13:48:57,20.37,3.63
8/4/2022,13:48:58,20.38,3.65
8/4/2022,13:48:59,20.38,3.66
8/4/2022,13:49:00,20.37,3.61
8/4/2022,13:49:01,20.37,3.63
8/4/2022,13:49:02,20.37,3.67
8/4/2022,13:49:03,20.37,3.62
8/4/2022,13:49:04,20.37,3.61
8/4/2022,13:49:05,20.38,3.6
8/4/2022,13:49:06,20.38,3.62
8/4/2022,13:49:07,20.38,3.59
8/4/2022,13:49:08,20.39,3.59
8/4/2022,13:49:09,20.39,3.61
8/4/2022,13:49:10,20.39,3.51
8/4/2022,13:49:11,20.38,3.56
8/4/2022,13:49:12,20.39,3.54
8/4/2022,13:49:13,20.39,3.57
8/4/2022,13:49:14,20.39,3.55
8/4/2022,13:49:15,20.39,3.56
8/4/2022,13:49:16,20.39,3.46
8/4/2022,13:49:17,20.4,3.47
8/4/2022,13:49:18,20.39,3.51
8/4/2022,13:49:19,20.4,3.51
8/4/2022,13:49:20,20.41,3.52
8/4/2022,13:49:21,20.41,3.52
8/4/2022,13:49:22,20.41,3.58
8/4/2022,13:49:23,20.41,3.54
8/4/2022,13:49:24,20.41,3.49
8/4/2022,13:49:25,20.41,3.47
8/4/2022,13:49:26,20.41,3.55
8/4/2022,13:49:27,20.41,3.53
8/4/2022,13:49:28,20.41,3.5
8/4/2022,13:49:29,20.41,3.5
8/4/2022,13:49:30,20.41,3.47
8/4/2022,13:49:31,20.41,3.46
8/4/2022,13:49:32,20.42,3.47
8/4/2022,13:49:33,20.41,3.43
8/4/2022,13:49:34,20.42,3.42
8/4/2022,13:49:35,20.42,3.39
8/4/2022,13:49:36,20.42,3.45
8/4/2022,13:49:37,20.42,3.39
8/4/2022,13:49:38,20.42,3.41
8/4/2022,13:49:39,20.42,3.43
8/4/2022,13:49:40,20.42,3.37
8/4/2022,13:49:41,20.41,3.33
8/4/2022,13:49:42,20.42,3.41
8/4/2022,13:49:43,20.42,3.42
8/4/2022,13:49:44,20.41,3.45
8/4/2022,13:49:45,20.41,3.47
8/4/2022,13:49:46,20.41,3.56
8/4/2022,13:49:47,20.42,3.53
8/4/2022,13:49:48,20.41,3.53
8/4/2022,13:49:49,20.41,3.58
8/4/2022,13:49:50,20.41,3.58
8/4/2022,13:49:51,20.41,3.55
8/4/2022,13:49:52,20.41,3.56
8/4/2022,13:49:53,20.41,3.61
8/4/2022,13:49:54,20.42,3.61
8/4/2022,13:49:55,20.42,3.62
8/4/2022,13:49:56,20.42,3.56
8/4/2022,13:49:57,20.42,3.52
8/4/2022,13:49:58,20.42,3.58
8/4/2022,13:49:59,20.42,3.55
8/4/2022,13:50:00,20.42,3.56
8/4/2022,13:50:01,20.42,3.52
8/4/2022,13:50:02,20.42,3.56
8/4/2022,13:50:03,20.42,3.56
8/4/2022,13:50:04,20.42,3.61
8/4/2022,13:50:05,20.42,3.64
8/4/2022,13:50:06,20.41,3.62
8/4/2022,13:50:07,20.41,3.62
8/4/2022,13:50:08,20.42,3.57
8/4/2022,13:50:09,20.42,3.59
8/4/2022,13:50:10,20.42,3.61
8/4/2022,13:50:11,20.42,3.62
8/4/2022,13:50:12,20.42,3.64
8/4/2022,13:50:13,20.42,3.6
8/4/2022,13:50:14,20.42,3.6
8/4/2022,13:50:15,20.42,3.59
8/4/2022,13:50:16,20.41,3.55
8/4/2022,13:50:17,20.41,3.53
8/4/2022,13:50:18,20.41,3.51
8/4/2022,13:50:19,20.41,3.47
8/4/2022,13:50:20,20.41,3.43
8/4/2022,13:50:21,20.42,3.43
8/4/2022,13:50:22,20.41,3.45
8/4/2022,13:50:23,20.42,3.45
8/4/2022,13:50:24,20.42,3.46
8/4/2022,13:50:25,20.42,3.47
8/4/2022,13:50:26,20.42,3.47
8/4/2022,13:50:27,20.42,3.44
8/4/2022,13:50:28,20.43,3.44
8/4/2022,13:50:29,20.42,3.43
8/4/2022,13:50:30,20.42,3.42
8/4/2022,13:50:31,20.42,3.38
8/4/2022,13:50:32,20.42,3.38
8/4/2022,13:50:33,20.42,3.39
8/4/2022,13:50:34,20.42,3.41
8/4/2022,13:50:35,20.42,3.42
8/4/2022,13:50:36,20.42,3.42
8/4/2022,13:50:37,20.43,3.42
8/4/2022,13:50:38,20.42,3.41
8/4/2022,13:50:39,20.43,3.38
8/4/2022,13:50:40,20.43,3.37
8/4/2022,13:50:41,20.43,3.36
8/4/2022,13:50:42,20.43,3.37
8/4/2022,13:50:43,20.43,3.41
8/4/2022,13:50:44,20.43,3.42
8/4/2022,13:50:45,20.43,3.45
8/4/2022,13:50:46,20.43,3.5
8/4/2022,13:50:47,20.43,3.5
8/4/2022,13:50:48,20.43,3.53
8/4/2022,13:50:49,20.43,3.54
8/4/2022,13:50:50,20.43,3.51
8/4/2022,13:50:51,20.42,3.54
8/4/2022,13:50:52,20.43,3.52
8/4/2022,13:50:53,20.43,3.55
8/4/2022,13:50:54,20.43,3.56
8/4/2022,13:50:55,20.43,3.63
8/4/2022,13:50:56,20.43,3.64
8/4/2022,13:50:57,20.43,3.61
8/4/2022,13:50:58,20.43,3.55
8/4/2022,13:50:59,20.42,3.55
8/4/2022,13:51:00,20.42,3.48
8/4/2022,13:51:01,20.42,3.46
8/4/2022,13:51:02,20.42,3.52
8/4/2022,13:51:03,20.42,3.47
8/4/2022,13:51:04,20.42,3.46
8/4/2022,13:51:05,20.42,3.48
8/4/2022,13:51:06,20.42,3.46
8/4/2022,13:51:07,20.42,3.47
8/4/2022,13:51:08,20.42,3.45
8/4/2022,13:51:09,20.41,3.42
8/4/2022,13:51:10,20.42,3.36
8/4/2022,13:51:11,20.42,3.37
8/4/2022,13:51:12,20.42,3.36
8/4/2022,13:51:13,20.42,3.34
8/4/2022,13:51:14,20.42,3.34
8/4/2022,13:51:15,20.42,3.35
8/4/2022,13:51:16,20.42,3.33
8/4/2022,13:51:17,20.42,3.37
8/4/2022,13:51:18,20.42,3.41
8/4/2022,13:51:19,20.42,3.4
8/4/2022,13:51:20,20.42,3.41
8/4/2022,13:51:21,20.42,3.42
8/4/2022,13:51:22,20.42,3.41
8/4/2022,13:51:23,20.42,3.38
8/4/2022,13:51:24,20.42,3.37
8/4/2022,13:51:25,20.42,3.42
8/4/2022,13:51:26,20.42,3.39
8/4/2022,13:51:27,20.42,3.38
8/4/2022,13:51:28,20.43,3.4
8/4/2022,13:51:29,20.43,3.4
8/4/2022,13:51:30,20.43,3.4
8/4/2022,13:51:31,20.42,3.41
8/4/2022,13:51:32,20.42,3.48
8/4/2022,13:51:33,20.42,3.48
8/4/2022,13:51:34,20.42,3.49
8/4/2022,13:51:35,20.42,3.48
8/4/2022,13:51:36,20.42,3.41
8/4/2022,13:51:37,20.42,3.44
8/4/2022,13:51:38,20.41,3.45
8/4/2022,13:51:39,20.41,3.47
8/4/2022,13:51:40,20.42,3.45
8/4/2022,13:51:41,20.41,3.48
8/4/2022,13:51:42,20.41,3.49
8/4/2022,13:51:43,20.41,3.49
8/4/2022,13:51:44,20.41,3.5
8/4/2022,13:51:45,20.42,3.48
8/4/2022,13:51:46,20.41,3.4
8/4/2022,13:51:47,20.41,3.39
8/4/2022,13:51:48,20.4,3.44
8/4/2022,13:51:49,20.4,3.42
8/4/2022,13:51:50,20.4,3.43
8/4/2022,13:51:51,20.4,3.44
8/4/2022,13:51:52,20.4,3.43
8/4/2022,13:51:53,20.4,3.42
8/4/2022,13:51:54,20.4,3.42
8/4/2022,13:51:55,20.4,3.42
8/4/2022,13:51:56,20.4,3.41
8/4/2022,13:51:57,20.4,3.42
8/4/2022,13:51:58,20.4,3.4
8/4/2022,13:51:59,20.4,3.42
8/4/2022,13:52:00,20.4,3.46
8/4/2022,13:52:01,20.4,3.51
8/4/2022,13:52:02,20.4,3.48
8/4/2022,13:52:03,20.4,3.47
8/4/2022,13:52:04,20.4,3.49
8/4/2022,13:52:05,20.4,3.48
8/4/2022,13:52:06,20.41,3.46
8/4/2022,13:52:07,20.41,3.49
8/4/2022,13:52:08,20.41,3.5
8/4/2022,13:52:09,20.42,3.52
8/4/2022,13:52:10,20.42,3.51
8/4/2022,13:52:11,20.42,3.53
8/4/2022,13:52:12,20.43,3.51
8/4/2022,13:52:13,20.42,3.48
8/4/2022,13:52:14,20.43,3.48
8/4/2022,13:52:15,20.42,3.48
8/4/2022,13:52:16,20.42,3.42
8/4/2022,13:52:17,20.43,3.44
8/4/2022,13:52:18,20.42,3.42
8/4/2022,13:52:19,20.42,3.39
8/4/2022,13:52:20,20.43,3.39
8/4/2022,13:52:21,20.43,3.4
8/4/2022,13:52:22,20.43,3.38
8/4/2022,13:52:23,20.43,3.39
8/4/2022,13:52:24,20.42,3.36
8/4/2022,13:52:25,20.42,3.33
8/4/2022,13:52:26,20.42,3.36
8/4/2022,13:52:27,20.42,3.36
8/4/2022,13:52:28,20.42,3.38
8/4/2022,13:52:29,20.42,3.35
8/4/2022,13:52:30,20.42,3.35
8/4/2022,13:52:31,20.42,3.33
8/4/2022,13:52:32,20.42,3.33
8/4/2022,13:52:33,20.42,3.33
8/4/2022,13:52:34,20.42,3.39
8/4/2022,13:52:35,20.42,3.36
8/4/2022,13:52:36,20.42,3.37
8/4/2022,13:52:37,20.42,3.36
8/4/2022,13:52:38,20.42,3.42
8/4/2022,13:52:39,20.42,3.44
8/4/2022,13:52:40,20.42,3.5
8/4/2022,13:52:41,20.42,3.49
8/4/2022,13:52:42,20.42,3.46
8/4/2022,13:52:43,20.42,3.46
8/4/2022,13:52:44,20.42,3.56
8/4/2022,13:52:45,20.42,3.56
8/4/2022,13:52:46,20.42,3.89
8/4/2022,13:52:47,20.41,3.84
8/4/2022,13:52:48,-0.15,3.77
8/4/2022,13:52:49,-0.14,3.67
8/4/2022,13:52:50,-0.2,3.6
8/4/2022,13:52:51,-0.21,3.55
8/4/2022,13:52:52,-0.26,3.39
8/4/2022,13:52:53,-0.28,3.32
8/4/2022,13:52:54,-0.3,3.25
8/4/2022,13:52:55,-0.32,3.09
8/4/2022,13:52:56,-0.32,3.02
8/4/2022,13:52:57,-0.32,2.97
8/4/2022,13:52:58,-0.32,3.16
8/4/2022,13:52:59,-0.32,3.25
8/4/2022,13:53:00,-0.32,3.16
8/4/2022,13:53:01,-0.33,2.87
8/4/2022,13:53:02,-0.34,2.84
8/4/2022,13:53:03,-0.34,2.82
8/4/2022,13:53:04,-0.34,2.78
8/4/2022,13:53:05,-0.34,2.74
8/4/2022,13:53:06,-0.35,2.72
8/4/2022,13:53:07,-0.35,2.7
8/4/2022,13:53:08,-0.36,2.7
8/4/2022,13:53:09,-0.36,2.66
8/4/2022,13:53:10,-0.36,2.61
8/4/2022,13:53:11,-0.37,2.56
8/4/2022,13:53:12,-0.38,2.52
8/4/2022,13:53:13,-0.38,2.25
8/4/2022,13:53:14,-0.39,2.03
8/4/2022,13:53:15,-0.39,2.02
8/4/2022,13:53:16,-0.39,1.95
8/4/2022,13:53:17,-0.39,1.94
8/4/2022,13:53:18,-0.4,1.93
8/4/2022,13:53:19,-0.4,1.92
8/4/2022,13:53:20,-0.4,1.9
8/4/2022,13:53:21,-0.41,1.91
8/4/2022,13:53:22,-0.41,1.91
8/4/2022,13:53:23,-0.41,1.96
8/4/2022,13:53:24,-0.41,1.97
8/4/2022,13:53:25,-0.41,1.99
8/4/2022,13:53:26,-0.41,2.01
8/4/2022,13:53:27,-0.41,2.06
8/4/2022,13:53:28,-0.4,2.08
8/4/2022,13:53:29,-0.4,2.09
8/4/2022,13:53:30,-0.4,2.1
8/4/2022,13:53:31,-0.4,2.12
8/4/2022,13:53:32,-0.4,2.14
8/4/2022,13:53:33,-0.4,2.15
8/4/2022,13:53:34,-0.4,2.18
8/4/2022,13:53:35,-0.4,2.19
8/4/2022,13:53:36,-0.4,2.2
8/4/2022,13:53:37,-0.4,2.17
8/4/2022,13:53:38,-0.4,2.14
8/4/2022,13:53:39,-0.4,2.16
8/4/2022,13:53:40,-0.4,2.16
8/4/2022,13:53:41,-0.39,2.18
8/4/2022,13:53:42,-0.39,2.18
8/4/2022,13:53:43,-0.39,2.2
8/4/2022,13:53:44,-0.39,2.21
8/4/2022,13:53:45,-0.39,2.21
8/4/2022,13:53:46,-0.39,2.22
8/4/2022,13:53:47,-0.39,2.19
8/4/2022,13:53:48,-0.39,2.16
8/4/2022,13:53:49,-0.38,2.15
8/4/2022,13:53:50,-0.38,2.15
8/4/2022,13:53:51,-0.38,2.16
8/4/2022,13:53:52,-0.36,4.55
8/4/2022,13:53:53,0.16,7.99
8/4/2022,13:53:54,1.08,10.43
8/4/2022,13:53:55,18.05,11.97
8/4/2022,13:53:56,18.65,13.32
8/4/2022,13:53:57,18.48,14.56
8/4/2022,13:53:58,18.43,15.38
8/4/2022,13:53:59,18.61,16.41
8/4/2022,13:54:00,18.72,24.47
8/4/2022,13:54:01,18.8,12.61
8/4/2022,13:54:02,18.84,12.65
8/4/2022,13:54:03,18.89,13.16
8/4/2022,13:54:04,18.91,13.32
8/4/2022,13:54:05,18.87,13.18
8/4/2022,13:54:06,18.83,13.52
8/4/2022,13:54:07,18.8,14.56
8/4/2022,13:54:08,18.77,14.48
8/4/2022,13:54:09,18.75,14.71
8/4/2022,13:54:10,18.72,14.93
8/4/2022,13:54:11,18.71,15.01
8/4/2022,13:54:12,18.7,14.69
8/4/2022,13:54:13,18.68,14.39
8/4/2022,13:54:14,18.7,14.17
8/4/2022,13:54:15,18.71,13.92
8/4/2022,13:54:16,18.74,13.63
8/4/2022,13:54:17,18.77,13.42
8/4/2022,13:54:18,18.81,13.1
8/4/2022,13:54:19,18.84,12.92
8/4/2022,13:54:20,18.87,12.63
8/4/2022,13:54:21,18.9,11.93
8/4/2022,13:54:22,18.93,11.38
8/4/2022,13:54:23,18.96,10.92
8/4/2022,13:54:24,19,10.4
8/4/2022,13:54:25,19.06,9.91
8/4/2022,13:54:26,19.11,9.45
8/4/2022,13:54:27,19.16,9.36
8/4/2022,13:54:28,19.21,9.21
8/4/2022,13:54:29,19.27,9
8/4/2022,13:54:30,19.33,8.95
8/4/2022,13:54:31,19.37,8.98
8/4/2022,13:54:32,19.42,9.13
8/4/2022,13:54:33,19.47,9.05
8/4/2022,13:54:34,19.5,9.02
8/4/2022,13:54:35,19.53,8.91
8/4/2022,13:54:36,19.55,8.94
8/4/2022,13:54:37,19.57,8.94
8/4/2022,13:54:38,19.58,8.89
8/4/2022,13:54:39,19.59,8.86
8/4/2022,13:54:40,19.59,8.91
8/4/2022,13:54:41,19.59,8.85
8/4/2022,13:54:42,19.58,8.75
8/4/2022,13:54:43,19.57,8.74
8/4/2022,13:54:44,19.55,8.82
8/4/2022,13:54:45,19.54,8.62
8/4/2022,13:54:46,19.53,8.57
8/4/2022,13:54:47,19.53,8.4
8/4/2022,13:54:48,19.54,8.43
8/4/2022,13:54:49,19.54,8.54
8/4/2022,13:54:50,19.54,8.51
8/4/2022,13:54:51,19.55,8.49
8/4/2022,13:54:52,19.56,8.49
8/4/2022,13:54:53,19.56,8.57
8/4/2022,13:54:54,19.56,8.52
8/4/2022,13:54:55,19.57,8.3
8/4/2022,13:54:56,19.57,8.32
8/4/2022,13:54:57,19.57,8.2
8/4/2022,13:54:58,19.58,8
8/4/2022,13:54:59,19.59,7.89
8/4/2022,13:55:00,19.6,7.67
8/4/2022,13:55:01,19.61,7.51
8/4/2022,13:55:02,19.63,7.36
8/4/2022,13:55:03,19.65,7.27
8/4/2022,13:55:04,19.67,7.18
8/4/2022,13:55:05,19.69,7.09
8/4/2022,13:55:06,19.71,7.05
8/4/2022,13:55:07,19.72,7.03
8/4/2022,13:55:08,19.74,6.92
8/4/2022,13:55:09,19.76,6.87
8/4/2022,13:55:10,19.77,6.82
8/4/2022,13:55:11,19.78,6.7
8/4/2022,13:55:12,19.78,6.6
8/4/2022,13:55:13,19.8,6.54
8/4/2022,13:55:14,19.81,6.45
8/4/2022,13:55:15,19.81,6.39
8/4/2022,13:55:16,19.83,6.33
8/4/2022,13:55:17,19.84,6.27
8/4/2022,13:55:18,19.85,6.19
8/4/2022,13:55:19,19.86,6.09
8/4/2022,13:55:20,19.88,6.05
8/4/2022,13:55:21,19.88,6
8/4/2022,13:55:22,19.89,5.95
8/4/2022,13:55:23,19.9,5.87
8/4/2022,13:55:24,19.91,5.84
8/4/2022,13:55:25,19.93,5.76
8/4/2022,13:55:26,19.94,5.71
8/4/2022,13:55:27,19.94,5.66
8/4/2022,13:55:28,19.96,5.59
8/4/2022,13:55:29,19.97,5.57
8/4/2022,13:55:30,19.98,5.55
8/4/2022,13:55:31,19.99,5.55
8/4/2022,13:55:32,20,5.5
8/4/2022,13:55:33,20.01,5.46
8/4/2022,13:55:34,20.01,5.41
8/4/2022,13:55:35,20.03,5.35
8/4/2022,13:55:36,20.03,5.29
8/4/2022,13:55:37,20.03,5.26
8/4/2022,13:55:38,20.04,5.21
8/4/2022,13:55:39,20.05,5.1
8/4/2022,13:55:40,20.06,5.06
8/4/2022,13:55:41,20.07,5.07
8/4/2022,13:55:42,20.08,5.04
8/4/2022,13:55:43,20.09,4.98
8/4/2022,13:55:44,20.09,5
8/4/2022,13:55:45,20.1,4.95
8/4/2022,13:55:46,20.11,4.9
8/4/2022,13:55:47,20.12,4.85
8/4/2022,13:55:48,20.13,4.81
8/4/2022,13:55:49,20.13,4.74
8/4/2022,13:55:50,20.14,4.73
8/4/2022,13:55:51,20.15,4.7
8/4/2022,13:55:52,20.15,4.72
8/4/2022,13:55:53,20.16,4.73
8/4/2022,13:55:54,20.16,4.71
8/4/2022,13:55:55,20.17,4.62
8/4/2022,13:55:56,20.18,4.68
8/4/2022,13:55:57,20.19,4.64
8/4/2022,13:55:58,20.19,4.62
8/4/2022,13:55:59,20.2,4.58
8/4/2022,13:56:00,20.2,4.53
8/4/2022,13:56:01,20.21,4.5
8/4/2022,13:56:02,20.21,4.51
8/4/2022,13:56:03,20.21,4.49
8/4/2022,13:56:04,20.22,4.49
8/4/2022,13:56:05,20.22,4.45
8/4/2022,13:56:06,20.22,4.43
8/4/2022,13:56:07,20.22,4.35
8/4/2022,13:56:08,20.23,4.38
8/4/2022,13:56:09,20.23,4.41
8/4/2022,13:56:10,20.23,4.42
8/4/2022,13:56:11,20.23,4.41
8/4/2022,13:56:12,20.22,4.46
8/4/2022,13:56:13,20.21,4.58
8/4/2022,13:56:14,20.21,4.6
8/4/2022,13:56:15,20.2,4.66
8/4/2022,13:56:16,20.19,4.76
8/4/2022,13:56:17,20.18,4.78
8/4/2022,13:56:18,20.17,4.8
8/4/2022,13:56:19,20.17,4.92
8/4/2022,13:56:20,20.16,4.95
8/4/2022,13:56:21,20.16,5.04
8/4/2022,13:56:22,20.16,5.03
8/4/2022,13:56:23,20.16,5.12
8/4/2022,13:56:24,20.15,5.1
8/4/2022,13:56:25,20.15,5.11
8/4/2022,13:56:26,20.15,5.04
8/4/2022,13:56:27,20.15,4.99
8/4/2022,13:56:28,20.15,4.85
8/4/2022,13:56:29,20.16,4.81
8/4/2022,13:56:30,20.16,4.72
8/4/2022,13:56:31,20.17,4.61
8/4/2022,13:56:32,20.18,4.65
8/4/2022,13:56:33,20.19,4.58
8/4/2022,13:56:34,20.21,4.49
8/4/2022,13:56:35,20.22,4.44
8/4/2022,13:56:36,20.23,4.34
8/4/2022,13:56:37,20.24,4.23
8/4/2022,13:56:38,20.25,4.15
8/4/2022,13:56:39,20.26,4.1
8/4/2022,13:56:40,20.27,4.09
8/4/2022,13:56:41,20.27,4.08
8/4/2022,13:56:42,20.28,4.08
8/4/2022,13:56:43,20.29,4.04
8/4/2022,13:56:44,20.29,4.09
8/4/2022,13:56:45,20.29,4.06
8/4/2022,13:56:46,20.29,4.05
8/4/2022,13:56:47,20.3,3.96
8/4/2022,13:56:48,20.3,3.99
8/4/2022,13:56:49,20.31,3.98
8/4/2022,13:56:50,20.31,3.99
8/4/2022,13:56:51,20.31,4.13
8/4/2022,13:56:52,20.32,4.14
8/4/2022,13:56:53,20.32,4.14
8/4/2022,13:56:54,20.32,4.12
8/4/2022,13:56:55,20.33,4.13
8/4/2022,13:56:56,20.33,4.15
8/4/2022,13:56:57,20.33,4.08
8/4/2022,13:56:58,20.33,4.03
8/4/2022,13:56:59,20.33,4
8/4/2022,13:57:00,20.33,4.03
8/4/2022,13:57:01,20.33,4.03
8/4/2022,13:57:02,20.33,4
8/4/2022,13:57:03,20.32,3.99
8/4/2022,13:57:04,20.33,4.03
8/4/2022,13:57:05,20.33,4.02
8/4/2022,13:57:06,20.33,3.92
8/4/2022,13:57:07,20.33,3.94
8/4/2022,13:57:08,20.34,3.98
8/4/2022,13:57:09,20.33,3.97
8/4/2022,13:57:10,20.33,3.95
8/4/2022,13:57:11,20.33,3.92
8/4/2022,13:57:12,20.33,4.04
8/4/2022,13:57:13,20.32,4.04
8/4/2022,13:57:14,20.32,4.03
8/4/2022,13:57:15,20.32,4.11
8/4/2022,13:57:16,20.32,4.23
8/4/2022,13:57:17,20.32,4.22
8/4/2022,13:57:18,20.32,4.25
8/4/2022,13:57:19,20.31,4.26
8/4/2022,13:57:20,20.31,4.27
8/4/2022,13:57:21,20.3,4.31
8/4/2022,13:57:22,20.3,4.43
8/4/2022,13:57:23,20.3,4.47
8/4/2022,13:57:24,20.3,4.53
8/4/2022,13:57:25,20.29,4.56
8/4/2022,13:57:26,20.29,4.61
8/4/2022,13:57:27,20.28,4.57
8/4/2022,13:57:28,20.27,4.67
8/4/2022,13:57:29,20.26,4.8
8/4/2022,13:57:30,20.25,4.69
8/4/2022,13:57:31,20.23,4.8
8/4/2022,13:57:32,20.22,4.95
8/4/2022,13:57:33,20.2,5.08
8/4/2022,13:57:34,20.19,5.17
8/4/2022,13:57:35,20.17,5.28
8/4/2022,13:57:36,20.16,5.3
8/4/2022,13:57:37,20.14,5.34
8/4/2022,13:57:38,20.13,5.43
8/4/2022,13:57:39,20.11,5.51
8/4/2022,13:57:40,20.09,5.77
8/4/2022,13:57:41,20.09,5.84
8/4/2022,13:57:42,20.07,5.97
8/4/2022,13:57:43,20.06,6.07
8/4/2022,13:57:44,20.04,6.13
8/4/2022,13:57:45,20.02,6.23
8/4/2022,13:57:46,20.01,6.25
8/4/2022,13:57:47,20,6.37
8/4/2022,13:57:48,19.99,6.33
8/4/2022,13:57:49,19.99,6.32
8/4/2022,13:57:50,19.99,6.36
8/4/2022,13:57:51,19.98,6.36
8/4/2022,13:57:52,19.98,6.43
8/4/2022,13:57:53,19.98,6.46
8/4/2022,13:57:54,19.98,6.4
8/4/2022,13:57:55,19.98,6.36
8/4/2022,13:57:56,19.98,6.38
8/4/2022,13:57:57,19.98,6.41
8/4/2022,13:57:58,19.97,6.34
8/4/2022,13:57:59,19.96,6.36
8/4/2022,13:58:00,19.96,6.36
8/4/2022,13:58:01,19.96,6.38
8/4/2022,13:58:02,19.96,6.39
8/4/2022,13:58:03,19.97,6.42
8/4/2022,13:58:04,19.97,6.41
8/4/2022,13:58:05,19.97,6.48
8/4/2022,13:58:06,19.97,6.62
8/4/2022,13:58:07,19.98,6.79
8/4/2022,13:58:08,19.97,6.79
8/4/2022,13:58:09,19.96,6.79
8/4/2022,13:58:10,19.95,6.81
8/4/2022,13:58:11,19.95,6.83
8/4/2022,13:58:12,19.94,6.8
8/4/2022,13:58:13,19.93,6.83
8/4/2022,13:58:14,19.92,6.78
8/4/2022,13:58:15,19.91,6.8
8/4/2022,13:58:16,19.91,6.98
8/4/2022,13:58:17,19.91,6.97
8/4/2022,13:58:18,19.91,7.01
8/4/2022,13:58:19,19.91,7.01
8/4/2022,13:58:20,19.9,6.95
8/4/2022,13:58:21,19.9,6.79
8/4/2022,13:58:22,19.89,6.77
8/4/2022,13:58:23,19.88,6.76
8/4/2022,13:58:24,19.88,6.93
8/4/2022,13:58:25,19.88,6.91
8/4/2022,13:58:26,19.87,6.9
8/4/2022,13:58:27,19.87,6.92
8/4/2022,13:58:28,19.87,6.88
8/4/2022,13:58:29,19.88,6.83
8/4/2022,13:58:30,19.88,6.78
8/4/2022,13:58:31,19.89,6.59
8/4/2022,13:58:32,19.9,6.48
8/4/2022,13:58:33,19.91,6.41
8/4/2022,13:58:34,19.92,6.43
8/4/2022,13:58:35,19.93,6.35
8/4/2022,13:58:36,19.94,6.26
8/4/2022,13:58:37,19.94,6.23
8/4/2022,13:58:38,19.96,6.14
8/4/2022,13:58:39,19.97,5.93
8/4/2022,13:58:40,19.98,5.87
8/4/2022,13:58:41,19.98,5.8
8/4/2022,13:58:42,19.99,5.78
8/4/2022,13:58:43,19.99,5.73
8/4/2022,13:58:44,20.01,5.76
8/4/2022,13:58:45,20.02,5.66
8/4/2022,13:58:46,20.02,5.63
8/4/2022,13:58:47,20.03,5.57
8/4/2022,13:58:48,20.03,5.53
8/4/2022,13:58:49,20.03,5.35
8/4/2022,13:58:50,20.04,5.32
8/4/2022,13:58:51,20.04,5.28
8/4/2022,13:58:52,20.05,5.22
8/4/2022,13:58:53,20.06,5.14
8/4/2022,13:58:54,20.06,5.23
8/4/2022,13:58:55,20.06,5.15
8/4/2022,13:58:56,20.07,5.08
8/4/2022,13:58:57,20.07,5.01
8/4/2022,13:58:58,20.08,4.98
8/4/2022,13:58:59,20.08,4.89
8/4/2022,13:59:00,20.09,4.88
8/4/2022,13:59:01,20.09,4.85
8/4/2022,13:59:02,20.1,4.84
8/4/2022,13:59:03,20.11,4.84
8/4/2022,13:59:04,20.11,4.79
8/4/2022,13:59:05,20.12,4.75
8/4/2022,13:59:06,20.12,4.79
8/4/2022,13:59:07,20.13,4.77
8/4/2022,13:59:08,20.13,4.79
8/4/2022,13:59:09,20.14,4.77
8/4/2022,13:59:10,20.14,4.75
8/4/2022,13:59:11,20.15,4.75
8/4/2022,13:59:12,20.16,4.76
8/4/2022,13:59:13,20.16,4.74
8/4/2022,13:59:14,20.17,4.67
8/4/2022,13:59:15,20.17,4.65
8/4/2022,13:59:16,20.18,4.62
8/4/2022,13:59:17,20.18,4.58
8/4/2022,13:59:18,20.19,4.51
8/4/2022,13:59:19,20.19,4.51
8/4/2022,13:59:20,20.2,4.48
8/4/2022,13:59:21,20.2,4.4
8/4/2022,13:59:22,20.21,4.4
8/4/2022,13:59:23,20.21,4.31
8/4/2022,13:59:24,20.22,4.28
8/4/2022,13:59:25,20.23,4.27
8/4/2022,13:59:26,20.23,4.21
8/4/2022,13:59:27,20.24,4.16
8/4/2022,13:59:28,20.24,4.13
8/4/2022,13:59:29,20.25,4.11
8/4/2022,13:59:30,20.25,4.06
8/4/2022,13:59:31,20.25,4.04
8/4/2022,13:59:32,20.26,4.01
8/4/2022,13:59:33,20.26,4
8/4/2022,13:59:34,20.27,4.05
8/4/2022,13:59:35,20.27,4.06
8/4/2022,13:59:36,20.27,4.03
8/4/2022,13:59:37,20.27,4.03
8/4/2022,13:59:38,20.27,4.02
8/4/2022,13:59:39,20.27,4.05
8/4/2022,13:59:40,20.27,4.08
8/4/2022,13:59:41,20.27,4.09
8/4/2022,13:59:42,20.27,4.1
8/4/2022,13:59:43,20.26,4.14
8/4/2022,13:59:44,20.26,4.19
8/4/2022,13:59:45,20.25,4.27
8/4/2022,13:59:46,20.24,4.31
8/4/2022,13:59:47,20.24,4.39
8/4/2022,13:59:48,20.22,4.46
8/4/2022,13:59:49,20.2,4.54
8/4/2022,13:59:50,20.18,4.69
8/4/2022,13:59:51,20.16,4.88
8/4/2022,13:59:52,20.13,5.1
8/4/2022,13:59:53,20.1,5.34
8/4/2022,13:59:54,20.06,5.55
8/4/2022,13:59:55,20.02,5.75
8/4/2022,13:59:56,19.99,6.11
8/4/2022,13:59:57,19.95,6.42
8/4/2022,13:59:58,19.91,6.69
8/4/2022,13:59:59,19.86,7.02
8/4/2022,14:00:00,19.82,7.37
8/4/2022,14:00:01,19.77,7.72
8/4/2022,14:00:02,19.72,8
8/4/2022,14:00:03,19.66,8.26
8/4/2022,14:00:04,19.6,8.65
8/4/2022,14:00:05,19.55,8.91
8/4/2022,14:00:06,19.5,9.18
8/4/2022,14:00:07,19.46,9.4
8/4/2022,14:00:08,19.42,9.55
8/4/2022,14:00:09,19.38,9.85
8/4/2022,14:00:10,19.35,9.97
8/4/2022,14:00:11,19.32,10.02
8/4/2022,14:00:12,19.29,10.11
8/4/2022,14:00:13,19.27,10.18
8/4/2022,14:00:14,19.25,10.25
8/4/2022,14:00:15,19.23,10.35
8/4/2022,14:00:16,19.22,10.34
8/4/2022,14:00:17,19.21,10.35
8/4/2022,14:00:18,19.21,10.34
8/4/2022,14:00:19,19.21,10.19
8/4/2022,14:00:20,19.21,10.11
8/4/2022,14:00:21,19.22,10.1
8/4/2022,14:00:22,19.24,9.95
8/4/2022,14:00:23,19.26,9.83
8/4/2022,14:00:24,19.28,9.63
8/4/2022,14:00:25,19.3,9.48
8/4/2022,14:00:26,19.32,9.41
8/4/2022,14:00:27,19.34,9.35
8/4/2022,14:00:28,19.36,9.17
8/4/2022,14:00:29,19.38,9.08
8/4/2022,14:00:30,19.39,8.88
8/4/2022,14:00:31,19.42,8.81
8/4/2022,14:00:32,19.45,8.74
8/4/2022,14:00:33,19.47,8.49
8/4/2022,14:00:34,19.5,8.4
8/4/2022,14:00:35,19.52,8.28
8/4/2022,14:00:36,19.55,8.12
8/4/2022,14:00:37,19.57,8.04
8/4/2022,14:00:38,19.59,7.96
8/4/2022,14:00:39,19.61,7.86
8/4/2022,14:00:40,19.64,7.82
8/4/2022,14:00:41,19.66,7.63
8/4/2022,14:00:42,19.68,7.45
8/4/2022,14:00:43,19.69,7.36
8/4/2022,14:00:44,19.71,7.33
8/4/2022,14:00:45,19.72,7.24
8/4/2022,14:00:46,19.74,7.1
8/4/2022,14:00:47,19.76,7
8/4/2022,14:00:48,19.77,6.98
8/4/2022,14:00:49,19.79,6.87
8/4/2022,14:00:50,19.81,6.75
8/4/2022,14:00:51,19.82,6.66
8/4/2022,14:00:52,19.84,6.62
8/4/2022,14:00:53,19.85,6.5
8/4/2022,14:00:54,19.86,6.44
8/4/2022,14:00:55,19.87,6.38
8/4/2022,14:00:56,19.88,6.36
8/4/2022,14:00:57,19.9,6.31
8/4/2022,14:00:58,19.91,6.2
8/4/2022,14:00:59,19.91,6.1
8/4/2022,14:01:00,19.92,6.1
8/4/2022,14:01:01,19.93,6.05
8/4/2022,14:01:02,19.94,5.97
8/4/2022,14:01:03,19.94,5.94
8/4/2022,14:01:04,19.95,5.92
8/4/2022,14:01:05,19.96,5.92
8/4/2022,14:01:06,19.96,6.38
8/4/2022,14:01:07,19.96,6.59
8/4/2022,14:01:08,19.96,6.56
8/4/2022,14:01:09,19.96,6.85
8/4/2022,14:01:10,19.94,7.39
8/4/2022,14:01:11,19.91,7.74
8/4/2022,14:01:12,19.87,8.51
8/4/2022,14:01:13,19.84,8.96
8/4/2022,14:01:14,19.78,9.39
8/4/2022,14:01:15,19.72,9.92
8/4/2022,14:01:16,19.68,10.72
8/4/2022,14:01:17,19.62,11.38
8/4/2022,14:01:18,19.58,11.99
8/4/2022,14:01:19,19.52,12.53
8/4/2022,14:01:20,19.5,12.94
8/4/2022,14:01:21,19.47,12.38
8/4/2022,14:01:22,19.45,12.92
8/4/2022,14:01:23,19.4,13.05
8/4/2022,14:01:24,19.33,12.94
8/4/2022,14:01:25,19.28,13.08
8/4/2022,14:01:26,19.25,12.92
8/4/2022,14:01:27,19.2,12.9
8/4/2022,14:01:28,19.17,12.9
8/4/2022,14:01:29,19.15,12.94
8/4/2022,14:01:30,19.13,12.58
8/4/2022,14:01:31,19.13,12.31
8/4/2022,14:01:32,19.13,12.13
8/4/2022,14:01:33,19.14,12.01
8/4/2022,14:01:34,19.16,11.88
8/4/2022,14:01:35,19.18,11.8
8/4/2022,14:01:36,19.2,11.78
8/4/2022,14:01:37,19.21,11.62
8/4/2022,14:01:38,19.23,11.69
8/4/2022,14:01:39,19.25,11.49
8/4/2022,14:01:40,19.28,11.28
8/4/2022,14:01:41,19.28,11.09
8/4/2022,14:01:42,19.28,10.86
8/4/2022,14:01:43,19.31,10.79
8/4/2022,14:01:44,19.33,10.47
8/4/2022,14:01:45,19.36,10.39
8/4/2022,14:01:46,19.38,10.21
8/4/2022,14:01:47,19.41,9.75
8/4/2022,14:01:48,19.43,9.49
8/4/2022,14:01:49,19.45,9.32
8/4/2022,14:01:50,19.47,9.2
8/4/2022,14:01:51,19.49,8.92
8/4/2022,14:01:52,19.51,8.68
8/4/2022,14:01:53,19.54,8.56
8/4/2022,14:01:54,19.56,8.35
8/4/2022,14:01:55,19.58,8.27
8/4/2022,14:01:56,19.6,8.18
8/4/2022,14:01:57,19.63,7.98
8/4/2022,14:01:58,19.64,7.9
8/4/2022,14:01:59,19.66,7.92
8/4/2022,14:02:00,19.68,7.77
8/4/2022,14:02:01,19.69,7.64
8/4/2022,14:02:02,19.7,7.59
8/4/2022,14:02:03,19.71,7.51
8/4/2022,14:02:04,19.72,7.37
8/4/2022,14:02:05,19.74,7.31
8/4/2022,14:02:06,19.76,7.2
8/4/2022,14:02:07,19.77,7.15
8/4/2022,14:02:08,19.79,7.02
8/4/2022,14:02:09,19.8,6.88
8/4/2022,14:02:10,19.82,6.75
8/4/2022,14:02:11,19.83,6.7
8/4/2022,14:02:12,19.84,6.65
8/4/2022,14:02:13,19.86,6.55
8/4/2022,14:02:14,19.87,6.4
8/4/2022,14:02:15,19.89,6.28
8/4/2022,14:02:16,19.9,6.21
8/4/2022,14:02:17,19.92,6.13
8/4/2022,14:02:18,19.93,6.03
8/4/2022,14:02:19,19.94,5.94
8/4/2022,14:02:20,19.95,5.83
8/4/2022,14:02:21,19.97,5.79
8/4/2022,14:02:22,19.99,5.75
8/4/2022,14:02:23,20,5.73
8/4/2022,14:02:24,20.02,5.78
8/4/2022,14:02:25,20.03,5.72
8/4/2022,14:02:26,20.05,5.65
8/4/2022,14:02:27,20.05,5.54
8/4/2022,14:02:28,20.07,5.5
8/4/2022,14:02:29,20.07,5.53
8/4/2022,14:02:30,20.08,5.41
8/4/2022,14:02:31,20.09,5.35
8/4/2022,14:02:32,20.1,5.29
8/4/2022,14:02:33,20.11,5.33
8/4/2022,14:02:34,20.11,5.28
8/4/2022,14:02:35,20.12,5.21
8/4/2022,14:02:36,20.13,5.19
8/4/2022,14:02:37,20.13,5.19
8/4/2022,14:02:38,20.14,5.24
8/4/2022,14:02:39,20.15,5.16
8/4/2022,14:02:40,20.16,5.09
8/4/2022,14:02:41,20.17,5.07
8/4/2022,14:02:42,20.17,5.15
8/4/2022,14:02:43,20.18,5.12
8/4/2022,14:02:44,20.18,5.1
8/4/2022,14:02:45,20.18,5.1
8/4/2022,14:02:46,20.18,5.09
8/4/2022,14:02:47,20.19,5.03
8/4/2022,14:02:48,20.2,4.97
8/4/2022,14:02:49,20.2,5.12
8/4/2022,14:02:50,20.21,5.15
8/4/2022,14:02:51,20.21,5.11
8/4/2022,14:02:52,20.21,5.07
8/4/2022,14:02:53,20.2,4.92
8/4/2022,14:02:54,20.21,4.91
8/4/2022,14:02:55,20.21,4.97
8/4/2022,14:02:56,20.2,5
8/4/2022,14:02:57,20.2,4.97
8/4/2022,14:02:58,20.2,5.01
8/4/2022,14:02:59,20.19,5.04
8/4/2022,14:03:00,20.19,5.06
8/4/2022,14:03:01,20.18,5.08
8/4/2022,14:03:02,20.18,5.09
8/4/2022,14:03:03,20.18,5.12
8/4/2022,14:03:04,20.17,5
8/4/2022,14:03:05,20.17,5.07
8/4/2022,14:03:06,20.16,5.2
8/4/2022,14:03:07,20.15,5.29
8/4/2022,14:03:08,20.14,5.37
8/4/2022,14:03:09,20.13,5.43
8/4/2022,14:03:10,20.12,5.52
8/4/2022,14:03:11,20.12,5.57
8/4/2022,14:03:12,20.11,5.63
8/4/2022,14:03:13,20.11,5.75
8/4/2022,14:03:14,20.1,5.72
8/4/2022,14:03:15,20.09,5.79
8/4/2022,14:03:16,20.08,5.87
8/4/2022,14:03:17,20.07,5.95
8/4/2022,14:03:18,20.06,6
8/4/2022,14:03:19,20.06,6.09
8/4/2022,14:03:20,20.04,6.07
8/4/2022,14:03:21,20.03,6.02
8/4/2022,14:03:22,20.02,6.03
8/4/2022,14:03:23,20.01,6.03
8/4/2022,14:03:24,20,6.05
8/4/2022,14:03:25,19.99,6
8/4/2022,14:03:26,19.98,6.06
8/4/2022,14:03:27,19.97,6.04
8/4/2022,14:03:28,19.96,6.04
8/4/2022,14:03:29,19.95,6.17
8/4/2022,14:03:30,19.94,6.4
8/4/2022,14:03:31,19.94,6.54
8/4/2022,14:03:32,19.93,6.74
8/4/2022,14:03:33,19.92,6.92
8/4/2022,14:03:34,19.91,7.28
8/4/2022,14:03:35,19.91,7.45
8/4/2022,14:03:36,19.9,7.52
8/4/2022,14:03:37,19.89,7.57
8/4/2022,14:03:38,19.88,7.71
8/4/2022,14:03:39,19.88,7.81
8/4/2022,14:03:40,19.87,7.92
8/4/2022,14:03:41,19.86,7.95
8/4/2022,14:03:42,19.85,8.06
8/4/2022,14:03:43,19.84,8.17
8/4/2022,14:03:44,19.84,8.02
8/4/2022,14:03:45,19.83,7.79
8/4/2022,14:03:46,19.81,7.79
8/4/2022,14:03:47,19.8,7.8
8/4/2022,14:03:48,19.79,7.88
8/4/2022,14:03:49,19.78,7.59
8/4/2022,14:03:50,19.78,7.61
8/4/2022,14:03:51,19.77,7.67
8/4/2022,14:03:52,19.76,7.69
8/4/2022,14:03:53,19.76,7.75
8/4/2022,14:03:54,19.75,7.73
8/4/2022,14:03:55,19.75,7.61
8/4/2022,14:03:56,19.75,7.49
8/4/2022,14:03:57,19.74,7.49
8/4/2022,14:03:58,19.75,7.42
8/4/2022,14:03:59,19.75,7.35
8/4/2022,14:04:00,19.75,7.27
8/4/2022,14:04:01,19.76,7.2
8/4/2022,14:04:02,19.78,7.07
8/4/2022,14:04:03,19.78,6.93
8/4/2022,14:04:04,19.78,6.96
8/4/2022,14:04:05,19.79,6.86
8/4/2022,14:04:06,19.81,6.74
8/4/2022,14:04:07,19.82,6.59
8/4/2022,14:04:08,19.83,6.47
8/4/2022,14:04:09,19.84,6.4
8/4/2022,14:04:10,19.85,6.41
8/4/2022,14:04:11,19.85,6.43
8/4/2022,14:04:12,19.86,6.38
8/4/2022,14:04:13,19.85,6.39
8/4/2022,14:04:14,19.85,6.47
8/4/2022,14:04:15,19.85,6.5
8/4/2022,14:04:16,19.85,6.59
8/4/2022,14:04:17,19.85,6.64
8/4/2022,14:04:18,19.85,6.67
8/4/2022,14:04:19,19.86,6.61
8/4/2022,14:04:20,19.86,6.57
8/4/2022,14:04:21,19.86,6.73
8/4/2022,14:04:22,19.85,6.8
8/4/2022,14:04:23,19.84,6.94
8/4/2022,14:04:24,19.84,7.01
8/4/2022,14:04:25,19.83,7.07
8/4/2022,14:04:26,19.83,6.99
8/4/2022,14:04:27,19.82,7.05
8/4/2022,14:04:28,19.8,7.26
8/4/2022,14:04:29,19.78,7.36
8/4/2022,14:04:30,19.77,7.42
8/4/2022,14:04:31,19.76,7.56
8/4/2022,14:04:32,19.75,7.61
8/4/2022,14:04:33,19.75,7.69
8/4/2022,14:04:34,19.74,7.87
8/4/2022,14:04:35,19.73,8.05
8/4/2022,14:04:36,19.72,8.14
8/4/2022,14:04:37,19.71,8.11
8/4/2022,14:04:38,19.71,8.06
8/4/2022,14:04:39,19.7,8.12
8/4/2022,14:04:40,19.7,8.11
8/4/2022,14:04:41,19.7,8.15
8/4/2022,14:04:42,19.67,8.32
8/4/2022,14:04:43,19.64,8.6
8/4/2022,14:04:44,19.61,8.77
8/4/2022,14:04:45,19.6,8.94
8/4/2022,14:04:46,19.59,8.96
8/4/2022,14:04:47,19.57,9.01
8/4/2022,14:04:48,19.55,9.05
8/4/2022,14:04:49,19.55,9.25
8/4/2022,14:04:50,19.55,9.25
8/4/2022,14:04:51,19.55,9.35
8/4/2022,14:04:52,19.55,9.49
8/4/2022,14:04:53,19.55,9.61
8/4/2022,14:04:54,19.55,9.59
8/4/2022,14:04:55,19.54,9.8
8/4/2022,14:04:56,19.52,9.89
8/4/2022,14:04:57,19.5,9.68
8/4/2022,14:04:58,19.51,9.29
8/4/2022,14:04:59,19.5,9.27
8/4/2022,14:05:00,19.49,9.2
8/4/2022,14:05:01,19.49,9.16
8/4/2022,14:05:02,19.52,9.13
8/4/2022,14:05:03,19.55,8.97
8/4/2022,14:05:04,19.57,8.61
8/4/2022,14:05:05,19.59,8.54
8/4/2022,14:05:06,19.6,8.39
8/4/2022,14:05:07,19.62,8.38
8/4/2022,14:05:08,19.66,8.27
8/4/2022,14:05:09,19.69,8.12
8/4/2022,14:05:10,19.71,7.9
8/4/2022,14:05:11,19.71,7.7
8/4/2022,14:05:12,19.73,7.56
8/4/2022,14:05:13,19.73,7.47
8/4/2022,14:05:14,19.74,7.39
8/4/2022,14:05:15,19.77,7.25
8/4/2022,14:05:16,19.78,7.16
8/4/2022,14:05:17,19.78,7.11
8/4/2022,14:05:18,19.78,7.1
8/4/2022,14:05:19,19.78,7.14
8/4/2022,14:05:20,19.78,7.06
8/4/2022,14:05:21,19.77,7.2
8/4/2022,14:05:22,19.77,7.34
8/4/2022,14:05:23,19.76,7.43
8/4/2022,14:05:24,19.73,7.59
8/4/2022,14:05:25,19.72,7.68
8/4/2022,14:05:26,19.7,7.77
8/4/2022,14:05:27,19.69,7.76
8/4/2022,14:05:28,19.67,7.68
8/4/2022,14:05:29,19.65,7.68
8/4/2022,14:05:30,19.64,7.7
8/4/2022,14:05:31,19.62,7.76
8/4/2022,14:05:32,19.61,7.8
8/4/2022,14:05:33,19.6,7.9
8/4/2022,14:05:34,19.58,7.97
8/4/2022,14:05:35,19.57,7.98
8/4/2022,14:05:36,19.57,7.91
8/4/2022,14:05:37,19.57,7.75
8/4/2022,14:05:38,19.57,7.64
8/4/2022,14:05:39,19.57,7.57
8/4/2022,14:05:40,19.58,7.53
8/4/2022,14:05:41,19.59,7.48
8/4/2022,14:05:42,19.59,7.35
8/4/2022,14:05:43,19.6,7.27
8/4/2022,14:05:44,19.62,7.23
8/4/2022,14:05:45,19.63,7.18
8/4/2022,14:05:46,19.65,7.11
8/4/2022,14:05:47,19.67,6.99
8/4/2022,14:05:48,19.68,6.88
8/4/2022,14:05:49,19.7,6.76
8/4/2022,14:05:50,19.71,6.59
8/4/2022,14:05:51,19.73,6.54
8/4/2022,14:05:52,19.75,6.47
8/4/2022,14:05:53,19.77,6.41
8/4/2022,14:05:54,19.79,6.32
8/4/2022,14:05:55,19.81,6.29
8/4/2022,14:05:56,19.83,6.27
8/4/2022,14:05:57,19.84,6.2
8/4/2022,14:05:58,19.85,6.11
8/4/2022,14:05:59,19.87,5.99
8/4/2022,14:06:00,19.88,5.89
8/4/2022,14:06:01,19.9,5.79
8/4/2022,14:06:02,19.92,5.7
8/4/2022,14:06:03,19.93,5.59
8/4/2022,14:06:04,19.94,5.55
8/4/2022,14:06:05,19.95,5.52
8/4/2022,14:06:06,19.96,5.37
8/4/2022,14:06:07,19.98,5.28
8/4/2022,14:06:08,19.99,5.27
8/4/2022,14:06:09,20,5.19
8/4/2022,14:06:10,20.01,5.11
8/4/2022,14:06:11,20.02,5.06
8/4/2022,14:06:12,20.03,5
8/4/2022,14:06:13,20.03,4.96
8/4/2022,14:06:14,20.04,4.91
8/4/2022,14:06:15,20.05,4.89
8/4/2022,14:06:16,20.07,4.85
8/4/2022,14:06:17,20.08,4.85
8/4/2022,14:06:18,20.09,4.8
8/4/2022,14:06:19,20.09,4.76
8/4/2022,14:06:20,20.1,4.75
8/4/2022,14:06:21,20.1,4.72
8/4/2022,14:06:22,20.11,4.67
8/4/2022,14:06:23,20.12,4.62
8/4/2022,14:06:24,20.13,4.59
8/4/2022,14:06:25,20.13,4.56
8/4/2022,14:06:26,20.14,4.52
8/4/2022,14:06:27,20.15,4.51
8/4/2022,14:06:28,20.15,4.47
8/4/2022,14:06:29,20.16,4.47
8/4/2022,14:06:30,20.17,4.42
8/4/2022,14:06:31,20.17,4.38
8/4/2022,14:06:32,20.18,4.34
8/4/2022,14:06:33,20.18,4.32
8/4/2022,14:06:34,20.19,4.3
8/4/2022,14:06:35,20.19,4.31
8/4/2022,14:06:36,20.19,4.26
8/4/2022,14:06:37,20.2,4.25
8/4/2022,14:06:38,20.2,4.26
8/4/2022,14:06:39,20.2,4.26
8/4/2022,14:06:40,20.2,4.23
8/4/2022,14:06:41,20.21,4.23
8/4/2022,14:06:42,20.21,4.2
8/4/2022,14:06:43,20.21,4.18
8/4/2022,14:06:44,20.21,4.19
8/4/2022,14:06:45,20.21,4.21
8/4/2022,14:06:46,20.21,4.18
8/4/2022,14:06:47,20.21,4.19
8/4/2022,14:06:48,20.21,4.19
8/4/2022,14:06:49,20.21,4.14
8/4/2022,14:06:50,20.21,4.14
8/4/2022,14:06:51,20.21,4.13
8/4/2022,14:06:52,20.21,4.13
8/4/2022,14:06:53,20.21,4.14
8/4/2022,14:06:54,20.22,4.13
8/4/2022,14:06:55,20.22,4.12
8/4/2022,14:06:56,20.22,4.11
8/4/2022,14:06:57,20.22,4.11
8/4/2022,14:06:58,20.22,4.15
8/4/2022,14:06:59,20.23,4.16
8/4/2022,14:07:00,20.22,4.14
8/4/2022,14:07:01,20.23,4.17
8/4/2022,14:07:02,20.23,4.15
8/4/2022,14:07:03,20.23,4.14
8/4/2022,14:07:04,20.23,4.14
8/4/2022,14:07:05,20.23,4.15
8/4/2022,14:07:06,20.23,4.18
8/4/2022,14:07:07,20.24,4.16
8/4/2022,14:07:08,20.24,4.18
8/4/2022,14:07:09,20.24,4.18
8/4/2022,14:07:10,20.24,4.15
8/4/2022,14:07:11,20.24,4.16
8/4/2022,14:07:12,20.24,4.16
8/4/2022,14:07:13,20.24,4.13
8/4/2022,14:07:14,20.24,4.1
8/4/2022,14:07:15,20.24,4.08
8/4/2022,14:07:16,20.24,4.07
8/4/2022,14:07:17,20.24,4.06
8/4/2022,14:07:18,20.23,4.05
8/4/2022,14:07:19,20.23,4.05
8/4/2022,14:07:20,20.24,4.05
8/4/2022,14:07:21,20.23,4.1
8/4/2022,14:07:22,20.23,4.08
8/4/2022,14:07:23,20.23,4.04
8/4/2022,14:07:24,20.23,4.04
8/4/2022,14:07:25,20.24,4.07
8/4/2022,14:07:26,20.24,4.08
8/4/2022,14:07:27,20.24,4.08
8/4/2022,14:07:28,20.24,4.09
8/4/2022,14:07:29,20.24,4.11
8/4/2022,14:07:30,20.24,4.09
8/4/2022,14:07:31,20.24,4.1
8/4/2022,14:07:32,20.24,4.1
8/4/2022,14:07:33,20.24,4.08
8/4/2022,14:07:34,20.24,4.07
8/4/2022,14:07:35,20.24,4.06
8/4/2022,14:07:36,20.24,4.05
8/4/2022,14:07:37,20.24,4.03
8/4/2022,14:07:38,20.24,4.04
8/4/2022,14:07:39,20.24,4.04
8/4/2022,14:07:40,20.24,3.98
8/4/2022,14:07:41,20.24,3.96
8/4/2022,14:07:42,20.25,3.96
8/4/2022,14:07:43,20.25,3.98
8/4/2022,14:07:44,20.24,4.02
8/4/2022,14:07:45,20.24,4.05
8/4/2022,14:07:46,20.23,4.14
8/4/2022,14:07:47,20.22,4.24
8/4/2022,14:07:48,20.22,4.27
8/4/2022,14:07:49,20.21,4.32
8/4/2022,14:07:50,20.2,4.65
8/4/2022,14:07:51,20.18,4.78
8/4/2022,14:07:52,20.16,4.92
8/4/2022,14:07:53,20.14,5.2
8/4/2022,14:07:54,20.12,5.37
8/4/2022,14:07:55,20.1,5.66
8/4/2022,14:07:56,20.08,6
8/4/2022,14:07:57,20.06,6.38
8/4/2022,14:07:58,20.04,6.51
8/4/2022,14:07:59,20.02,6.63
8/4/2022,14:08:00,20,6.77
8/4/2022,14:08:01,19.99,6.7
8/4/2022,14:08:02,19.96,6.77
8/4/2022,14:08:03,19.95,6.92
8/4/2022,14:08:04,19.94,6.98
8/4/2022,14:08:05,19.93,6.81
8/4/2022,14:08:06,19.93,6.75
8/4/2022,14:08:07,19.92,6.68
8/4/2022,14:08:08,19.91,6.54
8/4/2022,14:08:09,19.9,6.64
8/4/2022,14:08:10,19.9,6.52
8/4/2022,14:08:11,19.91,6.44
8/4/2022,14:08:12,19.92,6.32
8/4/2022,14:08:13,19.92,6.27
8/4/2022,14:08:14,19.93,6.17
8/4/2022,14:08:15,19.94,6.09
8/4/2022,14:08:16,19.96,6.01
8/4/2022,14:08:17,19.97,5.88
8/4/2022,14:08:18,19.99,5.83
8/4/2022,14:08:19,20.01,5.73
8/4/2022,14:08:20,20.02,5.6
8/4/2022,14:08:21,20.03,5.48
8/4/2022,14:08:22,20.05,5.38
8/4/2022,14:08:23,20.06,5.22
8/4/2022,14:08:24,20.07,4.99
8/4/2022,14:08:25,20.09,4.93
8/4/2022,14:08:26,20.11,4.77
8/4/2022,14:08:27,20.13,4.66
8/4/2022,14:08:28,20.14,4.58
8/4/2022,14:08:29,20.15,4.56
8/4/2022,14:08:30,20.17,4.49
8/4/2022,14:08:31,20.18,4.4
8/4/2022,14:08:32,20.19,4.37
8/4/2022,14:08:33,20.2,4.34
8/4/2022,14:08:34,20.21,4.31
8/4/2022,14:08:35,20.22,4.31
8/4/2022,14:08:36,20.22,4.31
8/4/2022,14:08:37,20.23,4.28
8/4/2022,14:08:38,20.23,4.29
8/4/2022,14:08:39,20.24,4.26
8/4/2022,14:08:40,20.24,4.22
8/4/2022,14:08:41,20.25,4.25
8/4/2022,14:08:42,20.25,4.2
8/4/2022,14:08:43,20.26,4.11
8/4/2022,14:08:44,20.26,4.1
8/4/2022,14:08:45,20.27,4.09
8/4/2022,14:08:46,20.27,4.07
8/4/2022,14:08:47,20.27,4
8/4/2022,14:08:48,20.28,3.98
8/4/2022,14:08:49,20.28,3.97
8/4/2022,14:08:50,20.28,3.89
8/4/2022,14:08:51,20.28,3.87
8/4/2022,14:08:52,20.29,3.88
8/4/2022,14:08:53,20.29,3.85
8/4/2022,14:08:54,20.29,3.87
8/4/2022,14:08:55,20.29,3.85
8/4/2022,14:08:56,20.29,3.85
8/4/2022,14:08:57,20.29,3.81
8/4/2022,14:08:58,20.3,3.78
8/4/2022,14:08:59,20.3,3.77
8/4/2022,14:09:00,20.3,3.76
8/4/2022,14:09:01,20.3,3.76
8/4/2022,14:09:02,20.3,3.81
8/4/2022,14:09:03,20.3,3.79
8/4/2022,14:09:04,20.3,3.8
8/4/2022,14:09:05,20.3,3.84
8/4/2022,14:09:06,20.3,3.82
8/4/2022,14:09:07,20.3,3.77
8/4/2022,14:09:08,20.3,3.76
8/4/2022,14:09:09,20.3,3.83
8/4/2022,14:09:10,20.3,3.82
8/4/2022,14:09:11,20.29,3.93
8/4/2022,14:09:12,20.27,4.06
8/4/2022,14:09:13,20.26,4.24
8/4/2022,14:09:14,20.24,4.4
8/4/2022,14:09:15,20.23,4.58
8/4/2022,14:09:16,20.21,4.79
8/4/2022,14:09:17,20.19,4.86
8/4/2022,14:09:18,20.18,5.06
8/4/2022,14:09:19,20.17,5.12
8/4/2022,14:09:20,20.16,5.24
8/4/2022,14:09:21,20.15,5.39
8/4/2022,14:09:22,20.13,5.55
8/4/2022,14:09:23,20.13,5.61
8/4/2022,14:09:24,20.12,5.62
8/4/2022,14:09:25,20.12,5.61
8/4/2022,14:09:26,20.11,5.53
8/4/2022,14:09:27,20.11,5.4
8/4/2022,14:09:28,20.1,5.31
8/4/2022,14:09:29,20.1,5.19
8/4/2022,14:09:30,20.1,5.05
8/4/2022,14:09:31,20.12,4.9
8/4/2022,14:09:32,20.13,4.79
8/4/2022,14:09:33,20.14,4.64
8/4/2022,14:09:34,20.16,4.64
8/4/2022,14:09:35,20.17,4.51
8/4/2022,14:09:36,20.18,4.47
8/4/2022,14:09:37,20.19,4.32
8/4/2022,14:09:38,20.21,4.27
8/4/2022,14:09:39,20.22,4.3
8/4/2022,14:09:40,20.23,4.24
8/4/2022,14:09:41,20.23,4.21
8/4/2022,14:09:42,20.24,4.2
8/4/2022,14:09:43,20.25,4.13
8/4/2022,14:09:44,20.25,4.1
8/4/2022,14:09:45,20.26,4.06
8/4/2022,14:09:46,20.27,4.02
8/4/2022,14:09:47,20.27,4
8/4/2022,14:09:48,20.27,3.98
8/4/2022,14:09:49,20.27,3.9
8/4/2022,14:09:50,20.27,3.89
8/4/2022,14:09:51,20.27,3.93
8/4/2022,14:09:52,20.27,3.92
8/4/2022,14:09:53,20.26,4.03
8/4/2022,14:09:54,20.25,4.04
8/4/2022,14:09:55,20.25,4.09
8/4/2022,14:09:56,20.25,4.09
8/4/2022,14:09:57,20.24,4.14
8/4/2022,14:09:58,20.23,4.22
8/4/2022,14:09:59,20.22,4.37
8/4/2022,14:10:00,20.21,4.57
8/4/2022,14:10:01,20.2,4.64
8/4/2022,14:10:02,20.2,4.66
8/4/2022,14:10:03,20.19,4.72
8/4/2022,14:10:04,20.18,4.72
8/4/2022,14:10:05,20.17,4.72
8/4/2022,14:10:06,20.16,4.72
8/4/2022,14:10:07,20.16,4.75
8/4/2022,14:10:08,20.15,4.67
8/4/2022,14:10:09,20.15,4.7
8/4/2022,14:10:10,20.14,4.69
8/4/2022,14:10:11,20.14,4.68
8/4/2022,14:10:12,20.14,4.68
8/4/2022,14:10:13,20.15,4.62
8/4/2022,14:10:14,20.15,4.47
8/4/2022,14:10:15,20.15,4.38
8/4/2022,14:10:16,20.15,4.33
8/4/2022,14:10:17,20.15,4.29
8/4/2022,14:10:18,20.16,4.28
8/4/2022,14:10:19,20.16,4.29
8/4/2022,14:10:20,20.17,4.3
8/4/2022,14:10:21,20.17,4.24
8/4/2022,14:10:22,20.17,4.21
8/4/2022,14:10:23,20.18,4.26
8/4/2022,14:10:24,20.18,4.3
8/4/2022,14:10:25,20.18,4.32
8/4/2022,14:10:26,20.18,4.78
8/4/2022,14:10:27,20.18,4.86
8/4/2022,14:10:28,20.18,4.88
8/4/2022,14:10:29,20.18,4.98
8/4/2022,14:10:30,20.16,5.51
8/4/2022,14:10:31,20.07,6.31
8/4/2022,14:10:32,-0.46,6.21
8/4/2022,14:10:33,-0.54,6.04
8/4/2022,14:10:34,-0.32,5.88
8/4/2022,14:10:35,-0.35,5.73
8/4/2022,14:10:36,-0.35,5.58
8/4/2022,14:10:37,-0.35,5.43
8/4/2022,14:10:38,-0.36,5.12
8/4/2022,14:10:39,-0.37,4.93
8/4/2022,14:10:40,-0.36,4.7
8/4/2022,14:10:41,-0.36,3.92
8/4/2022,14:10:42,-0.35,3.7
8/4/2022,14:10:43,-0.36,3.5
8/4/2022,14:10:44,-0.36,3.03
8/4/2022,14:10:45,-0.36,2.38
8/4/2022,14:10:46,-0.36,2.07
8/4/2022,14:10:47,-0.36,2.05
8/4/2022,14:10:48,-0.36,2.06
8/4/2022,14:10:49,-0.36,2.05
8/4/2022,14:10:50,-0.36,2.04
8/4/2022,14:10:51,-0.36,2.02
8/4/2022,14:10:52,-0.36,2.01
8/4/2022,14:10:53,-0.36,2.02
8/4/2022,14:10:54,-0.36,2.05
8/4/2022,14:10:55,-0.36,2.05
8/4/2022,14:10:56,-0.37,2.06
8/4/2022,14:10:57,-0.37,2.08
8/4/2022,14:10:58,-0.36,2.06
8/4/2022,14:10:59,-0.36,2.05
8/4/2022,14:11:00,-0.36,2.05
8/4/2022,14:11:01,-0.36,2.06
8/4/2022,14:11:02,-0.37,2.06
8/4/2022,14:11:03,-0.36,2.04
8/4/2022,14:11:04,-0.36,2.07
8/4/2022,14:11:05,-0.36,2.07
8/4/2022,14:11:06,-0.36,2.07
8/4/2022,14:11:07,-0.36,2.08
8/4/2022,14:11:08,-0.36,2.07
8/4/2022,14:11:09,-0.35,2.06
8/4/2022,14:11:10,-0.36,2.07
8/4/2022,14:11:11,-0.36,2.05
8/4/2022,14:11:12,-0.36,2.06
8/4/2022,14:11:13,-0.36,2.06
8/4/2022,14:11:14,-0.36,2.06
8/4/2022,14:11:15,-0.36,2.05
8/4/2022,14:11:16,-0.36,2.06
8/4/2022,14:11:17,-0.36,2.05
8/4/2022,14:11:18,-0.36,2.05
8/4/2022,14:11:19,-0.37,2.05
8/4/2022,14:11:20,-0.37,2.05
8/4/2022,14:11:21,-0.37,2.05
8/4/2022,14:11:22,-0.37,2.03
8/4/2022,14:11:23,-0.37,2.02
8/4/2022,14:11:24,-0.37,2.03
8/4/2022,14:11:25,-0.38,2.04
8/4/2022,14:11:26,-0.38,2.05
8/4/2022,14:11:27,-0.38,2.05
8/4/2022,14:11:28,-0.38,2.04
8/4/2022,14:11:29,-0.38,2.01
8/4/2022,14:11:30,-0.37,2.02
8/4/2022,14:11:31,-0.38,1.99
8/4/2022,14:11:32,-0.38,1.99
8/4/2022,14:11:33,-0.38,1.98
8/4/2022,14:11:34,-0.38,1.98
8/4/2022,14:11:35,-0.38,1.98
8/4/2022,14:11:36,-0.38,1.99
8/4/2022,14:11:37,-0.38,2.01
8/4/2022,14:11:38,-0.38,2
8/4/2022,14:11:39,-0.39,2.02
8/4/2022,14:11:40,-0.38,2.01
8/4/2022,14:11:41,-0.39,2.02
8/4/2022,14:11:42,-0.38,2.01
8/4/2022,14:11:43,-0.38,2.02
8/4/2022,14:11:44,-0.38,2.02
8/4/2022,14:11:45,-0.38,2.02
8/4/2022,14:11:46,-0.39,2.03
8/4/2022,14:11:47,-0.39,2
8/4/2022,14:11:48,-0.39,2
8/4/2022,14:11:49,-0.39,1.99
8/4/2022,14:11:50,-0.39,1.97
8/4/2022,14:11:51,-0.39,1.94
8/4/2022,14:11:52,-0.39,1.91
8/4/2022,14:11:53,-0.39,1.9
8/4/2022,14:11:54,-0.39,1.9
8/4/2022,14:11:55,-0.39,1.88
8/4/2022,14:11:56,-0.39,1.87
8/4/2022,14:11:57,-0.39,1.89
8/4/2022,14:11:58,-0.39,1.89
8/4/2022,14:11:59,-0.38,1.9
8/4/2022,14:12:00,-0.38,1.88
8/4/2022,14:12:01,-0.38,1.92
8/4/2022,14:12:02,-0.38,1.95
8/4/2022,14:12:03,-0.38,1.95
8/4/2022,14:12:04,-0.38,1.99
8/4/2022,14:12:05,-0.38,2.02
8/4/2022,14:12:06,-0.38,2.06
8/4/2022,14:12:07,-0.37,2.07
8/4/2022,14:12:08,-0.37,2.08
8/4/2022,14:12:09,-0.37,2.07
8/4/2022,14:12:10,-0.37,2.07
8/4/2022,14:12:11,-0.38,2.08
8/4/2022,14:12:12,-0.38,2.07
8/4/2022,14:12:13,-0.38,2.07
8/4/2022,14:12:14,-0.38,2.07
8/4/2022,14:12:15,-0.38,2.08
8/4/2022,14:12:16,-0.38,2.06
8/4/2022,14:12:17,-0.38,2.04
8/4/2022,14:12:18,-0.38,2.02
8/4/2022,14:12:19,-0.38,2
8/4/2022,14:12:20,-0.38,1.97
8/4/2022,14:12:21,-0.38,1.95
8/4/2022,14:12:22,-0.38,1.94
8/4/2022,14:12:23,-0.39,1.96
8/4/2022,14:12:24,-0.38,1.98
8/4/2022,14:12:25,-0.39,1.97
8/4/2022,14:12:26,-0.39,1.95
8/4/2022,14:12:27,-0.39,1.94
8/4/2022,14:12:28,-0.39,1.93
8/4/2022,14:12:29,-0.39,1.92
8/4/2022,14:12:30,-0.39,1.95
8/4/2022,14:12:31,-0.39,1.95
8/4/2022,14:12:32,-0.39,1.95
8/4/2022,14:12:33,-0.39,1.96
8/4/2022,14:12:34,-0.38,1.97
8/4/2022,14:12:35,-0.38,1.99
8/4/2022,14:12:36,-0.38,1.98
8/4/2022,14:12:37,-0.38,1.99
8/4/2022,14:12:38,-0.38,1.97
8/4/2022,14:12:39,-0.38,1.98
8/4/2022,14:12:40,-0.38,2
8/4/2022,14:12:41,-0.38,2.02
8/4/2022,14:12:42,-0.38,2.04
8/4/2022,14:12:43,-0.38,2.03
8/4/2022,14:12:44,-0.38,2.04
8/4/2022,14:12:45,-0.37,2.04
8/4/2022,14:12:46,-0.37,2.06
8/4/2022,14:12:47,-0.37,2.09
8/4/2022,14:12:48,-0.37,2.08
8/4/2022,14:12:49,-0.37,2.1
8/4/2022,14:12:50,-0.37,2.1
8/4/2022,14:12:51,-0.37,2.11
8/4/2022,14:12:52,-0.37,2.13
8/4/2022,14:12:53,-0.37,2.12
8/4/2022,14:12:54,-0.37,2.11
8/4/2022,14:12:55,-0.37,2.1
8/4/2022,14:12:56,-0.37,2.1
8/4/2022,14:12:57,-0.37,2.1
8/4/2022,14:12:58,-0.37,2.08
8/4/2022,14:12:59,-0.37,2.07
8/4/2022,14:13:00,-0.37,2.06
8/4/2022,14:13:01,-0.37,2.06
8/4/2022,14:13:02,-0.37,2.04
8/4/2022,14:13:03,-0.36,2.03
8/4/2022,14:13:04,-0.37,2.01
8/4/2022,14:13:05,-0.37,2.02
8/4/2022,14:13:06,-0.37,2.01
8/4/2022,14:13:07,-0.37,2
8/4/2022,14:13:08,-0.37,2
8/4/2022,14:13:09,-0.36,2.01
8/4/2022,14:13:10,-0.37,2
8/4/2022,14:13:11,-0.37,2
8/4/2022,14:13:12,-0.37,2
8/4/2022,14:13:13,-0.37,2
8/4/2022,14:13:14,-0.37,2.01
8/4/2022,14:13:15,-0.37,2
8/4/2022,14:13:16,-0.38,2
8/4/2022,14:13:17,-0.38,1.99
8/4/2022,14:13:18,-0.38,1.98
8/4/2022,14:13:19,-0.38,1.97
8/4/2022,14:13:20,-0.38,1.97
8/4/2022,14:13:21,-0.38,1.97
8/4/2022,14:13:22,-0.38,1.97
8/4/2022,14:13:23,-0.38,1.95
8/4/2022,14:13:24,-0.38,1.95
8/4/2022,14:13:25,-0.38,1.94
8/4/2022,14:13:26,-0.38,1.94
8/4/2022,14:13:27,-0.38,1.94
8/4/2022,14:13:28,-0.38,1.94
8/4/2022,14:13:29,-0.38,1.93
8/4/2022,14:13:30,-0.38,1.93
8/4/2022,14:13:31,-0.38,1.91
8/4/2022,14:13:32,-0.38,1.91
8/4/2022,14:13:33,-0.38,1.92
8/4/2022,14:13:34,-0.38,1.96
8/4/2022,14:13:35,-0.38,1.98
8/4/2022,14:13:36,-0.38,1.97
8/4/2022,14:13:37,-0.38,1.96
8/4/2022,14:13:38,-0.38,1.98
8/4/2022,14:13:39,-0.38,1.96
8/4/2022,14:13:40,-0.38,1.97
8/4/2022,14:13:41,-0.38,1.97
8/4/2022,14:13:42,-0.38,1.96
8/4/2022,14:13:43,-0.38,1.98
8/4/2022,14:13:44,-0.38,1.98
8/4/2022,14:13:45,-0.38,1.99
8/4/2022,14:13:46,-0.38,2.01
8/4/2022,14:13:47,-0.38,2
8/4/2022,14:13:48,-0.38,2
8/4/2022,14:13:49,-0.38,1.99
8/4/2022,14:13:50,-0.38,1.98
8/4/2022,14:13:51,-0.38,1.97
8/4/2022,14:13:52,-0.38,1.98
8/4/2022,14:13:53,-0.38,1.98
8/4/2022,14:13:54,-0.38,1.98
8/4/2022,14:13:55,-0.37,2
8/4/2022,14:13:56,-0.37,2
8/4/2022,14:13:57,-0.37,2.02
8/4/2022,14:13:58,-0.37,2.03
8/4/2022,14:13:59,-0.37,2.04
8/4/2022,14:14:00,-0.37,2.05
8/4/2022,14:14:01,-0.37,2.06
8/4/2022,14:14:02,-0.37,2.08
8/4/2022,14:14:03,-0.37,2.09
8/4/2022,14:14:04,-0.37,2.09
8/4/2022,14:14:05,-0.37,2.12
8/4/2022,14:14:06,-0.37,2.12
8/4/2022,14:14:07,-0.37,2.11
8/4/2022,14:14:08,-0.37,2.11
8/4/2022,14:14:09,-0.37,2.12
8/4/2022,14:14:10,-0.38,2.11
8/4/2022,14:14:11,-0.38,2.11
8/4/2022,14:14:12,-0.38,2.11
8/4/2022,14:14:13,-0.38,2.09
8/4/2022,14:14:14,-0.38,2.09
8/4/2022,14:14:15,-0.38,2.07
8/4/2022,14:14:16,-0.38,2.07
8/4/2022,14:14:17,-0.38,2.07
8/4/2022,14:14:18,-0.39,2.06
8/4/2022,14:14:19,-0.39,2.05
8/4/2022,14:14:20,-0.39,2.03
8/4/2022,14:14:21,-0.38,2.03
8/4/2022,14:14:22,-0.39,2.03
8/4/2022,14:14:23,-0.39,2.03
8/4/2022,14:14:24,-0.39,2
8/4/2022,14:14:25,-0.39,1.99
8/4/2022,14:14:26,-0.39,1.97
8/4/2022,14:14:27,-0.39,1.97
8/4/2022,14:14:28,-0.39,1.99
8/4/2022,14:14:29,-0.4,1.99
8/4/2022,14:14:30,-0.4,1.99
8/4/2022,14:14:31,-0.4,1.99
8/4/2022,14:14:32,-0.4,1.97
8/4/2022,14:14:33,-0.4,1.97
8/4/2022,14:14:34,-0.39,1.97
8/4/2022,14:14:35,-0.4,1.99
8/4/2022,14:14:36,-0.4,2.02
8/4/2022,14:14:37,-0.39,2
8/4/2022,14:14:38,-0.39,2.02
8/4/2022,14:14:39,-0.39,2.04
8/4/2022,14:14:40,-0.39,2.07
8/4/2022,14:14:41,-0.4,2.09
8/4/2022,14:14:42,-0.4,2.1
8/4/2022,14:14:43,-0.4,2.11
8/4/2022,14:14:44,-0.4,2.12
8/4/2022,14:14:45,-0.4,2.13
8/4/2022,14:14:46,-0.4,2.13
8/4/2022,14:14:47,-0.4,2.14
8/4/2022,14:14:48,-0.4,2.14
8/4/2022,14:14:49,-0.4,2.14
8/4/2022,14:14:50,-0.39,2.14
8/4/2022,14:14:51,-0.39,2.14
8/4/2022,14:14:52,-0.39,2.16
8/4/2022,14:14:53,-0.39,2.18
8/4/2022,14:14:54,-0.39,2.19
8/4/2022,14:14:55,-0.39,2.19
8/4/2022,14:14:56,-0.39,2.19
8/4/2022,14:14:57,-0.39,2.19
8/4/2022,14:14:58,-0.39,2.19
8/4/2022,14:14:59,-0.39,2.19
8/4/2022,14:15:00,-0.4,2.19
8/4/2022,14:15:01,-0.4,2.2
8/4/2022,14:15:02,-0.39,2.18
8/4/2022,14:15:03,-0.39,2.19
8/4/2022,14:15:04,-0.39,2.19
8/4/2022,14:15:05,-0.39,2.19
8/4/2022,14:15:06,-0.4,2.19
8/4/2022,14:15:07,-0.39,2.21
8/4/2022,14:15:08,-0.4,2.18
8/4/2022,14:15:09,-0.4,2.16
8/4/2022,14:15:10,-0.4,2.15
8/4/2022,14:15:11,-0.4,2.16
8/4/2022,14:15:12,-0.4,2.15
8/4/2022,14:15:13,-0.4,2.14
8/4/2022,14:15:14,-0.4,2.15
8/4/2022,14:15:15,-0.4,2.16
8/4/2022,14:15:16,-0.4,2.16
8/4/2022,14:15:17,-0.41,2.16
8/4/2022,14:15:18,-0.41,2.16
8/4/2022,14:15:19,-0.4,2.18
8/4/2022,14:15:20,-0.4,2.17
8/4/2022,14:15:21,-0.4,2.16
8/4/2022,14:15:22,-0.4,2.16
8/4/2022,14:15:23,-0.4,2.15
8/4/2022,14:15:24,-0.4,2.15
8/4/2022,14:15:25,-0.4,2.14
8/4/2022,14:15:26,-0.39,2.14
8/4/2022,14:15:27,-0.39,2.14
8/4/2022,14:15:28,-0.39,2.17
8/4/2022,14:15:29,-0.4,2.17
8/4/2022,14:15:30,-0.4,2.13
8/4/2022,14:15:31,-0.4,2.11
8/4/2022,14:15:32,-0.39,2.11
8/4/2022,14:15:33,-0.4,2.09
8/4/2022,14:15:34,-0.4,2.07
8/4/2022,14:15:35,-0.4,2.09
8/4/2022,14:15:36,-0.4,2.1
8/4/2022,14:15:37,-0.4,2.1
8/4/2022,14:15:38,-0.4,2.1
8/4/2022,14:15:39,-0.4,2.12
8/4/2022,14:15:40,-0.4,2.14
8/4/2022,14:15:41,-0.4,2.14
8/4/2022,14:15:42,-0.4,2.15
8/4/2022,14:15:43,-0.4,2.15
8/4/2022,14:15:44,-0.41,2.17
8/4/2022,14:15:45,-0.41,2.19
8/4/2022,14:15:46,-0.41,2.22
8/4/2022,14:15:47,-0.41,2.24
8/4/2022,14:15:48,-0.41,2.26
8/4/2022,14:15:49,-0.41,2.25
8/4/2022,14:15:50,-0.41,2.25
8/4/2022,14:15:51,-0.42,2.25
8/4/2022,14:15:52,-0.42,2.24
8/4/2022,14:15:53,-0.41,2.25
8/4/2022,14:15:54,-0.41,2.24
8/4/2022,14:15:55,-0.41,2.23
8/4/2022,14:15:56,-0.41,2.23
8/4/2022,14:15:57,-0.41,2.21
8/4/2022,14:15:58,-0.41,2.21
8/4/2022,14:15:59,-0.41,2.2
8/4/2022,14:16:00,-0.42,2.19
8/4/2022,14:16:01,-0.42,2.17
8/4/2022,14:16:02,-0.42,2.17
8/4/2022,14:16:03,-0.42,2.17
8/4/2022,14:16:04,-0.41,2.16
8/4/2022,14:16:05,-0.42,2.16
8/4/2022,14:16:06,-0.41,2.15
8/4/2022,14:16:07,-0.41,2.14
8/4/2022,14:16:08,-0.41,2.15
8/4/2022,14:16:09,-0.41,2.15
8/4/2022,14:16:10,-0.41,2.15
8/4/2022,14:16:11,-0.41,2.14
8/4/2022,14:16:12,-0.41,2.13
8/4/2022,14:16:13,-0.41,2.13
8/4/2022,14:16:14,-0.41,2.16
8/4/2022,14:16:15,-0.41,2.15
8/4/2022,14:16:16,-0.42,2.16
8/4/2022,14:16:17,-0.42,2.15
8/4/2022,14:16:18,-0.42,2.14
8/4/2022,14:16:19,-0.41,2.13
8/4/2022,14:16:20,-0.41,2.14
8/4/2022,14:16:21,-0.42,2.16
8/4/2022,14:16:22,-0.42,2.16
8/4/2022,14:16:23,-0.42,2.14
8/4/2022,14:16:24,-0.42,2.16
8/4/2022,14:16:25,-0.42,2.18
8/4/2022,14:16:26,-0.41,2.19
8/4/2022,14:16:27,-0.41,2.21
8/4/2022,14:16:28,-0.42,2.2
8/4/2022,14:16:29,-0.42,2.2
8/4/2022,14:16:30,-0.42,2.21
8/4/2022,14:16:31,-0.41,2.22
8/4/2022,14:16:32,-0.41,2.22
8/4/2022,14:16:33,-0.41,2.23
8/4/2022,14:16:34,-0.41,2.25
8/4/2022,14:16:35,-0.41,2.25
8/4/2022,14:16:36,-0.4,2.25
8/4/2022,14:16:37,-0.4,2.25
8/4/2022,14:16:38,-0.4,2.25
8/4/2022,14:16:39,-0.4,2.24
8/4/2022,14:16:40,-0.4,2.21
8/4/2022,14:16:41,-0.4,2.2
8/4/2022,14:16:42,-0.39,2.2
8/4/2022,14:16:43,-0.39,2.18
8/4/2022,14:16:44,-0.39,2.18
8/4/2022,14:16:45,-0.39,2.18
