storm_name,HI,tau_mid,c_rise,c_fall,rise,fall,tau_col,constituent_col,k,t_rise_mid,t_fall_mid,rise_bracket,fall_bracket,peak_label,storm,constituent
down_event1,0.17836636767565828,0.5,0.7598148909111371,0.624289468713441,"                     shear_stress  Turbidity FNU
DateTime                                        
2023-04-17 21:33:00           1.0       0.759815","                     shear_stress  Turbidity FNU
DateTime                                        
2023-04-17 21:33:00      1.000000       0.759815
2023-04-17 21:48:00      0.864161       0.803218
2023-04-17 22:03:00      0.906580       1.000000
2023-04-17 22:18:00      0.891993       0.879710
2023-04-17 22:33:00      0.821643       0.964138
2023-04-17 22:48:00      0.885939       0.924528
2023-04-17 23:03:00      0.879985       0.869104
2023-04-17 23:18:00      0.822109       0.667802
2023-04-17 23:33:00      0.766056       0.744894
2023-04-17 23:48:00      0.742594       0.667098
2023-04-18 00:03:00      0.685966       0.696577
2023-04-18 00:18:00      0.630835       0.703831
2023-04-18 00:33:00      0.685021       0.656681
2023-04-18 00:48:00      0.449541       0.615456
2023-04-18 01:03:00      0.511413       0.527740
2023-04-18 01:18:00      0.491893       0.593514
2023-04-18 01:33:00      0.384033       0.557922
2023-04-18 01:48:00      0.427497       0.595671
2023-04-18 02:03:00      0.365885       0.518038
2023-04-18 02:18:00      0.477855       0.559091
2023-04-18 02:33:00      0.465642       0.422471
2023-04-18 02:48:00      0.406345       0.396084
2023-04-18 03:03:00      0.524309       0.388671
2023-04-18 03:18:00      0.572125       0.421215
2023-04-18 03:33:00      0.641919       0.363046
2023-04-18 03:48:00      0.554728       0.290789
2023-04-18 04:03:00      0.538515       0.373047
2023-04-18 04:18:00      0.423114       0.510051
2023-04-18 04:33:00      0.513296       0.452114
2023-04-18 04:48:00      0.622212       0.473299
2023-04-18 05:03:00      0.525753       0.563268
2023-04-18 05:18:00      0.531377       0.441989
2023-04-18 05:33:00      0.527043       0.216495
2023-04-18 05:48:00      0.543403       0.187419
2023-04-18 06:03:00      0.560803       0.203434
2023-04-18 06:18:00      0.651591       0.181843
2023-04-18 06:33:00      0.711388       0.225091
2023-04-18 06:48:00      0.733482       0.280306
2023-04-18 07:03:00      0.648302       0.324458
2023-04-18 07:18:00      0.573460       0.341619
2023-04-18 07:33:00      0.605905       0.385119
2023-04-18 07:48:00      0.567116       0.359870
2023-04-18 08:03:00      0.485738       0.260320
2023-04-18 08:18:00      0.487187       0.194136
2023-04-18 08:33:00      0.253118       0.079829
2023-04-18 08:48:00      0.316444       0.000000
2023-04-18 09:03:00      0.446097       0.057683
2023-04-18 09:18:00      0.364675       0.077089
2023-04-18 09:33:00      0.256214       0.136093
2023-04-18 09:48:00      0.258909       0.259646
2023-04-18 10:03:00      0.097702       0.260418
2023-04-18 10:18:00      0.000000       0.323796
2023-04-18 10:33:00      0.101934       0.466997
2023-04-18 10:48:00      0.089184       0.411567",shear_stress,Turbidity FNU,0.5,2023-04-17 21:33:00.000000000,2023-04-18 00:44:47.146706944,,"{'t0': Timestamp('2023-04-18 00:33:00'), 't1': Timestamp('2023-04-18 00:48:00'), 'tau0': np.float64(0.685020563524708), 'tau1': np.float64(0.44954112826215326), 'c0': np.float64(0.6566811372726115), 'c1': np.float64(0.6154556017267576), 'extrapolated': False}",2023-04-17 21:33:00,down_event1,Turbidity FNU
down_event1,0.22825064648054016,0.5,0.9120451734064017,0.7038702729569342,"                     shear_stress  fDOM RFU
DateTime                                   
2023-04-17 21:33:00           1.0  0.912045","                     shear_stress  fDOM RFU
DateTime                                   
2023-04-17 21:33:00      1.000000  0.912045
2023-04-17 21:48:00      0.864161  0.979285
2023-04-17 22:03:00      0.906580  1.000000
2023-04-17 22:18:00      0.891993  0.990712
2023-04-17 22:33:00      0.821643  0.983055
2023-04-17 22:48:00      0.885939  0.935503
2023-04-17 23:03:00      0.879985  0.837261
2023-04-17 23:18:00      0.822109  0.803527
2023-04-17 23:33:00      0.766056  0.764337
2023-04-17 23:48:00      0.742594  0.731909
2023-04-18 00:03:00      0.685966  0.714478
2023-04-18 00:18:00      0.630835  0.756198
2023-04-18 00:33:00      0.685021  0.727113
2023-04-18 00:48:00      0.449541  0.697532
2023-04-18 01:03:00      0.511413  0.665713
2023-04-18 01:18:00      0.491893  0.579125
2023-04-18 01:33:00      0.384033  0.553697
2023-04-18 01:48:00      0.427497  0.537835
2023-04-18 02:03:00      0.365885  0.524522
2023-04-18 02:18:00      0.477855  0.508997
2023-04-18 02:33:00      0.465642  0.552467
2023-04-18 02:48:00      0.406345  0.541995
2023-04-18 03:03:00      0.524309  0.524687
2023-04-18 03:18:00      0.572125  0.509297
2023-04-18 03:33:00      0.641919  0.497280
2023-04-18 03:48:00      0.554728  0.483182
2023-04-18 04:03:00      0.538515  0.469474
2023-04-18 04:18:00      0.423114  0.461647
2023-04-18 04:33:00      0.513296  0.448403
2023-04-18 04:48:00      0.622212  0.431062
2023-04-18 05:03:00      0.525753  0.418694
2023-04-18 05:18:00      0.531377  0.395246
2023-04-18 05:33:00      0.527043  0.356701
2023-04-18 05:48:00      0.543403  0.348241
2023-04-18 06:03:00      0.560803  0.336822
2023-04-18 06:18:00      0.651591  0.330664
2023-04-18 06:33:00      0.711388  0.334301
2023-04-18 06:48:00      0.733482  0.362461
2023-04-18 07:03:00      0.648302  0.330808
2023-04-18 07:18:00      0.573460  0.329647
2023-04-18 07:33:00      0.605905  0.321553
2023-04-18 07:48:00      0.567116  0.316173
2023-04-18 08:03:00      0.485738  0.300807
2023-04-18 08:18:00      0.487187  0.316292
2023-04-18 08:33:00      0.253118  0.303200
2023-04-18 08:48:00      0.316444  0.283941
2023-04-18 09:03:00      0.446097  0.262317
2023-04-18 09:18:00      0.364675  0.229074
2023-04-18 09:33:00      0.256214  0.193845
2023-04-18 09:48:00      0.258909  0.167757
2023-04-18 10:03:00      0.097702  0.148593
2023-04-18 10:18:00      0.000000  0.095005
2023-04-18 10:33:00      0.101934  0.000000
2023-04-18 10:48:00      0.089184  0.057350",shear_stress,fDOM RFU,0.5,2023-04-17 21:33:00.000000000,2023-04-18 00:44:47.146706944,,"{'t0': Timestamp('2023-04-18 00:33:00'), 't1': Timestamp('2023-04-18 00:48:00'), 'tau0': np.float64(0.685020563524708), 'tau1': np.float64(0.44954112826215326), 'c0': np.float64(0.7271128119715811), 'c1': np.float64(0.6975315597253782), 'extrapolated': False}",2023-04-17 21:33:00,down_event1,fDOM RFU
down_event2,0.8864110788601404,0.5,0.3724165400134246,0.04230239299476427,"                     shear_stress  Turbidity FNU
DateTime                                        
2023-04-18 11:03:00      0.075452       0.115828
2023-04-18 11:18:00      0.044394       0.166267
2023-04-18 11:33:00      0.000000       0.084020
2023-04-18 11:48:00      0.043746       0.045896
2023-04-18 12:03:00      0.049933       0.040320
2023-04-18 12:18:00      0.117340       0.071371
2023-04-18 12:33:00      0.012635       0.179797
2023-04-18 12:48:00      0.141805       0.317165
2023-04-18 13:03:00      0.087963       0.343305
2023-04-18 13:18:00      0.132018       0.385274
2023-04-18 13:33:00      0.171335       0.359396
2023-04-18 13:48:00      0.219993       0.223298
2023-04-18 14:03:00      0.292264       0.183366
2023-04-18 14:18:00      0.321069       0.237800
2023-04-18 14:33:00      0.462823       0.282330
2023-04-18 14:48:00      0.489492       0.340433
2023-04-18 15:03:00      0.524537       0.447096
2023-04-18 15:18:00      0.726461       0.568466
2023-04-18 15:33:00      0.737103       0.592534
2023-04-18 15:48:00      0.734474       0.658124
2023-04-18 16:03:00      0.807435       0.725664
2023-04-18 16:18:00      0.872540       0.816203
2023-04-18 16:33:00      0.812239       0.828245
2023-04-18 16:48:00      0.871584       0.950921
2023-04-18 17:03:00      0.920118       0.982041
2023-04-18 17:18:00      0.871508       1.000000
2023-04-18 17:33:00      0.902616       0.939027
2023-04-18 17:48:00      0.844355       0.892996
2023-04-18 18:03:00      0.919554       0.803099
2023-04-18 18:18:00      0.898506       0.804474
2023-04-18 18:33:00      0.902400       0.772707
2023-04-18 18:48:00      0.807361       0.778415
2023-04-18 19:03:00      0.819272       0.696612
2023-04-18 19:18:00      0.871999       0.633738
2023-04-18 19:33:00      0.957351       0.548850
2023-04-18 19:48:00      0.894059       0.559401
2023-04-18 20:03:00      1.000000       0.532678","                     shear_stress  Turbidity FNU
DateTime                                        
2023-04-18 20:03:00      1.000000       0.532678
2023-04-18 20:18:00      0.866880       0.547109
2023-04-18 20:33:00      0.927308       0.559318
2023-04-18 20:48:00      0.945714       0.526498
2023-04-18 21:03:00      0.867308       0.416098
2023-04-18 21:18:00      0.793641       0.348619
2023-04-18 21:33:00      0.847224       0.314500
2023-04-18 21:48:00      0.783856       0.291305
2023-04-18 22:03:00      0.746862       0.327540
2023-04-18 22:18:00      0.722709       0.348779
2023-04-18 22:33:00      0.726969       0.321155
2023-04-18 22:48:00      0.692786       0.316552
2023-04-18 23:03:00      0.795429       0.258321
2023-04-18 23:18:00      0.786636       0.220724
2023-04-18 23:33:00      0.740556       0.185795
2023-04-18 23:48:00      0.754015       0.190242
2023-04-19 00:03:00      0.711320       0.202601
2023-04-19 00:18:00      0.772093       0.256966
2023-04-19 00:33:00      0.770057       0.232022
2023-04-19 00:48:00      0.720162       0.209233
2023-04-19 01:03:00      0.644547       0.192088
2023-04-19 01:18:00      0.675802       0.168704
2023-04-19 01:33:00      0.580259       0.103222
2023-04-19 01:48:00      0.621291       0.126680
2023-04-19 02:03:00      0.670707       0.134035
2023-04-19 02:18:00      0.664905       0.172798
2023-04-19 02:33:00      0.657495       0.151571
2023-04-19 02:48:00      0.710051       0.203577
2023-04-19 03:03:00      0.650504       0.266952
2023-04-19 03:18:00      0.652559       0.252943
2023-04-19 03:33:00      0.705552       0.219373
2023-04-19 03:48:00      0.706131       0.261497
2023-04-19 04:03:00      0.637049       0.220485
2023-04-19 04:18:00      0.534789       0.092777
2023-04-19 04:33:00      0.656498       0.120442
2023-04-19 04:48:00      0.690710       0.133781
2023-04-19 05:03:00      0.654054       0.161868
2023-04-19 05:18:00      0.705937       0.170958
2023-04-19 05:33:00      0.673772       0.197115
2023-04-19 05:48:00      0.648742       0.210152
2023-04-19 06:03:00      0.638919       0.154448
2023-04-19 06:18:00      0.608312       0.082958
2023-04-19 06:33:00      0.606788       0.065962
2023-04-19 06:48:00      0.614238       0.058566
2023-04-19 07:03:00      0.625886       0.037855
2023-04-19 07:18:00      0.552767       0.032410
2023-04-19 07:33:00      0.498759       0.042535
2023-04-19 07:48:00      0.494703       0.041232
2023-04-19 08:03:00      0.575172       0.030741
2023-04-19 08:18:00      0.590895       0.000000
2023-04-19 08:33:00      0.493347       0.050032
2023-04-19 08:48:00      0.444059       0.054051
2023-04-19 09:03:00      0.428097       0.073969
2023-04-19 09:18:00      0.444252       0.094614
2023-04-19 09:33:00      0.323890       0.106675
2023-04-19 09:48:00      0.301281       0.078230",shear_stress,Turbidity FNU,0.5,2023-04-18 14:52:29.868550912,2023-04-19 07:32:39.326100480,"{'t0': Timestamp('2023-04-18 14:48:00'), 't1': Timestamp('2023-04-18 15:03:00'), 'tau0': np.float64(0.4894915701120121), 'tau1': np.float64(0.5245367314054382), 'c0': np.float64(0.34043320641082564), 'c1': np.float64(0.44709624715811674), 'extrapolated': False}","{'t0': Timestamp('2023-04-19 07:18:00'), 't1': Timestamp('2023-04-19 07:33:00'), 'tau0': np.float64(0.5527667962782169), 'tau1': np.float64(0.4987593960374373), 'c0': np.float64(0.03241049188590673), 'c1': np.float64(0.04253496219687787), 'extrapolated': False}",2023-04-18 20:03:00,down_event2,Turbidity FNU
down_event2,-0.289590250142141,0.5,0.27439151187201133,0.38624401189160545,"                     shear_stress  fDOM RFU
DateTime                                   
2023-04-18 11:03:00      0.075452  0.116547
2023-04-18 11:18:00      0.044394  0.048970
2023-04-18 11:33:00      0.000000  0.009723
2023-04-18 11:48:00      0.043746  0.045912
2023-04-18 12:03:00      0.049933  0.000000
2023-04-18 12:18:00      0.117340  0.042774
2023-04-18 12:33:00      0.012635  0.096648
2023-04-18 12:48:00      0.141805  0.134633
2023-04-18 13:03:00      0.087963  0.129495
2023-04-18 13:18:00      0.132018  0.139368
2023-04-18 13:33:00      0.171335  0.152216
2023-04-18 13:48:00      0.219993  0.158629
2023-04-18 14:03:00      0.292264  0.192961
2023-04-18 14:18:00      0.321069  0.222830
2023-04-18 14:33:00      0.462823  0.243418
2023-04-18 14:48:00      0.489492  0.265173
2023-04-18 15:03:00      0.524537  0.295917
2023-04-18 15:18:00      0.726461  0.307908
2023-04-18 15:33:00      0.737103  0.325104
2023-04-18 15:48:00      0.734474  0.352548
2023-04-18 16:03:00      0.807435  0.376594
2023-04-18 16:18:00      0.872540  0.399691
2023-04-18 16:33:00      0.812239  0.426705
2023-04-18 16:48:00      0.871584  0.443809
2023-04-18 17:03:00      0.920118  0.488590
2023-04-18 17:18:00      0.871508  0.541859
2023-04-18 17:33:00      0.902616  0.607720
2023-04-18 17:48:00      0.844355  0.675025
2023-04-18 18:03:00      0.919554  0.748949
2023-04-18 18:18:00      0.898506  0.801083
2023-04-18 18:33:00      0.902400  0.849763
2023-04-18 18:48:00      0.807361  0.884206
2023-04-18 19:03:00      0.819272  0.920615
2023-04-18 19:18:00      0.871999  0.947751
2023-04-18 19:33:00      0.957351  0.958812
2023-04-18 19:48:00      0.894059  0.975095
2023-04-18 20:03:00      1.000000  1.000000","                     shear_stress  fDOM RFU
DateTime                                   
2023-04-18 20:03:00      1.000000  1.000000
2023-04-18 20:18:00      0.866880  0.958280
2023-04-18 20:33:00      0.927308  0.970672
2023-04-18 20:48:00      0.945714  0.979850
2023-04-18 21:03:00      0.867308  0.981699
2023-04-18 21:18:00      0.793641  0.965608
2023-04-18 21:33:00      0.847224  0.996619
2023-04-18 21:48:00      0.783856  0.933448
2023-04-18 22:03:00      0.746862  0.912762
2023-04-18 22:18:00      0.722709  0.897647
2023-04-18 22:33:00      0.726969  0.881689
2023-04-18 22:48:00      0.692786  0.873661
2023-04-18 23:03:00      0.795429  0.907577
2023-04-18 23:18:00      0.786636  0.883739
2023-04-18 23:33:00      0.740556  0.863980
2023-04-18 23:48:00      0.754015  0.840983
2023-04-19 00:03:00      0.711320  0.816534
2023-04-19 00:18:00      0.772093  0.796717
2023-04-19 00:33:00      0.770057  0.791255
2023-04-19 00:48:00      0.720162  0.769990
2023-04-19 01:03:00      0.644547  0.745386
2023-04-19 01:18:00      0.675802  0.727903
2023-04-19 01:33:00      0.580259  0.710430
2023-04-19 01:48:00      0.621291  0.691201
2023-04-19 02:03:00      0.670707  0.670587
2023-04-19 02:18:00      0.664905  0.654259
2023-04-19 02:33:00      0.657495  0.632444
2023-04-19 02:48:00      0.710051  0.600636
2023-04-19 03:03:00      0.650504  0.584096
2023-04-19 03:18:00      0.652559  0.554956
2023-04-19 03:33:00      0.705552  0.546262
2023-04-19 03:48:00      0.706131  0.521613
2023-04-19 04:03:00      0.637049  0.507595
2023-04-19 04:18:00      0.534789  0.483220
2023-04-19 04:33:00      0.656498  0.474889
2023-04-19 04:48:00      0.690710  0.451283
2023-04-19 05:03:00      0.654054  0.444034
2023-04-19 05:18:00      0.705937  0.434958
2023-04-19 05:33:00      0.673772  0.428466
2023-04-19 05:48:00      0.648742  0.419400
2023-04-19 06:03:00      0.638919  0.413561
2023-04-19 06:18:00      0.608312  0.409390
2023-04-19 06:33:00      0.606788  0.404928
2023-04-19 06:48:00      0.614238  0.401033
2023-04-19 07:03:00      0.625886  0.398340
2023-04-19 07:18:00      0.552767  0.391434
2023-04-19 07:33:00      0.498759  0.386122
2023-04-19 07:48:00      0.494703  0.382458
2023-04-19 08:03:00      0.575172  0.382057
2023-04-19 08:18:00      0.590895  0.375903
2023-04-19 08:33:00      0.493347  0.372857
2023-04-19 08:48:00      0.444059  0.362904
2023-04-19 09:03:00      0.428097  0.353095
2023-04-19 09:18:00      0.444252  0.334830
2023-04-19 09:33:00      0.323890  0.314291
2023-04-19 09:48:00      0.301281  0.303120",shear_stress,fDOM RFU,0.5,2023-04-18 14:52:29.868550912,2023-04-19 07:32:39.326100480,"{'t0': Timestamp('2023-04-18 14:48:00'), 't1': Timestamp('2023-04-18 15:03:00'), 'tau0': np.float64(0.4894915701120121), 'tau1': np.float64(0.5245367314054382), 'c0': np.float64(0.26517256591551647), 'c1': np.float64(0.2959173538235781), 'extrapolated': False}","{'t0': Timestamp('2023-04-19 07:18:00'), 't1': Timestamp('2023-04-19 07:33:00'), 'tau0': np.float64(0.5527667962782169), 'tau1': np.float64(0.4987593960374373), 'c0': np.float64(0.39143416193371317), 'c1': np.float64(0.38612198589873925), 'extrapolated': False}",2023-04-18 20:03:00,down_event2,fDOM RFU
down_event3,0.9262916374087788,0.5,0.6574362074956155,0.04845854636268417,"                     shear_stress  Turbidity FNU
DateTime                                        
2023-04-19 10:03:00      0.061664       0.314444
2023-04-19 10:18:00      0.024453       0.323927
2023-04-19 10:33:00      0.021590       0.366969
2023-04-19 10:48:00      0.059233       0.453013
2023-04-19 11:03:00      0.117743       0.649181
2023-04-19 11:18:00      0.169506       0.704724
2023-04-19 11:33:00      0.181144       0.818365
2023-04-19 11:48:00      0.258974       0.786335
2023-04-19 12:03:00      0.221720       0.684576
2023-04-19 12:18:00      0.152470       0.470007
2023-04-19 12:33:00      0.224258       0.472553
2023-04-19 12:48:00      0.261174       0.353308
2023-04-19 13:03:00      0.166292       0.347455
2023-04-19 13:18:00      0.242741       0.354166
2023-04-19 13:33:00      0.376952       0.457292
2023-04-19 13:48:00      0.388098       0.551162
2023-04-19 14:03:00      0.516937       0.673522
2023-04-19 14:18:00      0.483836       0.674977
2023-04-19 14:33:00      0.608992       0.752783
2023-04-19 14:48:00      0.611152       0.788949
2023-04-19 15:03:00      0.503099       0.758517
2023-04-19 15:18:00      0.515392       0.724044
2023-04-19 15:33:00      0.600665       0.859013
2023-04-19 15:48:00      0.833895       0.868890
2023-04-19 16:03:00      0.872618       0.785981
2023-04-19 16:18:00      0.878452       0.734699
2023-04-19 16:33:00      0.933402       0.750396
2023-04-19 16:48:00      0.891231       0.611638
2023-04-19 17:03:00      0.758331       0.697739
2023-04-19 17:18:00      0.843777       0.776669
2023-04-19 17:33:00      0.953763       0.815768
2023-04-19 17:48:00      0.910204       0.720934
2023-04-19 18:03:00      0.894957       0.888715
2023-04-19 18:18:00      1.000000       0.921898","                     shear_stress  Turbidity FNU
DateTime                                        
2023-04-19 18:18:00      1.000000       0.921898
2023-04-19 18:33:00      0.991340       1.000000
2023-04-19 18:48:00      0.767390       0.915518
2023-04-19 19:03:00      0.715891       0.965443
2023-04-19 19:18:00      0.751770       0.835928
...                           ...            ...
2023-04-20 09:48:00      0.150703       0.240112
2023-04-20 10:03:00      0.140197       0.171620
2023-04-20 10:18:00      0.000000       0.121009
2023-04-20 10:33:00      0.056446       0.128064
2023-04-20 10:48:00      0.062825       0.250368

[67 rows x 2 columns]",shear_stress,Turbidity FNU,0.5,2023-04-19 14:01:01.686000128,2023-04-20 03:39:26.013146112,"{'t0': Timestamp('2023-04-19 13:48:00'), 't1': Timestamp('2023-04-19 14:03:00'), 'tau0': np.float64(0.38809751211691057), 'tau1': np.float64(0.5169372752457259), 'c0': np.float64(0.5511623915088506), 'c1': np.float64(0.6735215413112347), 'extrapolated': False}","{'t0': Timestamp('2023-04-20 03:33:00'), 't1': Timestamp('2023-04-20 03:48:00'), 'tau0': np.float64(0.5126973527433136), 'tau1': np.float64(0.4830931343832284), 'c0': np.float64(0.08485176497513913), 'c1': np.float64(0.0), 'extrapolated': False}",2023-04-19 18:18:00,down_event3,Turbidity FNU
down_event3,-0.31071591767089435,0.5,0.31991371644804345,0.46412462531710896,"                     shear_stress  fDOM RFU
DateTime                                   
2023-04-19 10:03:00      0.061664  0.385690
2023-04-19 10:18:00      0.024453  0.362341
2023-04-19 10:33:00      0.021590  0.324828
2023-04-19 10:48:00      0.059233  0.333438
2023-04-19 11:03:00      0.117743  0.390965
2023-04-19 11:18:00      0.169506  0.363025
2023-04-19 11:33:00      0.181144  0.396212
2023-04-19 11:48:00      0.258974  0.400553
2023-04-19 12:03:00      0.221720  0.374232
2023-04-19 12:18:00      0.152470  0.288629
2023-04-19 12:33:00      0.224258  0.271025
2023-04-19 12:48:00      0.261174  0.225787
2023-04-19 13:03:00      0.166292  0.231154
2023-04-19 13:18:00      0.242741  0.237330
2023-04-19 13:33:00      0.376952  0.248401
2023-04-19 13:48:00      0.388098  0.283970
2023-04-19 14:03:00      0.516937  0.325354
2023-04-19 14:18:00      0.483836  0.352993
2023-04-19 14:33:00      0.608992  0.386548
2023-04-19 14:48:00      0.611152  0.416119
2023-04-19 15:03:00      0.503099  0.441432
2023-04-19 15:18:00      0.515392  0.448295
2023-04-19 15:33:00      0.600665  0.483269
2023-04-19 15:48:00      0.833895  0.512263
2023-04-19 16:03:00      0.872618  0.543657
2023-04-19 16:18:00      0.878452  0.582286
2023-04-19 16:33:00      0.933402  0.631133
2023-04-19 16:48:00      0.891231  0.645676
2023-04-19 17:03:00      0.758331  0.695776
2023-04-19 17:18:00      0.843777  0.732321
2023-04-19 17:33:00      0.953763  0.797311
2023-04-19 17:48:00      0.910204  0.838459
2023-04-19 18:03:00      0.894957  0.869333
2023-04-19 18:18:00      1.000000  0.866402","                     shear_stress  fDOM RFU
DateTime                                   
2023-04-19 18:18:00      1.000000  0.866402
2023-04-19 18:33:00      0.991340  0.899773
2023-04-19 18:48:00      0.767390  0.906620
2023-04-19 19:03:00      0.715891  0.926679
2023-04-19 19:18:00      0.751770  0.965543
...                           ...       ...
2023-04-20 09:48:00      0.150703  0.197498
2023-04-20 10:03:00      0.140197  0.264009
2023-04-20 10:18:00      0.000000  0.222091
2023-04-20 10:33:00      0.056446  0.187576
2023-04-20 10:48:00      0.062825  0.000000

[67 rows x 2 columns]",shear_stress,fDOM RFU,0.5,2023-04-19 14:01:01.686000128,2023-04-20 03:39:26.013146112,"{'t0': Timestamp('2023-04-19 13:48:00'), 't1': Timestamp('2023-04-19 14:03:00'), 'tau0': np.float64(0.38809751211691057), 'tau1': np.float64(0.5169372752457259), 'c0': np.float64(0.28397029439260657), 'c1': np.float64(0.3253540211634533), 'extrapolated': False}","{'t0': Timestamp('2023-04-20 03:33:00'), 't1': Timestamp('2023-04-20 03:48:00'), 'tau0': np.float64(0.5126973527433136), 'tau1': np.float64(0.4830931343832284), 'c0': np.float64(0.4678149172653663), 'c1': np.float64(0.45921090264336706), 'extrapolated': False}",2023-04-19 18:18:00,down_event3,fDOM RFU
down_event4,0.7235682529503356,0.5,0.39225853663097454,0.1084327125760451,"                     shear_stress  Turbidity FNU
DateTime                                        
2023-04-21 12:03:00      0.082554       0.337962
2023-04-21 12:18:00      0.073836       0.367460
2023-04-21 12:33:00      0.037306       0.321578
2023-04-21 12:48:00      0.000000       0.267471
2023-04-21 13:03:00      0.096752       0.215092
2023-04-21 13:18:00      0.146625       0.177869
2023-04-21 13:33:00      0.184605       0.209302
2023-04-21 13:48:00      0.310355       0.249467
2023-04-21 14:03:00      0.231200       0.260777
2023-04-21 14:18:00      0.303893       0.269699
2023-04-21 14:33:00      0.492334       0.392418
2023-04-21 14:48:00      0.689979       0.388308
2023-04-21 15:03:00      0.632712       0.427319
2023-04-21 15:18:00      0.686336       0.685263
2023-04-21 15:33:00      0.597569       0.715390
2023-04-21 15:48:00      0.702207       0.641866
2023-04-21 16:03:00      0.726082       0.736558
2023-04-21 16:18:00      0.857456       0.684946
2023-04-21 16:33:00      0.664783       0.363820
2023-04-21 16:48:00      0.614481       0.400734
2023-04-21 17:03:00      0.562601       0.339292
2023-04-21 17:18:00      0.725142       0.231642
2023-04-21 17:33:00      0.777312       0.333308
2023-04-21 17:48:00      0.959972       0.746980
2023-04-21 18:03:00      0.832960       0.726491
2023-04-21 18:18:00      0.811832       0.777398
2023-04-21 18:33:00      1.000000       0.982735","                     shear_stress  Turbidity FNU
DateTime                                        
2023-04-21 18:33:00      1.000000       0.982735
2023-04-21 18:48:00      0.965098       1.000000
2023-04-21 19:03:00      0.834572       0.700018
2023-04-21 19:18:00      0.671172       0.685064
2023-04-21 19:33:00      0.540806       0.608387
2023-04-21 19:48:00      0.668531       0.367529
2023-04-21 20:03:00      0.693507       0.412000
2023-04-21 20:18:00      0.826458       0.435686
2023-04-21 20:33:00      0.592037       0.454016
2023-04-21 20:48:00      0.687885       0.560860
2023-04-21 21:03:00      0.762705       0.642226
2023-04-21 21:18:00      0.893765       0.431430
2023-04-21 21:33:00      0.625757       0.293599
2023-04-21 21:48:00      0.574160       0.178357
2023-04-21 22:03:00      0.646806       0.146702
2023-04-21 22:18:00      0.722901       0.068051
2023-04-21 22:33:00      0.760191       0.096327
2023-04-21 22:48:00      0.713909       0.118399
2023-04-21 23:03:00      0.674327       0.183726
2023-04-21 23:18:00      0.480132       0.099852
2023-04-21 23:33:00      0.517141       0.044730
2023-04-21 23:48:00      0.674667       0.148886
2023-04-22 00:03:00      0.525152       0.189503
2023-04-22 00:18:00      0.433465       0.178255
2023-04-22 00:33:00      0.409193       0.170298
2023-04-22 00:48:00      0.468447       0.269983
2023-04-22 01:03:00      0.743879       0.137678
2023-04-22 01:18:00      0.585653       0.184025
2023-04-22 01:33:00      0.633813       0.198752
2023-04-22 01:48:00      0.637767       0.245493
2023-04-22 02:03:00      0.582513       0.224675
2023-04-22 02:18:00      0.424045       0.251475
2023-04-22 02:33:00      0.544644       0.259173
2023-04-22 02:48:00      0.631032       0.213374
2023-04-22 03:03:00      0.570292       0.225993
2023-04-22 03:18:00      0.462870       0.213281
2023-04-22 03:33:00      0.682486       0.193941
2023-04-22 03:48:00      0.784097       0.102102
2023-04-22 04:03:00      0.817694       0.090113
2023-04-22 04:18:00      0.729128       0.038956
2023-04-22 04:33:00      0.523740       0.000000
2023-04-22 04:48:00      0.696339       0.022562
2023-04-22 05:03:00      0.714005       0.092564
2023-04-22 05:18:00      0.476461       0.105892
2023-04-22 05:33:00      0.417168       0.114893
2023-04-22 05:48:00      0.511888       0.133010
2023-04-22 06:03:00      0.596920       0.148578
2023-04-22 06:18:00      0.562531       0.109690
2023-04-22 06:33:00      0.635610       0.103438
2023-04-22 06:48:00      0.635219       0.204992
2023-04-22 07:03:00      0.682614       0.257998
2023-04-22 07:18:00      0.499892       0.225311
2023-04-22 07:33:00      0.584276       0.169819
2023-04-22 07:48:00      0.554392       0.223399
2023-04-22 08:03:00      0.537873       0.112028
2023-04-22 08:18:00      0.403786       0.080342
2023-04-22 08:33:00      0.284854       0.193022
2023-04-22 08:48:00      0.416749       0.275142
2023-04-22 09:03:00      0.317158       0.276655
2023-04-22 09:18:00      0.309479       0.345531",shear_stress,Turbidity FNU,0.5,2023-04-21 14:33:34.907665920,2023-04-21 23:16:27.921709824,"{'t0': Timestamp('2023-04-21 14:33:00'), 't1': Timestamp('2023-04-21 14:48:00'), 'tau0': np.float64(0.4923340834902728), 'tau1': np.float64(0.6899790608178276), 'c0': np.float64(0.3924179396744909), 'c1': np.float64(0.3883081621977188), 'extrapolated': False}","{'t0': Timestamp('2023-04-21 23:03:00'), 't1': Timestamp('2023-04-21 23:18:00'), 'tau0': np.float64(0.6743270657813787), 'tau1': np.float64(0.48013206238496536), 'c0': np.float64(0.18372585804188662), 'c1': np.float64(0.09985160377284459), 'extrapolated': False}",2023-04-21 18:33:00,down_event4,Turbidity FNU
down_event4,-0.7234118651911237,0.5,0.1005376654632784,0.36349232960680095,"                     shear_stress  fDOM RFU
DateTime                                   
2023-04-21 12:03:00      0.082554  0.817683
2023-04-21 12:18:00      0.073836  1.000000
2023-04-21 12:33:00      0.037306  0.728746
2023-04-21 12:48:00      0.000000  0.000000
2023-04-21 13:03:00      0.096752  0.004652
2023-04-21 13:18:00      0.146625  0.049775
2023-04-21 13:33:00      0.184605  0.054764
2023-04-21 13:48:00      0.310355  0.070836
2023-04-21 14:03:00      0.231200  0.100247
2023-04-21 14:18:00      0.303893  0.118349
2023-04-21 14:33:00      0.492334  0.099502
2023-04-21 14:48:00      0.689979  0.126216
2023-04-21 15:03:00      0.632712  0.149989
2023-04-21 15:18:00      0.686336  0.165005
2023-04-21 15:33:00      0.597569  0.188966
2023-04-21 15:48:00      0.702207  0.216868
2023-04-21 16:03:00      0.726082  0.247325
2023-04-21 16:18:00      0.857456  0.276672
2023-04-21 16:33:00      0.664783  0.306041
2023-04-21 16:48:00      0.614481  0.333800
2023-04-21 17:03:00      0.562601  0.364644
2023-04-21 17:18:00      0.725142  0.394630
2023-04-21 17:33:00      0.777312  0.417447
2023-04-21 17:48:00      0.959972  0.444302
2023-04-21 18:03:00      0.832960  0.463126
2023-04-21 18:18:00      0.811832  0.474925
2023-04-21 18:33:00      1.000000  0.474158","                     shear_stress  fDOM RFU
DateTime                                   
2023-04-21 18:33:00      1.000000  0.474158
2023-04-21 18:48:00      0.965098  0.465970
2023-04-21 19:03:00      0.834572  0.461456
2023-04-21 19:18:00      0.671172  0.460360
2023-04-21 19:33:00      0.540806  0.457538
2023-04-21 19:48:00      0.668531  0.459501
2023-04-21 20:03:00      0.693507  0.463006
2023-04-21 20:18:00      0.826458  0.454636
2023-04-21 20:33:00      0.592037  0.447738
2023-04-21 20:48:00      0.687885  0.442397
2023-04-21 21:03:00      0.762705  0.433775
2023-04-21 21:18:00      0.893765  0.433524
2023-04-21 21:33:00      0.625757  0.421421
2023-04-21 21:48:00      0.574160  0.407092
2023-04-21 22:03:00      0.646806  0.392047
2023-04-21 22:18:00      0.722901  0.376934
2023-04-21 22:33:00      0.760191  0.365857
2023-04-21 22:48:00      0.713909  0.372098
2023-04-21 23:03:00      0.674327  0.369569
2023-04-21 23:18:00      0.480132  0.362800
2023-04-21 23:33:00      0.517141  0.348987
2023-04-21 23:48:00      0.674667  0.331194
2023-04-22 00:03:00      0.525152  0.320333
2023-04-22 00:18:00      0.433465  0.316414
2023-04-22 00:33:00      0.409193  0.311140
2023-04-22 00:48:00      0.468447  0.318054
2023-04-22 01:03:00      0.743879  0.316846
2023-04-22 01:18:00      0.585653  0.287352
2023-04-22 01:33:00      0.633813  0.280974
2023-04-22 01:48:00      0.637767  0.279738
2023-04-22 02:03:00      0.582513  0.272127
2023-04-22 02:18:00      0.424045  0.268897
2023-04-22 02:33:00      0.544644  0.287641
2023-04-22 02:48:00      0.631032  0.279730
2023-04-22 03:03:00      0.570292  0.247673
2023-04-22 03:18:00      0.462870  0.243334
2023-04-22 03:33:00      0.682486  0.240889
2023-04-22 03:48:00      0.784097  0.229576
2023-04-22 04:03:00      0.817694  0.220655
2023-04-22 04:18:00      0.729128  0.239489
2023-04-22 04:33:00      0.523740  0.232232
2023-04-22 04:48:00      0.696339  0.227187
2023-04-22 05:03:00      0.714005  0.210919
2023-04-22 05:18:00      0.476461  0.205022
2023-04-22 05:33:00      0.417168  0.199514
2023-04-22 05:48:00      0.511888  0.201416
2023-04-22 06:03:00      0.596920  0.198048
2023-04-22 06:18:00      0.562531  0.213516
2023-04-22 06:33:00      0.635610  0.218077
2023-04-22 06:48:00      0.635219  0.218936
2023-04-22 07:03:00      0.682614  0.203200
2023-04-22 07:18:00      0.499892  0.200748
2023-04-22 07:33:00      0.584276  0.195967
2023-04-22 07:48:00      0.554392  0.191171
2023-04-22 08:03:00      0.537873  0.188385
2023-04-22 08:18:00      0.403786  0.196194
2023-04-22 08:33:00      0.284854  0.187719
2023-04-22 08:48:00      0.416749  0.178246
2023-04-22 09:03:00      0.317158  0.169070
2023-04-22 09:18:00      0.309479  0.152010",shear_stress,fDOM RFU,0.5,2023-04-21 14:33:34.907665920,2023-04-21 23:16:27.921709824,"{'t0': Timestamp('2023-04-21 14:33:00'), 't1': Timestamp('2023-04-21 14:48:00'), 'tau0': np.float64(0.4923340834902728), 'tau1': np.float64(0.6899790608178276), 'c0': np.float64(0.0995015174757967), 'c1': np.float64(0.12621579825500065), 'extrapolated': False}","{'t0': Timestamp('2023-04-21 23:03:00'), 't1': Timestamp('2023-04-21 23:18:00'), 'tau0': np.float64(0.6743270657813787), 'tau1': np.float64(0.48013206238496536), 'c0': np.float64(0.3695688466562417), 'c1': np.float64(0.3627997930734533), 'extrapolated': False}",2023-04-21 18:33:00,down_event4,fDOM RFU
down_event5,0.9294700608039506,0.5,0.44176729544102833,0.031157820486258953,"                     shear_stress  Turbidity FNU
DateTime                                        
2023-04-22 14:03:00      0.042806       0.207734
2023-04-22 14:18:00      0.003035       0.181425
2023-04-22 14:33:00      0.000000       0.135806
2023-04-22 14:48:00      0.003068       0.168006
2023-04-22 15:03:00      0.020936       0.286349
2023-04-22 15:18:00      0.005881       0.517299
2023-04-22 15:33:00      0.086678       0.827811
2023-04-22 15:48:00      0.216556       0.820644
2023-04-22 16:03:00      0.239898       1.000000
2023-04-22 16:18:00      0.147139       0.968877
2023-04-22 16:33:00      0.164868       0.804514
2023-04-22 16:48:00      0.254009       0.556428
2023-04-22 17:03:00      0.494808       0.608562
2023-04-22 17:18:00      0.424483       0.424724
2023-04-22 17:33:00      0.526383       0.447722
2023-04-22 17:48:00      0.624705       0.423594
2023-04-22 18:03:00      0.454681       0.406512
2023-04-22 18:18:00      0.415833       0.442064
2023-04-22 18:33:00      0.530699       0.533966
2023-04-22 18:48:00      0.517109       0.467668
2023-04-22 19:03:00      0.600748       0.414055
2023-04-22 19:18:00      0.532716       0.375230
2023-04-22 19:33:00      0.615342       0.226010
2023-04-22 19:48:00      0.554821       0.159026
2023-04-22 20:03:00      0.479753       0.224635
2023-04-22 20:18:00      0.423511       0.213047
2023-04-22 20:33:00      0.526640       0.234915
2023-04-22 20:48:00      0.793794       0.266587
2023-04-22 21:03:00      0.832421       0.273823
2023-04-22 21:18:00      0.785597       0.202905
2023-04-22 21:33:00      0.744202       0.249633
2023-04-22 21:48:00      0.757844       0.188116
2023-04-22 22:03:00      0.828493       0.194227
2023-04-22 22:18:00      0.743270       0.126161
2023-04-22 22:33:00      0.827535       0.096631
2023-04-22 22:48:00      1.000000       0.041310","                     shear_stress  Turbidity FNU
DateTime                                        
2023-04-22 22:48:00      1.000000       0.041310
2023-04-22 23:03:00      0.979314       0.064833
2023-04-22 23:18:00      0.829953       0.089422
2023-04-22 23:33:00      0.758678       0.180018
2023-04-22 23:48:00      0.814868       0.168563
2023-04-23 00:03:00      0.739007       0.176550
2023-04-23 00:18:00      0.622111       0.200169
2023-04-23 00:33:00      0.774246       0.154107
2023-04-23 00:48:00      0.773615       0.082289
2023-04-23 01:03:00      0.790677       0.082990
2023-04-23 01:18:00      0.820567       0.072114
2023-04-23 01:33:00      0.859158       0.090818
2023-04-23 01:48:00      0.727272       0.089342
2023-04-23 02:03:00      0.749390       0.232372
2023-04-23 02:18:00      0.753537       0.230279
2023-04-23 02:33:00      0.799882       0.230823
2023-04-23 02:48:00      0.722251       0.278499
2023-04-23 03:03:00      0.852187       0.459720
2023-04-23 03:18:00      0.833550       0.725474
2023-04-23 03:33:00      0.892533       0.728094
2023-04-23 03:48:00      0.818049       0.965752
2023-04-23 04:03:00      0.655492       0.884520
2023-04-23 04:18:00      0.740281       0.732420
2023-04-23 04:33:00      0.783082       0.357736
2023-04-23 04:48:00      0.787739       0.516135
2023-04-23 05:03:00      0.803777       0.396901
2023-04-23 05:18:00      0.785891       0.373543
2023-04-23 05:33:00      0.700729       0.350825
2023-04-23 05:48:00      0.773778       0.314811
2023-04-23 06:03:00      0.774668       0.157034
2023-04-23 06:18:00      0.824610       0.128825
2023-04-23 06:33:00      0.871180       0.118542
2023-04-23 06:48:00      0.867265       0.151748
2023-04-23 07:03:00      0.926098       0.144982
2023-04-23 07:18:00      0.821826       0.133281
2023-04-23 07:33:00      0.631967       0.026405
2023-04-23 07:48:00      0.665119       0.041940
2023-04-23 08:03:00      0.643925       0.015703
2023-04-23 08:18:00      0.540888       0.000000
2023-04-23 08:33:00      0.494693       0.035202
2023-04-23 08:48:00      0.484792       0.044249
2023-04-23 09:03:00      0.472673       0.066149
2023-04-23 09:18:00      0.546488       0.103304
2023-04-23 09:33:00      0.496124       0.146375
2023-04-23 09:48:00      0.195527       0.272095
2023-04-23 10:03:00      0.100344       0.262794
2023-04-23 10:18:00      0.080439       0.254668",shear_stress,Turbidity FNU,0.5,2023-04-22 17:29:06.981865728,2023-04-23 08:31:16.608015872,"{'t0': Timestamp('2023-04-22 17:18:00'), 't1': Timestamp('2023-04-22 17:33:00'), 'tau0': np.float64(0.4244827193544283), 'tau1': np.float64(0.5263828699763892), 'c0': np.float64(0.42472361953728777), 'c1': np.float64(0.44772170854323684), 'extrapolated': False}","{'t0': Timestamp('2023-04-23 08:18:00'), 't1': Timestamp('2023-04-23 08:33:00'), 'tau0': np.float64(0.5408878439554192), 'tau1': np.float64(0.4946931549362175), 'c0': np.float64(0.0), 'c1': np.float64(0.03520180299332926), 'extrapolated': False}",2023-04-22 22:48:00,down_event5,Turbidity FNU
down_event5,0.5413539783139649,0.5,0.8094420656862037,0.3712473832123036,"                     shear_stress  fDOM RFU
DateTime                                   
2023-04-22 14:03:00      0.042806  0.000000
2023-04-22 14:18:00      0.003035  0.004230
2023-04-22 14:33:00      0.000000  0.034042
2023-04-22 14:48:00      0.003068  0.071081
2023-04-22 15:03:00      0.020936  0.109199
2023-04-22 15:18:00      0.005881  0.217956
2023-04-22 15:33:00      0.086678  0.295888
2023-04-22 15:48:00      0.216556  0.338270
2023-04-22 16:03:00      0.239898  0.401267
2023-04-22 16:18:00      0.147139  0.466089
2023-04-22 16:33:00      0.164868  0.560310
2023-04-22 16:48:00      0.254009  0.624958
2023-04-22 17:03:00      0.494808  0.704373
2023-04-22 17:18:00      0.424483  0.765358
2023-04-22 17:33:00      0.526383  0.824843
2023-04-22 17:48:00      0.624705  0.873384
2023-04-22 18:03:00      0.454681  0.919264
2023-04-22 18:18:00      0.415833  0.949825
2023-04-22 18:33:00      0.530699  0.972945
2023-04-22 18:48:00      0.517109  0.984940
2023-04-22 19:03:00      0.600748  0.992925
2023-04-22 19:18:00      0.532716  0.991510
2023-04-22 19:33:00      0.615342  1.000000
2023-04-22 19:48:00      0.554821  0.989319
2023-04-22 20:03:00      0.479753  0.987288
2023-04-22 20:18:00      0.423511  0.983504
2023-04-22 20:33:00      0.526640  0.980896
2023-04-22 20:48:00      0.793794  0.969027
2023-04-22 21:03:00      0.832421  0.961643
2023-04-22 21:18:00      0.785597  0.951078
2023-04-22 21:33:00      0.744202  0.924507
2023-04-22 21:48:00      0.757844  0.907843
2023-04-22 22:03:00      0.828493  0.890468
2023-04-22 22:18:00      0.743270  0.879073
2023-04-22 22:33:00      0.827535  0.850885
2023-04-22 22:48:00      1.000000  0.838591","                     shear_stress  fDOM RFU
DateTime                                   
2023-04-22 22:48:00      1.000000  0.838591
2023-04-22 23:03:00      0.979314  0.819362
2023-04-22 23:18:00      0.829953  0.800081
2023-04-22 23:33:00      0.758678  0.783018
2023-04-22 23:48:00      0.814868  0.770880
2023-04-23 00:03:00      0.739007  0.755169
2023-04-23 00:18:00      0.622111  0.740153
2023-04-23 00:33:00      0.774246  0.725426
2023-04-23 00:48:00      0.773615  0.710827
2023-04-23 01:03:00      0.790677  0.702823
2023-04-23 01:18:00      0.820567  0.689036
2023-04-23 01:33:00      0.859158  0.650212
2023-04-23 01:48:00      0.727272  0.639664
2023-04-23 02:03:00      0.749390  0.623567
2023-04-23 02:18:00      0.753537  0.606029
2023-04-23 02:33:00      0.799882  0.599316
2023-04-23 02:48:00      0.722251  0.608531
2023-04-23 03:03:00      0.852187  0.569474
2023-04-23 03:18:00      0.833550  0.556373
2023-04-23 03:33:00      0.892533  0.543724
2023-04-23 03:48:00      0.818049  0.520443
2023-04-23 04:03:00      0.655492  0.510970
2023-04-23 04:18:00      0.740281  0.507862
2023-04-23 04:33:00      0.783082  0.493418
2023-04-23 04:48:00      0.787739  0.481982
2023-04-23 05:03:00      0.803777  0.473485
2023-04-23 05:18:00      0.785891  0.455259
2023-04-23 05:33:00      0.700729  0.444074
2023-04-23 05:48:00      0.773778  0.430353
2023-04-23 06:03:00      0.774668  0.412895
2023-04-23 06:18:00      0.824610  0.401263
2023-04-23 06:33:00      0.871180  0.397795
2023-04-23 06:48:00      0.867265  0.401780
2023-04-23 07:03:00      0.926098  0.403819
2023-04-23 07:18:00      0.821826  0.403034
2023-04-23 07:33:00      0.631967  0.404477
2023-04-23 07:48:00      0.665119  0.400729
2023-04-23 08:03:00      0.643925  0.393846
2023-04-23 08:18:00      0.540888  0.384039
2023-04-23 08:33:00      0.494693  0.369587
2023-04-23 08:48:00      0.484792  0.343695
2023-04-23 09:03:00      0.472673  0.303478
2023-04-23 09:18:00      0.546488  0.263809
2023-04-23 09:33:00      0.496124  0.226056
2023-04-23 09:48:00      0.195527  0.163728
2023-04-23 10:03:00      0.100344  0.099482
2023-04-23 10:18:00      0.080439  0.075694",shear_stress,fDOM RFU,0.5,2023-04-22 17:29:06.981865728,2023-04-23 08:31:16.608015872,"{'t0': Timestamp('2023-04-22 17:18:00'), 't1': Timestamp('2023-04-22 17:33:00'), 'tau0': np.float64(0.4244827193544283), 'tau1': np.float64(0.5263828699763892), 'c0': np.float64(0.7653579502579559), 'c1': np.float64(0.8248433814579745), 'extrapolated': False}","{'t0': Timestamp('2023-04-23 08:18:00'), 't1': Timestamp('2023-04-23 08:33:00'), 'tau0': np.float64(0.5408878439554192), 'tau1': np.float64(0.4946931549362175), 'c0': np.float64(0.3840386904784806), 'c1': np.float64(0.36958719575311355), 'extrapolated': False}",2023-04-22 22:48:00,down_event5,fDOM RFU
down_event6,0.7785519260686097,0.5,0.8523202389915817,0.18874467529742806,"                     shear_stress  Turbidity FNU
DateTime                                        
2023-04-23 11:33:00      0.053891       0.245101
2023-04-23 11:48:00      0.106974       0.209030
2023-04-23 12:03:00      0.000000       0.336840
2023-04-23 12:18:00      0.052152       0.558887
2023-04-23 12:33:00      0.045040       0.581079
2023-04-23 12:48:00      0.149221       0.725409
2023-04-23 13:03:00      0.132148       0.842747
2023-04-23 13:18:00      0.185150       0.713002
2023-04-23 13:33:00      0.212796       0.843017
2023-04-23 13:48:00      0.141983       0.869911
2023-04-23 14:03:00      0.247163       0.986028
2023-04-23 14:18:00      0.305776       1.000000
2023-04-23 14:33:00      0.352915       0.988870
2023-04-23 14:48:00      0.492695       0.848272
2023-04-23 15:03:00      0.612710       0.914788
2023-04-23 15:18:00      0.632781       0.841536
2023-04-23 15:33:00      0.635442       0.786373
2023-04-23 15:48:00      0.730211       0.839467
2023-04-23 16:03:00      0.721169       0.877195
2023-04-23 16:18:00      0.751283       0.883529
2023-04-23 16:33:00      0.828751       0.867557
2023-04-23 16:48:00      0.774809       0.921624
2023-04-23 17:03:00      0.689712       0.946127
2023-04-23 17:18:00      0.809438       0.912322
2023-04-23 17:33:00      0.848372       0.956309
2023-04-23 17:48:00      0.891392       0.997249
2023-04-23 18:03:00      0.873208       0.842079
2023-04-23 18:18:00      0.888315       0.764028
2023-04-23 18:33:00      0.826120       0.818471
2023-04-23 18:48:00      0.874224       0.868122
2023-04-23 19:03:00      0.836179       0.699032
2023-04-23 19:18:00      0.826612       0.744916
2023-04-23 19:33:00      1.000000       0.667542","                     shear_stress  Turbidity FNU
DateTime                                        
2023-04-23 19:33:00      1.000000       0.667542
2023-04-23 19:48:00      0.954110       0.681531
2023-04-23 20:03:00      0.981813       0.540478
2023-04-23 20:18:00      0.989905       0.824430
2023-04-23 20:33:00      0.949904       0.885722
...                           ...            ...
2023-04-24 09:48:00      0.319369       0.252959
2023-04-24 10:03:00      0.277460       0.108228
2023-04-24 10:18:00      0.232029       0.069809
2023-04-24 10:33:00      0.259776       0.118920
2023-04-24 10:48:00      0.262413       0.207252

[62 rows x 2 columns]",shear_stress,Turbidity FNU,0.5,2023-04-23 14:48:54.777437184,2023-04-24 07:13:53.373445632,"{'t0': Timestamp('2023-04-23 14:48:00'), 't1': Timestamp('2023-04-23 15:03:00'), 'tau0': np.float64(0.49269542514787223), 'tau1': np.float64(0.612710484166464), 'c0': np.float64(0.8482717984445313), 'c1': np.float64(0.914788172332312), 'extrapolated': False}","{'t0': Timestamp('2023-04-24 07:03:00'), 't1': Timestamp('2023-04-24 07:18:00'), 'tau0': np.float64(0.5943989605492211), 'tau1': np.float64(0.4643675595740501), 'c0': np.float64(0.17300364440265936), 'c1': np.float64(0.1946863863322588), 'extrapolated': False}",2023-04-23 19:33:00,down_event6,Turbidity FNU
down_event6,-0.28173278371114174,0.5,0.4168458553070857,0.5803492709312894,"                     shear_stress  fDOM RFU
DateTime                                   
2023-04-23 11:33:00      0.053891  0.043876
2023-04-23 11:48:00      0.106974  0.022746
2023-04-23 12:03:00      0.000000  0.000000
2023-04-23 12:18:00      0.052152  0.361891
2023-04-23 12:33:00      0.045040  0.272445
2023-04-23 12:48:00      0.149221  0.248808
2023-04-23 13:03:00      0.132148  0.277452
2023-04-23 13:18:00      0.185150  0.298166
2023-04-23 13:33:00      0.212796  0.325959
2023-04-23 13:48:00      0.141983  0.345716
2023-04-23 14:03:00      0.247163  0.353135
2023-04-23 14:18:00      0.305776  0.378202
2023-04-23 14:33:00      0.352915  0.402992
2023-04-23 14:48:00      0.492695  0.414307
2023-04-23 15:03:00      0.612710  0.456023
2023-04-23 15:18:00      0.632781  0.512583
2023-04-23 15:33:00      0.635442  0.561830
2023-04-23 15:48:00      0.730211  0.616584
2023-04-23 16:03:00      0.721169  0.690749
2023-04-23 16:18:00      0.751283  0.737118
2023-04-23 16:33:00      0.828751  0.779303
2023-04-23 16:48:00      0.774809  0.816121
2023-04-23 17:03:00      0.689712  0.847828
2023-04-23 17:18:00      0.809438  0.876074
2023-04-23 17:33:00      0.848372  0.898202
2023-04-23 17:48:00      0.891392  0.923803
2023-04-23 18:03:00      0.873208  0.944906
2023-04-23 18:18:00      0.888315  0.964400
2023-04-23 18:33:00      0.826120  0.975945
2023-04-23 18:48:00      0.874224  0.989175
2023-04-23 19:03:00      0.836179  0.997394
2023-04-23 19:18:00      0.826612  1.000000
2023-04-23 19:33:00      1.000000  0.994378","                     shear_stress  fDOM RFU
DateTime                                   
2023-04-23 19:33:00      1.000000  0.994378
2023-04-23 19:48:00      0.954110  0.984286
2023-04-23 20:03:00      0.981813  0.972792
2023-04-23 20:18:00      0.989905  0.964666
2023-04-23 20:33:00      0.949904  0.956642
...                           ...       ...
2023-04-24 09:48:00      0.319369  0.454882
2023-04-24 10:03:00      0.277460  0.434577
2023-04-24 10:18:00      0.232029  0.405059
2023-04-24 10:33:00      0.259776  0.363578
2023-04-24 10:48:00      0.262413  0.330887

[62 rows x 2 columns]",shear_stress,fDOM RFU,0.5,2023-04-23 14:48:54.777437184,2023-04-24 07:13:53.373445632,"{'t0': Timestamp('2023-04-23 14:48:00'), 't1': Timestamp('2023-04-23 15:03:00'), 'tau0': np.float64(0.49269542514787223), 'tau1': np.float64(0.612710484166464), 'c0': np.float64(0.4143068795182595), 'c1': np.float64(0.456022562606314), 'extrapolated': False}","{'t0': Timestamp('2023-04-24 07:03:00'), 't1': Timestamp('2023-04-24 07:18:00'), 'tau0': np.float64(0.5943989605492211), 'tau1': np.float64(0.4643675595740501), 'c0': np.float64(0.5904859917059907), 'c1': np.float64(0.5765229989363556), 'extrapolated': False}",2023-04-23 19:33:00,down_event6,fDOM RFU
down_event7,0.5557714371683359,0.5,0.4223821526598277,0.1876342166418198,"                     shear_stress  Turbidity FNU
DateTime                                        
2023-04-24 11:03:00      0.062085       0.000000
2023-04-24 11:18:00      0.000000       0.156933
2023-04-24 11:33:00      0.094621       0.134209
2023-04-24 11:48:00      0.178126       0.159784
2023-04-24 12:03:00      0.144317       0.137370
2023-04-24 12:18:00      0.198939       0.194216
2023-04-24 12:33:00      0.216565       0.081091
2023-04-24 12:48:00      0.298711       0.144806
2023-04-24 13:03:00      0.349064       0.129169
2023-04-24 13:18:00      0.252437       0.160078
2023-04-24 13:33:00      0.407634       0.192683
2023-04-24 13:48:00      0.476351       0.258982
2023-04-24 14:03:00      0.438136       0.360028
2023-04-24 14:18:00      0.560836       0.483700
2023-04-24 14:33:00      0.594541       0.596938
2023-04-24 14:48:00      0.716821       0.681415
2023-04-24 15:03:00      0.782744       0.847155
2023-04-24 15:18:00      0.741658       0.866187
2023-04-24 15:33:00      0.791052       0.929361
2023-04-24 15:48:00      0.838925       0.989218
2023-04-24 16:03:00      0.719677       1.000000
2023-04-24 16:18:00      0.790738       0.872891
2023-04-24 16:33:00      0.876966       0.866955
2023-04-24 16:48:00      0.913937       0.812094
2023-04-24 17:03:00      0.944850       0.782228
2023-04-24 17:18:00      0.923275       0.822049
2023-04-24 17:33:00      0.853540       0.831085
2023-04-24 17:48:00      0.916453       0.798422
2023-04-24 18:03:00      0.932070       0.780561
2023-04-24 18:18:00      1.000000       0.714102","                     shear_stress  Turbidity FNU
DateTime                                        
2023-04-24 18:18:00      1.000000       0.714102
2023-04-24 18:33:00      0.872693       0.642261
2023-04-24 18:48:00      0.812722       0.592456
2023-04-24 19:03:00      0.950345       0.598171
2023-04-24 19:18:00      0.815138       0.661748
...                           ...            ...
2023-04-25 09:48:00      0.357004       0.367708
2023-04-25 10:03:00      0.313477       0.396489
2023-04-25 10:18:00      0.314252       0.405768
2023-04-25 10:33:00      0.343040       0.381109
2023-04-25 10:48:00      0.285215       0.337157

[67 rows x 2 columns]",shear_stress,Turbidity FNU,0.5,2023-04-24 14:10:33.768710144,2023-04-25 07:53:43.278459648,"{'t0': Timestamp('2023-04-24 14:03:00'), 't1': Timestamp('2023-04-24 14:18:00'), 'tau0': np.float64(0.4381359881144811), 'tau1': np.float64(0.5608364067180304), 'c0': np.float64(0.3600283915274924), 'c1': np.float64(0.48370017357102085), 'extrapolated': False}","{'t0': Timestamp('2023-04-25 07:48:00'), 't1': Timestamp('2023-04-25 08:03:00'), 'tau0': np.float64(0.511762867688289), 'tau1': np.float64(0.4809232369998261), 'c0': np.float64(0.17702596177527186), 'c1': np.float64(0.2048384536796085), 'extrapolated': False}",2023-04-24 18:18:00,down_event7,Turbidity FNU
down_event7,-0.2838872883371466,0.5,0.29954870460837985,0.41829826468631054,"                     shear_stress  fDOM RFU
DateTime                                   
2023-04-24 11:03:00      0.062085  0.119666
2023-04-24 11:18:00      0.000000  0.088351
2023-04-24 11:33:00      0.094621  0.000000
2023-04-24 11:48:00      0.178126  0.024601
2023-04-24 12:03:00      0.144317  0.050807
2023-04-24 12:18:00      0.198939  0.055456
2023-04-24 12:33:00      0.216565  0.094961
2023-04-24 12:48:00      0.298711  0.207412
2023-04-24 13:03:00      0.349064  0.208840
2023-04-24 13:18:00      0.252437  0.203582
2023-04-24 13:33:00      0.407634  0.221517
2023-04-24 13:48:00      0.476351  0.242080
2023-04-24 14:03:00      0.438136  0.283730
2023-04-24 14:18:00      0.560836  0.315105
2023-04-24 14:33:00      0.594541  0.354431
2023-04-24 14:48:00      0.716821  0.389497
2023-04-24 15:03:00      0.782744  0.404294
2023-04-24 15:18:00      0.741658  0.410416
2023-04-24 15:33:00      0.791052  0.451751
2023-04-24 15:48:00      0.838925  0.484724
2023-04-24 16:03:00      0.719677  0.522693
2023-04-24 16:18:00      0.790738  0.588304
2023-04-24 16:33:00      0.876966  0.645338
2023-04-24 16:48:00      0.913937  0.687525
2023-04-24 17:03:00      0.944850  0.736351
2023-04-24 17:18:00      0.923275  0.789405
2023-04-24 17:33:00      0.853540  0.816670
2023-04-24 17:48:00      0.916453  0.864023
2023-04-24 18:03:00      0.932070  0.901326
2023-04-24 18:18:00      1.000000  0.935517","                     shear_stress  fDOM RFU
DateTime                                   
2023-04-24 18:18:00      1.000000  0.935517
2023-04-24 18:33:00      0.872693  0.963552
2023-04-24 18:48:00      0.812722  1.000000
2023-04-24 19:03:00      0.950345  0.999478
2023-04-24 19:18:00      0.815138  0.987115
...                           ...       ...
2023-04-25 09:48:00      0.357004  0.322815
2023-04-25 10:03:00      0.313477  0.318512
2023-04-25 10:18:00      0.314252  0.309907
2023-04-25 10:33:00      0.343040  0.284518
2023-04-25 10:48:00      0.285215  0.263045

[67 rows x 2 columns]",shear_stress,fDOM RFU,0.5,2023-04-24 14:10:33.768710144,2023-04-25 07:53:43.278459648,"{'t0': Timestamp('2023-04-24 14:03:00'), 't1': Timestamp('2023-04-24 14:18:00'), 'tau0': np.float64(0.4381359881144811), 'tau1': np.float64(0.5608364067180304), 'c0': np.float64(0.2837300026951151), 'c1': np.float64(0.31510464665727883), 'extrapolated': False}","{'t0': Timestamp('2023-04-25 07:48:00'), 't1': Timestamp('2023-04-25 08:03:00'), 'tau0': np.float64(0.511762867688289), 'tau1': np.float64(0.4809232369998261), 'c0': np.float64(0.4207709831928021), 'c1': np.float64(0.41428806358833753), 'extrapolated': False}",2023-04-24 18:18:00,down_event7,fDOM RFU
down_event8,0.3355137567412364,0.5,0.33802465955418,0.2246127361559796,"                     shear_stress  Turbidity FNU
DateTime                                        
2023-04-27 12:03:00      0.000000       0.000000
2023-04-27 12:18:00      0.087328       0.070483
2023-04-27 12:33:00      0.056987       0.177120
2023-04-27 12:48:00      0.226415       0.211171
2023-04-27 13:03:00      0.161012       0.170951
2023-04-27 13:18:00      0.192911       0.194051
2023-04-27 13:33:00      0.137541       0.181102
2023-04-27 13:48:00      0.309219       0.197635
2023-04-27 14:03:00      0.390733       0.260102
2023-04-27 14:18:00      0.384607       0.314532
2023-04-27 14:33:00      0.292882       0.326918
2023-04-27 14:48:00      0.452382       0.354890
2023-04-27 15:03:00      0.508971       0.334847
2023-04-27 15:18:00      0.425028       0.360657
2023-04-27 15:33:00      0.473898       0.381868
2023-04-27 15:48:00      0.520381       0.484438
2023-04-27 16:03:00      0.583494       0.785965
2023-04-27 16:18:00      0.678562       0.808424
2023-04-27 16:33:00      0.711703       0.939704
2023-04-27 16:48:00      0.738601       1.000000
2023-04-27 17:03:00      0.700796       0.916647
2023-04-27 17:18:00      0.670115       0.638259
2023-04-27 17:33:00      0.704551       0.632782
2023-04-27 17:48:00      0.680652       0.495867
2023-04-27 18:03:00      0.642567       0.474701
2023-04-27 18:18:00      0.732789       0.458512
2023-04-27 18:33:00      0.744649       0.444712
2023-04-27 18:48:00      0.751287       0.449985
2023-04-27 19:03:00      0.801993       0.483326
2023-04-27 19:18:00      0.739368       0.529542
2023-04-27 19:33:00      0.775464       0.524594
2023-04-27 19:48:00      0.771497       0.500790
2023-04-27 20:03:00      0.873455       0.502930
2023-04-27 20:18:00      0.849736       0.623381
2023-04-27 20:33:00      0.808704       0.620602
2023-04-27 20:48:00      0.883835       0.612308
2023-04-27 21:03:00      1.000000       0.639101","                     shear_stress  Turbidity FNU
DateTime                                        
2023-04-27 21:03:00      1.000000       0.639101
2023-04-27 21:18:00      0.924266       0.589134
2023-04-27 21:33:00      0.851877       0.412179
2023-04-27 21:48:00      0.790487       0.289345
2023-04-27 22:03:00      0.731228       0.324534
2023-04-27 22:18:00      0.747818       0.310599
2023-04-27 22:33:00      0.780444       0.311215
2023-04-27 22:48:00      0.837262       0.322303
2023-04-27 23:03:00      0.801470       0.312134
2023-04-27 23:18:00      0.873187       0.232341
2023-04-27 23:33:00      0.835003       0.235069
2023-04-27 23:48:00      0.831500       0.228053
2023-04-28 00:03:00      0.859408       0.180958
2023-04-28 00:18:00      0.882881       0.163488
2023-04-28 00:33:00      0.834023       0.207061
2023-04-28 00:48:00      0.699087       0.204619
2023-04-28 01:03:00      0.772323       0.209288
2023-04-28 01:18:00      0.801882       0.206602
2023-04-28 01:33:00      0.756938       0.178743
2023-04-28 01:48:00      0.714900       0.131606
2023-04-28 02:03:00      0.852265       0.136276
2023-04-28 02:18:00      0.766616       0.119760
2023-04-28 02:33:00      0.835955       0.203309
2023-04-28 02:48:00      0.816892       0.227530
2023-04-28 03:03:00      0.800230       0.219756
2023-04-28 03:18:00      0.791599       0.185803
2023-04-28 03:33:00      0.776344       0.235382
2023-04-28 03:48:00      0.734341       0.191465
2023-04-28 04:03:00      0.680824       0.209473
2023-04-28 04:18:00      0.724406       0.224058
2023-04-28 04:33:00      0.819832       0.208688
2023-04-28 04:48:00      0.843439       0.132654
2023-04-28 05:03:00      0.771923       0.125124
2023-04-28 05:18:00      0.661316       0.196731
2023-04-28 05:33:00      0.743170       0.204387
2023-04-28 05:48:00      0.726863       0.261198
2023-04-28 06:03:00      0.722826       0.283007
2023-04-28 06:18:00      0.755774       0.221331
2023-04-28 06:33:00      0.720044       0.127856
2023-04-28 06:48:00      0.758362       0.106114
2023-04-28 07:03:00      0.804203       0.110190
2023-04-28 07:18:00      0.770128       0.096326
2023-04-28 07:33:00      0.688484       0.100830
2023-04-28 07:48:00      0.605038       0.106931
2023-04-28 08:03:00      0.684398       0.219616
2023-04-28 08:18:00      0.620121       0.173194
2023-04-28 08:33:00      0.585023       0.188241
2023-04-28 08:48:00      0.746223       0.187151
2023-04-28 09:03:00      0.746471       0.160279
2023-04-28 09:18:00      0.669446       0.045654
2023-04-28 09:33:00      0.597347       0.059692
2023-04-28 09:48:00      0.645732       0.112485
2023-04-28 10:03:00      0.589779       0.134232
2023-04-28 10:18:00      0.655479       0.147383
2023-04-28 10:33:00      0.442614       0.253118
2023-04-28 10:48:00      0.494811       0.213041
2023-04-28 11:03:00      0.449498       0.188738
2023-04-28 11:18:00      0.445124       0.159041
2023-04-28 11:33:00      0.448079       0.208748
2023-04-28 11:48:00      0.475031       0.123652",shear_stress,Turbidity FNU,0.5,2023-04-27 15:00:37.318294272,2023-04-28 10:28:57.369585408,"{'t0': Timestamp('2023-04-27 14:48:00'), 't1': Timestamp('2023-04-27 15:03:00'), 'tau0': np.float64(0.4523816968497445), 'tau1': np.float64(0.5089714731136954), 'c0': np.float64(0.3548900198027543), 'c1': np.float64(0.3348471602303362), 'extrapolated': False}","{'t0': Timestamp('2023-04-28 10:18:00'), 't1': Timestamp('2023-04-28 10:33:00'), 'tau0': np.float64(0.6554789798794205), 'tau1': np.float64(0.44261382001882327), 'c0': np.float64(0.14738315427600604), 'c1': np.float64(0.25311762273158045), 'extrapolated': False}",2023-04-27 21:03:00,down_event8,Turbidity FNU
down_event8,-0.16717604835211197,0.5,0.3129650196224182,0.3757877268096842,"                     shear_stress  fDOM RFU
DateTime                                   
2023-04-27 12:03:00      0.000000  0.034467
2023-04-27 12:18:00      0.087328  0.021152
2023-04-27 12:33:00      0.056987  0.000000
2023-04-27 12:48:00      0.226415  0.042547
2023-04-27 13:03:00      0.161012  0.032732
2023-04-27 13:18:00      0.192911  0.059799
2023-04-27 13:33:00      0.137541  0.074002
2023-04-27 13:48:00      0.309219  0.095316
2023-04-27 14:03:00      0.390733  0.170105
2023-04-27 14:18:00      0.384607  0.222797
2023-04-27 14:33:00      0.292882  0.244290
2023-04-27 14:48:00      0.452382  0.278932
2023-04-27 15:03:00      0.508971  0.319377
2023-04-27 15:18:00      0.425028  0.310279
2023-04-27 15:33:00      0.473898  0.345886
2023-04-27 15:48:00      0.520381  0.380027
2023-04-27 16:03:00      0.583494  0.416919
2023-04-27 16:18:00      0.678562  0.457819
2023-04-27 16:33:00      0.711703  0.489982
2023-04-27 16:48:00      0.738601  0.531156
2023-04-27 17:03:00      0.700796  0.575901
2023-04-27 17:18:00      0.670115  0.615222
2023-04-27 17:33:00      0.704551  0.654034
2023-04-27 17:48:00      0.680652  0.708465
2023-04-27 18:03:00      0.642567  0.759334
2023-04-27 18:18:00      0.732789  0.770138
2023-04-27 18:33:00      0.744649  0.820090
2023-04-27 18:48:00      0.751287  0.848326
2023-04-27 19:03:00      0.801993  0.879228
2023-04-27 19:18:00      0.739368  0.902704
2023-04-27 19:33:00      0.775464  0.953301
2023-04-27 19:48:00      0.771497  0.960335
2023-04-27 20:03:00      0.873455  0.990047
2023-04-27 20:18:00      0.849736  1.000000
2023-04-27 20:33:00      0.808704  0.997802
2023-04-27 20:48:00      0.883835  0.995898
2023-04-27 21:03:00      1.000000  0.983028","                     shear_stress  fDOM RFU
DateTime                                   
2023-04-27 21:03:00      1.000000  0.983028
2023-04-27 21:18:00      0.924266  0.967247
2023-04-27 21:33:00      0.851877  0.947827
2023-04-27 21:48:00      0.790487  0.936377
2023-04-27 22:03:00      0.731228  0.929517
2023-04-27 22:18:00      0.747818  0.933296
2023-04-27 22:33:00      0.780444  0.915111
2023-04-27 22:48:00      0.837262  0.897443
2023-04-27 23:03:00      0.801470  0.879904
2023-04-27 23:18:00      0.873187  0.851036
2023-04-27 23:33:00      0.835003  0.797097
2023-04-27 23:48:00      0.831500  0.766725
2023-04-28 00:03:00      0.859408  0.749018
2023-04-28 00:18:00      0.882881  0.727229
2023-04-28 00:33:00      0.834023  0.712404
2023-04-28 00:48:00      0.699087  0.719322
2023-04-28 01:03:00      0.772323  0.714937
2023-04-28 01:18:00      0.801882  0.703248
2023-04-28 01:33:00      0.756938  0.695066
2023-04-28 01:48:00      0.714900  0.688478
2023-04-28 02:03:00      0.852265  0.674274
2023-04-28 02:18:00      0.766616  0.667487
2023-04-28 02:33:00      0.835955  0.654800
2023-04-28 02:48:00      0.816892  0.643124
2023-04-28 03:03:00      0.800230  0.633010
2023-04-28 03:18:00      0.791599  0.629582
2023-04-28 03:33:00      0.776344  0.609092
2023-04-28 03:48:00      0.734341  0.603835
2023-04-28 04:03:00      0.680824  0.589598
2023-04-28 04:18:00      0.724406  0.577541
2023-04-28 04:33:00      0.819832  0.570932
2023-04-28 04:48:00      0.843439  0.576303
2023-04-28 05:03:00      0.771923  0.565501
2023-04-28 05:18:00      0.661316  0.557225
2023-04-28 05:33:00      0.743170  0.555780
2023-04-28 05:48:00      0.726863  0.549416
2023-04-28 06:03:00      0.722826  0.543877
2023-04-28 06:18:00      0.755774  0.540744
2023-04-28 06:33:00      0.720044  0.544592
2023-04-28 06:48:00      0.758362  0.537527
2023-04-28 07:03:00      0.804203  0.533799
2023-04-28 07:18:00      0.770128  0.523331
2023-04-28 07:33:00      0.688484  0.520423
2023-04-28 07:48:00      0.605038  0.514741
2023-04-28 08:03:00      0.684398  0.505459
2023-04-28 08:18:00      0.620121  0.496083
2023-04-28 08:33:00      0.585023  0.492468
2023-04-28 08:48:00      0.746223  0.485817
2023-04-28 09:03:00      0.746471  0.470568
2023-04-28 09:18:00      0.669446  0.464805
2023-04-28 09:33:00      0.597347  0.451292
2023-04-28 09:48:00      0.645732  0.432687
2023-04-28 10:03:00      0.589779  0.408859
2023-04-28 10:18:00      0.655479  0.389284
2023-04-28 10:33:00      0.442614  0.370806
2023-04-28 10:48:00      0.494811  0.151230
2023-04-28 11:03:00      0.449498  0.208249
2023-04-28 11:18:00      0.445124  0.228636
2023-04-28 11:33:00      0.448079  0.220090
2023-04-28 11:48:00      0.475031  0.160105",shear_stress,fDOM RFU,0.5,2023-04-27 15:00:37.318294272,2023-04-28 10:28:57.369585408,"{'t0': Timestamp('2023-04-27 14:48:00'), 't1': Timestamp('2023-04-27 15:03:00'), 'tau0': np.float64(0.4523816968497445), 'tau1': np.float64(0.5089714731136954), 'c0': np.float64(0.2789315914316966), 'c1': np.float64(0.31937704957435736), 'extrapolated': False}","{'t0': Timestamp('2023-04-28 10:18:00'), 't1': Timestamp('2023-04-28 10:33:00'), 'tau0': np.float64(0.6554789798794205), 'tau1': np.float64(0.44261382001882327), 'c0': np.float64(0.38928437570794816), 'c1': np.float64(0.3708062101857351), 'extrapolated': False}",2023-04-27 21:03:00,down_event8,fDOM RFU
down_event9,0.6373137298640352,0.5,0.3116691970181744,0.11303813858279281,"                     shear_stress  Turbidity FNU
DateTime                                        
2023-04-29 12:03:00      0.086996       0.012291
2023-04-29 12:18:00      0.065128       0.000000
2023-04-29 12:33:00      0.019446       0.063531
2023-04-29 12:48:00      0.000627       0.028465
2023-04-29 13:03:00      0.058083       0.042290
2023-04-29 13:18:00      0.000000       0.052041
2023-04-29 13:33:00      0.086728       0.043445
2023-04-29 13:48:00      0.094471       0.031602
2023-04-29 14:03:00      0.256557       0.089464
2023-04-29 14:18:00      0.353310       0.131471
2023-04-29 14:33:00      0.479140       0.209894
2023-04-29 14:48:00      0.501281       0.317918
2023-04-29 15:03:00      0.612230       0.497565
2023-04-29 15:18:00      0.657732       0.529548
2023-04-29 15:33:00      0.727652       0.637919
2023-04-29 15:48:00      0.578350       0.679465
2023-04-29 16:03:00      0.577008       0.681582
2023-04-29 16:18:00      0.662564       0.594677
2023-04-29 16:33:00      0.589004       0.656782
2023-04-29 16:48:00      0.678041       0.645615
2023-04-29 17:03:00      0.665608       0.644182
2023-04-29 17:18:00      0.696435       0.657717
2023-04-29 17:33:00      0.832840       0.694147
2023-04-29 17:48:00      0.803565       0.702296
2023-04-29 18:03:00      0.912346       0.650793
2023-04-29 18:18:00      0.835313       0.645324
2023-04-29 18:33:00      0.891594       0.615545
2023-04-29 18:48:00      0.991924       0.557227
2023-04-29 19:03:00      0.869300       0.489741
2023-04-29 19:18:00      0.905716       0.475660
2023-04-29 19:33:00      0.952170       0.482689
2023-04-29 19:48:00      0.897390       0.643960
2023-04-29 20:03:00      1.000000       0.789952","                     shear_stress  Turbidity FNU
DateTime                                        
2023-04-29 20:03:00      1.000000       0.789952
2023-04-29 20:18:00      0.968669       0.845434
2023-04-29 20:33:00      0.892353       1.000000
2023-04-29 20:48:00      0.989431       0.940802
2023-04-29 21:03:00      0.869843       0.712263
...                           ...            ...
2023-04-30 10:48:00      0.554363       0.225914
2023-04-30 11:03:00      0.513961       0.286930
2023-04-30 11:18:00      0.548496       0.403110
2023-04-30 11:33:00      0.551431       0.436244
2023-04-30 11:48:00      0.545389       0.383577

[64 rows x 2 columns]",shear_stress,Turbidity FNU,0.5,2023-04-29 14:47:07.937932800,2023-04-30 10:15:01.753481216,"{'t0': Timestamp('2023-04-29 14:33:00'), 't1': Timestamp('2023-04-29 14:48:00'), 'tau0': np.float64(0.4791395451619942), 'tau1': np.float64(0.5012807994046925), 'c0': np.float64(0.2098943197159475), 'c1': np.float64(0.3179180158248571), 'extrapolated': False}","{'t0': Timestamp('2023-04-30 10:03:00'), 't1': Timestamp('2023-04-30 10:18:00'), 'tau0': np.float64(0.5216381449658106), 'tau1': np.float64(0.49465617538948753), 'c0': np.float64(0.12686888203512017), 'c1': np.float64(0.10962245450681374), 'extrapolated': False}",2023-04-29 20:03:00,down_event9,Turbidity FNU
down_event9,-0.23441423619279178,0.5,0.18944541831404887,0.24745159493555513,"                     shear_stress  fDOM RFU
DateTime                                   
2023-04-29 12:03:00      0.086996  0.010985
2023-04-29 12:18:00      0.065128  0.000000
2023-04-29 12:33:00      0.019446  0.043849
2023-04-29 12:48:00      0.000627  0.036990
2023-04-29 13:03:00      0.058083  0.056190
2023-04-29 13:18:00      0.000000  0.064593
2023-04-29 13:33:00      0.086728  0.076588
2023-04-29 13:48:00      0.094471  0.109898
2023-04-29 14:03:00      0.256557  0.135391
2023-04-29 14:18:00      0.353310  0.155715
2023-04-29 14:33:00      0.479140  0.178032
2023-04-29 14:48:00      0.501281  0.190146
2023-04-29 15:03:00      0.612230  0.190415
2023-04-29 15:18:00      0.657732  0.195444
2023-04-29 15:33:00      0.727652  0.213357
2023-04-29 15:48:00      0.578350  0.235124
2023-04-29 16:03:00      0.577008  0.267965
2023-04-29 16:18:00      0.662564  0.299002
2023-04-29 16:33:00      0.589004  0.338605
2023-04-29 16:48:00      0.678041  0.382540
2023-04-29 17:03:00      0.665608  0.441002
2023-04-29 17:18:00      0.696435  0.511118
2023-04-29 17:33:00      0.832840  0.586191
2023-04-29 17:48:00      0.803565  0.631827
2023-04-29 18:03:00      0.912346  0.702024
2023-04-29 18:18:00      0.835313  0.756815
2023-04-29 18:33:00      0.891594  0.784911
2023-04-29 18:48:00      0.991924  0.813674
2023-04-29 19:03:00      0.869300  0.842545
2023-04-29 19:18:00      0.905716  0.869350
2023-04-29 19:33:00      0.952170  0.896790
2023-04-29 19:48:00      0.897390  0.936200
2023-04-29 20:03:00      1.000000  0.959135","                     shear_stress  fDOM RFU
DateTime                                   
2023-04-29 20:03:00      1.000000  0.959135
2023-04-29 20:18:00      0.968669  1.000000
2023-04-29 20:33:00      0.892353  0.973507
2023-04-29 20:48:00      0.989431  0.975634
2023-04-29 21:03:00      0.869843  0.975782
...                           ...       ...
2023-04-30 10:48:00      0.554363  0.162600
2023-04-30 11:03:00      0.513961  0.223718
2023-04-30 11:18:00      0.548496  0.243372
2023-04-30 11:33:00      0.551431  0.242843
2023-04-30 11:48:00      0.545389  0.258678

[64 rows x 2 columns]",shear_stress,fDOM RFU,0.5,2023-04-29 14:47:07.937932800,2023-04-30 10:15:01.753481216,"{'t0': Timestamp('2023-04-29 14:33:00'), 't1': Timestamp('2023-04-29 14:48:00'), 'tau0': np.float64(0.4791395451619942), 'tau1': np.float64(0.5012807994046925), 'c0': np.float64(0.17803202488583414), 'c1': np.float64(0.19014618287788626), 'extrapolated': False}","{'t0': Timestamp('2023-04-30 10:03:00'), 't1': Timestamp('2023-04-30 10:18:00'), 'tau0': np.float64(0.5216381449658106), 'tau1': np.float64(0.49465617538948753), 'c0': np.float64(0.26412225980988885), 'c1': np.float64(0.2433345548976486), 'extrapolated': False}",2023-04-29 20:03:00,down_event9,fDOM RFU
down_event10,-0.4424874530598095,0.5,0.0709962829698419,0.12734472678595757,"                     shear_stress  Turbidity FNU
DateTime                                        
2023-04-30 12:03:00      0.145542       0.075137
2023-04-30 12:18:00      0.233455       0.050376
2023-04-30 12:33:00      0.253696       0.000000
2023-04-30 12:48:00      0.374195       0.010412
2023-04-30 13:03:00      0.430916       0.023774
2023-04-30 13:18:00      0.482647       0.043405
2023-04-30 13:33:00      0.480238       0.063345
2023-04-30 13:48:00      0.603049       0.110894
2023-04-30 14:03:00      0.722905       0.158774
2023-04-30 14:18:00      0.693381       0.193045
2023-04-30 14:33:00      0.695004       0.242253
2023-04-30 14:48:00      0.693900       0.315070
2023-04-30 15:03:00      0.869538       0.394215
2023-04-30 15:18:00      0.874894       0.427961
2023-04-30 15:33:00      0.866123       0.504595
2023-04-30 15:48:00      0.873576       0.587797
2023-04-30 16:03:00      0.760322       0.618511
2023-04-30 16:18:00      0.748598       0.632662
2023-04-30 16:33:00      0.852661       0.664510
2023-04-30 16:48:00      0.892181       0.710254
2023-04-30 17:03:00      0.882057       0.729018
2023-04-30 17:18:00      0.751175       0.801767
2023-04-30 17:33:00      0.656535       0.996143
2023-04-30 17:48:00      0.794523       1.000000
2023-04-30 18:03:00      0.859968       0.948596
2023-04-30 18:18:00      0.884909       0.911512
2023-04-30 18:33:00      0.905521       0.862274
2023-04-30 18:48:00      0.827726       0.704150
2023-04-30 19:03:00      0.921759       0.743384
2023-04-30 19:18:00      0.933831       0.716164
2023-04-30 19:33:00      1.000000       0.674367","                     shear_stress  Turbidity FNU
DateTime                                        
2023-04-30 19:33:00      1.000000       0.674367
2023-04-30 19:48:00      0.926388       0.634837
2023-04-30 20:03:00      0.870224       0.561630
2023-04-30 20:18:00      0.930255       0.456651
2023-04-30 20:33:00      0.920399       0.431409
...                           ...            ...
2023-05-01 09:48:00      0.146432       0.096254
2023-05-01 10:03:00      0.110525       0.098416
2023-05-01 10:18:00      0.024866       0.061812
2023-05-01 10:33:00      0.068688       0.057874
2023-05-01 10:48:00      0.121259       0.050653

[62 rows x 2 columns]",shear_stress,Turbidity FNU,0.5,2023-04-30 13:35:24.825371904,2023-05-01 04:02:04.304041472,"{'t0': Timestamp('2023-04-30 13:33:00'), 't1': Timestamp('2023-04-30 13:48:00'), 'tau0': np.float64(0.4802376292110445), 'tau1': np.float64(0.603048525441385), 'c0': np.float64(0.06334480608093529), 'c1': np.float64(0.11089399659556881), 'extrapolated': False}","{'t0': Timestamp('2023-05-01 03:48:00'), 't1': Timestamp('2023-05-01 04:03:00'), 'tau0': np.float64(0.6784311779725105), 'tau1': np.float64(0.48822948248839587), 'c0': np.float64(0.12798741406456413), 'c1': np.float64(0.1273023308216396), 'extrapolated': False}",2023-04-30 19:33:00,down_event10,Turbidity FNU
down_event10,-0.9154360623455348,0.5,0.046413862271254915,0.5488611760358832,"                     shear_stress  fDOM RFU
DateTime                                   
2023-04-30 12:03:00      0.145542  0.063678
2023-04-30 12:18:00      0.233455  0.011738
2023-04-30 12:33:00      0.253696  0.000000
2023-04-30 12:48:00      0.374195  0.006324
2023-04-30 13:03:00      0.430916  0.011077
2023-04-30 13:18:00      0.482647  0.025338
2023-04-30 13:33:00      0.480238  0.043405
2023-04-30 13:48:00      0.603049  0.062103
2023-04-30 14:03:00      0.722905  0.075292
2023-04-30 14:18:00      0.693381  0.089641
2023-04-30 14:33:00      0.695004  0.104228
2023-04-30 14:48:00      0.693900  0.122860
2023-04-30 15:03:00      0.869538  0.150993
2023-04-30 15:18:00      0.874894  0.176150
2023-04-30 15:33:00      0.866123  0.213553
2023-04-30 15:48:00      0.873576  0.260599
2023-04-30 16:03:00      0.760322  0.308480
2023-04-30 16:18:00      0.748598  0.356102
2023-04-30 16:33:00      0.852661  0.424511
2023-04-30 16:48:00      0.892181  0.482033
2023-04-30 17:03:00      0.882057  0.544573
2023-04-30 17:18:00      0.751175  0.607003
2023-04-30 17:33:00      0.656535  0.662246
2023-04-30 17:48:00      0.794523  0.716478
2023-04-30 18:03:00      0.859968  0.765262
2023-04-30 18:18:00      0.884909  0.811845
2023-04-30 18:33:00      0.905521  0.851739
2023-04-30 18:48:00      0.827726  0.886429
2023-04-30 19:03:00      0.921759  0.919984
2023-04-30 19:18:00      0.933831  0.957226
2023-04-30 19:33:00      1.000000  0.966053","                     shear_stress  fDOM RFU
DateTime                                   
2023-04-30 19:33:00      1.000000  0.966053
2023-04-30 19:48:00      0.926388  0.989402
2023-04-30 20:03:00      0.870224  0.982371
2023-04-30 20:18:00      0.930255  0.986672
2023-04-30 20:33:00      0.920399  0.987824
...                           ...       ...
2023-05-01 09:48:00      0.146432  0.168027
2023-05-01 10:03:00      0.110525  0.158071
2023-05-01 10:18:00      0.024866  0.142551
2023-05-01 10:33:00      0.068688  0.129559
2023-05-01 10:48:00      0.121259  0.122300

[62 rows x 2 columns]",shear_stress,fDOM RFU,0.5,2023-04-30 13:35:24.825371904,2023-05-01 04:02:04.304041472,"{'t0': Timestamp('2023-04-30 13:33:00'), 't1': Timestamp('2023-04-30 13:48:00'), 'tau0': np.float64(0.4802376292110445), 'tau1': np.float64(0.603048525441385), 'c0': np.float64(0.04340496339005332), 'c1': np.float64(0.062103406608113795), 'extrapolated': False}","{'t0': Timestamp('2023-05-01 03:48:00'), 't1': Timestamp('2023-05-01 04:03:00'), 'tau0': np.float64(0.6784311779725105), 'tau1': np.float64(0.48822948248839587), 'c0': np.float64(0.5685032303794869), 'c1': np.float64(0.5475654543640803), 'extrapolated': False}",2023-04-30 19:33:00,down_event10,fDOM RFU
down_event11,0.7395244534236269,0.5,0.3391515934837028,0.08834069668491537,"                     shear_stress  Turbidity FNU
DateTime                                        
2023-05-01 11:03:00      0.066966       0.057172
2023-05-01 11:18:00      0.044357       0.007375
2023-05-01 11:33:00      0.071613       0.000000
2023-05-01 11:48:00      0.000000       0.029837
2023-05-01 12:03:00      0.141175       0.058649
2023-05-01 12:18:00      0.186447       0.089703
2023-05-01 12:33:00      0.081257       0.148328
2023-05-01 12:48:00      0.168819       0.221391
2023-05-01 13:03:00      0.214169       0.240530
2023-05-01 13:18:00      0.180016       0.255556
2023-05-01 13:33:00      0.237668       0.287188
2023-05-01 13:48:00      0.360389       0.312981
2023-05-01 14:03:00      0.461310       0.322957
2023-05-01 14:18:00      0.453161       0.316397
2023-05-01 14:33:00      0.491882       0.335051
2023-05-01 14:48:00      0.563584       0.371274
2023-05-01 15:03:00      0.593306       0.383913
2023-05-01 15:18:00      0.583508       0.453658
2023-05-01 15:33:00      0.662494       0.515663
2023-05-01 15:48:00      0.773367       0.591583
2023-05-01 16:03:00      0.744988       0.641617
2023-05-01 16:18:00      0.724440       0.720360
2023-05-01 16:33:00      0.842576       0.764041
2023-05-01 16:48:00      0.766861       0.845331
2023-05-01 17:03:00      0.787642       0.904946
2023-05-01 17:18:00      0.754903       0.974132
2023-05-01 17:33:00      0.805198       0.993258
2023-05-01 17:48:00      0.871453       0.998379
2023-05-01 18:03:00      0.767603       1.000000
2023-05-01 18:18:00      0.875169       0.974411
2023-05-01 18:33:00      0.989274       0.944570
2023-05-01 18:48:00      0.917093       0.897028
2023-05-01 19:03:00      0.852443       0.839588
2023-05-01 19:18:00      0.837350       0.827891
2023-05-01 19:33:00      0.926343       0.821358
2023-05-01 19:48:00      0.855797       0.778304
2023-05-01 20:03:00      0.889901       0.759936
2023-05-01 20:18:00      0.896093       0.783345
2023-05-01 20:33:00      0.885434       0.713818
2023-05-01 20:48:00      0.940204       0.624647
2023-05-01 21:03:00      0.878211       0.561087
2023-05-01 21:18:00      0.772923       0.520985
2023-05-01 21:33:00      0.875808       0.444385
2023-05-01 21:48:00      0.977944       0.434615
2023-05-01 22:03:00      0.883935       0.424372
2023-05-01 22:18:00      0.755000       0.401456
2023-05-01 22:33:00      0.766196       0.381842
2023-05-01 22:48:00      0.896192       0.365349
2023-05-01 23:03:00      1.000000       0.307517","                     shear_stress  Turbidity FNU
DateTime                                        
2023-05-01 23:03:00      1.000000       0.307517
2023-05-01 23:18:00      0.829029       0.292582
2023-05-01 23:33:00      0.866042       0.283835
2023-05-01 23:48:00      0.904968       0.285672
2023-05-02 00:03:00      0.913506       0.256329
2023-05-02 00:18:00      0.884459       0.245999
2023-05-02 00:33:00      0.906907       0.229971
2023-05-02 00:48:00      0.820132       0.200471
2023-05-02 01:03:00      0.941377       0.193646
2023-05-02 01:18:00      0.928652       0.200440
2023-05-02 01:33:00      0.896143       0.201039
2023-05-02 01:48:00      0.891212       0.203464
2023-05-02 02:03:00      0.773539       0.264443
2023-05-02 02:18:00      0.813174       0.246833
2023-05-02 02:33:00      0.854599       0.267621
2023-05-02 02:48:00      0.890501       0.267411
2023-05-02 03:03:00      0.861605       0.254357
2023-05-02 03:18:00      0.866286       0.209496
2023-05-02 03:33:00      0.836198       0.231637
2023-05-02 03:48:00      0.776225       0.187362
2023-05-02 04:03:00      0.751701       0.161531
2023-05-02 04:18:00      0.822813       0.142283
2023-05-02 04:33:00      0.611057       0.146503
2023-05-02 04:48:00      0.539958       0.121332
2023-05-02 05:03:00      0.613329       0.131002
2023-05-02 05:18:00      0.700244       0.143656
2023-05-02 05:33:00      0.588110       0.172934
2023-05-02 05:48:00      0.677473       0.160901
2023-05-02 06:03:00      0.786225       0.169464
2023-05-02 06:18:00      0.675612       0.144406
2023-05-02 06:33:00      0.759220       0.129543
2023-05-02 06:48:00      0.602743       0.114161
2023-05-02 07:03:00      0.562367       0.096077
2023-05-02 07:18:00      0.648845       0.063788
2023-05-02 07:33:00      0.549497       0.101114
2023-05-02 07:48:00      0.568042       0.099451
2023-05-02 08:03:00      0.521034       0.093231
2023-05-02 08:18:00      0.610988       0.088355
2023-05-02 08:33:00      0.424740       0.088331
2023-05-02 08:48:00      0.461887       0.061306
2023-05-02 09:03:00      0.402839       0.091947
2023-05-02 09:18:00      0.299414       0.079322
2023-05-02 09:33:00      0.230498       0.075494
2023-05-02 09:48:00      0.428082       0.070729
2023-05-02 10:03:00      0.344250       0.079651
2023-05-02 10:18:00      0.300763       0.063090
2023-05-02 10:33:00      0.247301       0.075067
2023-05-02 10:48:00      0.311659       0.081919
2023-05-02 11:03:00      0.216044       0.084831
2023-05-02 11:18:00      0.299402       0.067190
2023-05-02 11:33:00      0.254268       0.054187
2023-05-02 11:48:00      0.314864       0.038548
2023-05-02 12:03:00      0.384265       0.027461
2023-05-02 12:18:00      0.327271       0.023825
2023-05-02 12:33:00      0.302881       0.021881
2023-05-02 12:48:00      0.200890       0.042991",shear_stress,Turbidity FNU,0.5,2023-05-01 14:34:41.892763136,2023-05-02 08:26:56.322510848,"{'t0': Timestamp('2023-05-01 14:33:00'), 't1': Timestamp('2023-05-01 14:48:00'), 'tau0': np.float64(0.49188240528620547), 'tau1': np.float64(0.5635836235675915), 'c0': np.float64(0.33505054843151666), 'c1': np.float64(0.37127432363762314), 'extrapolated': False}","{'t0': Timestamp('2023-05-02 08:18:00'), 't1': Timestamp('2023-05-02 08:33:00'), 'tau0': np.float64(0.6109875900665999), 'tau1': np.float64(0.42473989575606547), 'c0': np.float64(0.08835514543970244), 'c1': np.float64(0.08833089905987437), 'extrapolated': False}",2023-05-01 23:03:00,down_event11,Turbidity FNU
down_event11,-0.11116405161722342,0.5,0.20472650513387827,0.23033103634745536,"                     shear_stress  fDOM RFU
DateTime                                   
2023-05-01 11:03:00      0.066966  0.024517
2023-05-01 11:18:00      0.044357  0.003928
2023-05-01 11:33:00      0.071613  0.000000
2023-05-01 11:48:00      0.000000  0.024456
2023-05-01 12:03:00      0.141175  0.022721
2023-05-01 12:18:00      0.186447  0.024222
2023-05-01 12:33:00      0.081257  0.033330
2023-05-01 12:48:00      0.168819  0.038853
2023-05-01 13:03:00      0.214169  0.019783
2023-05-01 13:18:00      0.180016  0.038234
2023-05-01 13:33:00      0.237668  0.063582
2023-05-01 13:48:00      0.360389  0.081448
2023-05-01 14:03:00      0.461310  0.118637
2023-05-01 14:18:00      0.453161  0.157885
2023-05-01 14:33:00      0.491882  0.199213
2023-05-01 14:48:00      0.563584  0.247916
2023-05-01 15:03:00      0.593306  0.316427
2023-05-01 15:18:00      0.583508  0.374099
2023-05-01 15:33:00      0.662494  0.420502
2023-05-01 15:48:00      0.773367  0.459330
2023-05-01 16:03:00      0.744988  0.502179
2023-05-01 16:18:00      0.724440  0.541344
2023-05-01 16:33:00      0.842576  0.570934
2023-05-01 16:48:00      0.766861  0.615782
2023-05-01 17:03:00      0.787642  0.671464
2023-05-01 17:18:00      0.754903  0.715261
2023-05-01 17:33:00      0.805198  0.751852
2023-05-01 17:48:00      0.871453  0.792999
2023-05-01 18:03:00      0.767603  0.836816
2023-05-01 18:18:00      0.875169  0.863485
2023-05-01 18:33:00      0.989274  0.886173
2023-05-01 18:48:00      0.917093  0.904330
2023-05-01 19:03:00      0.852443  0.934629
2023-05-01 19:18:00      0.837350  0.945704
2023-05-01 19:33:00      0.926343  0.963716
2023-05-01 19:48:00      0.855797  0.982210
2023-05-01 20:03:00      0.889901  0.993815
2023-05-01 20:18:00      0.896093  0.994757
2023-05-01 20:33:00      0.885434  0.996107
2023-05-01 20:48:00      0.940204  1.000000
2023-05-01 21:03:00      0.878211  0.994898
2023-05-01 21:18:00      0.772923  0.994180
2023-05-01 21:33:00      0.875808  0.985527
2023-05-01 21:48:00      0.977944  0.979933
2023-05-01 22:03:00      0.883935  0.970279
2023-05-01 22:18:00      0.755000  0.949781
2023-05-01 22:33:00      0.766196  0.931847
2023-05-01 22:48:00      0.896192  0.911427
2023-05-01 23:03:00      1.000000  0.889637","                     shear_stress  fDOM RFU
DateTime                                   
2023-05-01 23:03:00      1.000000  0.889637
2023-05-01 23:18:00      0.829029  0.861537
2023-05-01 23:33:00      0.866042  0.838174
2023-05-01 23:48:00      0.904968  0.814131
2023-05-02 00:03:00      0.913506  0.791003
2023-05-02 00:18:00      0.884459  0.765737
2023-05-02 00:33:00      0.906907  0.741926
2023-05-02 00:48:00      0.820132  0.722876
2023-05-02 01:03:00      0.941377  0.712335
2023-05-02 01:18:00      0.928652  0.697992
2023-05-02 01:33:00      0.896143  0.681306
2023-05-02 01:48:00      0.891212  0.663631
2023-05-02 02:03:00      0.773539  0.642893
2023-05-02 02:18:00      0.813174  0.606645
2023-05-02 02:33:00      0.854599  0.580477
2023-05-02 02:48:00      0.890501  0.559892
2023-05-02 03:03:00      0.861605  0.540344
2023-05-02 03:18:00      0.866286  0.516774
2023-05-02 03:33:00      0.836198  0.506282
2023-05-02 03:48:00      0.776225  0.489065
2023-05-02 04:03:00      0.751701  0.467117
2023-05-02 04:18:00      0.822813  0.449505
2023-05-02 04:33:00      0.611057  0.430580
2023-05-02 04:48:00      0.539958  0.408303
2023-05-02 05:03:00      0.613329  0.387936
2023-05-02 05:18:00      0.700244  0.366719
2023-05-02 05:33:00      0.588110  0.346584
2023-05-02 05:48:00      0.677473  0.331424
2023-05-02 06:03:00      0.786225  0.320612
2023-05-02 06:18:00      0.675612  0.311046
2023-05-02 06:33:00      0.759220  0.301077
2023-05-02 06:48:00      0.602743  0.294189
2023-05-02 07:03:00      0.562367  0.293488
2023-05-02 07:18:00      0.648845  0.285027
2023-05-02 07:33:00      0.549497  0.270396
2023-05-02 07:48:00      0.568042  0.266037
2023-05-02 08:03:00      0.521034  0.256799
2023-05-02 08:18:00      0.610988  0.240932
2023-05-02 08:33:00      0.424740  0.223142
2023-05-02 08:48:00      0.461887  0.203179
2023-05-02 09:03:00      0.402839  0.173000
2023-05-02 09:18:00      0.299414  0.140356
2023-05-02 09:33:00      0.230498  0.112937
2023-05-02 09:48:00      0.428082  0.094448
2023-05-02 10:03:00      0.344250  0.077300
2023-05-02 10:18:00      0.300763  0.061979
2023-05-02 10:33:00      0.247301  0.051168
2023-05-02 10:48:00      0.311659  0.043941
2023-05-02 11:03:00      0.216044  0.029401
2023-05-02 11:18:00      0.299402  0.020608
2023-05-02 11:33:00      0.254268  0.016756
2023-05-02 11:48:00      0.314864  0.014604
2023-05-02 12:03:00      0.384265  0.007195
2023-05-02 12:18:00      0.327271  0.008717
2023-05-02 12:33:00      0.302881  0.008469
2023-05-02 12:48:00      0.200890  0.008235",shear_stress,fDOM RFU,0.5,2023-05-01 14:34:41.892763136,2023-05-02 08:26:56.322510848,"{'t0': Timestamp('2023-05-01 14:33:00'), 't1': Timestamp('2023-05-01 14:48:00'), 'tau0': np.float64(0.49188240528620547), 'tau1': np.float64(0.5635836235675915), 'c0': np.float64(0.19921262378364366), 'c1': np.float64(0.2479157216531905), 'extrapolated': False}","{'t0': Timestamp('2023-05-02 08:18:00'), 't1': Timestamp('2023-05-02 08:33:00'), 'tau0': np.float64(0.6109875900665999), 'tau1': np.float64(0.42473989575606547), 'c0': np.float64(0.2409324162013449), 'c1': np.float64(0.2231422961233818), 'extrapolated': False}",2023-05-01 23:03:00,down_event11,fDOM RFU
down_event12,0.09364538517804077,0.5,0.6411212577782448,0.5810832106477711,"                     shear_stress  Turbidity FNU
DateTime                                        
2023-05-02 13:03:00      0.000000       0.273282
2023-05-02 13:18:00      0.014832       0.362950
2023-05-02 13:33:00      0.032426       0.408973
2023-05-02 13:48:00      0.096848       0.450116
2023-05-02 14:03:00      0.154380       0.423734
2023-05-02 14:18:00      0.087892       0.493262
2023-05-02 14:33:00      0.131015       0.498509
2023-05-02 14:48:00      0.100133       0.602340
2023-05-02 15:03:00      0.167837       0.597535
2023-05-02 15:18:00      0.328882       0.703141
2023-05-02 15:33:00      0.237133       0.653459
2023-05-02 15:48:00      0.202768       0.660677
2023-05-02 16:03:00      0.283203       0.568964
2023-05-02 16:18:00      0.315142       0.618497
2023-05-02 16:33:00      0.371725       0.541023
2023-05-02 16:48:00      0.519953       0.656692
2023-05-02 17:03:00      0.576271       0.664729
2023-05-02 17:18:00      0.548014       0.678657
2023-05-02 17:33:00      0.789664       0.682097
2023-05-02 17:48:00      0.945189       0.772248
2023-05-02 18:03:00      0.848652       0.795332
2023-05-02 18:18:00      0.816659       0.886201
2023-05-02 18:33:00      0.823351       0.851618
2023-05-02 18:48:00      0.897464       0.945048
2023-05-02 19:03:00      0.845950       0.958901
2023-05-02 19:18:00      0.816792       1.000000
2023-05-02 19:33:00      1.000000       0.857995","                     shear_stress  Turbidity FNU
DateTime                                        
2023-05-02 19:33:00      1.000000       0.857995
2023-05-02 19:48:00      0.945552       0.883743
2023-05-02 20:03:00      0.835165       0.739046
2023-05-02 20:18:00      0.641577       0.634775
2023-05-02 20:33:00      0.654580       0.502857
...                           ...            ...
2023-05-03 10:18:00      0.152996       0.488623
2023-05-03 10:33:00      0.134736       0.341610
2023-05-03 10:48:00      0.180779       0.312157
2023-05-03 11:03:00      0.109234       0.126364
2023-05-03 11:18:00      0.147119       0.000000

[64 rows x 2 columns]",shear_stress,Turbidity FNU,0.5,2023-05-02 16:45:58.849025792,2023-05-02 23:12:03.319557632,"{'t0': Timestamp('2023-05-02 16:33:00'), 't1': Timestamp('2023-05-02 16:48:00'), 'tau0': np.float64(0.37172474844473563), 'tau1': np.float64(0.5199533814167746), 'c0': np.float64(0.5410233204648226), 'c1': np.float64(0.6566916215074678), 'extrapolated': False}","{'t0': Timestamp('2023-05-02 23:03:00'), 't1': Timestamp('2023-05-02 23:18:00'), 'tau0': np.float64(0.5753626959222973), 'tau1': np.float64(0.4505256173288545), 'c0': np.float64(0.6202380452032348), 'c1': np.float64(0.5553786993451468), 'extrapolated': False}",2023-05-02 19:33:00,down_event12,Turbidity FNU
down_event12,-0.44122459346906395,0.5,0.4335940142966796,0.7759719007473427,"                     shear_stress  fDOM RFU
DateTime                                   
2023-05-02 13:03:00      0.000000  0.122250
2023-05-02 13:18:00      0.014832  0.124198
2023-05-02 13:33:00      0.032426  0.120009
2023-05-02 13:48:00      0.096848  0.117114
2023-05-02 14:03:00      0.154380  0.118626
2023-05-02 14:18:00      0.087892  0.119693
2023-05-02 14:33:00      0.131015  0.124569
2023-05-02 14:48:00      0.100133  0.131113
2023-05-02 15:03:00      0.167837  0.137754
2023-05-02 15:18:00      0.328882  0.145200
2023-05-02 15:33:00      0.237133  0.167554
2023-05-02 15:48:00      0.202768  0.200186
2023-05-02 16:03:00      0.283203  0.242445
2023-05-02 16:18:00      0.315142  0.305593
2023-05-02 16:33:00      0.371725  0.373719
2023-05-02 16:48:00      0.519953  0.442908
2023-05-02 17:03:00      0.576271  0.508486
2023-05-02 17:18:00      0.548014  0.567815
2023-05-02 17:33:00      0.789664  0.621265
2023-05-02 17:48:00      0.945189  0.663031
2023-05-02 18:03:00      0.848652  0.700212
2023-05-02 18:18:00      0.816659  0.748686
2023-05-02 18:33:00      0.823351  0.784482
2023-05-02 18:48:00      0.897464  0.825347
2023-05-02 19:03:00      0.845950  0.873033
2023-05-02 19:18:00      0.816792  0.918753
2023-05-02 19:33:00      1.000000  0.948752","                     shear_stress  fDOM RFU
DateTime                                   
2023-05-02 19:33:00      1.000000  0.948752
2023-05-02 19:48:00      0.945552  0.981701
2023-05-02 20:03:00      0.835165  0.995954
2023-05-02 20:18:00      0.641577  1.000000
2023-05-02 20:33:00      0.654580  0.991580
...                           ...       ...
2023-05-03 10:18:00      0.152996  0.015104
2023-05-03 10:33:00      0.134736  0.002701
2023-05-03 10:48:00      0.180779  0.001858
2023-05-03 11:03:00      0.109234  0.000000
2023-05-03 11:18:00      0.147119  0.000888

[64 rows x 2 columns]",shear_stress,fDOM RFU,0.5,2023-05-02 16:45:58.849025792,2023-05-02 23:12:03.319557632,"{'t0': Timestamp('2023-05-02 16:33:00'), 't1': Timestamp('2023-05-02 16:48:00'), 'tau0': np.float64(0.37172474844473563), 'tau1': np.float64(0.5199533814167746), 'c0': np.float64(0.3737190753775698), 'c1': np.float64(0.4429076385556536), 'extrapolated': False}","{'t0': Timestamp('2023-05-02 23:03:00'), 't1': Timestamp('2023-05-02 23:18:00'), 'tau0': np.float64(0.5753626959222973), 'tau1': np.float64(0.4505256173288545), 'c0': np.float64(0.7827583428689869), 'c1': np.float64(0.7715167120024302), 'extrapolated': False}",2023-05-02 19:33:00,down_event12,fDOM RFU
down_event13,0.7810036078587718,0.5,0.5984592153038236,0.13106040899520788,"                     shear_stress  Turbidity FNU
DateTime                                        
2023-05-03 11:33:00      0.000000       0.038337
2023-05-03 11:48:00      0.002651       0.000000
2023-05-03 12:03:00      0.045791       0.000998
2023-05-03 12:18:00      0.154980       0.020488
2023-05-03 12:33:00      0.096050       0.067090
2023-05-03 12:48:00      0.197402       0.127462
2023-05-03 13:03:00      0.285230       0.167187
2023-05-03 13:18:00      0.243055       0.208162
2023-05-03 13:33:00      0.261782       0.221916
2023-05-03 13:48:00      0.292694       0.218576
2023-05-03 14:03:00      0.291581       0.202854
2023-05-03 14:18:00      0.368791       0.257912
2023-05-03 14:33:00      0.369921       0.278248
2023-05-03 14:48:00      0.353875       0.330556
2023-05-03 15:03:00      0.406967       0.387526
2023-05-03 15:18:00      0.467395       0.455880
2023-05-03 15:33:00      0.484220       0.506756
2023-05-03 15:48:00      0.503240       0.617289
2023-05-03 16:03:00      0.534493       0.649708
2023-05-03 16:18:00      0.547363       0.719900
2023-05-03 16:33:00      0.530734       0.769350
2023-05-03 16:48:00      0.598749       0.806937
2023-05-03 17:03:00      0.649971       0.796174
2023-05-03 17:18:00      0.650230       0.893073
2023-05-03 17:33:00      0.574828       0.977234
2023-05-03 17:48:00      0.614911       1.000000
2023-05-03 18:03:00      0.721575       0.986591
2023-05-03 18:18:00      0.799868       0.958932
2023-05-03 18:33:00      0.893447       0.931277
2023-05-03 18:48:00      0.900173       0.830543
2023-05-03 19:03:00      0.924584       0.794377
2023-05-03 19:18:00      0.994786       0.792110
2023-05-03 19:33:00      0.902099       0.752600
2023-05-03 19:48:00      0.864655       0.711195
2023-05-03 20:03:00      0.841295       0.654138
2023-05-03 20:18:00      0.776381       0.625212
2023-05-03 20:33:00      0.934866       0.664943
2023-05-03 20:48:00      0.927425       0.721871
2023-05-03 21:03:00      1.000000       0.757718","                     shear_stress  Turbidity FNU
DateTime                                        
2023-05-03 21:03:00      1.000000       0.757718
2023-05-03 21:18:00      0.853002       0.780665
2023-05-03 21:33:00      0.757771       0.760586
2023-05-03 21:48:00      0.878792       0.703763
2023-05-03 22:03:00      0.795355       0.623812
2023-05-03 22:18:00      0.937125       0.512859
2023-05-03 22:33:00      0.836655       0.469707
2023-05-03 22:48:00      0.775356       0.452991
2023-05-03 23:03:00      0.840306       0.387394
2023-05-03 23:18:00      0.812934       0.337119
2023-05-03 23:33:00      0.730853       0.330619
2023-05-03 23:48:00      0.763289       0.303293
2023-05-04 00:03:00      0.720740       0.294428
2023-05-04 00:18:00      0.744035       0.272386
2023-05-04 00:33:00      0.679751       0.273950
2023-05-04 00:48:00      0.628541       0.242857
2023-05-04 01:03:00      0.640918       0.228975
2023-05-04 01:18:00      0.754998       0.214089
2023-05-04 01:33:00      0.523502       0.247431
2023-05-04 01:48:00      0.668584       0.234766
2023-05-04 02:03:00      0.667585       0.230463
2023-05-04 02:18:00      0.550898       0.212179
2023-05-04 02:33:00      0.592491       0.206539
2023-05-04 02:48:00      0.638661       0.192697
2023-05-04 03:03:00      0.556598       0.197733
2023-05-04 03:18:00      0.661711       0.201578
2023-05-04 03:33:00      0.553048       0.215237
2023-05-04 03:48:00      0.618019       0.185922
2023-05-04 04:03:00      0.528209       0.126036
2023-05-04 04:18:00      0.580084       0.131769
2023-05-04 04:33:00      0.634023       0.118140
2023-05-04 04:48:00      0.541697       0.120985
2023-05-04 05:03:00      0.477822       0.136419
2023-05-04 05:18:00      0.448448       0.176145
2023-05-04 05:33:00      0.528090       0.155558
2023-05-04 05:48:00      0.564819       0.165046
2023-05-04 06:03:00      0.566231       0.156292
2023-05-04 06:18:00      0.509088       0.140791
2023-05-04 06:33:00      0.466717       0.127190
2023-05-04 06:48:00      0.370133       0.138602
2023-05-04 07:03:00      0.466224       0.128836
2023-05-04 07:18:00      0.530180       0.147066
2023-05-04 07:33:00      0.424803       0.174391
2023-05-04 07:48:00      0.434006       0.162566
2023-05-04 08:03:00      0.379825       0.157163
2023-05-04 08:18:00      0.391795       0.172023
2023-05-04 08:33:00      0.388244       0.154397
2023-05-04 08:48:00      0.349248       0.128518
2023-05-04 09:03:00      0.404386       0.119174
2023-05-04 09:18:00      0.374425       0.102693
2023-05-04 09:33:00      0.294263       0.069534
2023-05-04 09:48:00      0.335082       0.052218",shear_stress,Turbidity FNU,0.5,2023-05-03 15:45:26.682982656,2023-05-04 04:57:47.511254784,"{'t0': Timestamp('2023-05-03 15:33:00'), 't1': Timestamp('2023-05-03 15:48:00'), 'tau0': np.float64(0.484219896508418), 'tau1': np.float64(0.5032401413430793), 'c0': np.float64(0.5067561646056007), 'c1': np.float64(0.61728867645531), 'extrapolated': False}","{'t0': Timestamp('2023-05-04 04:48:00'), 't1': Timestamp('2023-05-04 05:03:00'), 'tau0': np.float64(0.5416972940290343), 'tau1': np.float64(0.4778218119386877), 'c0': np.float64(0.12098502249058354), 'c1': np.float64(0.13641936145911226), 'extrapolated': False}",2023-05-03 21:03:00,down_event13,Turbidity FNU
down_event13,-0.22164286780812648,0.5,0.3258083692741119,0.41858467764871277,"                     shear_stress  fDOM RFU
DateTime                                   
2023-05-03 11:33:00      0.000000  0.007749
2023-05-03 11:48:00      0.002651  0.035619
2023-05-03 12:03:00      0.045791  0.023709
2023-05-03 12:18:00      0.154980  0.010328
2023-05-03 12:33:00      0.096050  0.000000
2023-05-03 12:48:00      0.197402  0.024091
2023-05-03 13:03:00      0.285230  0.001974
2023-05-03 13:18:00      0.243055  0.018707
2023-05-03 13:33:00      0.261782  0.038417
2023-05-03 13:48:00      0.292694  0.055162
2023-05-03 14:03:00      0.291581  0.069421
2023-05-03 14:18:00      0.368791  0.085453
2023-05-03 14:33:00      0.369921  0.097191
2023-05-03 14:48:00      0.353875  0.127524
2023-05-03 15:03:00      0.406967  0.169138
2023-05-03 15:18:00      0.467395  0.216740
2023-05-03 15:33:00      0.484220  0.277064
2023-05-03 15:48:00      0.503240  0.335817
2023-05-03 16:03:00      0.534493  0.398258
2023-05-03 16:18:00      0.547363  0.467632
2023-05-03 16:33:00      0.530734  0.529532
2023-05-03 16:48:00      0.598749  0.596096
2023-05-03 17:03:00      0.649971  0.663470
2023-05-03 17:18:00      0.650230  0.724197
2023-05-03 17:33:00      0.574828  0.775868
2023-05-03 17:48:00      0.614911  0.826751
2023-05-03 18:03:00      0.721575  0.869130
2023-05-03 18:18:00      0.799868  0.914164
2023-05-03 18:33:00      0.893447  0.937328
2023-05-03 18:48:00      0.900173  0.958073
2023-05-03 19:03:00      0.924584  0.974952
2023-05-03 19:18:00      0.994786  0.980286
2023-05-03 19:33:00      0.902099  0.981461
2023-05-03 19:48:00      0.864655  0.978458
2023-05-03 20:03:00      0.841295  0.981031
2023-05-03 20:18:00      0.776381  0.966542
2023-05-03 20:33:00      0.934866  0.975735
2023-05-03 20:48:00      0.927425  0.981509
2023-05-03 21:03:00      1.000000  0.992205","                     shear_stress  fDOM RFU
DateTime                                   
2023-05-03 21:03:00      1.000000  0.992205
2023-05-03 21:18:00      0.853002  0.988006
2023-05-03 21:33:00      0.757771  1.000000
2023-05-03 21:48:00      0.878792  0.984775
2023-05-03 22:03:00      0.795355  0.967314
2023-05-03 22:18:00      0.937125  0.945844
2023-05-03 22:33:00      0.836655  0.928733
2023-05-03 22:48:00      0.775356  0.904174
2023-05-03 23:03:00      0.840306  0.882898
2023-05-03 23:18:00      0.812934  0.863777
2023-05-03 23:33:00      0.730853  0.849772
2023-05-03 23:48:00      0.763289  0.826023
2023-05-04 00:03:00      0.720740  0.803464
2023-05-04 00:18:00      0.744035  0.778489
2023-05-04 00:33:00      0.679751  0.747117
2023-05-04 00:48:00      0.628541  0.723112
2023-05-04 01:03:00      0.640918  0.702453
2023-05-04 01:18:00      0.754998  0.685120
2023-05-04 01:33:00      0.523502  0.666933
2023-05-04 01:48:00      0.668584  0.655426
2023-05-04 02:03:00      0.667585  0.632927
2023-05-04 02:18:00      0.550898  0.612113
2023-05-04 02:33:00      0.592491  0.591993
2023-05-04 02:48:00      0.638661  0.569943
2023-05-04 03:03:00      0.556598  0.551315
2023-05-04 03:18:00      0.661711  0.535673
2023-05-04 03:33:00      0.553048  0.518095
2023-05-04 03:48:00      0.618019  0.499766
2023-05-04 04:03:00      0.528209  0.481475
2023-05-04 04:18:00      0.580084  0.460834
2023-05-04 04:33:00      0.634023  0.447114
2023-05-04 04:48:00      0.541697  0.428574
2023-05-04 05:03:00      0.477822  0.413272
2023-05-04 05:18:00      0.448448  0.400741
2023-05-04 05:33:00      0.528090  0.384132
2023-05-04 05:48:00      0.564819  0.360021
2023-05-04 06:03:00      0.566231  0.353299
2023-05-04 06:18:00      0.509088  0.341636
2023-05-04 06:33:00      0.466717  0.333070
2023-05-04 06:48:00      0.370133  0.331372
2023-05-04 07:03:00      0.466224  0.322500
2023-05-04 07:18:00      0.530180  0.311670
2023-05-04 07:33:00      0.424803  0.296106
2023-05-04 07:48:00      0.434006  0.283036
2023-05-04 08:03:00      0.379825  0.262128
2023-05-04 08:18:00      0.391795  0.244848
2023-05-04 08:33:00      0.388244  0.214602
2023-05-04 08:48:00      0.349248  0.191794
2023-05-04 09:03:00      0.404386  0.163923
2023-05-04 09:18:00      0.374425  0.142480
2023-05-04 09:33:00      0.294263  0.122588
2023-05-04 09:48:00      0.335082  0.110384",shear_stress,fDOM RFU,0.5,2023-05-03 15:45:26.682982656,2023-05-04 04:57:47.511254784,"{'t0': Timestamp('2023-05-03 15:33:00'), 't1': Timestamp('2023-05-03 15:48:00'), 'tau0': np.float64(0.484219896508418), 'tau1': np.float64(0.5032401413430793), 'c0': np.float64(0.2770642110972827), 'c1': np.float64(0.3358170464747527), 'extrapolated': False}","{'t0': Timestamp('2023-05-04 04:48:00'), 't1': Timestamp('2023-05-04 05:03:00'), 'tau0': np.float64(0.5416972940290343), 'tau1': np.float64(0.4778218119386877), 'c0': np.float64(0.42857354242718654), 'c1': np.float64(0.41327174484046353), 'extrapolated': False}",2023-05-03 21:03:00,down_event13,fDOM RFU
down_event14,0.7686507722808511,0.5,0.6645966599848658,0.15375392403222454,"                     shear_stress  Turbidity FNU
DateTime                                        
2023-05-04 11:03:00      0.000755       0.234603
2023-05-04 11:18:00      0.173523       0.228534
2023-05-04 11:33:00      0.239311       0.293005
2023-05-04 11:48:00      0.225830       0.314425
2023-05-04 12:03:00      0.134355       0.268346
2023-05-04 12:18:00      0.198689       0.279068
2023-05-04 12:33:00      0.106701       0.278379
2023-05-04 12:48:00      0.132866       0.232891
2023-05-04 13:03:00      0.086752       0.188373
2023-05-04 13:18:00      0.128833       0.200347
2023-05-04 13:33:00      0.191093       0.210047
2023-05-04 13:48:00      0.221800       0.247015
2023-05-04 14:03:00      0.287342       0.265349
2023-05-04 14:18:00      0.207199       0.360592
2023-05-04 14:33:00      0.199304       0.372583
2023-05-04 14:48:00      0.346704       0.381085
2023-05-04 15:03:00      0.310040       0.410660
2023-05-04 15:18:00      0.380733       0.442947
2023-05-04 15:33:00      0.364427       0.445578
2023-05-04 15:48:00      0.424041       0.656496
2023-05-04 16:03:00      0.562041       0.671213
2023-05-04 16:18:00      0.404746       0.775233
2023-05-04 16:33:00      0.452597       1.000000
2023-05-04 16:48:00      0.541005       0.977624
2023-05-04 17:03:00      0.567203       0.850174
2023-05-04 17:18:00      0.732375       0.882257
2023-05-04 17:33:00      0.600160       0.884628
2023-05-04 17:48:00      0.597187       0.729430
2023-05-04 18:03:00      0.903569       0.762701
2023-05-04 18:18:00      0.918140       0.714858
2023-05-04 18:33:00      1.000000       0.746417","                     shear_stress  Turbidity FNU
DateTime                                        
2023-05-04 18:33:00      1.000000       0.746417
2023-05-04 18:48:00      0.918356       0.659980
2023-05-04 19:03:00      0.834190       0.647183
2023-05-04 19:18:00      0.682607       0.633791
2023-05-04 19:33:00      0.878472       0.663669
2023-05-04 19:48:00      0.831275       0.589109
2023-05-04 20:03:00      0.747768       0.514526
2023-05-04 20:18:00      0.841723       0.358487
2023-05-04 20:33:00      0.720860       0.292426
2023-05-04 20:48:00      0.726998       0.138958
2023-05-04 21:03:00      0.737617       0.164598
2023-05-04 21:18:00      0.730576       0.239722
2023-05-04 21:33:00      0.692250       0.387756
2023-05-04 21:48:00      0.694621       0.356216
2023-05-04 22:03:00      0.718348       0.478849
2023-05-04 22:18:00      0.756225       0.427116
2023-05-04 22:33:00      0.716936       0.359815
2023-05-04 22:48:00      0.622563       0.283314
2023-05-04 23:03:00      0.639414       0.349073
2023-05-04 23:18:00      0.628552       0.300843
2023-05-04 23:33:00      0.605494       0.304582
2023-05-04 23:48:00      0.656677       0.332671
2023-05-05 00:03:00      0.704730       0.305517
2023-05-05 00:18:00      0.541694       0.235330
2023-05-05 00:33:00      0.542708       0.243368
2023-05-05 00:48:00      0.554507       0.218417
2023-05-05 01:03:00      0.563394       0.172268
2023-05-05 01:18:00      0.577827       0.208235
2023-05-05 01:33:00      0.635452       0.222468
2023-05-05 01:48:00      0.623951       0.192150
2023-05-05 02:03:00      0.526190       0.183353
2023-05-05 02:18:00      0.634441       0.175773
2023-05-05 02:33:00      0.733481       0.143437
2023-05-05 02:48:00      0.458227       0.155600
2023-05-05 03:03:00      0.481361       0.111740
2023-05-05 03:18:00      0.359052       0.137440
2023-05-05 03:33:00      0.453715       0.262408
2023-05-05 03:48:00      0.542472       0.304025
2023-05-05 04:03:00      0.481286       0.368962
2023-05-05 04:18:00      0.445107       0.412333
2023-05-05 04:33:00      0.563041       0.371872
2023-05-05 04:48:00      0.443552       0.211637
2023-05-05 05:03:00      0.340116       0.232952
2023-05-05 05:18:00      0.373881       0.116750
2023-05-05 05:33:00      0.397246       0.174874
2023-05-05 05:48:00      0.335521       0.181154
2023-05-05 06:03:00      0.435208       0.245272
2023-05-05 06:18:00      0.414888       0.165894
2023-05-05 06:33:00      0.382758       0.182054
2023-05-05 06:48:00      0.309122       0.078486
2023-05-05 07:03:00      0.225721       0.055168
2023-05-05 07:18:00      0.182789       0.048460
2023-05-05 07:33:00      0.155591       0.106569
2023-05-05 07:48:00      0.159044       0.106461
2023-05-05 08:03:00      0.349058       0.087797
2023-05-05 08:18:00      0.327625       0.104335
2023-05-05 08:33:00      0.000000       0.071884
2023-05-05 08:48:00      0.106493       0.000000",shear_stress,Turbidity FNU,0.5,2023-05-04 15:56:15.382407936,2023-05-05 02:45:43.415042048,"{'t0': Timestamp('2023-05-04 15:48:00'), 't1': Timestamp('2023-05-04 16:03:00'), 'tau0': np.float64(0.4240414081564149), 'tau1': np.float64(0.5620413281410105), 'c0': np.float64(0.6564958592569993), 'c1': np.float64(0.6712132180858211), 'extrapolated': False}","{'t0': Timestamp('2023-05-05 02:33:00'), 't1': Timestamp('2023-05-05 02:48:00'), 'tau0': np.float64(0.7334806513417919), 'tau1': np.float64(0.45822725101270945), 'c0': np.float64(0.14343744544861073), 'c1': np.float64(0.15559967728038626), 'extrapolated': False}",2023-05-04 18:33:00,down_event14,Turbidity FNU
down_event14,0.12050631398600764,0.5,0.4207856490116629,0.3700783214710574,"                     shear_stress  fDOM RFU
DateTime                                   
2023-05-04 11:03:00      0.000755  0.098019
2023-05-04 11:18:00      0.173523  0.099520
2023-05-04 11:33:00      0.239311  0.099497
2023-05-04 11:48:00      0.225830  0.062426
2023-05-04 12:03:00      0.134355  0.000000
2023-05-04 12:18:00      0.198689  0.035142
2023-05-04 12:33:00      0.106701  0.029757
2023-05-04 12:48:00      0.132866  0.033174
2023-05-04 13:03:00      0.086752  0.077141
2023-05-04 13:18:00      0.128833  0.089801
2023-05-04 13:33:00      0.191093  0.110500
2023-05-04 13:48:00      0.221800  0.125426
2023-05-04 14:03:00      0.287342  0.136001
2023-05-04 14:18:00      0.207199  0.147267
2023-05-04 14:33:00      0.199304  0.159498
2023-05-04 14:48:00      0.346704  0.189053
2023-05-04 15:03:00      0.310040  0.227082
2023-05-04 15:18:00      0.380733  0.277836
2023-05-04 15:33:00      0.364427  0.330436
2023-05-04 15:48:00      0.424041  0.394092
2023-05-04 16:03:00      0.562041  0.442588
2023-05-04 16:18:00      0.404746  0.501799
2023-05-04 16:33:00      0.452597  0.560590
2023-05-04 16:48:00      0.541005  0.614405
2023-05-04 17:03:00      0.567203  0.677628
2023-05-04 17:18:00      0.732375  0.743109
2023-05-04 17:33:00      0.600160  0.797314
2023-05-04 17:48:00      0.597187  0.845607
2023-05-04 18:03:00      0.903569  0.899232
2023-05-04 18:18:00      0.918140  0.929639
2023-05-04 18:33:00      1.000000  0.963403","                     shear_stress  fDOM RFU
DateTime                                   
2023-05-04 18:33:00      1.000000  0.963403
2023-05-04 18:48:00      0.918356  0.981415
2023-05-04 19:03:00      0.834190  0.996055
2023-05-04 19:18:00      0.682607  0.995759
2023-05-04 19:33:00      0.878472  1.000000
2023-05-04 19:48:00      0.831275  0.990920
2023-05-04 20:03:00      0.747768  0.982871
2023-05-04 20:18:00      0.841723  0.964633
2023-05-04 20:33:00      0.720860  0.952387
2023-05-04 20:48:00      0.726998  0.934315
2023-05-04 21:03:00      0.737617  0.913134
2023-05-04 21:18:00      0.730576  0.892765
2023-05-04 21:33:00      0.692250  0.875341
2023-05-04 21:48:00      0.694621  0.861356
2023-05-04 22:03:00      0.718348  0.842613
2023-05-04 22:18:00      0.756225  0.820269
2023-05-04 22:33:00      0.716936  0.787234
2023-05-04 22:48:00      0.622563  0.761610
2023-05-04 23:03:00      0.639414  0.726439
2023-05-04 23:18:00      0.628552  0.695398
2023-05-04 23:33:00      0.605494  0.655504
2023-05-04 23:48:00      0.656677  0.634683
2023-05-05 00:03:00      0.704730  0.610105
2023-05-05 00:18:00      0.541694  0.589602
2023-05-05 00:33:00      0.542708  0.559270
2023-05-05 00:48:00      0.554507  0.549481
2023-05-05 01:03:00      0.563394  0.529870
2023-05-05 01:18:00      0.577827  0.505165
2023-05-05 01:33:00      0.635452  0.482527
2023-05-05 01:48:00      0.623951  0.455920
2023-05-05 02:03:00      0.526190  0.434796
2023-05-05 02:18:00      0.634441  0.411643
2023-05-05 02:33:00      0.733481  0.389009
2023-05-05 02:48:00      0.458227  0.366691
2023-05-05 03:03:00      0.481361  0.356920
2023-05-05 03:18:00      0.359052  0.339606
2023-05-05 03:33:00      0.453715  0.319106
2023-05-05 03:48:00      0.542472  0.301132
2023-05-05 04:03:00      0.481286  0.281094
2023-05-05 04:18:00      0.445107  0.257728
2023-05-05 04:33:00      0.563041  0.237889
2023-05-05 04:48:00      0.443552  0.222824
2023-05-05 05:03:00      0.340116  0.207120
2023-05-05 05:18:00      0.373881  0.197545
2023-05-05 05:33:00      0.397246  0.191912
2023-05-05 05:48:00      0.335521  0.184113
2023-05-05 06:03:00      0.435208  0.179289
2023-05-05 06:18:00      0.414888  0.176623
2023-05-05 06:33:00      0.382758  0.170186
2023-05-05 06:48:00      0.309122  0.170429
2023-05-05 07:03:00      0.225721  0.165512
2023-05-05 07:18:00      0.182789  0.158609
2023-05-05 07:33:00      0.155591  0.151046
2023-05-05 07:48:00      0.159044  0.145751
2023-05-05 08:03:00      0.349058  0.133744
2023-05-05 08:18:00      0.327625  0.122493
2023-05-05 08:33:00      0.000000  0.091098
2023-05-05 08:48:00      0.106493  0.076296",shear_stress,fDOM RFU,0.5,2023-05-04 15:56:15.382407936,2023-05-05 02:45:43.415042048,"{'t0': Timestamp('2023-05-04 15:48:00'), 't1': Timestamp('2023-05-04 16:03:00'), 'tau0': np.float64(0.4240414081564149), 'tau1': np.float64(0.5620413281410105), 'c0': np.float64(0.39409240008601687), 'c1': np.float64(0.44258811500891165), 'extrapolated': False}","{'t0': Timestamp('2023-05-05 02:33:00'), 't1': Timestamp('2023-05-05 02:48:00'), 'tau0': np.float64(0.7334806513417919), 'tau1': np.float64(0.45822725101270945), 'c0': np.float64(0.3890086913146726), 'c1': np.float64(0.366691430164633), 'extrapolated': False}",2023-05-04 18:33:00,down_event14,fDOM RFU
down_event15,0.9604911061373598,0.5,0.6492684375227957,0.025651877786450377,"                     shear_stress  Turbidity FNU
DateTime                                        
2023-05-05 10:03:00      0.690142       0.585728
2023-05-05 10:18:00      0.609226       0.611864
2023-05-05 10:33:00      0.686789       0.633466
2023-05-05 10:48:00      0.640509       0.620778
2023-05-05 11:03:00      0.618807       0.600573
2023-05-05 11:18:00      0.597562       0.550088
2023-05-05 11:33:00      0.580700       0.636360
2023-05-05 11:48:00      0.540313       0.616082
2023-05-05 12:03:00      0.604675       0.569314
2023-05-05 12:18:00      0.586415       0.717341
2023-05-05 12:33:00      0.630648       0.695102
2023-05-05 12:48:00      0.489006       0.645411
2023-05-05 13:03:00      0.568344       0.767880
2023-05-05 13:18:00      0.381784       1.000000
2023-05-05 13:33:00      0.585309       0.924454
2023-05-05 13:48:00      0.566272       0.889644
2023-05-05 14:03:00      0.625945       0.883462
2023-05-05 14:18:00      0.671519       0.791674
2023-05-05 14:33:00      0.672868       0.646612
2023-05-05 14:48:00      0.597713       0.715913
2023-05-05 15:03:00      0.665258       0.855524
2023-05-05 15:18:00      0.714633       0.805212
2023-05-05 15:33:00      0.700082       0.845862
2023-05-05 15:48:00      0.580647       0.886777
2023-05-05 16:03:00      0.700424       0.856430
2023-05-05 16:18:00      0.836820       0.828391
2023-05-05 16:33:00      0.814992       0.977748
2023-05-05 16:48:00      0.905309       0.946908
2023-05-05 17:03:00      0.951108       0.945579
2023-05-05 17:18:00      0.942329       0.820389
2023-05-05 17:33:00      0.863317       0.645426
2023-05-05 17:48:00      0.985071       0.370082
2023-05-05 18:03:00      0.892840       0.234236
2023-05-05 18:18:00      0.997897       0.048034
2023-05-05 18:33:00      0.975298       0.002320
2023-05-05 18:48:00      0.956692       0.004820
2023-05-05 19:03:00      0.948495       0.006837
2023-05-05 19:18:00      1.000000       0.008202","                     shear_stress  Turbidity FNU
DateTime                                        
2023-05-05 19:18:00      1.000000       0.008202
2023-05-05 19:33:00      0.865192       0.008029
2023-05-05 19:48:00      0.518108       0.008353
2023-05-05 20:03:00      0.608929       0.007846
2023-05-05 20:18:00      0.691079       0.008287
2023-05-05 20:33:00      0.721002       0.008957
2023-05-05 20:48:00      0.741619       0.011378
2023-05-05 21:03:00      0.781062       0.014222
2023-05-05 21:18:00      0.643338       0.019337
2023-05-05 21:33:00      0.529327       0.022449
2023-05-05 21:48:00      0.498745       0.025789
2023-05-05 22:03:00      0.556141       0.026499
2023-05-05 22:18:00      0.465698       0.026529
2023-05-05 22:33:00      0.339688       0.026255
2023-05-05 22:48:00      0.390421       0.024923
2023-05-05 23:03:00      0.359152       0.022743
2023-05-05 23:18:00      0.283031       0.022683
2023-05-05 23:33:00      0.345862       0.021734
2023-05-05 23:48:00      0.342664       0.021125
2023-05-06 00:03:00      0.390769       0.020895
2023-05-06 00:18:00      0.339213       0.020636
2023-05-06 00:33:00      0.373636       0.018739
2023-05-06 00:48:00      0.380567       0.018350
2023-05-06 01:03:00      0.386335       0.017214
2023-05-06 01:18:00      0.289491       0.017133
2023-05-06 01:33:00      0.321933       0.016733
2023-05-06 01:48:00      0.311136       0.016456
2023-05-06 02:03:00      0.251917       0.015925
2023-05-06 02:18:00      0.289595       0.015244
2023-05-06 02:33:00      0.229525       0.013679
2023-05-06 02:48:00      0.276380       0.013599
2023-05-06 03:03:00      0.211389       0.014108
2023-05-06 03:18:00      0.280091       0.013237
2023-05-06 03:33:00      0.252402       0.013338
2023-05-06 03:48:00      0.249093       0.013483
2023-05-06 04:03:00      0.282596       0.013434
2023-05-06 04:18:00      0.240605       0.011244
2023-05-06 04:33:00      0.225628       0.011306
2023-05-06 04:48:00      0.323736       0.011149
2023-05-06 05:03:00      0.325060       0.010382
2023-05-06 05:18:00      0.251535       0.009194
2023-05-06 05:33:00      0.164767       0.008999
2023-05-06 05:48:00      0.169305       0.008815
2023-05-06 06:03:00      0.190419       0.006807
2023-05-06 06:18:00      0.111868       0.005901
2023-05-06 06:33:00      0.214420       0.004609
2023-05-06 06:48:00      0.129425       0.003973
2023-05-06 07:03:00      0.085085       0.002457
2023-05-06 07:18:00      0.210050       0.002632
2023-05-06 07:33:00      0.144491       0.001828
2023-05-06 07:48:00      0.164414       0.001064
2023-05-06 08:03:00      0.181505       0.000831
2023-05-06 08:18:00      0.075622       0.000825
2023-05-06 08:33:00      0.009394       0.000000
2023-05-06 08:48:00      0.000000       0.001273",shear_stress,Turbidity FNU,0.5,2023-05-05 12:46:50.141570816,2023-05-05 21:47:23.073537024,"{'t0': Timestamp('2023-05-05 12:33:00'), 't1': Timestamp('2023-05-05 12:48:00'), 'tau0': np.float64(0.6306483247178479), 'tau1': np.float64(0.4890056262058022), 'c0': np.float64(0.6951015635697393), 'c1': np.float64(0.645411468660142), 'extrapolated': False}","{'t0': Timestamp('2023-05-05 21:33:00'), 't1': Timestamp('2023-05-05 21:48:00'), 'tau0': np.float64(0.5293268660121092), 'tau1': np.float64(0.4987452547376395), 'c0': np.float64(0.02244856253927339), 'c1': np.float64(0.02578893111597686), 'extrapolated': False}",2023-05-05 19:18:00,down_event15,Turbidity FNU
down_event15,0.9977876547431932,0.5,0.8718788155934589,0.001928896962188483,"                     shear_stress  fDOM RFU
DateTime                                   
2023-05-05 10:03:00      0.690142  0.902630
2023-05-05 10:18:00      0.609226  0.898505
2023-05-05 10:33:00      0.686789  0.891342
2023-05-05 10:48:00      0.640509  0.878194
2023-05-05 11:03:00      0.618807  0.867344
2023-05-05 11:18:00      0.597562  0.859294
2023-05-05 11:33:00      0.580700  0.856635
2023-05-05 11:48:00      0.540313  0.865589
2023-05-05 12:03:00      0.604675  0.844202
2023-05-05 12:18:00      0.586415  0.865630
2023-05-05 12:33:00      0.630648  0.872043
2023-05-05 12:48:00      0.489006  0.871865
2023-05-05 13:03:00      0.568344  0.864993
2023-05-05 13:18:00      0.381784  0.895703
2023-05-05 13:33:00      0.585309  0.877601
2023-05-05 13:48:00      0.566272  0.850791
2023-05-05 14:03:00      0.625945  0.851034
2023-05-05 14:18:00      0.671519  0.854992
2023-05-05 14:33:00      0.672868  0.860662
2023-05-05 14:48:00      0.597713  0.872358
2023-05-05 15:03:00      0.665258  0.909045
2023-05-05 15:18:00      0.714633  0.917285
2023-05-05 15:33:00      0.700082  0.926394
2023-05-05 15:48:00      0.580647  0.932393
2023-05-05 16:03:00      0.700424  0.941532
2023-05-05 16:18:00      0.836820  0.947629
2023-05-05 16:33:00      0.814992  0.962073
2023-05-05 16:48:00      0.905309  0.977170
2023-05-05 17:03:00      0.951108  1.000000
2023-05-05 17:18:00      0.942329  0.806677
2023-05-05 17:33:00      0.863317  0.614623
2023-05-05 17:48:00      0.985071  0.415417
2023-05-05 18:03:00      0.892840  0.210935
2023-05-05 18:18:00      0.997897  0.000000
2023-05-05 18:33:00      0.975298  0.001621
2023-05-05 18:48:00      0.956692  0.002774
2023-05-05 19:03:00      0.948495  0.003729
2023-05-05 19:18:00      1.000000  0.004059","                     shear_stress  fDOM RFU
DateTime                                   
2023-05-05 19:18:00      1.000000  0.004059
2023-05-05 19:33:00      0.865192  0.005124
2023-05-05 19:48:00      0.518108  0.005477
2023-05-05 20:03:00      0.608929  0.006369
2023-05-05 20:18:00      0.691079  0.005878
2023-05-05 20:33:00      0.721002  0.005591
2023-05-05 20:48:00      0.741619  0.004282
2023-05-05 21:03:00      0.781062  0.003809
2023-05-05 21:18:00      0.643338  0.002588
2023-05-05 21:33:00      0.529327  0.002340
2023-05-05 21:48:00      0.498745  0.001911
2023-05-05 22:03:00      0.556141  0.002106
2023-05-05 22:18:00      0.465698  0.001914
2023-05-05 22:33:00      0.339688  0.001586
2023-05-05 22:48:00      0.390421  0.001716
2023-05-05 23:03:00      0.359152  0.001949
2023-05-05 23:18:00      0.283031  0.001800
2023-05-05 23:33:00      0.345862  0.001524
2023-05-05 23:48:00      0.342664  0.002028
2023-05-06 00:03:00      0.390769  0.001915
2023-05-06 00:18:00      0.339213  0.002066
2023-05-06 00:33:00      0.373636  0.002141
2023-05-06 00:48:00      0.380567  0.002332
2023-05-06 01:03:00      0.386335  0.002798
2023-05-06 01:18:00      0.289491  0.003075
2023-05-06 01:33:00      0.321933  0.003796
2023-05-06 01:48:00      0.311136  0.004181
2023-05-06 02:03:00      0.251917  0.004416
2023-05-06 02:18:00      0.289595  0.004283
2023-05-06 02:33:00      0.229525  0.004994
2023-05-06 02:48:00      0.276380  0.004212
2023-05-06 03:03:00      0.211389  0.004278
2023-05-06 03:18:00      0.280091  0.004211
2023-05-06 03:33:00      0.252402  0.004493
2023-05-06 03:48:00      0.249093  0.004240
2023-05-06 04:03:00      0.282596  0.004851
2023-05-06 04:18:00      0.240605  0.004876
2023-05-06 04:33:00      0.225628  0.004755
2023-05-06 04:48:00      0.323736  0.004711
2023-05-06 05:03:00      0.325060  0.004370
2023-05-06 05:18:00      0.251535  0.004305
2023-05-06 05:33:00      0.164767  0.004659
2023-05-06 05:48:00      0.169305  0.004772
2023-05-06 06:03:00      0.190419  0.004069
2023-05-06 06:18:00      0.111868  0.003927
2023-05-06 06:33:00      0.214420  0.003536
2023-05-06 06:48:00      0.129425  0.003386
2023-05-06 07:03:00      0.085085  0.003656
2023-05-06 07:18:00      0.210050  0.004063
2023-05-06 07:33:00      0.144491  0.004640
2023-05-06 07:48:00      0.164414  0.005063
2023-05-06 08:03:00      0.181505  0.005061
2023-05-06 08:18:00      0.075622  0.005017
2023-05-06 08:33:00      0.009394  0.005232
2023-05-06 08:48:00      0.000000  0.005045",shear_stress,fDOM RFU,0.5,2023-05-05 12:46:50.141570816,2023-05-05 21:47:23.073537024,"{'t0': Timestamp('2023-05-05 12:33:00'), 't1': Timestamp('2023-05-05 12:48:00'), 'tau0': np.float64(0.6306483247178479), 'tau1': np.float64(0.4890056262058022), 'c0': np.float64(0.8720425265837068), 'c1': np.float64(0.8718650389160573), 'extrapolated': False}","{'t0': Timestamp('2023-05-05 21:33:00'), 't1': Timestamp('2023-05-05 21:48:00'), 'tau0': np.float64(0.5293268660121092), 'tau1': np.float64(0.4987452547376395), 'c0': np.float64(0.0023398952552536605), 'c1': np.float64(0.0019113124660812314), 'extrapolated': False}",2023-05-05 19:18:00,down_event15,fDOM RFU
up_event1,-0.7358212133639195,0.5,0.1319142433098003,0.4993370019959959,"                     shear_stress  Turbidity FNU
DateTime                                        
2023-04-17 13:14:00      0.000000       0.070486
2023-04-17 13:29:00      0.073849       0.045921
2023-04-17 13:44:00      0.027664       0.028204
2023-04-17 13:59:00      0.118947       0.011454
2023-04-17 14:14:00      0.244747       0.016316
2023-04-17 14:29:00      0.348835       0.000000
2023-04-17 14:44:00      0.399817       0.005204
2023-04-17 20:14:00      0.988391       0.749625
2023-04-17 20:29:00      0.998337       0.858175
2023-04-17 20:44:00      1.000000       0.991746","                     shear_stress  Turbidity FNU
DateTime                                        
2023-04-17 20:44:00      1.000000       0.991746
2023-04-17 20:59:00      0.994707       1.000000
2023-04-17 21:14:00      0.989251       0.967484
2023-04-17 21:29:00      0.999082       0.824212
2023-04-17 21:44:00      0.941059       0.727551
2023-04-17 21:59:00      0.953233       0.606145
2023-04-18 00:14:00      0.852253       0.521677
2023-04-18 00:29:00      0.896805       0.511866
2023-04-18 00:44:00      0.799474       0.537732
2023-04-18 00:59:00      0.816016       0.525053
2023-04-18 01:14:00      0.822360       0.490241
2023-04-18 01:29:00      0.772680       0.504140
2023-04-18 01:44:00      0.795550       0.572875
2023-04-18 01:59:00      0.761625       0.533196
2023-04-18 02:14:00      0.803156       0.540088
2023-04-18 02:29:00      0.810168       0.565750
2023-04-18 02:44:00      0.775337       0.540817
2023-04-18 02:59:00      0.817815       0.461115
2023-04-18 03:14:00      0.830954       0.456538
2023-04-18 03:29:00      0.868924       0.487792
2023-04-18 03:44:00      0.834874       0.466786
2023-04-18 03:59:00      0.838765       0.492595
2023-04-18 04:14:00      0.787080       0.504471
2023-04-18 04:29:00      0.806212       0.497567
2023-04-18 04:44:00      0.861569       0.498312
2023-04-18 04:59:00      0.825812       0.497645
2023-04-18 05:14:00      0.826108       0.477833
2023-04-18 05:29:00      0.822887       0.448587
2023-04-18 05:44:00      0.829441       0.441064
2023-04-18 05:59:00      0.829059       0.394185
2023-04-18 06:14:00      0.860473       0.388380
2023-04-18 06:29:00      0.882945       0.416765
2023-04-18 06:44:00      0.899740       0.460343
2023-04-18 06:59:00      0.874997       0.462350
2023-04-18 07:14:00      0.839406       0.511722
2023-04-18 07:29:00      0.851518       0.537307
2023-04-18 07:44:00      0.846685       0.541044
2023-04-18 07:59:00      0.807315       0.511058
2023-04-18 08:14:00      0.829357       0.541899
2023-04-18 08:29:00      0.734163       0.529023
2023-04-18 08:44:00      0.738365       0.526891
2023-04-18 08:59:00      0.796572       0.487728
2023-04-18 09:14:00      0.779706       0.499688
2023-04-18 09:29:00      0.731027       0.509823
2023-04-18 09:44:00      0.741810       0.498900
2023-04-18 09:59:00      0.690544       0.468803
2023-04-18 10:14:00      0.636451       0.461653
2023-04-18 10:29:00      0.677036       0.500836
2023-04-18 10:44:00      0.667531       0.455116
2023-04-18 10:59:00      0.696748       0.472074",shear_stress,Turbidity FNU,0.5,2023-04-17 15:40:10.211816192,2023-04-18 04:07:30.934881024,"{'t0': Timestamp('2023-04-17 14:44:00'), 't1': Timestamp('2023-04-17 20:14:00'), 'tau0': np.float64(0.3998173120613387), 'tau1': np.float64(0.9883907695832913), 'c0': np.float64(0.005204425013909948), 'c1': np.float64(0.7496248172886548), 'extrapolated': False}","{'t0': Timestamp('2023-04-18 03:59:00'), 't1': Timestamp('2023-04-18 04:14:00'), 'tau0': np.float64(0.8387645972655505), 'tau1': np.float64(0.7870804834841593), 'c0': np.float64(0.49259490004652245), 'c1': np.float64(0.5044709570155926), 'extrapolated': False}",2023-04-17 20:44:00,up_event1,Turbidity FNU
up_event1,-0.8118864287160412,0.5,0.16856357535439606,0.8960734422502039,"                     shear_stress  fDOM RFU
DateTime                                   
2023-04-17 13:14:00      0.000000  0.010995
2023-04-17 13:29:00      0.073849  0.009169
2023-04-17 13:44:00      0.027664  0.006502
2023-04-17 13:59:00      0.118947  0.003687
2023-04-17 14:14:00      0.244747  0.002668
2023-04-17 14:29:00      0.348835  0.001272
2023-04-17 14:44:00      0.399817  0.000000
2023-04-17 20:14:00      0.988391  0.990311
2023-04-17 20:29:00      0.998337  0.992415
2023-04-17 20:44:00      1.000000  0.996337","                     shear_stress  fDOM RFU
DateTime                                   
2023-04-17 20:44:00      1.000000  0.996337
2023-04-17 20:59:00      0.994707  1.000000
2023-04-17 21:14:00      0.989251  0.998166
2023-04-17 21:29:00      0.999082  0.997705
2023-04-17 21:44:00      0.941059  0.997642
2023-04-17 21:59:00      0.953233  0.995443
2023-04-18 00:14:00      0.852253  0.966218
2023-04-18 00:29:00      0.896805  0.960519
2023-04-18 00:44:00      0.799474  0.955880
2023-04-18 00:59:00      0.816016  0.951133
2023-04-18 01:14:00      0.822360  0.946601
2023-04-18 01:29:00      0.772680  0.943494
2023-04-18 01:44:00      0.795550  0.940808
2023-04-18 01:59:00      0.761625  0.937808
2023-04-18 02:14:00      0.803156  0.933115
2023-04-18 02:29:00      0.810168  0.929024
2023-04-18 02:44:00      0.775337  0.921553
2023-04-18 02:59:00      0.817815  0.915839
2023-04-18 03:14:00      0.830954  0.911432
2023-04-18 03:29:00      0.868924  0.906983
2023-04-18 03:44:00      0.834874  0.901771
2023-04-18 03:59:00      0.838765  0.898067
2023-04-18 04:14:00      0.787080  0.894555
2023-04-18 04:29:00      0.806212  0.889889
2023-04-18 04:44:00      0.861569  0.885133
2023-04-18 04:59:00      0.825812  0.880301
2023-04-18 05:14:00      0.826108  0.873892
2023-04-18 05:29:00      0.822887  0.867674
2023-04-18 05:44:00      0.829441  0.862222
2023-04-18 05:59:00      0.829059  0.856951
2023-04-18 06:14:00      0.860473  0.853460
2023-04-18 06:29:00      0.882945  0.851583
2023-04-18 06:44:00      0.899740  0.849897
2023-04-18 06:59:00      0.874997  0.847713
2023-04-18 07:14:00      0.839406  0.847881
2023-04-18 07:29:00      0.851518  0.845540
2023-04-18 07:44:00      0.846685  0.843867
2023-04-18 07:59:00      0.807315  0.841092
2023-04-18 08:14:00      0.829357  0.837189
2023-04-18 08:29:00      0.734163  0.831313
2023-04-18 08:44:00      0.738365  0.825091
2023-04-18 08:59:00      0.796572  0.816019
2023-04-18 09:14:00      0.779706  0.805885
2023-04-18 09:29:00      0.731027  0.797011
2023-04-18 09:44:00      0.741810  0.787720
2023-04-18 09:59:00      0.690544  0.776753
2023-04-18 10:14:00      0.636451  0.766431
2023-04-18 10:29:00      0.677036  0.757810
2023-04-18 10:44:00      0.667531  0.750126
2023-04-18 10:59:00      0.696748  0.742781",shear_stress,fDOM RFU,0.5,2023-04-17 15:40:10.211816192,2023-04-18 04:07:30.934881024,"{'t0': Timestamp('2023-04-17 14:44:00'), 't1': Timestamp('2023-04-17 20:14:00'), 'tau0': np.float64(0.3998173120613387), 'tau1': np.float64(0.9883907695832913), 'c0': np.float64(0.0), 'c1': np.float64(0.9903112842884003), 'extrapolated': False}","{'t0': Timestamp('2023-04-18 03:59:00'), 't1': Timestamp('2023-04-18 04:14:00'), 'tau0': np.float64(0.8387645972655505), 'tau1': np.float64(0.7870804834841593), 'c0': np.float64(0.8980668928884007), 'c1': np.float64(0.8945554756001909), 'extrapolated': False}",2023-04-17 20:44:00,up_event1,fDOM RFU
up_event2,0.9685438059604301,0.5,0.45764931287234045,0.014395905587788195,"                     shear_stress  Turbidity FNU
DateTime                                        
2023-04-18 11:14:00      0.069255       0.020663
2023-04-18 11:29:00      0.004247       0.026273
2023-04-18 11:44:00      0.054419       0.000159
2023-04-18 11:59:00      0.036409       0.027609
2023-04-18 12:14:00      0.150370       0.000000
2023-04-18 12:29:00      0.000000       0.028832
2023-04-18 12:44:00      0.151750       0.071329
2023-04-18 12:59:00      0.092633       0.073136
2023-04-18 13:14:00      0.128233       0.084986
2023-04-18 13:29:00      0.166866       0.146757
2023-04-18 13:44:00      0.203516       0.179873
2023-04-18 13:59:00      0.288630       0.189974
2023-04-18 14:14:00      0.289201       0.312521
2023-04-18 14:29:00      0.439847       0.374584
2023-04-18 14:44:00      0.484739       0.395579
2023-04-18 14:59:00      0.470825       0.450115
2023-04-18 15:14:00      0.692837       0.507449
2023-04-18 15:29:00      0.725172       0.451688
2023-04-18 15:44:00      0.708684       0.464452
2023-04-18 15:59:00      0.766220       0.599056
2023-04-18 16:14:00      0.863719       0.751009
2023-04-18 16:29:00      0.790304       0.927310
2023-04-18 16:44:00      0.833411       0.966292
2023-04-18 16:59:00      0.908779       1.000000
2023-04-18 17:14:00      0.844902       0.894611
2023-04-18 17:29:00      0.897164       0.761910
2023-04-18 17:44:00      0.812539       0.535378
2023-04-18 17:59:00      0.898737       0.477877
2023-04-18 18:14:00      0.873775       0.446162
2023-04-18 18:29:00      0.903041       0.552482
2023-04-18 18:44:00      0.796741       0.623764
2023-04-18 18:59:00      0.795301       0.620882
2023-04-18 19:14:00      0.824124       0.597638
2023-04-18 19:29:00      0.950054       0.534329
2023-04-18 19:44:00      0.847568       0.394426
2023-04-18 19:59:00      1.000000       0.266011","                     shear_stress  Turbidity FNU
DateTime                                        
2023-04-18 19:59:00      1.000000       0.266011
2023-04-18 20:14:00      0.846894       0.288772
2023-04-18 20:29:00      0.894051       0.294386
2023-04-18 20:44:00      0.934669       0.337942
2023-04-18 20:59:00      0.874502       0.343338
2023-04-18 21:14:00      0.768089       0.295159
2023-04-18 21:29:00      0.836856       0.270079
2023-04-18 21:44:00      0.779338       0.280370
2023-04-18 21:59:00      0.741346       0.218924
2023-04-18 22:14:00      0.706379       0.148981
2023-04-18 22:29:00      0.725608       0.162593
2023-04-18 22:44:00      0.660105       0.128173
2023-04-18 22:59:00      0.769589       0.109263
2023-04-18 23:14:00      0.782781       0.114188
2023-04-18 23:29:00      0.723436       0.100188
2023-04-18 23:44:00      0.750524       0.085666
2023-04-18 23:59:00      0.687947       0.097742
2023-04-19 00:14:00      0.750363       0.102083
2023-04-19 00:29:00      0.760580       0.135625
2023-04-19 00:44:00      0.730090       0.173874
2023-04-19 00:59:00      0.626755       0.166866
2023-04-19 01:14:00      0.683614       0.159110
2023-04-19 01:29:00      0.572578       0.142603
2023-04-19 01:44:00      0.596615       0.098748
2023-04-19 01:59:00      0.654479       0.048249
2023-04-19 02:14:00      0.658700       0.066628
2023-04-19 02:29:00      0.631586       0.055277
2023-04-19 02:44:00      0.704814       0.034673
2023-04-19 02:59:00      0.646138       0.050725
2023-04-19 03:14:00      0.629649       0.089159
2023-04-19 03:29:00      0.685705       0.085430
2023-04-19 03:44:00      0.700733       0.109074
2023-04-19 03:59:00      0.660270       0.139784
2023-04-19 04:14:00      0.511285       0.116391
2023-04-19 04:29:00      0.624611       0.089261
2023-04-19 04:44:00      0.686381       0.087998
2023-04-19 04:59:00      0.632471       0.086550
2023-04-19 05:14:00      0.694079       0.053307
2023-04-19 05:29:00      0.669453       0.066141
2023-04-19 05:44:00      0.639826       0.082643
2023-04-19 05:59:00      0.635296       0.119188
2023-04-19 06:14:00      0.601142       0.105194
2023-04-19 06:29:00      0.596797       0.104997
2023-04-19 06:44:00      0.597477       0.077067
2023-04-19 06:59:00      0.627807       0.053209
2023-04-19 07:14:00      0.561329       0.021402
2023-04-19 07:29:00      0.501781       0.013320
2023-04-19 07:44:00      0.473305       0.030515
2023-04-19 07:59:00      0.551582       0.029673
2023-04-19 08:14:00      0.599457       0.055000
2023-04-19 08:29:00      0.504625       0.042664
2023-04-19 08:44:00      0.449822       0.046681
2023-04-19 08:59:00      0.415759       0.044114
2023-04-19 09:14:00      0.464297       0.048081
2023-04-19 09:29:00      0.337741       0.024264
2023-04-19 09:44:00      0.307263       0.007645
2023-04-19 09:59:00      0.288678       0.008385",shear_stress,Turbidity FNU,0.5,2023-04-18 15:00:58.270278400,2023-04-19 07:29:56.300532480,"{'t0': Timestamp('2023-04-18 14:59:00'), 't1': Timestamp('2023-04-18 15:14:00'), 'tau0': np.float64(0.47082504402211783), 'tau1': np.float64(0.692837376817274), 'c0': np.float64(0.45011496558763125), 'c1': np.float64(0.507449002912754), 'extrapolated': False}","{'t0': Timestamp('2023-04-19 07:29:00'), 't1': Timestamp('2023-04-19 07:44:00'), 'tau0': np.float64(0.5017813901100183), 'tau1': np.float64(0.4733047304859919), 'c0': np.float64(0.013320276402193505), 'c1': np.float64(0.030514896495335855), 'extrapolated': False}",2023-04-18 19:59:00,up_event2,Turbidity FNU
up_event2,-0.542711227565271,0.5,0.17811016710291805,0.3894916688083361,"                     shear_stress  fDOM RFU
DateTime                                   
2023-04-18 11:14:00      0.069255  0.028632
2023-04-18 11:29:00      0.004247  0.023456
2023-04-18 11:44:00      0.054419  0.017196
2023-04-18 11:59:00      0.036409  0.009299
2023-04-18 12:14:00      0.150370  0.005890
2023-04-18 12:29:00      0.000000  0.001746
2023-04-18 12:44:00      0.151750  0.000000
2023-04-18 12:59:00      0.092633  0.001982
2023-04-18 13:14:00      0.128233  0.010509
2023-04-18 13:29:00      0.166866  0.012842
2023-04-18 13:44:00      0.203516  0.027219
2023-04-18 13:59:00      0.288630  0.040032
2023-04-18 14:14:00      0.289201  0.065361
2023-04-18 14:29:00      0.439847  0.098432
2023-04-18 14:44:00      0.484739  0.141710
2023-04-18 14:59:00      0.470825  0.171976
2023-04-18 15:14:00      0.692837  0.218658
2023-04-18 15:29:00      0.725172  0.267961
2023-04-18 15:44:00      0.708684  0.316021
2023-04-18 15:59:00      0.766220  0.360714
2023-04-18 16:14:00      0.863719  0.421037
2023-04-18 16:29:00      0.790304  0.478446
2023-04-18 16:44:00      0.833411  0.525432
2023-04-18 16:59:00      0.908779  0.580045
2023-04-18 17:14:00      0.844902  0.593746
2023-04-18 17:29:00      0.897164  0.651851
2023-04-18 17:44:00      0.812539  0.674289
2023-04-18 17:59:00      0.898737  0.719321
2023-04-18 18:14:00      0.873775  0.756322
2023-04-18 18:29:00      0.903041  0.836126
2023-04-18 18:44:00      0.796741  0.863829
2023-04-18 18:59:00      0.795301  0.913105
2023-04-18 19:14:00      0.824124  0.947621
2023-04-18 19:29:00      0.950054  0.973571
2023-04-18 19:44:00      0.847568  0.986575
2023-04-18 19:59:00      1.000000  0.994030","                     shear_stress  fDOM RFU
DateTime                                   
2023-04-18 19:59:00      1.000000  0.994030
2023-04-18 20:14:00      0.846894  1.000000
2023-04-18 20:29:00      0.894051  0.989777
2023-04-18 20:44:00      0.934669  0.982552
2023-04-18 20:59:00      0.874502  0.977965
2023-04-18 21:14:00      0.768089  0.972088
2023-04-18 21:29:00      0.836856  0.964146
2023-04-18 21:44:00      0.779338  0.953962
2023-04-18 21:59:00      0.741346  0.941433
2023-04-18 22:14:00      0.706379  0.920400
2023-04-18 22:29:00      0.725608  0.909822
2023-04-18 22:44:00      0.660105  0.896240
2023-04-18 22:59:00      0.769589  0.883098
2023-04-18 23:14:00      0.782781  0.868998
2023-04-18 23:29:00      0.723436  0.863859
2023-04-18 23:44:00      0.750524  0.842539
2023-04-18 23:59:00      0.687947  0.829789
2023-04-19 00:14:00      0.750363  0.816408
2023-04-19 00:29:00      0.760580  0.801463
2023-04-19 00:44:00      0.730090  0.781317
2023-04-19 00:59:00      0.626755  0.766585
2023-04-19 01:14:00      0.683614  0.751940
2023-04-19 01:29:00      0.572578  0.741671
2023-04-19 01:44:00      0.596615  0.722962
2023-04-19 01:59:00      0.654479  0.710026
2023-04-19 02:14:00      0.658700  0.694137
2023-04-19 02:29:00      0.631586  0.677397
2023-04-19 02:44:00      0.704814  0.656315
2023-04-19 02:59:00      0.646138  0.638628
2023-04-19 03:14:00      0.629649  0.621867
2023-04-19 03:29:00      0.685705  0.605166
2023-04-19 03:44:00      0.700733  0.584532
2023-04-19 03:59:00      0.660270  0.560644
2023-04-19 04:14:00      0.511285  0.543419
2023-04-19 04:29:00      0.624611  0.525672
2023-04-19 04:44:00      0.686381  0.511242
2023-04-19 04:59:00      0.632471  0.496668
2023-04-19 05:14:00      0.694079  0.485641
2023-04-19 05:29:00      0.669453  0.472342
2023-04-19 05:44:00      0.639826  0.450732
2023-04-19 05:59:00      0.635296  0.438225
2023-04-19 06:14:00      0.601142  0.425011
2023-04-19 06:29:00      0.596797  0.414067
2023-04-19 06:44:00      0.597477  0.406006
2023-04-19 06:59:00      0.627807  0.410738
2023-04-19 07:14:00      0.561329  0.398909
2023-04-19 07:29:00      0.501781  0.389976
2023-04-19 07:44:00      0.473305  0.382235
2023-04-19 07:59:00      0.551582  0.371681
2023-04-19 08:14:00      0.599457  0.354392
2023-04-19 08:29:00      0.504625  0.346976
2023-04-19 08:44:00      0.449822  0.333294
2023-04-19 08:59:00      0.415759  0.309410
2023-04-19 09:14:00      0.464297  0.284634
2023-04-19 09:29:00      0.337741  0.254147
2023-04-19 09:44:00      0.307263  0.215426
2023-04-19 09:59:00      0.288678  0.177367",shear_stress,fDOM RFU,0.5,2023-04-18 15:00:58.270278400,2023-04-19 07:29:56.300532480,"{'t0': Timestamp('2023-04-18 14:59:00'), 't1': Timestamp('2023-04-18 15:14:00'), 'tau0': np.float64(0.47082504402211783), 'tau1': np.float64(0.692837376817274), 'c0': np.float64(0.17197553560545564), 'c1': np.float64(0.2186581715340116), 'extrapolated': False}","{'t0': Timestamp('2023-04-19 07:29:00'), 't1': Timestamp('2023-04-19 07:44:00'), 'tau0': np.float64(0.5017813901100183), 'tau1': np.float64(0.4733047304859919), 'c0': np.float64(0.38997594009243414), 'c1': np.float64(0.38223455406126156), 'extrapolated': False}",2023-04-18 19:59:00,up_event2,fDOM RFU
up_event3,0.9128583003237845,0.5,0.27015177342384233,0.023541484706697497,"                     shear_stress  Turbidity FNU
DateTime                                        
2023-04-19 10:14:00      0.029323       0.126306
2023-04-19 10:29:00      0.015928       0.214754
2023-04-19 10:44:00      0.044753       0.240246
2023-04-19 10:59:00      0.097328       0.264389
2023-04-19 11:14:00      0.161437       0.268446
2023-04-19 11:29:00      0.155842       0.273795
2023-04-19 11:44:00      0.246987       0.140084
2023-04-19 11:59:00      0.235117       0.104418
2023-04-19 12:14:00      0.140483       0.155762
2023-04-19 12:29:00      0.196574       0.094616
2023-04-19 12:44:00      0.271925       0.082184
2023-04-19 12:59:00      0.159042       0.119657
2023-04-19 13:14:00      0.196953       0.166605
2023-04-19 13:29:00      0.357710       0.099013
2023-04-19 13:44:00      0.340961       0.196535
2023-04-19 13:59:00      0.500918       0.270577
2023-04-19 14:14:00      0.442371       0.395201
2023-04-19 14:29:00      0.569399       0.472851
2023-04-19 14:44:00      0.611877       0.575557
2023-04-19 14:59:00      0.491736       0.557187
2023-04-19 15:14:00      0.488494       0.617055
2023-04-19 15:29:00      0.521972       0.588164
2023-04-19 15:44:00      0.774354       0.728764
2023-04-19 15:59:00      0.837931       0.853346
2023-04-19 16:14:00      0.831955       0.934605
2023-04-19 16:29:00      0.894422       1.000000
2023-04-19 16:44:00      0.892814       0.991424
2023-04-19 16:59:00      0.727751       0.897348
2023-04-19 17:14:00      0.778580       0.786504
2023-04-19 17:29:00      0.915834       0.742592
2023-04-19 17:44:00      0.887358       0.651211
2023-04-19 17:59:00      0.841171       0.784572
2023-04-19 18:14:00      0.943602       0.900651
2023-04-19 18:29:00      1.000000       0.864723","                     shear_stress  Turbidity FNU
DateTime                                        
2023-04-19 18:29:00      1.000000       0.864723
2023-04-19 18:44:00      0.769223       0.870744
2023-04-19 18:59:00      0.685376       0.860744
2023-04-19 19:14:00      0.718121       0.690247
2023-04-19 19:29:00      0.731522       0.393745
...                           ...            ...
2023-04-20 09:59:00      0.170182       0.036870
2023-04-20 10:14:00      0.000000       0.061441
2023-04-20 10:29:00      0.048727       0.132052
2023-04-20 10:44:00      0.062018       0.048677
2023-04-20 10:59:00      0.055536       0.000000

[67 rows x 2 columns]",shear_stress,Turbidity FNU,0.5,2023-04-19 13:58:54.833682432,2023-04-20 03:02:00.913691648,"{'t0': Timestamp('2023-04-19 13:44:00'), 't1': Timestamp('2023-04-19 13:59:00'), 'tau0': np.float64(0.34096140680830017), 'tau1': np.float64(0.5009182084814701), 'c0': np.float64(0.196534860941934), 'c1': np.float64(0.2705768002815971), 'extrapolated': False}","{'t0': Timestamp('2023-04-20 02:59:00'), 't1': Timestamp('2023-04-20 03:14:00'), 'tau0': np.float64(0.50382972468975), 'tau1': np.float64(0.48477781000324505), 'c0': np.float64(0.024518468229593554), 'c1': np.float64(0.01965822154181241), 'extrapolated': False}",2023-04-19 18:29:00,up_event3,Turbidity FNU
up_event3,-0.6777286856560172,0.5,0.14691380234863155,0.45586993259915193,"                     shear_stress  fDOM RFU
DateTime                                   
2023-04-19 10:14:00      0.029323  0.260658
2023-04-19 10:29:00      0.015928  0.213028
2023-04-19 10:44:00      0.044753  0.176353
2023-04-19 10:59:00      0.097328  0.146899
2023-04-19 11:14:00      0.161437  0.125092
2023-04-19 11:29:00      0.155842  0.112022
2023-04-19 11:44:00      0.246987  0.098934
2023-04-19 11:59:00      0.235117  0.089884
2023-04-19 12:14:00      0.140483  0.083643
2023-04-19 12:29:00      0.196574  0.081351
2023-04-19 12:44:00      0.271925  0.078684
2023-04-19 12:59:00      0.159042  0.081874
2023-04-19 13:14:00      0.196953  0.083906
2023-04-19 13:29:00      0.357710  0.096972
2023-04-19 13:44:00      0.340961  0.118789
2023-04-19 13:59:00      0.500918  0.147076
2023-04-19 14:14:00      0.442371  0.183801
2023-04-19 14:29:00      0.569399  0.246670
2023-04-19 14:44:00      0.611877  0.304841
2023-04-19 14:59:00      0.491736  0.355044
2023-04-19 15:14:00      0.488494  0.413811
2023-04-19 15:29:00      0.521972  0.481566
2023-04-19 15:44:00      0.774354  0.519831
2023-04-19 15:59:00      0.837931  0.562841
2023-04-19 16:14:00      0.831955  0.622603
2023-04-19 16:29:00      0.894422  0.682000
2023-04-19 16:44:00      0.892814  0.730641
2023-04-19 16:59:00      0.727751  0.790333
2023-04-19 17:14:00      0.778580  0.835246
2023-04-19 17:29:00      0.915834  0.885824
2023-04-19 17:44:00      0.887358  0.914066
2023-04-19 17:59:00      0.841171  0.919107
2023-04-19 18:14:00      0.943602  0.909942
2023-04-19 18:29:00      1.000000  0.933141","                     shear_stress  fDOM RFU
DateTime                                   
2023-04-19 18:29:00      1.000000  0.933141
2023-04-19 18:44:00      0.769223  0.939858
2023-04-19 18:59:00      0.685376  0.952717
2023-04-19 19:14:00      0.718121  0.982375
2023-04-19 19:29:00      0.731522  0.995356
...                           ...       ...
2023-04-20 09:59:00      0.170182  0.068272
2023-04-20 10:14:00      0.000000  0.049830
2023-04-20 10:29:00      0.048727  0.033932
2023-04-20 10:44:00      0.062018  0.015755
2023-04-20 10:59:00      0.055536  0.000000

[67 rows x 2 columns]",shear_stress,fDOM RFU,0.5,2023-04-19 13:58:54.833682432,2023-04-20 03:02:00.913691648,"{'t0': Timestamp('2023-04-19 13:44:00'), 't1': Timestamp('2023-04-19 13:59:00'), 'tau0': np.float64(0.34096140680830017), 'tau1': np.float64(0.5009182084814701), 'c0': np.float64(0.11878874126660625), 'c1': np.float64(0.14707618224114324), 'extrapolated': False}","{'t0': Timestamp('2023-04-20 02:59:00'), 't1': Timestamp('2023-04-20 03:14:00'), 'tau0': np.float64(0.50382972468975), 'tau1': np.float64(0.48477781000324505), 'c0': np.float64(0.4598359473331458), 'c1': np.float64(0.44010602403060534), 'extrapolated': False}",2023-04-19 18:29:00,up_event3,fDOM RFU
up_event4,0.699523560326949,0.5,0.7681678457399238,0.23081633935924978,"                     shear_stress  Turbidity FNU
DateTime                                        
2023-04-21 12:14:00      0.095132       0.289938
2023-04-21 12:29:00      0.069457       0.380556
2023-04-21 12:44:00      0.000000       0.295066
2023-04-21 12:59:00      0.092875       0.325917
2023-04-21 13:14:00      0.157343       0.240747
2023-04-21 13:29:00      0.162588       0.359925
2023-04-21 13:44:00      0.334099       0.345407
2023-04-21 13:59:00      0.243310       0.393653
2023-04-21 14:14:00      0.281307       0.526183
2023-04-21 14:29:00      0.439958       0.734370
2023-04-21 14:44:00      0.702584       0.882204
2023-04-21 14:59:00      0.630268       0.879820
2023-04-21 15:14:00      0.719594       1.000000
2023-04-21 15:29:00      0.591811       0.989217
2023-04-21 15:44:00      0.709372       0.886175
2023-04-21 15:59:00      0.694608       0.768347
2023-04-21 16:14:00      0.898922       0.741096
2023-04-21 16:29:00      0.698310       0.626709
2023-04-21 16:44:00      0.651458       0.641045
2023-04-21 16:59:00      0.542014       0.698969
2023-04-21 17:14:00      0.722751       0.574753
2023-04-21 17:29:00      0.735792       0.595258
2023-04-21 17:44:00      0.979161       0.516882
2023-04-21 17:59:00      0.869336       0.366603
2023-04-21 18:14:00      0.780562       0.365319
2023-04-21 18:29:00      0.995720       0.540831
2023-04-21 18:44:00      1.000000       0.744243","                     shear_stress  Turbidity FNU
DateTime                                        
2023-04-21 18:44:00      1.000000       0.744243
2023-04-21 18:59:00      0.883436       0.943148
2023-04-21 19:14:00      0.733327       0.956991
2023-04-21 19:29:00      0.533427       0.828318
2023-04-21 19:44:00      0.674870       0.678196
2023-04-21 19:59:00      0.657783       0.543749
2023-04-21 20:14:00      0.884136       0.391123
2023-04-21 20:29:00      0.603040       0.484024
2023-04-21 20:44:00      0.685202       0.490388
2023-04-21 20:59:00      0.723092       0.400626
2023-04-21 21:14:00      0.949947       0.300206
2023-04-21 21:29:00      0.674579       0.299201
2023-04-21 21:44:00      0.577569       0.174778
2023-04-21 21:59:00      0.637820       0.164472
2023-04-21 22:14:00      0.716361       0.174313
2023-04-21 22:29:00      0.778838       0.215725
2023-04-21 22:44:00      0.726901       0.186832
2023-04-21 22:59:00      0.732537       0.220021
2023-04-21 23:14:00      0.511267       0.233758
2023-04-21 23:29:00      0.483413       0.226485
2023-04-21 23:44:00      0.702045       0.209725
2023-04-21 23:59:00      0.569684       0.332167
2023-04-22 00:14:00      0.458463       0.237951
2023-04-22 00:29:00      0.429013       0.196907
2023-04-22 00:44:00      0.404000       0.178098
2023-04-22 00:59:00      0.770586       0.226043
2023-04-22 01:14:00      0.600110       0.040624
2023-04-22 01:29:00      0.640009       0.059362
2023-04-22 01:44:00      0.651203       0.128469
2023-04-22 01:59:00      0.640684       0.197120
2023-04-22 02:14:00      0.428042       0.044783
2023-04-22 02:29:00      0.526032       0.141047
2023-04-22 02:44:00      0.640438       0.128650
2023-04-22 02:59:00      0.623024       0.141258
2023-04-22 03:14:00      0.439821       0.147216
2023-04-22 03:29:00      0.654774       0.275765
2023-04-22 03:44:00      0.777036       0.365594
2023-04-22 03:59:00      0.831506       0.411578
2023-04-22 04:14:00      0.802931       0.366824
2023-04-22 04:29:00      0.517972       0.356178
2023-04-22 04:44:00      0.676796       0.269682
2023-04-22 04:59:00      0.773280       0.151040
2023-04-22 05:14:00      0.526329       0.107683
2023-04-22 05:29:00      0.419284       0.091821
2023-04-22 05:44:00      0.494102       0.097304
2023-04-22 05:59:00      0.614106       0.052360
2023-04-22 06:14:00      0.559446       0.000000
2023-04-22 06:29:00      0.646884       0.005781
2023-04-22 06:44:00      0.624372       0.087285
2023-04-22 06:59:00      0.736797       0.168460
2023-04-22 07:14:00      0.506578       0.199767
2023-04-22 07:29:00      0.596469       0.319638
2023-04-22 07:44:00      0.567439       0.264775
2023-04-22 07:59:00      0.573017       0.127784
2023-04-22 08:14:00      0.464267       0.035039
2023-04-22 08:29:00      0.272487       0.306128
2023-04-22 08:44:00      0.444141       0.410614
2023-04-22 08:59:00      0.329319       0.483903
2023-04-22 09:14:00      0.370786       0.534332
2023-04-22 09:29:00      0.136372       0.532521",shear_stress,Turbidity FNU,0.5,2023-04-21 14:32:25.759566080,2023-04-21 23:20:04.046466304,"{'t0': Timestamp('2023-04-21 14:29:00'), 't1': Timestamp('2023-04-21 14:44:00'), 'tau0': np.float64(0.4399579618538603), 'tau1': np.float64(0.702584071451711), 'c0': np.float64(0.7343697211036958), 'c1': np.float64(0.8822039761622358), 'extrapolated': False}","{'t0': Timestamp('2023-04-21 23:14:00'), 't1': Timestamp('2023-04-21 23:29:00'), 'tau0': np.float64(0.5112669311233565), 'tau1': np.float64(0.4834126901175533), 'c0': np.float64(0.23375832938713847), 'c1': np.float64(0.2264851066802086), 'extrapolated': False}",2023-04-21 18:44:00,up_event4,Turbidity FNU
up_event4,-0.7607807169518185,0.5,0.18658037247103487,0.7799554036513664,"                     shear_stress  fDOM RFU
DateTime                                   
2023-04-21 12:14:00      0.095132  0.003325
2023-04-21 12:29:00      0.069457  0.001117
2023-04-21 12:44:00      0.000000  0.000000
2023-04-21 12:59:00      0.092875  0.002507
2023-04-21 13:14:00      0.157343  0.014807
2023-04-21 13:29:00      0.162588  0.031022
2023-04-21 13:44:00      0.334099  0.055310
2023-04-21 13:59:00      0.243310  0.088401
2023-04-21 14:14:00      0.281307  0.130632
2023-04-21 14:29:00      0.439958  0.173763
2023-04-21 14:44:00      0.702584  0.229826
2023-04-21 14:59:00      0.630268  0.279215
2023-04-21 15:14:00      0.719594  0.332331
2023-04-21 15:29:00      0.591811  0.390623
2023-04-21 15:44:00      0.709372  0.456189
2023-04-21 15:59:00      0.694608  0.516876
2023-04-21 16:14:00      0.898922  0.587792
2023-04-21 16:29:00      0.698310  0.653776
2023-04-21 16:44:00      0.651458  0.712701
2023-04-21 16:59:00      0.542014  0.767179
2023-04-21 17:14:00      0.722751  0.820633
2023-04-21 17:29:00      0.735792  0.875810
2023-04-21 17:44:00      0.979161  0.916985
2023-04-21 17:59:00      0.869336  0.958755
2023-04-21 18:14:00      0.780562  0.990859
2023-04-21 18:29:00      0.995720  1.000000
2023-04-21 18:44:00      1.000000  0.992830","                     shear_stress  fDOM RFU
DateTime                                   
2023-04-21 18:44:00      1.000000  0.992830
2023-04-21 18:59:00      0.883436  0.995433
2023-04-21 19:14:00      0.733327  0.989396
2023-04-21 19:29:00      0.533427  0.983210
2023-04-21 19:44:00      0.674870  0.981786
2023-04-21 19:59:00      0.657783  0.983079
2023-04-21 20:14:00      0.884136  0.980053
2023-04-21 20:29:00      0.603040  0.968630
2023-04-21 20:44:00      0.685202  0.948209
2023-04-21 20:59:00      0.723092  0.937813
2023-04-21 21:14:00      0.949947  0.924951
2023-04-21 21:29:00      0.674579  0.904656
2023-04-21 21:44:00      0.577569  0.884355
2023-04-21 21:59:00      0.637820  0.870745
2023-04-21 22:14:00      0.716361  0.854366
2023-04-21 22:29:00      0.778838  0.832905
2023-04-21 22:44:00      0.726901  0.817165
2023-04-21 22:59:00      0.732537  0.804406
2023-04-21 23:14:00      0.511267  0.787849
2023-04-21 23:29:00      0.483413  0.768334
2023-04-21 23:44:00      0.702045  0.753410
2023-04-21 23:59:00      0.569684  0.735922
2023-04-22 00:14:00      0.458463  0.721566
2023-04-22 00:29:00      0.429013  0.710128
2023-04-22 00:44:00      0.404000  0.701222
2023-04-22 00:59:00      0.770586  0.688194
2023-04-22 01:14:00      0.600110  0.676998
2023-04-22 01:29:00      0.640009  0.665485
2023-04-22 01:44:00      0.651203  0.654257
2023-04-22 01:59:00      0.640684  0.636296
2023-04-22 02:14:00      0.428042  0.621814
2023-04-22 02:29:00      0.526032  0.606247
2023-04-22 02:44:00      0.640438  0.589714
2023-04-22 02:59:00      0.623024  0.571263
2023-04-22 03:14:00      0.439821  0.561591
2023-04-22 03:29:00      0.654774  0.547500
2023-04-22 03:44:00      0.777036  0.534244
2023-04-22 03:59:00      0.831506  0.520268
2023-04-22 04:14:00      0.802931  0.506895
2023-04-22 04:29:00      0.517972  0.491794
2023-04-22 04:44:00      0.676796  0.481249
2023-04-22 04:59:00      0.773280  0.470799
2023-04-22 05:14:00      0.526329  0.461181
2023-04-22 05:29:00      0.419284  0.450868
2023-04-22 05:44:00      0.494102  0.439307
2023-04-22 05:59:00      0.614106  0.431223
2023-04-22 06:14:00      0.559446  0.431741
2023-04-22 06:29:00      0.646884  0.429951
2023-04-22 06:44:00      0.624372  0.423628
2023-04-22 06:59:00      0.736797  0.420470
2023-04-22 07:14:00      0.506578  0.418994
2023-04-22 07:29:00      0.596469  0.412177
2023-04-22 07:44:00      0.567439  0.402871
2023-04-22 07:59:00      0.573017  0.405823
2023-04-22 08:14:00      0.464267  0.401745
2023-04-22 08:29:00      0.272487  0.364371
2023-04-22 08:44:00      0.444141  0.341626
2023-04-22 08:59:00      0.329319  0.316796
2023-04-22 09:14:00      0.370786  0.283162
2023-04-22 09:29:00      0.136372  0.250828",shear_stress,fDOM RFU,0.5,2023-04-21 14:32:25.759566080,2023-04-21 23:20:04.046466304,"{'t0': Timestamp('2023-04-21 14:29:00'), 't1': Timestamp('2023-04-21 14:44:00'), 'tau0': np.float64(0.4399579618538603), 'tau1': np.float64(0.702584071451711), 'c0': np.float64(0.17376314387040473), 'c1': np.float64(0.22982617880158307), 'extrapolated': False}","{'t0': Timestamp('2023-04-21 23:14:00'), 't1': Timestamp('2023-04-21 23:29:00'), 'tau0': np.float64(0.5112669311233565), 'tau1': np.float64(0.4834126901175533), 'c0': np.float64(0.7878494241631038), 'c1': np.float64(0.7683337328484933), 'extrapolated': False}",2023-04-21 18:44:00,up_event4,fDOM RFU
up_event5,0.976686654648991,0.5,0.894636280415287,0.020856964568863705,"                     shear_stress  Turbidity FNU
DateTime                                        
2023-04-22 14:14:00      0.021668       0.596345
2023-04-22 14:29:00      0.015923       0.566371
2023-04-22 14:44:00      0.012167       0.635357
2023-04-22 14:59:00      0.040165       0.616189
2023-04-22 15:14:00      0.010473       0.754560
2023-04-22 15:29:00      0.066544       0.762910
2023-04-22 15:44:00      0.205009       0.935402
2023-04-22 15:59:00      0.268376       0.976847
2023-04-22 16:14:00      0.163328       0.907013
2023-04-22 16:29:00      0.169038       0.856148
2023-04-22 16:44:00      0.196719       0.872740
2023-04-22 16:59:00      0.497366       0.789320
2023-04-22 17:14:00      0.419428       0.850901
2023-04-22 17:29:00      0.489448       0.901948
2023-04-22 17:44:00      0.650172       0.790575
2023-04-22 17:59:00      0.487779       0.719841
2023-04-22 18:14:00      0.395671       0.639603
2023-04-22 18:29:00      0.532080       0.717046
2023-04-22 18:44:00      0.496475       0.924986
2023-04-22 18:59:00      0.614388       0.953915
2023-04-22 19:14:00      0.518894       0.981550
2023-04-22 19:29:00      0.618495       1.000000
2023-04-22 19:44:00      0.573945       0.707638
2023-04-22 19:59:00      0.503615       0.523338
2023-04-22 20:14:00      0.423694       0.608907
2023-04-22 20:29:00      0.463070       0.624523
2023-04-22 20:44:00      0.756542       0.627018
2023-04-22 20:59:00      0.831767       0.771505
2023-04-22 21:14:00      0.793456       0.644113
2023-04-22 21:29:00      0.746197       0.443149
2023-04-22 21:44:00      0.731660       0.411225
2023-04-22 21:59:00      0.838425       0.299452
2023-04-22 22:14:00      0.737264       0.184708
2023-04-22 22:29:00      0.777092       0.285387
2023-04-22 22:44:00      0.973500       0.258821
2023-04-22 22:59:00      1.000000       0.181713","                     shear_stress  Turbidity FNU
DateTime                                        
2023-04-22 22:59:00      1.000000       0.181713
2023-04-22 23:14:00      0.855928       0.254283
2023-04-22 23:29:00      0.745878       0.412834
2023-04-22 23:44:00      0.813217       0.387363
2023-04-22 23:59:00      0.776374       0.518870
2023-04-23 00:14:00      0.596827       0.500455
2023-04-23 00:29:00      0.758463       0.562629
2023-04-23 00:44:00      0.766164       0.487678
2023-04-23 00:59:00      0.781936       0.341456
2023-04-23 01:14:00      0.796279       0.288012
2023-04-23 01:29:00      0.880456       0.318827
2023-04-23 01:44:00      0.729057       0.258600
2023-04-23 01:59:00      0.747091       0.180045
2023-04-23 02:14:00      0.732733       0.270740
2023-04-23 02:29:00      0.816219       0.416298
2023-04-23 02:44:00      0.694503       0.422180
2023-04-23 02:59:00      0.843197       0.325892
2023-04-23 03:14:00      0.814419       0.295575
2023-04-23 03:29:00      0.886961       0.316812
2023-04-23 03:44:00      0.859120       0.154179
2023-04-23 03:59:00      0.650740       0.276236
2023-04-23 04:14:00      0.720387       0.464343
2023-04-23 04:29:00      0.774773       0.417711
2023-04-23 04:44:00      0.779540       0.413501
2023-04-23 04:59:00      0.795573       0.483806
2023-04-23 05:14:00      0.805926       0.402054
2023-04-23 05:29:00      0.688342       0.309826
2023-04-23 05:44:00      0.765365       0.372365
2023-04-23 05:59:00      0.761981       0.370229
2023-04-23 06:14:00      0.803304       0.578822
2023-04-23 06:29:00      0.865549       0.529629
2023-04-23 06:44:00      0.844702       0.462358
2023-04-23 06:59:00      0.925410       0.426301
2023-04-23 07:14:00      0.869009       0.557331
2023-04-23 07:29:00      0.639280       0.323282
2023-04-23 07:44:00      0.660413       0.278305
2023-04-23 07:59:00      0.665025       0.251588
2023-04-23 08:14:00      0.560911       0.269495
2023-04-23 08:29:00      0.501642       0.027758
2023-04-23 08:44:00      0.495038       0.000000
2023-04-23 08:59:00      0.461385       0.079167
2023-04-23 09:14:00      0.537635       0.170936
2023-04-23 09:29:00      0.564569       0.142186
2023-04-23 09:44:00      0.251661       0.385917
2023-04-23 09:59:00      0.119157       0.399454
2023-04-23 10:14:00      0.118374       0.319520
2023-04-23 10:29:00      0.000000       0.320319",shear_stress,Turbidity FNU,0.5,2023-04-22 17:29:59.085169408,2023-04-23 08:32:43.757580544,"{'t0': Timestamp('2023-04-22 17:29:00'), 't1': Timestamp('2023-04-22 17:44:00'), 'tau0': np.float64(0.48944848228320015), 'tau1': np.float64(0.6501718255535553), 'c0': np.float64(0.9019479655698464), 'c1': np.float64(0.7905745582489151), 'extrapolated': False}","{'t0': Timestamp('2023-04-23 08:29:00'), 't1': Timestamp('2023-04-23 08:44:00'), 'tau0': np.float64(0.5016416933144259), 'tau1': np.float64(0.495038457886562), 'c0': np.float64(0.027758193765895063), 'c1': np.float64(0.0), 'extrapolated': False}",2023-04-22 22:59:00,up_event5,Turbidity FNU
up_event5,0.6467821788905935,0.5,0.693416017231298,0.24492689472880172,"                     shear_stress  fDOM RFU
DateTime                                   
2023-04-22 14:14:00      0.021668  0.000000
2023-04-22 14:29:00      0.015923  0.031245
2023-04-22 14:44:00      0.012167  0.067849
2023-04-22 14:59:00      0.040165  0.108418
2023-04-22 15:14:00      0.010473  0.153376
2023-04-22 15:29:00      0.066544  0.206776
2023-04-22 15:44:00      0.205009  0.262731
2023-04-22 15:59:00      0.268376  0.319036
2023-04-22 16:14:00      0.163328  0.381332
2023-04-22 16:29:00      0.169038  0.446188
2023-04-22 16:44:00      0.196719  0.505714
2023-04-22 16:59:00      0.497366  0.567793
2023-04-22 17:14:00      0.419428  0.631507
2023-04-22 17:29:00      0.489448  0.689769
2023-04-22 17:44:00      0.650172  0.745315
2023-04-22 17:59:00      0.487779  0.797472
2023-04-22 18:14:00      0.395671  0.844376
2023-04-22 18:29:00      0.532080  0.867298
2023-04-22 18:44:00      0.496475  0.914073
2023-04-22 18:59:00      0.614388  0.937901
2023-04-22 19:14:00      0.518894  0.964949
2023-04-22 19:29:00      0.618495  0.986964
2023-04-22 19:44:00      0.573945  1.000000
2023-04-22 19:59:00      0.503615  0.973340
2023-04-22 20:14:00      0.423694  0.963127
2023-04-22 20:29:00      0.463070  0.939948
2023-04-22 20:44:00      0.756542  0.902789
2023-04-22 20:59:00      0.831767  0.873444
2023-04-22 21:14:00      0.793456  0.852188
2023-04-22 21:29:00      0.746197  0.823873
2023-04-22 21:44:00      0.731660  0.797017
2023-04-22 21:59:00      0.838425  0.776432
2023-04-22 22:14:00      0.737264  0.758373
2023-04-22 22:29:00      0.777092  0.741579
2023-04-22 22:44:00      0.973500  0.723575
2023-04-22 22:59:00      1.000000  0.696794","                     shear_stress  fDOM RFU
DateTime                                   
2023-04-22 22:59:00      1.000000  0.696794
2023-04-22 23:14:00      0.855928  0.679332
2023-04-22 23:29:00      0.745878  0.666772
2023-04-22 23:44:00      0.813217  0.653475
2023-04-22 23:59:00      0.776374  0.638849
2023-04-23 00:14:00      0.596827  0.631618
2023-04-23 00:29:00      0.758463  0.616785
2023-04-23 00:44:00      0.766164  0.603427
2023-04-23 00:59:00      0.781936  0.586253
2023-04-23 01:14:00      0.796279  0.572705
2023-04-23 01:29:00      0.880456  0.557375
2023-04-23 01:44:00      0.729057  0.540712
2023-04-23 01:59:00      0.747091  0.520963
2023-04-23 02:14:00      0.732733  0.509328
2023-04-23 02:29:00      0.816219  0.493636
2023-04-23 02:44:00      0.694503  0.479947
2023-04-23 02:59:00      0.843197  0.471484
2023-04-23 03:14:00      0.814419  0.463091
2023-04-23 03:29:00      0.886961  0.449580
2023-04-23 03:44:00      0.859120  0.438930
2023-04-23 03:59:00      0.650740  0.424093
2023-04-23 04:14:00      0.720387  0.408578
2023-04-23 04:29:00      0.774773  0.395421
2023-04-23 04:44:00      0.779540  0.379610
2023-04-23 04:59:00      0.795573  0.369487
2023-04-23 05:14:00      0.805926  0.354950
2023-04-23 05:29:00      0.688342  0.341504
2023-04-23 05:44:00      0.765365  0.329889
2023-04-23 05:59:00      0.761981  0.321435
2023-04-23 06:14:00      0.803304  0.311746
2023-04-23 06:29:00      0.865549  0.314457
2023-04-23 06:44:00      0.844702  0.309535
2023-04-23 06:59:00      0.925410  0.305348
2023-04-23 07:14:00      0.869009  0.305211
2023-04-23 07:29:00      0.639280  0.300271
2023-04-23 07:44:00      0.660413  0.286271
2023-04-23 07:59:00      0.665025  0.278132
2023-04-23 08:14:00      0.560911  0.269891
2023-04-23 08:29:00      0.501642  0.250248
2023-04-23 08:44:00      0.495038  0.228844
2023-04-23 08:59:00      0.461385  0.209026
2023-04-23 09:14:00      0.537635  0.181943
2023-04-23 09:29:00      0.564569  0.143825
2023-04-23 09:44:00      0.251661  0.109928
2023-04-23 09:59:00      0.119157  0.073785
2023-04-23 10:14:00      0.118374  0.036233
2023-04-23 10:29:00      0.000000  0.002069",shear_stress,fDOM RFU,0.5,2023-04-22 17:29:59.085169408,2023-04-23 08:32:43.757580544,"{'t0': Timestamp('2023-04-22 17:29:00'), 't1': Timestamp('2023-04-22 17:44:00'), 'tau0': np.float64(0.48944848228320015), 'tau1': np.float64(0.6501718255535553), 'c0': np.float64(0.6897694347333889), 'c1': np.float64(0.7453150865611018), 'extrapolated': False}","{'t0': Timestamp('2023-04-23 08:29:00'), 't1': Timestamp('2023-04-23 08:44:00'), 'tau0': np.float64(0.5016416933144259), 'tau1': np.float64(0.495038457886562), 'c0': np.float64(0.2502483314739526), 'c1': np.float64(0.2288443948609804), 'extrapolated': False}",2023-04-22 22:59:00,up_event5,fDOM RFU
up_event6,0.33582626900186485,0.5,0.46700524826210305,0.31017261813395136,"                     shear_stress  Turbidity FNU
DateTime                                        
2023-04-23 11:44:00      0.135251       0.107931
2023-04-23 11:59:00      0.000000       0.124588
2023-04-23 12:14:00      0.060677       0.219637
2023-04-23 12:29:00      0.025174       0.329536
2023-04-23 12:44:00      0.151416       0.417085
2023-04-23 12:59:00      0.129065       0.490134
2023-04-23 13:14:00      0.173630       0.521547
2023-04-23 13:29:00      0.236424       0.528936
2023-04-23 13:44:00      0.131570       0.592038
2023-04-23 13:59:00      0.230534       0.496118
2023-04-23 14:14:00      0.300758       0.466201
2023-04-23 14:29:00      0.327687       0.499182
2023-04-23 14:44:00      0.458902       0.456863
2023-04-23 14:59:00      0.600410       0.491784
2023-04-23 15:14:00      0.639540       0.689235
2023-04-23 15:29:00      0.616360       0.740874
2023-04-23 15:44:00      0.728139       0.881475
2023-04-23 15:59:00      0.723069       0.911955
2023-04-23 16:14:00      0.732772       0.911180
2023-04-23 16:29:00      0.831136       0.962723
2023-04-23 16:44:00      0.808317       1.000000
2023-04-23 16:59:00      0.674249       0.841991
2023-04-23 17:14:00      0.796446       0.867100
2023-04-23 17:29:00      0.836701       0.796867
2023-04-23 17:44:00      0.896737       0.588774
2023-04-23 17:59:00      0.869801       0.531675
2023-04-23 18:14:00      0.907195       0.598995
2023-04-23 18:29:00      0.821901       0.613933
2023-04-23 18:44:00      0.878574       0.566214
2023-04-23 18:59:00      0.855134       0.610182
2023-04-23 19:14:00      0.787784       0.535402
2023-04-23 19:29:00      1.000000       0.419866","                     shear_stress  Turbidity FNU
DateTime                                        
2023-04-23 19:29:00      1.000000       0.419866
2023-04-23 19:44:00      0.955097       0.339754
2023-04-23 19:59:00      0.978736       0.192709
2023-04-23 20:14:00      0.997881       0.089978
2023-04-23 20:29:00      0.968186       0.071838
2023-04-23 20:44:00      0.903449       0.024606
2023-04-23 20:59:00      0.997296       0.000000
2023-04-23 21:14:00      0.829621       0.132775
2023-04-23 21:29:00      0.875441       0.207828
2023-04-23 21:44:00      0.939572       0.182503
2023-04-23 21:59:00      0.977484       0.159215
2023-04-23 22:14:00      0.913363       0.185716
2023-04-23 22:29:00      0.854646       0.134273
2023-04-23 22:44:00      0.854407       0.074206
2023-04-23 22:59:00      0.752268       0.126345
2023-04-23 23:14:00      0.886887       0.212500
2023-04-23 23:29:00      0.866218       0.190575
2023-04-23 23:44:00      0.752377       0.123097
2023-04-23 23:59:00      0.852346       0.110729
2023-04-24 00:14:00      0.852510       0.046377
2023-04-24 00:29:00      0.901378       0.108302
2023-04-24 00:44:00      0.786805       0.090602
2023-04-24 00:59:00      0.747209       0.135623
2023-04-24 01:14:00      0.861183       0.245069
2023-04-24 01:29:00      0.813224       0.269062
2023-04-24 01:44:00      0.895007       0.115688
2023-04-24 01:59:00      0.837728       0.160744
2023-04-24 02:14:00      0.888410       0.282606
2023-04-24 02:29:00      0.748517       0.211171
2023-04-24 02:44:00      0.789510       0.262071
2023-04-24 02:59:00      0.673451       0.254821
2023-04-24 03:14:00      0.649502       0.306540
2023-04-24 03:29:00      0.771449       0.139246
2023-04-24 10:59:00      0.303184       0.434105",shear_stress,Turbidity FNU,0.5,2023-04-23 14:48:21.385953024,2023-04-24 07:49:51.637585920,"{'t0': Timestamp('2023-04-23 14:44:00'), 't1': Timestamp('2023-04-23 14:59:00'), 'tau0': np.float64(0.4589018130443834), 'tau1': np.float64(0.6004104436272877), 'c0': np.float64(0.45686336621367896), 'c1': np.float64(0.4917837348791809), 'extrapolated': False}","{'t0': Timestamp('2023-04-24 03:29:00'), 't1': Timestamp('2023-04-24 10:59:00'), 'tau0': np.float64(0.7714488616086115), 'tau1': np.float64(0.3031835300641077), 'c0': np.float64(0.1392456726477808), 'c1': np.float64(0.43410475705938395), 'extrapolated': False}",2023-04-23 19:29:00,up_event6,Turbidity FNU
up_event6,-0.15477977693324463,0.5,0.2047753095540064,0.24227450310051712,"                     shear_stress  fDOM RFU
DateTime                                   
2023-04-23 11:44:00      0.135251  0.000000
2023-04-23 11:59:00      0.000000  0.000207
2023-04-23 12:14:00      0.060677  0.003174
2023-04-23 12:29:00      0.025174  0.012843
2023-04-23 12:44:00      0.151416  0.027303
2023-04-23 12:59:00      0.129065  0.044048
2023-04-23 13:14:00      0.173630  0.060731
2023-04-23 13:29:00      0.236424  0.081471
2023-04-23 13:44:00      0.131570  0.099152
2023-04-23 13:59:00      0.230534  0.120193
2023-04-23 14:14:00      0.300758  0.141967
2023-04-23 14:29:00      0.327687  0.166456
2023-04-23 14:44:00      0.458902  0.193893
2023-04-23 14:59:00      0.600410  0.231362
2023-04-23 15:14:00      0.639540  0.269794
2023-04-23 15:29:00      0.616360  0.314707
2023-04-23 15:44:00      0.728139  0.363270
2023-04-23 15:59:00      0.723069  0.414963
2023-04-23 16:14:00      0.732772  0.472554
2023-04-23 16:29:00      0.831136  0.531679
2023-04-23 16:44:00      0.808317  0.596215
2023-04-23 16:59:00      0.674249  0.665718
2023-04-23 17:14:00      0.796446  0.736607
2023-04-23 17:29:00      0.836701  0.794880
2023-04-23 17:44:00      0.896737  0.846317
2023-04-23 17:59:00      0.869801  0.887769
2023-04-23 18:14:00      0.907195  0.920808
2023-04-23 18:29:00      0.821901  0.948035
2023-04-23 18:44:00      0.878574  0.967183
2023-04-23 18:59:00      0.855134  0.986435
2023-04-23 19:14:00      0.787784  0.995469
2023-04-23 19:29:00      1.000000  1.000000","                     shear_stress  fDOM RFU
DateTime                                   
2023-04-23 19:29:00      1.000000  1.000000
2023-04-23 19:44:00      0.955097  0.989052
2023-04-23 19:59:00      0.978736  0.986828
2023-04-23 20:14:00      0.997881  0.994772
2023-04-23 20:29:00      0.968186  0.983345
2023-04-23 20:44:00      0.903449  0.961016
2023-04-23 20:59:00      0.997296  0.944845
2023-04-23 21:14:00      0.829621  0.920519
2023-04-23 21:29:00      0.875441  0.872732
2023-04-23 21:44:00      0.939572  0.841950
2023-04-23 21:59:00      0.977484  0.826593
2023-04-23 22:14:00      0.913363  0.797896
2023-04-23 22:29:00      0.854646  0.762182
2023-04-23 22:44:00      0.854407  0.730046
2023-04-23 22:59:00      0.752268  0.706029
2023-04-23 23:14:00      0.886887  0.669639
2023-04-23 23:29:00      0.866218  0.638540
2023-04-23 23:44:00      0.752377  0.617550
2023-04-23 23:59:00      0.852346  0.596338
2023-04-24 00:14:00      0.852510  0.571387
2023-04-24 00:29:00      0.901378  0.546954
2023-04-24 00:44:00      0.786805  0.528456
2023-04-24 00:59:00      0.747209  0.505149
2023-04-24 01:14:00      0.861183  0.487987
2023-04-24 01:29:00      0.813224  0.470854
2023-04-24 01:44:00      0.895007  0.458993
2023-04-24 01:59:00      0.837728  0.449355
2023-04-24 02:14:00      0.888410  0.441678
2023-04-24 02:29:00      0.748517  0.433806
2023-04-24 02:44:00      0.789510  0.424337
2023-04-24 02:59:00      0.673451  0.415988
2023-04-24 03:14:00      0.649502  0.406515
2023-04-24 03:29:00      0.771449  0.398892
2023-04-24 10:59:00      0.303184  0.128718",shear_stress,fDOM RFU,0.5,2023-04-23 14:48:21.385953024,2023-04-24 07:49:51.637585920,"{'t0': Timestamp('2023-04-23 14:44:00'), 't1': Timestamp('2023-04-23 14:59:00'), 'tau0': np.float64(0.4589018130443834), 'tau1': np.float64(0.6004104436272877), 'c0': np.float64(0.19389318149560458), 'c1': np.float64(0.2313623535733496), 'extrapolated': False}","{'t0': Timestamp('2023-04-24 03:29:00'), 't1': Timestamp('2023-04-24 10:59:00'), 'tau0': np.float64(0.7714488616086115), 'tau1': np.float64(0.3031835300641077), 'c0': np.float64(0.3988916749217761), 'c1': np.float64(0.12871779592920088), 'extrapolated': False}",2023-04-23 19:29:00,up_event6,fDOM RFU
up_event7,0.5279433205018125,0.5,0.45636052999487575,0.21542803644341404,"                     shear_stress  Turbidity FNU
DateTime                                        
2023-04-24 11:14:00      0.000000       0.258585
2023-04-24 11:29:00      0.073820       0.087555
2023-04-24 11:44:00      0.187680       0.023819
2023-04-24 11:59:00      0.141732       0.028439
2023-04-24 12:14:00      0.199204       0.000000
2023-04-24 12:29:00      0.206157       0.132836
2023-04-24 12:44:00      0.276011       0.192876
2023-04-24 12:59:00      0.374972       0.352123
2023-04-24 13:14:00      0.234174       0.440737
2023-04-24 13:29:00      0.375323       0.453753
2023-04-24 13:44:00      0.483485       0.357755
2023-04-24 13:59:00      0.412872       0.416514
2023-04-24 14:14:00      0.544222       0.476585
2023-04-24 14:29:00      0.563085       0.732654
2023-04-24 14:44:00      0.680297       0.867351
2023-04-24 14:59:00      0.777107       0.984652
2023-04-24 15:14:00      0.728558       1.000000
2023-04-24 15:29:00      0.757723       0.993175
2023-04-24 15:44:00      0.851831       0.962140
2023-04-24 15:59:00      0.708584       0.903329
2023-04-24 16:14:00      0.756102       0.849374
2023-04-24 16:29:00      0.849766       0.888578
2023-04-24 16:44:00      0.889319       0.884701
2023-04-24 16:59:00      0.926772       0.631696
2023-04-24 17:14:00      0.929178       0.621127
2023-04-24 17:29:00      0.831695       0.729806
2023-04-24 17:44:00      0.898274       0.812872
2023-04-24 17:59:00      0.894777       0.778749
2023-04-24 18:14:00      1.000000       0.891088","                     shear_stress  Turbidity FNU
DateTime                                        
2023-04-24 18:14:00      1.000000       0.891088
2023-04-24 18:29:00      0.892339       0.953163
2023-04-24 18:44:00      0.767451       0.824280
2023-04-24 18:59:00      0.953687       0.691107
2023-04-24 19:14:00      0.813650       0.690155
...                           ...            ...
2023-04-25 09:59:00      0.321313       0.144069
2023-04-25 10:14:00      0.306257       0.109656
2023-04-25 10:29:00      0.355890       0.017775
2023-04-25 10:44:00      0.288211       0.007496
2023-04-25 10:59:00      0.305926       0.022285

[68 rows x 2 columns]",shear_stress,Turbidity FNU,0.5,2023-04-24 14:08:56.995834624,2023-04-25 07:51:26.058360064,"{'t0': Timestamp('2023-04-24 13:59:00'), 't1': Timestamp('2023-04-24 14:14:00'), 'tau0': np.float64(0.4128722721956029), 'tau1': np.float64(0.5442215220102434), 'c0': np.float64(0.4165138565328103), 'c1': np.float64(0.47658463766053044), 'extrapolated': False}","{'t0': Timestamp('2023-04-25 07:44:00'), 't1': Timestamp('2023-04-25 07:59:00'), 'tau0': np.float64(0.5225155819701729), 'tau1': np.float64(0.4770864955739843), 'c0': np.float64(0.2323498032186637), 'c1': np.float64(0.19820720785168175), 'extrapolated': False}",2023-04-24 18:14:00,up_event7,Turbidity FNU
up_event7,-0.865832742851896,0.5,0.1159465809776478,0.8641943156791022,"                     shear_stress  fDOM RFU
DateTime                                   
2023-04-24 11:14:00      0.000000  0.085438
2023-04-24 11:29:00      0.073820  0.085518
2023-04-24 11:44:00      0.187680  0.087189
2023-04-24 11:59:00      0.141732  0.087933
2023-04-24 12:14:00      0.199204  0.088792
2023-04-24 12:29:00      0.206157  0.090260
2023-04-24 12:44:00      0.276011  0.092634
2023-04-24 12:59:00      0.374972  0.093569
2023-04-24 13:14:00      0.234174  0.096137
2023-04-24 13:29:00      0.375323  0.100472
2023-04-24 13:44:00      0.483485  0.105589
2023-04-24 13:59:00      0.412872  0.110430
2023-04-24 14:14:00      0.544222  0.118746
2023-04-24 14:29:00      0.563085  0.126017
2023-04-24 14:44:00      0.680297  0.133984
2023-04-24 14:59:00      0.777107  0.144651
2023-04-24 15:14:00      0.728558  0.159523
2023-04-24 15:29:00      0.757723  0.175642
2023-04-24 15:44:00      0.851831  0.193913
2023-04-24 15:59:00      0.708584  0.213456
2023-04-24 16:14:00      0.756102  0.229642
2023-04-24 16:29:00      0.849766  0.245220
2023-04-24 16:44:00      0.889319  0.256881
2023-04-24 16:59:00      0.926772  0.272794
2023-04-24 17:14:00      0.929178  0.284291
2023-04-24 17:29:00      0.831695  0.296382
2023-04-24 17:44:00      0.898274  0.275041
2023-04-24 17:59:00      0.894777  0.236596
2023-04-24 18:14:00      1.000000  0.215581","                     shear_stress  fDOM RFU
DateTime                                   
2023-04-24 18:14:00      1.000000  0.215581
2023-04-24 18:29:00      0.892339  0.168052
2023-04-24 18:44:00      0.767451  0.133152
2023-04-24 18:59:00      0.953687  0.118132
2023-04-24 19:14:00      0.813650  0.113350
...                           ...       ...
2023-04-25 09:59:00      0.321313  0.301226
2023-04-25 10:14:00      0.306257  0.322832
2023-04-25 10:29:00      0.355890  0.363745
2023-04-25 10:44:00      0.288211  0.360415
2023-04-25 10:59:00      0.305926  0.056541

[68 rows x 2 columns]",shear_stress,fDOM RFU,0.5,2023-04-24 14:08:56.995834624,2023-04-25 07:51:26.058360064,"{'t0': Timestamp('2023-04-24 13:59:00'), 't1': Timestamp('2023-04-24 14:14:00'), 'tau0': np.float64(0.4128722721956029), 'tau1': np.float64(0.5442215220102434), 'c0': np.float64(0.11043043822029958), 'c1': np.float64(0.1187462893430133), 'extrapolated': False}","{'t0': Timestamp('2023-04-25 07:44:00'), 't1': Timestamp('2023-04-25 07:59:00'), 'tau0': np.float64(0.5225155819701729), 'tau1': np.float64(0.4770864955739843), 'c0': np.float64(0.7307470715706094), 'c1': np.float64(1.0), 'extrapolated': False}",2023-04-24 18:14:00,up_event7,fDOM RFU
up_event8,0.9408184976311149,0.5,0.7565730927195223,0.044775132279015126,"                     shear_stress  Turbidity FNU
DateTime                                        
2023-04-27 12:14:00      0.082686       0.044121
2023-04-27 12:29:00      0.000000       0.034066
2023-04-27 12:44:00      0.216898       0.057707
2023-04-27 12:59:00      0.139308       0.140892
2023-04-27 13:14:00      0.197920       0.208619
2023-04-27 13:29:00      0.092070       0.162289
2023-04-27 13:44:00      0.264712       0.248318
2023-04-27 13:59:00      0.366325       0.367717
2023-04-27 14:14:00      0.402800       0.348803
2023-04-27 14:29:00      0.255468       0.415602
2023-04-27 14:44:00      0.409493       0.695125
2023-04-27 14:59:00      0.515796       0.767297
2023-04-27 15:14:00      0.411678       0.826507
2023-04-27 15:29:00      0.450761       0.887857
2023-04-27 15:44:00      0.496934       1.000000
2023-04-27 15:59:00      0.548273       0.829960
2023-04-27 16:14:00      0.656693       0.752410
2023-04-27 16:29:00      0.693328       0.727749
2023-04-27 16:44:00      0.735391       0.878511
2023-04-27 16:59:00      0.705370       0.759777
2023-04-27 17:14:00      0.655966       0.840395
2023-04-27 17:29:00      0.695914       0.871096
2023-04-27 17:44:00      0.688421       0.788519
2023-04-27 17:59:00      0.617132       0.672968
2023-04-27 18:14:00      0.714341       0.758860
2023-04-27 18:29:00      0.738789       0.605386
2023-04-27 18:44:00      0.727457       0.572724
2023-04-27 18:59:00      0.808140       0.611376
2023-04-27 19:14:00      0.727140       0.529168
2023-04-27 19:29:00      0.772455       0.460107
2023-04-27 19:44:00      0.740555       0.429492
2023-04-27 19:59:00      0.861598       0.561990
2023-04-27 20:14:00      0.857653       0.591714
2023-04-27 20:29:00      0.795800       0.712835
2023-04-27 20:44:00      0.841406       0.684963
2023-04-27 20:59:00      1.000000       0.667610","                     shear_stress  Turbidity FNU
DateTime                                        
2023-04-27 20:59:00      1.000000       0.667610
2023-04-27 21:14:00      0.939639       0.527280
2023-04-27 21:29:00      0.862571       0.390173
2023-04-27 21:44:00      0.803384       0.219487
2023-04-27 21:59:00      0.725754       0.129000
...                           ...            ...
2023-04-28 10:59:00      0.442677       0.000000
2023-04-28 11:14:00      0.437564       0.105029
2023-04-28 11:29:00      0.422067       0.159948
2023-04-28 11:44:00      0.496536       0.188061
2023-04-28 11:59:00      0.326957       0.285604

[61 rows x 2 columns]",shear_stress,Turbidity FNU,0.5,2023-04-27 14:56:46.266946560,2023-04-28 10:25:14.287540224,"{'t0': Timestamp('2023-04-27 14:44:00'), 't1': Timestamp('2023-04-27 14:59:00'), 'tau0': np.float64(0.4094928332501048), 'tau1': np.float64(0.5157958004478655), 'c0': np.float64(0.6951250420851091), 'c1': np.float64(0.7672973389840483), 'extrapolated': False}","{'t0': Timestamp('2023-04-28 10:14:00'), 't1': Timestamp('2023-04-28 10:29:00'), 'tau0': np.float64(0.694583011872502), 'tau1': np.float64(0.43486486460271423), 'c0': np.float64(0.0631437549293983), 'c1': np.float64(0.038626380071999984), 'extrapolated': False}",2023-04-27 20:59:00,up_event8,Turbidity FNU
up_event8,0.6121463110456946,0.5,0.6373345711151717,0.2471925645051294,"                     shear_stress  fDOM RFU
DateTime                                   
2023-04-27 12:14:00      0.082686  0.128371
2023-04-27 12:29:00      0.000000  0.171640
2023-04-27 12:44:00      0.216898  0.445733
2023-04-27 12:59:00      0.139308  0.705499
2023-04-27 13:14:00      0.197920  0.656165
2023-04-27 13:29:00      0.092070  0.692638
2023-04-27 13:44:00      0.264712  0.732650
2023-04-27 13:59:00      0.366325  0.714273
2023-04-27 14:14:00      0.402800  0.729805
2023-04-27 14:29:00      0.255468  0.810793
2023-04-27 14:44:00      0.409493  0.787406
2023-04-27 14:59:00      0.515796  0.611143
2023-04-27 15:14:00      0.411678  0.549154
2023-04-27 15:29:00      0.450761  0.283546
2023-04-27 15:44:00      0.496934  0.265620
2023-04-27 15:59:00      0.548273  0.189420
2023-04-27 16:14:00      0.656693  0.203678
2023-04-27 16:29:00      0.693328  0.054226
2023-04-27 16:44:00      0.735391  0.238219
2023-04-27 16:59:00      0.705370  0.000000
2023-04-27 17:14:00      0.655966  0.227472
2023-04-27 17:29:00      0.695914  0.493728
2023-04-27 17:44:00      0.688421  0.747002
2023-04-27 17:59:00      0.617132  0.834762
2023-04-27 18:14:00      0.714341  0.998972
2023-04-27 18:29:00      0.738789  1.000000
2023-04-27 18:44:00      0.727457  0.904460
2023-04-27 18:59:00      0.808140  0.923914
2023-04-27 19:14:00      0.727140  0.651821
2023-04-27 19:29:00      0.772455  0.556564
2023-04-27 19:44:00      0.740555  0.433318
2023-04-27 19:59:00      0.861598  0.422874
2023-04-27 20:14:00      0.857653  0.296215
2023-04-27 20:29:00      0.795800  0.556800
2023-04-27 20:44:00      0.841406  0.758514
2023-04-27 20:59:00      1.000000  0.874931","                     shear_stress  fDOM RFU
DateTime                                   
2023-04-27 20:59:00      1.000000  0.874931
2023-04-27 21:14:00      0.939639  0.944658
2023-04-27 21:29:00      0.862571  0.920463
2023-04-27 21:44:00      0.803384  0.675458
2023-04-27 21:59:00      0.725754  0.462895
...                           ...       ...
2023-04-28 10:59:00      0.442677  0.157042
2023-04-28 11:14:00      0.437564  0.175322
2023-04-28 11:29:00      0.422067  0.154596
2023-04-28 11:44:00      0.496536  0.227784
2023-04-28 11:59:00      0.326957  0.420084

[61 rows x 2 columns]",shear_stress,fDOM RFU,0.5,2023-04-27 14:56:46.266946560,2023-04-28 10:25:14.287540224,"{'t0': Timestamp('2023-04-27 14:44:00'), 't1': Timestamp('2023-04-27 14:59:00'), 'tau0': np.float64(0.4094928332501048), 'tau1': np.float64(0.5157958004478655), 'c0': np.float64(0.787406196807856), 'c1': np.float64(0.6111432590291088), 'extrapolated': False}","{'t0': Timestamp('2023-04-28 10:14:00'), 't1': Timestamp('2023-04-28 10:29:00'), 'tau0': np.float64(0.694583011872502), 'tau1': np.float64(0.43486486460271423), 'c0': np.float64(0.2075254699064509), 'c1': np.float64(0.2604708129672924), 'extrapolated': False}",2023-04-27 20:59:00,up_event8,fDOM RFU
up_event9,0.4459459386649878,0.5,0.558572438044114,0.30947932784814086,"                     shear_stress  Turbidity FNU
DateTime                                        
2023-04-29 12:14:00      0.089275       0.000000
2023-04-29 12:29:00      0.047311       0.032221
2023-04-29 12:44:00      0.001006       0.096706
2023-04-29 12:59:00      0.086127       0.148584
2023-04-29 13:14:00      0.000000       0.191097
2023-04-29 13:29:00      0.099819       0.209247
2023-04-29 13:44:00      0.074880       0.277272
2023-04-29 13:59:00      0.237819       0.427848
2023-04-29 14:14:00      0.323310       0.479172
2023-04-29 14:29:00      0.472417       0.546785
2023-04-29 14:44:00      0.477706       0.568481
2023-04-29 14:59:00      0.597661       0.515169
2023-04-29 15:14:00      0.627946       0.291559
2023-04-29 15:29:00      0.748996       0.129310
2023-04-29 15:44:00      0.596481       0.137524
2023-04-29 15:59:00      0.552384       0.244952
2023-04-29 16:14:00      0.674349       0.358459
2023-04-29 16:29:00      0.573883       0.527740
2023-04-29 16:44:00      0.669994       0.698793
2023-04-29 16:59:00      0.665346       0.798415
2023-04-29 17:14:00      0.656406       0.820152
2023-04-29 17:29:00      0.827878       0.846773
2023-04-29 17:44:00      0.770304       0.906364
2023-04-29 17:59:00      0.912060       1.000000
2023-04-29 18:14:00      0.828665       0.919592
2023-04-29 18:29:00      0.848280       0.935141
2023-04-29 18:44:00      1.000000       0.876508","                     shear_stress  Turbidity FNU
DateTime                                        
2023-04-29 18:44:00      1.000000       0.876508
2023-04-29 18:59:00      0.866140       0.790546
2023-04-29 19:14:00      0.878205       0.708547
2023-04-29 19:29:00      0.955320       0.696375
2023-04-29 19:44:00      0.869229       0.656001
...                           ...            ...
2023-04-30 10:59:00      0.510991       0.215289
2023-04-30 11:14:00      0.546355       0.246619
2023-04-30 11:29:00      0.548366       0.253376
2023-04-30 11:44:00      0.564812       0.207178
2023-04-30 11:59:00      0.472589       0.187524

[70 rows x 2 columns]",shear_stress,Turbidity FNU,0.5,2023-04-29 14:46:47.269751808,2023-04-30 09:25:54.814859264,"{'t0': Timestamp('2023-04-29 14:44:00'), 't1': Timestamp('2023-04-29 14:59:00'), 'tau0': np.float64(0.4777055644967369), 'tau1': np.float64(0.5976614544747274), 'c0': np.float64(0.5684807119064832), 'c1': np.float64(0.5151689422664583), 'extrapolated': False}","{'t0': Timestamp('2023-04-30 09:14:00'), 't1': Timestamp('2023-04-30 09:29:00'), 'tau0': np.float64(0.5454880481351169), 'tau1': np.float64(0.4882155351292651), 'c0': np.float64(0.3251276729520281), 'c1': np.float64(0.30542535365777135), 'extrapolated': False}",2023-04-29 18:44:00,up_event9,Turbidity FNU
up_event9,0.592085843167336,0.5,0.45812109683207514,0.18687408094151114,"                     shear_stress  fDOM RFU
DateTime                                   
2023-04-29 12:14:00      0.089275  0.348329
2023-04-29 12:29:00      0.047311  0.568354
2023-04-29 12:44:00      0.001006  0.736188
2023-04-29 12:59:00      0.086127  0.604619
2023-04-29 13:14:00      0.000000  0.318372
2023-04-29 13:29:00      0.099819  0.441060
2023-04-29 13:44:00      0.074880  0.208000
2023-04-29 13:59:00      0.237819  0.166434
2023-04-29 14:14:00      0.323310  0.171780
2023-04-29 14:29:00      0.472417  0.312217
2023-04-29 14:44:00      0.477706  0.449050
2023-04-29 14:59:00      0.597661  0.497858
2023-04-29 15:14:00      0.627946  0.540836
2023-04-29 15:29:00      0.748996  0.823517
2023-04-29 15:44:00      0.596481  0.692886
2023-04-29 15:59:00      0.552384  0.432518
2023-04-29 16:14:00      0.674349  0.524649
2023-04-29 16:29:00      0.573883  0.453887
2023-04-29 16:44:00      0.669994  0.235415
2023-04-29 16:59:00      0.665346  0.247885
2023-04-29 17:14:00      0.656406  0.506781
2023-04-29 17:29:00      0.827878  0.517455
2023-04-29 17:44:00      0.770304  0.604170
2023-04-29 17:59:00      0.912060  0.800801
2023-04-29 18:14:00      0.828665  1.000000
2023-04-29 18:29:00      0.848280  0.786074
2023-04-29 18:44:00      1.000000  0.743651","                     shear_stress  fDOM RFU
DateTime                                   
2023-04-29 18:44:00      1.000000  0.743651
2023-04-29 18:59:00      0.866140  0.741795
2023-04-29 19:14:00      0.878205  0.639141
2023-04-29 19:29:00      0.955320  0.451664
2023-04-29 19:44:00      0.869229  0.417820
...                           ...       ...
2023-04-30 10:59:00      0.510991  0.472841
2023-04-30 11:14:00      0.546355  0.225436
2023-04-30 11:29:00      0.548366  0.095438
2023-04-30 11:44:00      0.564812  0.047869
2023-04-30 11:59:00      0.472589  0.067790

[70 rows x 2 columns]",shear_stress,fDOM RFU,0.5,2023-04-29 14:46:47.269751808,2023-04-30 09:25:54.814859264,"{'t0': Timestamp('2023-04-29 14:44:00'), 't1': Timestamp('2023-04-29 14:59:00'), 'tau0': np.float64(0.4777055644967369), 'tau1': np.float64(0.5976614544747274), 'c0': np.float64(0.44904988418485814), 'c1': np.float64(0.4978578204330472), 'extrapolated': False}","{'t0': Timestamp('2023-04-30 09:14:00'), 't1': Timestamp('2023-04-30 09:29:00'), 'tau0': np.float64(0.5454880481351169), 'tau1': np.float64(0.4882155351292651), 'c0': np.float64(0.35333904998591964), 'c1': np.float64(0.14374845432563033), 'extrapolated': False}",2023-04-29 18:44:00,up_event9,fDOM RFU
up_event10,-0.13693598624934744,0.5,0.15466022120176023,0.17919901506453384,"                     shear_stress  Turbidity FNU
DateTime                                        
2023-04-30 12:14:00      0.216675       0.000000
2023-04-30 12:29:00      0.215693       0.008204
2023-04-30 12:44:00      0.343989       0.033827
2023-04-30 12:59:00      0.402695       0.058670
2023-04-30 13:14:00      0.474242       0.100161
2023-04-30 13:29:00      0.449660       0.138788
2023-04-30 13:44:00      0.554017       0.171692
2023-04-30 13:59:00      0.711730       0.211747
2023-04-30 14:14:00      0.684108       0.240773
2023-04-30 14:29:00      0.696289       0.268938
2023-04-30 14:44:00      0.645287       0.321963
2023-04-30 14:59:00      0.844664       0.372237
2023-04-30 15:14:00      0.870479       0.448922
2023-04-30 15:29:00      0.851171       0.606102
2023-04-30 15:44:00      0.889066       0.686693
2023-04-30 15:59:00      0.769499       0.766928
2023-04-30 16:14:00      0.719135       0.825189
2023-04-30 16:29:00      0.827667       0.905099
2023-04-30 16:44:00      0.877637       0.869384
2023-04-30 16:59:00      0.897953       0.932134
2023-04-30 17:14:00      0.782453       0.955047
2023-04-30 17:29:00      0.627259       1.000000
2023-04-30 17:44:00      0.760354       0.973861
2023-04-30 17:59:00      0.843404       0.953133
2023-04-30 18:14:00      0.864344       0.899485
2023-04-30 18:29:00      0.919473       0.917538
2023-04-30 18:44:00      0.803977       0.862899
2023-04-30 18:59:00      0.908030       0.795245
2023-04-30 19:14:00      0.906744       0.762624
2023-04-30 19:29:00      1.000000       0.712393","                     shear_stress  Turbidity FNU
DateTime                                        
2023-04-30 19:29:00      1.000000       0.712393
2023-04-30 19:44:00      0.941336       0.611535
2023-04-30 19:59:00      0.852938       0.588468
2023-04-30 20:14:00      0.918477       0.552110
2023-04-30 20:29:00      0.919035       0.506683
...                           ...            ...
2023-05-01 09:59:00      0.122929       0.114471
2023-05-01 10:14:00      0.014465       0.142131
2023-05-01 10:29:00      0.034576       0.138851
2023-05-01 10:44:00      0.130953       0.139463
2023-05-01 10:59:00      0.006665       0.130683

[63 rows x 2 columns]",shear_stress,Turbidity FNU,0.5,2023-04-30 13:36:14.145278208,2023-05-01 03:57:28.955753472,"{'t0': Timestamp('2023-04-30 13:29:00'), 't1': Timestamp('2023-04-30 13:44:00'), 'tau0': np.float64(0.44965980065037736), 'tau1': np.float64(0.554016986330074), 'c0': np.float64(0.1387876684842531), 'c1': np.float64(0.17169208588278184), 'extrapolated': False}","{'t0': Timestamp('2023-05-01 03:44:00'), 't1': Timestamp('2023-05-01 03:59:00'), 'tau0': np.float64(0.727293500037644), 'tau1': np.float64(0.47441916278178886), 'c0': np.float64(0.177997685732496), 'c1': np.float64(0.1793342191512814), 'extrapolated': False}",2023-04-30 19:29:00,up_event10,Turbidity FNU
up_event10,0.7401206445331188,0.5,0.6901107597463945,0.1793455394436527,"                     shear_stress  fDOM RFU
DateTime                                   
2023-04-30 12:14:00      0.216675  0.166685
2023-04-30 12:29:00      0.215693  0.141885
2023-04-30 12:44:00      0.343989  0.323009
2023-04-30 12:59:00      0.402695  0.387175
2023-04-30 13:14:00      0.474242  0.366794
2023-04-30 13:29:00      0.449660  0.553772
2023-04-30 13:44:00      0.554017  0.836408
2023-04-30 13:59:00      0.711730  0.513233
2023-04-30 14:14:00      0.684108  0.452124
2023-04-30 14:29:00      0.696289  0.455727
2023-04-30 14:44:00      0.645287  0.269077
2023-04-30 14:59:00      0.844664  0.000000
2023-04-30 15:14:00      0.870479  0.017903
2023-04-30 15:29:00      0.851171  0.017787
2023-04-30 15:44:00      0.889066  0.026552
2023-04-30 15:59:00      0.769499  0.029498
2023-04-30 16:14:00      0.719135  0.407638
2023-04-30 16:29:00      0.827667  0.813046
2023-04-30 16:44:00      0.877637  0.857405
2023-04-30 16:59:00      0.897953  0.875382
2023-04-30 17:14:00      0.782453  0.875165
2023-04-30 17:29:00      0.627259  0.517090
2023-04-30 17:44:00      0.760354  0.128388
2023-04-30 17:59:00      0.843404  0.113302
2023-04-30 18:14:00      0.864344  0.122989
2023-04-30 18:29:00      0.919473  0.129504
2023-04-30 18:44:00      0.803977  0.124744
2023-04-30 18:59:00      0.908030  0.129136
2023-04-30 19:14:00      0.906744  0.167194
2023-04-30 19:29:00      1.000000  0.162290","                     shear_stress  fDOM RFU
DateTime                                   
2023-04-30 19:29:00      1.000000  0.162290
2023-04-30 19:44:00      0.941336  0.485929
2023-04-30 19:59:00      0.852938  0.584536
2023-04-30 20:14:00      0.918477  0.562716
2023-04-30 20:29:00      0.919035  0.552170
...                           ...       ...
2023-05-01 09:59:00      0.122929  0.114798
2023-05-01 10:14:00      0.014465  0.103609
2023-05-01 10:29:00      0.034576  0.095309
2023-05-01 10:44:00      0.130953  0.089720
2023-05-01 10:59:00      0.006665  0.085633

[63 rows x 2 columns]",shear_stress,fDOM RFU,0.5,2023-04-30 13:36:14.145278208,2023-05-01 03:57:28.955753472,"{'t0': Timestamp('2023-04-30 13:29:00'), 't1': Timestamp('2023-04-30 13:44:00'), 'tau0': np.float64(0.44965980065037736), 'tau1': np.float64(0.554016986330074), 'c0': np.float64(0.553771614894665), 'c1': np.float64(0.8364079500703943), 'extrapolated': False}","{'t0': Timestamp('2023-05-01 03:44:00'), 't1': Timestamp('2023-05-01 03:59:00'), 'tau0': np.float64(0.727293500037644), 'tau1': np.float64(0.47441916278178886), 'c0': np.float64(0.17403230265338), 'c1': np.float64(0.179943519788213), 'extrapolated': False}",2023-04-30 19:29:00,up_event10,fDOM RFU
up_event11,0.9716515792816164,0.5,0.9137464869103764,0.025903269840880316,"                     shear_stress  Turbidity FNU
DateTime                                        
2023-05-01 11:14:00      0.053277       0.246414
2023-05-01 11:29:00      0.108872       0.214521
2023-05-01 11:44:00      0.000000       0.207330
2023-05-01 11:59:00      0.127090       0.259236
2023-05-01 12:14:00      0.221039       0.275427
2023-05-01 12:29:00      0.090292       0.298989
2023-05-01 12:44:00      0.161939       0.352162
2023-05-01 12:59:00      0.229710       0.547189
2023-05-01 13:14:00      0.187071       0.518883
2023-05-01 13:29:00      0.220780       0.548092
2023-05-01 13:44:00      0.330360       0.599252
2023-05-01 13:59:00      0.453533       0.705984
2023-05-01 14:14:00      0.446402       0.726190
2023-05-01 14:29:00      0.470762       0.853929
2023-05-01 14:44:00      0.542160       1.000000
2023-05-01 20:29:00      0.848062       0.886293
2023-05-01 20:44:00      0.915196       0.828310
2023-05-01 20:59:00      0.885743       0.870777
2023-05-01 21:14:00      0.746443       0.767959
2023-05-01 21:29:00      0.817949       0.758908
2023-05-01 21:44:00      0.954088       0.688349
2023-05-01 21:59:00      0.894198       0.661008
2023-05-01 22:14:00      0.749892       0.600523
2023-05-01 22:29:00      0.726622       0.636657
2023-05-01 22:44:00      0.828498       0.572716
2023-05-01 22:59:00      1.000000       0.628813","                     shear_stress  Turbidity FNU
DateTime                                        
2023-05-01 22:59:00      1.000000       0.628813
2023-05-01 23:14:00      0.814635       0.643412
2023-05-01 23:29:00      0.832065       0.581940
2023-05-01 23:44:00      0.872129       0.616594
2023-05-01 23:59:00      0.895896       0.671361
2023-05-02 00:14:00      0.850933       0.702094
2023-05-02 00:29:00      0.904903       0.799766
2023-05-02 00:44:00      0.779211       0.777939
2023-05-02 00:59:00      0.904937       0.710822
2023-05-02 01:14:00      0.911324       0.656278
2023-05-02 01:29:00      0.867784       0.525251
2023-05-02 01:44:00      0.894005       0.298412
2023-05-02 01:59:00      0.757014       0.335206
2023-05-02 02:14:00      0.782505       0.282783
2023-05-02 02:29:00      0.818788       0.270303
2023-05-02 02:44:00      0.869570       0.325432
2023-05-02 02:59:00      0.838472       0.396184
2023-05-02 03:14:00      0.846299       0.321924
2023-05-02 03:29:00      0.826576       0.317597
2023-05-02 03:44:00      0.773754       0.245986
2023-05-02 03:59:00      0.710041       0.214289
2023-05-02 04:14:00      0.837364       0.149225
2023-05-02 04:29:00      0.635115       0.183870
2023-05-02 04:44:00      0.529193       0.187121
2023-05-02 04:59:00      0.571181       0.223471
2023-05-02 05:14:00      0.705552       0.200297
2023-05-02 05:29:00      0.576025       0.236396
2023-05-02 05:44:00      0.625216       0.236937
2023-05-02 05:59:00      0.788589       0.190800
2023-05-02 06:14:00      0.644776       0.181613
2023-05-02 06:29:00      0.764755       0.145521
2023-05-02 06:44:00      0.619982       0.133810
2023-05-02 06:59:00      0.532815       0.077797
2023-05-02 07:14:00      0.653266       0.079106
2023-05-02 07:29:00      0.541515       0.057408
2023-05-02 07:44:00      0.576069       0.068108
2023-05-02 07:59:00      0.488539       0.019544
2023-05-02 08:14:00      0.636425       0.024566
2023-05-02 08:29:00      0.428224       0.091707
2023-05-02 08:44:00      0.464989       0.145364
2023-05-02 08:59:00      0.423480       0.190534
2023-05-02 09:14:00      0.339866       0.271608
2023-05-02 09:29:00      0.197809       0.269853
2023-05-02 09:44:00      0.428257       0.214435
2023-05-02 09:59:00      0.359340       0.160391
2023-05-02 10:14:00      0.326380       0.116015
2023-05-02 10:29:00      0.239200       0.069779
2023-05-02 10:44:00      0.337506       0.062192
2023-05-02 10:59:00      0.212275       0.034801
2023-05-02 11:14:00      0.310280       0.022897
2023-05-02 11:29:00      0.257038       0.043705
2023-05-02 11:44:00      0.296563       0.004578
2023-05-02 11:59:00      0.392437       0.005982
2023-05-02 12:14:00      0.335327       0.010549
2023-05-02 12:29:00      0.333409       0.025202
2023-05-02 12:44:00      0.215094       0.000000
2023-05-02 12:59:00      0.229143       0.034802",shear_stress,Turbidity FNU,0.5,2023-05-01 14:35:08.558405888,2023-05-02 07:57:02.153298176,"{'t0': Timestamp('2023-05-01 14:29:00'), 't1': Timestamp('2023-05-01 14:44:00'), 'tau0': np.float64(0.47076165336393017), 'tau1': np.float64(0.5421601388163425), 'c0': np.float64(0.8539290815007202), 'c1': np.float64(1.0), 'extrapolated': False}","{'t0': Timestamp('2023-05-02 07:44:00'), 't1': Timestamp('2023-05-02 07:59:00'), 'tau0': np.float64(0.5760687477677296), 'tau1': np.float64(0.48853875440245187), 'c0': np.float64(0.06810816050295522), 'c1': np.float64(0.019544277074415136), 'extrapolated': False}",2023-05-01 22:59:00,up_event11,Turbidity FNU
up_event11,0.6240868509074269,0.5,0.4045759876627695,0.15208543356954968,"                     shear_stress  fDOM RFU
DateTime                                   
2023-05-01 11:14:00      0.053277  0.199046
2023-05-01 11:29:00      0.108872  0.197500
2023-05-01 11:44:00      0.000000  0.192348
2023-05-01 11:59:00      0.127090  0.186016
2023-05-01 12:14:00      0.221039  0.183216
2023-05-01 12:29:00      0.090292  0.179503
2023-05-01 12:44:00      0.161939  0.179464
2023-05-01 12:59:00      0.229710  0.186264
2023-05-01 13:14:00      0.187071  0.201849
2023-05-01 13:29:00      0.220780  0.219074
2023-05-01 13:44:00      0.330360  0.251228
2023-05-01 13:59:00      0.453533  0.293938
2023-05-01 14:14:00      0.446402  0.336524
2023-05-01 14:29:00      0.470762  0.382992
2023-05-01 14:44:00      0.542160  0.435699
2023-05-01 20:29:00      0.848062  0.632696
2023-05-01 20:44:00      0.915196  0.621097
2023-05-01 20:59:00      0.885743  0.610921
2023-05-01 21:14:00      0.746443  0.600516
2023-05-01 21:29:00      0.817949  0.662919
2023-05-01 21:44:00      0.954088  0.403577
2023-05-01 21:59:00      0.894198  0.441940
2023-05-01 22:14:00      0.749892  0.423652
2023-05-01 22:29:00      0.726622  0.402915
2023-05-01 22:44:00      0.828498  0.334807
2023-05-01 22:59:00      1.000000  0.493163","                     shear_stress  fDOM RFU
DateTime                                   
2023-05-01 22:59:00      1.000000  0.493163
2023-05-01 23:14:00      0.814635  0.421932
2023-05-01 23:29:00      0.832065  0.799584
2023-05-01 23:44:00      0.872129  1.000000
2023-05-01 23:59:00      0.895896  0.992802
2023-05-02 00:14:00      0.850933  0.864084
2023-05-02 00:29:00      0.904903  0.957025
2023-05-02 00:44:00      0.779211  0.608121
2023-05-02 00:59:00      0.904937  0.394564
2023-05-02 01:14:00      0.911324  0.344375
2023-05-02 01:29:00      0.867784  0.323316
2023-05-02 01:44:00      0.894005  0.244870
2023-05-02 01:59:00      0.757014  0.220616
2023-05-02 02:14:00      0.782505  0.290096
2023-05-02 02:29:00      0.818788  0.274902
2023-05-02 02:44:00      0.869570  0.253758
2023-05-02 02:59:00      0.838472  0.205252
2023-05-02 03:14:00      0.846299  0.238260
2023-05-02 03:29:00      0.826576  0.163593
2023-05-02 03:44:00      0.773754  0.140022
2023-05-02 03:59:00      0.710041  0.185774
2023-05-02 04:14:00      0.837364  0.175845
2023-05-02 04:29:00      0.635115  0.137720
2023-05-02 04:44:00      0.529193  0.164860
2023-05-02 04:59:00      0.571181  0.213235
2023-05-02 05:14:00      0.705552  0.189068
2023-05-02 05:29:00      0.576025  0.220625
2023-05-02 05:44:00      0.625216  0.218582
2023-05-02 05:59:00      0.788589  0.198786
2023-05-02 06:14:00      0.644776  0.166573
2023-05-02 06:29:00      0.764755  0.406661
2023-05-02 06:44:00      0.619982  0.395595
2023-05-02 06:59:00      0.532815  0.384723
2023-05-02 07:14:00      0.653266  0.425081
2023-05-02 07:29:00      0.541515  0.410690
2023-05-02 07:44:00      0.576069  0.166367
2023-05-02 07:59:00      0.488539  0.149934
2023-05-02 08:14:00      0.636425  0.160537
2023-05-02 08:29:00      0.428224  0.117205
2023-05-02 08:44:00      0.464989  0.129852
2023-05-02 08:59:00      0.423480  0.133220
2023-05-02 09:14:00      0.339866  0.116550
2023-05-02 09:29:00      0.197809  0.121696
2023-05-02 09:44:00      0.428257  0.119410
2023-05-02 09:59:00      0.359340  0.110073
2023-05-02 10:14:00      0.326380  0.077928
2023-05-02 10:29:00      0.239200  0.081536
2023-05-02 10:44:00      0.337506  0.062286
2023-05-02 10:59:00      0.212275  0.106405
2023-05-02 11:14:00      0.310280  0.074786
2023-05-02 11:29:00      0.257038  0.117582
2023-05-02 11:44:00      0.296563  0.104277
2023-05-02 11:59:00      0.392437  0.091767
2023-05-02 12:14:00      0.335327  0.026021
2023-05-02 12:29:00      0.333409  0.052507
2023-05-02 12:44:00      0.215094  0.000000
2023-05-02 12:59:00      0.229143  0.030247",shear_stress,fDOM RFU,0.5,2023-05-01 14:35:08.558405888,2023-05-02 07:57:02.153298176,"{'t0': Timestamp('2023-05-01 14:29:00'), 't1': Timestamp('2023-05-01 14:44:00'), 'tau0': np.float64(0.47076165336393017), 'tau1': np.float64(0.5421601388163425), 'c0': np.float64(0.3829919248394454), 'c1': np.float64(0.43569905681812804), 'extrapolated': False}","{'t0': Timestamp('2023-05-02 07:44:00'), 't1': Timestamp('2023-05-02 07:59:00'), 'tau0': np.float64(0.5760687477677296), 'tau1': np.float64(0.48853875440245187), 'c0': np.float64(0.1663673623583851), 'c1': np.float64(0.1499335814871325), 'extrapolated': False}",2023-05-01 22:59:00,up_event11,fDOM RFU
up_event12,0.47813963463856446,0.5,0.43318217700309064,0.22606060915889492,"                     shear_stress  Turbidity FNU
DateTime                                        
2023-05-02 13:14:00      0.000000       0.256952
2023-05-02 13:29:00      0.008646       0.270719
2023-05-02 13:44:00      0.062754       0.323278
2023-05-02 13:59:00      0.158609       0.357061
2023-05-02 14:14:00      0.070621       0.443899
2023-05-02 14:29:00      0.125977       0.503686
2023-05-02 14:44:00      0.087008       0.544055
2023-05-02 14:59:00      0.110695       0.502043
2023-05-02 15:14:00      0.327377       0.473817
2023-05-02 15:29:00      0.249365       0.450488
2023-05-02 15:44:00      0.179868       0.468534
2023-05-02 15:59:00      0.263302       0.437983
2023-05-02 16:14:00      0.300339       0.452214
2023-05-02 16:29:00      0.331370       0.525058
2023-05-02 16:44:00      0.487130       0.427125
2023-05-02 16:59:00      0.588098       0.474641
2023-05-02 19:14:00      0.777266       1.000000
2023-05-02 19:29:00      1.000000       0.887741","                     shear_stress  Turbidity FNU
DateTime                                        
2023-05-02 19:29:00      1.000000       0.887741
2023-05-02 19:44:00      0.970269       0.835036
2023-05-02 19:59:00      0.892526       0.764695
2023-05-02 20:14:00      0.660146       0.713526
2023-05-02 20:29:00      0.631716       0.608662
...                           ...            ...
2023-05-03 10:29:00      0.110655       0.315711
2023-05-03 10:44:00      0.188101       0.253933
2023-05-03 10:59:00      0.091037       0.308377
2023-05-03 11:14:00      0.154753       0.249120
2023-05-03 11:29:00      0.055724       0.274525

[65 rows x 2 columns]",shear_stress,Turbidity FNU,0.5,2023-05-02 16:45:54.723355136,2023-05-02 23:10:34.593627904,"{'t0': Timestamp('2023-05-02 16:44:00'), 't1': Timestamp('2023-05-02 16:59:00'), 'tau0': np.float64(0.48712951613021743), 'tau1': np.float64(0.5880979323959553), 'c0': np.float64(0.42712534957515563), 'c1': np.float64(0.47464091149957294), 'extrapolated': False}","{'t0': Timestamp('2023-05-02 22:59:00'), 't1': Timestamp('2023-05-02 23:14:00'), 'tau0': np.float64(0.6032829095689148), 'tau1': np.float64(0.4694570077969476), 'c0': np.float64(0.3169141089195655), 'c1': np.float64(0.19919326251424155), 'extrapolated': False}",2023-05-02 19:29:00,up_event12,Turbidity FNU
up_event12,0.25147892096544044,0.5,0.2988119991667312,0.22366708004475552,"                     shear_stress  fDOM RFU
DateTime                                   
2023-05-02 13:14:00      0.000000  0.119223
2023-05-02 13:29:00      0.008646  0.125498
2023-05-02 13:44:00      0.062754  0.084280
2023-05-02 13:59:00      0.158609  0.104215
2023-05-02 14:14:00      0.070621  0.086878
2023-05-02 14:29:00      0.125977  0.044742
2023-05-02 14:44:00      0.087008  0.071270
2023-05-02 14:59:00      0.110695  0.077379
2023-05-02 15:14:00      0.327377  0.094397
2023-05-02 15:29:00      0.249365  0.159714
2023-05-02 15:44:00      0.179868  0.201280
2023-05-02 15:59:00      0.263302  0.181006
2023-05-02 16:14:00      0.300339  0.177907
2023-05-02 16:29:00      0.331370  0.229165
2023-05-02 16:44:00      0.487130  0.298580
2023-05-02 16:59:00      0.588098  0.300402
2023-05-02 19:14:00      0.777266  0.716058
2023-05-02 19:29:00      1.000000  0.750672","                     shear_stress  fDOM RFU
DateTime                                   
2023-05-02 19:29:00      1.000000  0.750672
2023-05-02 19:44:00      0.970269  0.674289
2023-05-02 19:59:00      0.892526  0.663143
2023-05-02 20:14:00      0.660146  0.736832
2023-05-02 20:29:00      0.631716  0.974834
...                           ...       ...
2023-05-03 10:29:00      0.110655  0.073368
2023-05-03 10:44:00      0.188101  0.044780
2023-05-03 10:59:00      0.091037  0.015615
2023-05-03 11:14:00      0.154753  0.000000
2023-05-03 11:29:00      0.055724  0.003595

[65 rows x 2 columns]",shear_stress,fDOM RFU,0.5,2023-05-02 16:45:54.723355136,2023-05-02 23:10:34.593627904,"{'t0': Timestamp('2023-05-02 16:44:00'), 't1': Timestamp('2023-05-02 16:59:00'), 'tau0': np.float64(0.48712951613021743), 'tau1': np.float64(0.5880979323959553), 'c0': np.float64(0.2985796990223613), 'c1': np.float64(0.30040208409543606), 'extrapolated': False}","{'t0': Timestamp('2023-05-02 22:59:00'), 't1': Timestamp('2023-05-02 23:14:00'), 'tau0': np.float64(0.6032829095689148), 'tau1': np.float64(0.4694570077969476), 'c0': np.float64(0.25201897798335504), 'c1': np.float64(0.2152828100721426), 'extrapolated': False}",2023-05-02 19:29:00,up_event12,fDOM RFU
up_event13,0.7424238084750132,0.5,0.6130757874689415,0.15791372645243215,"                     shear_stress  Turbidity FNU
DateTime                                        
2023-05-03 11:44:00      0.000000       0.062565
2023-05-03 11:59:00      0.012530       0.133349
2023-05-03 12:14:00      0.160630       0.125155
2023-05-03 12:29:00      0.081843       0.123532
2023-05-03 12:44:00      0.163078       0.155501
2023-05-03 12:59:00      0.282541       0.141105
2023-05-03 13:14:00      0.239603       0.109896
2023-05-03 13:29:00      0.247113       0.102190
2023-05-03 13:44:00      0.288965       0.126437
2023-05-03 13:59:00      0.269089       0.115540
2023-05-03 14:14:00      0.353601       0.142808
2023-05-03 14:29:00      0.368411       0.171500
2023-05-03 14:44:00      0.339571       0.219984
2023-05-03 14:59:00      0.381890       0.298460
2023-05-03 15:14:00      0.450256       0.469797
2023-05-03 15:29:00      0.470584       0.508541
2023-05-03 15:44:00      0.485990       0.574854
2023-05-03 15:59:00      0.516876       0.659118
2023-05-03 16:14:00      0.542520       0.684575
2023-05-03 16:29:00      0.509035       0.683428
2023-05-03 16:44:00      0.571108       0.774306
2023-05-03 16:59:00      0.628537       0.870850
2023-05-03 17:14:00      0.655372       0.920941
2023-05-03 17:29:00      0.565958       0.995696
2023-05-03 17:44:00      0.578751       1.000000
2023-05-03 17:59:00      0.686310       0.977053
2023-05-03 18:14:00      0.757133       0.882226
2023-05-03 18:29:00      0.866872       0.833975
2023-05-03 18:44:00      0.881603       0.853930
2023-05-03 18:59:00      0.884024       0.846158
2023-05-03 19:14:00      0.988215       0.884417
2023-05-03 19:29:00      0.900583       0.888509
2023-05-03 19:44:00      0.850030       0.861001
2023-05-03 19:59:00      0.850660       0.728127
2023-05-03 20:14:00      0.729035       0.665479
2023-05-03 20:29:00      0.910934       0.574218
2023-05-03 20:44:00      0.887161       0.513800
2023-05-03 20:59:00      1.000000       0.539097","                     shear_stress  Turbidity FNU
DateTime                                        
2023-05-03 20:59:00      1.000000       0.539097
2023-05-03 21:14:00      0.878224       0.524139
2023-05-03 21:29:00      0.716560       0.507314
2023-05-03 21:44:00      0.879524       0.488232
2023-05-03 21:59:00      0.750190       0.520161
2023-05-03 22:14:00      0.925372       0.477735
2023-05-03 22:29:00      0.845943       0.443989
2023-05-03 22:44:00      0.750358       0.390231
2023-05-03 22:59:00      0.819435       0.374754
2023-05-03 23:14:00      0.820229       0.283256
2023-05-03 23:29:00      0.713055       0.204932
2023-05-03 23:44:00      0.757307       0.211597
2023-05-03 23:59:00      0.701863       0.220095
2023-05-04 00:14:00      0.739586       0.210143
2023-05-04 00:29:00      0.681362       0.266208
2023-05-04 00:44:00      0.627787       0.302539
2023-05-04 00:59:00      0.586802       0.276453
2023-05-04 01:14:00      0.790630       0.253101
2023-05-04 01:29:00      0.501253       0.277667
2023-05-04 01:44:00      0.636997       0.241228
2023-05-04 01:59:00      0.682094       0.239186
2023-05-04 02:14:00      0.544547       0.279034
2023-05-04 02:29:00      0.560589       0.288181
2023-05-04 02:44:00      0.648572       0.236062
2023-05-04 02:59:00      0.521447       0.241086
2023-05-04 03:14:00      0.669612       0.232572
2023-05-04 03:29:00      0.531005       0.179257
2023-05-04 03:44:00      0.622675       0.172566
2023-05-04 03:59:00      0.517713       0.186037
2023-05-04 04:14:00      0.547931       0.175885
2023-05-04 04:29:00      0.635029       0.168655
2023-05-04 04:44:00      0.550350       0.174254
2023-05-04 04:59:00      0.484319       0.152825
2023-05-04 05:14:00      0.426060       0.139375
2023-05-04 05:29:00      0.503848       0.099234
2023-05-04 05:44:00      0.547442       0.062059
2023-05-04 05:59:00      0.567116       0.053964
2023-05-04 06:14:00      0.506879       0.064191
2023-05-04 06:29:00      0.486874       0.050997
2023-05-04 06:44:00      0.354381       0.048964
2023-05-04 06:59:00      0.428659       0.048501
2023-05-04 07:14:00      0.539579       0.034287
2023-05-04 07:29:00      0.419882       0.002495
2023-05-04 07:44:00      0.437496       0.000000
2023-05-04 07:59:00      0.374710       0.027009
2023-05-04 08:14:00      0.380993       0.044777
2023-05-04 08:29:00      0.392914       0.042632
2023-05-04 08:44:00      0.332898       0.038366
2023-05-04 08:59:00      0.393407       0.021644
2023-05-04 09:14:00      0.390869       0.009298
2023-05-04 09:29:00      0.281977       0.015284
2023-05-04 09:44:00      0.341030       0.037714
2023-05-04 09:59:00      0.265358       0.044406",shear_stress,Turbidity FNU,0.5,2023-05-03 15:50:48.235277568,2023-05-04 04:55:26.269773312,"{'t0': Timestamp('2023-05-03 15:44:00'), 't1': Timestamp('2023-05-03 15:59:00'), 'tau0': np.float64(0.4859901045300684), 'tau1': np.float64(0.5168764747481395), 'c0': np.float64(0.5748544636457515), 'c1': np.float64(0.6591176161243882), 'extrapolated': False}","{'t0': Timestamp('2023-05-04 04:44:00'), 't1': Timestamp('2023-05-04 04:59:00'), 'tau0': np.float64(0.5503504159858325), 'tau1': np.float64(0.48431898615443647), 'c0': np.float64(0.17425445874196482), 'c1': np.float64(0.1528246076360306), 'extrapolated': False}",2023-05-03 20:59:00,up_event13,Turbidity FNU
up_event13,-0.02362578242104363,0.5,0.2768887629237985,0.2835887694887922,"                     shear_stress  fDOM RFU
DateTime                                   
2023-05-03 11:44:00      0.000000  0.024047
2023-05-03 11:59:00      0.012530  0.019844
2023-05-03 12:14:00      0.160630  0.018636
2023-05-03 12:29:00      0.081843  0.003513
2023-05-03 12:44:00      0.163078  0.015663
2023-05-03 12:59:00      0.282541  0.000000
2023-05-03 13:14:00      0.239603  0.012096
2023-05-03 13:29:00      0.247113  0.016669
2023-05-03 13:44:00      0.288965  0.029036
2023-05-03 13:59:00      0.269089  0.014839
2023-05-03 14:14:00      0.353601  0.013764
2023-05-03 14:29:00      0.368411  0.053080
2023-05-03 14:44:00      0.339571  0.089809
2023-05-03 14:59:00      0.381890  0.153642
2023-05-03 15:14:00      0.450256  0.178506
2023-05-03 15:29:00      0.470584  0.224489
2023-05-03 15:44:00      0.485990  0.241630
2023-05-03 15:59:00      0.516876  0.319362
2023-05-03 16:14:00      0.542520  0.332240
2023-05-03 16:29:00      0.509035  0.398533
2023-05-03 16:44:00      0.571108  0.544643
2023-05-03 16:59:00      0.628537  0.637486
2023-05-03 17:14:00      0.655372  0.639498
2023-05-03 17:29:00      0.565958  0.765473
2023-05-03 17:44:00      0.578751  0.815535
2023-05-03 17:59:00      0.686310  0.833632
2023-05-03 18:14:00      0.757133  0.853331
2023-05-03 18:29:00      0.866872  0.841806
2023-05-03 18:44:00      0.881603  0.868039
2023-05-03 18:59:00      0.884024  0.836367
2023-05-03 19:14:00      0.988215  0.728817
2023-05-03 19:29:00      0.900583  0.756992
2023-05-03 19:44:00      0.850030  0.876958
2023-05-03 19:59:00      0.850660  0.740653
2023-05-03 20:14:00      0.729035  0.831690
2023-05-03 20:29:00      0.910934  0.872889
2023-05-03 20:44:00      0.887161  0.860106
2023-05-03 20:59:00      1.000000  0.853359","                     shear_stress  fDOM RFU
DateTime                                   
2023-05-03 20:59:00      1.000000  0.853359
2023-05-03 21:14:00      0.878224  0.976201
2023-05-03 21:29:00      0.716560  0.965075
2023-05-03 21:44:00      0.879524  1.000000
2023-05-03 21:59:00      0.750190  0.896482
2023-05-03 22:14:00      0.925372  0.853053
2023-05-03 22:29:00      0.845943  0.824430
2023-05-03 22:44:00      0.750358  0.760329
2023-05-03 22:59:00      0.819435  0.781045
2023-05-03 23:14:00      0.820229  0.887340
2023-05-03 23:29:00      0.713055  0.876244
2023-05-03 23:44:00      0.757307  0.829847
2023-05-03 23:59:00      0.701863  0.796158
2023-05-04 00:14:00      0.739586  0.698290
2023-05-04 00:29:00      0.681362  0.620928
2023-05-04 00:44:00      0.627787  0.588942
2023-05-04 00:59:00      0.586802  0.519258
2023-05-04 01:14:00      0.790630  0.576029
2023-05-04 01:29:00      0.501253  0.623426
2023-05-04 01:44:00      0.636997  0.615001
2023-05-04 01:59:00      0.682094  0.616957
2023-05-04 02:14:00      0.544547  0.633463
2023-05-04 02:29:00      0.560589  0.570137
2023-05-04 02:44:00      0.648572  0.467642
2023-05-04 02:59:00      0.521447  0.411436
2023-05-04 03:14:00      0.669612  0.346105
2023-05-04 03:29:00      0.531005  0.348781
2023-05-04 03:44:00      0.622675  0.322413
2023-05-04 03:59:00      0.517713  0.328263
2023-05-04 04:14:00      0.547931  0.324742
2023-05-04 04:29:00      0.635029  0.306296
2023-05-04 04:44:00      0.550350  0.249408
2023-05-04 04:59:00      0.484319  0.294234
2023-05-04 05:14:00      0.426060  0.294357
2023-05-04 05:29:00      0.503848  0.326268
2023-05-04 05:44:00      0.547442  0.324745
2023-05-04 05:59:00      0.567116  0.325445
2023-05-04 06:14:00      0.506879  0.279593
2023-05-04 06:29:00      0.486874  0.233210
2023-05-04 06:44:00      0.354381  0.183869
2023-05-04 06:59:00      0.428659  0.150327
2023-05-04 07:14:00      0.539579  0.151346
2023-05-04 07:29:00      0.419882  0.115624
2023-05-04 07:44:00      0.437496  0.131277
2023-05-04 07:59:00      0.374710  0.142354
2023-05-04 08:14:00      0.380993  0.166870
2023-05-04 08:29:00      0.392914  0.169249
2023-05-04 08:44:00      0.332898  0.156657
2023-05-04 08:59:00      0.393407  0.161017
2023-05-04 09:14:00      0.390869  0.151397
2023-05-04 09:29:00      0.281977  0.137249
2023-05-04 09:44:00      0.341030  0.118180
2023-05-04 09:59:00      0.265358  0.128739",shear_stress,fDOM RFU,0.5,2023-05-03 15:50:48.235277568,2023-05-04 04:55:26.269773312,"{'t0': Timestamp('2023-05-03 15:44:00'), 't1': Timestamp('2023-05-03 15:59:00'), 'tau0': np.float64(0.4859901045300684), 'tau1': np.float64(0.5168764747481395), 'c0': np.float64(0.24162988743262614), 'c1': np.float64(0.31936199361193435), 'extrapolated': False}","{'t0': Timestamp('2023-05-04 04:44:00'), 't1': Timestamp('2023-05-04 04:59:00'), 'tau0': np.float64(0.5503504159858325), 'tau1': np.float64(0.48431898615443647), 'c0': np.float64(0.2494082952049706), 'c1': np.float64(0.29423385514035455), 'extrapolated': False}",2023-05-03 20:59:00,up_event13,fDOM RFU
up_event14,0.8043303824172453,0.5,0.7007021745143581,0.13710612652662907,"                     shear_stress  Turbidity FNU
DateTime                                        
2023-05-04 11:14:00      0.144209       0.291815
2023-05-04 11:29:00      0.228776       0.295595
2023-05-04 11:44:00      0.251204       0.301300
2023-05-04 11:59:00      0.120953       0.308524
2023-05-04 12:14:00      0.215198       0.306769
2023-05-04 12:29:00      0.105064       0.254922
2023-05-04 12:44:00      0.142131       0.250624
2023-05-04 12:59:00      0.084322       0.306394
2023-05-04 13:14:00      0.111291       0.282437
2023-05-04 13:29:00      0.182484       0.317104
2023-05-04 13:44:00      0.199028       0.367315
2023-05-04 13:59:00      0.295152       0.361778
2023-05-04 14:14:00      0.223372       0.312353
2023-05-04 14:29:00      0.162105       0.369273
2023-05-04 14:44:00      0.344297       0.335319
2023-05-04 14:59:00      0.293434       0.355188
2023-05-04 15:14:00      0.376223       0.422256
2023-05-04 15:29:00      0.359345       0.598356
2023-05-04 15:44:00      0.374893       0.651389
2023-05-04 15:59:00      0.582544       0.733238
2023-05-04 16:14:00      0.408710       0.859644
2023-05-04 16:29:00      0.423364       0.927984
2023-05-04 16:44:00      0.533791       0.976945
2023-05-04 16:59:00      0.516021       1.000000
2023-05-04 17:14:00      0.737201       0.988588
2023-05-04 17:29:00      0.623677       0.947740
2023-05-04 17:44:00      0.521839       0.858244
2023-05-04 17:59:00      0.871867       0.750471
2023-05-04 18:14:00      0.885257       0.756823
2023-05-04 18:29:00      1.000000       0.827365","                     shear_stress  Turbidity FNU
DateTime                                        
2023-05-04 18:29:00      1.000000       0.827365
2023-05-04 18:44:00      0.923760       0.829369
2023-05-04 18:59:00      0.878785       0.930081
2023-05-04 19:14:00      0.643194       0.951819
2023-05-04 19:29:00      0.857980       0.897435
2023-05-04 19:44:00      0.853105       0.815880
2023-05-04 19:59:00      0.719300       0.695439
2023-05-04 20:14:00      0.853430       0.600612
2023-05-04 20:29:00      0.723137       0.492816
2023-05-04 20:44:00      0.717297       0.445206
2023-05-04 20:59:00      0.729137       0.426523
2023-05-04 21:14:00      0.732825       0.498114
2023-05-04 21:29:00      0.689072       0.448282
2023-05-04 21:44:00      0.684818       0.440499
2023-05-04 21:59:00      0.700142       0.469883
2023-05-04 22:14:00      0.749170       0.448885
2023-05-04 22:29:00      0.735752       0.356700
2023-05-04 22:44:00      0.620527       0.355693
2023-05-04 22:59:00      0.632779       0.343827
2023-05-04 23:14:00      0.630444       0.312229
2023-05-04 23:29:00      0.595192       0.272163
2023-05-04 23:44:00      0.626166       0.345220
2023-05-04 23:59:00      0.730962       0.360620
2023-05-05 00:14:00      0.550507       0.295840
2023-05-05 00:29:00      0.535482       0.292697
2023-05-05 00:44:00      0.546499       0.284344
2023-05-05 00:59:00      0.557236       0.201001
2023-05-05 01:14:00      0.559206       0.165398
2023-05-05 01:29:00      0.620893       0.236394
2023-05-05 01:44:00      0.644944       0.175703
2023-05-05 01:59:00      0.514648       0.177221
2023-05-05 02:14:00      0.580701       0.168754
2023-05-05 02:29:00      0.784014       0.175498
2023-05-05 02:44:00      0.463702       0.132200
2023-05-05 02:59:00      0.506837       0.188078
2023-05-05 03:14:00      0.350328       0.233275
2023-05-05 03:29:00      0.419329       0.236230
2023-05-05 03:44:00      0.540024       0.242083
2023-05-05 03:59:00      0.498225       0.213655
2023-05-05 04:14:00      0.412213       0.149585
2023-05-05 04:29:00      0.569054       0.064307
2023-05-05 04:44:00      0.474231       0.015720
2023-05-05 04:59:00      0.340766       0.000000
2023-05-05 05:14:00      0.357684       0.002526
2023-05-05 05:29:00      0.411787       0.020265
2023-05-05 05:44:00      0.314378       0.068703
2023-05-05 05:59:00      0.426752       0.089539
2023-05-05 06:14:00      0.417130       0.055130
2023-05-05 06:29:00      0.394676       0.076808
2023-05-05 06:44:00      0.329455       0.046723
2023-05-05 06:59:00      0.239788       0.071705
2023-05-05 07:14:00      0.189134       0.129153
2023-05-05 07:29:00      0.166040       0.182824
2023-05-05 07:44:00      0.118692       0.181793
2023-05-05 07:59:00      0.315058       0.242826
2023-05-05 08:14:00      0.407980       0.256176
2023-05-05 08:29:00      0.000000       0.218814
2023-05-05 08:44:00      0.112295       0.188213
2023-05-05 08:59:00      0.046727       0.169184",shear_stress,Turbidity FNU,0.5,2023-05-04 15:53:02.238280960,2023-05-05 02:42:18.011328512,"{'t0': Timestamp('2023-05-04 15:44:00'), 't1': Timestamp('2023-05-04 15:59:00'), 'tau0': np.float64(0.3748933081337469), 'tau1': np.float64(0.5825437574376573), 'c0': np.float64(0.6513894954254796), 'c1': np.float64(0.7332380345979925), 'extrapolated': False}","{'t0': Timestamp('2023-05-05 02:29:00'), 't1': Timestamp('2023-05-05 02:44:00'), 'tau0': np.float64(0.7840137278369754), 'tau1': np.float64(0.4637020406655461), 'c0': np.float64(0.17549801790517666), 'c1': np.float64(0.13219950696157762), 'extrapolated': False}",2023-05-04 18:29:00,up_event14,Turbidity FNU
up_event14,-0.9580236596678037,0.5,0.03818268571439348,0.9096239789419404,"                     shear_stress  fDOM RFU
DateTime                                   
2023-05-04 11:14:00      0.144209  0.003984
2023-05-04 11:29:00      0.228776  0.001400
2023-05-04 11:44:00      0.251204  0.001561
2023-05-04 11:59:00      0.120953  0.001567
2023-05-04 12:14:00      0.215198  0.000196
2023-05-04 12:29:00      0.105064  0.000000
2023-05-04 12:44:00      0.142131  0.000680
2023-05-04 12:59:00      0.084322  0.004861
2023-05-04 13:14:00      0.111291  0.005752
2023-05-04 13:29:00      0.182484  0.010355
2023-05-04 13:44:00      0.199028  0.015869
2023-05-04 13:59:00      0.295152  0.013867
2023-05-04 14:14:00      0.223372  0.007647
2023-05-04 14:29:00      0.162105  0.001997
2023-05-04 14:44:00      0.344297  0.005478
2023-05-04 14:59:00      0.293434  0.007084
2023-05-04 15:14:00      0.376223  0.019596
2023-05-04 15:29:00      0.359345  0.026952
2023-05-04 15:44:00      0.374893  0.032644
2023-05-04 15:59:00      0.582544  0.041837
2023-05-04 16:14:00      0.408710  0.044255
2023-05-04 16:29:00      0.423364  0.046558
2023-05-04 16:44:00      0.533791  0.059239
2023-05-04 16:59:00      0.516021  0.075718
2023-05-04 17:14:00      0.737201  0.075337
2023-05-04 17:29:00      0.623677  0.092950
2023-05-04 17:44:00      0.521839  0.102269
2023-05-04 17:59:00      0.871867  0.091869
2023-05-04 18:14:00      0.885257  0.095812
2023-05-04 18:29:00      1.000000  0.099287","                     shear_stress  fDOM RFU
DateTime                                   
2023-05-04 18:29:00      1.000000  0.099287
2023-05-04 18:44:00      0.923760  0.087535
2023-05-04 18:59:00      0.878785  0.079653
2023-05-04 19:14:00      0.643194  0.093590
2023-05-04 19:29:00      0.857980  0.088404
2023-05-04 19:44:00      0.853105  0.089247
2023-05-04 19:59:00      0.719300  0.097903
2023-05-04 20:14:00      0.853430  0.112741
2023-05-04 20:29:00      0.723137  0.247320
2023-05-04 20:44:00      0.717297  0.277341
2023-05-04 20:59:00      0.729137  0.333246
2023-05-04 21:14:00      0.732825  0.350741
2023-05-04 21:29:00      0.689072  0.443225
2023-05-04 21:44:00      0.684818  0.405220
2023-05-04 21:59:00      0.700142  0.444432
2023-05-04 22:14:00      0.749170  0.443377
2023-05-04 22:29:00      0.735752  0.600410
2023-05-04 22:44:00      0.620527  0.556481
2023-05-04 22:59:00      0.632779  0.535710
2023-05-04 23:14:00      0.630444  0.492839
2023-05-04 23:29:00      0.595192  0.535779
2023-05-04 23:44:00      0.626166  0.552367
2023-05-04 23:59:00      0.730962  0.661691
2023-05-05 00:14:00      0.550507  0.762361
2023-05-05 00:29:00      0.535482  0.917972
2023-05-05 00:44:00      0.546499  0.948977
2023-05-05 00:59:00      0.557236  0.935659
2023-05-05 01:14:00      0.559206  0.789828
2023-05-05 01:29:00      0.620893  0.803995
2023-05-05 01:44:00      0.644944  0.801294
2023-05-05 01:59:00      0.514648  0.838143
2023-05-05 02:14:00      0.580701  0.841767
2023-05-05 02:29:00      0.784014  1.000000
2023-05-05 02:44:00      0.463702  0.898074
2023-05-05 02:59:00      0.506837  0.857962
2023-05-05 03:14:00      0.350328  0.890400
2023-05-05 03:29:00      0.419329  0.840368
2023-05-05 03:44:00      0.540024  0.794090
2023-05-05 03:59:00      0.498225  0.810633
2023-05-05 04:14:00      0.412213  0.691334
2023-05-05 04:29:00      0.569054  0.582719
2023-05-05 04:44:00      0.474231  0.447648
2023-05-05 04:59:00      0.340766  0.498463
2023-05-05 05:14:00      0.357684  0.549064
2023-05-05 05:29:00      0.411787  0.712940
2023-05-05 05:44:00      0.314378  0.730924
2023-05-05 05:59:00      0.426752  0.751277
2023-05-05 06:14:00      0.417130  0.625824
2023-05-05 06:29:00      0.394676  0.614340
2023-05-05 06:44:00      0.329455  0.464907
2023-05-05 06:59:00      0.239788  0.478924
2023-05-05 07:14:00      0.189134  0.495095
2023-05-05 07:29:00      0.166040  0.608329
2023-05-05 07:44:00      0.118692  0.523743
2023-05-05 07:59:00      0.315058  0.669435
2023-05-05 08:14:00      0.407980  0.650177
2023-05-05 08:29:00      0.000000  0.732374
2023-05-05 08:44:00      0.112295  0.667854
2023-05-05 08:59:00      0.046727  0.750924",shear_stress,fDOM RFU,0.5,2023-05-04 15:53:02.238280960,2023-05-05 02:42:18.011328512,"{'t0': Timestamp('2023-05-04 15:44:00'), 't1': Timestamp('2023-05-04 15:59:00'), 'tau0': np.float64(0.3748933081337469), 'tau1': np.float64(0.5825437574376573), 'c0': np.float64(0.03264386494283489), 'c1': np.float64(0.04183712714774083), 'extrapolated': False}","{'t0': Timestamp('2023-05-05 02:29:00'), 't1': Timestamp('2023-05-05 02:44:00'), 'tau0': np.float64(0.7840137278369754), 'tau1': np.float64(0.4637020406655461), 'c0': np.float64(1.0), 'c1': np.float64(0.8980736036618425), 'extrapolated': False}",2023-05-04 18:29:00,up_event14,fDOM RFU
up_event15,0.9381342490753205,0.5,0.5461013433447616,0.03378496968699989,"                     shear_stress  Turbidity FNU
DateTime                                        
2023-05-05 10:14:00      0.596160       0.488170
2023-05-05 10:29:00      0.688972       0.487610
2023-05-05 10:44:00      0.647758       0.479802
2023-05-05 10:59:00      0.625307       0.481832
2023-05-05 11:14:00      0.600138       0.548200
2023-05-05 11:29:00      0.596009       0.558105
2023-05-05 11:44:00      0.528022       0.585908
2023-05-05 11:59:00      0.608750       0.633505
2023-05-05 12:14:00      0.568487       0.608395
2023-05-05 12:29:00      0.666718       0.541550
2023-05-05 12:44:00      0.471170       0.546888
2023-05-05 12:59:00      0.616670       0.513708
2023-05-05 13:14:00      0.352920       0.486134
2023-05-05 13:29:00      0.576242       0.530160
2023-05-05 13:44:00      0.557418       0.548505
2023-05-05 13:59:00      0.612027       0.563083
2023-05-05 14:14:00      0.661694       0.600778
2023-05-05 14:29:00      0.692154       0.640123
2023-05-05 14:44:00      0.591483       0.649104
2023-05-05 14:59:00      0.649075       0.701588
2023-05-05 15:14:00      0.704574       0.707879
2023-05-05 15:29:00      0.731768       0.709024
2023-05-05 15:44:00      0.572304       0.744299
2023-05-05 15:59:00      0.656265       0.696202
2023-05-05 16:14:00      0.831889       0.699323
2023-05-05 16:29:00      0.795827       0.692341
2023-05-05 16:44:00      0.884509       0.720466
2023-05-05 16:59:00      0.937853       0.802780
2023-05-05 17:14:00      0.964704       0.859475
2023-05-05 17:29:00      0.831980       0.918616
2023-05-05 17:44:00      0.996723       1.000000
2023-05-05 17:59:00      0.871581       0.838999
2023-05-05 18:14:00      0.988091       0.596954
2023-05-05 18:29:00      0.974776       0.430300
2023-05-05 18:44:00      0.958633       0.218470
2023-05-05 18:59:00      0.930245       0.009976
2023-05-05 19:14:00      1.000000       0.010847","                     shear_stress  Turbidity FNU
DateTime                                        
2023-05-05 19:14:00      1.000000       0.010847
2023-05-05 19:29:00      0.955087       0.012870
2023-05-05 19:44:00      0.531856       0.013987
2023-05-05 19:59:00      0.584747       0.016899
2023-05-05 20:14:00      0.676761       0.019337
2023-05-05 20:29:00      0.716229       0.026739
2023-05-05 20:44:00      0.722908       0.029220
2023-05-05 20:59:00      0.800806       0.031418
2023-05-05 21:14:00      0.677331       0.032334
2023-05-05 21:29:00      0.550981       0.034622
2023-05-05 21:44:00      0.486973       0.033571
2023-05-05 21:59:00      0.564959       0.034927
2023-05-05 22:14:00      0.506856       0.035077
2023-05-05 22:29:00      0.342297       0.034690
2023-05-05 22:44:00      0.391485       0.033353
2023-05-05 22:59:00      0.386601       0.032249
2023-05-05 23:14:00      0.279032       0.029771
2023-05-05 23:29:00      0.349070       0.028845
2023-05-05 23:44:00      0.332793       0.027439
2023-05-05 23:59:00      0.403831       0.025288
2023-05-06 00:14:00      0.339793       0.025204
2023-05-06 00:29:00      0.374713       0.025171
2023-05-06 00:44:00      0.376363       0.023433
2023-05-06 00:59:00      0.412931       0.023184
2023-05-06 01:14:00      0.295457       0.022763
2023-05-06 01:29:00      0.321994       0.021169
2023-05-06 01:44:00      0.333199       0.019573
2023-05-06 01:59:00      0.249394       0.019160
2023-05-06 02:14:00      0.308801       0.017828
2023-05-06 02:29:00      0.224955       0.017127
2023-05-06 02:44:00      0.296533       0.016432
2023-05-06 02:59:00      0.205912       0.016038
2023-05-06 03:14:00      0.284980       0.014783
2023-05-06 03:29:00      0.263231       0.014821
2023-05-06 03:44:00      0.245485       0.014600
2023-05-06 03:59:00      0.292162       0.014231
2023-05-06 04:14:00      0.258405       0.012933
2023-05-06 04:29:00      0.211378       0.011834
2023-05-06 04:44:00      0.316837       0.009339
2023-05-06 04:59:00      0.341147       0.008585
2023-05-06 05:14:00      0.282213       0.006712
2023-05-06 05:29:00      0.180344       0.006324
2023-05-06 05:44:00      0.164747       0.005701
2023-05-06 05:59:00      0.219505       0.004399
2023-05-06 06:14:00      0.099034       0.002665
2023-05-06 06:29:00      0.226707       0.002190
2023-05-06 06:44:00      0.161709       0.001210
2023-05-06 06:59:00      0.064607       0.000000
2023-05-06 07:14:00      0.221244       0.000878
2023-05-06 07:29:00      0.154676       0.001152
2023-05-06 07:44:00      0.160570       0.001245
2023-05-06 07:59:00      0.207068       0.000834
2023-05-06 08:14:00      0.106192       0.002002
2023-05-06 08:29:00      0.028501       0.002158
2023-05-06 08:44:00      0.000000       0.002505
2023-05-06 08:59:00      0.049066       0.003179",shear_stress,Turbidity FNU,0.5,2023-05-05 12:41:47.309634816,2023-05-05 21:40:56.834660864,"{'t0': Timestamp('2023-05-05 12:29:00'), 't1': Timestamp('2023-05-05 12:44:00'), 'tau0': np.float64(0.6667177798365623), 'tau1': np.float64(0.4711696008045264), 'c0': np.float64(0.5415499864897876), 'c1': np.float64(0.5468884065794283), 'extrapolated': False}","{'t0': Timestamp('2023-05-05 21:29:00'), 't1': Timestamp('2023-05-05 21:44:00'), 'tau0': np.float64(0.5509808696123661), 'tau1': np.float64(0.48697338621773567), 'c0': np.float64(0.03462214646120137), 'c1': np.float64(0.033571054573606), 'extrapolated': False}",2023-05-05 19:14:00,up_event15,Turbidity FNU
up_event15,0.9997856166159087,0.5,0.9096766822435123,0.00019501956556832172,"                     shear_stress  fDOM RFU
DateTime                                   
2023-05-05 10:14:00      0.596160  0.844659
2023-05-05 10:29:00      0.688972  0.854371
2023-05-05 10:44:00      0.647758  0.936229
2023-05-05 10:59:00      0.625307  0.882208
2023-05-05 11:14:00      0.600138  0.765830
2023-05-05 11:29:00      0.596009  0.764093
2023-05-05 11:44:00      0.528022  0.723780
2023-05-05 11:59:00      0.608750  0.710334
2023-05-05 12:14:00      0.568487  0.701697
2023-05-05 12:29:00      0.666718  0.845337
2023-05-05 12:44:00      0.471170  0.920803
2023-05-05 12:59:00      0.616670  0.842179
2023-05-05 13:14:00      0.352920  0.878479
2023-05-05 13:29:00      0.576242  0.914003
2023-05-05 13:44:00      0.557418  0.769639
2023-05-05 13:59:00      0.612027  0.819480
2023-05-05 14:14:00      0.661694  0.983028
2023-05-05 14:29:00      0.692154  0.903491
2023-05-05 14:44:00      0.591483  0.846029
2023-05-05 14:59:00      0.649075  0.935042
2023-05-05 15:14:00      0.704574  0.811369
2023-05-05 15:29:00      0.731768  0.717472
2023-05-05 15:44:00      0.572304  0.754458
2023-05-05 15:59:00      0.656265  0.724789
2023-05-05 16:14:00      0.831889  0.757299
2023-05-05 16:29:00      0.795827  0.849031
2023-05-05 16:44:00      0.884509  0.880514
2023-05-05 16:59:00      0.937853  0.934499
2023-05-05 17:14:00      0.964704  1.000000
2023-05-05 17:29:00      0.831980  0.924105
2023-05-05 17:44:00      0.996723  0.961832
2023-05-05 17:59:00      0.871581  0.769115
2023-05-05 18:14:00      0.988091  0.539324
2023-05-05 18:29:00      0.974776  0.370157
2023-05-05 18:44:00      0.958633  0.236396
2023-05-05 18:59:00      0.930245  0.001299
2023-05-05 19:14:00      1.000000  0.001296","                     shear_stress  fDOM RFU
DateTime                                   
2023-05-05 19:14:00      1.000000  0.001296
2023-05-05 19:29:00      0.955087  0.001497
2023-05-05 19:44:00      0.531856  0.001255
2023-05-05 19:59:00      0.584747  0.000734
2023-05-05 20:14:00      0.676761  0.000246
2023-05-05 20:29:00      0.716229  0.000305
2023-05-05 20:44:00      0.722908  0.000254
2023-05-05 20:59:00      0.800806  0.000177
2023-05-05 21:14:00      0.677331  0.000125
2023-05-05 21:29:00      0.550981  0.000125
2023-05-05 21:44:00      0.486973  0.000213
2023-05-05 21:59:00      0.564959  0.000071
2023-05-05 22:14:00      0.506856  0.000021
2023-05-05 22:29:00      0.342297  0.000041
2023-05-05 22:44:00      0.391485  0.000174
2023-05-05 22:59:00      0.386601  0.000097
2023-05-05 23:14:00      0.279032  0.000142
2023-05-05 23:29:00      0.349070  0.000171
2023-05-05 23:44:00      0.332793  0.000242
2023-05-05 23:59:00      0.403831  0.000137
2023-05-06 00:14:00      0.339793  0.000066
2023-05-06 00:29:00      0.374713  0.000014
2023-05-06 00:44:00      0.376363  0.000020
2023-05-06 00:59:00      0.412931  0.000123
2023-05-06 01:14:00      0.295457  0.000188
2023-05-06 01:29:00      0.321994  0.000296
2023-05-06 01:44:00      0.333199  0.000296
2023-05-06 01:59:00      0.249394  0.000272
2023-05-06 02:14:00      0.308801  0.000084
2023-05-06 02:29:00      0.224955  0.000091
2023-05-06 02:44:00      0.296533  0.000000
2023-05-06 02:59:00      0.205912  0.000145
2023-05-06 03:14:00      0.284980  0.000134
2023-05-06 03:29:00      0.263231  0.000159
2023-05-06 03:44:00      0.245485  0.000241
2023-05-06 03:59:00      0.292162  0.000393
2023-05-06 04:14:00      0.258405  0.000286
2023-05-06 04:29:00      0.211378  0.000394
2023-05-06 04:44:00      0.316837  0.000420
2023-05-06 04:59:00      0.341147  0.000294
2023-05-06 05:14:00      0.282213  0.000138
2023-05-06 05:29:00      0.180344  0.000142
2023-05-06 05:44:00      0.164747  0.000165
2023-05-06 05:59:00      0.219505  0.000174
2023-05-06 06:14:00      0.099034  0.000163
2023-05-06 06:29:00      0.226707  0.000269
2023-05-06 06:44:00      0.161709  0.000289
2023-05-06 06:59:00      0.064607  0.000302
2023-05-06 07:14:00      0.221244  0.000449
2023-05-06 07:29:00      0.154676  0.000629
2023-05-06 07:44:00      0.160570  0.000617
2023-05-06 07:59:00      0.207068  0.000563
2023-05-06 08:14:00      0.106192  0.000585
2023-05-06 08:29:00      0.028501  0.000424
2023-05-06 08:44:00      0.000000  0.000199
2023-05-06 08:59:00      0.049066  0.000091",shear_stress,fDOM RFU,0.5,2023-05-05 12:41:47.309634816,2023-05-05 21:40:56.834660864,"{'t0': Timestamp('2023-05-05 12:29:00'), 't1': Timestamp('2023-05-05 12:44:00'), 'tau0': np.float64(0.6667177798365623), 'tau1': np.float64(0.4711696008045264), 'c0': np.float64(0.8453370197228948), 'c1': np.float64(0.9208028989991813), 'extrapolated': False}","{'t0': Timestamp('2023-05-05 21:29:00'), 't1': Timestamp('2023-05-05 21:44:00'), 'tau0': np.float64(0.5509808696123661), 'tau1': np.float64(0.48697338621773567), 'c0': np.float64(0.00012469895838586542), 'c1': np.float64(0.0002129878622565698), 'extrapolated': False}",2023-05-05 19:14:00,up_event15,fDOM RFU
