Date_Time,WSE
3/1/2023 0:00,2724.307266
3/1/2023 0:15,2724.308615
3/1/2023 0:30,2724.310866
3/1/2023 0:45,2724.309517
3/1/2023 1:00,2724.308615
3/1/2023 1:15,2724.308615
3/1/2023 1:30,2724.312216
3/1/2023 1:45,2724.310866
3/1/2023 2:00,2724.312216
3/1/2023 2:15,2724.312216
3/1/2023 2:30,2724.311314
3/1/2023 2:45,2724.310859
3/1/2023 3:00,2724.30951
3/1/2023 3:15,2724.310859
3/1/2023 3:30,2724.310859
3/1/2023 3:45,2724.310859
3/1/2023 4:00,2724.312208
3/1/2023 4:15,2724.310859
3/1/2023 4:30,2724.311761
3/1/2023 4:45,2724.311761
3/1/2023 5:00,2724.31311
3/1/2023 5:15,2724.31446
3/1/2023 5:30,2724.31311
3/1/2023 5:45,2724.31446
3/1/2023 6:00,2724.315354
3/1/2023 6:15,2724.314005
3/1/2023 6:30,2724.31446
3/1/2023 6:45,2724.31311
3/1/2023 7:00,2724.31446
3/1/2023 7:15,2724.31311
3/1/2023 7:30,2724.314012
3/1/2023 7:45,2724.315361
3/1/2023 8:00,2724.314012
3/1/2023 8:15,2724.31311
3/1/2023 8:30,2724.310866
3/1/2023 8:45,2724.310412
3/1/2023 9:00,2724.308168
3/1/2023 9:15,2724.309517
3/1/2023 9:30,2724.305917
3/1/2023 9:45,2724.307713
3/1/2023 10:00,2724.306364
3/1/2023 10:15,2724.307713
3/1/2023 10:30,2724.308607
3/1/2023 10:45,2724.306364
3/1/2023 11:00,2724.306364
3/1/2023 11:15,2724.307266
3/1/2023 11:30,2724.307266
3/1/2023 11:45,2724.307713
3/1/2023 12:00,2724.306364
3/1/2023 12:15,2724.308615
3/1/2023 12:30,2724.308615
3/1/2023 12:45,2724.308615
3/1/2023 13:00,2724.307266
3/1/2023 13:15,2724.307266
3/1/2023 13:30,2724.308615
3/1/2023 13:45,2724.308615
3/1/2023 14:00,2724.307266
3/1/2023 14:15,2724.309965
3/1/2023 14:30,2724.307258
3/1/2023 14:45,2724.308607
3/1/2023 15:00,2724.303666
3/1/2023 15:15,2724.305909
3/1/2023 15:30,2724.305909
3/1/2023 15:45,2724.304559
3/1/2023 16:00,2724.307266
3/1/2023 16:15,2724.307258
3/1/2023 16:30,2724.305917
3/1/2023 16:45,2724.305917
3/1/2023 17:00,2724.308615
3/1/2023 17:15,2724.305015
3/1/2023 17:30,2724.306811
3/1/2023 17:45,2724.306811
3/1/2023 18:00,2724.305917
3/1/2023 18:15,2724.307266
3/1/2023 18:30,2724.308161
3/1/2023 18:45,2724.308161
3/1/2023 19:00,2724.30951
3/1/2023 19:15,2724.308161
3/1/2023 19:30,2724.308161
3/1/2023 19:45,2724.30951
3/1/2023 20:00,2724.308161
3/1/2023 20:15,2724.308615
3/1/2023 20:30,2724.308615
3/1/2023 20:45,2724.308161
3/1/2023 21:00,2724.308161
3/1/2023 21:15,2724.308615
3/1/2023 21:30,2724.308615
3/1/2023 21:45,2724.308161
3/1/2023 22:00,2724.30951
3/1/2023 22:15,2724.308161
3/1/2023 22:30,2724.312208
3/1/2023 22:45,2724.30951
3/1/2023 23:00,2724.310859
3/1/2023 23:15,2724.305917
3/1/2023 23:30,2724.307266
3/1/2023 23:45,2724.310412
3/2/2023 0:00,2724.306811
3/2/2023 0:15,2724.308161
3/2/2023 0:30,2724.310412
3/2/2023 0:45,2724.310412
3/2/2023 1:00,2724.310866
3/2/2023 1:15,2724.309062
3/2/2023 1:30,2724.310412
3/2/2023 1:45,2724.310412
3/2/2023 2:00,2724.309062
3/2/2023 2:15,2724.310859
3/2/2023 2:30,2724.311761
3/2/2023 2:45,2724.311761
3/2/2023 3:00,2724.312656
3/2/2023 3:15,2724.311306
3/2/2023 3:30,2724.310412
3/2/2023 3:45,2724.310412
3/2/2023 4:00,2724.309062
3/2/2023 4:15,2724.311761
3/2/2023 4:30,2724.310412
3/2/2023 4:45,2724.311314
3/2/2023 5:00,2724.307713
3/2/2023 5:15,2724.310412
3/2/2023 5:30,2724.310412
3/2/2023 5:45,2724.310412
3/2/2023 6:00,2724.310412
3/2/2023 6:15,2724.307713
3/2/2023 6:30,2724.310412
3/2/2023 6:45,2724.307713
3/2/2023 7:00,2724.309062
3/2/2023 7:15,2724.307713
3/2/2023 7:30,2724.309062
3/2/2023 7:45,2724.307713
3/2/2023 8:00,2724.310412
3/2/2023 8:15,2724.30951
3/2/2023 8:30,2724.30951
3/2/2023 8:45,2724.309062
3/2/2023 9:00,2724.306819
3/2/2023 9:15,2724.306819
3/2/2023 9:30,2724.309517
3/2/2023 9:45,2724.308168
3/2/2023 10:00,2724.306819
3/2/2023 10:15,2724.304567
3/2/2023 10:30,2724.302316
3/2/2023 10:45,2724.302316
3/2/2023 11:00,2724.304559
3/2/2023 11:15,2724.304559
3/2/2023 11:30,2724.307258
3/2/2023 11:45,2724.305917
3/2/2023 12:00,2724.303666
3/2/2023 12:15,2724.304559
3/2/2023 12:30,2724.305909
3/2/2023 12:45,2724.305909
3/2/2023 13:00,2724.303666
3/2/2023 13:15,2724.305015
3/2/2023 13:30,2724.305462
3/2/2023 13:45,2724.306811
3/2/2023 14:00,2724.305917
3/2/2023 14:15,2724.303666
3/2/2023 14:30,2724.305015
3/2/2023 14:45,2724.305917
3/2/2023 15:00,2724.305917
3/2/2023 15:15,2724.305917
3/2/2023 15:30,2724.308615
3/2/2023 15:45,2724.305917
3/2/2023 16:00,2724.307266
3/2/2023 16:15,2724.304567
3/2/2023 16:30,2724.304567
3/2/2023 16:45,2724.306364
3/2/2023 17:00,2724.30412
3/2/2023 17:15,2724.304112
3/2/2023 17:30,2724.303666
3/2/2023 17:45,2724.306811
3/2/2023 18:00,2724.308161
3/2/2023 18:15,2724.307266
3/2/2023 18:30,2724.308615
3/2/2023 18:45,2724.310866
3/2/2023 19:00,2724.308168
3/2/2023 19:15,2724.306819
3/2/2023 19:30,2724.309517
3/2/2023 19:45,2724.309517
3/2/2023 20:00,2724.309517
3/2/2023 20:15,2724.310412
3/2/2023 20:30,2724.30951
3/2/2023 20:45,2724.30951
3/2/2023 21:00,2724.30951
3/2/2023 21:15,2724.310859
3/2/2023 21:30,2724.310859
3/2/2023 21:45,2724.30951
3/2/2023 22:00,2724.310859
3/2/2023 22:15,2724.312208
3/2/2023 22:30,2724.310859
3/2/2023 22:45,2724.310859
3/2/2023 23:00,2724.312208
3/2/2023 23:15,2724.309957
3/2/2023 23:30,2724.312208
3/2/2023 23:45,2724.312208
3/3/2023 0:00,2724.31311
3/3/2023 0:15,2724.31311
3/3/2023 0:30,2724.31446
3/3/2023 0:45,2724.31311
3/3/2023 1:00,2724.31311
3/3/2023 1:15,2724.316711
3/3/2023 1:30,2724.31446
3/3/2023 1:45,2724.31446
3/3/2023 2:00,2724.315361
3/3/2023 2:15,2724.31311
3/3/2023 2:30,2724.314012
3/3/2023 2:45,2724.31446
3/3/2023 3:00,2724.31311
3/3/2023 3:15,2724.31446
3/3/2023 3:30,2724.311761
3/3/2023 3:45,2724.31446
3/3/2023 4:00,2724.311761
3/3/2023 4:15,2724.31311
3/3/2023 4:30,2724.311761
3/3/2023 4:45,2724.312216
3/3/2023 5:00,2724.311761
3/3/2023 5:15,2724.31311
3/3/2023 5:30,2724.31311
3/3/2023 5:45,2724.31311
3/3/2023 6:00,2724.31311
3/3/2023 6:15,2724.31311
3/3/2023 6:30,2724.314012
3/3/2023 6:45,2724.314012
3/3/2023 7:00,2724.314012
3/3/2023 7:15,2724.31806
3/3/2023 7:30,2724.315361
3/3/2023 7:45,2724.315361
3/3/2023 8:00,2724.31446
3/3/2023 8:15,2724.31311
3/3/2023 8:30,2724.31311
3/3/2023 8:45,2724.312208
3/3/2023 9:00,2724.311761
3/3/2023 9:15,2724.310866
3/3/2023 9:30,2724.310866
3/3/2023 9:45,2724.30547
3/3/2023 10:00,2724.30547
3/3/2023 10:15,2724.305015
3/3/2023 10:30,2724.307713
3/3/2023 10:45,2724.303666
3/3/2023 11:00,2724.307713
3/3/2023 11:15,2724.308615
3/3/2023 11:30,2724.307713
3/3/2023 11:45,2724.30547
3/3/2023 12:00,2724.302771
3/3/2023 12:15,2724.305015
3/3/2023 12:30,2724.305015
3/3/2023 12:45,2724.301868
3/3/2023 13:00,2724.301868
3/3/2023 13:15,2724.301414
3/3/2023 13:30,2724.304112
3/3/2023 13:45,2724.305015
3/3/2023 14:00,2724.302763
3/3/2023 14:15,2724.304112
3/3/2023 14:30,2724.305909
3/3/2023 14:45,2724.307258
3/3/2023 15:00,2724.30412
3/3/2023 15:15,2724.303666
3/3/2023 15:30,2724.303666
3/3/2023 15:45,2724.307266
3/3/2023 16:00,2724.306364
3/3/2023 16:15,2724.304112
3/3/2023 16:30,2724.302763
3/3/2023 16:45,2724.304112
3/3/2023 17:00,2724.304112
3/3/2023 17:15,2724.305462
3/3/2023 17:30,2724.304112
3/3/2023 17:45,2724.306364
3/3/2023 18:00,2724.308615
3/3/2023 18:15,2724.308615
3/3/2023 18:30,2724.306364
3/3/2023 18:45,2724.307713
3/3/2023 19:00,2724.309517
3/3/2023 19:15,2724.311314
3/3/2023 19:30,2724.309965
3/3/2023 19:45,2724.308615
3/3/2023 20:00,2724.307266
3/3/2023 20:15,2724.309965
3/3/2023 20:30,2724.308615
3/3/2023 20:45,2724.308615
3/3/2023 21:00,2724.308615
3/3/2023 21:15,2724.310859
3/3/2023 21:30,2724.308615
3/3/2023 21:45,2724.309957
3/3/2023 22:00,2724.307258
3/3/2023 22:15,2724.307266
3/3/2023 22:30,2724.309965
3/3/2023 22:45,2724.309062
3/3/2023 23:00,2724.307266
3/3/2023 23:15,2724.309957
3/3/2023 23:30,2724.30951
3/3/2023 23:45,2724.310859
3/4/2023 0:00,2724.307266
3/4/2023 0:15,2724.308615
3/4/2023 0:30,2724.308615
3/4/2023 0:45,2724.308615
3/4/2023 1:00,2724.308615
3/4/2023 1:15,2724.309957
3/4/2023 1:30,2724.307713
3/4/2023 1:45,2724.308607
3/4/2023 2:00,2724.311306
3/4/2023 2:15,2724.310859
3/4/2023 2:30,2724.312663
3/4/2023 2:45,2724.311314
3/4/2023 3:00,2724.312208
3/4/2023 3:15,2724.312208
3/4/2023 3:30,2724.313557
3/4/2023 3:45,2724.312208
3/4/2023 4:00,2724.312656
3/4/2023 4:15,2724.313557
3/4/2023 4:30,2724.312656
3/4/2023 4:45,2724.312208
3/4/2023 5:00,2724.313557
3/4/2023 5:15,2724.312663
3/4/2023 5:30,2724.316256
3/4/2023 5:45,2724.312208
3/4/2023 6:00,2724.312663
3/4/2023 6:15,2724.313565
3/4/2023 6:30,2724.314915
3/4/2023 6:45,2724.314915
3/4/2023 7:00,2724.313565
3/4/2023 7:15,2724.316264
3/4/2023 7:30,2724.319857
3/4/2023 7:45,2724.319857
3/4/2023 8:00,2724.319857
3/4/2023 8:15,2724.319857
3/4/2023 8:30,2724.321206
3/4/2023 8:45,2724.318955
3/4/2023 9:00,2724.319857
3/4/2023 9:15,2724.317613
3/4/2023 9:30,2724.314012
3/4/2023 9:45,2724.306811
3/4/2023 10:00,2724.303218
3/4/2023 10:15,2724.306811
3/4/2023 10:30,2724.305462
3/4/2023 10:45,2724.303218
3/4/2023 11:00,2724.304112
3/4/2023 11:15,2724.306811
3/4/2023 11:30,2724.304567
3/4/2023 11:45,2724.303218
3/4/2023 12:00,2724.301868
3/4/2023 12:15,2724.304567
3/4/2023 12:30,2724.303666
3/4/2023 12:45,2724.302316
3/4/2023 13:00,2724.302316
3/4/2023 13:15,2724.301868
3/4/2023 13:30,2724.304559
3/4/2023 13:45,2724.305909
3/4/2023 14:00,2724.304567
3/4/2023 14:15,2724.30321
3/4/2023 14:30,2724.304559
3/4/2023 14:45,2724.305462
3/4/2023 15:00,2724.304112
3/4/2023 15:15,2724.30321
3/4/2023 15:30,2724.304112
3/4/2023 15:45,2724.304112
3/4/2023 16:00,2724.305462
3/4/2023 16:15,2724.304112
3/4/2023 16:30,2724.304567
3/4/2023 16:45,2724.30547
3/4/2023 17:00,2724.304567
3/4/2023 17:15,2724.303666
3/4/2023 17:30,2724.303218
3/4/2023 17:45,2724.306819
3/4/2023 18:00,2724.30547
3/4/2023 18:15,2724.306819
3/4/2023 18:30,2724.306819
3/4/2023 18:45,2724.309062
3/4/2023 19:00,2724.309062
3/4/2023 19:15,2724.309062
3/4/2023 19:30,2724.308168
3/4/2023 19:45,2724.307713
3/4/2023 20:00,2724.308168
3/4/2023 20:15,2724.309062
3/4/2023 20:30,2724.306819
3/4/2023 20:45,2724.307713
3/4/2023 21:00,2724.309062
3/4/2023 21:15,2724.306364
3/4/2023 21:30,2724.306364
3/4/2023 21:45,2724.306364
3/4/2023 22:00,2724.305462
3/4/2023 22:15,2724.305462
3/4/2023 22:30,2724.305462
3/4/2023 22:45,2724.308161
3/4/2023 23:00,2724.306811
3/4/2023 23:15,2724.306811
3/4/2023 23:30,2724.307713
3/4/2023 23:45,2724.306811
3/5/2023 0:00,2724.306811
3/5/2023 0:15,2724.305462
3/5/2023 0:30,2724.306811
3/5/2023 0:45,2724.306811
3/5/2023 1:00,2724.305462
3/5/2023 1:15,2724.307713
3/5/2023 1:30,2724.306364
3/5/2023 1:45,2724.30951
3/5/2023 2:00,2724.308161
3/5/2023 2:15,2724.306811
3/5/2023 2:30,2724.308161
3/5/2023 2:45,2724.309062
3/5/2023 3:00,2724.310412
3/5/2023 3:15,2724.307713
3/5/2023 3:30,2724.307713
3/5/2023 3:45,2724.309957
3/5/2023 4:00,2724.311306
3/5/2023 4:15,2724.310412
3/5/2023 4:30,2724.310412
3/5/2023 4:45,2724.310412
3/5/2023 5:00,2724.308168
3/5/2023 5:15,2724.309062
3/5/2023 5:30,2724.309957
3/5/2023 5:45,2724.312656
3/5/2023 6:00,2724.307713
3/5/2023 6:15,2724.309062
3/5/2023 6:30,2724.310412
3/5/2023 6:45,2724.310412
3/5/2023 7:00,2724.312663
3/5/2023 7:15,2724.310412
3/5/2023 7:30,2724.311314
3/5/2023 7:45,2724.31311
3/5/2023 8:00,2724.309062
3/5/2023 8:15,2724.311314
3/5/2023 8:30,2724.307713
3/5/2023 8:45,2724.308161
3/5/2023 9:00,2724.310412
3/5/2023 9:15,2724.307266
3/5/2023 9:30,2724.305917
3/5/2023 9:45,2724.302316
3/5/2023 10:00,2724.30321
3/5/2023 10:15,2724.304112
3/5/2023 10:30,2724.300512
3/5/2023 10:45,2724.305015
3/5/2023 11:00,2724.304559
3/5/2023 11:15,2724.304567
3/5/2023 11:30,2724.305909
3/5/2023 11:45,2724.304559
3/5/2023 12:00,2724.303666
3/5/2023 12:15,2724.304559
3/5/2023 12:30,2724.302316
3/5/2023 12:45,2724.30321
3/5/2023 13:00,2724.305909
3/5/2023 13:15,2724.304559
3/5/2023 13:30,2724.305462
3/5/2023 13:45,2724.307258
3/5/2023 14:00,2724.304559
3/5/2023 14:15,2724.303666
3/5/2023 14:30,2724.302316
3/5/2023 14:45,2724.301868
3/5/2023 15:00,2724.306819
3/5/2023 15:15,2724.303218
3/5/2023 15:30,2724.303218
3/5/2023 15:45,2724.304567
3/5/2023 16:00,2724.30412
3/5/2023 16:15,2724.303218
3/5/2023 16:30,2724.304567
3/5/2023 16:45,2724.30547
3/5/2023 17:00,2724.30412
3/5/2023 17:15,2724.305917
3/5/2023 17:30,2724.304567
3/5/2023 17:45,2724.304567
3/5/2023 18:00,2724.304112
3/5/2023 18:15,2724.304559
3/5/2023 18:30,2724.307258
3/5/2023 18:45,2724.307258
3/5/2023 19:00,2724.307258
3/5/2023 19:15,2724.306811
3/5/2023 19:30,2724.306811
3/5/2023 19:45,2724.306811
3/5/2023 20:00,2724.30951
3/5/2023 20:15,2724.306811
3/5/2023 20:30,2724.304559
3/5/2023 20:45,2724.305917
3/5/2023 21:00,2724.305917
3/5/2023 21:15,2724.30547
3/5/2023 21:30,2724.306819
3/5/2023 21:45,2724.30547
3/5/2023 22:00,2724.305917
3/5/2023 22:15,2724.304567
3/5/2023 22:30,2724.305917
3/5/2023 22:45,2724.305917
3/5/2023 23:00,2724.305917
3/5/2023 23:15,2724.305015
3/5/2023 23:30,2724.306811
3/5/2023 23:45,2724.305909
3/6/2023 0:00,2724.305015
3/6/2023 0:15,2724.305909
3/6/2023 0:30,2724.307258
3/6/2023 0:45,2724.307258
3/6/2023 1:00,2724.305909
3/6/2023 1:15,2724.305015
3/6/2023 1:30,2724.305917
3/6/2023 1:45,2724.307266
3/6/2023 2:00,2724.304567
3/6/2023 2:15,2724.306811
3/6/2023 2:30,2724.306811
3/6/2023 2:45,2724.305917
3/6/2023 3:00,2724.306811
3/6/2023 3:15,2724.307266
3/6/2023 3:30,2724.308161
3/6/2023 3:45,2724.308615
3/6/2023 4:00,2724.307266
3/6/2023 4:15,2724.308615
3/6/2023 4:30,2724.307266
3/6/2023 4:45,2724.307266
3/6/2023 5:00,2724.308168
3/6/2023 5:15,2724.307266
3/6/2023 5:30,2724.303666
3/6/2023 5:45,2724.306811
3/6/2023 6:00,2724.30951
3/6/2023 6:15,2724.308607
3/6/2023 6:30,2724.305909
3/6/2023 6:45,2724.307258
3/6/2023 7:00,2724.307258
3/6/2023 7:15,2724.307266
3/6/2023 7:30,2724.305917
3/6/2023 7:45,2724.307266
3/6/2023 8:00,2724.305917
3/6/2023 8:15,2724.305015
3/6/2023 8:30,2724.303666
3/6/2023 8:45,2724.305015
3/6/2023 9:00,2724.303666
3/6/2023 9:15,2724.303666
3/6/2023 9:30,2724.305015
3/6/2023 9:45,2724.30412
3/6/2023 10:00,2724.302771
3/6/2023 10:15,2724.304112
3/6/2023 10:30,2724.306364
3/6/2023 10:45,2724.304112
3/6/2023 11:00,2724.304112
3/6/2023 11:15,2724.301414
3/6/2023 11:30,2724.301414
3/6/2023 11:45,2724.303666
3/6/2023 12:00,2724.301868
3/6/2023 12:15,2724.302771
3/6/2023 12:30,2724.302771
3/6/2023 12:45,2724.300519
3/6/2023 13:00,2724.301868
3/6/2023 13:15,2724.30547
3/6/2023 13:30,2724.305015
3/6/2023 13:45,2724.302763
3/6/2023 14:00,2724.303666
3/6/2023 14:15,2724.305015
3/6/2023 14:30,2724.305015
3/6/2023 14:45,2724.305015
3/6/2023 15:00,2724.302763
3/6/2023 15:15,2724.305015
3/6/2023 15:30,2724.305015
3/6/2023 15:45,2724.303666
3/6/2023 16:00,2724.303666
3/6/2023 16:15,2724.303666
3/6/2023 16:30,2724.303666
3/6/2023 16:45,2724.302763
3/6/2023 17:00,2724.303666
3/6/2023 17:15,2724.302763
3/6/2023 17:30,2724.301414
3/6/2023 17:45,2724.305015
3/6/2023 18:00,2724.305917
3/6/2023 18:15,2724.305015
3/6/2023 18:30,2724.305015
3/6/2023 18:45,2724.305015
3/6/2023 19:00,2724.306364
3/6/2023 19:15,2724.307713
3/6/2023 19:30,2724.305015
3/6/2023 19:45,2724.306364
3/6/2023 20:00,2724.305909
3/6/2023 20:15,2724.308607
3/6/2023 20:30,2724.305909
3/6/2023 20:45,2724.307258
3/6/2023 21:00,2724.305909
3/6/2023 21:15,2724.305015
3/6/2023 21:30,2724.307258
3/6/2023 21:45,2724.305909
3/6/2023 22:00,2724.305909
3/6/2023 22:15,2724.305909
3/6/2023 22:30,2724.305909
3/6/2023 22:45,2724.306364
3/6/2023 23:00,2724.302771
3/6/2023 23:15,2724.305909
3/6/2023 23:30,2724.308607
3/6/2023 23:45,2724.308615
3/7/2023 0:00,2724.307266
3/7/2023 0:15,2724.305917
3/7/2023 0:30,2724.307266
3/7/2023 0:45,2724.309517
3/7/2023 1:00,2724.306364
3/7/2023 1:15,2724.306364
3/7/2023 1:30,2724.306364
3/7/2023 1:45,2724.307266
3/7/2023 2:00,2724.309517
3/7/2023 2:15,2724.308615
3/7/2023 2:30,2724.307266
3/7/2023 2:45,2724.307266
3/7/2023 3:00,2724.306364
3/7/2023 3:15,2724.306364
3/7/2023 3:30,2724.306364
3/7/2023 3:45,2724.309517
3/7/2023 4:00,2724.307266
3/7/2023 4:15,2724.305917
3/7/2023 4:30,2724.305917
3/7/2023 4:45,2724.305917
3/7/2023 5:00,2724.306811
3/7/2023 5:15,2724.308161
3/7/2023 5:30,2724.305917
3/7/2023 5:45,2724.307266
3/7/2023 6:00,2724.305917
3/7/2023 6:15,2724.305917
3/7/2023 6:30,2724.307266
3/7/2023 6:45,2724.308168
3/7/2023 7:00,2724.307266
3/7/2023 7:15,2724.305917
3/7/2023 7:30,2724.305015
3/7/2023 7:45,2724.308615
3/7/2023 8:00,2724.307266
3/7/2023 8:15,2724.304567
3/7/2023 8:30,2724.305015
3/7/2023 8:45,2724.306364
3/7/2023 9:00,2724.307258
3/7/2023 9:15,2724.305015
3/7/2023 9:30,2724.305909
3/7/2023 9:45,2724.30412
3/7/2023 10:00,2724.305015
3/7/2023 10:15,2724.303666
3/7/2023 10:30,2724.305015
3/7/2023 10:45,2724.305015
3/7/2023 11:00,2724.305015
3/7/2023 11:15,2724.30412
3/7/2023 11:30,2724.301414
3/7/2023 11:45,2724.302763
3/7/2023 12:00,2724.303666
3/7/2023 12:15,2724.303666
3/7/2023 12:30,2724.303666
3/7/2023 12:45,2724.303666
3/7/2023 13:00,2724.305015
3/7/2023 13:15,2724.30547
3/7/2023 13:30,2724.30412
3/7/2023 13:45,2724.30547
3/7/2023 14:00,2724.303666
3/7/2023 14:15,2724.304112
3/7/2023 14:30,2724.305015
3/7/2023 14:45,2724.305015
3/7/2023 15:00,2724.302316
3/7/2023 15:15,2724.302763
3/7/2023 15:30,2724.305015
3/7/2023 15:45,2724.303666
3/7/2023 16:00,2724.303666
3/7/2023 16:15,2724.305015
3/7/2023 16:30,2724.302316
3/7/2023 16:45,2724.303666
3/7/2023 17:00,2724.305015
3/7/2023 17:15,2724.305917
3/7/2023 17:30,2724.305917
3/7/2023 17:45,2724.304567
3/7/2023 18:00,2724.305917
3/7/2023 18:15,2724.305917
3/7/2023 18:30,2724.306364
3/7/2023 18:45,2724.307266
3/7/2023 19:00,2724.305917
3/7/2023 19:15,2724.305015
3/7/2023 19:30,2724.306364
3/7/2023 19:45,2724.307258
3/7/2023 20:00,2724.305015
3/7/2023 20:15,2724.306364
3/7/2023 20:30,2724.306364
3/7/2023 20:45,2724.306364
3/7/2023 21:00,2724.305909
3/7/2023 21:15,2724.306364
3/7/2023 21:30,2724.305015
3/7/2023 21:45,2724.305015
3/7/2023 22:00,2724.307258
3/7/2023 22:15,2724.307713
3/7/2023 22:30,2724.306364
3/7/2023 22:45,2724.306364
3/7/2023 23:00,2724.306364
3/7/2023 23:15,2724.307258
3/7/2023 23:30,2724.307258
3/7/2023 23:45,2724.307258
3/8/2023 0:00,2724.306364
3/8/2023 0:15,2724.307713
3/8/2023 0:30,2724.307713
3/8/2023 0:45,2724.305015
3/8/2023 1:00,2724.306364
3/8/2023 1:15,2724.305015
3/8/2023 1:30,2724.306364
3/8/2023 1:45,2724.308607
3/8/2023 2:00,2724.308607
3/8/2023 2:15,2724.307713
3/8/2023 2:30,2724.308607
3/8/2023 2:45,2724.307258
3/8/2023 3:00,2724.309957
3/8/2023 3:15,2724.309957
3/8/2023 3:30,2724.308607
3/8/2023 3:45,2724.308615
3/8/2023 4:00,2724.308607
3/8/2023 4:15,2724.308607
3/8/2023 4:30,2724.308607
3/8/2023 4:45,2724.308615
3/8/2023 5:00,2724.309965
3/8/2023 5:15,2724.308615
3/8/2023 5:30,2724.309965
3/8/2023 5:45,2724.308615
3/8/2023 6:00,2724.308615
3/8/2023 6:15,2724.30951
3/8/2023 6:30,2724.308607
3/8/2023 6:45,2724.308607
3/8/2023 7:00,2724.310859
3/8/2023 7:15,2724.30951
3/8/2023 7:30,2724.310859
3/8/2023 7:45,2724.310859
3/8/2023 8:00,2724.309957
3/8/2023 8:15,2724.309957
3/8/2023 8:30,2724.306364
3/8/2023 8:45,2724.306364
3/8/2023 9:00,2724.306364
3/8/2023 9:15,2724.307266
3/8/2023 9:30,2724.305015
3/8/2023 9:45,2724.304112
3/8/2023 10:00,2724.302763
3/8/2023 10:15,2724.302763
3/8/2023 10:30,2724.305462
3/8/2023 10:45,2724.302763
3/8/2023 11:00,2724.304112
3/8/2023 11:15,2724.306364
3/8/2023 11:30,2724.304112
3/8/2023 11:45,2724.305462
3/8/2023 12:00,2724.304112
3/8/2023 12:15,2724.304112
3/8/2023 12:30,2724.302763
3/8/2023 12:45,2724.303666
3/8/2023 13:00,2724.305015
3/8/2023 13:15,2724.306364
3/8/2023 13:30,2724.303666
3/8/2023 13:45,2724.308615
3/8/2023 14:00,2724.306364
3/8/2023 14:15,2724.306364
3/8/2023 14:30,2724.307266
3/8/2023 14:45,2724.307266
3/8/2023 15:00,2724.308615
3/8/2023 15:15,2724.306364
3/8/2023 15:30,2724.308615
3/8/2023 15:45,2724.308161
3/8/2023 16:00,2724.309957
3/8/2023 16:15,2724.308607
3/8/2023 16:30,2724.30951
3/8/2023 16:45,2724.306364
3/8/2023 17:00,2724.30951
3/8/2023 17:15,2724.307266
3/8/2023 17:30,2724.30951
3/8/2023 17:45,2724.309965
3/8/2023 18:00,2724.309517
3/8/2023 18:15,2724.308615
3/8/2023 18:30,2724.307258
3/8/2023 18:45,2724.308615
3/8/2023 19:00,2724.310859
3/8/2023 19:15,2724.30951
3/8/2023 19:30,2724.30951
3/8/2023 19:45,2724.310859
3/8/2023 20:00,2724.310859
3/8/2023 20:15,2724.307258
3/8/2023 20:30,2724.308607
3/8/2023 20:45,2724.308161
3/8/2023 21:00,2724.30951
3/8/2023 21:15,2724.310859
3/8/2023 21:30,2724.30951
3/8/2023 21:45,2724.308615
3/8/2023 22:00,2724.308615
3/8/2023 22:15,2724.309965
3/8/2023 22:30,2724.310859
3/8/2023 22:45,2724.30951
3/8/2023 23:00,2724.308161
3/8/2023 23:15,2724.310859
3/8/2023 23:30,2724.306811
3/8/2023 23:45,2724.310859
3/9/2023 0:00,2724.306811
3/9/2023 0:15,2724.312208
3/9/2023 0:30,2724.310859
3/9/2023 0:45,2724.310859
3/9/2023 1:00,2724.308615
3/9/2023 1:15,2724.310859
3/9/2023 1:30,2724.310866
3/9/2023 1:45,2724.309965
3/9/2023 2:00,2724.310866
3/9/2023 2:15,2724.309517
3/9/2023 2:30,2724.310866
3/9/2023 2:45,2724.310866
3/9/2023 3:00,2724.309517
3/9/2023 3:15,2724.31446
3/9/2023 3:30,2724.31311
3/9/2023 3:45,2724.312208
3/9/2023 4:00,2724.312208
3/9/2023 4:15,2724.30951
3/9/2023 4:30,2724.30951
3/9/2023 4:45,2724.310859
3/9/2023 5:00,2724.312208
3/9/2023 5:15,2724.310859
3/9/2023 5:30,2724.310859
3/9/2023 5:45,2724.312208
3/9/2023 6:00,2724.309965
3/9/2023 6:15,2724.310866
3/9/2023 6:30,2724.310866
3/9/2023 6:45,2724.310866
3/9/2023 7:00,2724.310866
3/9/2023 7:15,2724.310866
3/9/2023 7:30,2724.312216
3/9/2023 7:45,2724.312216
3/9/2023 8:00,2724.309965
3/9/2023 8:15,2724.308615
3/9/2023 8:30,2724.30951
3/9/2023 8:45,2724.308607
3/9/2023 9:00,2724.307713
3/9/2023 9:15,2724.309062
3/9/2023 9:30,2724.309957
3/9/2023 9:45,2724.306811
3/9/2023 10:00,2724.306364
3/9/2023 10:15,2724.305462
3/9/2023 10:30,2724.309062
3/9/2023 10:45,2724.305462
3/9/2023 11:00,2724.30547
3/9/2023 11:15,2724.306811
3/9/2023 11:30,2724.306364
3/9/2023 11:45,2724.30547
3/9/2023 12:00,2724.30412
3/9/2023 12:15,2724.30547
3/9/2023 12:30,2724.30547
3/9/2023 12:45,2724.30412
3/9/2023 13:00,2724.30412
3/9/2023 13:15,2724.30547
3/9/2023 13:30,2724.30547
3/9/2023 13:45,2724.306364
3/9/2023 14:00,2724.307713
3/9/2023 14:15,2724.305462
3/9/2023 14:30,2724.309062
3/9/2023 14:45,2724.306811
3/9/2023 15:00,2724.308161
3/9/2023 15:15,2724.308161
3/9/2023 15:30,2724.306811
3/9/2023 15:45,2724.307713
3/9/2023 16:00,2724.309062
3/9/2023 16:15,2724.306819
3/9/2023 16:30,2724.309517
3/9/2023 16:45,2724.309517
3/9/2023 17:00,2724.306819
3/9/2023 17:15,2724.309062
3/9/2023 17:30,2724.311306
3/9/2023 17:45,2724.309062
3/9/2023 18:00,2724.309062
3/9/2023 18:15,2724.309062
3/9/2023 18:30,2724.310412
3/9/2023 18:45,2724.311761
3/9/2023 19:00,2724.310412
3/9/2023 19:15,2724.310412
3/9/2023 19:30,2724.31311
3/9/2023 19:45,2724.311761
3/9/2023 20:00,2724.311761
3/9/2023 20:15,2724.31311
3/9/2023 20:30,2724.311761
3/9/2023 20:45,2724.314012
3/9/2023 21:00,2724.31446
3/9/2023 21:15,2724.31311
3/9/2023 21:30,2724.312663
3/9/2023 21:45,2724.31311
3/9/2023 22:00,2724.311761
3/9/2023 22:15,2724.31311
3/9/2023 22:30,2724.314012
3/9/2023 22:45,2724.311761
3/9/2023 23:00,2724.31311
3/9/2023 23:15,2724.31446
3/9/2023 23:30,2724.312208
3/9/2023 23:45,2724.31311
3/10/2023 0:00,2724.311761
3/10/2023 0:15,2724.31446
3/10/2023 0:30,2724.311761
3/10/2023 0:45,2724.312663
3/10/2023 1:00,2724.31311
3/10/2023 1:15,2724.314005
3/10/2023 1:30,2724.311761
3/10/2023 1:45,2724.310412
3/10/2023 2:00,2724.311761
3/10/2023 2:15,2724.312656
3/10/2023 2:30,2724.31311
3/10/2023 2:45,2724.310412
3/10/2023 3:00,2724.31311
3/10/2023 3:15,2724.310412
3/10/2023 3:30,2724.312656
3/10/2023 3:45,2724.311761
3/10/2023 4:00,2724.312663
3/10/2023 4:15,2724.312663
3/10/2023 4:30,2724.311314
3/10/2023 4:45,2724.311314
3/10/2023 5:00,2724.314012
3/10/2023 5:15,2724.312663
3/10/2023 5:30,2724.314012
3/10/2023 5:45,2724.313565
3/10/2023 6:00,2724.313565
3/10/2023 6:15,2724.314915
3/10/2023 6:30,2724.313565
3/10/2023 6:45,2724.313565
3/10/2023 7:00,2724.312663
3/10/2023 7:15,2724.309965
3/10/2023 7:30,2724.309965
3/10/2023 7:45,2724.309062
3/10/2023 8:00,2724.308615
3/10/2023 8:15,2724.310412
3/10/2023 8:30,2724.311314
3/10/2023 8:45,2724.309965
3/10/2023 9:00,2724.309965
3/10/2023 9:15,2724.310859
3/10/2023 9:30,2724.306364
3/10/2023 9:45,2724.307713
3/10/2023 10:00,2724.306364
3/10/2023 10:15,2724.307713
3/10/2023 10:30,2724.311306
3/10/2023 10:45,2724.306811
3/10/2023 11:00,2724.307713
3/10/2023 11:15,2724.307713
3/10/2023 11:30,2724.309062
3/10/2023 11:45,2724.308607
3/10/2023 12:00,2724.307713
3/10/2023 12:15,2724.309957
3/10/2023 12:30,2724.309062
3/10/2023 12:45,2724.307258
3/10/2023 13:00,2724.309062
3/10/2023 13:15,2724.307713
3/10/2023 13:30,2724.307713
3/10/2023 13:45,2724.309965
3/10/2023 14:00,2724.307713
3/10/2023 14:15,2724.308615
3/10/2023 14:30,2724.308615
3/10/2023 14:45,2724.308615
3/10/2023 15:00,2724.30951
3/10/2023 15:15,2724.311761
3/10/2023 15:30,2724.310859
3/10/2023 15:45,2724.31311
3/10/2023 16:00,2724.314012
3/10/2023 16:15,2724.310859
3/10/2023 16:30,2724.316711
3/10/2023 16:45,2724.312208
3/10/2023 17:00,2724.31446
3/10/2023 17:15,2724.311761
3/10/2023 17:30,2724.315809
3/10/2023 17:45,2724.314005
3/10/2023 18:00,2724.315354
3/10/2023 18:15,2724.31446
3/10/2023 18:30,2724.315809
3/10/2023 18:45,2724.317159
3/10/2023 19:00,2724.316711
3/10/2023 19:15,2724.31806
3/10/2023 19:30,2724.31806
3/10/2023 19:45,2724.316711
3/10/2023 20:00,2724.31806
3/10/2023 20:15,2724.316711
3/10/2023 20:30,2724.317605
3/10/2023 20:45,2724.317605
3/10/2023 21:00,2724.318955
3/10/2023 21:15,2724.315809
3/10/2023 21:30,2724.315361
3/10/2023 21:45,2724.316711
3/10/2023 22:00,2724.315361
3/10/2023 22:15,2724.31446
3/10/2023 22:30,2724.31446
3/10/2023 22:45,2724.31311
3/10/2023 23:00,2724.31446
3/10/2023 23:15,2724.315809
3/10/2023 23:30,2724.31446
3/10/2023 23:45,2724.31446
3/11/2023 0:00,2724.31446
3/11/2023 0:15,2724.315361
3/11/2023 0:30,2724.315361
3/11/2023 0:45,2724.314012
3/11/2023 1:00,2724.316264
3/11/2023 1:15,2724.31446
3/11/2023 1:30,2724.316711
3/11/2023 1:45,2724.315361
3/11/2023 2:00,2724.31311
3/11/2023 2:15,2724.316711
3/11/2023 2:30,2724.315354
3/11/2023 2:45,2724.316256
3/11/2023 3:00,2724.316704
3/11/2023 3:15,2724.315354
3/11/2023 3:30,2724.314907
3/11/2023 3:45,2724.315361
3/11/2023 4:00,2724.314012
3/11/2023 4:15,2724.316711
3/11/2023 4:30,2724.316256
3/11/2023 4:45,2724.312656
3/11/2023 5:00,2724.316256
3/11/2023 5:15,2724.316256
3/11/2023 5:30,2724.316256
3/11/2023 5:45,2724.316256
3/11/2023 6:00,2724.314907
3/11/2023 6:15,2724.312656
3/11/2023 6:30,2724.314005
3/11/2023 6:45,2724.314907
3/11/2023 7:00,2724.311306
3/11/2023 7:15,2724.314012
3/11/2023 7:30,2724.315354
3/11/2023 7:45,2724.316256
3/11/2023 8:00,2724.315361
3/11/2023 8:15,2724.316711
3/11/2023 8:30,2724.31311
3/11/2023 8:45,2724.311761
3/11/2023 9:00,2724.311761
3/11/2023 9:15,2724.310412
3/11/2023 9:30,2724.314907
3/11/2023 9:45,2724.314005
3/11/2023 10:00,2724.310412
3/11/2023 10:15,2724.31311
3/11/2023 10:30,2724.315361
3/11/2023 10:45,2724.31311
3/11/2023 11:00,2724.316711
3/11/2023 11:15,2724.316256
3/11/2023 11:30,2724.316256
3/11/2023 11:45,2724.315361
3/11/2023 12:00,2724.314907
3/11/2023 12:15,2724.31311
3/11/2023 12:30,2724.314005
3/11/2023 12:45,2724.315361
3/11/2023 13:00,2724.318955
3/11/2023 13:15,2724.315354
3/11/2023 13:30,2724.318955
3/11/2023 13:45,2724.312656
3/11/2023 14:00,2724.314005
3/11/2023 14:15,2724.314907
3/11/2023 14:30,2724.314012
3/11/2023 14:45,2724.314907
3/11/2023 15:00,2724.316256
3/11/2023 15:15,2724.317613
3/11/2023 15:30,2724.314012
3/11/2023 15:45,2724.318955
3/11/2023 16:00,2724.317605
3/11/2023 16:15,2724.314907
3/11/2023 16:30,2724.316256
3/11/2023 16:45,2724.317605
3/11/2023 17:00,2724.317605
3/11/2023 17:15,2724.316256
3/11/2023 17:30,2724.314907
3/11/2023 17:45,2724.317605
3/11/2023 18:00,2724.316256
3/11/2023 18:15,2724.316256
3/11/2023 18:30,2724.318053
3/11/2023 18:45,2724.316704
3/11/2023 19:00,2724.318955
3/11/2023 19:15,2724.318955
3/11/2023 19:30,2724.317605
3/11/2023 19:45,2724.318053
3/11/2023 20:00,2724.317605
3/11/2023 20:15,2724.317605
3/11/2023 20:30,2724.316256
3/11/2023 20:45,2724.315361
3/11/2023 21:00,2724.31806
3/11/2023 21:15,2724.31806
3/11/2023 21:30,2724.31806
3/11/2023 21:45,2724.316711
3/11/2023 22:00,2724.317613
3/11/2023 22:15,2724.318963
3/11/2023 22:30,2724.316711
3/11/2023 22:45,2724.31806
3/11/2023 23:00,2724.31806
3/11/2023 23:15,2724.315361
3/11/2023 23:30,2724.31806
3/11/2023 23:45,2724.31806
3/12/2023 0:00,2724.318955
3/12/2023 0:15,2724.317605
3/12/2023 0:30,2724.317605
3/12/2023 0:45,2724.316711
3/12/2023 1:00,2724.317613
3/12/2023 1:15,2724.316711
3/12/2023 1:30,2724.316711
3/12/2023 1:45,2724.316256
3/12/2023 2:00,2724.316711
3/12/2023 2:15,2724.316711
3/12/2023 2:30,2724.314012
3/12/2023 2:45,2724.316711
3/12/2023 3:00,2724.316711
3/12/2023 3:15,2724.315361
3/12/2023 3:30,2724.316711
3/12/2023 3:45,2724.317605
3/12/2023 4:00,2724.316711
3/12/2023 4:15,2724.317605
3/12/2023 4:30,2724.316256
3/12/2023 4:45,2724.320304
3/12/2023 5:00,2724.318955
3/12/2023 5:15,2724.316711
3/12/2023 5:30,2724.315361
3/12/2023 5:45,2724.315354
3/12/2023 6:00,2724.317605
3/12/2023 6:15,2724.316256
3/12/2023 6:30,2724.318955
3/12/2023 6:45,2724.318955
3/12/2023 7:00,2724.318963
3/12/2023 7:15,2724.318963
3/12/2023 7:30,2724.318963
3/12/2023 7:45,2724.31941
3/12/2023 8:00,2724.31941
3/12/2023 8:15,2724.318955
3/12/2023 8:30,2724.316704
3/12/2023 8:45,2724.317605
3/12/2023 9:00,2724.31806
3/12/2023 9:15,2724.315361
3/12/2023 9:30,2724.316711
3/12/2023 9:45,2724.31446
3/12/2023 10:00,2724.309965
3/12/2023 10:15,2724.31311
3/12/2023 10:30,2724.313557
3/12/2023 10:45,2724.312216
3/12/2023 11:00,2724.312216
3/12/2023 11:15,2724.313565
3/12/2023 11:30,2724.315809
3/12/2023 11:45,2724.313565
3/12/2023 12:00,2724.313565
3/12/2023 12:15,2724.313565
3/12/2023 12:30,2724.312216
3/12/2023 12:45,2724.312216
3/12/2023 13:00,2724.312216
3/12/2023 13:15,2724.310866
3/12/2023 13:30,2724.31446
3/12/2023 13:45,2724.31311
3/12/2023 14:00,2724.313557
3/12/2023 14:15,2724.313557
3/12/2023 14:30,2724.31446
3/12/2023 14:45,2724.315809
3/12/2023 15:00,2724.316711
3/12/2023 15:15,2724.316711
3/12/2023 15:30,2724.315361
3/12/2023 15:45,2724.31311
3/12/2023 16:00,2724.314012
3/12/2023 16:15,2724.315809
3/12/2023 16:30,2724.316704
3/12/2023 16:45,2724.316704
3/12/2023 17:00,2724.316704
3/12/2023 17:15,2724.31941
3/12/2023 17:30,2724.316711
3/12/2023 17:45,2724.31806
3/12/2023 18:00,2724.31806
3/12/2023 18:15,2724.316711
3/12/2023 18:30,2724.31806
3/12/2023 18:45,2724.31806
3/12/2023 19:00,2724.31806
3/12/2023 19:15,2724.320759
3/12/2023 19:30,2724.31806
3/12/2023 19:45,2724.31941
3/12/2023 20:00,2724.318053
3/12/2023 20:15,2724.319402
3/12/2023 20:30,2724.317159
3/12/2023 20:45,2724.317159
3/12/2023 21:00,2724.315809
3/12/2023 21:15,2724.317159
3/12/2023 21:30,2724.315809
3/12/2023 21:45,2724.317159
3/12/2023 22:00,2724.317159
3/12/2023 22:15,2724.317159
3/12/2023 22:30,2724.315809
3/12/2023 22:45,2724.317159
3/12/2023 23:00,2724.317159
3/12/2023 23:15,2724.318508
3/12/2023 23:30,2724.318508
3/12/2023 23:45,2724.316256
3/13/2023 0:00,2724.317159
3/13/2023 0:15,2724.317159
3/13/2023 0:30,2724.31806
3/13/2023 0:45,2724.317159
3/13/2023 1:00,2724.317159
3/13/2023 1:15,2724.318508
3/13/2023 1:30,2724.317159
3/13/2023 1:45,2724.318508
3/13/2023 2:00,2724.317159
3/13/2023 2:15,2724.315809
3/13/2023 2:30,2724.316256
3/13/2023 2:45,2724.317159
3/13/2023 3:00,2724.315809
3/13/2023 3:15,2724.317159
3/13/2023 3:30,2724.317159
3/13/2023 3:45,2724.317159
3/13/2023 4:00,2724.317159
3/13/2023 4:15,2724.315809
3/13/2023 4:30,2724.315809
3/13/2023 4:45,2724.318053
3/13/2023 5:00,2724.314915
3/13/2023 5:15,2724.318053
3/13/2023 5:30,2724.318053
3/13/2023 5:45,2724.318053
3/13/2023 6:00,2724.317159
3/13/2023 6:15,2724.316704
3/13/2023 6:30,2724.318053
3/13/2023 6:45,2724.316704
3/13/2023 7:00,2724.318053
3/13/2023 7:15,2724.319402
3/13/2023 7:30,2724.319402
3/13/2023 7:45,2724.319402
3/13/2023 8:00,2724.317159
3/13/2023 8:15,2724.317159
3/13/2023 8:30,2724.31941
3/13/2023 8:45,2724.317159
3/13/2023 9:00,2724.316256
3/13/2023 9:15,2724.316256
3/13/2023 9:30,2724.316256
3/13/2023 9:45,2724.313557
3/13/2023 10:00,2724.314012
3/13/2023 10:15,2724.312663
3/13/2023 10:30,2724.311314
3/13/2023 10:45,2724.314012
3/13/2023 11:00,2724.312663
3/13/2023 11:15,2724.314012
3/13/2023 11:30,2724.313557
3/13/2023 11:45,2724.313557
3/13/2023 12:00,2724.313557
3/13/2023 12:15,2724.31446
3/13/2023 12:30,2724.312208
3/13/2023 12:45,2724.314005
3/13/2023 13:00,2724.312656
3/13/2023 13:15,2724.312208
3/13/2023 13:30,2724.313557
3/13/2023 13:45,2724.313565
3/13/2023 14:00,2724.313565
3/13/2023 14:15,2724.314915
3/13/2023 14:30,2724.31446
3/13/2023 14:45,2724.315809
3/13/2023 15:00,2724.315809
3/13/2023 15:15,2724.316711
3/13/2023 15:30,2724.318508
3/13/2023 15:45,2724.317159
3/13/2023 16:00,2724.315809
3/13/2023 16:15,2724.315361
3/13/2023 16:30,2724.315361
3/13/2023 16:45,2724.316711
3/13/2023 17:00,2724.317159
3/13/2023 17:15,2724.317159
3/13/2023 17:30,2724.316711
3/13/2023 17:45,2724.316711
3/13/2023 18:00,2724.316711
3/13/2023 18:15,2724.317159
3/13/2023 18:30,2724.317159
3/13/2023 18:45,2724.31806
3/13/2023 19:00,2724.317159
3/13/2023 19:15,2724.315809
3/13/2023 19:30,2724.317159
3/13/2023 19:45,2724.318053
3/13/2023 20:00,2724.317159
3/13/2023 20:15,2724.315809
3/13/2023 20:30,2724.317159
3/13/2023 20:45,2724.319857
3/13/2023 21:00,2724.317159
3/13/2023 21:15,2724.318508
3/13/2023 21:30,2724.318053
3/13/2023 21:45,2724.319402
3/13/2023 22:00,2724.319857
3/13/2023 22:15,2724.317159
3/13/2023 22:30,2724.31941
3/13/2023 22:45,2724.320759
3/13/2023 23:00,2724.319857
3/13/2023 23:15,2724.320751
3/13/2023 23:30,2724.319857
3/13/2023 23:45,2724.315809
3/14/2023 0:00,2724.319857
3/14/2023 0:15,2724.320759
3/14/2023 0:30,2724.318508
3/14/2023 0:45,2724.31941
3/14/2023 1:00,2724.320759
3/14/2023 1:15,2724.318508
3/14/2023 1:30,2724.318508
3/14/2023 1:45,2724.316256
3/14/2023 2:00,2724.31941
3/14/2023 2:15,2724.31941
3/14/2023 2:30,2724.31941
3/14/2023 2:45,2724.322108
3/14/2023 3:00,2724.320759
3/14/2023 3:15,2724.31941
3/14/2023 3:30,2724.320759
3/14/2023 3:45,2724.31941
3/14/2023 4:00,2724.320759
3/14/2023 4:15,2724.318508
3/14/2023 4:30,2724.31941
3/14/2023 4:45,2724.322108
3/14/2023 5:00,2724.321654
3/14/2023 5:15,2724.320751
3/14/2023 5:30,2724.320751
3/14/2023 5:45,2724.320751
3/14/2023 6:00,2724.320751
3/14/2023 6:15,2724.3221
3/14/2023 6:30,2724.320759
3/14/2023 6:45,2724.320759
3/14/2023 7:00,2724.320759
3/14/2023 7:15,2724.319857
3/14/2023 7:30,2724.320759
3/14/2023 7:45,2724.319857
3/14/2023 8:00,2724.318508
3/14/2023 8:15,2724.318508
3/14/2023 8:30,2724.319857
3/14/2023 8:45,2724.318508
3/14/2023 9:00,2724.318955
3/14/2023 9:15,2724.318955
3/14/2023 9:30,2724.318053
3/14/2023 9:45,2724.315354
3/14/2023 10:00,2724.311761
3/14/2023 10:15,2724.310859
3/14/2023 10:30,2724.310412
3/14/2023 10:45,2724.31311
3/14/2023 11:00,2724.31311
3/14/2023 11:15,2724.311761
3/14/2023 11:30,2724.31446
3/14/2023 11:45,2724.314012
3/14/2023 12:00,2724.311761
3/14/2023 12:15,2724.31446
3/14/2023 12:30,2724.31311
3/14/2023 12:45,2724.311761
3/14/2023 13:00,2724.31446
3/14/2023 13:15,2724.314012
3/14/2023 13:30,2724.311761
3/14/2023 13:45,2724.31311
3/14/2023 14:00,2724.311761
3/14/2023 14:15,2724.312656
3/14/2023 14:30,2724.31311
3/14/2023 14:45,2724.316256
3/14/2023 15:00,2724.315354
3/14/2023 15:15,2724.312663
3/14/2023 15:30,2724.314012
3/14/2023 15:45,2724.314012
3/14/2023 16:00,2724.314012
3/14/2023 16:15,2724.316711
3/14/2023 16:30,2724.314012
3/14/2023 16:45,2724.315361
3/14/2023 17:00,2724.316711
3/14/2023 17:15,2724.316711
3/14/2023 17:30,2724.314012
3/14/2023 17:45,2724.315361
3/14/2023 18:00,2724.314915
3/14/2023 18:15,2724.316264
3/14/2023 18:30,2724.317613
3/14/2023 18:45,2724.317613
3/14/2023 19:00,2724.319857
3/14/2023 19:15,2724.318963
3/14/2023 19:30,2724.318963
3/14/2023 19:45,2724.318963
3/14/2023 20:00,2724.318963
3/14/2023 20:15,2724.319857
3/14/2023 20:30,2724.317605
3/14/2023 20:45,2724.318955
3/14/2023 21:00,2724.318955
3/14/2023 21:15,2724.318053
3/14/2023 21:30,2724.318053
3/14/2023 21:45,2724.318955
3/14/2023 22:00,2724.318955
3/14/2023 22:15,2724.316256
3/14/2023 22:30,2724.317605
3/14/2023 22:45,2724.318955
3/14/2023 23:00,2724.317605
3/14/2023 23:15,2724.317605
3/14/2023 23:30,2724.321206
3/14/2023 23:45,2724.318963
3/15/2023 0:00,2724.317613
3/15/2023 0:15,2724.317613
3/15/2023 0:30,2724.317613
3/15/2023 0:45,2724.317613
3/15/2023 1:00,2724.317613
3/15/2023 1:15,2724.317159
3/15/2023 1:30,2724.316264
3/15/2023 1:45,2724.317605
3/15/2023 2:00,2724.317159
3/15/2023 2:15,2724.317159
3/15/2023 2:30,2724.317159
3/15/2023 2:45,2724.316256
3/15/2023 3:00,2724.317159
3/15/2023 3:15,2724.315809
3/15/2023 3:30,2724.315809
3/15/2023 3:45,2724.318053
3/15/2023 4:00,2724.315809
3/15/2023 4:15,2724.317159
3/15/2023 4:30,2724.317159
3/15/2023 4:45,2724.317159
3/15/2023 5:00,2724.316711
3/15/2023 5:15,2724.316711
3/15/2023 5:30,2724.317159
3/15/2023 5:45,2724.315809
3/15/2023 6:00,2724.315361
3/15/2023 6:15,2724.315361
3/15/2023 6:30,2724.315809
3/15/2023 6:45,2724.317159
3/15/2023 7:00,2724.317159
3/15/2023 7:15,2724.315809
3/15/2023 7:30,2724.316711
3/15/2023 7:45,2724.315361
3/15/2023 8:00,2724.315361
3/15/2023 8:15,2724.316704
3/15/2023 8:30,2724.314005
3/15/2023 8:45,2724.312208
3/15/2023 9:00,2724.31446
3/15/2023 9:15,2724.31446
3/15/2023 9:30,2724.316711
3/15/2023 9:45,2724.31446
3/15/2023 10:00,2724.31446
3/15/2023 10:15,2724.312208
3/15/2023 10:30,2724.31311
3/15/2023 10:45,2724.313557
3/15/2023 11:00,2724.31311
3/15/2023 11:15,2724.31311
3/15/2023 11:30,2724.31446
3/15/2023 11:45,2724.313565
3/15/2023 12:00,2724.31311
3/15/2023 12:15,2724.311761
3/15/2023 12:30,2724.31311
3/15/2023 12:45,2724.315361
3/15/2023 13:00,2724.312208
3/15/2023 13:15,2724.314012
3/15/2023 13:30,2724.316711
3/15/2023 13:45,2724.316264
3/15/2023 14:00,2724.316711
3/15/2023 14:15,2724.320304
3/15/2023 14:30,2724.318053
3/15/2023 14:45,2724.318955
3/15/2023 15:00,2724.318508
3/15/2023 15:15,2724.320312
3/15/2023 15:30,2724.318963
3/15/2023 15:45,2724.321206
3/15/2023 16:00,2724.322555
3/15/2023 16:15,2724.322555
3/15/2023 16:30,2724.323905
3/15/2023 16:45,2724.32345
3/15/2023 17:00,2724.324799
3/15/2023 17:15,2724.322555
3/15/2023 17:30,2724.32345
3/15/2023 17:45,2724.32345
3/15/2023 18:00,2724.324799
3/15/2023 18:15,2724.3221
3/15/2023 18:30,2724.325702
3/15/2023 18:45,2724.322108
3/15/2023 19:00,2724.324807
3/15/2023 19:15,2724.322108
3/15/2023 19:30,2724.327051
3/15/2023 19:45,2724.323905
3/15/2023 20:00,2724.326157
3/15/2023 20:15,2724.323458
3/15/2023 20:30,2724.327058
3/15/2023 20:45,2724.324807
3/15/2023 21:00,2724.326157
3/15/2023 21:15,2724.325709
3/15/2023 21:30,2724.323458
3/15/2023 21:45,2724.322555
3/15/2023 22:00,2724.324807
3/15/2023 22:15,2724.326157
3/15/2023 22:30,2724.324799
3/15/2023 22:45,2724.325702
3/15/2023 23:00,2724.3221
3/15/2023 23:15,2724.324799
3/15/2023 23:30,2724.324799
3/15/2023 23:45,2724.323458
3/16/2023 0:00,2724.324799
3/16/2023 0:15,2724.325702
3/16/2023 0:30,2724.326157
3/16/2023 0:45,2724.323458
3/16/2023 1:00,2724.325709
3/16/2023 1:15,2724.324359
3/16/2023 1:30,2724.323458
3/16/2023 1:45,2724.324359
3/16/2023 2:00,2724.324807
3/16/2023 2:15,2724.324807
3/16/2023 2:30,2724.324352
3/16/2023 2:45,2724.324352
3/16/2023 3:00,2724.323003
3/16/2023 3:15,2724.323458
3/16/2023 3:30,2724.324807
3/16/2023 3:45,2724.322108
3/16/2023 4:00,2724.325702
3/16/2023 4:15,2724.325709
3/16/2023 4:30,2724.324359
3/16/2023 4:45,2724.324359
3/16/2023 5:00,2724.32301
3/16/2023 5:15,2724.324359
3/16/2023 5:30,2724.325254
3/16/2023 5:45,2724.325702
3/16/2023 6:00,2724.323458
3/16/2023 6:15,2724.323458
3/16/2023 6:30,2724.324359
3/16/2023 6:45,2724.324352
3/16/2023 7:00,2724.323458
3/16/2023 7:15,2724.32301
3/16/2023 7:30,2724.324359
3/16/2023 7:45,2724.32301
3/16/2023 8:00,2724.32301
3/16/2023 8:15,2724.32301
3/16/2023 8:30,2724.325702
3/16/2023 8:45,2724.325702
3/16/2023 9:00,2724.324352
3/16/2023 9:15,2724.324352
3/16/2023 9:30,2724.32345
3/16/2023 9:45,2724.3221
3/16/2023 10:00,2724.3221
3/16/2023 10:15,2724.323003
3/16/2023 10:30,2724.323458
3/16/2023 10:45,2724.322108
3/16/2023 11:00,2724.322108
3/16/2023 11:15,2724.321206
3/16/2023 11:30,2724.322108
3/16/2023 11:45,2724.322108
3/16/2023 12:00,2724.319857
3/16/2023 12:15,2724.318508
3/16/2023 12:30,2724.318508
3/16/2023 12:45,2724.319857
3/16/2023 13:00,2724.321206
3/16/2023 13:15,2724.321206
3/16/2023 13:30,2724.321206
3/16/2023 13:45,2724.318963
3/16/2023 14:00,2724.322108
3/16/2023 14:15,2724.321206
3/16/2023 14:30,2724.321206
3/16/2023 14:45,2724.321206
3/16/2023 15:00,2724.323458
3/16/2023 15:15,2724.320759
3/16/2023 15:30,2724.319857
3/16/2023 15:45,2724.319857
3/16/2023 16:00,2724.323458
3/16/2023 16:15,2724.319857
3/16/2023 16:30,2724.322555
3/16/2023 16:45,2724.322108
3/16/2023 17:00,2724.320312
3/16/2023 17:15,2724.321206
3/16/2023 17:30,2724.324807
3/16/2023 17:45,2724.324807
3/16/2023 18:00,2724.323458
3/16/2023 18:15,2724.321206
3/16/2023 18:30,2724.3221
3/16/2023 18:45,2724.323905
3/16/2023 19:00,2724.325254
3/16/2023 19:15,2724.323458
3/16/2023 19:30,2724.322555
3/16/2023 19:45,2724.322555
3/16/2023 20:00,2724.321206
3/16/2023 20:15,2724.322555
3/16/2023 20:30,2724.322555
3/16/2023 20:45,2724.323905
3/16/2023 21:00,2724.325254
3/16/2023 21:15,2724.323905
3/16/2023 21:30,2724.323003
3/16/2023 21:45,2724.323905
3/16/2023 22:00,2724.325254
3/16/2023 22:15,2724.323003
3/16/2023 22:30,2724.326157
3/16/2023 22:45,2724.324352
3/16/2023 23:00,2724.325254
3/16/2023 23:15,2724.324352
3/16/2023 23:30,2724.326603
3/16/2023 23:45,2724.325254
3/17/2023 0:00,2724.325254
3/17/2023 0:15,2724.326603
3/17/2023 0:30,2724.325254
3/17/2023 0:45,2724.325254
3/17/2023 1:00,2724.323905
3/17/2023 1:15,2724.326603
3/17/2023 1:30,2724.326603
3/17/2023 1:45,2724.325254
3/17/2023 2:00,2724.325254
3/17/2023 2:15,2724.327506
3/17/2023 2:30,2724.327506
3/17/2023 2:45,2724.326157
3/17/2023 3:00,2724.327506
3/17/2023 3:15,2724.324352
3/17/2023 3:30,2724.327506
3/17/2023 3:45,2724.327506
3/17/2023 4:00,2724.325254
3/17/2023 4:15,2724.327506
3/17/2023 4:30,2724.327506
3/17/2023 4:45,2724.327506
3/17/2023 5:00,2724.328855
3/17/2023 5:15,2724.328408
3/17/2023 5:30,2724.326603
3/17/2023 5:45,2724.326603
3/17/2023 6:00,2724.326157
3/17/2023 6:15,2724.328855
3/17/2023 6:30,2724.326603
3/17/2023 6:45,2724.328855
3/17/2023 7:00,2724.326603
3/17/2023 7:15,2724.327506
3/17/2023 7:30,2724.328855
3/17/2023 7:45,2724.327953
3/17/2023 8:00,2724.327498
3/17/2023 8:15,2724.326603
3/17/2023 8:30,2724.327498
3/17/2023 8:45,2724.326603
3/17/2023 9:00,2724.325709
3/17/2023 9:15,2724.323905
3/17/2023 9:30,2724.325254
3/17/2023 9:45,2724.325254
3/17/2023 10:00,2724.323003
3/17/2023 10:15,2724.324352
3/17/2023 10:30,2724.323003
3/17/2023 10:45,2724.325254
3/17/2023 11:00,2724.323003
3/17/2023 11:15,2724.321654
3/17/2023 11:30,2724.321654
3/17/2023 11:45,2724.320759
3/17/2023 12:00,2724.31941
3/17/2023 12:15,2724.321661
3/17/2023 12:30,2724.31806
3/17/2023 12:45,2724.320312
3/17/2023 13:00,2724.320312
3/17/2023 13:15,2724.320759
3/17/2023 13:30,2724.321654
3/17/2023 13:45,2724.31941
3/17/2023 14:00,2724.31941
3/17/2023 14:15,2724.317159
3/17/2023 14:30,2724.318053
3/17/2023 14:45,2724.318955
3/17/2023 15:00,2724.318955
3/17/2023 15:15,2724.320304
3/17/2023 15:30,2724.321654
3/17/2023 15:45,2724.320304
3/17/2023 16:00,2724.31941
3/17/2023 16:15,2724.31941
3/17/2023 16:30,2724.31941
3/17/2023 16:45,2724.318955
3/17/2023 17:00,2724.320304
3/17/2023 17:15,2724.320312
3/17/2023 17:30,2724.316711
3/17/2023 17:45,2724.318963
3/17/2023 18:00,2724.32301
3/17/2023 18:15,2724.323905
3/17/2023 18:30,2724.32301
3/17/2023 18:45,2724.322555
3/17/2023 19:00,2724.323905
3/17/2023 19:15,2724.325254
3/17/2023 19:30,2724.325254
3/17/2023 19:45,2724.323905
3/17/2023 20:00,2724.325254
3/17/2023 20:15,2724.326603
3/17/2023 20:30,2724.325254
3/17/2023 20:45,2724.323905
3/17/2023 21:00,2724.327953
3/17/2023 21:15,2724.327953
3/17/2023 21:30,2724.327498
3/17/2023 21:45,2724.326603
3/17/2023 22:00,2724.324352
3/17/2023 22:15,2724.325702
3/17/2023 22:30,2724.32345
3/17/2023 22:45,2724.3221
3/17/2023 23:00,2724.324352
3/17/2023 23:15,2724.323003
3/17/2023 23:30,2724.323003
3/17/2023 23:45,2724.324352
3/18/2023 0:00,2724.323458
3/18/2023 0:15,2724.323458
3/18/2023 0:30,2724.324352
3/18/2023 0:45,2724.325702
3/18/2023 1:00,2724.323458
3/18/2023 1:15,2724.324352
3/18/2023 1:30,2724.323458
3/18/2023 1:45,2724.325702
3/18/2023 2:00,2724.325702
3/18/2023 2:15,2724.323458
3/18/2023 2:30,2724.324807
3/18/2023 2:45,2724.322108
3/18/2023 3:00,2724.325702
3/18/2023 3:15,2724.324352
3/18/2023 3:30,2724.324807
3/18/2023 3:45,2724.324807
3/18/2023 4:00,2724.325709
3/18/2023 4:15,2724.324807
3/18/2023 4:30,2724.323458
3/18/2023 4:45,2724.324807
3/18/2023 5:00,2724.325702
3/18/2023 5:15,2724.324359
3/18/2023 5:30,2724.324359
3/18/2023 5:45,2724.325709
3/18/2023 6:00,2724.323458
3/18/2023 6:15,2724.324807
3/18/2023 6:30,2724.325702
3/18/2023 6:45,2724.324352
3/18/2023 7:00,2724.324799
3/18/2023 7:15,2724.32345
3/18/2023 7:30,2724.323905
3/18/2023 7:45,2724.326157
3/18/2023 8:00,2724.324807
3/18/2023 8:15,2724.323905
3/18/2023 8:30,2724.322555
3/18/2023 8:45,2724.322555
3/18/2023 9:00,2724.32301
3/18/2023 9:15,2724.324359
3/18/2023 9:30,2724.320759
3/18/2023 9:45,2724.321654
3/18/2023 10:00,2724.321654
3/18/2023 10:15,2724.319402
3/18/2023 10:30,2724.317159
3/18/2023 10:45,2724.317159
3/18/2023 11:00,2724.318053
3/18/2023 11:15,2724.323003
3/18/2023 11:30,2724.320751
3/18/2023 11:45,2724.320751
3/18/2023 12:00,2724.319402
3/18/2023 12:15,2724.318053
3/18/2023 12:30,2724.320751
3/18/2023 12:45,2724.319402
3/18/2023 13:00,2724.320304
3/18/2023 13:15,2724.316704
3/18/2023 13:30,2724.315809
3/18/2023 13:45,2724.315809
3/18/2023 14:00,2724.317159
3/18/2023 14:15,2724.31941
3/18/2023 14:30,2724.320312
3/18/2023 14:45,2724.320312
3/18/2023 15:00,2724.320312
3/18/2023 15:15,2724.320312
3/18/2023 15:30,2724.32301
3/18/2023 15:45,2724.321661
3/18/2023 16:00,2724.324359
3/18/2023 16:15,2724.32301
3/18/2023 16:30,2724.321661
3/18/2023 16:45,2724.321661
3/18/2023 17:00,2724.320312
3/18/2023 17:15,2724.320312
3/18/2023 17:30,2724.32301
3/18/2023 17:45,2724.324359
3/18/2023 18:00,2724.324359
3/18/2023 18:15,2724.325254
3/18/2023 18:30,2724.325254
3/18/2023 18:45,2724.326603
3/18/2023 19:00,2724.325254
3/18/2023 19:15,2724.326603
3/18/2023 19:30,2724.327953
3/18/2023 19:45,2724.326603
3/18/2023 20:00,2724.323003
3/18/2023 20:15,2724.324352
3/18/2023 20:30,2724.325702
3/18/2023 20:45,2724.323003
3/18/2023 21:00,2724.323003
3/18/2023 21:15,2724.323905
3/18/2023 21:30,2724.325254
3/18/2023 21:45,2724.323003
3/18/2023 22:00,2724.3221
3/18/2023 22:15,2724.324352
3/18/2023 22:30,2724.326603
3/18/2023 22:45,2724.326603
3/18/2023 23:00,2724.327953
3/18/2023 23:15,2724.326603
3/18/2023 23:30,2724.329302
3/18/2023 23:45,2724.327051
3/19/2023 0:00,2724.3284
3/19/2023 0:15,2724.327051
3/19/2023 0:30,2724.327953
3/19/2023 0:45,2724.326603
3/19/2023 1:00,2724.329302
3/19/2023 1:15,2724.327953
3/19/2023 1:30,2724.3284
3/19/2023 1:45,2724.327953
3/19/2023 2:00,2724.327953
3/19/2023 2:15,2724.328855
3/19/2023 2:30,2724.329302
3/19/2023 2:45,2724.329302
3/19/2023 3:00,2724.326603
3/19/2023 3:15,2724.328855
3/19/2023 3:30,2724.327953
3/19/2023 3:45,2724.327953
3/19/2023 4:00,2724.327953
3/19/2023 4:15,2724.326603
3/19/2023 4:30,2724.328848
3/19/2023 4:45,2724.327498
3/19/2023 5:00,2724.328848
3/19/2023 5:15,2724.329749
3/19/2023 5:30,2724.328848
3/19/2023 5:45,2724.327498
3/19/2023 6:00,2724.328848
3/19/2023 6:15,2724.328848
3/19/2023 6:30,2724.328848
3/19/2023 6:45,2724.329749
3/19/2023 7:00,2724.327506
3/19/2023 7:15,2724.331099
3/19/2023 7:30,2724.329749
3/19/2023 7:45,2724.328855
3/19/2023 8:00,2724.326603
3/19/2023 8:15,2724.325254
3/19/2023 8:30,2724.325254
3/19/2023 8:45,2724.323905
3/19/2023 9:00,2724.325254
3/19/2023 9:15,2724.323003
3/19/2023 9:30,2724.3221
3/19/2023 9:45,2724.3221
3/19/2023 10:00,2724.3221
3/19/2023 10:15,2724.319402
3/19/2023 10:30,2724.314907
3/19/2023 10:45,2724.316256
3/19/2023 11:00,2724.317159
3/19/2023 11:15,2724.320751
3/19/2023 11:30,2724.319402
3/19/2023 11:45,2724.320751
3/19/2023 12:00,2724.318053
3/19/2023 12:15,2724.319402
3/19/2023 12:30,2724.316704
3/19/2023 12:45,2724.315809
3/19/2023 13:00,2724.315809
3/19/2023 13:15,2724.315361
3/19/2023 13:30,2724.31446
3/19/2023 13:45,2724.31446
3/19/2023 14:00,2724.316711
3/19/2023 14:15,2724.316704
3/19/2023 14:30,2724.317605
3/19/2023 14:45,2724.315361
3/19/2023 15:00,2724.318508
3/19/2023 15:15,2724.317605
3/19/2023 15:30,2724.317605
3/19/2023 15:45,2724.318508
3/19/2023 16:00,2724.318508
3/19/2023 16:15,2724.317159
3/19/2023 16:30,2724.318508
3/19/2023 16:45,2724.31806
3/19/2023 17:00,2724.31941
3/19/2023 17:15,2724.317159
3/19/2023 17:30,2724.320751
3/19/2023 17:45,2724.319402
3/19/2023 18:00,2724.319402
3/19/2023 18:15,2724.318508
3/19/2023 18:30,2724.31806
3/19/2023 18:45,2724.321661
3/19/2023 19:00,2724.320759
3/19/2023 19:15,2724.320312
3/19/2023 19:30,2724.321661
3/19/2023 19:45,2724.321661
3/19/2023 20:00,2724.325254
3/19/2023 20:15,2724.321654
3/19/2023 20:30,2724.320304
3/19/2023 20:45,2724.323003
3/19/2023 21:00,2724.321661
3/19/2023 21:15,2724.320759
3/19/2023 21:30,2724.321661
3/19/2023 21:45,2724.321661
3/19/2023 22:00,2724.321654
3/19/2023 22:15,2724.321654
3/19/2023 22:30,2724.320304
3/19/2023 22:45,2724.320304
3/19/2023 23:00,2724.321654
3/19/2023 23:15,2724.320304
3/19/2023 23:30,2724.320304
3/19/2023 23:45,2724.321654
3/20/2023 0:00,2724.320304
3/20/2023 0:15,2724.318963
3/20/2023 0:30,2724.321661
3/20/2023 0:45,2724.321661
3/20/2023 1:00,2724.320312
3/20/2023 1:15,2724.320304
3/20/2023 1:30,2724.321654
3/20/2023 1:45,2724.322555
3/20/2023 2:00,2724.319857
3/20/2023 2:15,2724.321206
3/20/2023 2:30,2724.321206
3/20/2023 2:45,2724.319857
3/20/2023 3:00,2724.321206
3/20/2023 3:15,2724.323458
3/20/2023 3:30,2724.322108
3/20/2023 3:45,2724.318955
3/20/2023 4:00,2724.319857
3/20/2023 4:15,2724.321206
3/20/2023 4:30,2724.321206
3/20/2023 4:45,2724.318955
3/20/2023 5:00,2724.321206
3/20/2023 5:15,2724.320304
3/20/2023 5:30,2724.321206
3/20/2023 5:45,2724.322108
3/20/2023 6:00,2724.319857
3/20/2023 6:15,2724.318955
3/20/2023 6:30,2724.322555
3/20/2023 6:45,2724.321206
3/20/2023 7:00,2724.321206
3/20/2023 7:15,2724.318955
3/20/2023 7:30,2724.318508
3/20/2023 7:45,2724.318508
3/20/2023 8:00,2724.318955
3/20/2023 8:15,2724.317605
3/20/2023 8:30,2724.320304
3/20/2023 8:45,2724.318955
3/20/2023 9:00,2724.318955
3/20/2023 9:15,2724.317605
3/20/2023 9:30,2724.316256
3/20/2023 9:45,2724.316704
3/20/2023 10:00,2724.316256
3/20/2023 10:15,2724.314005
3/20/2023 10:30,2724.316256
3/20/2023 10:45,2724.315354
3/20/2023 11:00,2724.316704
3/20/2023 11:15,2724.314012
3/20/2023 11:30,2724.316256
3/20/2023 11:45,2724.316256
3/20/2023 12:00,2724.316256
3/20/2023 12:15,2724.315361
3/20/2023 12:30,2724.317605
3/20/2023 12:45,2724.315361
3/20/2023 13:00,2724.317605
3/20/2023 13:15,2724.317605
3/20/2023 13:30,2724.316256
3/20/2023 13:45,2724.315354
3/20/2023 14:00,2724.317605
3/20/2023 14:15,2724.317159
3/20/2023 14:30,2724.319857
3/20/2023 14:45,2724.318508
3/20/2023 15:00,2724.318955
3/20/2023 15:15,2724.318955
3/20/2023 15:30,2724.319857
3/20/2023 15:45,2724.322108
3/20/2023 16:00,2724.321206
3/20/2023 16:15,2724.318508
3/20/2023 16:30,2724.318508
3/20/2023 16:45,2724.318508
3/20/2023 17:00,2724.31941
3/20/2023 17:15,2724.318508
3/20/2023 17:30,2724.318508
3/20/2023 17:45,2724.318508
3/20/2023 18:00,2724.317613
3/20/2023 18:15,2724.317159
3/20/2023 18:30,2724.318508
3/20/2023 18:45,2724.319402
3/20/2023 19:00,2724.319857
3/20/2023 19:15,2724.319857
3/20/2023 19:30,2724.318508
3/20/2023 19:45,2724.317613
3/20/2023 20:00,2724.318508
3/20/2023 20:15,2724.317605
3/20/2023 20:30,2724.31941
3/20/2023 20:45,2724.321206
3/20/2023 21:00,2724.318508
3/20/2023 21:15,2724.319857
3/20/2023 21:30,2724.321206
3/20/2023 21:45,2724.318508
3/20/2023 22:00,2724.320759
3/20/2023 22:15,2724.318955
3/20/2023 22:30,2724.317605
3/20/2023 22:45,2724.319857
3/20/2023 23:00,2724.31941
3/20/2023 23:15,2724.318508
3/20/2023 23:30,2724.31941
3/20/2023 23:45,2724.318508
3/21/2023 0:00,2724.318955
3/21/2023 0:15,2724.318955
3/21/2023 0:30,2724.318955
3/21/2023 0:45,2724.318508
3/21/2023 1:00,2724.319857
3/21/2023 1:15,2724.320759
3/21/2023 1:30,2724.318508
3/21/2023 1:45,2724.318508
3/21/2023 2:00,2724.318508
3/21/2023 2:15,2724.316256
3/21/2023 2:30,2724.319857
3/21/2023 2:45,2724.319857
3/21/2023 3:00,2724.319857
3/21/2023 3:15,2724.319857
3/21/2023 3:30,2724.322108
3/21/2023 3:45,2724.320759
3/21/2023 4:00,2724.320751
3/21/2023 4:15,2724.320751
3/21/2023 4:30,2724.319402
3/21/2023 4:45,2724.319402
3/21/2023 5:00,2724.318508
3/21/2023 5:15,2724.31941
3/21/2023 5:30,2724.31941
3/21/2023 5:45,2724.318508
3/21/2023 6:00,2724.319857
3/21/2023 6:15,2724.321206
3/21/2023 6:30,2724.320759
3/21/2023 6:45,2724.319857
3/21/2023 7:00,2724.317159
3/21/2023 7:15,2724.31941
3/21/2023 7:30,2724.318508
3/21/2023 7:45,2724.321206
3/21/2023 8:00,2724.319857
3/21/2023 8:15,2724.318508
3/21/2023 8:30,2724.319857
3/21/2023 8:45,2724.318508
3/21/2023 9:00,2724.317159
3/21/2023 9:15,2724.316256
3/21/2023 9:30,2724.316256
3/21/2023 9:45,2724.316256
3/21/2023 10:00,2724.317605
3/21/2023 10:15,2724.318955
3/21/2023 10:30,2724.318955
3/21/2023 10:45,2724.316256
3/21/2023 11:00,2724.316256
3/21/2023 11:15,2724.316256
3/21/2023 11:30,2724.314907
3/21/2023 11:45,2724.317605
3/21/2023 12:00,2724.317605
3/21/2023 12:15,2724.316256
3/21/2023 12:30,2724.314907
3/21/2023 12:45,2724.317605
3/21/2023 13:00,2724.317605
3/21/2023 13:15,2724.316256
3/21/2023 13:30,2724.317605
3/21/2023 13:45,2724.316704
3/21/2023 14:00,2724.319857
3/21/2023 14:15,2724.317605
3/21/2023 14:30,2724.317605
3/21/2023 14:45,2724.312656
3/21/2023 15:00,2724.316256
3/21/2023 15:15,2724.315354
3/21/2023 15:30,2724.314907
3/21/2023 15:45,2724.316256
3/21/2023 16:00,2724.317605
3/21/2023 16:15,2724.312656
3/21/2023 16:30,2724.314005
3/21/2023 16:45,2724.314907
3/21/2023 17:00,2724.316256
3/21/2023 17:15,2724.316711
3/21/2023 17:30,2724.318963
3/21/2023 17:45,2724.316264
3/21/2023 18:00,2724.317613
3/21/2023 18:15,2724.315361
3/21/2023 18:30,2724.316264
3/21/2023 18:45,2724.316264
3/21/2023 19:00,2724.317613
3/21/2023 19:15,2724.315361
3/21/2023 19:30,2724.316256
3/21/2023 19:45,2724.318508
3/21/2023 20:00,2724.317605
3/21/2023 20:15,2724.315361
3/21/2023 20:30,2724.314907
3/21/2023 20:45,2724.314012
3/21/2023 21:00,2724.314012
3/21/2023 21:15,2724.316256
3/21/2023 21:30,2724.316704
3/21/2023 21:45,2724.315354
3/21/2023 22:00,2724.315354
3/21/2023 22:15,2724.315354
3/21/2023 22:30,2724.317605
3/21/2023 22:45,2724.317605
3/21/2023 23:00,2724.315354
3/21/2023 23:15,2724.314005
3/21/2023 23:30,2724.317605
3/21/2023 23:45,2724.315354
3/22/2023 0:00,2724.315354
3/22/2023 0:15,2724.314005
3/22/2023 0:30,2724.316256
3/22/2023 0:45,2724.316704
3/22/2023 1:00,2724.316256
3/22/2023 1:15,2724.31446
3/22/2023 1:30,2724.315361
3/22/2023 1:45,2724.315361
3/22/2023 2:00,2724.315361
3/22/2023 2:15,2724.315354
3/22/2023 2:30,2724.316704
3/22/2023 2:45,2724.316704
3/22/2023 3:00,2724.314005
3/22/2023 3:15,2724.314907
3/22/2023 3:30,2724.316256
3/22/2023 3:45,2724.316256
3/22/2023 4:00,2724.316711
3/22/2023 4:15,2724.316711
3/22/2023 4:30,2724.316711
3/22/2023 4:45,2724.314907
3/22/2023 5:00,2724.316256
3/22/2023 5:15,2724.316256
3/22/2023 5:30,2724.317605
3/22/2023 5:45,2724.317605
3/22/2023 6:00,2724.315361
3/22/2023 6:15,2724.316256
3/22/2023 6:30,2724.315361
3/22/2023 6:45,2724.314012
3/22/2023 7:00,2724.315361
3/22/2023 7:15,2724.315361
3/22/2023 7:30,2724.314907
3/22/2023 7:45,2724.31311
3/22/2023 8:00,2724.31311
3/22/2023 8:15,2724.315354
3/22/2023 8:30,2724.315354
3/22/2023 8:45,2724.314005
3/22/2023 9:00,2724.315354
3/22/2023 9:15,2724.315354
3/22/2023 9:30,2724.314005
3/22/2023 9:45,2724.312656
3/22/2023 10:00,2724.31311
3/22/2023 10:15,2724.311761
3/22/2023 10:30,2724.314005
3/22/2023 10:45,2724.314005
3/22/2023 11:00,2724.314005
3/22/2023 11:15,2724.314005
3/22/2023 11:30,2724.314005
3/22/2023 11:45,2724.310412
3/22/2023 12:00,2724.31446
3/22/2023 12:15,2724.315354
3/22/2023 12:30,2724.312656
3/22/2023 12:45,2724.31446
3/22/2023 13:00,2724.314005
3/22/2023 13:15,2724.311761
3/22/2023 13:30,2724.312663
3/22/2023 13:45,2724.312663
3/22/2023 14:00,2724.311761
3/22/2023 14:15,2724.31446
3/22/2023 14:30,2724.310412
3/22/2023 14:45,2724.315361
3/22/2023 15:00,2724.314012
3/22/2023 15:15,2724.31311
3/22/2023 15:30,2724.312663
3/22/2023 15:45,2724.315361
3/22/2023 16:00,2724.315361
3/22/2023 16:15,2724.317605
3/22/2023 16:30,2724.314005
3/22/2023 16:45,2724.315354
3/22/2023 17:00,2724.317605
3/22/2023 17:15,2724.318955
3/22/2023 17:30,2724.315354
3/22/2023 17:45,2724.316704
3/22/2023 18:00,2724.315361
3/22/2023 18:15,2724.31806
3/22/2023 18:30,2724.316711
3/22/2023 18:45,2724.314012
3/22/2023 19:00,2724.315361
3/22/2023 19:15,2724.317605
3/22/2023 19:30,2724.318053
3/22/2023 19:45,2724.318053
3/22/2023 20:00,2724.317605
3/22/2023 20:15,2724.316704
3/22/2023 20:30,2724.316704
3/22/2023 20:45,2724.316711
3/22/2023 21:00,2724.316711
3/22/2023 21:15,2724.316711
3/22/2023 21:30,2724.315361
3/22/2023 21:45,2724.31806
3/22/2023 22:00,2724.31806
3/22/2023 22:15,2724.31806
3/22/2023 22:30,2724.316711
3/22/2023 22:45,2724.31806
3/22/2023 23:00,2724.31806
3/22/2023 23:15,2724.31806
3/22/2023 23:30,2724.31941
3/22/2023 23:45,2724.320312
3/23/2023 0:00,2724.315361
3/23/2023 0:15,2724.31941
3/23/2023 0:30,2724.31806
3/23/2023 0:45,2724.31806
3/23/2023 1:00,2724.31806
3/23/2023 1:15,2724.318955
3/23/2023 1:30,2724.318955
3/23/2023 1:45,2724.319402
3/23/2023 2:00,2724.316704
3/23/2023 2:15,2724.318955
3/23/2023 2:30,2724.318955
3/23/2023 2:45,2724.318053
3/23/2023 3:00,2724.31806
3/23/2023 3:15,2724.31941
3/23/2023 3:30,2724.31806
3/23/2023 3:45,2724.316711
3/23/2023 4:00,2724.31806
3/23/2023 4:15,2724.317613
3/23/2023 4:30,2724.318963
3/23/2023 4:45,2724.319857
3/23/2023 5:00,2724.318963
3/23/2023 5:15,2724.316264
3/23/2023 5:30,2724.316264
3/23/2023 5:45,2724.318963
3/23/2023 6:00,2724.317613
3/23/2023 6:15,2724.316711
3/23/2023 6:30,2724.317613
3/23/2023 6:45,2724.31806
3/23/2023 7:00,2724.317613
3/23/2023 7:15,2724.318963
3/23/2023 7:30,2724.316711
3/23/2023 7:45,2724.316264
3/23/2023 8:00,2724.316264
3/23/2023 8:15,2724.316711
3/23/2023 8:30,2724.316264
3/23/2023 8:45,2724.317613
3/23/2023 9:00,2724.315361
3/23/2023 9:15,2724.312663
3/23/2023 9:30,2724.315809
3/23/2023 9:45,2724.315361
3/23/2023 10:00,2724.31446
3/23/2023 10:15,2724.311761
3/23/2023 10:30,2724.31311
3/23/2023 10:45,2724.31446
3/23/2023 11:00,2724.31446
3/23/2023 11:15,2724.31446
3/23/2023 11:30,2724.314005
3/23/2023 11:45,2724.31311
3/23/2023 12:00,2724.313565
3/23/2023 12:15,2724.31446
3/23/2023 12:30,2724.313565
3/23/2023 12:45,2724.31311
3/23/2023 13:00,2724.310412
3/23/2023 13:15,2724.310859
3/23/2023 13:30,2724.315361
3/23/2023 13:45,2724.312208
3/23/2023 14:00,2724.31311
3/23/2023 14:15,2724.315809
3/23/2023 14:30,2724.315354
3/23/2023 14:45,2724.316704
3/23/2023 15:00,2724.317605
3/23/2023 15:15,2724.316704
3/23/2023 15:30,2724.314005
3/23/2023 15:45,2724.315354
3/23/2023 16:00,2724.314005
3/23/2023 16:15,2724.314012
3/23/2023 16:30,2724.314907
3/23/2023 16:45,2724.314005
3/23/2023 17:00,2724.312656
3/23/2023 17:15,2724.31311
3/23/2023 17:30,2724.315354
3/23/2023 17:45,2724.316256
3/23/2023 18:00,2724.318955
3/23/2023 18:15,2724.316256
3/23/2023 18:30,2724.317605
3/23/2023 18:45,2724.317605
3/23/2023 19:00,2724.317605
3/23/2023 19:15,2724.317605
3/23/2023 19:30,2724.318955
3/23/2023 19:45,2724.316256
3/23/2023 20:00,2724.317605
3/23/2023 20:15,2724.318053
3/23/2023 20:30,2724.317605
3/23/2023 20:45,2724.317605
3/23/2023 21:00,2724.318053
3/23/2023 21:15,2724.318955
3/23/2023 21:30,2724.319857
3/23/2023 21:45,2724.318955
3/23/2023 22:00,2724.320304
3/23/2023 22:15,2724.320304
3/23/2023 22:30,2724.318955
3/23/2023 22:45,2724.318955
3/23/2023 23:00,2724.319857
3/23/2023 23:15,2724.320304
3/23/2023 23:30,2724.321206
3/23/2023 23:45,2724.319857
3/24/2023 0:00,2724.322555
3/24/2023 0:15,2724.321206
3/24/2023 0:30,2724.321206
3/24/2023 0:45,2724.318508
3/24/2023 1:00,2724.322555
3/24/2023 1:15,2724.321206
3/24/2023 1:30,2724.320751
3/24/2023 1:45,2724.319857
3/24/2023 2:00,2724.320751
3/24/2023 2:15,2724.320751
3/24/2023 2:30,2724.322108
3/24/2023 2:45,2724.319857
3/24/2023 3:00,2724.320759
3/24/2023 3:15,2724.319857
3/24/2023 3:30,2724.319857
3/24/2023 3:45,2724.319857
3/24/2023 4:00,2724.318508
3/24/2023 4:15,2724.320751
3/24/2023 4:30,2724.320759
3/24/2023 4:45,2724.322108
3/24/2023 5:00,2724.319857
3/24/2023 5:15,2724.320759
3/24/2023 5:30,2724.320759
3/24/2023 5:45,2724.322108
3/24/2023 6:00,2724.322108
3/24/2023 6:15,2724.322108
3/24/2023 6:30,2724.322108
3/24/2023 6:45,2724.320759
3/24/2023 7:00,2724.318508
3/24/2023 7:15,2724.321206
3/24/2023 7:30,2724.31941
3/24/2023 7:45,2724.317159
3/24/2023 8:00,2724.316256
3/24/2023 8:15,2724.318508
3/24/2023 8:30,2724.318508
3/24/2023 8:45,2724.319857
3/24/2023 9:00,2724.316264
3/24/2023 9:15,2724.317613
3/24/2023 9:30,2724.316264
3/24/2023 9:45,2724.314012
3/24/2023 10:00,2724.315361
3/24/2023 10:15,2724.314915
3/24/2023 10:30,2724.314012
3/24/2023 10:45,2724.312663
3/24/2023 11:00,2724.310412
3/24/2023 11:15,2724.310412
3/24/2023 11:30,2724.314012
3/24/2023 11:45,2724.313565
3/24/2023 12:00,2724.314012
3/24/2023 12:15,2724.312663
3/24/2023 12:30,2724.311761
3/24/2023 12:45,2724.311761
3/24/2023 13:00,2724.311314
3/24/2023 13:15,2724.313557
3/24/2023 13:30,2724.313557
3/24/2023 13:45,2724.313557
3/24/2023 14:00,2724.318508
3/24/2023 14:15,2724.314005
3/24/2023 14:30,2724.311761
3/24/2023 14:45,2724.314907
3/24/2023 15:00,2724.314915
3/24/2023 15:15,2724.313565
3/24/2023 15:30,2724.314915
3/24/2023 15:45,2724.316264
3/24/2023 16:00,2724.317159
3/24/2023 16:15,2724.316264
3/24/2023 16:30,2724.313565
3/24/2023 16:45,2724.316256
3/24/2023 17:00,2724.317159
3/24/2023 17:15,2724.317159
3/24/2023 17:30,2724.314907
3/24/2023 17:45,2724.316264
3/24/2023 18:00,2724.31446
3/24/2023 18:15,2724.317159
3/24/2023 18:30,2724.318508
3/24/2023 18:45,2724.315809
3/24/2023 19:00,2724.317159
3/24/2023 19:15,2724.317159
3/24/2023 19:30,2724.317159
3/24/2023 19:45,2724.315809
3/24/2023 20:00,2724.318053
3/24/2023 20:15,2724.319857
3/24/2023 20:30,2724.319402
3/24/2023 20:45,2724.318053
3/24/2023 21:00,2724.317159
3/24/2023 21:15,2724.317159
3/24/2023 21:30,2724.319857
3/24/2023 21:45,2724.318508
3/24/2023 22:00,2724.317159
3/24/2023 22:15,2724.317159
3/24/2023 22:30,2724.317159
3/24/2023 22:45,2724.318508
3/24/2023 23:00,2724.315809
3/24/2023 23:15,2724.319857
3/24/2023 23:30,2724.316256
3/24/2023 23:45,2724.31941
3/25/2023 0:00,2724.317159
3/25/2023 0:15,2724.318508
3/25/2023 0:30,2724.318508
3/25/2023 0:45,2724.318508
3/25/2023 1:00,2724.318508
3/25/2023 1:15,2724.318508
3/25/2023 1:30,2724.318508
3/25/2023 1:45,2724.318508
3/25/2023 2:00,2724.317159
3/25/2023 2:15,2724.318508
3/25/2023 2:30,2724.315809
3/25/2023 2:45,2724.315809
3/25/2023 3:00,2724.318508
3/25/2023 3:15,2724.319857
3/25/2023 3:30,2724.317605
3/25/2023 3:45,2724.318508
3/25/2023 4:00,2724.317159
3/25/2023 4:15,2724.318508
3/25/2023 4:30,2724.319857
3/25/2023 4:45,2724.318508
3/25/2023 5:00,2724.320759
3/25/2023 5:15,2724.320759
3/25/2023 5:30,2724.320759
3/25/2023 5:45,2724.320759
3/25/2023 6:00,2724.321654
3/25/2023 6:15,2724.31941
3/25/2023 6:30,2724.324352
3/25/2023 6:45,2724.322108
3/25/2023 7:00,2724.324359
3/25/2023 7:15,2724.329302
3/25/2023 7:30,2724.334252
3/25/2023 7:45,2724.339195
3/25/2023 8:00,2724.341446
3/25/2023 8:15,2724.347745
3/25/2023 8:30,2724.350436
3/25/2023 8:45,2724.352688
3/25/2023 9:00,2724.354939
3/25/2023 9:15,2724.357638
3/25/2023 9:30,2724.357638
3/25/2023 9:45,2724.357638
3/25/2023 10:00,2724.356736
3/25/2023 10:15,2724.310412
3/25/2023 10:30,2724.309062
3/25/2023 10:45,2724.309062
3/25/2023 11:00,2724.31311
3/25/2023 11:15,2724.312663
3/25/2023 11:30,2724.316256
3/25/2023 11:45,2724.313565
3/25/2023 12:00,2724.317613
3/25/2023 12:15,2724.314915
3/25/2023 12:30,2724.311314
3/25/2023 12:45,2724.310412
3/25/2023 13:00,2724.311761
3/25/2023 13:15,2724.311761
3/25/2023 13:30,2724.309062
3/25/2023 13:45,2724.310412
3/25/2023 14:00,2724.309062
3/25/2023 14:15,2724.310412
3/25/2023 14:30,2724.311761
3/25/2023 14:45,2724.316256
3/25/2023 15:00,2724.314907
3/25/2023 15:15,2724.314907
3/25/2023 15:30,2724.313557
3/25/2023 15:45,2724.314907
3/25/2023 16:00,2724.314907
3/25/2023 16:15,2724.309965
3/25/2023 16:30,2724.314907
3/25/2023 16:45,2724.314907
3/25/2023 17:00,2724.314907
3/25/2023 17:15,2724.315809
3/25/2023 17:30,2724.317159
3/25/2023 17:45,2724.315809
3/25/2023 18:00,2724.317159
3/25/2023 18:15,2724.315809
3/25/2023 18:30,2724.315809
3/25/2023 18:45,2724.317159
3/25/2023 19:00,2724.318508
3/25/2023 19:15,2724.317159
3/25/2023 19:30,2724.317159
3/25/2023 19:45,2724.317159
3/25/2023 20:00,2724.319857
3/25/2023 20:15,2724.318508
3/25/2023 20:30,2724.31941
3/25/2023 20:45,2724.31806
3/25/2023 21:00,2724.317159
3/25/2023 21:15,2724.318508
3/25/2023 21:30,2724.317159
3/25/2023 21:45,2724.317159
3/25/2023 22:00,2724.317159
3/25/2023 22:15,2724.318508
3/25/2023 22:30,2724.317605
3/25/2023 22:45,2724.318508
3/25/2023 23:00,2724.318508
3/25/2023 23:15,2724.317159
3/25/2023 23:30,2724.31806
3/25/2023 23:45,2724.316256
3/26/2023 0:00,2724.318508
3/26/2023 0:15,2724.318508
3/26/2023 0:30,2724.317159
3/26/2023 0:45,2724.317605
3/26/2023 1:00,2724.316256
3/26/2023 1:15,2724.319857
3/26/2023 1:30,2724.319402
3/26/2023 1:45,2724.317159
3/26/2023 2:00,2724.319402
3/26/2023 2:15,2724.320751
3/26/2023 2:30,2724.317159
3/26/2023 2:45,2724.3221
3/26/2023 3:00,2724.319857
3/26/2023 3:15,2724.318508
3/26/2023 3:30,2724.317159
3/26/2023 3:45,2724.319402
3/26/2023 4:00,2724.320751
3/26/2023 4:15,2724.319857
3/26/2023 4:30,2724.319857
3/26/2023 4:45,2724.320751
3/26/2023 5:00,2724.319857
3/26/2023 5:15,2724.318508
3/26/2023 5:30,2724.319402
3/26/2023 5:45,2724.319402
3/26/2023 6:00,2724.319857
3/26/2023 6:15,2724.319857
3/26/2023 6:30,2724.318508
3/26/2023 6:45,2724.320751
3/26/2023 7:00,2724.321206
3/26/2023 7:15,2724.319857
3/26/2023 7:30,2724.31941
3/26/2023 7:45,2724.318508
3/26/2023 8:00,2724.318508
3/26/2023 8:15,2724.317159
3/26/2023 8:30,2724.316256
3/26/2023 8:45,2724.316256
3/26/2023 9:00,2724.318508
3/26/2023 9:15,2724.314907
3/26/2023 9:30,2724.316256
3/26/2023 9:45,2724.314012
3/26/2023 10:00,2724.314012
3/26/2023 10:15,2724.313565
3/26/2023 10:30,2724.312663
3/26/2023 10:45,2724.312663
3/26/2023 11:00,2724.312663
3/26/2023 11:15,2724.312663
3/26/2023 11:30,2724.311314
3/26/2023 11:45,2724.312663
3/26/2023 12:00,2724.312663
3/26/2023 12:15,2724.311314
3/26/2023 12:30,2724.309062
3/26/2023 12:45,2724.311761
3/26/2023 13:00,2724.310412
3/26/2023 13:15,2724.311314
3/26/2023 13:30,2724.310412
3/26/2023 13:45,2724.311314
3/26/2023 14:00,2724.310412
3/26/2023 14:15,2724.310412
3/26/2023 14:30,2724.312663
3/26/2023 14:45,2724.313565
3/26/2023 15:00,2724.312663
3/26/2023 15:15,2724.312663
3/26/2023 15:30,2724.311314
3/26/2023 15:45,2724.311314
3/26/2023 16:00,2724.315361
3/26/2023 16:15,2724.311314
3/26/2023 16:30,2724.311314
3/26/2023 16:45,2724.312663
3/26/2023 17:00,2724.311314
3/26/2023 17:15,2724.312663
3/26/2023 17:30,2724.312663
3/26/2023 17:45,2724.314012
3/26/2023 18:00,2724.316264
3/26/2023 18:15,2724.314012
3/26/2023 18:30,2724.313557
3/26/2023 18:45,2724.314907
3/26/2023 19:00,2724.316256
3/26/2023 19:15,2724.315809
3/26/2023 19:30,2724.317613
3/26/2023 19:45,2724.315361
3/26/2023 20:00,2724.314915
3/26/2023 20:15,2724.316256
3/26/2023 20:30,2724.316256
3/26/2023 20:45,2724.317159
3/26/2023 21:00,2724.315354
3/26/2023 21:15,2724.316256
3/26/2023 21:30,2724.314907
3/26/2023 21:45,2724.316256
3/26/2023 22:00,2724.319857
3/26/2023 22:15,2724.319857
3/26/2023 22:30,2724.317605
3/26/2023 22:45,2724.316256
3/26/2023 23:00,2724.317605
3/26/2023 23:15,2724.316256
3/26/2023 23:30,2724.314012
3/26/2023 23:45,2724.319857
3/27/2023 0:00,2724.316256
3/27/2023 0:15,2724.318508
3/27/2023 0:30,2724.318508
3/27/2023 0:45,2724.318963
3/27/2023 1:00,2724.316264
3/27/2023 1:15,2724.318963
3/27/2023 1:30,2724.316264
3/27/2023 1:45,2724.316264
3/27/2023 2:00,2724.314915
3/27/2023 2:15,2724.317613
3/27/2023 2:30,2724.316264
3/27/2023 2:45,2724.315361
3/27/2023 3:00,2724.316256
3/27/2023 3:15,2724.316256
3/27/2023 3:30,2724.317605
3/27/2023 3:45,2724.316256
3/27/2023 4:00,2724.316264
3/27/2023 4:15,2724.317613
3/27/2023 4:30,2724.313565
3/27/2023 4:45,2724.315361
3/27/2023 5:00,2724.316264
3/27/2023 5:15,2724.317613
3/27/2023 5:30,2724.319857
3/27/2023 5:45,2724.316256
3/27/2023 6:00,2724.317605
3/27/2023 6:15,2724.318053
3/27/2023 6:30,2724.315354
3/27/2023 6:45,2724.315354
3/27/2023 7:00,2724.315361
3/27/2023 7:15,2724.316711
3/27/2023 7:30,2724.315361
3/27/2023 7:45,2724.314012
3/27/2023 8:00,2724.31446
3/27/2023 8:15,2724.31311
3/27/2023 8:30,2724.312216
3/27/2023 8:45,2724.315354
3/27/2023 9:00,2724.315809
3/27/2023 9:15,2724.31446
3/27/2023 9:30,2724.314012
3/27/2023 9:45,2724.310412
3/27/2023 10:00,2724.311761
3/27/2023 10:15,2724.308615
3/27/2023 10:30,2724.30951
3/27/2023 10:45,2724.305917
3/27/2023 11:00,2724.307266
3/27/2023 11:15,2724.308615
3/27/2023 11:30,2724.31311
3/27/2023 11:45,2724.313565
3/27/2023 12:00,2724.312216
3/27/2023 12:15,2724.313565
3/27/2023 12:30,2724.309965
3/27/2023 12:45,2724.309062
3/27/2023 13:00,2724.307713
3/27/2023 13:15,2724.309957
3/27/2023 13:30,2724.307258
3/27/2023 13:45,2724.307258
3/27/2023 14:00,2724.307713
3/27/2023 14:15,2724.307713
3/27/2023 14:30,2724.309062
3/27/2023 14:45,2724.312656
3/27/2023 15:00,2724.313557
3/27/2023 15:15,2724.313557
3/27/2023 15:30,2724.313557
3/27/2023 15:45,2724.31446
3/27/2023 16:00,2724.311306
3/27/2023 16:15,2724.307713
3/27/2023 16:30,2724.309062
3/27/2023 16:45,2724.308615
3/27/2023 17:00,2724.307713
3/27/2023 17:15,2724.308161
3/27/2023 17:30,2724.312216
3/27/2023 17:45,2724.312663
3/27/2023 18:00,2724.314012
3/27/2023 18:15,2724.314907
3/27/2023 18:30,2724.315354
3/27/2023 18:45,2724.315354
3/27/2023 19:00,2724.316711
3/27/2023 19:15,2724.315361
3/27/2023 19:30,2724.315361
3/27/2023 19:45,2724.31806
3/27/2023 20:00,2724.317613
3/27/2023 20:15,2724.31806
3/27/2023 20:30,2724.316711
3/27/2023 20:45,2724.31806
3/27/2023 21:00,2724.318053
3/27/2023 21:15,2724.318053
3/27/2023 21:30,2724.320751
3/27/2023 21:45,2724.31941
3/27/2023 22:00,2724.319402
3/27/2023 22:15,2724.318053
3/27/2023 22:30,2724.31813
3/27/2023 22:45,2724.318207
3/27/2023 23:00,2724.318284
3/27/2023 23:15,2724.318361
3/27/2023 23:30,2724.318438
3/27/2023 23:45,2724.318515
3/28/2023 0:00,2724.318592
3/28/2023 0:15,2724.31867
3/28/2023 0:30,2724.318747
3/28/2023 0:45,2724.318824
3/28/2023 1:00,2724.318901
3/28/2023 1:15,2724.318978
3/28/2023 1:30,2724.319055
3/28/2023 1:45,2724.319132
3/28/2023 2:00,2724.31921
3/28/2023 2:15,2724.319287
3/28/2023 2:30,2724.319364
3/28/2023 2:45,2724.319441
3/28/2023 3:00,2724.319518
3/28/2023 3:15,2724.319595
3/28/2023 3:30,2724.319672
3/28/2023 3:45,2724.319749
3/28/2023 4:00,2724.319827
3/28/2023 4:15,2724.319904
3/28/2023 4:30,2724.319981
3/28/2023 4:45,2724.320058
3/28/2023 5:00,2724.320135
3/28/2023 5:15,2724.320212
3/28/2023 5:30,2724.320289
3/28/2023 5:45,2724.320366
3/28/2023 6:00,2724.320444
3/28/2023 6:15,2724.320521
3/28/2023 6:30,2724.320598
3/28/2023 6:45,2724.320675
3/28/2023 7:00,2724.320752
3/28/2023 7:15,2724.320829
3/28/2023 7:30,2724.320906
3/28/2023 7:45,2724.320984
3/28/2023 8:00,2724.321061
3/28/2023 8:15,2724.321138
3/28/2023 8:30,2724.321215
3/28/2023 8:45,2724.321292
3/28/2023 9:00,2724.321215
3/28/2023 9:15,2724.321138
3/28/2023 9:30,2724.321061
3/28/2023 9:45,2724.320984
3/28/2023 10:00,2724.320906
3/28/2023 10:15,2724.320829
3/28/2023 10:30,2724.320752
3/28/2023 10:45,2724.320675
3/28/2023 11:00,2724.320598
3/28/2023 11:15,2724.320521
3/28/2023 11:30,2724.320444
3/28/2023 11:45,2724.320366
3/28/2023 12:00,2724.320289
3/28/2023 12:15,2724.320212
3/28/2023 12:30,2724.320135
3/28/2023 12:45,2724.320058
3/28/2023 13:00,2724.319981
3/28/2023 13:15,2724.319904
3/28/2023 13:30,2724.319827
3/28/2023 13:45,2724.319749
3/28/2023 14:00,2724.319672
3/28/2023 14:15,2724.319595
3/28/2023 14:30,2724.319518
3/28/2023 14:45,2724.319441
3/28/2023 15:00,2724.319364
3/28/2023 15:15,2724.305917
3/28/2023 15:30,2724.309062
3/28/2023 15:45,2724.310412
3/28/2023 16:00,2724.308161
3/28/2023 16:15,2724.306811
3/28/2023 16:30,2724.306811
3/28/2023 16:45,2724.310859
3/28/2023 17:00,2724.309062
3/28/2023 17:15,2724.309062
3/28/2023 17:30,2724.309062
3/28/2023 17:45,2724.309517
3/28/2023 18:00,2724.311761
3/28/2023 18:15,2724.308168
3/28/2023 18:30,2724.309062
3/28/2023 18:45,2724.309062
3/28/2023 19:00,2724.310412
3/28/2023 19:15,2724.310412
3/28/2023 19:30,2724.311761
3/28/2023 19:45,2724.312663
3/28/2023 20:00,2724.312656
3/28/2023 20:15,2724.311314
3/28/2023 20:30,2724.311761
3/28/2023 20:45,2724.311761
3/28/2023 21:00,2724.311761
3/28/2023 21:15,2724.309062
3/28/2023 21:30,2724.309062
3/28/2023 21:45,2724.309957
3/28/2023 22:00,2724.311761
3/28/2023 22:15,2724.309957
3/28/2023 22:30,2724.311761
3/28/2023 22:45,2724.311761
3/28/2023 23:00,2724.312663
3/28/2023 23:15,2724.311761
3/28/2023 23:30,2724.311761
3/28/2023 23:45,2724.310412
3/29/2023 0:00,2724.311314
3/29/2023 0:15,2724.310412
3/29/2023 0:30,2724.311314
3/29/2023 0:45,2724.311314
3/29/2023 1:00,2724.312216
3/29/2023 1:15,2724.311314
3/29/2023 1:30,2724.309965
3/29/2023 1:45,2724.311314
3/29/2023 2:00,2724.309965
3/29/2023 2:15,2724.311314
3/29/2023 2:30,2724.310859
3/29/2023 2:45,2724.309957
3/29/2023 3:00,2724.309957
3/29/2023 3:15,2724.310859
3/29/2023 3:30,2724.310859
3/29/2023 3:45,2724.313557
3/29/2023 4:00,2724.31311
3/29/2023 4:15,2724.310866
3/29/2023 4:30,2724.312216
3/29/2023 4:45,2724.313565
3/29/2023 5:00,2724.313565
3/29/2023 5:15,2724.313565
3/29/2023 5:30,2724.314915
3/29/2023 5:45,2724.313565
3/29/2023 6:00,2724.312216
3/29/2023 6:15,2724.312216
3/29/2023 6:30,2724.31446
3/29/2023 6:45,2724.313565
3/29/2023 7:00,2724.315809
3/29/2023 7:15,2724.312216
3/29/2023 7:30,2724.312208
3/29/2023 7:45,2724.312216
3/29/2023 8:00,2724.312208
3/29/2023 8:15,2724.310859
3/29/2023 8:30,2724.310859
3/29/2023 8:45,2724.30951
3/29/2023 9:00,2724.310859
3/29/2023 9:15,2724.310859
3/29/2023 9:30,2724.308607
3/29/2023 9:45,2724.307713
3/29/2023 10:00,2724.306364
3/29/2023 10:15,2724.305015
3/29/2023 10:30,2724.303666
3/29/2023 10:45,2724.305015
3/29/2023 11:00,2724.306364
3/29/2023 11:15,2724.306364
3/29/2023 11:30,2724.306364
3/29/2023 11:45,2724.307258
3/29/2023 12:00,2724.308607
3/29/2023 12:15,2724.306364
3/29/2023 12:30,2724.30547
3/29/2023 12:45,2724.307713
3/29/2023 13:00,2724.307713
3/29/2023 13:15,2724.306364
3/29/2023 13:30,2724.305462
3/29/2023 13:45,2724.307713
3/29/2023 14:00,2724.307713
3/29/2023 14:15,2724.305015
3/29/2023 14:30,2724.305015
3/29/2023 14:45,2724.306364
3/29/2023 15:00,2724.307258
3/29/2023 15:15,2724.307258
3/29/2023 15:30,2724.308607
3/29/2023 15:45,2724.308161
3/29/2023 16:00,2724.306364
3/29/2023 16:15,2724.307266
3/29/2023 16:30,2724.309965
3/29/2023 16:45,2724.308168
3/29/2023 17:00,2724.308168
3/29/2023 17:15,2724.306819
3/29/2023 17:30,2724.308168
3/29/2023 17:45,2724.311761
3/29/2023 18:00,2724.30951
3/29/2023 18:15,2724.311761
3/29/2023 18:30,2724.30951
3/29/2023 18:45,2724.310859
3/29/2023 19:00,2724.311761
3/29/2023 19:15,2724.312663
3/29/2023 19:30,2724.312663
3/29/2023 19:45,2724.312663
3/29/2023 20:00,2724.312663
3/29/2023 20:15,2724.31311
3/29/2023 20:30,2724.31311
3/29/2023 20:45,2724.311761
3/29/2023 21:00,2724.310412
3/29/2023 21:15,2724.311761
3/29/2023 21:30,2724.311761
3/29/2023 21:45,2724.311761
3/29/2023 22:00,2724.311761
3/29/2023 22:15,2724.311761
3/29/2023 22:30,2724.311761
3/29/2023 22:45,2724.309062
3/29/2023 23:00,2724.310412
3/29/2023 23:15,2724.311306
3/29/2023 23:30,2724.310412
3/29/2023 23:45,2724.311761
3/30/2023 0:00,2724.311761
3/30/2023 0:15,2724.311761
3/30/2023 0:30,2724.311761
3/30/2023 0:45,2724.309062
3/30/2023 1:00,2724.310412
3/30/2023 1:15,2724.310412
3/30/2023 1:30,2724.310412
3/30/2023 1:45,2724.310412
3/30/2023 2:00,2724.309062
3/30/2023 2:15,2724.310412
3/30/2023 2:30,2724.308161
3/30/2023 2:45,2724.311761
3/30/2023 3:00,2724.311306
3/30/2023 3:15,2724.307713
3/30/2023 3:30,2724.309965
3/30/2023 3:45,2724.309062
3/30/2023 4:00,2724.309062
3/30/2023 4:15,2724.308615
3/30/2023 4:30,2724.309062
3/30/2023 4:45,2724.308607
3/30/2023 5:00,2724.309957
3/30/2023 5:15,2724.309957
3/30/2023 5:30,2724.311306
3/30/2023 5:45,2724.309062
3/30/2023 6:00,2724.310412
3/30/2023 6:15,2724.311314
3/30/2023 6:30,2724.309965
3/30/2023 6:45,2724.309965
3/30/2023 7:00,2724.309965
3/30/2023 7:15,2724.307713
3/30/2023 7:30,2724.307713
3/30/2023 7:45,2724.309965
3/30/2023 8:00,2724.310412
3/30/2023 8:15,2724.309062
3/30/2023 8:30,2724.307713
3/30/2023 8:45,2724.307713
3/30/2023 9:00,2724.309062
3/30/2023 9:15,2724.311314
3/30/2023 9:30,2724.307713
3/30/2023 9:45,2724.306364
3/30/2023 10:00,2724.306364
3/30/2023 10:15,2724.306364
3/30/2023 10:30,2724.305462
3/30/2023 10:45,2724.306811
3/30/2023 11:00,2724.306811
3/30/2023 11:15,2724.305462
3/30/2023 11:30,2724.307713
3/30/2023 11:45,2724.309062
3/30/2023 12:00,2724.309062
3/30/2023 12:15,2724.307258
3/30/2023 12:30,2724.306819
3/30/2023 12:45,2724.307713
3/30/2023 13:00,2724.306364
3/30/2023 13:15,2724.306811
3/30/2023 13:30,2724.307713
3/30/2023 13:45,2724.307713
3/30/2023 14:00,2724.309062
3/30/2023 14:15,2724.307713
3/30/2023 14:30,2724.307713
3/30/2023 14:45,2724.308615
3/30/2023 15:00,2724.307266
3/30/2023 15:15,2724.309517
3/30/2023 15:30,2724.308615
3/30/2023 15:45,2724.312216
3/30/2023 16:00,2724.309965
3/30/2023 16:15,2724.308615
3/30/2023 16:30,2724.309517
3/30/2023 16:45,2724.308615
3/30/2023 17:00,2724.308615
3/30/2023 17:15,2724.309965
3/30/2023 17:30,2724.308607
3/30/2023 17:45,2724.312208
3/30/2023 18:00,2724.31311
3/30/2023 18:15,2724.312208
3/30/2023 18:30,2724.312208
3/30/2023 18:45,2724.313557
3/30/2023 19:00,2724.313557
3/30/2023 19:15,2724.31446
3/30/2023 19:30,2724.314907
3/30/2023 19:45,2724.315809
3/30/2023 20:00,2724.314907
3/30/2023 20:15,2724.31446
3/30/2023 20:30,2724.314915
3/30/2023 20:45,2724.315809
3/30/2023 21:00,2724.315809
3/30/2023 21:15,2724.315809
3/30/2023 21:30,2724.316711
3/30/2023 21:45,2724.316711
3/30/2023 22:00,2724.313557
3/30/2023 22:15,2724.315809
3/30/2023 22:30,2724.31446
3/30/2023 22:45,2724.31446
3/30/2023 23:00,2724.315809
3/30/2023 23:15,2724.316711
3/30/2023 23:30,2724.317159
3/30/2023 23:45,2724.315809
3/31/2023 0:00,2724.317159
3/31/2023 0:15,2724.317159
3/31/2023 0:30,2724.317159
3/31/2023 0:45,2724.314907
3/31/2023 1:00,2724.316711
3/31/2023 1:15,2724.315809
3/31/2023 1:30,2724.315809
3/31/2023 1:45,2724.317159
3/31/2023 2:00,2724.314915
3/31/2023 2:15,2724.317159
3/31/2023 2:30,2724.317159
3/31/2023 2:45,2724.318508
3/31/2023 3:00,2724.317159
3/31/2023 3:15,2724.317159
3/31/2023 3:30,2724.316704
3/31/2023 3:45,2724.318508
3/31/2023 4:00,2724.315809
3/31/2023 4:15,2724.315809
3/31/2023 4:30,2724.316704
3/31/2023 4:45,2724.317159
3/31/2023 5:00,2724.317159
3/31/2023 5:15,2724.315809
3/31/2023 5:30,2724.317159
3/31/2023 5:45,2724.317159
3/31/2023 6:00,2724.315809
3/31/2023 6:15,2724.317159
3/31/2023 6:30,2724.317159
3/31/2023 6:45,2724.31446
3/31/2023 7:00,2724.319857
3/31/2023 7:15,2724.315809
3/31/2023 7:30,2724.314907
3/31/2023 7:45,2724.314012
3/31/2023 8:00,2724.313557
3/31/2023 8:15,2724.314907
3/31/2023 8:30,2724.314005
3/31/2023 8:45,2724.314012
3/31/2023 9:00,2724.311761
3/31/2023 9:15,2724.314012
3/31/2023 9:30,2724.314005
3/31/2023 9:45,2724.314005
3/31/2023 10:00,2724.311761
3/31/2023 10:15,2724.308161
3/31/2023 10:30,2724.311761
3/31/2023 10:45,2724.309517
3/31/2023 11:00,2724.309517
3/31/2023 11:15,2724.308615
3/31/2023 11:30,2724.31311
3/31/2023 11:45,2724.31311
3/31/2023 12:00,2724.31311
3/31/2023 12:15,2724.309517
3/31/2023 12:30,2724.30951
3/31/2023 12:45,2724.309965
3/31/2023 13:00,2724.30951
3/31/2023 13:15,2724.30951
3/31/2023 13:30,2724.309957
3/31/2023 13:45,2724.308607
3/31/2023 14:00,2724.309957
3/31/2023 14:15,2724.309957
3/31/2023 14:30,2724.308607
3/31/2023 14:45,2724.310412
3/31/2023 15:00,2724.311761
3/31/2023 15:15,2724.31311
3/31/2023 15:30,2724.31446
3/31/2023 15:45,2724.313557
3/31/2023 16:00,2724.310859
3/31/2023 16:15,2724.30951
3/31/2023 16:30,2724.307713
3/31/2023 16:45,2724.307713
3/31/2023 17:00,2724.308615
3/31/2023 17:15,2724.310866
3/31/2023 17:30,2724.31446
3/31/2023 17:45,2724.309965
3/31/2023 18:00,2724.309965
3/31/2023 18:15,2724.312208
3/31/2023 18:30,2724.316256
3/31/2023 18:45,2724.312208
3/31/2023 19:00,2724.312656
3/31/2023 19:15,2724.312208
3/31/2023 19:30,2724.314907
3/31/2023 19:45,2724.312663
3/31/2023 20:00,2724.314915
3/31/2023 20:15,2724.313565
3/31/2023 20:30,2724.314012
3/31/2023 20:45,2724.314012
3/31/2023 21:00,2724.315361
3/31/2023 21:15,2724.312656
3/31/2023 21:30,2724.318053
3/31/2023 21:45,2724.316704
3/31/2023 22:00,2724.315354
3/31/2023 22:15,2724.314012
3/31/2023 22:30,2724.314012
3/31/2023 22:45,2724.314012
3/31/2023 23:00,2724.314012
3/31/2023 23:15,2724.31311
3/31/2023 23:30,2724.31311
3/31/2023 23:45,2724.314012
4/1/2023 0:00,2724.31311
4/1/2023 0:15,2724.31446
4/1/2023 0:30,2724.31446
4/1/2023 0:45,2724.31446
4/1/2023 1:00,2724.31446
4/1/2023 1:15,2724.315809
4/1/2023 1:30,2724.31311
4/1/2023 1:45,2724.31446
4/1/2023 2:00,2724.315809
4/1/2023 2:15,2724.316711
4/1/2023 2:30,2724.315361
4/1/2023 2:45,2724.315361
4/1/2023 3:00,2724.31311
4/1/2023 3:15,2724.31446
4/1/2023 3:30,2724.315361
4/1/2023 3:45,2724.316711
4/1/2023 4:00,2724.318955
4/1/2023 4:15,2724.317605
4/1/2023 4:30,2724.317605
4/1/2023 4:45,2724.316711
4/1/2023 5:00,2724.316711
4/1/2023 5:15,2724.31806
4/1/2023 5:30,2724.316711
4/1/2023 5:45,2724.31806
4/1/2023 6:00,2724.316711
4/1/2023 6:15,2724.31806
4/1/2023 6:30,2724.317605
4/1/2023 6:45,2724.317605
4/1/2023 7:00,2724.316711
4/1/2023 7:15,2724.31806
4/1/2023 7:30,2724.316711
4/1/2023 7:45,2724.315361
4/1/2023 8:00,2724.31446
4/1/2023 8:15,2724.315809
4/1/2023 8:30,2724.31446
4/1/2023 8:45,2724.31311
4/1/2023 9:00,2724.311761
4/1/2023 9:15,2724.313565
4/1/2023 9:30,2724.311761
4/1/2023 9:45,2724.308161
4/1/2023 10:00,2724.307258
4/1/2023 10:15,2724.305909
4/1/2023 10:30,2724.307258
4/1/2023 10:45,2724.307258
4/1/2023 11:00,2724.309957
4/1/2023 11:15,2724.308161
4/1/2023 11:30,2724.308161
4/1/2023 11:45,2724.307266
4/1/2023 12:00,2724.307266
4/1/2023 12:15,2724.308615
4/1/2023 12:30,2724.308615
4/1/2023 12:45,2724.307266
4/1/2023 13:00,2724.308615
4/1/2023 13:15,2724.307266
4/1/2023 13:30,2724.308615
4/1/2023 13:45,2724.308161
4/1/2023 14:00,2724.308161
4/1/2023 14:15,2724.308161
4/1/2023 14:30,2724.308607
4/1/2023 14:45,2724.308161
4/1/2023 15:00,2724.306811
4/1/2023 15:15,2724.30951
4/1/2023 15:30,2724.308161
4/1/2023 15:45,2724.306811
4/1/2023 16:00,2724.308161
4/1/2023 16:15,2724.308168
4/1/2023 16:30,2724.308168
4/1/2023 16:45,2724.306819
4/1/2023 17:00,2724.309517
4/1/2023 17:15,2724.309062
4/1/2023 17:30,2724.309062
4/1/2023 17:45,2724.309062
4/1/2023 18:00,2724.310412
4/1/2023 18:15,2724.309965
4/1/2023 18:30,2724.311314
4/1/2023 18:45,2724.309965
4/1/2023 19:00,2724.314012
4/1/2023 19:15,2724.313565
4/1/2023 19:30,2724.313565
4/1/2023 19:45,2724.313565
4/1/2023 20:00,2724.312216
4/1/2023 20:15,2724.312663
4/1/2023 20:30,2724.314012
4/1/2023 20:45,2724.315361
4/1/2023 21:00,2724.312663
4/1/2023 21:15,2724.314012
4/1/2023 21:30,2724.314907
4/1/2023 21:45,2724.314012
4/1/2023 22:00,2724.313557
4/1/2023 22:15,2724.313557
4/1/2023 22:30,2724.314012
4/1/2023 22:45,2724.314907
4/1/2023 23:00,2724.316256
4/1/2023 23:15,2724.314012
4/1/2023 23:30,2724.314915
4/1/2023 23:45,2724.313565
4/2/2023 0:00,2724.314915
4/2/2023 0:15,2724.314012
4/2/2023 0:30,2724.314915
4/2/2023 0:45,2724.312663
4/2/2023 1:00,2724.313557
4/2/2023 1:15,2724.313557
4/2/2023 1:30,2724.311306
4/2/2023 1:45,2724.313557
4/2/2023 2:00,2724.313557
4/2/2023 2:15,2724.313565
4/2/2023 2:30,2724.313565
4/2/2023 2:45,2724.310866
4/2/2023 3:00,2724.310859
4/2/2023 3:15,2724.312208
4/2/2023 3:30,2724.310859
4/2/2023 3:45,2724.313557
4/2/2023 4:00,2724.312208
4/2/2023 4:15,2724.312208
4/2/2023 4:30,2724.310859
4/2/2023 4:45,2724.310412
4/2/2023 5:00,2724.311761
4/2/2023 5:15,2724.312208
4/2/2023 5:30,2724.31311
4/2/2023 5:45,2724.31311
4/2/2023 6:00,2724.310859
4/2/2023 6:15,2724.31311
4/2/2023 6:30,2724.312208
4/2/2023 6:45,2724.310859
4/2/2023 7:00,2724.311761
4/2/2023 7:15,2724.310412
4/2/2023 7:30,2724.310412
4/2/2023 7:45,2724.30951
4/2/2023 8:00,2724.310859
4/2/2023 8:15,2724.311761
4/2/2023 8:30,2724.310859
4/2/2023 8:45,2724.30951
4/2/2023 9:00,2724.310859
4/2/2023 9:15,2724.310859
4/2/2023 9:30,2724.30951
4/2/2023 9:45,2724.308615
4/2/2023 10:00,2724.308615
4/2/2023 10:15,2724.307266
4/2/2023 10:30,2724.307266
4/2/2023 10:45,2724.307713
4/2/2023 11:00,2724.307266
4/2/2023 11:15,2724.306364
4/2/2023 11:30,2724.306364
4/2/2023 11:45,2724.308615
4/2/2023 12:00,2724.308615
4/2/2023 12:15,2724.309965
4/2/2023 12:30,2724.309517
4/2/2023 12:45,2724.307266
4/2/2023 13:00,2724.307266
4/2/2023 13:15,2724.308615
4/2/2023 13:30,2724.30951
4/2/2023 13:45,2724.307258
4/2/2023 14:00,2724.309957
4/2/2023 14:15,2724.306364
4/2/2023 14:30,2724.30951
4/2/2023 14:45,2724.309965
4/2/2023 15:00,2724.311761
4/2/2023 15:15,2724.309517
4/2/2023 15:30,2724.307266
4/2/2023 15:45,2724.309517
4/2/2023 16:00,2724.310412
4/2/2023 16:15,2724.309517
4/2/2023 16:30,2724.30951
4/2/2023 16:45,2724.309965
4/2/2023 17:00,2724.310859
4/2/2023 17:15,2724.310859
4/2/2023 17:30,2724.310859
4/2/2023 17:45,2724.312208
4/2/2023 18:00,2724.310859
4/2/2023 18:15,2724.310412
4/2/2023 18:30,2724.311761
4/2/2023 18:45,2724.314012
4/2/2023 19:00,2724.31311
4/2/2023 19:15,2724.31446
4/2/2023 19:30,2724.312663
4/2/2023 19:45,2724.314012
4/2/2023 20:00,2724.315354
4/2/2023 20:15,2724.316256
4/2/2023 20:30,2724.315361
4/2/2023 20:45,2724.31311
4/2/2023 21:00,2724.315354
4/2/2023 21:15,2724.315354
4/2/2023 21:30,2724.31311
4/2/2023 21:45,2724.31446
4/2/2023 22:00,2724.315361
4/2/2023 22:15,2724.312663
4/2/2023 22:30,2724.314012
4/2/2023 22:45,2724.314012
4/2/2023 23:00,2724.31806
4/2/2023 23:15,2724.315361
4/2/2023 23:30,2724.315361
4/2/2023 23:45,2724.31446
4/3/2023 0:00,2724.31446
4/3/2023 0:15,2724.315354
4/3/2023 0:30,2724.314005
4/3/2023 0:45,2724.316256
4/3/2023 1:00,2724.314907
4/3/2023 1:15,2724.315361
4/3/2023 1:30,2724.315361
4/3/2023 1:45,2724.314012
4/3/2023 2:00,2724.314012
4/3/2023 2:15,2724.314012
4/3/2023 2:30,2724.314012
4/3/2023 2:45,2724.314012
4/3/2023 3:00,2724.314012
4/3/2023 3:15,2724.314907
4/3/2023 3:30,2724.314907
4/3/2023 3:45,2724.315354
4/3/2023 4:00,2724.314005
4/3/2023 4:15,2724.314005
4/3/2023 4:30,2724.316256
4/3/2023 4:45,2724.314907
4/3/2023 5:00,2724.314907
4/3/2023 5:15,2724.314012
4/3/2023 5:30,2724.316264
4/3/2023 5:45,2724.314915
4/3/2023 6:00,2724.313565
4/3/2023 6:15,2724.313565
4/3/2023 6:30,2724.314915
4/3/2023 6:45,2724.316264
4/3/2023 7:00,2724.315361
4/3/2023 7:15,2724.315361
4/3/2023 7:30,2724.314907
4/3/2023 7:45,2724.314012
4/3/2023 8:00,2724.314012
4/3/2023 8:15,2724.314907
4/3/2023 8:30,2724.315361
4/3/2023 8:45,2724.316256
4/3/2023 9:00,2724.314012
4/3/2023 9:15,2724.315361
4/3/2023 9:30,2724.311314
4/3/2023 9:45,2724.314012
4/3/2023 10:00,2724.31311
4/3/2023 10:15,2724.311761
4/3/2023 10:30,2724.311761
4/3/2023 10:45,2724.314012
4/3/2023 11:00,2724.31311
4/3/2023 11:15,2724.311761
4/3/2023 11:30,2724.312663
4/3/2023 11:45,2724.311314
4/3/2023 12:00,2724.311314
4/3/2023 12:15,2724.312663
4/3/2023 12:30,2724.311761
4/3/2023 12:45,2724.311761
4/3/2023 13:00,2724.312656
4/3/2023 13:15,2724.311761
4/3/2023 13:30,2724.314012
4/3/2023 13:45,2724.315361
4/3/2023 14:00,2724.313557
4/3/2023 14:15,2724.314005
4/3/2023 14:30,2724.313557
4/3/2023 14:45,2724.313557
4/3/2023 15:00,2724.317159
4/3/2023 15:15,2724.313557
4/3/2023 15:30,2724.315809
4/3/2023 15:45,2724.31446
4/3/2023 16:00,2724.315809
4/3/2023 16:15,2724.318508
4/3/2023 16:30,2724.313557
4/3/2023 16:45,2724.318508
4/3/2023 17:00,2724.317159
4/3/2023 17:15,2724.315809
4/3/2023 17:30,2724.318053
4/3/2023 17:45,2724.318053
4/3/2023 18:00,2724.318508
4/3/2023 18:15,2724.31806
4/3/2023 18:30,2724.31941
4/3/2023 18:45,2724.31806
4/3/2023 19:00,2724.31806
4/3/2023 19:15,2724.320759
4/3/2023 19:30,2724.320312
4/3/2023 19:45,2724.32301
4/3/2023 20:00,2724.321661
4/3/2023 20:15,2724.32301
4/3/2023 20:30,2724.321661
4/3/2023 20:45,2724.321661
4/3/2023 21:00,2724.321654
4/3/2023 21:15,2724.31941
4/3/2023 21:30,2724.320304
4/3/2023 21:45,2724.323003
4/3/2023 22:00,2724.323003
4/3/2023 22:15,2724.318955
4/3/2023 22:30,2724.321654
4/3/2023 22:45,2724.321654
4/3/2023 23:00,2724.324352
4/3/2023 23:15,2724.321654
4/3/2023 23:30,2724.322555
4/3/2023 23:45,2724.320312
4/4/2023 0:00,2724.321661
4/4/2023 0:15,2724.323905
4/4/2023 0:30,2724.320304
4/4/2023 0:45,2724.321654
4/4/2023 1:00,2724.323003
4/4/2023 1:15,2724.318955
4/4/2023 1:30,2724.321654
4/4/2023 1:45,2724.321206
4/4/2023 2:00,2724.322555
4/4/2023 2:15,2724.322555
4/4/2023 2:30,2724.322555
4/4/2023 2:45,2724.323458
4/4/2023 3:00,2724.322555
4/4/2023 3:15,2724.323458
4/4/2023 3:30,2724.322108
4/4/2023 3:45,2724.322108
4/4/2023 4:00,2724.323458
4/4/2023 4:15,2724.322108
4/4/2023 4:30,2724.321206
4/4/2023 4:45,2724.321206
4/4/2023 5:00,2724.324352
4/4/2023 5:15,2724.322555
4/4/2023 5:30,2724.326157
4/4/2023 5:45,2724.323458
4/4/2023 6:00,2724.324807
4/4/2023 6:15,2724.324807
4/4/2023 6:30,2724.324807
4/4/2023 6:45,2724.327058
4/4/2023 7:00,2724.324807
4/4/2023 7:15,2724.329302
4/4/2023 7:30,2724.324807
4/4/2023 7:45,2724.324807
4/4/2023 8:00,2724.323458
4/4/2023 8:15,2724.323458
4/4/2023 8:30,2724.325709
4/4/2023 8:45,2724.327058
4/4/2023 9:00,2724.324807
4/4/2023 9:15,2724.325709
4/4/2023 9:30,2724.321206
4/4/2023 9:45,2724.324807
4/4/2023 10:00,2724.322108
4/4/2023 10:15,2724.317605
4/4/2023 10:30,2724.319857
4/4/2023 10:45,2724.319857
4/4/2023 11:00,2724.322555
4/4/2023 11:15,2724.32345
4/4/2023 11:30,2724.326149
4/4/2023 11:45,2724.322555
4/4/2023 12:00,2724.3221
4/4/2023 12:15,2724.324799
4/4/2023 12:30,2724.321661
4/4/2023 12:45,2724.32345
4/4/2023 13:00,2724.321206
4/4/2023 13:15,2724.320304
4/4/2023 13:30,2724.320304
4/4/2023 13:45,2724.323905
4/4/2023 14:00,2724.318955
4/4/2023 14:15,2724.322555
4/4/2023 14:30,2724.322555
4/4/2023 14:45,2724.321206
4/4/2023 15:00,2724.324807
4/4/2023 15:15,2724.324807
4/4/2023 15:30,2724.323905
4/4/2023 15:45,2724.322108
4/4/2023 16:00,2724.323905
4/4/2023 16:15,2724.326149
4/4/2023 16:30,2724.324799
4/4/2023 16:45,2724.323905
4/4/2023 17:00,2724.323905
4/4/2023 17:15,2724.323905
4/4/2023 17:30,2724.327506
4/4/2023 17:45,2724.325254
4/4/2023 18:00,2724.324807
4/4/2023 18:15,2724.327506
4/4/2023 18:30,2724.326603
4/4/2023 18:45,2724.326603
4/4/2023 19:00,2724.326603
4/4/2023 19:15,2724.326603
4/4/2023 19:30,2724.327506
4/4/2023 19:45,2724.326603
4/4/2023 20:00,2724.328855
4/4/2023 20:15,2724.327506
4/4/2023 20:30,2724.327506
4/4/2023 20:45,2724.327506
4/4/2023 21:00,2724.326603
4/4/2023 21:15,2724.328848
4/4/2023 21:30,2724.326603
4/4/2023 21:45,2724.327953
4/4/2023 22:00,2724.329302
4/4/2023 22:15,2724.329302
4/4/2023 22:30,2724.328855
4/4/2023 22:45,2724.328855
4/4/2023 23:00,2724.329302
4/4/2023 23:15,2724.330204
4/4/2023 23:30,2724.330197
4/4/2023 23:45,2724.328848
4/5/2023 0:00,2724.329302
4/5/2023 0:15,2724.330652
4/5/2023 0:30,2724.330652
4/5/2023 0:45,2724.330204
4/5/2023 1:00,2724.330204
4/5/2023 1:15,2724.330204
4/5/2023 1:30,2724.330652
4/5/2023 1:45,2724.329302
4/5/2023 2:00,2724.330204
4/5/2023 2:15,2724.329302
4/5/2023 2:30,2724.329302
4/5/2023 2:45,2724.329302
4/5/2023 3:00,2724.329302
4/5/2023 3:15,2724.329302
4/5/2023 3:30,2724.329302
4/5/2023 3:45,2724.330652
4/5/2023 4:00,2724.327953
4/5/2023 4:15,2724.327953
4/5/2023 4:30,2724.329302
4/5/2023 4:45,2724.329302
4/5/2023 5:00,2724.329302
4/5/2023 5:15,2724.329302
4/5/2023 5:30,2724.329302
4/5/2023 5:45,2724.3284
4/5/2023 6:00,2724.329302
4/5/2023 6:15,2724.329302
4/5/2023 6:30,2724.330652
4/5/2023 6:45,2724.330652
4/5/2023 7:00,2724.330652
4/5/2023 7:15,2724.330652
4/5/2023 7:30,2724.3284
4/5/2023 7:45,2724.3284
4/5/2023 8:00,2724.3284
4/5/2023 8:15,2724.327051
4/5/2023 8:30,2724.3284
4/5/2023 8:45,2724.327058
4/5/2023 9:00,2724.326157
4/5/2023 9:15,2724.326157
4/5/2023 9:30,2724.327058
4/5/2023 9:45,2724.324807
4/5/2023 10:00,2724.320312
4/5/2023 10:15,2724.321661
4/5/2023 10:30,2724.320759
4/5/2023 10:45,2724.320304
4/5/2023 11:00,2724.318955
4/5/2023 11:15,2724.318955
4/5/2023 11:30,2724.320304
4/5/2023 11:45,2724.320312
4/5/2023 12:00,2724.321654
4/5/2023 12:15,2724.322555
4/5/2023 12:30,2724.318955
4/5/2023 12:45,2724.31941
4/5/2023 13:00,2724.31941
4/5/2023 13:15,2724.318955
4/5/2023 13:30,2724.31941
4/5/2023 13:45,2724.31806
4/5/2023 14:00,2724.318955
4/5/2023 14:15,2724.320751
4/5/2023 14:30,2724.321654
4/5/2023 14:45,2724.323003
4/5/2023 15:00,2724.325254
4/5/2023 15:15,2724.324807
4/5/2023 15:30,2724.323003
4/5/2023 15:45,2724.323003
4/5/2023 16:00,2724.321654
4/5/2023 16:15,2724.320304
4/5/2023 16:30,2724.321654
4/5/2023 16:45,2724.320751
4/5/2023 17:00,2724.320751
4/5/2023 17:15,2724.322555
4/5/2023 17:30,2724.323003
4/5/2023 17:45,2724.322555
4/5/2023 18:00,2724.323905
4/5/2023 18:15,2724.322555
4/5/2023 18:30,2724.326603
4/5/2023 18:45,2724.325254
4/5/2023 19:00,2724.325254
4/5/2023 19:15,2724.323905
4/5/2023 19:30,2724.327953
4/5/2023 19:45,2724.325254
4/5/2023 20:00,2724.327498
4/5/2023 20:15,2724.326603
4/5/2023 20:30,2724.327953
4/5/2023 20:45,2724.326603
4/5/2023 21:00,2724.326603
4/5/2023 21:15,2724.328855
4/5/2023 21:30,2724.326603
4/5/2023 21:45,2724.3284
4/5/2023 22:00,2724.329302
4/5/2023 22:15,2724.327953
4/5/2023 22:30,2724.327058
4/5/2023 22:45,2724.329757
4/5/2023 23:00,2724.328408
4/5/2023 23:15,2724.328408
4/5/2023 23:30,2724.329757
4/5/2023 23:45,2724.329302
4/6/2023 0:00,2724.328408
4/6/2023 0:15,2724.327953
4/6/2023 0:30,2724.329757
4/6/2023 0:45,2724.3284
4/6/2023 1:00,2724.327953
4/6/2023 1:15,2724.327051
4/6/2023 1:30,2724.327953
4/6/2023 1:45,2724.329749
4/6/2023 2:00,2724.329749
4/6/2023 2:15,2724.329749
4/6/2023 2:30,2724.330652
4/6/2023 2:45,2724.329302
4/6/2023 3:00,2724.329302
4/6/2023 3:15,2724.327953
4/6/2023 3:30,2724.327051
4/6/2023 3:45,2724.329302
4/6/2023 4:00,2724.330652
4/6/2023 4:15,2724.329749
4/6/2023 4:30,2724.3284
4/6/2023 4:45,2724.327051
4/6/2023 5:00,2724.3284
4/6/2023 5:15,2724.329749
4/6/2023 5:30,2724.329749
4/6/2023 5:45,2724.329749
4/6/2023 6:00,2724.329749
4/6/2023 6:15,2724.329749
4/6/2023 6:30,2724.329749
4/6/2023 6:45,2724.329749
4/6/2023 7:00,2724.328855
4/6/2023 7:15,2724.328408
4/6/2023 7:30,2724.327506
4/6/2023 7:45,2724.328855
4/6/2023 8:00,2724.327506
4/6/2023 8:15,2724.328848
4/6/2023 8:30,2724.327953
4/6/2023 8:45,2724.326149
4/6/2023 9:00,2724.326603
4/6/2023 9:15,2724.323905
4/6/2023 9:30,2724.323003
4/6/2023 9:45,2724.320304
4/6/2023 10:00,2724.318508
4/6/2023 10:15,2724.318508
4/6/2023 10:30,2724.318508
4/6/2023 10:45,2724.31941
4/6/2023 11:00,2724.318508
4/6/2023 11:15,2724.31941
4/6/2023 11:30,2724.318508
4/6/2023 11:45,2724.318508
4/6/2023 12:00,2724.320759
4/6/2023 12:15,2724.320759
4/6/2023 12:30,2724.318508
4/6/2023 12:45,2724.319857
4/6/2023 13:00,2724.318508
4/6/2023 13:15,2724.318508
4/6/2023 13:30,2724.317159
4/6/2023 13:45,2724.318508
4/6/2023 14:00,2724.319857
4/6/2023 14:15,2724.318508
4/6/2023 14:30,2724.321206
4/6/2023 14:45,2724.321654
4/6/2023 15:00,2724.320751
4/6/2023 15:15,2724.319402
4/6/2023 15:30,2724.318053
4/6/2023 15:45,2724.317159
4/6/2023 16:00,2724.319402
4/6/2023 16:15,2724.319402
4/6/2023 16:30,2724.320751
4/6/2023 16:45,2724.320751
4/6/2023 17:00,2724.320751
4/6/2023 17:15,2724.319402
4/6/2023 17:30,2724.320751
4/6/2023 17:45,2724.320751
4/6/2023 18:00,2724.3221
4/6/2023 18:15,2724.3221
4/6/2023 18:30,2724.3221
4/6/2023 18:45,2724.320751
4/6/2023 19:00,2724.323003
4/6/2023 19:15,2724.324352
4/6/2023 19:30,2724.324352
4/6/2023 19:45,2724.324352
4/6/2023 20:00,2724.323003
4/6/2023 20:15,2724.324352
4/6/2023 20:30,2724.323458
4/6/2023 20:45,2724.323458
4/6/2023 21:00,2724.323458
4/6/2023 21:15,2724.324352
4/6/2023 21:30,2724.325702
4/6/2023 21:45,2724.323905
4/6/2023 22:00,2724.323905
4/6/2023 22:15,2724.323458
4/6/2023 22:30,2724.324807
4/6/2023 22:45,2724.323905
4/6/2023 23:00,2724.324807
4/6/2023 23:15,2724.324807
4/6/2023 23:30,2724.326157
4/6/2023 23:45,2724.324807
4/7/2023 0:00,2724.323458
4/7/2023 0:15,2724.324807
4/7/2023 0:30,2724.324807
4/7/2023 0:45,2724.326157
4/7/2023 1:00,2724.323458
4/7/2023 1:15,2724.327506
4/7/2023 1:30,2724.326157
4/7/2023 1:45,2724.324807
4/7/2023 2:00,2724.326157
4/7/2023 2:15,2724.326149
4/7/2023 2:30,2724.324799
4/7/2023 2:45,2724.325702
4/7/2023 3:00,2724.327051
4/7/2023 3:15,2724.324352
4/7/2023 3:30,2724.327051
4/7/2023 3:45,2724.324807
4/7/2023 4:00,2724.327953
4/7/2023 4:15,2724.324807
4/7/2023 4:30,2724.324807
4/7/2023 4:45,2724.324807
4/7/2023 5:00,2724.324807
4/7/2023 5:15,2724.325709
4/7/2023 5:30,2724.324807
4/7/2023 5:45,2724.326157
4/7/2023 6:00,2724.327058
4/7/2023 6:15,2724.327051
4/7/2023 6:30,2724.327953
4/7/2023 6:45,2724.324807
4/7/2023 7:00,2724.323458
4/7/2023 7:15,2724.3284
4/7/2023 7:30,2724.32345
4/7/2023 7:45,2724.32345
4/7/2023 8:00,2724.32345
4/7/2023 8:15,2724.323905
4/7/2023 8:30,2724.323905
4/7/2023 8:45,2724.322555
4/7/2023 9:00,2724.322555
4/7/2023 9:15,2724.321654
4/7/2023 9:30,2724.321206
4/7/2023 9:45,2724.320304
4/7/2023 10:00,2724.318955
4/7/2023 10:15,2724.319402
4/7/2023 10:30,2724.318053
4/7/2023 10:45,2724.318053
4/7/2023 11:00,2724.318955
4/7/2023 11:15,2724.320304
4/7/2023 11:30,2724.318955
4/7/2023 11:45,2724.317605
4/7/2023 12:00,2724.320304
4/7/2023 12:15,2724.318955
4/7/2023 12:30,2724.318963
4/7/2023 12:45,2724.317613
4/7/2023 13:00,2724.318963
4/7/2023 13:15,2724.318963
4/7/2023 13:30,2724.318508
4/7/2023 13:45,2724.319857
4/7/2023 14:00,2724.318508
4/7/2023 14:15,2724.318508
4/7/2023 14:30,2724.318508
4/7/2023 14:45,2724.319857
4/7/2023 15:00,2724.323458
4/7/2023 15:15,2724.322108
4/7/2023 15:30,2724.321206
4/7/2023 15:45,2724.3221
4/7/2023 16:00,2724.320751
4/7/2023 16:15,2724.32345
4/7/2023 16:30,2724.3221
4/7/2023 16:45,2724.324352
4/7/2023 17:00,2724.324352
4/7/2023 17:15,2724.323003
4/7/2023 17:30,2724.323003
4/7/2023 17:45,2724.323003
4/7/2023 18:00,2724.323003
4/7/2023 18:15,2724.323003
4/7/2023 18:30,2724.325254
4/7/2023 18:45,2724.325702
4/7/2023 19:00,2724.325702
4/7/2023 19:15,2724.325702
4/7/2023 19:30,2724.324352
4/7/2023 19:45,2724.327051
4/7/2023 20:00,2724.327051
4/7/2023 20:15,2724.327051
4/7/2023 20:30,2724.327953
4/7/2023 20:45,2724.325254
4/7/2023 21:00,2724.326603
4/7/2023 21:15,2724.327051
4/7/2023 21:30,2724.3284
4/7/2023 21:45,2724.327953
4/7/2023 22:00,2724.326603
4/7/2023 22:15,2724.326603
4/7/2023 22:30,2724.327953
4/7/2023 22:45,2724.327953
4/7/2023 23:00,2724.327953
4/7/2023 23:15,2724.330652
4/7/2023 23:30,2724.327953
4/7/2023 23:45,2724.329302
4/8/2023 0:00,2724.327953
4/8/2023 0:15,2724.329302
4/8/2023 0:30,2724.327953
4/8/2023 0:45,2724.326603
4/8/2023 1:00,2724.327953
4/8/2023 1:15,2724.329302
4/8/2023 1:30,2724.327051
4/8/2023 1:45,2724.325702
4/8/2023 2:00,2724.3284
4/8/2023 2:15,2724.327953
4/8/2023 2:30,2724.325702
4/8/2023 2:45,2724.326603
4/8/2023 3:00,2724.326603
4/8/2023 3:15,2724.325254
4/8/2023 3:30,2724.327953
4/8/2023 3:45,2724.328855
4/8/2023 4:00,2724.327953
4/8/2023 4:15,2724.329302
4/8/2023 4:30,2724.327953
4/8/2023 4:45,2724.327051
4/8/2023 5:00,2724.325702
4/8/2023 5:15,2724.327506
4/8/2023 5:30,2724.327051
4/8/2023 5:45,2724.328855
4/8/2023 6:00,2724.327953
4/8/2023 6:15,2724.327953
4/8/2023 6:30,2724.326603
4/8/2023 6:45,2724.326603
4/8/2023 7:00,2724.326603
4/8/2023 7:15,2724.326603
4/8/2023 7:30,2724.325702
4/8/2023 7:45,2724.329302
4/8/2023 8:00,2724.327051
4/8/2023 8:15,2724.325702
4/8/2023 8:30,2724.326603
4/8/2023 8:45,2724.324359
4/8/2023 9:00,2724.324359
4/8/2023 9:15,2724.324359
4/8/2023 9:30,2724.323458
4/8/2023 9:45,2724.322108
4/8/2023 10:00,2724.322108
4/8/2023 10:15,2724.320759
4/8/2023 10:30,2724.321206
4/8/2023 10:45,2724.321206
4/8/2023 11:00,2724.322555
4/8/2023 11:15,2724.3221
4/8/2023 11:30,2724.322555
4/8/2023 11:45,2724.322555
4/8/2023 12:00,2724.321206
4/8/2023 12:15,2724.322108
4/8/2023 12:30,2724.322108
4/8/2023 12:45,2724.324807
4/8/2023 13:00,2724.323458
4/8/2023 13:15,2724.323458
4/8/2023 13:30,2724.323458
4/8/2023 13:45,2724.324807
4/8/2023 14:00,2724.322108
4/8/2023 14:15,2724.324807
4/8/2023 14:30,2724.323458
4/8/2023 14:45,2724.324352
4/8/2023 15:00,2724.327051
4/8/2023 15:15,2724.32345
4/8/2023 15:30,2724.325702
4/8/2023 15:45,2724.324352
4/8/2023 16:00,2724.327051
4/8/2023 16:15,2724.327051
4/8/2023 16:30,2724.3284
4/8/2023 16:45,2724.327051
4/8/2023 17:00,2724.327953
4/8/2023 17:15,2724.327953
4/8/2023 17:30,2724.329302
4/8/2023 17:45,2724.330652
4/8/2023 18:00,2724.330652
4/8/2023 18:15,2724.327051
4/8/2023 18:30,2724.3284
4/8/2023 18:45,2724.330652
4/8/2023 19:00,2724.330652
4/8/2023 19:15,2724.330652
4/8/2023 19:30,2724.332001
4/8/2023 19:45,2724.332903
4/8/2023 20:00,2724.332001
4/8/2023 20:15,2724.333351
4/8/2023 20:30,2724.332895
4/8/2023 20:45,2724.332895
4/8/2023 21:00,2724.332895
4/8/2023 21:15,2724.332895
4/8/2023 21:30,2724.332895
4/8/2023 21:45,2724.333351
4/8/2023 22:00,2724.333351
4/8/2023 22:15,2724.333351
4/8/2023 22:30,2724.334252
4/8/2023 22:45,2724.332903
4/8/2023 23:00,2724.332001
4/8/2023 23:15,2724.332001
4/8/2023 23:30,2724.333351
4/8/2023 23:45,2724.332903
4/9/2023 0:00,2724.332001
4/9/2023 0:15,2724.333351
4/9/2023 0:30,2724.333351
4/9/2023 0:45,2724.332001
4/9/2023 1:00,2724.333351
4/9/2023 1:15,2724.332001
4/9/2023 1:30,2724.333351
4/9/2023 1:45,2724.3347
4/9/2023 2:00,2724.3347
4/9/2023 2:15,2724.3347
4/9/2023 2:30,2724.332001
4/9/2023 2:45,2724.333351
4/9/2023 3:00,2724.333351
4/9/2023 3:15,2724.333351
4/9/2023 3:30,2724.333351
4/9/2023 3:45,2724.336049
4/9/2023 4:00,2724.335602
4/9/2023 4:15,2724.335602
4/9/2023 4:30,2724.3347
4/9/2023 4:45,2724.333351
4/9/2023 5:00,2724.3347
4/9/2023 5:15,2724.3347
4/9/2023 5:30,2724.333351
4/9/2023 5:45,2724.333797
4/9/2023 6:00,2724.333351
4/9/2023 6:15,2724.332456
4/9/2023 6:30,2724.3347
4/9/2023 6:45,2724.333805
4/9/2023 7:00,2724.333805
4/9/2023 7:15,2724.333797
4/9/2023 7:30,2724.333797
4/9/2023 7:45,2724.333797
4/9/2023 8:00,2724.332895
4/9/2023 8:15,2724.334244
4/9/2023 8:30,2724.331546
4/9/2023 8:45,2724.332448
4/9/2023 9:00,2724.332903
4/9/2023 9:15,2724.331553
4/9/2023 9:30,2724.332903
4/9/2023 9:45,2724.332001
4/9/2023 10:00,2724.329302
4/9/2023 10:15,2724.330204
4/9/2023 10:30,2724.329749
4/9/2023 10:45,2724.330652
4/9/2023 11:00,2724.330652
4/9/2023 11:15,2724.330652
4/9/2023 11:30,2724.330652
4/9/2023 11:45,2724.330652
4/9/2023 12:00,2724.333351
4/9/2023 12:15,2724.329302
4/9/2023 12:30,2724.3284
4/9/2023 12:45,2724.329749
4/9/2023 13:00,2724.329749
4/9/2023 13:15,2724.331553
4/9/2023 13:30,2724.332001
4/9/2023 13:45,2724.330652
4/9/2023 14:00,2724.332001
4/9/2023 14:15,2724.333351
4/9/2023 14:30,2724.332001
4/9/2023 14:45,2724.332903
4/9/2023 15:00,2724.332903
4/9/2023 15:15,2724.332903
4/9/2023 15:30,2724.332903
4/9/2023 15:45,2724.331553
4/9/2023 16:00,2724.334252
4/9/2023 16:15,2724.332903
4/9/2023 16:30,2724.332903
4/9/2023 16:45,2724.335602
4/9/2023 17:00,2724.335602
4/9/2023 17:15,2724.332903
4/9/2023 17:30,2724.335155
4/9/2023 17:45,2724.333351
4/9/2023 18:00,2724.335155
4/9/2023 18:15,2724.337853
4/9/2023 18:30,2724.335602
4/9/2023 18:45,2724.336951
4/9/2023 19:00,2724.3383
4/9/2023 19:15,2724.336951
4/9/2023 19:30,2724.337846
4/9/2023 19:45,2724.339195
4/9/2023 20:00,2724.339195
4/9/2023 20:15,2724.339642
4/9/2023 20:30,2724.336943
4/9/2023 20:45,2724.3383
4/9/2023 21:00,2724.3383
4/9/2023 21:15,2724.340551
4/9/2023 21:30,2724.3383
4/9/2023 21:45,2724.340551
4/9/2023 22:00,2724.33965
4/9/2023 22:15,2724.340999
4/9/2023 22:30,2724.33965
4/9/2023 22:45,2724.33965
4/9/2023 23:00,2724.33965
4/9/2023 23:15,2724.33965
4/9/2023 23:30,2724.340097
4/9/2023 23:45,2724.340999
4/10/2023 0:00,2724.341893
4/10/2023 0:15,2724.341446
4/10/2023 0:30,2724.340097
4/10/2023 0:45,2724.341446
4/10/2023 1:00,2724.339642
4/10/2023 1:15,2724.340991
4/10/2023 1:30,2724.340991
4/10/2023 1:45,2724.342341
4/10/2023 2:00,2724.340097
4/10/2023 2:15,2724.342341
4/10/2023 2:30,2724.340097
4/10/2023 2:45,2724.340991
4/10/2023 3:00,2724.33965
4/10/2023 3:15,2724.340999
4/10/2023 3:30,2724.33965
4/10/2023 3:45,2724.338747
4/10/2023 4:00,2724.340097
4/10/2023 4:15,2724.340999
4/10/2023 4:30,2724.340097
4/10/2023 4:45,2724.340991
4/10/2023 5:00,2724.340544
4/10/2023 5:15,2724.339642
4/10/2023 5:30,2724.339642
4/10/2023 5:45,2724.340097
4/10/2023 6:00,2724.340991
4/10/2023 6:15,2724.341446
4/10/2023 6:30,2724.342349
4/10/2023 6:45,2724.340999
4/10/2023 7:00,2724.341446
4/10/2023 7:15,2724.341446
4/10/2023 7:30,2724.339195
4/10/2023 7:45,2724.338747
4/10/2023 8:00,2724.339195
4/10/2023 8:15,2724.336496
4/10/2023 8:30,2724.336951
4/10/2023 8:45,2724.337853
4/10/2023 9:00,2724.337853
4/10/2023 9:15,2724.339202
4/10/2023 9:30,2724.336951
4/10/2023 9:45,2724.336951
4/10/2023 10:00,2724.334252
4/10/2023 10:15,2724.335602
4/10/2023 10:30,2724.335602
4/10/2023 10:45,2724.3347
4/10/2023 11:00,2724.335602
4/10/2023 11:15,2724.335602
4/10/2023 11:30,2724.335602
4/10/2023 11:45,2724.335594
4/10/2023 12:00,2724.335594
4/10/2023 12:15,2724.336496
4/10/2023 12:30,2724.334252
4/10/2023 12:45,2724.335602
4/10/2023 13:00,2724.336504
4/10/2023 13:15,2724.336504
4/10/2023 13:30,2724.336504
4/10/2023 13:45,2724.335602
4/10/2023 14:00,2724.333797
4/10/2023 14:15,2724.333797
4/10/2023 14:30,2724.336496
4/10/2023 14:45,2724.336496
4/10/2023 15:00,2724.337846
4/10/2023 15:15,2724.337398
4/10/2023 15:30,2724.336496
4/10/2023 15:45,2724.335147
4/10/2023 16:00,2724.335147
4/10/2023 16:15,2724.336049
4/10/2023 16:30,2724.3347
4/10/2023 16:45,2724.336049
4/10/2023 17:00,2724.336049
4/10/2023 17:15,2724.336049
4/10/2023 17:30,2724.336049
4/10/2023 17:45,2724.336504
4/10/2023 18:00,2724.336504
4/10/2023 18:15,2724.337398
4/10/2023 18:30,2724.336504
4/10/2023 18:45,2724.337398
4/10/2023 19:00,2724.338292
4/10/2023 19:15,2724.338292
4/10/2023 19:30,2724.337398
4/10/2023 19:45,2724.338747
4/10/2023 20:00,2724.338747
4/10/2023 20:15,2724.337398
4/10/2023 20:30,2724.336496
4/10/2023 20:45,2724.339195
4/10/2023 21:00,2724.338747
4/10/2023 21:15,2724.338747
4/10/2023 21:30,2724.340097
4/10/2023 21:45,2724.338747
4/10/2023 22:00,2724.337398
4/10/2023 22:15,2724.336496
4/10/2023 22:30,2724.338747
4/10/2023 22:45,2724.340097
4/10/2023 23:00,2724.338747
4/10/2023 23:15,2724.339195
4/10/2023 23:30,2724.337846
4/10/2023 23:45,2724.337846
4/11/2023 0:00,2724.337846
4/11/2023 0:15,2724.338747
4/11/2023 0:30,2724.338747
4/11/2023 0:45,2724.338747
4/11/2023 1:00,2724.340097
4/11/2023 1:15,2724.337398
4/11/2023 1:30,2724.337398
4/11/2023 1:45,2724.338747
4/11/2023 2:00,2724.338747
4/11/2023 2:15,2724.338292
4/11/2023 2:30,2724.339642
4/11/2023 2:45,2724.337398
4/11/2023 3:00,2724.340097
4/11/2023 3:15,2724.3383
4/11/2023 3:30,2724.33965
4/11/2023 3:45,2724.3383
4/11/2023 4:00,2724.339202
4/11/2023 4:15,2724.33965
4/11/2023 4:30,2724.33965
4/11/2023 4:45,2724.3383
4/11/2023 5:00,2724.3383
4/11/2023 5:15,2724.33965
4/11/2023 5:30,2724.3383
4/11/2023 5:45,2724.336951
4/11/2023 6:00,2724.3383
4/11/2023 6:15,2724.337398
4/11/2023 6:30,2724.336951
4/11/2023 6:45,2724.339202
4/11/2023 7:00,2724.339202
4/11/2023 7:15,2724.3383
4/11/2023 7:30,2724.336049
4/11/2023 7:45,2724.3383
4/11/2023 8:00,2724.3383
4/11/2023 8:15,2724.3383
4/11/2023 8:30,2724.336049
4/11/2023 8:45,2724.336049
4/11/2023 9:00,2724.337398
4/11/2023 9:15,2724.336049
4/11/2023 9:30,2724.336951
4/11/2023 9:45,2724.336049
4/11/2023 10:00,2724.335147
4/11/2023 10:15,2724.333797
4/11/2023 10:30,2724.332448
4/11/2023 10:45,2724.332448
4/11/2023 11:00,2724.3347
4/11/2023 11:15,2724.333797
4/11/2023 11:30,2724.333797
4/11/2023 11:45,2724.3347
4/11/2023 12:00,2724.336049
4/11/2023 12:15,2724.3347
4/11/2023 12:30,2724.333351
4/11/2023 12:45,2724.3347
4/11/2023 13:00,2724.3347
4/11/2023 13:15,2724.334244
4/11/2023 13:30,2724.334244
4/11/2023 13:45,2724.334244
4/11/2023 14:00,2724.335594
4/11/2023 14:15,2724.336496
4/11/2023 14:30,2724.335594
4/11/2023 14:45,2724.336951
4/11/2023 15:00,2724.336951
4/11/2023 15:15,2724.335602
4/11/2023 15:30,2724.336504
4/11/2023 15:45,2724.337853
4/11/2023 16:00,2724.336951
4/11/2023 16:15,2724.337846
4/11/2023 16:30,2724.336496
4/11/2023 16:45,2724.336496
4/11/2023 17:00,2724.338747
4/11/2023 17:15,2724.337398
4/11/2023 17:30,2724.336496
4/11/2023 17:45,2724.336496
4/11/2023 18:00,2724.338747
4/11/2023 18:15,2724.337846
4/11/2023 18:30,2724.337846
4/11/2023 18:45,2724.340097
4/11/2023 19:00,2724.340097
4/11/2023 19:15,2724.337398
4/11/2023 19:30,2724.340097
4/11/2023 19:45,2724.342349
4/11/2023 20:00,2724.338747
4/11/2023 20:15,2724.33965
4/11/2023 20:30,2724.340999
4/11/2023 20:45,2724.342795
4/11/2023 21:00,2724.338747
4/11/2023 21:15,2724.340097
4/11/2023 21:30,2724.340999
4/11/2023 21:45,2724.340097
4/11/2023 22:00,2724.341446
4/11/2023 22:15,2724.341446
4/11/2023 22:30,2724.340097
4/11/2023 22:45,2724.337398
4/11/2023 23:00,2724.338747
4/11/2023 23:15,2724.340097
4/11/2023 23:30,2724.338747
4/11/2023 23:45,2724.337846
4/12/2023 0:00,2724.338747
4/12/2023 0:15,2724.338747
4/12/2023 0:30,2724.337398
4/12/2023 0:45,2724.337398
4/12/2023 1:00,2724.337398
4/12/2023 1:15,2724.338747
4/12/2023 1:30,2724.338292
4/12/2023 1:45,2724.338292
4/12/2023 2:00,2724.33965
4/12/2023 2:15,2724.3383
4/12/2023 2:30,2724.3383
4/12/2023 2:45,2724.337398
4/12/2023 3:00,2724.340551
4/12/2023 3:15,2724.33965
4/12/2023 3:30,2724.33965
4/12/2023 3:45,2724.33965
4/12/2023 4:00,2724.33965
4/12/2023 4:15,2724.3383
4/12/2023 4:30,2724.341893
4/12/2023 4:45,2724.339195
4/12/2023 5:00,2724.340544
4/12/2023 5:15,2724.341446
4/12/2023 5:30,2724.341893
4/12/2023 5:45,2724.342795
4/12/2023 6:00,2724.342795
4/12/2023 6:15,2724.342795
4/12/2023 6:30,2724.340544
4/12/2023 6:45,2724.341893
4/12/2023 7:00,2724.341446
4/12/2023 7:15,2724.344145
4/12/2023 7:30,2724.341893
4/12/2023 7:45,2724.341893
4/12/2023 8:00,2724.341893
4/12/2023 8:15,2724.341893
4/12/2023 8:30,2724.340544
4/12/2023 8:45,2724.341893
4/12/2023 9:00,2724.339195
4/12/2023 9:15,2724.340544
4/12/2023 9:30,2724.340999
4/12/2023 9:45,2724.3383
4/12/2023 10:00,2724.33965
4/12/2023 10:15,2724.339195
4/12/2023 10:30,2724.340544
4/12/2023 10:45,2724.33965
4/12/2023 11:00,2724.337398
4/12/2023 11:15,2724.339642
4/12/2023 11:30,2724.339642
4/12/2023 11:45,2724.339642
4/12/2023 12:00,2724.339195
4/12/2023 12:15,2724.339202
4/12/2023 12:30,2724.336951
4/12/2023 12:45,2724.337853
4/12/2023 13:00,2724.337853
4/12/2023 13:15,2724.336951
4/12/2023 13:30,2724.340544
4/12/2023 13:45,2724.341446
4/12/2023 14:00,2724.342349
4/12/2023 14:15,2724.341446
4/12/2023 14:30,2724.342349
4/12/2023 14:45,2724.344592
4/12/2023 15:00,2724.345039
4/12/2023 15:15,2724.344592
4/12/2023 15:30,2724.345941
4/12/2023 15:45,2724.3446
4/12/2023 16:00,2724.3446
4/12/2023 16:15,2724.345949
4/12/2023 16:30,2724.348648
4/12/2023 16:45,2724.345494
4/12/2023 17:00,2724.345494
4/12/2023 17:15,2724.349542
4/12/2023 17:30,2724.349095
4/12/2023 17:45,2724.348193
4/12/2023 18:00,2724.348193
4/12/2023 18:15,2724.349542
4/12/2023 18:30,2724.349542
4/12/2023 18:45,2724.340551
4/12/2023 19:00,2724.349095
4/12/2023 19:15,2724.344145
4/12/2023 19:30,2724.344145
4/12/2023 19:45,2724.351793
4/12/2023 20:00,2724.350444
4/12/2023 20:15,2724.348193
4/12/2023 20:30,2724.345494
4/12/2023 20:45,2724.344145
4/12/2023 21:00,2724.346844
4/12/2023 21:15,2724.348193
4/12/2023 21:30,2724.346844
4/12/2023 21:45,2724.348193
4/12/2023 22:00,2724.348193
4/12/2023 22:15,2724.345949
4/12/2023 22:30,2724.345949
4/12/2023 22:45,2724.349997
4/12/2023 23:00,2724.349095
4/12/2023 23:15,2724.346844
4/12/2023 23:30,2724.346844
4/12/2023 23:45,2724.347745
4/13/2023 0:00,2724.346389
4/13/2023 0:15,2724.347738
4/13/2023 0:30,2724.345039
4/13/2023 0:45,2724.347738
4/13/2023 1:00,2724.345039
4/13/2023 1:15,2724.345039
4/13/2023 1:30,2724.345047
4/13/2023 1:45,2724.34864
4/13/2023 2:00,2724.345047
4/13/2023 2:15,2724.3446
4/13/2023 2:30,2724.3446
4/13/2023 2:45,2724.342349
4/13/2023 3:00,2724.343698
4/13/2023 3:15,2724.344592
4/13/2023 3:30,2724.34369
4/13/2023 3:45,2724.34369
4/13/2023 4:00,2724.344592
4/13/2023 4:15,2724.343242
4/13/2023 4:30,2724.344592
4/13/2023 4:45,2724.344592
4/13/2023 5:00,2724.343242
4/13/2023 5:15,2724.345941
4/13/2023 5:30,2724.343242
4/13/2023 5:45,2724.345941
4/13/2023 6:00,2724.344592
4/13/2023 6:15,2724.344592
4/13/2023 6:30,2724.343698
4/13/2023 6:45,2724.344592
4/13/2023 7:00,2724.345941
4/13/2023 7:15,2724.345941
4/13/2023 7:30,2724.341893
4/13/2023 7:45,2724.343242
4/13/2023 8:00,2724.345941
4/13/2023 8:15,2724.34369
4/13/2023 8:30,2724.34369
4/13/2023 8:45,2724.346389
4/13/2023 9:00,2724.345039
4/13/2023 9:15,2724.344592
4/13/2023 9:30,2724.347298
4/13/2023 9:45,2724.347298
4/13/2023 10:00,2724.34729
4/13/2023 10:15,2724.345039
4/13/2023 10:30,2724.351339
4/13/2023 10:45,2724.345039
4/13/2023 11:00,2724.343242
4/13/2023 11:15,2724.344592
4/13/2023 11:30,2724.342349
4/13/2023 11:45,2724.342349
4/13/2023 12:00,2724.342349
4/13/2023 12:15,2724.340999
4/13/2023 12:30,2724.343698
4/13/2023 12:45,2724.343242
4/13/2023 13:00,2724.344592
4/13/2023 13:15,2724.348193
4/13/2023 13:30,2724.349542
4/13/2023 13:45,2724.354492
4/13/2023 14:00,2724.354492
4/13/2023 14:15,2724.354492
4/13/2023 14:30,2724.350891
4/13/2023 14:45,2724.350444
4/13/2023 15:00,2724.349087
4/13/2023 15:15,2724.349542
4/13/2023 15:30,2724.348193
4/13/2023 15:45,2724.344592
4/13/2023 16:00,2724.345494
4/13/2023 16:15,2724.345494
4/13/2023 16:30,2724.345941
4/13/2023 16:45,2724.345941
4/13/2023 17:00,2724.343242
4/13/2023 17:15,2724.343242
4/13/2023 17:30,2724.340544
4/13/2023 17:45,2724.340544
4/13/2023 18:00,2724.340551
4/13/2023 18:15,2724.342795
4/13/2023 18:30,2724.341901
4/13/2023 18:45,2724.344145
4/13/2023 19:00,2724.345494
4/13/2023 19:15,2724.340544
4/13/2023 19:30,2724.343242
4/13/2023 19:45,2724.344145
4/13/2023 20:00,2724.341893
4/13/2023 20:15,2724.341893
4/13/2023 20:30,2724.344145
4/13/2023 20:45,2724.342795
4/13/2023 21:00,2724.341893
4/13/2023 21:15,2724.346844
4/13/2023 21:30,2724.345494
4/13/2023 21:45,2724.344145
4/13/2023 22:00,2724.344145
4/13/2023 22:15,2724.341893
4/13/2023 22:30,2724.343242
4/13/2023 22:45,2724.346396
4/13/2023 23:00,2724.347745
4/13/2023 23:15,2724.344145
4/13/2023 23:30,2724.344145
4/13/2023 23:45,2724.344145
4/14/2023 0:00,2724.342795
4/14/2023 0:15,2724.342795
4/14/2023 0:30,2724.346844
4/14/2023 0:45,2724.345047
4/14/2023 1:00,2724.342795
4/14/2023 1:15,2724.342795
4/14/2023 1:30,2724.344145
4/14/2023 1:45,2724.344145
4/14/2023 2:00,2724.345047
4/14/2023 2:15,2724.341893
4/14/2023 2:30,2724.342795
4/14/2023 2:45,2724.342795
4/14/2023 3:00,2724.345494
4/14/2023 3:15,2724.345494
4/14/2023 3:30,2724.345494
4/14/2023 3:45,2724.340551
4/14/2023 4:00,2724.346844
4/14/2023 4:15,2724.345494
4/14/2023 4:30,2724.347745
4/14/2023 4:45,2724.356288
4/14/2023 5:00,2724.362588
4/14/2023 5:15,2724.368432
4/14/2023 5:30,2724.36349
4/14/2023 5:45,2724.366189
4/14/2023 6:00,2724.366189
4/14/2023 6:15,2724.368432
4/14/2023 6:30,2724.37248
4/14/2023 6:45,2724.372033
4/14/2023 7:00,2724.371131
4/14/2023 7:15,2724.37248
4/14/2023 7:30,2724.36888
4/14/2023 7:45,2724.36888
4/14/2023 8:00,2724.369781
4/14/2023 8:15,2724.36888
4/14/2023 8:30,2724.36888
4/14/2023 8:45,2724.36753
4/14/2023 9:00,2724.36753
4/14/2023 9:15,2724.365286
4/14/2023 9:30,2724.365286
4/14/2023 9:45,2724.363929
4/14/2023 10:00,2724.36258
4/14/2023 10:15,2724.359434
4/14/2023 10:30,2724.352696
4/14/2023 10:45,2724.350444
4/14/2023 11:00,2724.346844
4/14/2023 11:15,2724.345494
4/14/2023 11:30,2724.345494
4/14/2023 11:45,2724.343242
4/14/2023 12:00,2724.342349
4/14/2023 12:15,2724.34325
4/14/2023 12:30,2724.3446
4/14/2023 12:45,2724.345494
4/14/2023 13:00,2724.345494
4/14/2023 13:15,2724.34325
4/14/2023 13:30,2724.34325
4/14/2023 13:45,2724.34325
4/14/2023 14:00,2724.342795
4/14/2023 14:15,2724.345494
4/14/2023 14:30,2724.344145
4/14/2023 14:45,2724.341893
4/14/2023 15:00,2724.344592
4/14/2023 15:15,2724.343242
4/14/2023 15:30,2724.348193
4/14/2023 15:45,2724.345494
4/14/2023 16:00,2724.349087
4/14/2023 16:15,2724.345494
4/14/2023 16:30,2724.346844
4/14/2023 16:45,2724.3446
4/14/2023 17:00,2724.345494
4/14/2023 17:15,2724.3446
4/14/2023 17:30,2724.355394
4/14/2023 17:45,2724.356736
4/14/2023 18:00,2724.360337
4/14/2023 18:15,2724.358093
4/14/2023 18:30,2724.356743
4/14/2023 18:45,2724.357638
4/14/2023 19:00,2724.354037
4/14/2023 19:15,2724.358085
4/14/2023 19:30,2724.360337
4/14/2023 19:45,2724.360337
4/14/2023 20:00,2724.361686
4/14/2023 20:15,2724.363035
4/14/2023 20:30,2724.366628
4/14/2023 20:45,2724.362141
4/14/2023 21:00,2724.364385
4/14/2023 21:15,2724.363035
4/14/2023 21:30,2724.363035
4/14/2023 21:45,2724.362133
4/14/2023 22:00,2724.362133
4/14/2023 22:15,2724.362133
4/14/2023 22:30,2724.362133
4/14/2023 22:45,2724.362133
4/14/2023 23:00,2724.362133
4/14/2023 23:15,2724.362133
4/14/2023 23:30,2724.363482
4/14/2023 23:45,2724.363482
4/15/2023 0:00,2724.363482
4/15/2023 0:15,2724.362133
4/15/2023 0:30,2724.363482
4/15/2023 0:45,2724.364385
4/15/2023 1:00,2724.364385
4/15/2023 1:15,2724.362588
4/15/2023 1:30,2724.361238
4/15/2023 1:45,2724.364385
4/15/2023 2:00,2724.36349
4/15/2023 2:15,2724.357191
4/15/2023 2:30,2724.354939
4/15/2023 2:45,2724.357191
4/15/2023 3:00,2724.354939
4/15/2023 3:15,2724.356288
4/15/2023 3:30,2724.358987
4/15/2023 3:45,2724.356288
4/15/2023 4:00,2724.356288
4/15/2023 4:15,2724.347738
4/15/2023 4:30,2724.349087
4/15/2023 4:45,2724.349989
4/15/2023 5:00,2724.349989
4/15/2023 5:15,2724.351339
4/15/2023 5:30,2724.349997
4/15/2023 5:45,2724.351346
4/15/2023 6:00,2724.349095
4/15/2023 6:15,2724.349095
4/15/2023 6:30,2724.347745
4/15/2023 6:45,2724.346844
4/15/2023 7:00,2724.346844
4/15/2023 7:15,2724.346844
4/15/2023 7:30,2724.344592
4/15/2023 7:45,2724.345941
4/15/2023 8:00,2724.345941
4/15/2023 8:15,2724.345941
4/15/2023 8:30,2724.344592
4/15/2023 8:45,2724.344592
4/15/2023 9:00,2724.342349
4/15/2023 9:15,2724.345047
4/15/2023 9:30,2724.345047
4/15/2023 9:45,2724.342349
4/15/2023 10:00,2724.340097
4/15/2023 10:15,2724.340097
4/15/2023 10:30,2724.342795
4/15/2023 10:45,2724.340551
4/15/2023 11:00,2724.337853
4/15/2023 11:15,2724.340544
4/15/2023 11:30,2724.340544
4/15/2023 11:45,2724.336951
4/15/2023 12:00,2724.339195
4/15/2023 12:15,2724.339195
4/15/2023 12:30,2724.340544
4/15/2023 12:45,2724.33965
4/15/2023 13:00,2724.339195
4/15/2023 13:15,2724.33965
4/15/2023 13:30,2724.337846
4/15/2023 13:45,2724.339195
4/15/2023 14:00,2724.339642
4/15/2023 14:15,2724.341893
4/15/2023 14:30,2724.340544
4/15/2023 14:45,2724.3383
4/15/2023 15:00,2724.341893
4/15/2023 15:15,2724.340999
4/15/2023 15:30,2724.341901
4/15/2023 15:45,2724.342349
4/15/2023 16:00,2724.340999
4/15/2023 16:15,2724.342349
4/15/2023 16:30,2724.340999
4/15/2023 16:45,2724.341901
4/15/2023 17:00,2724.34325
4/15/2023 17:15,2724.33965
4/15/2023 17:30,2724.338747
4/15/2023 17:45,2724.340999
4/15/2023 18:00,2724.33965
4/15/2023 18:15,2724.342349
4/15/2023 18:30,2724.340999
4/15/2023 18:45,2724.340999
4/15/2023 19:00,2724.341893
4/15/2023 19:15,2724.344592
4/15/2023 19:30,2724.343242
4/15/2023 19:45,2724.344592
4/15/2023 20:00,2724.344592
4/15/2023 20:15,2724.345941
4/15/2023 20:30,2724.346396
4/15/2023 20:45,2724.345047
4/15/2023 21:00,2724.346396
4/15/2023 21:15,2724.354939
4/15/2023 21:30,2724.351339
4/15/2023 21:45,2724.351339
4/15/2023 22:00,2724.350436
4/15/2023 22:15,2724.351339
4/15/2023 22:30,2724.349989
4/15/2023 22:45,2724.347745
4/15/2023 23:00,2724.34864
4/15/2023 23:15,2724.352688
4/15/2023 23:30,2724.351339
4/15/2023 23:45,2724.356288
4/16/2023 0:00,2724.358987
4/16/2023 0:15,2724.360337
4/16/2023 0:30,2724.361231
4/16/2023 0:45,2724.357638
4/16/2023 1:00,2724.359889
4/16/2023 1:15,2724.357638
4/16/2023 1:30,2724.358987
4/16/2023 1:45,2724.354939
4/16/2023 2:00,2724.361238
4/16/2023 2:15,2724.362588
4/16/2023 2:30,2724.362141
4/16/2023 2:45,2724.362141
4/16/2023 3:00,2724.363482
4/16/2023 3:15,2724.359889
4/16/2023 3:30,2724.361238
4/16/2023 3:45,2724.361238
4/16/2023 4:00,2724.359889
4/16/2023 4:15,2724.361238
4/16/2023 4:30,2724.36349
4/16/2023 4:45,2724.361238
4/16/2023 5:00,2724.361238
4/16/2023 5:15,2724.360791
4/16/2023 5:30,2724.362588
4/16/2023 5:45,2724.36349
4/16/2023 6:00,2724.362141
4/16/2023 6:15,2724.361238
4/16/2023 6:30,2724.362141
4/16/2023 6:45,2724.361238
4/16/2023 7:00,2724.362588
4/16/2023 7:15,2724.357191
4/16/2023 7:30,2724.357638
4/16/2023 7:45,2724.357638
4/16/2023 8:00,2724.356288
4/16/2023 8:15,2724.355394
4/16/2023 8:30,2724.356288
4/16/2023 8:45,2724.355394
4/16/2023 9:00,2724.352696
4/16/2023 9:15,2724.353143
4/16/2023 9:30,2724.351793
4/16/2023 9:45,2724.351793
4/16/2023 10:00,2724.350444
4/16/2023 10:15,2724.346844
4/16/2023 10:30,2724.349095
4/16/2023 10:45,2724.349095
4/16/2023 11:00,2724.346844
4/16/2023 11:15,2724.346844
4/16/2023 11:30,2724.348193
4/16/2023 11:45,2724.346844
4/16/2023 12:00,2724.350444
4/16/2023 12:15,2724.350444
4/16/2023 12:30,2724.349095
4/16/2023 12:45,2724.350444
4/16/2023 13:00,2724.350444
4/16/2023 13:15,2724.351339
4/16/2023 13:30,2724.352688
4/16/2023 13:45,2724.352688
4/16/2023 14:00,2724.350436
4/16/2023 14:15,2724.352688
4/16/2023 14:30,2724.351339
4/16/2023 14:45,2724.354037
4/16/2023 15:00,2724.354037
4/16/2023 15:15,2724.354939
4/16/2023 15:30,2724.35359
4/16/2023 15:45,2724.35359
4/16/2023 16:00,2724.352696
4/16/2023 16:15,2724.35359
4/16/2023 16:30,2724.354939
4/16/2023 16:45,2724.354939
4/16/2023 17:00,2724.353143
4/16/2023 17:15,2724.354492
4/16/2023 17:30,2724.353143
4/16/2023 17:45,2724.35224
4/16/2023 18:00,2724.35359
4/16/2023 18:15,2724.350891
4/16/2023 18:30,2724.35224
4/16/2023 18:45,2724.354492
4/16/2023 19:00,2724.355842
4/16/2023 19:15,2724.351793
4/16/2023 19:30,2724.354492
4/16/2023 19:45,2724.354492
4/16/2023 20:00,2724.352688
4/16/2023 20:15,2724.351785
4/16/2023 20:30,2724.352688
4/16/2023 20:45,2724.353143
4/16/2023 21:00,2724.353143
4/16/2023 21:15,2724.353143
4/16/2023 21:30,2724.353143
4/16/2023 21:45,2724.353143
4/16/2023 22:00,2724.353143
4/16/2023 22:15,2724.352688
4/16/2023 22:30,2724.352688
4/16/2023 22:45,2724.353135
4/16/2023 23:00,2724.353135
4/16/2023 23:15,2724.353135
4/16/2023 23:30,2724.351339
4/16/2023 23:45,2724.351793
4/17/2023 0:00,2724.351793
4/17/2023 0:15,2724.354037
4/17/2023 0:30,2724.352696
4/17/2023 0:45,2724.352696
4/17/2023 1:00,2724.351346
4/17/2023 1:15,2724.352696
4/17/2023 1:30,2724.351793
4/17/2023 1:45,2724.352688
4/17/2023 2:00,2724.349989
4/17/2023 2:15,2724.351339
4/17/2023 2:30,2724.35359
4/17/2023 2:45,2724.352688
4/17/2023 3:00,2724.352688
4/17/2023 3:15,2724.351339
4/17/2023 3:30,2724.351339
4/17/2023 3:45,2724.350891
4/17/2023 4:00,2724.349989
4/17/2023 4:15,2724.350891
4/17/2023 4:30,2724.350891
4/17/2023 4:45,2724.349997
4/17/2023 5:00,2724.351346
4/17/2023 5:15,2724.35224
4/17/2023 5:30,2724.35224
4/17/2023 5:45,2724.351346
4/17/2023 6:00,2724.350891
4/17/2023 6:15,2724.350891
4/17/2023 6:30,2724.350891
4/17/2023 6:45,2724.350891
4/17/2023 7:00,2724.348648
4/17/2023 7:15,2724.348648
4/17/2023 7:30,2724.350891
4/17/2023 7:45,2724.349989
4/17/2023 8:00,2724.349542
4/17/2023 8:15,2724.349989
4/17/2023 8:30,2724.351339
4/17/2023 8:45,2724.351339
4/17/2023 9:00,2724.350436
4/17/2023 9:15,2724.351785
4/17/2023 9:30,2724.347738
4/17/2023 9:45,2724.349087
4/17/2023 10:00,2724.347745
4/17/2023 10:15,2724.347745
4/17/2023 10:30,2724.347738
4/17/2023 10:45,2724.346396
4/17/2023 11:00,2724.347745
4/17/2023 11:15,2724.343698
4/17/2023 11:30,2724.343698
4/17/2023 11:45,2724.348648
4/17/2023 12:00,2724.346396
4/17/2023 12:15,2724.348648
4/17/2023 12:30,2724.344592
4/17/2023 12:45,2724.344592
4/17/2023 13:00,2724.348193
4/17/2023 13:15,2724.344592
4/17/2023 13:30,2724.343242
4/17/2023 13:45,2724.344592
4/17/2023 14:00,2724.343698
4/17/2023 14:15,2724.3446
4/17/2023 14:30,2724.348648
4/17/2023 14:45,2724.345494
4/17/2023 15:00,2724.344145
4/17/2023 15:15,2724.345494
4/17/2023 15:30,2724.346844
4/17/2023 15:45,2724.345494
4/17/2023 16:00,2724.349095
4/17/2023 16:15,2724.351346
4/17/2023 16:30,2724.351793
4/17/2023 16:45,2724.354045
4/17/2023 17:00,2724.354045
4/17/2023 17:15,2724.350444
4/17/2023 17:30,2724.353143
4/17/2023 17:45,2724.353143
4/17/2023 18:00,2724.352688
4/17/2023 18:15,2724.352688
4/17/2023 18:30,2724.351339
4/17/2023 18:45,2724.351339
4/17/2023 19:00,2724.349087
4/17/2023 19:15,2724.350436
4/17/2023 19:30,2724.347738
4/17/2023 19:45,2724.34729
4/17/2023 20:00,2724.34864
4/17/2023 20:15,2724.34729
4/17/2023 20:30,2724.345047
4/17/2023 20:45,2724.342349
4/17/2023 21:00,2724.345494
4/17/2023 21:15,2724.342349
4/17/2023 21:30,2724.346396
4/17/2023 21:45,2724.345494
4/17/2023 22:00,2724.344145
4/17/2023 22:15,2724.345039
4/17/2023 22:30,2724.344145
4/17/2023 22:45,2724.345494
4/17/2023 23:00,2724.342795
4/17/2023 23:15,2724.343698
4/17/2023 23:30,2724.343698
4/17/2023 23:45,2724.343698
4/18/2023 0:00,2724.340999
4/18/2023 0:15,2724.343698
4/18/2023 0:30,2724.343698
4/18/2023 0:45,2724.344145
4/18/2023 1:00,2724.343698
4/18/2023 1:15,2724.341446
4/18/2023 1:30,2724.342795
4/18/2023 1:45,2724.340097
4/18/2023 2:00,2724.341446
4/18/2023 2:15,2724.342349
4/18/2023 2:30,2724.345047
4/18/2023 2:45,2724.340097
4/18/2023 3:00,2724.342795
4/18/2023 3:15,2724.340999
4/18/2023 3:30,2724.342349
4/18/2023 3:45,2724.340999
4/18/2023 4:00,2724.33965
4/18/2023 4:15,2724.338747
4/18/2023 4:30,2724.342349
4/18/2023 4:45,2724.342349
4/18/2023 5:00,2724.343698
4/18/2023 5:15,2724.342349
4/18/2023 5:30,2724.345949
4/18/2023 5:45,2724.343698
4/18/2023 6:00,2724.343698
4/18/2023 6:15,2724.346396
4/18/2023 6:30,2724.344592
4/18/2023 6:45,2724.345047
4/18/2023 7:00,2724.343698
4/18/2023 7:15,2724.343698
4/18/2023 7:30,2724.342349
4/18/2023 7:45,2724.340999
4/18/2023 8:00,2724.343698
4/18/2023 8:15,2724.342349
4/18/2023 8:30,2724.341446
4/18/2023 8:45,2724.342349
4/18/2023 9:00,2724.343698
4/18/2023 9:15,2724.344592
4/18/2023 9:30,2724.342349
4/18/2023 9:45,2724.338747
4/18/2023 10:00,2724.340097
4/18/2023 10:15,2724.338747
4/18/2023 10:30,2724.342795
4/18/2023 10:45,2724.342795
4/18/2023 11:00,2724.342795
4/18/2023 11:15,2724.346396
4/18/2023 11:30,2724.343698
4/18/2023 11:45,2724.342795
4/18/2023 12:00,2724.344145
4/18/2023 12:15,2724.347745
4/18/2023 12:30,2724.343698
4/18/2023 12:45,2724.347745
4/18/2023 13:00,2724.345047
4/18/2023 13:15,2724.34729
4/18/2023 13:30,2724.345039
4/18/2023 13:45,2724.347738
4/18/2023 14:00,2724.345941
4/18/2023 14:15,2724.345039
4/18/2023 14:30,2724.346389
4/18/2023 14:45,2724.34729
4/18/2023 15:00,2724.348193
4/18/2023 15:15,2724.349989
4/18/2023 15:30,2724.350891
4/18/2023 15:45,2724.34729
4/18/2023 16:00,2724.34729
4/18/2023 16:15,2724.349542
4/18/2023 16:30,2724.346396
4/18/2023 16:45,2724.343698
4/18/2023 17:00,2724.343698
4/18/2023 17:15,2724.340999
4/18/2023 17:30,2724.3383
4/18/2023 17:45,2724.34325
4/18/2023 18:00,2724.343698
4/18/2023 18:15,2724.340999
4/18/2023 18:30,2724.340999
4/18/2023 18:45,2724.3383
4/18/2023 19:00,2724.3383
4/18/2023 19:15,2724.342349
4/18/2023 19:30,2724.341893
4/18/2023 19:45,2724.340544
4/18/2023 20:00,2724.341893
4/18/2023 20:15,2724.340999
4/18/2023 20:30,2724.345949
4/18/2023 20:45,2724.348193
4/18/2023 21:00,2724.346844
4/18/2023 21:15,2724.35359
4/18/2023 21:30,2724.35359
4/18/2023 21:45,2724.352696
4/18/2023 22:00,2724.354939
4/18/2023 22:15,2724.357638
4/18/2023 22:30,2724.35854
4/18/2023 22:45,2724.35854
4/18/2023 23:00,2724.356288
4/18/2023 23:15,2724.357183
4/18/2023 23:30,2724.359882
4/18/2023 23:45,2724.359882
4/19/2023 0:00,2724.359882
4/19/2023 0:15,2724.357183
4/19/2023 0:30,2724.359889
4/19/2023 0:45,2724.35854
4/19/2023 1:00,2724.359889
4/19/2023 1:15,2724.355842
4/19/2023 1:30,2724.355842
4/19/2023 1:45,2724.35854
4/19/2023 2:00,2724.357183
4/19/2023 2:15,2724.357183
4/19/2023 2:30,2724.356288
4/19/2023 2:45,2724.354492
4/19/2023 3:00,2724.355842
4/19/2023 3:15,2724.354492
4/19/2023 3:30,2724.354492
4/19/2023 3:45,2724.35359
4/19/2023 4:00,2724.354492
4/19/2023 4:15,2724.354492
4/19/2023 4:30,2724.354492
4/19/2023 4:45,2724.353143
4/19/2023 5:00,2724.355394
4/19/2023 5:15,2724.354492
4/19/2023 5:30,2724.354492
4/19/2023 5:45,2724.353143
4/19/2023 6:00,2724.353143
4/19/2023 6:15,2724.354492
4/19/2023 6:30,2724.353143
4/19/2023 6:45,2724.350891
4/19/2023 7:00,2724.353143
4/19/2023 7:15,2724.351793
4/19/2023 7:30,2724.353143
4/19/2023 7:45,2724.34864
4/19/2023 8:00,2724.351793
4/19/2023 8:15,2724.349542
4/19/2023 8:30,2724.349542
4/19/2023 8:45,2724.350891
4/19/2023 9:00,2724.35224
4/19/2023 9:15,2724.34864
4/19/2023 9:30,2724.349542
4/19/2023 9:45,2724.349542
4/19/2023 10:00,2724.350891
4/19/2023 10:15,2724.348193
4/19/2023 10:30,2724.34729
4/19/2023 10:45,2724.34864
4/19/2023 11:00,2724.34864
4/19/2023 11:15,2724.350891
4/19/2023 11:30,2724.34729
4/19/2023 11:45,2724.345047
4/19/2023 12:00,2724.350891
4/19/2023 12:15,2724.349997
4/19/2023 12:30,2724.346844
4/19/2023 12:45,2724.34864
4/19/2023 13:00,2724.348193
4/19/2023 13:15,2724.34729
4/19/2023 13:30,2724.349542
4/19/2023 13:45,2724.35224
4/19/2023 14:00,2724.350891
4/19/2023 14:15,2724.355394
4/19/2023 14:30,2724.350891
4/19/2023 14:45,2724.354492
4/19/2023 15:00,2724.350444
4/19/2023 15:15,2724.352696
4/19/2023 15:30,2724.351793
4/19/2023 15:45,2724.354037
4/19/2023 16:00,2724.37111
4/19/2023 16:15,2724.368191
4/19/2023 16:30,2724.374019
4/19/2023 16:45,2724.36936
4/19/2023 17:00,2724.36935
4/19/2023 17:15,2724.36935
4/19/2023 17:30,2724.376938
4/19/2023 17:45,2724.372269
4/19/2023 18:00,2724.3711
4/19/2023 18:15,2724.372269
4/19/2023 18:30,2724.372269
4/19/2023 18:45,2724.365852
4/19/2023 19:00,2724.361773
4/19/2023 19:15,2724.360024
4/19/2023 19:30,2724.362933
4/19/2023 19:45,2724.360024
4/19/2023 20:00,2724.356525
4/19/2023 20:15,2724.356525
4/19/2023 20:30,2724.362943
4/19/2023 20:45,2724.362943
4/19/2023 21:00,2724.356525
4/19/2023 21:15,2724.359434
4/19/2023 21:30,2724.362943
4/19/2023 21:45,2724.364112
4/19/2023 22:00,2724.358274
4/19/2023 22:15,2724.357694
4/19/2023 22:30,2724.361193
4/19/2023 22:45,2724.361193
4/19/2023 23:00,2724.361183
4/19/2023 23:15,2724.362353
4/19/2023 23:30,2724.368771
4/19/2023 23:45,2724.359434
4/20/2023 0:00,2724.357684
4/20/2023 0:15,2724.360603
4/20/2023 0:30,2724.355935
4/20/2023 0:45,2724.359444
4/20/2023 1:00,2724.356525
4/20/2023 1:15,2724.356525
4/20/2023 1:30,2724.359444
4/20/2023 1:45,2724.362363
4/20/2023 2:00,2724.356525
4/20/2023 2:15,2724.360603
4/20/2023 2:30,2724.357694
4/20/2023 2:45,2724.357684
4/20/2023 3:00,2724.359444
4/20/2023 3:15,2724.356525
4/20/2023 3:30,2724.359444
4/20/2023 3:45,2724.360603
4/20/2023 4:00,2724.361193
4/20/2023 4:15,2724.358864
4/20/2023 4:30,2724.363522
4/20/2023 4:45,2724.359444
4/20/2023 5:00,2724.360613
4/20/2023 5:15,2724.360603
4/20/2023 5:30,2724.361193
4/20/2023 5:45,2724.362363
4/20/2023 6:00,2724.360613
4/20/2023 6:15,2724.357694
4/20/2023 6:30,2724.360603
4/20/2023 6:45,2724.359434
4/20/2023 7:00,2724.354186
4/20/2023 7:15,2724.350107
4/20/2023 7:30,2724.354196
4/20/2023 7:45,2724.351277
4/20/2023 8:00,2724.353026
4/20/2023 8:15,2724.350107
4/20/2023 8:30,2724.351277
4/20/2023 8:45,2724.355935
4/20/2023 9:00,2724.346608
4/20/2023 9:15,2724.355935
4/20/2023 9:30,2724.351277
4/20/2023 9:45,2724.348368
4/20/2023 10:00,2724.354196
4/20/2023 10:15,2724.343699
4/20/2023 10:30,2724.351277
4/20/2023 10:45,2724.348358
4/20/2023 11:00,2724.348358
4/20/2023 11:15,2724.345449
4/20/2023 11:30,2724.349527
4/20/2023 11:45,2724.34195
4/20/2023 12:00,2724.345449
4/20/2023 12:15,2724.34253
4/20/2023 12:30,2724.347198
4/20/2023 12:45,2724.353026
4/20/2023 13:00,2724.348358
4/20/2023 13:15,2724.351277
4/20/2023 13:30,2724.343699
4/20/2023 13:45,2724.355945
4/20/2023 14:00,2724.353026
4/20/2023 14:15,2724.347198
4/20/2023 14:30,2724.351856
4/20/2023 14:45,2724.343699
4/20/2023 15:00,2724.354196
4/20/2023 15:15,2724.347778
4/20/2023 15:30,2724.351277
4/20/2023 15:45,2724.352436
4/20/2023 16:00,2724.348368
4/20/2023 16:15,2724.353026
4/20/2023 16:30,2724.34194
4/20/2023 16:45,2724.361773
4/20/2023 17:00,2724.348358
4/20/2023 17:15,2724.355935
4/20/2023 17:30,2724.355935
4/20/2023 17:45,2724.354186
4/20/2023 18:00,2724.354775
4/20/2023 18:15,2724.353026
4/20/2023 18:30,2724.353026
4/20/2023 18:45,2724.355935
4/20/2023 19:00,2724.347188
4/20/2023 19:15,2724.354186
4/20/2023 19:30,2724.355935
4/20/2023 19:45,2724.352446
4/20/2023 20:00,2724.345439
4/20/2023 20:15,2724.357684
4/20/2023 20:30,2724.355355
4/20/2023 20:45,2724.352436
4/20/2023 21:00,2724.352446
4/20/2023 21:15,2724.349527
4/20/2023 21:30,2724.347778
4/20/2023 21:45,2724.357105
4/20/2023 22:00,2724.351277
4/20/2023 22:15,2724.351277
4/20/2023 22:30,2724.350687
4/20/2023 22:45,2724.347778
4/20/2023 23:00,2724.346028
4/20/2023 23:15,2724.352436
4/20/2023 23:30,2724.352436
4/20/2023 23:45,2724.355355
4/21/2023 0:00,2724.352436
4/21/2023 0:15,2724.346028
4/21/2023 0:30,2724.347778
4/21/2023 0:45,2724.346608
4/21/2023 1:00,2724.346028
4/21/2023 1:15,2724.350697
4/21/2023 1:30,2724.353616
4/21/2023 1:45,2724.357115
4/21/2023 2:00,2724.346028
4/21/2023 2:15,2724.347778
4/21/2023 2:30,2724.350697
4/21/2023 2:45,2724.349527
4/21/2023 3:00,2724.349527
4/21/2023 3:15,2724.344869
4/21/2023 3:30,2724.350687
4/21/2023 3:45,2724.349527
4/21/2023 4:00,2724.350687
4/21/2023 4:15,2724.350687
4/21/2023 4:30,2724.349527
4/21/2023 4:45,2724.355935
4/21/2023 5:00,2724.352436
4/21/2023 5:15,2724.352436
4/21/2023 5:30,2724.352436
4/21/2023 5:45,2724.351277
4/21/2023 6:00,2724.348358
4/21/2023 6:15,2724.343109
4/21/2023 6:30,2724.349527
4/21/2023 6:45,2724.349527
4/21/2023 7:00,2724.348937
4/21/2023 7:15,2724.343699
4/21/2023 7:30,2724.346028
4/21/2023 7:45,2724.346028
4/21/2023 8:00,2724.350697
4/21/2023 8:15,2724.346028
4/21/2023 8:30,2724.346028
4/21/2023 8:45,2724.344279
4/21/2023 9:00,2724.336702
4/21/2023 9:15,2724.343109
4/21/2023 9:30,2724.348947
4/21/2023 9:45,2724.34194
4/21/2023 10:00,2724.34194
4/21/2023 10:15,2724.339031
4/21/2023 10:30,2724.34136
4/21/2023 10:45,2724.34195
4/21/2023 11:00,2724.338441
4/21/2023 11:15,2724.338441
4/21/2023 11:30,2724.343109
4/21/2023 11:45,2724.336692
4/21/2023 12:00,2724.338441
4/21/2023 12:15,2724.337281
4/21/2023 12:30,2724.335532
4/21/2023 12:45,2724.332613
4/21/2023 13:00,2724.337281
4/21/2023 13:15,2724.34078
4/21/2023 13:30,2724.337281
4/21/2023 13:45,2724.34195
4/21/2023 14:00,2724.334362
4/21/2023 14:15,2724.337281
4/21/2023 14:30,2724.34195
4/21/2023 14:45,2724.347198
4/21/2023 15:00,2724.346608
4/21/2023 15:15,2724.344859
4/21/2023 15:30,2724.343699
4/21/2023 15:45,2724.346618
4/21/2023 16:00,2724.345449
4/21/2023 16:15,2724.350117
4/21/2023 16:30,2724.343689
4/21/2023 16:45,2724.345439
4/21/2023 17:00,2724.34194
4/21/2023 17:15,2724.345439
4/21/2023 17:30,2724.34253
4/21/2023 17:45,2724.347188
4/21/2023 18:00,2724.348358
4/21/2023 18:15,2724.343689
4/21/2023 18:30,2724.34195
4/21/2023 18:45,2724.348358
4/21/2023 19:00,2724.346608
4/21/2023 19:15,2724.343699
4/21/2023 19:30,2724.34078
4/21/2023 19:45,2724.345439
4/21/2023 20:00,2724.34253
4/21/2023 20:15,2724.349527
4/21/2023 20:30,2724.337871
4/21/2023 20:45,2724.339031
4/21/2023 21:00,2724.34253
4/21/2023 21:15,2724.351277
4/21/2023 21:30,2724.34195
4/21/2023 21:45,2724.338451
4/21/2023 22:00,2724.339031
4/21/2023 22:15,2724.343699
4/21/2023 22:30,2724.347778
4/21/2023 22:45,2724.344859
4/21/2023 23:00,2724.346608
4/21/2023 23:15,2724.337871
4/21/2023 23:30,2724.339031
4/21/2023 23:45,2724.343689
4/22/2023 0:00,2724.34253
4/22/2023 0:15,2724.337861
4/22/2023 0:30,2724.336112
4/22/2023 0:45,2724.336112
4/22/2023 1:00,2724.346608
4/22/2023 1:15,2724.339031
4/22/2023 1:30,2724.34078
4/22/2023 1:45,2724.343699
4/22/2023 2:00,2724.344279
4/22/2023 2:15,2724.336122
4/22/2023 2:30,2724.34253
4/22/2023 2:45,2724.34194
4/22/2023 3:00,2724.346608
4/22/2023 3:15,2724.336112
4/22/2023 3:30,2724.343689
4/22/2023 3:45,2724.346608
4/22/2023 4:00,2724.345439
4/22/2023 4:15,2724.345439
4/22/2023 4:30,2724.334952
4/22/2023 4:45,2724.343689
4/22/2023 5:00,2724.348358
4/22/2023 5:15,2724.34253
4/22/2023 5:30,2724.337871
4/22/2023 5:45,2724.34078
4/22/2023 6:00,2724.34194
4/22/2023 6:15,2724.339031
4/22/2023 6:30,2724.337861
4/22/2023 6:45,2724.339031
4/22/2023 7:00,2724.34253
4/22/2023 7:15,2724.334952
4/22/2023 7:30,2724.339621
4/22/2023 7:45,2724.339031
4/22/2023 8:00,2724.343689
4/22/2023 8:15,2724.34078
4/22/2023 8:30,2724.334372
4/22/2023 8:45,2724.34078
4/22/2023 9:00,2724.339031
4/22/2023 9:15,2724.339621
4/22/2023 9:30,2724.333203
4/22/2023 9:45,2724.334952
4/22/2023 10:00,2724.336122
4/22/2023 10:15,2724.336122
4/22/2023 10:30,2724.336702
4/22/2023 10:45,2724.347198
4/22/2023 11:00,2724.34253
4/22/2023 11:15,2724.336122
4/22/2023 11:30,2724.333203
4/22/2023 11:45,2724.336702
4/22/2023 12:00,2724.333783
4/22/2023 12:15,2724.337861
4/22/2023 12:30,2724.334942
4/22/2023 12:45,2724.344279
4/22/2023 13:00,2724.337861
4/22/2023 13:15,2724.339611
4/22/2023 13:30,2724.334952
4/22/2023 13:45,2724.333783
4/22/2023 14:00,2724.343109
4/22/2023 14:15,2724.339611
4/22/2023 14:30,2724.338451
4/22/2023 14:45,2724.34078
4/22/2023 15:00,2724.34136
4/22/2023 15:15,2724.334952
4/22/2023 15:30,2724.336702
4/22/2023 15:45,2724.338441
4/22/2023 16:00,2724.34253
4/22/2023 16:15,2724.333783
4/22/2023 16:30,2724.334942
4/22/2023 16:45,2724.332033
4/22/2023 17:00,2724.34253
4/22/2023 17:15,2724.34137
4/22/2023 17:30,2724.336692
4/22/2023 17:45,2724.345439
4/22/2023 18:00,2724.343119
4/22/2023 18:15,2724.338451
4/22/2023 18:30,2724.34137
4/22/2023 18:45,2724.3402
4/22/2023 19:00,2724.347188
4/22/2023 19:15,2724.343689
4/22/2023 19:30,2724.347188
4/22/2023 19:45,2724.34253
4/22/2023 20:00,2724.339621
4/22/2023 20:15,2724.339621
4/22/2023 20:30,2724.337871
4/22/2023 20:45,2724.339031
4/22/2023 21:00,2724.34253
4/22/2023 21:15,2724.343699
4/22/2023 21:30,2724.345439
4/22/2023 21:45,2724.34253
4/22/2023 22:00,2724.344279
4/22/2023 22:15,2724.34078
4/22/2023 22:30,2724.34078
4/22/2023 22:45,2724.347198
4/22/2023 23:00,2724.345449
4/22/2023 23:15,2724.34195
4/22/2023 23:30,2724.34253
4/22/2023 23:45,2724.344279
4/23/2023 0:00,2724.34078
4/23/2023 0:15,2724.337861
4/23/2023 0:30,2724.343689
4/23/2023 0:45,2724.34253
4/23/2023 1:00,2724.339611
4/23/2023 1:15,2724.344279
4/23/2023 1:30,2724.348358
4/23/2023 1:45,2724.34078
4/23/2023 2:00,2724.34253
4/23/2023 2:15,2724.34253
4/23/2023 2:30,2724.343699
4/23/2023 2:45,2724.339031
4/23/2023 3:00,2724.343699
4/23/2023 3:15,2724.34253
4/23/2023 3:30,2724.345449
4/23/2023 3:45,2724.344279
4/23/2023 4:00,2724.336122
4/23/2023 4:15,2724.339621
4/23/2023 4:30,2724.339621
4/23/2023 4:45,2724.334952
4/23/2023 5:00,2724.34078
4/23/2023 5:15,2724.34078
4/23/2023 5:30,2724.337861
4/23/2023 5:45,2724.34253
4/23/2023 6:00,2724.34253
4/23/2023 6:15,2724.34253
4/23/2023 6:30,2724.347198
4/23/2023 6:45,2724.345449
4/23/2023 7:00,2724.34195
4/23/2023 7:15,2724.345449
4/23/2023 7:30,2724.337861
4/23/2023 7:45,2724.339031
4/23/2023 8:00,2724.34078
4/23/2023 8:15,2724.34194
4/23/2023 8:30,2724.334942
4/23/2023 8:45,2724.334942
4/23/2023 9:00,2724.337861
4/23/2023 9:15,2724.337861
4/23/2023 9:30,2724.34078
4/23/2023 9:45,2724.333203
4/23/2023 10:00,2724.333203
4/23/2023 10:15,2724.333203
4/23/2023 10:30,2724.326785
4/23/2023 10:45,2724.333203
4/23/2023 11:00,2724.332033
4/23/2023 11:15,2724.330284
4/23/2023 11:30,2724.333203
4/23/2023 11:45,2724.330874
4/23/2023 12:00,2724.329114
4/23/2023 12:15,2724.336112
4/23/2023 12:30,2724.332033
4/23/2023 12:45,2724.336692
4/23/2023 13:00,2724.334952
4/23/2023 13:15,2724.335532
4/23/2023 13:30,2724.337861
4/23/2023 13:45,2724.336692
4/23/2023 14:00,2724.334952
4/23/2023 14:15,2724.34136
4/23/2023 14:30,2724.336702
4/23/2023 14:45,2724.3402
4/23/2023 15:00,2724.347198
4/23/2023 15:15,2724.34078
4/23/2023 15:30,2724.338451
4/23/2023 15:45,2724.344279
4/23/2023 16:00,2724.343119
4/23/2023 16:15,2724.34253
4/23/2023 16:30,2724.346028
4/23/2023 16:45,2724.34137
4/23/2023 17:00,2724.336702
4/23/2023 17:15,2724.339621
4/23/2023 17:30,2724.34253
4/23/2023 17:45,2724.351866
4/23/2023 18:00,2724.347198
4/23/2023 18:15,2724.350697
4/23/2023 18:30,2724.347198
4/23/2023 18:45,2724.353026
4/23/2023 19:00,2724.347198
4/23/2023 19:15,2724.34137
4/23/2023 19:30,2724.350117
4/23/2023 19:45,2724.350117
4/23/2023 20:00,2724.350697
4/23/2023 20:15,2724.347198
4/23/2023 20:30,2724.351277
4/23/2023 20:45,2724.348947
4/23/2023 21:00,2724.348947
4/23/2023 21:15,2724.345439
4/23/2023 21:30,2724.346608
4/23/2023 21:45,2724.353606
4/23/2023 22:00,2724.351277
4/23/2023 22:15,2724.351277
4/23/2023 22:30,2724.343699
4/23/2023 22:45,2724.347198
4/23/2023 23:00,2724.34078
4/23/2023 23:15,2724.347198
4/23/2023 23:30,2724.347198
4/23/2023 23:45,2724.34078
4/24/2023 0:00,2724.348368
4/24/2023 0:15,2724.348368
4/24/2023 0:30,2724.350117
4/24/2023 0:45,2724.343699
4/24/2023 1:00,2724.344279
4/24/2023 1:15,2724.351866
4/24/2023 1:30,2724.346028
4/24/2023 1:45,2724.348947
4/24/2023 2:00,2724.347198
4/24/2023 2:15,2724.353026
4/24/2023 2:30,2724.345439
4/24/2023 2:45,2724.346028
4/24/2023 3:00,2724.338441
4/24/2023 3:15,2724.34253
4/24/2023 3:30,2724.350117
4/24/2023 3:45,2724.347198
4/24/2023 4:00,2724.339611
4/24/2023 4:15,2724.347198
4/24/2023 4:30,2724.34078
4/24/2023 4:45,2724.337861
4/24/2023 5:00,2724.344279
4/24/2023 5:15,2724.346028
4/24/2023 5:30,2724.344279
4/24/2023 5:45,2724.339611
4/24/2023 6:00,2724.34253
4/24/2023 6:15,2724.34253
4/24/2023 6:30,2724.339611
4/24/2023 6:45,2724.338441
4/24/2023 7:00,2724.34253
4/24/2023 7:15,2724.339611
4/24/2023 7:30,2724.337861
4/24/2023 7:45,2724.338441
4/24/2023 8:00,2724.330284
4/24/2023 8:15,2724.336692
4/24/2023 8:30,2724.336702
4/24/2023 8:45,2724.34078
4/24/2023 9:00,2724.332033
4/24/2023 9:15,2724.34253
4/24/2023 9:30,2724.338451
4/24/2023 9:45,2724.338451
4/24/2023 10:00,2724.336702
4/24/2023 10:15,2724.333203
4/24/2023 10:30,2724.3402
4/24/2023 10:45,2724.336702
4/24/2023 11:00,2724.334952
4/24/2023 11:15,2724.333203
4/24/2023 11:30,2724.336702
4/24/2023 11:45,2724.34253
4/24/2023 12:00,2724.334952
4/24/2023 12:15,2724.34253
4/24/2023 12:30,2724.34137
4/24/2023 12:45,2724.343119
4/24/2023 13:00,2724.350697
4/24/2023 13:15,2724.333783
4/24/2023 13:30,2724.344859
4/24/2023 13:45,2724.347778
4/24/2023 14:00,2724.3402
4/24/2023 14:15,2724.346028
4/24/2023 14:30,2724.350697
4/24/2023 14:45,2724.355355
4/24/2023 15:00,2724.358274
4/24/2023 15:15,2724.360024
4/24/2023 15:30,2724.355355
4/24/2023 15:45,2724.361193
4/24/2023 16:00,2724.348947
4/24/2023 16:15,2724.353616
4/24/2023 16:30,2724.354196
4/24/2023 16:45,2724.366441
4/24/2023 17:00,2724.358274
4/24/2023 17:15,2724.361183
4/24/2023 17:30,2724.355365
4/24/2023 17:45,2724.358274
4/24/2023 18:00,2724.361193
4/24/2023 18:15,2724.367021
4/24/2023 18:30,2724.358274
4/24/2023 18:45,2724.351866
4/24/2023 19:00,2724.362353
4/24/2023 19:15,2724.353606
4/24/2023 19:30,2724.352446
4/24/2023 19:45,2724.359434
4/24/2023 20:00,2724.355355
4/24/2023 20:15,2724.354775
4/24/2023 20:30,2724.352446
4/24/2023 20:45,2724.351866
4/24/2023 21:00,2724.354775
4/24/2023 21:15,2724.353606
4/24/2023 21:30,2724.357694
4/24/2023 21:45,2724.353026
4/24/2023 22:00,2724.358274
4/24/2023 22:15,2724.362933
4/24/2023 22:30,2724.351856
4/24/2023 22:45,2724.350107
4/24/2023 23:00,2724.348947
4/24/2023 23:15,2724.344279
4/24/2023 23:30,2724.345449
4/24/2023 23:45,2724.356525
4/25/2023 0:00,2724.350697
4/25/2023 0:15,2724.34253
4/25/2023 0:30,2724.345449
4/25/2023 0:45,2724.354775
4/25/2023 1:00,2724.348937
4/25/2023 1:15,2724.346028
4/25/2023 1:30,2724.355355
4/25/2023 1:45,2724.356525
4/25/2023 2:00,2724.350687
4/25/2023 2:15,2724.351856
4/25/2023 2:30,2724.350697
4/25/2023 2:45,2724.349527
4/25/2023 3:00,2724.346028
4/25/2023 3:15,2724.352446
4/25/2023 3:30,2724.344279
4/25/2023 3:45,2724.347778
4/25/2023 4:00,2724.350697
4/25/2023 4:15,2724.353606
4/25/2023 4:30,2724.344859
4/25/2023 4:45,2724.348947
4/25/2023 5:00,2724.353606
4/25/2023 5:15,2724.349527
4/25/2023 5:30,2724.347778
4/25/2023 5:45,2724.348947
4/25/2023 6:00,2724.350697
4/25/2023 6:15,2724.34136
4/25/2023 6:30,2724.347198
4/25/2023 6:45,2724.347198
4/25/2023 7:00,2724.349527
4/25/2023 7:15,2724.350697
4/25/2023 7:30,2724.343109
4/25/2023 7:45,2724.346028
4/25/2023 8:00,2724.339611
4/25/2023 8:15,2724.347188
4/25/2023 8:30,2724.339611
4/25/2023 8:45,2724.336702
4/25/2023 9:00,2724.334942
4/25/2023 9:15,2724.34136
4/25/2023 9:30,2724.34136
4/25/2023 9:45,2724.3402
4/25/2023 10:00,2724.338451
4/25/2023 10:15,2724.337281
4/25/2023 10:30,2724.338451
4/25/2023 10:45,2724.335532
4/25/2023 11:00,2724.334952
4/25/2023 11:15,2724.3402
4/25/2023 11:30,2724.34137
4/25/2023 11:45,2724.339621
4/25/2023 12:00,2724.339031
4/25/2023 12:15,2724.343109
4/25/2023 12:30,2724.332033
4/25/2023 12:45,2724.333783
4/25/2023 13:00,2724.335532
4/25/2023 13:15,2724.34195
4/25/2023 13:30,2724.337281
4/25/2023 13:45,2724.34019
4/25/2023 14:00,2724.337281
4/25/2023 14:15,2724.338451
4/25/2023 14:30,2724.343119
4/25/2023 14:45,2724.344279
4/25/2023 15:00,2724.338441
4/25/2023 15:15,2724.34195
4/25/2023 15:30,2724.338441
4/25/2023 15:45,2724.34078
4/25/2023 16:00,2724.3402
4/25/2023 16:15,2724.34195
4/25/2023 16:30,2724.331443
4/25/2023 16:45,2724.34078
4/25/2023 17:00,2724.344279
4/25/2023 17:15,2724.34019
4/25/2023 17:30,2724.34136
4/25/2023 17:45,2724.3402
4/25/2023 18:00,2724.3402
4/25/2023 18:15,2724.34136
4/25/2023 18:30,2724.344279
4/25/2023 18:45,2724.34195
4/25/2023 19:00,2724.338441
4/25/2023 19:15,2724.339031
4/25/2023 19:30,2724.338441
4/25/2023 19:45,2724.34019
4/25/2023 20:00,2724.333783
4/25/2023 20:15,2724.338451
4/25/2023 20:30,2724.3402
4/25/2023 20:45,2724.338451
4/25/2023 21:00,2724.336702
4/25/2023 21:15,2724.34019
4/25/2023 21:30,2724.34136
4/25/2023 21:45,2724.34136
4/25/2023 22:00,2724.336692
4/25/2023 22:15,2724.335532
4/25/2023 22:30,2724.339611
4/25/2023 22:45,2724.330874
4/25/2023 23:00,2724.330284
4/25/2023 23:15,2724.339611
4/25/2023 23:30,2724.34019
4/25/2023 23:45,2724.336692
4/26/2023 0:00,2724.34136
4/26/2023 0:15,2724.34253
4/26/2023 0:30,2724.335532
4/26/2023 0:45,2724.336702
4/26/2023 1:00,2724.339611
4/26/2023 1:15,2724.34136
4/26/2023 1:30,2724.337281
4/26/2023 1:45,2724.337281
4/26/2023 2:00,2724.34137
4/26/2023 2:15,2724.34137
4/26/2023 2:30,2724.334372
4/26/2023 2:45,2724.337281
4/26/2023 3:00,2724.336702
4/26/2023 3:15,2724.337281
4/26/2023 3:30,2724.335532
4/26/2023 3:45,2724.333783
4/26/2023 4:00,2724.333783
4/26/2023 4:15,2724.335532
4/26/2023 4:30,2724.336702
4/26/2023 4:45,2724.332033
4/26/2023 5:00,2724.334952
4/26/2023 5:15,2724.336702
4/26/2023 5:30,2724.334952
4/26/2023 5:45,2724.336702
4/26/2023 6:00,2724.338441
4/26/2023 6:15,2724.338451
4/26/2023 6:30,2724.338441
4/26/2023 6:45,2724.34136
4/26/2023 7:00,2724.332033
4/26/2023 7:15,2724.332033
4/26/2023 7:30,2724.334952
4/26/2023 7:45,2724.336702
4/26/2023 8:00,2724.332033
4/26/2023 8:15,2724.327365
4/26/2023 8:30,2724.334942
4/26/2023 8:45,2724.333783
4/26/2023 9:00,2724.327365
4/26/2023 9:15,2724.331443
4/26/2023 9:30,2724.328534
4/26/2023 9:45,2724.334952
4/26/2023 10:00,2724.333783
4/26/2023 10:15,2724.326195
4/26/2023 10:30,2724.321537
4/26/2023 10:45,2724.332033
4/26/2023 11:00,2724.330284
4/26/2023 11:15,2724.326785
4/26/2023 11:30,2724.330284
4/26/2023 11:45,2724.331453
4/26/2023 12:00,2724.333203
4/26/2023 12:15,2724.330284
4/26/2023 12:30,2724.330284
4/26/2023 12:45,2724.328534
4/26/2023 13:00,2724.327365
4/26/2023 13:15,2724.327365
4/26/2023 13:30,2724.323866
4/26/2023 13:45,2724.326785
4/26/2023 14:00,2724.325615
4/26/2023 14:15,2724.326785
4/26/2023 14:30,2724.326785
4/26/2023 14:45,2724.328534
4/26/2023 15:00,2724.325615
4/26/2023 15:15,2724.325615
4/26/2023 15:30,2724.328534
4/26/2023 15:45,2724.327365
4/26/2023 16:00,2724.330284
4/26/2023 16:15,2724.327365
4/26/2023 16:30,2724.323866
4/26/2023 16:45,2724.330284
4/26/2023 17:00,2724.323866
4/26/2023 17:15,2724.328534
4/26/2023 17:30,2724.325615
4/26/2023 17:45,2724.323866
4/26/2023 18:00,2724.322117
4/26/2023 18:15,2724.322117
4/26/2023 18:30,2724.325615
4/26/2023 18:45,2724.328534
4/26/2023 19:00,2724.333203
4/26/2023 19:15,2724.325625
4/26/2023 19:30,2724.326785
4/26/2023 19:45,2724.330284
4/26/2023 20:00,2724.333203
4/26/2023 20:15,2724.331453
4/26/2023 20:30,2724.328534
4/26/2023 20:45,2724.329704
4/26/2023 21:00,2724.332623
4/26/2023 21:15,2724.329704
4/26/2023 21:30,2724.327955
4/26/2023 21:45,2724.331453
4/26/2023 22:00,2724.328534
4/26/2023 22:15,2724.326785
4/26/2023 22:30,2724.326205
4/26/2023 22:45,2724.329704
4/26/2023 23:00,2724.329704
4/26/2023 23:15,2724.328534
4/26/2023 23:30,2724.332623
4/26/2023 23:45,2724.329704
4/27/2023 0:00,2724.329704
4/27/2023 0:15,2724.327955
4/27/2023 0:30,2724.326785
4/27/2023 0:45,2724.332623
4/27/2023 1:00,2724.332623
4/27/2023 1:15,2724.335532
4/27/2023 1:30,2724.326785
4/27/2023 1:45,2724.330284
4/27/2023 2:00,2724.327945
4/27/2023 2:15,2724.333193
4/27/2023 2:30,2724.333193
4/27/2023 2:45,2724.330284
4/27/2023 3:00,2724.334362
4/27/2023 3:15,2724.329704
4/27/2023 3:30,2724.333203
4/27/2023 3:45,2724.329704
4/27/2023 4:00,2724.326785
4/27/2023 4:15,2724.329704
4/27/2023 4:30,2724.328534
4/27/2023 4:45,2724.330284
4/27/2023 5:00,2724.332623
4/27/2023 5:15,2724.330284
4/27/2023 5:30,2724.328534
4/27/2023 5:45,2724.333203
4/27/2023 6:00,2724.331453
4/27/2023 6:15,2724.326785
4/27/2023 6:30,2724.332033
4/27/2023 6:45,2724.330284
4/27/2023 7:00,2724.326785
4/27/2023 7:15,2724.326785
4/27/2023 7:30,2724.320957
4/27/2023 7:45,2724.319208
4/27/2023 8:00,2724.323286
4/27/2023 8:15,2724.320367
4/27/2023 8:30,2724.325036
4/27/2023 8:45,2724.327365
4/27/2023 9:00,2724.325615
4/27/2023 9:15,2724.325615
4/27/2023 9:30,2724.319198
4/27/2023 9:45,2724.328534
4/27/2023 10:00,2724.323866
4/27/2023 10:15,2724.320957
4/27/2023 10:30,2724.323876
4/27/2023 10:45,2724.323876
4/27/2023 11:00,2724.318038
4/27/2023 11:15,2724.320947
4/27/2023 11:30,2724.322117
4/27/2023 11:45,2724.326785
4/27/2023 12:00,2724.323866
4/27/2023 12:15,2724.328534
4/27/2023 12:30,2724.323866
4/27/2023 12:45,2724.330284
4/27/2023 13:00,2724.323876
4/27/2023 13:15,2724.325625
4/27/2023 13:30,2724.318618
4/27/2023 13:45,2724.328534
4/27/2023 14:00,2724.326205
4/27/2023 14:15,2724.326205
4/27/2023 14:30,2724.324456
4/27/2023 14:45,2724.324446
4/27/2023 15:00,2724.328534
4/27/2023 15:15,2724.327365
4/27/2023 15:30,2724.327365
4/27/2023 15:45,2724.327955
4/27/2023 16:00,2724.329124
4/27/2023 16:15,2724.326205
4/27/2023 16:30,2724.329124
4/27/2023 16:45,2724.332623
4/27/2023 17:00,2724.333193
4/27/2023 17:15,2724.329124
4/27/2023 17:30,2724.330874
4/27/2023 17:45,2724.330874
4/27/2023 18:00,2724.327955
4/27/2023 18:15,2724.332623
4/27/2023 18:30,2724.332033
4/27/2023 18:45,2724.333783
4/27/2023 19:00,2724.333783
4/27/2023 19:15,2724.332033
4/27/2023 19:30,2724.336692
4/27/2023 19:45,2724.333783
4/27/2023 20:00,2724.338451
4/27/2023 20:15,2724.34136
4/27/2023 20:30,2724.337871
4/27/2023 20:45,2724.337871
4/27/2023 21:00,2724.34137
4/27/2023 21:15,2724.34137
4/27/2023 21:30,2724.337871
4/27/2023 21:45,2724.338451
4/27/2023 22:00,2724.336702
4/27/2023 22:15,2724.334952
4/27/2023 22:30,2724.334942
4/27/2023 22:45,2724.336702
4/27/2023 23:00,2724.334942
4/27/2023 23:15,2724.34136
4/27/2023 23:30,2724.337861
4/27/2023 23:45,2724.338441
4/28/2023 0:00,2724.336692
4/28/2023 0:15,2724.34019
4/28/2023 0:30,2724.336702
4/28/2023 0:45,2724.335532
4/28/2023 1:00,2724.336692
4/28/2023 1:15,2724.337871
4/28/2023 1:30,2724.339621
4/28/2023 1:45,2724.335532
4/28/2023 2:00,2724.338451
4/28/2023 2:15,2724.338451
4/28/2023 2:30,2724.336702
4/28/2023 2:45,2724.337871
4/28/2023 3:00,2724.336702
4/28/2023 3:15,2724.338451
4/28/2023 3:30,2724.336702
4/28/2023 3:45,2724.336702
4/28/2023 4:00,2724.334952
4/28/2023 4:15,2724.337871
4/28/2023 4:30,2724.337871
4/28/2023 4:45,2724.337871
4/28/2023 5:00,2724.336702
4/28/2023 5:15,2724.336702
4/28/2023 5:30,2724.338451
4/28/2023 5:45,2724.336702
4/28/2023 6:00,2724.336702
4/28/2023 6:15,2724.34136
4/28/2023 6:30,2724.337861
4/28/2023 6:45,2724.339611
4/28/2023 7:00,2724.34253
4/28/2023 7:15,2724.339621
4/28/2023 7:30,2724.337871
4/28/2023 7:45,2724.333193
4/28/2023 8:00,2724.334942
4/28/2023 8:15,2724.334952
4/28/2023 8:30,2724.334372
4/28/2023 8:45,2724.339031
4/28/2023 9:00,2724.339031
4/28/2023 9:15,2724.337281
4/28/2023 9:30,2724.334372
4/28/2023 9:45,2724.333203
4/28/2023 10:00,2724.336112
4/28/2023 10:15,2724.337861
4/28/2023 10:30,2724.327945
4/28/2023 10:45,2724.331453
4/28/2023 11:00,2724.334372
4/28/2023 11:15,2724.329704
4/28/2023 11:30,2724.333203
4/28/2023 11:45,2724.334372
4/28/2023 12:00,2724.331453
4/28/2023 12:15,2724.331453
4/28/2023 12:30,2724.331453
4/28/2023 12:45,2724.334372
4/28/2023 13:00,2724.334372
4/28/2023 13:15,2724.333203
4/28/2023 13:30,2724.334362
4/28/2023 13:45,2724.333203
4/28/2023 14:00,2724.336122
4/28/2023 14:15,2724.334372
4/28/2023 14:30,2724.331453
4/28/2023 14:45,2724.332623
4/28/2023 15:00,2724.337281
4/28/2023 15:15,2724.334372
4/28/2023 15:30,2724.334372
4/28/2023 15:45,2724.336122
4/28/2023 16:00,2724.332623
4/28/2023 16:15,2724.327955
4/28/2023 16:30,2724.336122
4/28/2023 16:45,2724.332623
4/28/2023 17:00,2724.334372
4/28/2023 17:15,2724.334372
4/28/2023 17:30,2724.332613
4/28/2023 17:45,2724.336112
4/28/2023 18:00,2724.336112
4/28/2023 18:15,2724.335532
4/28/2023 18:30,2724.335532
4/28/2023 18:45,2724.333783
4/28/2023 19:00,2724.333783
4/28/2023 19:15,2724.333783
4/28/2023 19:30,2724.335532
4/28/2023 19:45,2724.332613
4/28/2023 20:00,2724.337281
4/28/2023 20:15,2724.335532
4/28/2023 20:30,2724.338441
4/28/2023 20:45,2724.336692
4/28/2023 21:00,2724.335532
4/28/2023 21:15,2724.335532
4/28/2023 21:30,2724.336702
4/28/2023 21:45,2724.339611
4/28/2023 22:00,2724.338451
4/28/2023 22:15,2724.336702
4/28/2023 22:30,2724.335532
4/28/2023 22:45,2724.338451
4/28/2023 23:00,2724.338451
4/28/2023 23:15,2724.333783
4/28/2023 23:30,2724.338451
4/28/2023 23:45,2724.339611
4/29/2023 0:00,2724.336702
4/29/2023 0:15,2724.334952
4/29/2023 0:30,2724.333783
4/29/2023 0:45,2724.333783
4/29/2023 1:00,2724.336692
4/29/2023 1:15,2724.336702
4/29/2023 1:30,2724.332613
4/29/2023 1:45,2724.338441
4/29/2023 2:00,2724.336692
4/29/2023 2:15,2724.336692
4/29/2023 2:30,2724.334942
4/29/2023 2:45,2724.336692
4/29/2023 3:00,2724.335532
4/29/2023 3:15,2724.338441
4/29/2023 3:30,2724.337281
4/29/2023 3:45,2724.335532
4/29/2023 4:00,2724.333783
4/29/2023 4:15,2724.334952
4/29/2023 4:30,2724.335532
4/29/2023 4:45,2724.337281
4/29/2023 5:00,2724.335532
4/29/2023 5:15,2724.335532
4/29/2023 5:30,2724.335532
4/29/2023 5:45,2724.335532
4/29/2023 6:00,2724.334942
4/29/2023 6:15,2724.333783
4/29/2023 6:30,2724.335532
4/29/2023 6:45,2724.332033
4/29/2023 7:00,2724.333783
4/29/2023 7:15,2724.329114
4/29/2023 7:30,2724.333203
4/29/2023 7:45,2724.332033
4/29/2023 8:00,2724.332033
4/29/2023 8:15,2724.330284
4/29/2023 8:30,2724.332033
4/29/2023 8:45,2724.333193
4/29/2023 9:00,2724.329124
4/29/2023 9:15,2724.334952
4/29/2023 9:30,2724.328534
4/29/2023 9:45,2724.327365
4/29/2023 10:00,2724.328534
4/29/2023 10:15,2724.330284
4/29/2023 10:30,2724.327955
4/29/2023 10:45,2724.330284
4/29/2023 11:00,2724.332033
4/29/2023 11:15,2724.325625
4/29/2023 11:30,2724.332033
4/29/2023 11:45,2724.327375
4/29/2023 12:00,2724.333193
4/29/2023 12:15,2724.329114
4/29/2023 12:30,2724.329114
4/29/2023 12:45,2724.329114
4/29/2023 13:00,2724.334952
4/29/2023 13:15,2724.330864
4/29/2023 13:30,2724.334952
4/29/2023 13:45,2724.333783
4/29/2023 14:00,2724.333783
4/29/2023 14:15,2724.333783
4/29/2023 14:30,2724.338451
4/29/2023 14:45,2724.335532
4/29/2023 15:00,2724.3402
4/29/2023 15:15,2724.34195
4/29/2023 15:30,2724.343119
4/29/2023 15:45,2724.339031
4/29/2023 16:00,2724.339031
4/29/2023 16:15,2724.343109
4/29/2023 16:30,2724.34194
4/29/2023 16:45,2724.34194
4/29/2023 17:00,2724.343109
4/29/2023 17:15,2724.346028
4/29/2023 17:30,2724.349527
4/29/2023 17:45,2724.347198
4/29/2023 18:00,2724.352436
4/29/2023 18:15,2724.350697
4/29/2023 18:30,2724.347778
4/29/2023 18:45,2724.352446
4/29/2023 19:00,2724.348947
4/29/2023 19:15,2724.350697
4/29/2023 19:30,2724.351856
4/29/2023 19:45,2724.348947
4/29/2023 20:00,2724.353606
4/29/2023 20:15,2724.353606
4/29/2023 20:30,2724.348937
4/29/2023 20:45,2724.353606
4/29/2023 21:00,2724.348937
4/29/2023 21:15,2724.344869
4/29/2023 21:30,2724.347778
4/29/2023 21:45,2724.347778
4/29/2023 22:00,2724.350697
4/29/2023 22:15,2724.347778
4/29/2023 22:30,2724.349527
4/29/2023 22:45,2724.347778
4/29/2023 23:00,2724.344279
4/29/2023 23:15,2724.348937
4/29/2023 23:30,2724.348947
4/29/2023 23:45,2724.350107
4/30/2023 0:00,2724.346028
4/30/2023 0:15,2724.347198
4/30/2023 0:30,2724.349527
4/30/2023 0:45,2724.350697
4/30/2023 1:00,2724.351866
4/30/2023 1:15,2724.350697
4/30/2023 1:30,2724.350697
4/30/2023 1:45,2724.352436
4/30/2023 2:00,2724.348937
4/30/2023 2:15,2724.350687
4/30/2023 2:30,2724.346608
4/30/2023 2:45,2724.346028
4/30/2023 3:00,2724.344859
4/30/2023 3:15,2724.343109
4/30/2023 3:30,2724.34194
4/30/2023 3:45,2724.343689
4/30/2023 4:00,2724.346028
4/30/2023 4:15,2724.343689
4/30/2023 4:30,2724.343689
4/30/2023 4:45,2724.343109
4/30/2023 5:00,2724.344859
4/30/2023 5:15,2724.343109
4/30/2023 5:30,2724.344859
4/30/2023 5:45,2724.34195
4/30/2023 6:00,2724.344859
4/30/2023 6:15,2724.344859
4/30/2023 6:30,2724.34136
4/30/2023 6:45,2724.344859
4/30/2023 7:00,2724.34194
4/30/2023 7:15,2724.34078
4/30/2023 7:30,2724.34019
4/30/2023 7:45,2724.34019
4/30/2023 8:00,2724.336692
4/30/2023 8:15,2724.34136
4/30/2023 8:30,2724.339031
4/30/2023 8:45,2724.34019
4/30/2023 9:00,2724.34019
4/30/2023 9:15,2724.337281
4/30/2023 9:30,2724.339031
4/30/2023 9:45,2724.339031
4/30/2023 10:00,2724.337281
4/30/2023 10:15,2724.338441
4/30/2023 10:30,2724.339031
4/30/2023 10:45,2724.34078
4/30/2023 11:00,2724.339031
4/30/2023 11:15,2724.339031
4/30/2023 11:30,2724.338441
4/30/2023 11:45,2724.34078
4/30/2023 12:00,2724.334372
4/30/2023 12:15,2724.34019
4/30/2023 12:30,2724.34194
4/30/2023 12:45,2724.34194
4/30/2023 13:00,2724.343689
4/30/2023 13:15,2724.347778
4/30/2023 13:30,2724.343689
4/30/2023 13:45,2724.349527
4/30/2023 14:00,2724.352446
4/30/2023 14:15,2724.349527
4/30/2023 14:30,2724.354775
4/30/2023 14:45,2724.353026
4/30/2023 15:00,2724.358864
4/30/2023 15:15,2724.358864
4/30/2023 15:30,2724.359444
4/30/2023 15:45,2724.357694
4/30/2023 16:00,2724.355945
4/30/2023 16:15,2724.354186
4/30/2023 16:30,2724.360603
4/30/2023 16:45,2724.357105
4/30/2023 17:00,2724.357105
4/30/2023 17:15,2724.353026
4/30/2023 17:30,2724.354775
4/30/2023 17:45,2724.354775
4/30/2023 18:00,2724.355935
4/30/2023 18:15,2724.357105
4/30/2023 18:30,2724.361773
4/30/2023 18:45,2724.361773
4/30/2023 19:00,2724.360603
4/30/2023 19:15,2724.358854
4/30/2023 19:30,2724.361773
4/30/2023 19:45,2724.360603
4/30/2023 20:00,2724.358854
4/30/2023 20:15,2724.361773
4/30/2023 20:30,2724.362353
4/30/2023 20:45,2724.360603
4/30/2023 21:00,2724.363522
4/30/2023 21:15,2724.357105
4/30/2023 21:30,2724.360603
4/30/2023 21:45,2724.357105
4/30/2023 22:00,2724.357684
4/30/2023 22:15,2724.355935
4/30/2023 22:30,2724.361773
4/30/2023 22:45,2724.357105
4/30/2023 23:00,2724.355945
4/30/2023 23:15,2724.351277
4/30/2023 23:30,2724.351277
4/30/2023 23:45,2724.355355
5/1/2023 0:00,2724.357105
5/1/2023 0:15,2724.357105
5/1/2023 0:30,2724.355945
5/1/2023 0:45,2724.357105
5/1/2023 1:00,2724.355355
5/1/2023 1:15,2724.358854
5/1/2023 1:30,2724.358274
5/1/2023 1:45,2724.357105
5/1/2023 2:00,2724.357105
5/1/2023 2:15,2724.357115
5/1/2023 2:30,2724.357115
5/1/2023 2:45,2724.355945
5/1/2023 3:00,2724.355945
5/1/2023 3:15,2724.357105
5/1/2023 3:30,2724.357115
5/1/2023 3:45,2724.357115
5/1/2023 4:00,2724.354196
5/1/2023 4:15,2724.358864
5/1/2023 4:30,2724.357105
5/1/2023 4:45,2724.357694
5/1/2023 5:00,2724.355945
5/1/2023 5:15,2724.352436
5/1/2023 5:30,2724.354186
5/1/2023 5:45,2724.355935
5/1/2023 6:00,2724.355355
5/1/2023 6:15,2724.357105
5/1/2023 6:30,2724.357694
5/1/2023 6:45,2724.360024
5/1/2023 7:00,2724.357115
5/1/2023 7:15,2724.357115
5/1/2023 7:30,2724.355945
5/1/2023 7:45,2724.357115
5/1/2023 8:00,2724.352446
5/1/2023 8:15,2724.355365
5/1/2023 8:30,2724.352446
5/1/2023 8:45,2724.352446
5/1/2023 9:00,2724.354196
5/1/2023 9:15,2724.347778
5/1/2023 9:30,2724.349527
5/1/2023 9:45,2724.350107
5/1/2023 10:00,2724.351277
5/1/2023 10:15,2724.348358
5/1/2023 10:30,2724.350107
5/1/2023 10:45,2724.354775
5/1/2023 11:00,2724.348358
5/1/2023 11:15,2724.350107
5/1/2023 11:30,2724.350107
5/1/2023 11:45,2724.344859
5/1/2023 12:00,2724.351277
5/1/2023 12:15,2724.353026
5/1/2023 12:30,2724.349527
5/1/2023 12:45,2724.351866
5/1/2023 13:00,2724.351277
5/1/2023 13:15,2724.348368
5/1/2023 13:30,2724.351866
5/1/2023 13:45,2724.348947
5/1/2023 14:00,2724.353026
5/1/2023 14:15,2724.354775
5/1/2023 14:30,2724.354775
5/1/2023 14:45,2724.357694
5/1/2023 15:00,2724.355945
5/1/2023 15:15,2724.359444
5/1/2023 15:30,2724.357694
5/1/2023 15:45,2724.364112
5/1/2023 16:00,2724.361193
5/1/2023 16:15,2724.360603
5/1/2023 16:30,2724.364102
5/1/2023 16:45,2724.362353
5/1/2023 17:00,2724.361183
5/1/2023 17:15,2724.359434
5/1/2023 17:30,2724.361183
5/1/2023 17:45,2724.361183
5/1/2023 18:00,2724.362353
5/1/2023 18:15,2724.357684
5/1/2023 18:30,2724.368181
5/1/2023 18:45,2724.363522
5/1/2023 19:00,2724.362353
5/1/2023 19:15,2724.364102
5/1/2023 19:30,2724.367021
5/1/2023 19:45,2724.360603
5/1/2023 20:00,2724.364112
5/1/2023 20:15,2724.360603
5/1/2023 20:30,2724.359444
5/1/2023 20:45,2724.359444
5/1/2023 21:00,2724.360613
5/1/2023 21:15,2724.357694
5/1/2023 21:30,2724.362363
5/1/2023 21:45,2724.362363
5/1/2023 22:00,2724.364112
5/1/2023 22:15,2724.362363
5/1/2023 22:30,2724.357694
5/1/2023 22:45,2724.365272
5/1/2023 23:00,2724.366441
5/1/2023 23:15,2724.357694
5/1/2023 23:30,2724.360603
5/1/2023 23:45,2724.365272
5/2/2023 0:00,2724.367021
5/2/2023 0:15,2724.367021
5/2/2023 0:30,2724.365272
5/2/2023 0:45,2724.363522
5/2/2023 1:00,2724.367021
5/2/2023 1:15,2724.37169
5/2/2023 1:30,2724.363522
5/2/2023 1:45,2724.367021
5/2/2023 2:00,2724.360603
5/2/2023 2:15,2724.362353
5/2/2023 2:30,2724.367021
5/2/2023 2:45,2724.37169
5/2/2023 3:00,2724.367021
5/2/2023 3:15,2724.361773
5/2/2023 3:30,2724.363522
5/2/2023 3:45,2724.364692
5/2/2023 4:00,2724.360613
5/2/2023 4:15,2724.3711
5/2/2023 4:30,2724.360603
5/2/2023 4:45,2724.360603
5/2/2023 5:00,2724.361773
5/2/2023 5:15,2724.364682
5/2/2023 5:30,2724.363522
5/2/2023 5:45,2724.362363
5/2/2023 6:00,2724.364682
5/2/2023 6:15,2724.360024
5/2/2023 6:30,2724.365272
5/2/2023 6:45,2724.360603
5/2/2023 7:00,2724.360603
5/2/2023 7:15,2724.358854
5/2/2023 7:30,2724.360603
5/2/2023 7:45,2724.360024
5/2/2023 8:00,2724.357684
5/2/2023 8:15,2724.367021
5/2/2023 8:30,2724.361773
5/2/2023 8:45,2724.361773
5/2/2023 9:00,2724.360603
5/2/2023 9:15,2724.361773
5/2/2023 9:30,2724.354186
5/2/2023 9:45,2724.361773
5/2/2023 10:00,2724.360613
5/2/2023 10:15,2724.358864
5/2/2023 10:30,2724.354196
5/2/2023 10:45,2724.361773
5/2/2023 11:00,2724.354196
5/2/2023 11:15,2724.355945
5/2/2023 11:30,2724.353026
5/2/2023 11:45,2724.355945
5/2/2023 12:00,2724.358864
5/2/2023 12:15,2724.358854
5/2/2023 12:30,2724.359434
5/2/2023 12:45,2724.354186
5/2/2023 13:00,2724.355935
5/2/2023 13:15,2724.361773
5/2/2023 13:30,2724.355945
5/2/2023 13:45,2724.355945
5/2/2023 14:00,2724.362353
5/2/2023 14:15,2724.358854
5/2/2023 14:30,2724.360603
5/2/2023 14:45,2724.354775
5/2/2023 15:00,2724.359444
5/2/2023 15:15,2724.372859
5/2/2023 15:30,2724.367021
5/2/2023 15:45,2724.362363
5/2/2023 16:00,2724.368771
5/2/2023 16:15,2724.365272
5/2/2023 16:30,2724.36994
5/2/2023 16:45,2724.376348
5/2/2023 17:00,2724.385675
5/2/2023 17:15,2724.380427
5/2/2023 17:30,2724.397341
5/2/2023 17:45,2724.414255
5/2/2023 18:00,2724.40085
5/2/2023 18:15,2724.408427
5/2/2023 18:30,2724.403179
5/2/2023 18:45,2724.409597
5/2/2023 19:00,2724.405508
5/2/2023 19:15,2724.3991
5/2/2023 19:30,2724.425921
5/2/2023 19:45,2724.418924
5/2/2023 20:00,2724.407837
5/2/2023 20:15,2724.388014
5/2/2023 20:30,2724.381596
5/2/2023 20:45,2724.386844
5/2/2023 21:00,2724.385095
5/2/2023 21:15,2724.383356
5/2/2023 21:30,2724.383356
5/2/2023 21:45,2724.376938
5/2/2023 22:00,2724.374019
5/2/2023 22:15,2724.382766
5/2/2023 22:30,2724.377518
5/2/2023 22:45,2724.385685
5/2/2023 23:00,2724.375188
5/2/2023 23:15,2724.372849
5/2/2023 23:30,2724.372849
5/2/2023 23:45,2724.3711
5/3/2023 0:00,2724.372269
5/3/2023 0:15,2724.3711
5/3/2023 0:30,2724.379847
5/3/2023 0:45,2724.384515
5/3/2023 1:00,2724.377518
5/3/2023 1:15,2724.375188
5/3/2023 1:30,2724.379847
5/3/2023 1:45,2724.375768
5/3/2023 2:00,2724.375188
5/3/2023 2:15,2724.372269
5/3/2023 2:30,2724.376938
5/3/2023 2:45,2724.381606
5/3/2023 3:00,2724.386265
5/3/2023 3:15,2724.384515
5/3/2023 3:30,2724.376928
5/3/2023 3:45,2724.381596
5/3/2023 4:00,2724.378677
5/3/2023 4:15,2724.386265
5/3/2023 4:30,2724.378677
5/3/2023 4:45,2724.372269
5/3/2023 5:00,2724.375768
5/3/2023 5:15,2724.379847
5/3/2023 5:30,2724.374019
5/3/2023 5:45,2724.381596
5/3/2023 6:00,2724.379847
5/3/2023 6:15,2724.374019
5/3/2023 6:30,2724.382766
5/3/2023 6:45,2724.386265
5/3/2023 7:00,2724.393842
5/3/2023 7:15,2724.372269
5/3/2023 7:30,2724.379857
5/3/2023 7:45,2724.36936
5/3/2023 8:00,2724.374019
5/3/2023 8:15,2724.377518
5/3/2023 8:30,2724.36935
5/3/2023 8:45,2724.368191
5/3/2023 9:00,2724.3711
5/3/2023 9:15,2724.363522
5/3/2023 9:30,2724.368191
5/3/2023 9:45,2724.368191
5/3/2023 10:00,2724.367601
5/3/2023 10:15,2724.36935
5/3/2023 10:30,2724.363522
5/3/2023 10:45,2724.372849
5/3/2023 11:00,2724.366441
5/3/2023 11:15,2724.36935
5/3/2023 11:30,2724.360603
5/3/2023 11:45,2724.363522
5/3/2023 12:00,2724.364692
5/3/2023 12:15,2724.375768
5/3/2023 12:30,2724.37111
5/3/2023 12:45,2724.36994
5/3/2023 13:00,2724.377518
5/3/2023 13:15,2724.372849
5/3/2023 13:30,2724.374599
5/3/2023 13:45,2724.372849
5/3/2023 14:00,2724.375768
5/3/2023 14:15,2724.377518
5/3/2023 14:30,2724.383356
5/3/2023 14:45,2724.381016
5/3/2023 15:00,2724.386854
5/3/2023 15:15,2724.386854
5/3/2023 15:30,2724.386844
5/3/2023 15:45,2724.385675
5/3/2023 16:00,2724.388014
5/3/2023 16:15,2724.390343
5/3/2023 16:30,2724.383935
5/3/2023 16:45,2724.390343
5/3/2023 17:00,2724.394432
5/3/2023 17:15,2724.3991
5/3/2023 17:30,2724.388594
5/3/2023 17:45,2724.388594
5/3/2023 18:00,2724.394432
5/3/2023 18:15,2724.417174
5/3/2023 18:30,2724.421843
5/3/2023 18:45,2724.42825
5/3/2023 19:00,2724.425341
5/3/2023 19:15,2724.432919
5/3/2023 19:30,2724.42942
5/3/2023 19:45,2724.421843
5/3/2023 20:00,2724.421843
5/3/2023 20:15,2724.410756
5/3/2023 20:30,2724.431169
5/3/2023 20:45,2724.432919
5/3/2023 21:00,2724.435838
5/3/2023 21:15,2724.425341
5/3/2023 21:30,2724.410756
5/3/2023 21:45,2724.427671
5/3/2023 22:00,2724.414255
5/3/2023 22:15,2724.437577
5/3/2023 22:30,2724.43
5/3/2023 22:45,2724.417754
5/3/2023 23:00,2724.417754
5/3/2023 23:15,2724.425331
5/3/2023 23:30,2724.417754
5/3/2023 23:45,2724.417754
5/4/2023 0:00,2724.408427
5/4/2023 0:15,2724.411336
5/4/2023 0:30,2724.409587
5/4/2023 0:45,2724.406678
5/4/2023 1:00,2724.402009
5/4/2023 1:15,2724.421843
5/4/2023 1:30,2724.394432
5/4/2023 1:45,2724.412506
5/4/2023 2:00,2724.412506
5/4/2023 2:15,2724.403759
5/4/2023 2:30,2724.405508
5/4/2023 2:45,2724.412506
5/4/2023 3:00,2724.391513
5/4/2023 3:15,2724.421833
5/4/2023 3:30,2724.396181
5/4/2023 3:45,2724.39909
5/4/2023 4:00,2724.39909
5/4/2023 4:15,2724.397341
5/4/2023 4:30,2724.410756
5/4/2023 4:45,2724.403169
5/4/2023 5:00,2724.397341
5/4/2023 5:15,2724.394422
5/4/2023 5:30,2724.392672
5/4/2023 5:45,2724.40084
5/4/2023 6:00,2724.405508
5/4/2023 6:15,2724.39851
5/4/2023 6:30,2724.394432
5/4/2023 6:45,2724.386265
5/4/2023 7:00,2724.391513
5/4/2023 7:15,2724.396761
5/4/2023 7:30,2724.388014
5/4/2023 7:45,2724.392682
5/4/2023 8:00,2724.380437
5/4/2023 8:15,2724.388014
5/4/2023 8:30,2724.388014
5/4/2023 8:45,2724.385095
5/4/2023 9:00,2724.397341
5/4/2023 9:15,2724.388594
5/4/2023 9:30,2724.379267
5/4/2023 9:45,2724.385095
5/4/2023 10:00,2724.378687
5/4/2023 10:15,2724.379267
5/4/2023 10:30,2724.379267
5/4/2023 10:45,2724.37169
5/4/2023 11:00,2724.36994
5/4/2023 11:15,2724.376348
5/4/2023 11:30,2724.388594
5/4/2023 11:45,2724.393262
5/4/2023 12:00,2724.377518
5/4/2023 12:15,2724.382186
5/4/2023 12:30,2724.376348
5/4/2023 12:45,2724.376358
5/4/2023 13:00,2724.382766
5/4/2023 13:15,2724.378107
5/4/2023 13:30,2724.376358
5/4/2023 13:45,2724.377518
5/4/2023 14:00,2724.389184
5/4/2023 14:15,2724.381016
5/4/2023 14:30,2724.378097
5/4/2023 14:45,2724.385675
5/4/2023 15:00,2724.386844
5/4/2023 15:15,2724.385675
5/4/2023 15:30,2724.387434
5/4/2023 15:45,2724.390343
5/4/2023 16:00,2724.395012
5/4/2023 16:15,2724.384515
5/4/2023 16:30,2724.388604
5/4/2023 16:45,2724.394432
5/4/2023 17:00,2724.396181
5/4/2023 17:15,2724.408427
5/4/2023 17:30,2724.402009
5/4/2023 17:45,2724.393262
5/4/2023 18:00,2724.414845
5/4/2023 18:15,2724.416594
5/4/2023 18:30,2724.42825
5/4/2023 18:45,2724.420673
5/4/2023 19:00,2724.425341
5/4/2023 19:15,2724.404338
5/4/2023 19:30,2724.425341
5/4/2023 19:45,2724.417754
5/4/2023 20:00,2724.402589
5/4/2023 20:15,2724.417754
5/4/2023 20:30,2724.40084
5/4/2023 20:45,2724.402009
5/4/2023 21:00,2724.411336
5/4/2023 21:15,2724.403169
5/4/2023 21:30,2724.402009
5/4/2023 21:45,2724.40026
5/4/2023 22:00,2724.402009
5/4/2023 22:15,2724.401429
5/4/2023 22:30,2724.402009
5/4/2023 22:45,2724.391513
5/4/2023 23:00,2724.40026
5/4/2023 23:15,2724.397341
5/4/2023 23:30,2724.392682
5/4/2023 23:45,2724.394432
5/5/2023 0:00,2724.403759
5/5/2023 0:15,2724.388014
5/5/2023 0:30,2724.397341
5/5/2023 0:45,2724.386844
5/5/2023 1:00,2724.394432
5/5/2023 1:15,2724.395591
5/5/2023 1:30,2724.397351
5/5/2023 1:45,2724.40026
5/5/2023 2:00,2724.394432
5/5/2023 2:15,2724.392682
5/5/2023 2:30,2724.414255
5/5/2023 2:45,2724.389184
5/5/2023 3:00,2724.395601
5/5/2023 3:15,2724.380437
5/5/2023 3:30,2724.379267
5/5/2023 3:45,2724.394432
5/5/2023 4:00,2724.391513
5/5/2023 4:15,2724.383935
5/5/2023 4:30,2724.388014
5/5/2023 4:45,2724.391513
5/5/2023 5:00,2724.378677
5/5/2023 5:15,2724.382186
5/5/2023 5:30,2724.383935
5/5/2023 5:45,2724.376928
5/5/2023 6:00,2724.386265
5/5/2023 6:15,2724.386265
5/5/2023 6:30,2724.388604
5/5/2023 6:45,2724.388014
5/5/2023 7:00,2724.374019
5/5/2023 7:15,2724.374599
5/5/2023 7:30,2724.380437
5/5/2023 7:45,2724.374599
5/5/2023 8:00,2724.382186
5/5/2023 8:15,2724.391513
5/5/2023 8:30,2724.363522
5/5/2023 8:45,2724.377518
5/5/2023 9:00,2724.361773
5/5/2023 9:15,2724.36935
5/5/2023 9:30,2724.368181
5/5/2023 9:45,2724.367021
5/5/2023 10:00,2724.379267
5/5/2023 10:15,2724.372849
5/5/2023 10:30,2724.375768
5/5/2023 10:45,2724.374599
5/5/2023 11:00,2724.377518
5/5/2023 11:15,2724.374599
5/5/2023 11:30,2724.379267
5/5/2023 11:45,2724.368771
5/5/2023 12:00,2724.383346
5/5/2023 12:15,2724.375768
5/5/2023 12:30,2724.383346
5/5/2023 12:45,2724.367021
5/5/2023 13:00,2724.381016
5/5/2023 13:15,2724.362353
5/5/2023 13:30,2724.382186
5/5/2023 13:45,2724.372849
5/5/2023 14:00,2724.374609
5/5/2023 14:15,2724.382766
5/5/2023 14:30,2724.373439
5/5/2023 14:45,2724.382186
5/5/2023 15:00,2724.379267
5/5/2023 15:15,2724.385095
5/5/2023 15:30,2724.383925
5/5/2023 15:45,2724.37168
5/5/2023 16:00,2724.380427
5/5/2023 16:15,2724.390343
5/5/2023 16:30,2724.382766
5/5/2023 16:45,2724.388594
5/5/2023 17:00,2724.390343
5/5/2023 17:15,2724.385675
5/5/2023 17:30,2724.379267
5/5/2023 17:45,2724.388594
5/5/2023 18:00,2724.378097
5/5/2023 18:15,2724.389763
5/5/2023 18:30,2724.392682
5/5/2023 18:45,2724.39909
5/5/2023 19:00,2724.389763
5/5/2023 19:15,2724.397341
5/5/2023 19:30,2724.393262
5/5/2023 19:45,2724.383925
5/5/2023 20:00,2724.389763
5/5/2023 20:15,2724.388014
5/5/2023 20:30,2724.385105
5/5/2023 20:45,2724.383935
5/5/2023 21:00,2724.392682
5/5/2023 21:15,2724.388014
5/5/2023 21:30,2724.382186
5/5/2023 21:45,2724.383346
5/5/2023 22:00,2724.390923
5/5/2023 22:15,2724.386265
5/5/2023 22:30,2724.376358
5/5/2023 22:45,2724.380437
5/5/2023 23:00,2724.37169
5/5/2023 23:15,2724.374019
5/5/2023 23:30,2724.376358
5/5/2023 23:45,2724.372849
5/6/2023 0:00,2724.379267
5/6/2023 0:15,2724.380437
5/6/2023 0:30,2724.375768
5/6/2023 0:45,2724.380437
5/6/2023 1:00,2724.378687
5/6/2023 1:15,2724.372859
5/6/2023 1:30,2724.374019
5/6/2023 1:45,2724.375768
5/6/2023 2:00,2724.368181
5/6/2023 2:15,2724.374019
5/6/2023 2:30,2724.36993
5/6/2023 2:45,2724.380427
5/6/2023 3:00,2724.3711
5/6/2023 3:15,2724.378687
5/6/2023 3:30,2724.372269
5/6/2023 3:45,2724.372269
5/6/2023 4:00,2724.375768
5/6/2023 4:15,2724.375768
5/6/2023 4:30,2724.368181
5/6/2023 4:45,2724.379267
5/6/2023 5:00,2724.383346
5/6/2023 5:15,2724.374599
5/6/2023 5:30,2724.367601
5/6/2023 5:45,2724.367021
5/6/2023 6:00,2724.368181
5/6/2023 6:15,2724.363522
5/6/2023 6:30,2724.364682
5/6/2023 6:45,2724.361773
5/6/2023 7:00,2724.355355
5/6/2023 7:15,2724.378687
5/6/2023 7:30,2724.367611
5/6/2023 7:45,2724.368191
5/6/2023 8:00,2724.374019
5/6/2023 8:15,2724.365272
5/6/2023 8:30,2724.361773
5/6/2023 8:45,2724.363522
5/6/2023 9:00,2724.368181
5/6/2023 9:15,2724.357105
5/6/2023 9:30,2724.358854
5/6/2023 9:45,2724.361773
5/6/2023 10:00,2724.364682
5/6/2023 10:15,2724.360613
5/6/2023 10:30,2724.351277
5/6/2023 10:45,2724.355945
5/6/2023 11:00,2724.354196
5/6/2023 11:15,2724.360613
5/6/2023 11:30,2724.358864
5/6/2023 11:45,2724.360613
5/6/2023 12:00,2724.351277
5/6/2023 12:15,2724.348368
5/6/2023 12:30,2724.364682
5/6/2023 12:45,2724.365272
5/6/2023 13:00,2724.357694
5/6/2023 13:15,2724.357105
5/6/2023 13:30,2724.363522
5/6/2023 13:45,2724.363522
5/6/2023 14:00,2724.360613
5/6/2023 14:15,2724.359444
5/6/2023 14:30,2724.354775
5/6/2023 14:45,2724.358854
5/6/2023 15:00,2724.359444
5/6/2023 15:15,2724.358854
5/6/2023 15:30,2724.367021
5/6/2023 15:45,2724.355935
5/6/2023 16:00,2724.361773
5/6/2023 16:15,2724.361773
5/6/2023 16:30,2724.357694
5/6/2023 16:45,2724.368191
5/6/2023 17:00,2724.37111
5/6/2023 17:15,2724.36994
5/6/2023 17:30,2724.365272
5/6/2023 17:45,2724.37111
5/6/2023 18:00,2724.36994
5/6/2023 18:15,2724.367021
5/6/2023 18:30,2724.359444
5/6/2023 18:45,2724.367021
5/6/2023 19:00,2724.367021
5/6/2023 19:15,2724.380437
5/6/2023 19:30,2724.361773
5/6/2023 19:45,2724.360603
5/6/2023 20:00,2724.367021
5/6/2023 20:15,2724.365272
5/6/2023 20:30,2724.364692
5/6/2023 20:45,2724.363522
5/6/2023 21:00,2724.360603
5/6/2023 21:15,2724.363522
5/6/2023 21:30,2724.363522
5/6/2023 21:45,2724.368191
5/6/2023 22:00,2724.363522
5/6/2023 22:15,2724.367611
5/6/2023 22:30,2724.361773
5/6/2023 22:45,2724.368191
5/6/2023 23:00,2724.363522
5/6/2023 23:15,2724.372269
5/6/2023 23:30,2724.37111
5/6/2023 23:45,2724.365272
5/7/2023 0:00,2724.362353
5/7/2023 0:15,2724.363522
5/7/2023 0:30,2724.366441
5/7/2023 0:45,2724.361773
5/7/2023 1:00,2724.366441
5/7/2023 1:15,2724.364682
5/7/2023 1:30,2724.3711
5/7/2023 1:45,2724.357105
5/7/2023 2:00,2724.360024
5/7/2023 2:15,2724.357684
5/7/2023 2:30,2724.364682
5/7/2023 2:45,2724.363522
5/7/2023 3:00,2724.3711
5/7/2023 3:15,2724.355355
5/7/2023 3:30,2724.358854
5/7/2023 3:45,2724.36935
5/7/2023 4:00,2724.361773
5/7/2023 4:15,2724.360024
5/7/2023 4:30,2724.363522
5/7/2023 4:45,2724.37052
5/7/2023 5:00,2724.36936
5/7/2023 5:15,2724.364682
5/7/2023 5:30,2724.364682
5/7/2023 5:45,2724.364682
5/7/2023 6:00,2724.36935
5/7/2023 6:15,2724.374019
5/7/2023 6:30,2724.364682
5/7/2023 6:45,2724.366441
5/7/2023 7:00,2724.358864
5/7/2023 7:15,2724.363522
5/7/2023 7:30,2724.363522
5/7/2023 7:45,2724.363522
5/7/2023 8:00,2724.368191
5/7/2023 8:15,2724.358854
5/7/2023 8:30,2724.355355
5/7/2023 8:45,2724.361773
5/7/2023 9:00,2724.358854
5/7/2023 9:15,2724.354196
5/7/2023 9:30,2724.366441
5/7/2023 9:45,2724.360024
5/7/2023 10:00,2724.355355
5/7/2023 10:15,2724.357105
5/7/2023 10:30,2724.360024
5/7/2023 10:45,2724.352446
5/7/2023 11:00,2724.363522
5/7/2023 11:15,2724.358854
5/7/2023 11:30,2724.358854
5/7/2023 11:45,2724.361773
5/7/2023 12:00,2724.348358
5/7/2023 12:15,2724.361773
5/7/2023 12:30,2724.358864
5/7/2023 12:45,2724.355365
5/7/2023 13:00,2724.357694
5/7/2023 13:15,2724.352446
5/7/2023 13:30,2724.355945
5/7/2023 13:45,2724.351277
5/7/2023 14:00,2724.351277
5/7/2023 14:15,2724.354196
5/7/2023 14:30,2724.354196
5/7/2023 14:45,2724.360024
5/7/2023 15:00,2724.348358
5/7/2023 15:15,2724.363522
5/7/2023 15:30,2724.358864
5/7/2023 15:45,2724.353026
5/7/2023 16:00,2724.360603
5/7/2023 16:15,2724.363522
5/7/2023 16:30,2724.360603
5/7/2023 16:45,2724.362353
5/7/2023 17:00,2724.363522
5/7/2023 17:15,2724.358864
5/7/2023 17:30,2724.361773
5/7/2023 17:45,2724.363522
5/7/2023 18:00,2724.362363
5/7/2023 18:15,2724.351277
5/7/2023 18:30,2724.354775
5/7/2023 18:45,2724.363522
5/7/2023 19:00,2724.358864
5/7/2023 19:15,2724.364682
5/7/2023 19:30,2724.366431
5/7/2023 19:45,2724.368191
5/7/2023 20:00,2724.376928
5/7/2023 20:15,2724.358864
5/7/2023 20:30,2724.355945
5/7/2023 20:45,2724.363522
5/7/2023 21:00,2724.355945
5/7/2023 21:15,2724.357694
5/7/2023 21:30,2724.349527
5/7/2023 21:45,2724.354196
5/7/2023 22:00,2724.360024
5/7/2023 22:15,2724.366441
5/7/2023 22:30,2724.358274
5/7/2023 22:45,2724.367611
5/7/2023 23:00,2724.357105
5/7/2023 23:15,2724.360603
5/7/2023 23:30,2724.358274
5/7/2023 23:45,2724.355945
5/8/2023 0:00,2724.352446
5/8/2023 0:15,2724.361773
5/8/2023 0:30,2724.362353
5/8/2023 0:45,2724.358854
5/8/2023 1:00,2724.361773
5/8/2023 1:15,2724.360603
5/8/2023 1:30,2724.354196
5/8/2023 1:45,2724.360024
5/8/2023 2:00,2724.361773
5/8/2023 2:15,2724.358274
5/8/2023 2:30,2724.357115
5/8/2023 2:45,2724.358864
5/8/2023 3:00,2724.358864
5/8/2023 3:15,2724.352446
5/8/2023 3:30,2724.357115
5/8/2023 3:45,2724.364692
5/8/2023 4:00,2724.357115
5/8/2023 4:15,2724.352446
5/8/2023 4:30,2724.358274
5/8/2023 4:45,2724.358854
5/8/2023 5:00,2724.360024
5/8/2023 5:15,2724.351856
5/8/2023 5:30,2724.360024
5/8/2023 5:45,2724.360603
5/8/2023 6:00,2724.355355
5/8/2023 6:15,2724.354196
5/8/2023 6:30,2724.352436
5/8/2023 6:45,2724.355935
5/8/2023 7:00,2724.366431
5/8/2023 7:15,2724.356525
5/8/2023 7:30,2724.352446
5/8/2023 7:45,2724.356525
5/8/2023 8:00,2724.354196
5/8/2023 8:15,2724.356525
5/8/2023 8:30,2724.347778
5/8/2023 8:45,2724.348947
5/8/2023 9:00,2724.352446
5/8/2023 9:15,2724.352446
5/8/2023 9:30,2724.346028
5/8/2023 9:45,2724.353616
5/8/2023 10:00,2724.352446
5/8/2023 10:15,2724.346608
5/8/2023 10:30,2724.346608
5/8/2023 10:45,2724.346608
5/8/2023 11:00,2724.346608
5/8/2023 11:15,2724.352446
5/8/2023 11:30,2724.348358
5/8/2023 11:45,2724.34195
5/8/2023 12:00,2724.354196
5/8/2023 12:15,2724.347778
5/8/2023 12:30,2724.354196
5/8/2023 12:45,2724.349527
5/8/2023 13:00,2724.350697
5/8/2023 13:15,2724.343119
5/8/2023 13:30,2724.355945
5/8/2023 13:45,2724.358854
5/8/2023 14:00,2724.347778
5/8/2023 14:15,2724.346608
5/8/2023 14:30,2724.354196
5/8/2023 14:45,2724.349527
5/8/2023 15:00,2724.355935
5/8/2023 15:15,2724.360024
5/8/2023 15:30,2724.358854
5/8/2023 15:45,2724.362353
5/8/2023 16:00,2724.353026
5/8/2023 16:15,2724.350107
5/8/2023 16:30,2724.355945
5/8/2023 16:45,2724.348368
5/8/2023 17:00,2724.355945
5/8/2023 17:15,2724.355945
5/8/2023 17:30,2724.361773
5/8/2023 17:45,2724.361773
5/8/2023 18:00,2724.363522
5/8/2023 18:15,2724.361773
5/8/2023 18:30,2724.362363
5/8/2023 18:45,2724.363522
5/8/2023 19:00,2724.360603
5/8/2023 19:15,2724.368181
5/8/2023 19:30,2724.36935
5/8/2023 19:45,2724.367021
5/8/2023 20:00,2724.372269
5/8/2023 20:15,2724.366441
5/8/2023 20:30,2724.360603
5/8/2023 20:45,2724.364692
5/8/2023 21:00,2724.364692
5/8/2023 21:15,2724.357105
5/8/2023 21:30,2724.360603
5/8/2023 21:45,2724.358854
5/8/2023 22:00,2724.367601
5/8/2023 22:15,2724.367601
5/8/2023 22:30,2724.362943
5/8/2023 22:45,2724.36936
5/8/2023 23:00,2724.374019
5/8/2023 23:15,2724.355355
5/8/2023 23:30,2724.364692
5/8/2023 23:45,2724.372269
5/9/2023 0:00,2724.360024
5/9/2023 0:15,2724.361773
5/9/2023 0:30,2724.366441
5/9/2023 0:45,2724.368191
5/9/2023 1:00,2724.357694
5/9/2023 1:15,2724.360603
5/9/2023 1:30,2724.360024
5/9/2023 1:45,2724.361773
5/9/2023 2:00,2724.360024
5/9/2023 2:15,2724.357115
5/9/2023 2:30,2724.357115
5/9/2023 2:45,2724.363522
5/9/2023 3:00,2724.366441
5/9/2023 3:15,2724.364692
5/9/2023 3:30,2724.363522
5/9/2023 3:45,2724.364692
5/9/2023 4:00,2724.364692
5/9/2023 4:15,2724.364692
5/9/2023 4:30,2724.361773
5/9/2023 4:45,2724.361193
5/9/2023 5:00,2724.356525
5/9/2023 5:15,2724.352446
5/9/2023 5:30,2724.353606
5/9/2023 5:45,2724.364692
5/9/2023 6:00,2724.358274
5/9/2023 6:15,2724.364692
5/9/2023 6:30,2724.362943
5/9/2023 6:45,2724.355355
5/9/2023 7:00,2724.361773
5/9/2023 7:15,2724.364692
5/9/2023 7:30,2724.347778
5/9/2023 7:45,2724.357105
5/9/2023 8:00,2724.352446
5/9/2023 8:15,2724.355355
5/9/2023 8:30,2724.354196
5/9/2023 8:45,2724.349527
5/9/2023 9:00,2724.355365
5/9/2023 9:15,2724.347778
5/9/2023 9:30,2724.349527
5/9/2023 9:45,2724.352446
5/9/2023 10:00,2724.354196
5/9/2023 10:15,2724.357105
5/9/2023 10:30,2724.358274
5/9/2023 10:45,2724.355365
5/9/2023 11:00,2724.349527
5/9/2023 11:15,2724.353616
5/9/2023 11:30,2724.354196
5/9/2023 11:45,2724.348368
5/9/2023 12:00,2724.358864
5/9/2023 12:15,2724.358864
5/9/2023 12:30,2724.357694
5/9/2023 12:45,2724.360613
5/9/2023 13:00,2724.355945
5/9/2023 13:15,2724.353026
5/9/2023 13:30,2724.349527
5/9/2023 13:45,2724.355355
5/9/2023 14:00,2724.349527
5/9/2023 14:15,2724.353026
5/9/2023 14:30,2724.350107
5/9/2023 14:45,2724.358854
5/9/2023 15:00,2724.359444
5/9/2023 15:15,2724.360024
5/9/2023 15:30,2724.355945
5/9/2023 15:45,2724.359444
5/9/2023 16:00,2724.359444
5/9/2023 16:15,2724.355945
5/9/2023 16:30,2724.358854
5/9/2023 16:45,2724.358854
5/9/2023 17:00,2724.358854
5/9/2023 17:15,2724.357684
5/9/2023 17:30,2724.354775
5/9/2023 17:45,2724.358854
5/9/2023 18:00,2724.37168
5/9/2023 18:15,2724.350107
5/9/2023 18:30,2724.360603
5/9/2023 18:45,2724.354196
5/9/2023 19:00,2724.351277
5/9/2023 19:15,2724.363522
5/9/2023 19:30,2724.357105
5/9/2023 19:45,2724.358854
5/9/2023 20:00,2724.360603
5/9/2023 20:15,2724.365272
5/9/2023 20:30,2724.363522
5/9/2023 20:45,2724.355945
5/9/2023 21:00,2724.354775
5/9/2023 21:15,2724.360603
5/9/2023 21:30,2724.360603
5/9/2023 21:45,2724.357105
5/9/2023 22:00,2724.354196
5/9/2023 22:15,2724.355945
5/9/2023 22:30,2724.358854
5/9/2023 22:45,2724.355935
5/9/2023 23:00,2724.360024
5/9/2023 23:15,2724.354775
5/9/2023 23:30,2724.360613
5/9/2023 23:45,2724.358864
5/10/2023 0:00,2724.358864
5/10/2023 0:15,2724.354196
5/10/2023 0:30,2724.360603
5/10/2023 0:45,2724.360603
5/10/2023 1:00,2724.349527
5/10/2023 1:15,2724.351277
5/10/2023 1:30,2724.354775
5/10/2023 1:45,2724.355945
5/10/2023 2:00,2724.353026
5/10/2023 2:15,2724.359434
5/10/2023 2:30,2724.355945
5/10/2023 2:45,2724.366441
5/10/2023 3:00,2724.355945
5/10/2023 3:15,2724.362353
5/10/2023 3:30,2724.360613
5/10/2023 3:45,2724.353026
5/10/2023 4:00,2724.355945
5/10/2023 4:15,2724.357694
5/10/2023 4:30,2724.351277
5/10/2023 4:45,2724.354196
5/10/2023 5:00,2724.354775
5/10/2023 5:15,2724.360613
5/10/2023 5:30,2724.358854
5/10/2023 5:45,2724.354186
5/10/2023 6:00,2724.359444
5/10/2023 6:15,2724.354196
5/10/2023 6:30,2724.364112
5/10/2023 6:45,2724.359444
5/10/2023 7:00,2724.353026
5/10/2023 7:15,2724.349527
5/10/2023 7:30,2724.359444
5/10/2023 7:45,2724.353026
5/10/2023 8:00,2724.354775
5/10/2023 8:15,2724.355945
5/10/2023 8:30,2724.353026
5/10/2023 8:45,2724.347198
5/10/2023 9:00,2724.350107
5/10/2023 9:15,2724.350107
5/10/2023 9:30,2724.351277
5/10/2023 9:45,2724.350117
5/10/2023 10:00,2724.345449
5/10/2023 10:15,2724.346028
5/10/2023 10:30,2724.344279
5/10/2023 10:45,2724.355355
5/10/2023 11:00,2724.347778
5/10/2023 11:15,2724.353606
5/10/2023 11:30,2724.360024
5/10/2023 11:45,2724.353606
5/10/2023 12:00,2724.355355
5/10/2023 12:15,2724.350697
5/10/2023 12:30,2724.346028
5/10/2023 12:45,2724.353616
5/10/2023 13:00,2724.353606
5/10/2023 13:15,2724.353606
5/10/2023 13:30,2724.350697
5/10/2023 13:45,2724.355355
5/10/2023 14:00,2724.351277
5/10/2023 14:15,2724.360024
5/10/2023 14:30,2724.350697
5/10/2023 14:45,2724.352436
5/10/2023 15:00,2724.351277
5/10/2023 15:15,2724.345439
5/10/2023 15:30,2724.352446
5/10/2023 15:45,2724.358854
5/10/2023 16:00,2724.366441
5/10/2023 16:15,2724.360613
5/10/2023 16:30,2724.353026
5/10/2023 16:45,2724.355945
5/10/2023 17:00,2724.357115
5/10/2023 17:15,2724.360024
5/10/2023 17:30,2724.365272
5/10/2023 17:45,2724.364692
5/10/2023 18:00,2724.360024
5/10/2023 18:15,2724.354196
5/10/2023 18:30,2724.367611
5/10/2023 18:45,2724.360024
5/10/2023 19:00,2724.362943
5/10/2023 19:15,2724.357105
5/10/2023 19:30,2724.358274
5/10/2023 19:45,2724.358274
5/10/2023 20:00,2724.357115
5/10/2023 20:15,2724.356525
5/10/2023 20:30,2724.357684
5/10/2023 20:45,2724.359434
5/10/2023 21:00,2724.359444
5/10/2023 21:15,2724.353026
5/10/2023 21:30,2724.358274
5/10/2023 21:45,2724.362943
5/10/2023 22:00,2724.358274
5/10/2023 22:15,2724.356525
5/10/2023 22:30,2724.356525
5/10/2023 22:45,2724.359444
5/10/2023 23:00,2724.359444
5/10/2023 23:15,2724.365862
5/10/2023 23:30,2724.360024
5/10/2023 23:45,2724.364102
5/11/2023 0:00,2724.365852
5/11/2023 0:15,2724.36994
5/11/2023 0:30,2724.361193
5/11/2023 0:45,2724.362943
5/11/2023 1:00,2724.356525
5/11/2023 1:15,2724.364692
5/11/2023 1:30,2724.358274
5/11/2023 1:45,2724.358274
5/11/2023 2:00,2724.361193
5/11/2023 2:15,2724.358274
5/11/2023 2:30,2724.364112
5/11/2023 2:45,2724.364692
5/11/2023 3:00,2724.366441
5/11/2023 3:15,2724.362943
5/11/2023 3:30,2724.367021
5/11/2023 3:45,2724.352446
5/11/2023 4:00,2724.361193
5/11/2023 4:15,2724.368771
5/11/2023 4:30,2724.367611
5/11/2023 4:45,2724.356525
5/11/2023 5:00,2724.362943
5/11/2023 5:15,2724.355365
5/11/2023 5:30,2724.358274
5/11/2023 5:45,2724.366431
5/11/2023 6:00,2724.357105
5/11/2023 6:15,2724.360024
5/11/2023 6:30,2724.364682
5/11/2023 6:45,2724.358274
5/11/2023 7:00,2724.361773
5/11/2023 7:15,2724.365862
5/11/2023 7:30,2724.353616
5/11/2023 7:45,2724.353606
5/11/2023 8:00,2724.364692
5/11/2023 8:15,2724.362943
5/11/2023 8:30,2724.355355
5/11/2023 8:45,2724.355355
5/11/2023 9:00,2724.353606
5/11/2023 9:15,2724.358274
5/11/2023 9:30,2724.353616
5/11/2023 9:45,2724.358274
5/11/2023 10:00,2724.359444
5/11/2023 10:15,2724.358854
5/11/2023 10:30,2724.355355
5/11/2023 10:45,2724.360024
5/11/2023 11:00,2724.350687
5/11/2023 11:15,2724.347778
5/11/2023 11:30,2724.349527
5/11/2023 11:45,2724.344859
5/11/2023 12:00,2724.354196
5/11/2023 12:15,2724.358274
5/11/2023 12:30,2724.347778
5/11/2023 12:45,2724.351277
5/11/2023 13:00,2724.355355
5/11/2023 13:15,2724.352446
5/11/2023 13:30,2724.354186
5/11/2023 13:45,2724.350687
5/11/2023 14:00,2724.353606
5/11/2023 14:15,2724.347778
5/11/2023 14:30,2724.351856
5/11/2023 14:45,2724.349527
5/11/2023 15:00,2724.348947
5/11/2023 15:15,2724.350697
5/11/2023 15:30,2724.351856
5/11/2023 15:45,2724.350697
5/11/2023 16:00,2724.352446
5/11/2023 16:15,2724.346028
5/11/2023 16:30,2724.348947
5/11/2023 16:45,2724.353606
5/11/2023 17:00,2724.351856
5/11/2023 17:15,2724.347778
5/11/2023 17:30,2724.353606
5/11/2023 17:45,2724.354775
5/11/2023 18:00,2724.348937
5/11/2023 18:15,2724.350687
5/11/2023 18:30,2724.353616
5/11/2023 18:45,2724.353616
5/11/2023 19:00,2724.347198
5/11/2023 19:15,2724.347198
5/11/2023 19:30,2724.351856
5/11/2023 19:45,2724.354775
5/11/2023 20:00,2724.353606
5/11/2023 20:15,2724.350107
5/11/2023 20:30,2724.355935
5/11/2023 20:45,2724.350697
5/11/2023 21:00,2724.353026
5/11/2023 21:15,2724.351856
5/11/2023 21:30,2724.357694
5/11/2023 21:45,2724.353026
5/11/2023 22:00,2724.361193
5/11/2023 22:15,2724.358854
5/11/2023 22:30,2724.361773
5/11/2023 22:45,2724.348937
5/11/2023 23:00,2724.358854
5/11/2023 23:15,2724.351277
5/11/2023 23:30,2724.355945
5/11/2023 23:45,2724.354775
5/12/2023 0:00,2724.360603
5/12/2023 0:15,2724.354775
5/12/2023 0:30,2724.354775
5/12/2023 0:45,2724.357694
5/12/2023 1:00,2724.350107
5/12/2023 1:15,2724.355945
5/12/2023 1:30,2724.355945
5/12/2023 1:45,2724.353026
5/12/2023 2:00,2724.353026
5/12/2023 2:15,2724.350107
5/12/2023 2:30,2724.355945
5/12/2023 2:45,2724.355945
5/12/2023 3:00,2724.355945
5/12/2023 3:15,2724.345449
5/12/2023 3:30,2724.360603
5/12/2023 3:45,2724.354196
5/12/2023 4:00,2724.361773
5/12/2023 4:15,2724.361773
5/12/2023 4:30,2724.351277
5/12/2023 4:45,2724.355945
5/12/2023 5:00,2724.355945
5/12/2023 5:15,2724.355935
5/12/2023 5:30,2724.358854
5/12/2023 5:45,2724.351277
5/12/2023 6:00,2724.353026
5/12/2023 6:15,2724.353026
5/12/2023 6:30,2724.351277
5/12/2023 6:45,2724.354196
5/12/2023 7:00,2724.357694
5/12/2023 7:15,2724.357115
5/12/2023 7:30,2724.357105
5/12/2023 7:45,2724.360603
5/12/2023 8:00,2724.351277
5/12/2023 8:15,2724.357105
5/12/2023 8:30,2724.357105
5/12/2023 8:45,2724.349527
5/12/2023 9:00,2724.351277
5/12/2023 9:15,2724.353026
5/12/2023 9:30,2724.355945
5/12/2023 9:45,2724.345449
5/12/2023 10:00,2724.353026
5/12/2023 10:15,2724.353026
5/12/2023 10:30,2724.345449
5/12/2023 10:45,2724.348368
5/12/2023 11:00,2724.348368
5/12/2023 11:15,2724.351277
5/12/2023 11:30,2724.351277
5/12/2023 11:45,2724.348358
5/12/2023 12:00,2724.350107
5/12/2023 12:15,2724.348358
5/12/2023 12:30,2724.34195
5/12/2023 12:45,2724.343699
5/12/2023 13:00,2724.343699
5/12/2023 13:15,2724.343699
5/12/2023 13:30,2724.337861
5/12/2023 13:45,2724.348368
5/12/2023 14:00,2724.339031
5/12/2023 14:15,2724.34078
5/12/2023 14:30,2724.34078
5/12/2023 14:45,2724.34253
5/12/2023 15:00,2724.343699
5/12/2023 15:15,2724.339031
5/12/2023 15:30,2724.34253
5/12/2023 15:45,2724.344859
5/12/2023 16:00,2724.34253
5/12/2023 16:15,2724.34078
5/12/2023 16:30,2724.34078
5/12/2023 16:45,2724.34253
5/12/2023 17:00,2724.34194
5/12/2023 17:15,2724.34078
5/12/2023 17:30,2724.343689
5/12/2023 17:45,2724.343699
5/12/2023 18:00,2724.339031
5/12/2023 18:15,2724.348368
5/12/2023 18:30,2724.34253
5/12/2023 18:45,2724.34194
5/12/2023 19:00,2724.346608
5/12/2023 19:15,2724.34194
5/12/2023 19:30,2724.34253
5/12/2023 19:45,2724.34194
5/12/2023 20:00,2724.34194
5/12/2023 20:15,2724.34195
5/12/2023 20:30,2724.34195
5/12/2023 20:45,2724.3402
5/12/2023 21:00,2724.348368
5/12/2023 21:15,2724.346618
5/12/2023 21:30,2724.34195
5/12/2023 21:45,2724.34194
5/12/2023 22:00,2724.348358
5/12/2023 22:15,2724.346028
5/12/2023 22:30,2724.34019
5/12/2023 22:45,2724.345439
5/12/2023 23:00,2724.346608
5/12/2023 23:15,2724.3402
5/12/2023 23:30,2724.343119
5/12/2023 23:45,2724.347778
5/13/2023 0:00,2724.343119
5/13/2023 0:15,2724.3402
5/13/2023 0:30,2724.344279
5/13/2023 0:45,2724.343109
5/13/2023 1:00,2724.351277
5/13/2023 1:15,2724.346028
5/13/2023 1:30,2724.344869
5/13/2023 1:45,2724.3402
5/13/2023 2:00,2724.34137
5/13/2023 2:15,2724.3402
5/13/2023 2:30,2724.34136
5/13/2023 2:45,2724.336702
5/13/2023 3:00,2724.344279
5/13/2023 3:15,2724.3402
5/13/2023 3:30,2724.344279
5/13/2023 3:45,2724.34195
5/13/2023 4:00,2724.338451
5/13/2023 4:15,2724.343109
5/13/2023 4:30,2724.343109
5/13/2023 4:45,2724.343109
5/13/2023 5:00,2724.343109
5/13/2023 5:15,2724.34136
5/13/2023 5:30,2724.343109
5/13/2023 5:45,2724.333783
5/13/2023 6:00,2724.338441
5/13/2023 6:15,2724.344279
5/13/2023 6:30,2724.339031
5/13/2023 6:45,2724.343119
5/13/2023 7:00,2724.34195
5/13/2023 7:15,2724.344279
5/13/2023 7:30,2724.346028
5/13/2023 7:45,2724.339611
5/13/2023 8:00,2724.343119
5/13/2023 8:15,2724.34195
5/13/2023 8:30,2724.3402
5/13/2023 8:45,2724.3402
5/13/2023 9:00,2724.344859
5/13/2023 9:15,2724.338451
5/13/2023 9:30,2724.343109
5/13/2023 9:45,2724.339621
5/13/2023 10:00,2724.338451
5/13/2023 10:15,2724.34195
5/13/2023 10:30,2724.3402
5/13/2023 10:45,2724.3402
5/13/2023 11:00,2724.3402
5/13/2023 11:15,2724.34136
5/13/2023 11:30,2724.3402
5/13/2023 11:45,2724.338451
5/13/2023 12:00,2724.3402
5/13/2023 12:15,2724.337281
5/13/2023 12:30,2724.343109
5/13/2023 12:45,2724.3402
5/13/2023 13:00,2724.3402
5/13/2023 13:15,2724.343119
5/13/2023 13:30,2724.34137
5/13/2023 13:45,2724.34137
5/13/2023 14:00,2724.3402
5/13/2023 14:15,2724.338451
5/13/2023 14:30,2724.330874
5/13/2023 14:45,2724.34195
5/13/2023 15:00,2724.343119
5/13/2023 15:15,2724.343699
5/13/2023 15:30,2724.338441
5/13/2023 15:45,2724.34019
5/13/2023 16:00,2724.338441
5/13/2023 16:15,2724.34136
5/13/2023 16:30,2724.337281
5/13/2023 16:45,2724.338451
5/13/2023 17:00,2724.338451
5/13/2023 17:15,2724.337281
5/13/2023 17:30,2724.337281
5/13/2023 17:45,2724.343119
5/13/2023 18:00,2724.3402
5/13/2023 18:15,2724.344279
5/13/2023 18:30,2724.34137
5/13/2023 18:45,2724.344869
5/13/2023 19:00,2724.34137
5/13/2023 19:15,2724.3402
5/13/2023 19:30,2724.339611
5/13/2023 19:45,2724.338441
5/13/2023 20:00,2724.34136
5/13/2023 20:15,2724.333783
5/13/2023 20:30,2724.34137
5/13/2023 20:45,2724.34253
5/13/2023 21:00,2724.339611
5/13/2023 21:15,2724.344279
5/13/2023 21:30,2724.34253
5/13/2023 21:45,2724.34136
5/13/2023 22:00,2724.34136
5/13/2023 22:15,2724.344279
5/13/2023 22:30,2724.343689
5/13/2023 22:45,2724.34078
5/13/2023 23:00,2724.339611
5/13/2023 23:15,2724.344279
5/13/2023 23:30,2724.345439
5/13/2023 23:45,2724.343109
5/14/2023 0:00,2724.339611
5/14/2023 0:15,2724.339611
5/14/2023 0:30,2724.34136
5/14/2023 0:45,2724.336112
5/14/2023 1:00,2724.34253
5/14/2023 1:15,2724.34136
5/14/2023 1:30,2724.34136
5/14/2023 1:45,2724.337861
5/14/2023 2:00,2724.344279
5/14/2023 2:15,2724.339611
5/14/2023 2:30,2724.34136
5/14/2023 2:45,2724.34253
5/14/2023 3:00,2724.34078
5/14/2023 3:15,2724.34136
5/14/2023 3:30,2724.343689
5/14/2023 3:45,2724.34078
5/14/2023 4:00,2724.34253
5/14/2023 4:15,2724.34136
5/14/2023 4:30,2724.339611
5/14/2023 4:45,2724.346028
5/14/2023 5:00,2724.34136
5/14/2023 5:15,2724.34078
5/14/2023 5:30,2724.34136
5/14/2023 5:45,2724.336692
5/14/2023 6:00,2724.34253
5/14/2023 6:15,2724.337871
5/14/2023 6:30,2724.337871
5/14/2023 6:45,2724.34078
5/14/2023 7:00,2724.34253
5/14/2023 7:15,2724.338451
5/14/2023 7:30,2724.34078
5/14/2023 7:45,2724.336702
5/14/2023 8:00,2724.337861
5/14/2023 8:15,2724.339611
5/14/2023 8:30,2724.339611
5/14/2023 8:45,2724.336112
5/14/2023 9:00,2724.336112
5/14/2023 9:15,2724.337871
5/14/2023 9:30,2724.339621
5/14/2023 9:45,2724.339621
5/14/2023 10:00,2724.337871
5/14/2023 10:15,2724.336702
5/14/2023 10:30,2724.336122
5/14/2023 10:45,2724.34253
5/14/2023 11:00,2724.337871
5/14/2023 11:15,2724.336122
5/14/2023 11:30,2724.334952
5/14/2023 11:45,2724.339621
5/14/2023 12:00,2724.336702
5/14/2023 12:15,2724.334952
5/14/2023 12:30,2724.336702
5/14/2023 12:45,2724.336702
5/14/2023 13:00,2724.336702
5/14/2023 13:15,2724.336122
5/14/2023 13:30,2724.339621
5/14/2023 13:45,2724.334952
5/14/2023 14:00,2724.336122
5/14/2023 14:15,2724.336122
5/14/2023 14:30,2724.334952
5/14/2023 14:45,2724.34137
5/14/2023 15:00,2724.334372
5/14/2023 15:15,2724.336702
5/14/2023 15:30,2724.336122
5/14/2023 15:45,2724.344279
5/14/2023 16:00,2724.353606
5/14/2023 16:15,2724.346028
5/14/2023 16:30,2724.348947
5/14/2023 16:45,2724.347198
5/14/2023 17:00,2724.348368
5/14/2023 17:15,2724.347198
5/14/2023 17:30,2724.345449
5/14/2023 17:45,2724.344279
5/14/2023 18:00,2724.350117
5/14/2023 18:15,2724.347198
5/14/2023 18:30,2724.347198
5/14/2023 18:45,2724.346028
5/14/2023 19:00,2724.344279
5/14/2023 19:15,2724.343109
5/14/2023 19:30,2724.344279
5/14/2023 19:45,2724.34078
5/14/2023 20:00,2724.345449
5/14/2023 20:15,2724.34195
5/14/2023 20:30,2724.34253
5/14/2023 20:45,2724.34078
5/14/2023 21:00,2724.344279
5/14/2023 21:15,2724.34078
5/14/2023 21:30,2724.339031
5/14/2023 21:45,2724.34078
5/14/2023 22:00,2724.339611
5/14/2023 22:15,2724.336112
5/14/2023 22:30,2724.34078
5/14/2023 22:45,2724.343689
5/14/2023 23:00,2724.343689
5/14/2023 23:15,2724.339031
5/14/2023 23:30,2724.344859
5/14/2023 23:45,2724.34194
5/15/2023 0:00,2724.339031
5/15/2023 0:15,2724.34019
5/15/2023 0:30,2724.343689
5/15/2023 0:45,2724.34194
5/15/2023 1:00,2724.34194
5/15/2023 1:15,2724.346608
5/15/2023 1:30,2724.344859
5/15/2023 1:45,2724.336112
5/15/2023 2:00,2724.34078
5/15/2023 2:15,2724.343689
5/15/2023 2:30,2724.34078
5/15/2023 2:45,2724.339031
5/15/2023 3:00,2724.34195
5/15/2023 3:15,2724.346608
5/15/2023 3:30,2724.348358
5/15/2023 3:45,2724.349527
5/15/2023 4:00,2724.343699
5/15/2023 4:15,2724.343699
5/15/2023 4:30,2724.345449
5/15/2023 4:45,2724.339031
5/15/2023 5:00,2724.346608
5/15/2023 5:15,2724.353026
5/15/2023 5:30,2724.346608
5/15/2023 5:45,2724.346608
5/15/2023 6:00,2724.343699
5/15/2023 6:15,2724.348358
5/15/2023 6:30,2724.34253
5/15/2023 6:45,2724.34019
5/15/2023 7:00,2724.34194
5/15/2023 7:15,2724.336122
5/15/2023 7:30,2724.337281
5/15/2023 7:45,2724.339031
5/15/2023 8:00,2724.334372
5/15/2023 8:15,2724.336112
5/15/2023 8:30,2724.332623
5/15/2023 8:45,2724.337281
5/15/2023 9:00,2724.336112
5/15/2023 9:15,2724.337281
5/15/2023 9:30,2724.332623
5/15/2023 9:45,2724.337281
5/15/2023 10:00,2724.34078
5/15/2023 10:15,2724.343699
5/15/2023 10:30,2724.339031
5/15/2023 10:45,2724.336112
5/15/2023 11:00,2724.337281
5/15/2023 11:15,2724.337281
5/15/2023 11:30,2724.345449
5/15/2023 11:45,2724.351277
5/15/2023 12:00,2724.349527
5/15/2023 12:15,2724.350107
5/15/2023 12:30,2724.354196
5/15/2023 12:45,2724.355945
5/15/2023 13:00,2724.362353
5/15/2023 13:15,2724.360603
5/15/2023 13:30,2724.344869
5/15/2023 13:45,2724.349527
5/15/2023 14:00,2724.343699
5/15/2023 14:15,2724.347198
5/15/2023 14:30,2724.346608
5/15/2023 14:45,2724.345439
5/15/2023 15:00,2724.349527
5/15/2023 15:15,2724.350107
5/15/2023 15:30,2724.350107
5/15/2023 15:45,2724.337281
5/15/2023 16:00,2724.34078
5/15/2023 16:15,2724.34253
5/15/2023 16:30,2724.346608
5/15/2023 16:45,2724.34194
5/15/2023 17:00,2724.345439
5/15/2023 17:15,2724.339611
5/15/2023 17:30,2724.348358
5/15/2023 17:45,2724.344279
5/15/2023 18:00,2724.34078
5/15/2023 18:15,2724.34078
5/15/2023 18:30,2724.336692
5/15/2023 18:45,2724.339611
5/15/2023 19:00,2724.337861
5/15/2023 19:15,2724.34253
5/15/2023 19:30,2724.34194
5/15/2023 19:45,2724.350117
5/15/2023 20:00,2724.345449
5/15/2023 20:15,2724.345449
5/15/2023 20:30,2724.344279
5/15/2023 20:45,2724.344279
5/15/2023 21:00,2724.34253
5/15/2023 21:15,2724.339611
5/15/2023 21:30,2724.345449
5/15/2023 21:45,2724.349527
5/15/2023 22:00,2724.343699
5/15/2023 22:15,2724.34253
5/15/2023 22:30,2724.347198
5/15/2023 22:45,2724.34195
5/15/2023 23:00,2724.343699
5/15/2023 23:15,2724.345449
5/15/2023 23:30,2724.347198
5/15/2023 23:45,2724.345449
5/16/2023 0:00,2724.34253
5/16/2023 0:15,2724.348368
5/16/2023 0:30,2724.347198
5/16/2023 0:45,2724.34078
5/16/2023 1:00,2724.348947
5/16/2023 1:15,2724.34078
5/16/2023 1:30,2724.360603
5/16/2023 1:45,2724.358854
5/16/2023 2:00,2724.361183
5/16/2023 2:15,2724.356525
5/16/2023 2:30,2724.34253
5/16/2023 2:45,2724.34253
5/16/2023 3:00,2724.339611
5/16/2023 3:15,2724.34253
5/16/2023 3:30,2724.353026
5/16/2023 3:45,2724.351856
5/16/2023 4:00,2724.345449
5/16/2023 4:15,2724.347198
5/16/2023 4:30,2724.344279
5/16/2023 4:45,2724.348368
5/16/2023 5:00,2724.346028
5/16/2023 5:15,2724.347198
5/16/2023 5:30,2724.345439
5/16/2023 5:45,2724.350107
5/16/2023 6:00,2724.34253
5/16/2023 6:15,2724.34137
5/16/2023 6:30,2724.34078
5/16/2023 6:45,2724.337871
5/16/2023 7:00,2724.347198
5/16/2023 7:15,2724.337871
5/16/2023 7:30,2724.339031
5/16/2023 7:45,2724.34078
5/16/2023 8:00,2724.345449
5/16/2023 8:15,2724.345449
5/16/2023 8:30,2724.34253
5/16/2023 8:45,2724.34253
5/16/2023 9:00,2724.34078
5/16/2023 9:15,2724.339031
5/16/2023 9:30,2724.34253
5/16/2023 9:45,2724.34078
5/16/2023 10:00,2724.344279
5/16/2023 10:15,2724.347188
5/16/2023 10:30,2724.337861
5/16/2023 10:45,2724.334942
5/16/2023 11:00,2724.34136
5/16/2023 11:15,2724.34136
5/16/2023 11:30,2724.34136
5/16/2023 11:45,2724.337861
5/16/2023 12:00,2724.339611
5/16/2023 12:15,2724.336702
5/16/2023 12:30,2724.336702
5/16/2023 12:45,2724.336702
5/16/2023 13:00,2724.337871
5/16/2023 13:15,2724.34253
5/16/2023 13:30,2724.343119
5/16/2023 13:45,2724.34253
5/16/2023 14:00,2724.334942
5/16/2023 14:15,2724.339611
5/16/2023 14:30,2724.343109
5/16/2023 14:45,2724.347778
5/16/2023 15:00,2724.34136
5/16/2023 15:15,2724.34137
5/16/2023 15:30,2724.34137
5/16/2023 15:45,2724.344279
5/16/2023 16:00,2724.348937
5/16/2023 16:15,2724.347188
5/16/2023 16:30,2724.348937
5/16/2023 16:45,2724.347778
5/16/2023 17:00,2724.357105
5/16/2023 17:15,2724.343109
5/16/2023 17:30,2724.353606
5/16/2023 17:45,2724.348947
5/16/2023 18:00,2724.346028
5/16/2023 18:15,2724.356525
5/16/2023 18:30,2724.348947
5/16/2023 18:45,2724.344859
5/16/2023 19:00,2724.355355
5/16/2023 19:15,2724.343109
5/16/2023 19:30,2724.350697
5/16/2023 19:45,2724.354196
5/16/2023 20:00,2724.349527
5/16/2023 20:15,2724.355355
5/16/2023 20:30,2724.343109
5/16/2023 20:45,2724.361193
5/16/2023 21:00,2724.350697
5/16/2023 21:15,2724.352436
5/16/2023 21:30,2724.350687
5/16/2023 21:45,2724.350687
5/16/2023 22:00,2724.347778
5/16/2023 22:15,2724.347188
5/16/2023 22:30,2724.358274
5/16/2023 22:45,2724.368771
5/16/2023 23:00,2724.34137
5/16/2023 23:15,2724.353616
5/16/2023 23:30,2724.356525
5/16/2023 23:45,2724.361183
5/17/2023 0:00,2724.355365
5/17/2023 0:15,2724.357115
5/17/2023 0:30,2724.352446
5/17/2023 0:45,2724.353616
5/17/2023 1:00,2724.348937
5/17/2023 1:15,2724.357105
5/17/2023 1:30,2724.350697
5/17/2023 1:45,2724.353606
5/17/2023 2:00,2724.353606
5/17/2023 2:15,2724.351856
5/17/2023 2:30,2724.360024
5/17/2023 2:45,2724.358854
5/17/2023 3:00,2724.348947
5/17/2023 3:15,2724.355355
5/17/2023 3:30,2724.361193
5/17/2023 3:45,2724.358274
5/17/2023 4:00,2724.353616
5/17/2023 4:15,2724.356525
5/17/2023 4:30,2724.354775
5/17/2023 4:45,2724.358274
5/17/2023 5:00,2724.355365
5/17/2023 5:15,2724.358864
5/17/2023 5:30,2724.360024
5/17/2023 5:45,2724.353606
5/17/2023 6:00,2724.364682
5/17/2023 6:15,2724.358274
5/17/2023 6:30,2724.362943
5/17/2023 6:45,2724.349527
5/17/2023 7:00,2724.355355
5/17/2023 7:15,2724.362943
5/17/2023 7:30,2724.347778
5/17/2023 7:45,2724.358274
5/17/2023 8:00,2724.358274
5/17/2023 8:15,2724.352446
5/17/2023 8:30,2724.353616
5/17/2023 8:45,2724.346028
5/17/2023 9:00,2724.352446
5/17/2023 9:15,2724.350697
5/17/2023 9:30,2724.358274
5/17/2023 9:45,2724.364692
5/17/2023 10:00,2724.355365
5/17/2023 10:15,2724.347778
5/17/2023 10:30,2724.344869
5/17/2023 10:45,2724.354196
5/17/2023 11:00,2724.357105
5/17/2023 11:15,2724.352436
5/17/2023 11:30,2724.353606
5/17/2023 11:45,2724.344279
5/17/2023 12:00,2724.343109
5/17/2023 12:15,2724.344859
5/17/2023 12:30,2724.347778
5/17/2023 12:45,2724.352436
5/17/2023 13:00,2724.358274
5/17/2023 13:15,2724.352436
5/17/2023 13:30,2724.367601
5/17/2023 13:45,2724.355355
5/17/2023 14:00,2724.361773
5/17/2023 14:15,2724.348368
5/17/2023 14:30,2724.344869
5/17/2023 14:45,2724.350687
5/17/2023 15:00,2724.345439
5/17/2023 15:15,2724.357105
5/17/2023 15:30,2724.360603
5/17/2023 15:45,2724.349527
5/17/2023 16:00,2724.357105
5/17/2023 16:15,2724.357105
5/17/2023 16:30,2724.343699
5/17/2023 16:45,2724.354196
5/17/2023 17:00,2724.354775
5/17/2023 17:15,2724.348358
5/17/2023 17:30,2724.3402
5/17/2023 17:45,2724.344869
5/17/2023 18:00,2724.346618
5/17/2023 18:15,2724.354196
5/17/2023 18:30,2724.355945
5/17/2023 18:45,2724.351277
5/17/2023 19:00,2724.353026
5/17/2023 19:15,2724.354196
5/17/2023 19:30,2724.365272
5/17/2023 19:45,2724.351277
5/17/2023 20:00,2724.357684
5/17/2023 20:15,2724.344859
5/17/2023 20:30,2724.351277
5/17/2023 20:45,2724.354196
5/17/2023 21:00,2724.355935
5/17/2023 21:15,2724.346608
5/17/2023 21:30,2724.354196
5/17/2023 21:45,2724.344859
5/17/2023 22:00,2724.354186
5/17/2023 22:15,2724.355355
5/17/2023 22:30,2724.347778
5/17/2023 22:45,2724.364682
5/17/2023 23:00,2724.357105
5/17/2023 23:15,2724.360024
5/17/2023 23:30,2724.358854
5/17/2023 23:45,2724.358274
5/18/2023 0:00,2724.352446
5/18/2023 0:15,2724.357684
5/18/2023 0:30,2724.345439
5/18/2023 0:45,2724.348358
5/18/2023 1:00,2724.346608
5/18/2023 1:15,2724.358854
5/18/2023 1:30,2724.353026
5/18/2023 1:45,2724.353026
5/18/2023 2:00,2724.355945
5/18/2023 2:15,2724.358854
5/18/2023 2:30,2724.358854
5/18/2023 2:45,2724.360024
5/18/2023 3:00,2724.351277
5/18/2023 3:15,2724.354196
5/18/2023 3:30,2724.357115
5/18/2023 3:45,2724.354196
5/18/2023 4:00,2724.358274
5/18/2023 4:15,2724.352436
5/18/2023 4:30,2724.360613
5/18/2023 4:45,2724.352436
5/18/2023 5:00,2724.354186
5/18/2023 5:15,2724.355355
5/18/2023 5:30,2724.364682
5/18/2023 5:45,2724.358854
5/18/2023 6:00,2724.34194
5/18/2023 6:15,2724.360024
5/18/2023 6:30,2724.361773
5/18/2023 6:45,2724.355945
5/18/2023 7:00,2724.354196
5/18/2023 7:15,2724.364692
5/18/2023 7:30,2724.358854
5/18/2023 7:45,2724.346028
5/18/2023 8:00,2724.354186
5/18/2023 8:15,2724.354186
5/18/2023 8:30,2724.355935
5/18/2023 8:45,2724.366431
5/18/2023 9:00,2724.349527
5/18/2023 9:15,2724.34078
5/18/2023 9:30,2724.349527
5/18/2023 9:45,2724.348358
5/18/2023 10:00,2724.357684
5/18/2023 10:15,2724.348358
5/18/2023 10:30,2724.343689
5/18/2023 10:45,2724.352436
5/18/2023 11:00,2724.344859
5/18/2023 11:15,2724.349527
5/18/2023 11:30,2724.346618
5/18/2023 11:45,2724.348368
5/18/2023 12:00,2724.349527
5/18/2023 12:15,2724.360024
5/18/2023 12:30,2724.361773
5/18/2023 12:45,2724.358274
5/18/2023 13:00,2724.353026
5/18/2023 13:15,2724.351277
5/18/2023 13:30,2724.347778
5/18/2023 13:45,2724.349527
5/18/2023 14:00,2724.355935
5/18/2023 14:15,2724.357105
5/18/2023 14:30,2724.360603
5/18/2023 14:45,2724.357105
5/18/2023 15:00,2724.354196
5/18/2023 15:15,2724.347778
5/18/2023 15:30,2724.339031
5/18/2023 15:45,2724.353026
5/18/2023 16:00,2724.358864
5/18/2023 16:15,2724.360613
5/18/2023 16:30,2724.349527
5/18/2023 16:45,2724.355945
5/18/2023 17:00,2724.34195
5/18/2023 17:15,2724.343699
5/18/2023 17:30,2724.348358
5/18/2023 17:45,2724.354196
5/18/2023 18:00,2724.361773
5/18/2023 18:15,2724.347778
5/18/2023 18:30,2724.351277
5/18/2023 18:45,2724.363522
5/18/2023 19:00,2724.355355
5/18/2023 19:15,2724.349527
5/18/2023 19:30,2724.354186
5/18/2023 19:45,2724.349527
5/18/2023 20:00,2724.358274
5/18/2023 20:15,2724.355355
5/18/2023 20:30,2724.349527
5/18/2023 20:45,2724.357115
5/18/2023 21:00,2724.352446
5/18/2023 21:15,2724.358864
5/18/2023 21:30,2724.361773
5/18/2023 21:45,2724.356525
5/18/2023 22:00,2724.360024
5/18/2023 22:15,2724.357105
5/18/2023 22:30,2724.347778
5/18/2023 22:45,2724.350697
5/18/2023 23:00,2724.360024
5/18/2023 23:15,2724.349527
5/18/2023 23:30,2724.355365
5/18/2023 23:45,2724.351866
5/19/2023 0:00,2724.352446
5/19/2023 0:15,2724.360024
5/19/2023 0:30,2724.348947
5/19/2023 0:45,2724.344279
5/19/2023 1:00,2724.359444
5/19/2023 1:15,2724.352446
5/19/2023 1:30,2724.34195
5/19/2023 1:45,2724.349527
5/19/2023 2:00,2724.352446
5/19/2023 2:15,2724.357105
5/19/2023 2:30,2724.351866
5/19/2023 2:45,2724.349527
5/19/2023 3:00,2724.346608
5/19/2023 3:15,2724.348947
5/19/2023 3:30,2724.352446
5/19/2023 3:45,2724.350697
5/19/2023 4:00,2724.350697
5/19/2023 4:15,2724.347778
5/19/2023 4:30,2724.349527
5/19/2023 4:45,2724.343109
5/19/2023 5:00,2724.343109
5/19/2023 5:15,2724.347188
5/19/2023 5:30,2724.350687
5/19/2023 5:45,2724.350697
5/19/2023 6:00,2724.343119
5/19/2023 6:15,2724.343109
5/19/2023 6:30,2724.34253
5/19/2023 6:45,2724.34136
5/19/2023 7:00,2724.343109
5/19/2023 7:15,2724.339611
5/19/2023 7:30,2724.349527
5/19/2023 7:45,2724.347188
5/19/2023 8:00,2724.34136
5/19/2023 8:15,2724.346028
5/19/2023 8:30,2724.344869
5/19/2023 8:45,2724.344279
5/19/2023 9:00,2724.348947
5/19/2023 9:15,2724.338451
5/19/2023 9:30,2724.352446
5/19/2023 9:45,2724.347198
5/19/2023 10:00,2724.347198
5/19/2023 10:15,2724.348947
5/19/2023 10:30,2724.358274
5/19/2023 10:45,2724.368771
5/19/2023 11:00,2724.374599
5/19/2023 11:15,2724.365862
5/19/2023 11:30,2724.361193
5/19/2023 11:45,2724.351866
5/19/2023 12:00,2724.365272
5/19/2023 12:15,2724.360613
5/19/2023 12:30,2724.354775
5/19/2023 12:45,2724.362363
5/19/2023 13:00,2724.358274
5/19/2023 13:15,2724.354775
5/19/2023 13:30,2724.358274
5/19/2023 13:45,2724.351856
5/19/2023 14:00,2724.359444
5/19/2023 14:15,2724.354775
5/19/2023 14:30,2724.355355
5/19/2023 14:45,2724.350107
5/19/2023 15:00,2724.348947
5/19/2023 15:15,2724.353606
5/19/2023 15:30,2724.350117
5/19/2023 15:45,2724.351866
5/19/2023 16:00,2724.344279
5/19/2023 16:15,2724.339621
5/19/2023 16:30,2724.34078
5/19/2023 16:45,2724.347198
5/19/2023 17:00,2724.348947
5/19/2023 17:15,2724.351277
5/19/2023 17:30,2724.350107
5/19/2023 17:45,2724.34253
5/19/2023 18:00,2724.344279
5/19/2023 18:15,2724.353606
5/19/2023 18:30,2724.338451
5/19/2023 18:45,2724.339611
5/19/2023 19:00,2724.348947
5/19/2023 19:15,2724.344279
5/19/2023 19:30,2724.343699
5/19/2023 19:45,2724.351277
5/19/2023 20:00,2724.334942
5/19/2023 20:15,2724.347188
5/19/2023 20:30,2724.353606
5/19/2023 20:45,2724.350107
5/19/2023 21:00,2724.344279
5/19/2023 21:15,2724.332033
5/19/2023 21:30,2724.345449
5/19/2023 21:45,2724.34253
5/19/2023 22:00,2724.34253
5/19/2023 22:15,2724.34253
5/19/2023 22:30,2724.339611
5/19/2023 22:45,2724.339611
5/19/2023 23:00,2724.337861
5/19/2023 23:15,2724.348937
5/19/2023 23:30,2724.355935
5/19/2023 23:45,2724.345439
5/20/2023 0:00,2724.336112
5/20/2023 0:15,2724.344279
5/20/2023 0:30,2724.333203
5/20/2023 0:45,2724.343699
5/20/2023 1:00,2724.34136
5/20/2023 1:15,2724.337861
5/20/2023 1:30,2724.347198
5/20/2023 1:45,2724.34253
5/20/2023 2:00,2724.333783
5/20/2023 2:15,2724.333783
5/20/2023 2:30,2724.343699
5/20/2023 2:45,2724.337861
5/20/2023 3:00,2724.337871
5/20/2023 3:15,2724.337871
5/20/2023 3:30,2724.336702
5/20/2023 3:45,2724.336112
5/20/2023 4:00,2724.343689
5/20/2023 4:15,2724.336702
5/20/2023 4:30,2724.334952
5/20/2023 4:45,2724.339621
5/20/2023 5:00,2724.339611
5/20/2023 5:15,2724.333783
5/20/2023 5:30,2724.336692
5/20/2023 5:45,2724.329114
5/20/2023 6:00,2724.34253
5/20/2023 6:15,2724.34253
5/20/2023 6:30,2724.34253
5/20/2023 6:45,2724.34253
5/20/2023 7:00,2724.333783
5/20/2023 7:15,2724.344279
5/20/2023 7:30,2724.336112
5/20/2023 7:45,2724.330284
5/20/2023 8:00,2724.344279
5/20/2023 8:15,2724.339031
5/20/2023 8:30,2724.345439
5/20/2023 8:45,2724.34078
5/20/2023 9:00,2724.34253
5/20/2023 9:15,2724.337281
5/20/2023 9:30,2724.336112
5/20/2023 9:45,2724.34078
5/20/2023 10:00,2724.34078
5/20/2023 10:15,2724.34078
5/20/2023 10:30,2724.339611
5/20/2023 10:45,2724.339031
5/20/2023 11:00,2724.336112
5/20/2023 11:15,2724.334362
5/20/2023 11:30,2724.333193
5/20/2023 11:45,2724.328534
5/20/2023 12:00,2724.332033
5/20/2023 12:15,2724.330284
5/20/2023 12:30,2724.333783
5/20/2023 12:45,2724.327365
5/20/2023 13:00,2724.327375
5/20/2023 13:15,2724.333203
5/20/2023 13:30,2724.327375
5/20/2023 13:45,2724.330284
5/20/2023 14:00,2724.333193
5/20/2023 14:15,2724.339611
5/20/2023 14:30,2724.328534
5/20/2023 14:45,2724.339611
5/20/2023 15:00,2724.332033
5/20/2023 15:15,2724.326205
5/20/2023 15:30,2724.333783
5/20/2023 15:45,2724.328534
5/20/2023 16:00,2724.329124
5/20/2023 16:15,2724.326205
5/20/2023 16:30,2724.332033
5/20/2023 16:45,2724.320947
5/20/2023 17:00,2724.330874
5/20/2023 17:15,2724.327375
5/20/2023 17:30,2724.336702
5/20/2023 17:45,2724.333783
5/20/2023 18:00,2724.330284
5/20/2023 18:15,2724.339611
5/20/2023 18:30,2724.344279
5/20/2023 18:45,2724.336702
5/20/2023 19:00,2724.339621
5/20/2023 19:15,2724.346028
5/20/2023 19:30,2724.343699
5/20/2023 19:45,2724.34253
5/20/2023 20:00,2724.34253
5/20/2023 20:15,2724.34253
5/20/2023 20:30,2724.34078
5/20/2023 20:45,2724.339611
5/20/2023 21:00,2724.339621
5/20/2023 21:15,2724.337871
5/20/2023 21:30,2724.334952
5/20/2023 21:45,2724.34253
5/20/2023 22:00,2724.334942
5/20/2023 22:15,2724.334952
5/20/2023 22:30,2724.332033
5/20/2023 22:45,2724.333783
5/20/2023 23:00,2724.330864
5/20/2023 23:15,2724.331453
5/20/2023 23:30,2724.328534
5/20/2023 23:45,2724.339611
5/21/2023 0:00,2724.333203
5/21/2023 0:15,2724.337861
5/21/2023 0:30,2724.339611
5/21/2023 0:45,2724.333203
5/21/2023 1:00,2724.336122
5/21/2023 1:15,2724.333783
5/21/2023 1:30,2724.339621
5/21/2023 1:45,2724.336702
5/21/2023 2:00,2724.334942
5/21/2023 2:15,2724.34136
5/21/2023 2:30,2724.324446
5/21/2023 2:45,2724.332033
5/21/2023 3:00,2724.332033
5/21/2023 3:15,2724.338451
5/21/2023 3:30,2724.34253
5/21/2023 3:45,2724.34078
5/21/2023 4:00,2724.337861
5/21/2023 4:15,2724.34253
5/21/2023 4:30,2724.336702
5/21/2023 4:45,2724.334952
5/21/2023 5:00,2724.34136
5/21/2023 5:15,2724.324456
5/21/2023 5:30,2724.329114
5/21/2023 5:45,2724.34253
5/21/2023 6:00,2724.330284
5/21/2023 6:15,2724.332033
5/21/2023 6:30,2724.332033
5/21/2023 6:45,2724.336702
5/21/2023 7:00,2724.333783
5/21/2023 7:15,2724.337861
5/21/2023 7:30,2724.327365
5/21/2023 7:45,2724.333203
5/21/2023 8:00,2724.337861
5/21/2023 8:15,2724.336702
5/21/2023 8:30,2724.339611
5/21/2023 8:45,2724.334952
5/21/2023 9:00,2724.333203
5/21/2023 9:15,2724.327365
5/21/2023 9:30,2724.332033
5/21/2023 9:45,2724.334952
5/21/2023 10:00,2724.332033
5/21/2023 10:15,2724.330864
5/21/2023 10:30,2724.327365
5/21/2023 10:45,2724.336702
5/21/2023 11:00,2724.332613
5/21/2023 11:15,2724.335532
5/21/2023 11:30,2724.327955
5/21/2023 11:45,2724.327375
5/21/2023 12:00,2724.333783
5/21/2023 12:15,2724.327375
5/21/2023 12:30,2724.333783
5/21/2023 12:45,2724.335532
5/21/2023 13:00,2724.332623
5/21/2023 13:15,2724.332033
5/21/2023 13:30,2724.329114
5/21/2023 13:45,2724.333783
5/21/2023 14:00,2724.326195
5/21/2023 14:15,2724.327945
5/21/2023 14:30,2724.327365
5/21/2023 14:45,2724.332613
5/21/2023 15:00,2724.329704
5/21/2023 15:15,2724.326785
5/21/2023 15:30,2724.327365
5/21/2023 15:45,2724.337281
5/21/2023 16:00,2724.343119
5/21/2023 16:15,2724.333783
5/21/2023 16:30,2724.34195
5/21/2023 16:45,2724.330864
5/21/2023 17:00,2724.339621
5/21/2023 17:15,2724.347778
5/21/2023 17:30,2724.347198
5/21/2023 17:45,2724.346028
5/21/2023 18:00,2724.358274
5/21/2023 18:15,2724.367601
5/21/2023 18:30,2724.36935
5/21/2023 18:45,2724.372269
5/21/2023 19:00,2724.375188
5/21/2023 19:15,2724.372269
5/21/2023 19:30,2724.361773
5/21/2023 19:45,2724.360024
5/21/2023 20:00,2724.365862
5/21/2023 20:15,2724.364692
5/21/2023 20:30,2724.358864
5/21/2023 20:45,2724.361193
5/21/2023 21:00,2724.359444
5/21/2023 21:15,2724.355355
5/21/2023 21:30,2724.352446
5/21/2023 21:45,2724.351856
5/21/2023 22:00,2724.351856
5/21/2023 22:15,2724.348947
5/21/2023 22:30,2724.346028
5/21/2023 22:45,2724.347198
5/21/2023 23:00,2724.355355
5/21/2023 23:15,2724.350697
5/21/2023 23:30,2724.348947
5/21/2023 23:45,2724.346028
5/22/2023 0:00,2724.344279
5/22/2023 0:15,2724.346028
5/22/2023 0:30,2724.338451
5/22/2023 0:45,2724.347778
5/22/2023 1:00,2724.347778
5/22/2023 1:15,2724.347778
5/22/2023 1:30,2724.349527
5/22/2023 1:45,2724.346028
5/22/2023 2:00,2724.344869
5/22/2023 2:15,2724.347778
5/22/2023 2:30,2724.349527
5/22/2023 2:45,2724.343109
5/22/2023 3:00,2724.343109
5/22/2023 3:15,2724.34136
5/22/2023 3:30,2724.346028
5/22/2023 3:45,2724.335532
5/22/2023 4:00,2724.335532
5/22/2023 4:15,2724.337281
5/22/2023 4:30,2724.337281
5/22/2023 4:45,2724.34253
5/22/2023 5:00,2724.346028
5/22/2023 5:15,2724.34136
5/22/2023 5:30,2724.344279
5/22/2023 5:45,2724.344859
5/22/2023 6:00,2724.339611
5/22/2023 6:15,2724.346028
5/22/2023 6:30,2724.338451
5/22/2023 6:45,2724.343109
5/22/2023 7:00,2724.347198
5/22/2023 7:15,2724.333783
5/22/2023 7:30,2724.34195
5/22/2023 7:45,2724.344279
5/22/2023 8:00,2724.335532
5/22/2023 8:15,2724.335532
5/22/2023 8:30,2724.3402
5/22/2023 8:45,2724.339031
5/22/2023 9:00,2724.337281
5/22/2023 9:15,2724.34137
5/22/2023 9:30,2724.335532
5/22/2023 9:45,2724.337281
5/22/2023 10:00,2724.335532
5/22/2023 10:15,2724.335532
5/22/2023 10:30,2724.34019
5/22/2023 10:45,2724.333783
5/22/2023 11:00,2724.338441
5/22/2023 11:15,2724.336692
5/22/2023 11:30,2724.335532
5/22/2023 11:45,2724.34019
5/22/2023 12:00,2724.336702
5/22/2023 12:15,2724.343109
5/22/2023 12:30,2724.338451
5/22/2023 12:45,2724.333783
5/22/2023 13:00,2724.337281
5/22/2023 13:15,2724.329704
5/22/2023 13:30,2724.334362
5/22/2023 13:45,2724.329704
5/22/2023 14:00,2724.329704
5/22/2023 14:15,2724.334362
5/22/2023 14:30,2724.326785
5/22/2023 14:45,2724.334362
5/22/2023 15:00,2724.325036
5/22/2023 15:15,2724.328534
5/22/2023 15:30,2724.325615
5/22/2023 15:45,2724.329704
5/22/2023 16:00,2724.333203
5/22/2023 16:15,2724.325625
5/22/2023 16:30,2724.323286
5/22/2023 16:45,2724.322117
5/22/2023 17:00,2724.328534
5/22/2023 17:15,2724.325036
5/22/2023 17:30,2724.325036
5/22/2023 17:45,2724.325036
5/22/2023 18:00,2724.332623
5/22/2023 18:15,2724.326205
5/22/2023 18:30,2724.332623
5/22/2023 18:45,2724.327955
5/22/2023 19:00,2724.332033
5/22/2023 19:15,2724.336112
5/22/2023 19:30,2724.335532
5/22/2023 19:45,2724.335532
5/22/2023 20:00,2724.338451
5/22/2023 20:15,2724.334362
5/22/2023 20:30,2724.329114
5/22/2023 20:45,2724.327945
5/22/2023 21:00,2724.335532
5/22/2023 21:15,2724.336702
5/22/2023 21:30,2724.324446
5/22/2023 21:45,2724.330864
5/22/2023 22:00,2724.337281
5/22/2023 22:15,2724.327945
5/22/2023 22:30,2724.333783
5/22/2023 22:45,2724.339611
5/22/2023 23:00,2724.338451
5/22/2023 23:15,2724.336702
5/22/2023 23:30,2724.339611
5/22/2023 23:45,2724.332033
5/23/2023 0:00,2724.337281
5/23/2023 0:15,2724.333783
5/23/2023 0:30,2724.333783
5/23/2023 0:45,2724.327945
5/23/2023 1:00,2724.3402
5/23/2023 1:15,2724.336702
5/23/2023 1:30,2724.34136
5/23/2023 1:45,2724.338451
5/23/2023 2:00,2724.332613
5/23/2023 2:15,2724.329114
5/23/2023 2:30,2724.336702
5/23/2023 2:45,2724.329704
5/23/2023 3:00,2724.329124
5/23/2023 3:15,2724.335532
5/23/2023 3:30,2724.337281
5/23/2023 3:45,2724.330874
5/23/2023 4:00,2724.335532
5/23/2023 4:15,2724.338451
5/23/2023 4:30,2724.332613
5/23/2023 4:45,2724.335532
5/23/2023 5:00,2724.330874
5/23/2023 5:15,2724.333783
5/23/2023 5:30,2724.330864
5/23/2023 5:45,2724.3402
5/23/2023 6:00,2724.336702
5/23/2023 6:15,2724.332613
5/23/2023 6:30,2724.34136
5/23/2023 6:45,2724.333783
5/23/2023 7:00,2724.330864
5/23/2023 7:15,2724.334372
5/23/2023 7:30,2724.334372
5/23/2023 7:45,2724.335532
5/23/2023 8:00,2724.338441
5/23/2023 8:15,2724.327955
5/23/2023 8:30,2724.329704
5/23/2023 8:45,2724.326785
5/23/2023 9:00,2724.332623
5/23/2023 9:15,2724.326205
5/23/2023 9:30,2724.327955
5/23/2023 9:45,2724.332623
5/23/2023 10:00,2724.332623
5/23/2023 10:15,2724.329704
5/23/2023 10:30,2724.331453
5/23/2023 10:45,2724.325036
5/23/2023 11:00,2724.327945
5/23/2023 11:15,2724.332623
5/23/2023 11:30,2724.334372
5/23/2023 11:45,2724.331453
5/23/2023 12:00,2724.325036
5/23/2023 12:15,2724.329114
5/23/2023 12:30,2724.329694
5/23/2023 12:45,2724.323876
5/23/2023 13:00,2724.325036
5/23/2023 13:15,2724.323286
5/23/2023 13:30,2724.318618
5/23/2023 13:45,2724.322127
5/23/2023 14:00,2724.330864
5/23/2023 14:15,2724.325036
5/23/2023 14:30,2724.321537
5/23/2023 14:45,2724.323286
5/23/2023 15:00,2724.325036
5/23/2023 15:15,2724.323286
5/23/2023 15:30,2724.325036
5/23/2023 15:45,2724.34195
5/23/2023 16:00,2724.330864
5/23/2023 16:15,2724.327365
5/23/2023 16:30,2724.331453
5/23/2023 16:45,2724.323286
5/23/2023 17:00,2724.331453
5/23/2023 17:15,2724.326785
5/23/2023 17:30,2724.327945
5/23/2023 17:45,2724.329694
5/23/2023 18:00,2724.323876
5/23/2023 18:15,2724.325625
5/23/2023 18:30,2724.323286
5/23/2023 18:45,2724.323876
5/23/2023 19:00,2724.322127
5/23/2023 19:15,2724.331453
5/23/2023 19:30,2724.326205
5/23/2023 19:45,2724.325036
5/23/2023 20:00,2724.326785
5/23/2023 20:15,2724.332613
5/23/2023 20:30,2724.326205
5/23/2023 20:45,2724.329704
5/23/2023 21:00,2724.320377
5/23/2023 21:15,2724.330864
5/23/2023 21:30,2724.333783
5/23/2023 21:45,2724.333783
5/23/2023 22:00,2724.333783
5/23/2023 22:15,2724.330864
5/23/2023 22:30,2724.344279
5/23/2023 22:45,2724.34195
5/23/2023 23:00,2724.337281
5/23/2023 23:15,2724.329124
5/23/2023 23:30,2724.34195
5/23/2023 23:45,2724.334362
5/24/2023 0:00,2724.335532
5/24/2023 0:15,2724.330864
5/24/2023 0:30,2724.332033
5/24/2023 0:45,2724.330864
5/24/2023 1:00,2724.327365
5/24/2023 1:15,2724.326205
5/24/2023 1:30,2724.332033
5/24/2023 1:45,2724.329704
5/24/2023 2:00,2724.332613
5/24/2023 2:15,2724.332613
5/24/2023 2:30,2724.333783
5/24/2023 2:45,2724.332613
5/24/2023 3:00,2724.322117
5/24/2023 3:15,2724.333783
5/24/2023 3:30,2724.327955
5/24/2023 3:45,2724.327365
5/24/2023 4:00,2724.330864
5/24/2023 4:15,2724.330864
5/24/2023 4:30,2724.326205
5/24/2023 4:45,2724.327365
5/24/2023 5:00,2724.327365
5/24/2023 5:15,2724.327945
5/24/2023 5:30,2724.326195
5/24/2023 5:45,2724.325036
5/24/2023 6:00,2724.329114
5/24/2023 6:15,2724.327955
5/24/2023 6:30,2724.329124
5/24/2023 6:45,2724.325036
5/24/2023 7:00,2724.329124
5/24/2023 7:15,2724.325036
5/24/2023 7:30,2724.327955
5/24/2023 7:45,2724.326205
5/24/2023 8:00,2724.326205
5/24/2023 8:15,2724.321537
5/24/2023 8:30,2724.327955
5/24/2023 8:45,2724.326205
5/24/2023 9:00,2724.334952
5/24/2023 9:15,2724.327955
5/24/2023 9:30,2724.326205
5/24/2023 9:45,2724.326205
5/24/2023 10:00,2724.319787
5/24/2023 10:15,2724.323286
5/24/2023 10:30,2724.320377
5/24/2023 10:45,2724.327955
5/24/2023 11:00,2724.323286
5/24/2023 11:15,2724.327945
5/24/2023 11:30,2724.326195
5/24/2023 11:45,2724.323876
5/24/2023 12:00,2724.325036
5/24/2023 12:15,2724.326785
5/24/2023 12:30,2724.323286
5/24/2023 12:45,2724.318618
5/24/2023 13:00,2724.323286
5/24/2023 13:15,2724.322117
5/24/2023 13:30,2724.320957
5/24/2023 13:45,2724.323866
5/24/2023 14:00,2724.319208
5/24/2023 14:15,2724.319208
5/24/2023 14:30,2724.323866
5/24/2023 14:45,2724.322127
5/24/2023 15:00,2724.323876
5/24/2023 15:15,2724.328534
5/24/2023 15:30,2724.328534
5/24/2023 15:45,2724.320947
5/24/2023 16:00,2724.322696
5/24/2023 16:15,2724.325036
5/24/2023 16:30,2724.315709
5/24/2023 16:45,2724.317458
5/24/2023 17:00,2724.320377
5/24/2023 17:15,2724.322127
5/24/2023 17:30,2724.320377
5/24/2023 17:45,2724.317458
5/24/2023 18:00,2724.323876
5/24/2023 18:15,2724.317458
5/24/2023 18:30,2724.322706
5/24/2023 18:45,2724.323876
5/24/2023 19:00,2724.319208
5/24/2023 19:15,2724.320367
5/24/2023 19:30,2724.318038
5/24/2023 19:45,2724.322127
5/24/2023 20:00,2724.323876
5/24/2023 20:15,2724.326785
5/24/2023 20:30,2724.323876
5/24/2023 20:45,2724.323876
5/24/2023 21:00,2724.320957
5/24/2023 21:15,2724.317458
5/24/2023 21:30,2724.322117
5/24/2023 21:45,2724.325615
5/24/2023 22:00,2724.318618
5/24/2023 22:15,2724.323286
5/24/2023 22:30,2724.322117
5/24/2023 22:45,2724.325036
5/24/2023 23:00,2724.322117
5/24/2023 23:15,2724.325036
5/24/2023 23:30,2724.323866
5/24/2023 23:45,2724.322117
5/25/2023 0:00,2724.320367
5/25/2023 0:15,2724.320367
5/25/2023 0:30,2724.325036
5/25/2023 0:45,2724.331443
5/25/2023 1:00,2724.323286
5/25/2023 1:15,2724.322117
5/25/2023 1:30,2724.317448
5/25/2023 1:45,2724.323866
5/25/2023 2:00,2724.326785
5/25/2023 2:15,2724.321537
5/25/2023 2:30,2724.321537
5/25/2023 2:45,2724.325036
5/25/2023 3:00,2724.326785
5/25/2023 3:15,2724.322117
5/25/2023 3:30,2724.325036
5/25/2023 3:45,2724.320957
5/25/2023 4:00,2724.330864
5/25/2023 4:15,2724.320377
5/25/2023 4:30,2724.323286
5/25/2023 4:45,2724.326195
5/25/2023 5:00,2724.327365
5/25/2023 5:15,2724.327955
5/25/2023 5:30,2724.323286
5/25/2023 5:45,2724.321537
5/25/2023 6:00,2724.325036
5/25/2023 6:15,2724.327955
5/25/2023 6:30,2724.325036
5/25/2023 6:45,2724.323286
5/25/2023 7:00,2724.329114
5/25/2023 7:15,2724.323876
5/25/2023 7:30,2724.320377
5/25/2023 7:45,2724.321537
5/25/2023 8:00,2724.325036
5/25/2023 8:15,2724.326195
5/25/2023 8:30,2724.323286
5/25/2023 8:45,2724.322127
5/25/2023 9:00,2724.319208
5/25/2023 9:15,2724.326785
5/25/2023 9:30,2724.320367
5/25/2023 9:45,2724.325036
5/25/2023 10:00,2724.320367
5/25/2023 10:15,2724.326195
5/25/2023 10:30,2724.323286
5/25/2023 10:45,2724.322117
5/25/2023 11:00,2724.322127
5/25/2023 11:15,2724.320367
5/25/2023 11:30,2724.322117
5/25/2023 11:45,2724.322127
5/25/2023 12:00,2724.320957
5/25/2023 12:15,2724.320367
5/25/2023 12:30,2724.323866
5/25/2023 12:45,2724.319198
5/25/2023 13:00,2724.317448
5/25/2023 13:15,2724.320367
5/25/2023 13:30,2724.320367
5/25/2023 13:45,2724.322117
5/25/2023 14:00,2724.319198
5/25/2023 14:15,2724.323286
5/25/2023 14:30,2724.320367
5/25/2023 14:45,2724.319208
5/25/2023 15:00,2724.319208
5/25/2023 15:15,2724.320957
5/25/2023 15:30,2724.314539
5/25/2023 15:45,2724.322706
5/25/2023 16:00,2724.316289
5/25/2023 16:15,2724.319787
5/25/2023 16:30,2724.318038
5/25/2023 16:45,2724.320957
5/25/2023 17:00,2724.316289
5/25/2023 17:15,2724.316289
5/25/2023 17:30,2724.319787
5/25/2023 17:45,2724.322706
5/25/2023 18:00,2724.317448
5/25/2023 18:15,2724.319198
5/25/2023 18:30,2724.319208
5/25/2023 18:45,2724.319208
5/25/2023 19:00,2724.320957
5/25/2023 19:15,2724.319208
5/25/2023 19:30,2724.319208
5/25/2023 19:45,2724.318038
5/25/2023 20:00,2724.317458
5/25/2023 20:15,2724.327955
5/25/2023 20:30,2724.327955
5/25/2023 20:45,2724.322127
5/25/2023 21:00,2724.325036
5/25/2023 21:15,2724.322127
5/25/2023 21:30,2724.319208
5/25/2023 21:45,2724.319208
5/25/2023 22:00,2724.323866
5/25/2023 22:15,2724.320957
5/25/2023 22:30,2724.314539
5/25/2023 22:45,2724.318628
5/25/2023 23:00,2724.325036
5/25/2023 23:15,2724.317458
5/25/2023 23:30,2724.323876
5/25/2023 23:45,2724.322706
5/26/2023 0:00,2724.323876
5/26/2023 0:15,2724.325625
5/26/2023 0:30,2724.323876
5/26/2023 0:45,2724.325036
5/26/2023 1:00,2724.316289
5/26/2023 1:15,2724.323866
5/26/2023 1:30,2724.319208
5/26/2023 1:45,2724.317458
5/26/2023 2:00,2724.322127
5/26/2023 2:15,2724.319208
5/26/2023 2:30,2724.322127
5/26/2023 2:45,2724.325036
5/26/2023 3:00,2724.323286
5/26/2023 3:15,2724.322127
5/26/2023 3:30,2724.322127
5/26/2023 3:45,2724.323286
5/26/2023 4:00,2724.320367
5/26/2023 4:15,2724.323286
5/26/2023 4:30,2724.323286
5/26/2023 4:45,2724.318618
5/26/2023 5:00,2724.322117
5/26/2023 5:15,2724.320367
5/26/2023 5:30,2724.325036
5/26/2023 5:45,2724.318618
5/26/2023 6:00,2724.326785
5/26/2023 6:15,2724.320377
5/26/2023 6:30,2724.321537
5/26/2023 6:45,2724.322117
5/26/2023 7:00,2724.320367
5/26/2023 7:15,2724.319787
5/26/2023 7:30,2724.322117
5/26/2023 7:45,2724.319787
5/26/2023 8:00,2724.325036
5/26/2023 8:15,2724.323286
5/26/2023 8:30,2724.322127
5/26/2023 8:45,2724.325036
5/26/2023 9:00,2724.318618
5/26/2023 9:15,2724.317458
5/26/2023 9:30,2724.322127
5/26/2023 9:45,2724.320377
5/26/2023 10:00,2724.320377
5/26/2023 10:15,2724.320377
5/26/2023 10:30,2724.317458
5/26/2023 10:45,2724.319208
5/26/2023 11:00,2724.317458
5/26/2023 11:15,2724.313949
5/26/2023 11:30,2724.315709
5/26/2023 11:45,2724.320377
5/26/2023 12:00,2724.321537
5/26/2023 12:15,2724.317448
5/26/2023 12:30,2724.320367
5/26/2023 12:45,2724.316868
5/26/2023 13:00,2724.316868
5/26/2023 13:15,2724.317458
5/26/2023 13:30,2724.317458
5/26/2023 13:45,2724.317458
5/26/2023 14:00,2724.316289
5/26/2023 14:15,2724.314539
5/26/2023 14:30,2724.317458
5/26/2023 14:45,2724.315699
5/26/2023 15:00,2724.31338
5/26/2023 15:15,2724.315699
5/26/2023 15:30,2724.314539
5/26/2023 15:45,2724.314539
5/26/2023 16:00,2724.322117
5/26/2023 16:15,2724.31337
5/26/2023 16:30,2724.315709
5/26/2023 16:45,2724.317458
5/26/2023 17:00,2724.318038
5/26/2023 17:15,2724.319208
5/26/2023 17:30,2724.316289
5/26/2023 17:45,2724.316289
5/26/2023 18:00,2724.314539
5/26/2023 18:15,2724.320957
5/26/2023 18:30,2724.319208
5/26/2023 18:45,2724.320367
5/26/2023 19:00,2724.316289
5/26/2023 19:15,2724.316289
5/26/2023 19:30,2724.323866
5/26/2023 19:45,2724.319208
5/26/2023 20:00,2724.322117
5/26/2023 20:15,2724.322117
5/26/2023 20:30,2724.317448
5/26/2023 20:45,2724.316289
5/26/2023 21:00,2724.317448
5/26/2023 21:15,2724.315699
5/26/2023 21:30,2724.317448
5/26/2023 21:45,2724.317458
5/26/2023 22:00,2724.320957
5/26/2023 22:15,2724.317458
5/26/2023 22:30,2724.322127
5/26/2023 22:45,2724.317458
5/26/2023 23:00,2724.319208
5/26/2023 23:15,2724.317458
5/26/2023 23:30,2724.319208
5/26/2023 23:45,2724.320377
5/27/2023 0:00,2724.319208
5/27/2023 0:15,2724.319208
5/27/2023 0:30,2724.320377
5/27/2023 0:45,2724.318618
5/27/2023 1:00,2724.319198
5/27/2023 1:15,2724.322117
5/27/2023 1:30,2724.322117
5/27/2023 1:45,2724.322117
5/27/2023 2:00,2724.318618
5/27/2023 2:15,2724.320367
5/27/2023 2:30,2724.320957
5/27/2023 2:45,2724.323286
5/27/2023 3:00,2724.325036
5/27/2023 3:15,2724.315709
5/27/2023 3:30,2724.325036
5/27/2023 3:45,2724.318618
5/27/2023 4:00,2724.320957
5/27/2023 4:15,2724.323286
5/27/2023 4:30,2724.320957
5/27/2023 4:45,2724.322127
5/27/2023 5:00,2724.323876
5/27/2023 5:15,2724.323286
5/27/2023 5:30,2724.322127
5/27/2023 5:45,2724.320377
5/27/2023 6:00,2724.322117
5/27/2023 6:15,2724.325036
5/27/2023 6:30,2724.322117
5/27/2023 6:45,2724.320367
5/27/2023 7:00,2724.325036
5/27/2023 7:15,2724.321537
5/27/2023 7:30,2724.320377
5/27/2023 7:45,2724.320367
5/27/2023 8:00,2724.320377
5/27/2023 8:15,2724.322127
5/27/2023 8:30,2724.319208
5/27/2023 8:45,2724.320377
5/27/2023 9:00,2724.321537
5/27/2023 9:15,2724.320377
5/27/2023 9:30,2724.317458
5/27/2023 9:45,2724.319208
5/27/2023 10:00,2724.317458
5/27/2023 10:15,2724.317458
5/27/2023 10:30,2724.317458
5/27/2023 10:45,2724.319208
5/27/2023 11:00,2724.319208
5/27/2023 11:15,2724.319208
5/27/2023 11:30,2724.318618
5/27/2023 11:45,2724.314539
5/27/2023 12:00,2724.320957
5/27/2023 12:15,2724.320367
5/27/2023 12:30,2724.316289
5/27/2023 12:45,2724.31338
5/27/2023 13:00,2724.317448
5/27/2023 13:15,2724.31162
5/27/2023 13:30,2724.316289
5/27/2023 13:45,2724.314539
5/27/2023 14:00,2724.316289
5/27/2023 14:15,2724.31279
5/27/2023 14:30,2724.315119
5/27/2023 14:45,2724.316289
5/27/2023 15:00,2724.316289
5/27/2023 15:15,2724.314539
5/27/2023 15:30,2724.316289
5/27/2023 15:45,2724.31163
5/27/2023 16:00,2724.31279
5/27/2023 16:15,2724.31338
5/27/2023 16:30,2724.314539
5/27/2023 16:45,2724.318038
5/27/2023 17:00,2724.316289
5/27/2023 17:15,2724.31279
5/27/2023 17:30,2724.314539
5/27/2023 17:45,2724.319208
5/27/2023 18:00,2724.316289
5/27/2023 18:15,2724.31279
5/27/2023 18:30,2724.316289
5/27/2023 18:45,2724.316289
5/27/2023 19:00,2724.314539
5/27/2023 19:15,2724.31338
5/27/2023 19:30,2724.315129
5/27/2023 19:45,2724.314539
5/27/2023 20:00,2724.314539
5/27/2023 20:15,2724.315709
5/27/2023 20:30,2724.315709
5/27/2023 20:45,2724.31162
5/27/2023 21:00,2724.31337
5/27/2023 21:15,2724.319208
5/27/2023 21:30,2724.317458
5/27/2023 21:45,2724.317458
5/27/2023 22:00,2724.317448
5/27/2023 22:15,2724.319198
5/27/2023 22:30,2724.314539
5/27/2023 22:45,2724.313949
5/27/2023 23:00,2724.317448
5/27/2023 23:15,2724.315699
5/27/2023 23:30,2724.318618
5/27/2023 23:45,2724.317448
5/28/2023 0:00,2724.315699
5/28/2023 0:15,2724.319198
5/28/2023 0:30,2724.315699
5/28/2023 0:45,2724.319198
5/28/2023 1:00,2724.317448
5/28/2023 1:15,2724.322117
5/28/2023 1:30,2724.319198
5/28/2023 1:45,2724.323286
5/28/2023 2:00,2724.316868
5/28/2023 2:15,2724.323866
5/28/2023 2:30,2724.317458
5/28/2023 2:45,2724.320367
5/28/2023 3:00,2724.318628
5/28/2023 3:15,2724.317458
5/28/2023 3:30,2724.318628
5/28/2023 3:45,2724.321537
5/28/2023 4:00,2724.320377
5/28/2023 4:15,2724.319208
5/28/2023 4:30,2724.320367
5/28/2023 4:45,2724.322117
5/28/2023 5:00,2724.319208
5/28/2023 5:15,2724.320367
5/28/2023 5:30,2724.317458
5/28/2023 5:45,2724.320367
5/28/2023 6:00,2724.320367
5/28/2023 6:15,2724.323286
5/28/2023 6:30,2724.323286
5/28/2023 6:45,2724.323286
5/28/2023 7:00,2724.318618
5/28/2023 7:15,2724.316868
5/28/2023 7:30,2724.315709
5/28/2023 7:45,2724.321537
5/28/2023 8:00,2724.320377
5/28/2023 8:15,2724.316289
5/28/2023 8:30,2724.317458
5/28/2023 8:45,2724.315709
5/28/2023 9:00,2724.315709
5/28/2023 9:15,2724.308121
5/28/2023 9:30,2724.315709
5/28/2023 9:45,2724.319208
5/28/2023 10:00,2724.31279
5/28/2023 10:15,2724.31104
5/28/2023 10:30,2724.314539
5/28/2023 10:45,2724.313959
5/28/2023 11:00,2724.31162
5/28/2023 11:15,2724.313959
5/28/2023 11:30,2724.31279
5/28/2023 11:45,2724.309881
5/28/2023 12:00,2724.31104
5/28/2023 12:15,2724.316289
5/28/2023 12:30,2724.31279
5/28/2023 12:45,2724.314539
5/28/2023 13:00,2724.31104
5/28/2023 13:15,2724.315699
5/28/2023 13:30,2724.309871
5/28/2023 13:45,2724.31279
5/28/2023 14:00,2724.31162
5/28/2023 14:15,2724.308121
5/28/2023 14:30,2724.31162
5/28/2023 14:45,2724.31279
5/28/2023 15:00,2724.31162
5/28/2023 15:15,2724.308121
5/28/2023 15:30,2724.31337
5/28/2023 15:45,2724.310461
5/28/2023 16:00,2724.308711
5/28/2023 16:15,2724.309881
5/28/2023 16:30,2724.309881
5/28/2023 16:45,2724.31163
5/28/2023 17:00,2724.31279
5/28/2023 17:15,2724.31279
5/28/2023 17:30,2724.309881
5/28/2023 17:45,2724.31163
5/28/2023 18:00,2724.31163
5/28/2023 18:15,2724.31163
5/28/2023 18:30,2724.308711
5/28/2023 18:45,2724.308711
5/28/2023 19:00,2724.31337
5/28/2023 19:15,2724.31162
5/28/2023 19:30,2724.31279
5/28/2023 19:45,2724.316289
5/28/2023 20:00,2724.308121
5/28/2023 20:15,2724.314539
5/28/2023 20:30,2724.31279
5/28/2023 20:45,2724.31162
5/28/2023 21:00,2724.314539
5/28/2023 21:15,2724.314539
5/28/2023 21:30,2724.314539
5/28/2023 21:45,2724.314539
5/28/2023 22:00,2724.317448
5/28/2023 22:15,2724.319198
5/28/2023 22:30,2724.31279
5/28/2023 22:45,2724.313949
5/28/2023 23:00,2724.31104
5/28/2023 23:15,2724.316289
5/28/2023 23:30,2724.317448
5/28/2023 23:45,2724.315699
5/29/2023 0:00,2724.314539
5/29/2023 0:15,2724.315699
5/29/2023 0:30,2724.31279
5/29/2023 0:45,2724.313949
5/29/2023 1:00,2724.320367
5/29/2023 1:15,2724.315699
5/29/2023 1:30,2724.320367
5/29/2023 1:45,2724.314539
5/29/2023 2:00,2724.315709
5/29/2023 2:15,2724.314539
5/29/2023 2:30,2724.314539
5/29/2023 2:45,2724.320367
5/29/2023 3:00,2724.322117
5/29/2023 3:15,2724.318618
5/29/2023 3:30,2724.315709
5/29/2023 3:45,2724.315699
5/29/2023 4:00,2724.31104
5/29/2023 4:15,2724.315699
5/29/2023 4:30,2724.315699
5/29/2023 4:45,2724.313959
5/29/2023 5:00,2724.315709
5/29/2023 5:15,2724.313959
5/29/2023 5:30,2724.31279
5/29/2023 5:45,2724.316878
5/29/2023 6:00,2724.31221
5/29/2023 6:15,2724.318618
5/29/2023 6:30,2724.31221
5/29/2023 6:45,2724.316868
5/29/2023 7:00,2724.313959
5/29/2023 7:15,2724.31279
5/29/2023 7:30,2724.313949
5/29/2023 7:45,2724.317448
5/29/2023 8:00,2724.3122
5/29/2023 8:15,2724.313959
5/29/2023 8:30,2724.313959
5/29/2023 8:45,2724.309291
5/29/2023 9:00,2724.313959
5/29/2023 9:15,2724.313959
5/29/2023 9:30,2724.317458
5/29/2023 9:45,2724.313949
5/29/2023 10:00,2724.315699
5/29/2023 10:15,2724.314539
5/29/2023 10:30,2724.31279
5/29/2023 10:45,2724.31104
5/29/2023 11:00,2724.31279
5/29/2023 11:15,2724.309291
5/29/2023 11:30,2724.3122
5/29/2023 11:45,2724.31104
5/29/2023 12:00,2724.31104
5/29/2023 12:15,2724.315699
5/29/2023 12:30,2724.309291
5/29/2023 12:45,2724.309881
5/29/2023 13:00,2724.31279
5/29/2023 13:15,2724.308121
5/29/2023 13:30,2724.31104
5/29/2023 13:45,2724.31104
5/29/2023 14:00,2724.31104
5/29/2023 14:15,2724.309871
5/29/2023 14:30,2724.309871
5/29/2023 14:45,2724.309291
5/29/2023 15:00,2724.305212
5/29/2023 15:15,2724.309291
5/29/2023 15:30,2724.308121
5/29/2023 15:45,2724.308711
5/29/2023 16:00,2724.304043
5/29/2023 16:15,2724.305212
5/29/2023 16:30,2724.309881
5/29/2023 16:45,2724.309881
5/29/2023 17:00,2724.306962
5/29/2023 17:15,2724.308711
5/29/2023 17:30,2724.309871
5/29/2023 17:45,2724.31104
5/29/2023 18:00,2724.303453
5/29/2023 18:15,2724.308121
5/29/2023 18:30,2724.31104
5/29/2023 18:45,2724.309871
5/29/2023 19:00,2724.306962
5/29/2023 19:15,2724.303463
5/29/2023 19:30,2724.309881
5/29/2023 19:45,2724.305212
5/29/2023 20:00,2724.305212
5/29/2023 20:15,2724.306962
5/29/2023 20:30,2724.309291
5/29/2023 20:45,2724.31162
5/29/2023 21:00,2724.31279
5/29/2023 21:15,2724.308121
5/29/2023 21:30,2724.306372
5/29/2023 21:45,2724.310461
5/29/2023 22:00,2724.313959
5/29/2023 22:15,2724.310461
5/29/2023 22:30,2724.31221
5/29/2023 22:45,2724.313959
5/29/2023 23:00,2724.31279
5/29/2023 23:15,2724.31279
5/29/2023 23:30,2724.31221
5/29/2023 23:45,2724.315119
5/30/2023 0:00,2724.315119
5/30/2023 0:15,2724.31104
5/30/2023 0:30,2724.314539
5/30/2023 0:45,2724.31104
5/30/2023 1:00,2724.317458
5/30/2023 1:15,2724.313959
5/30/2023 1:30,2724.31104
5/30/2023 1:45,2724.31162
5/30/2023 2:00,2724.314539
5/30/2023 2:15,2724.31279
5/30/2023 2:30,2724.314539
5/30/2023 2:45,2724.31279
5/30/2023 3:00,2724.309881
5/30/2023 3:15,2724.31104
5/30/2023 3:30,2724.309291
5/30/2023 3:45,2724.31279
5/30/2023 4:00,2724.31279
5/30/2023 4:15,2724.314539
5/30/2023 4:30,2724.317458
5/30/2023 4:45,2724.31104
5/30/2023 5:00,2724.315709
5/30/2023 5:15,2724.31279
5/30/2023 5:30,2724.313959
5/30/2023 5:45,2724.309871
5/30/2023 6:00,2724.31279
5/30/2023 6:15,2724.316868
5/30/2023 6:30,2724.31221
5/30/2023 6:45,2724.306382
5/30/2023 7:00,2724.315709
5/30/2023 7:15,2724.31279
5/30/2023 7:30,2724.31221
5/30/2023 7:45,2724.31279
5/30/2023 8:00,2724.31104
5/30/2023 8:15,2724.31104
5/30/2023 8:30,2724.309291
5/30/2023 8:45,2724.309291
5/30/2023 9:00,2724.31104
5/30/2023 9:15,2724.308121
5/30/2023 9:30,2724.309291
5/30/2023 9:45,2724.309871
5/30/2023 10:00,2724.31104
5/30/2023 10:15,2724.309291
5/30/2023 10:30,2724.31104
5/30/2023 10:45,2724.31104
5/30/2023 11:00,2724.31104
5/30/2023 11:15,2724.306382
5/30/2023 11:30,2724.31279
5/30/2023 11:45,2724.303463
5/30/2023 12:00,2724.31104
5/30/2023 12:15,2724.308121
5/30/2023 12:30,2724.306962
5/30/2023 12:45,2724.309871
5/30/2023 13:00,2724.308121
5/30/2023 13:15,2724.305202
5/30/2023 13:30,2724.308121
5/30/2023 13:45,2724.31162
5/30/2023 14:00,2724.304043
5/30/2023 14:15,2724.306962
5/30/2023 14:30,2724.309881
5/30/2023 14:45,2724.309881
5/30/2023 15:00,2724.308121
5/30/2023 15:15,2724.304043
5/30/2023 15:30,2724.308701
5/30/2023 15:45,2724.310451
5/30/2023 16:00,2724.308701
5/30/2023 16:15,2724.306962
5/30/2023 16:30,2724.306962
5/30/2023 16:45,2724.309871
5/30/2023 17:00,2724.308711
5/30/2023 17:15,2724.306962
5/30/2023 17:30,2724.308711
5/30/2023 17:45,2724.308131
5/30/2023 18:00,2724.308131
5/30/2023 18:15,2724.309881
5/30/2023 18:30,2724.306962
5/30/2023 18:45,2724.305792
5/30/2023 19:00,2724.308131
5/30/2023 19:15,2724.305792
5/30/2023 19:30,2724.304043
5/30/2023 19:45,2724.308131
5/30/2023 20:00,2724.306962
5/30/2023 20:15,2724.308711
5/30/2023 20:30,2724.308701
5/30/2023 20:45,2724.308121
5/30/2023 21:00,2724.305202
5/30/2023 21:15,2724.306952
5/30/2023 21:30,2724.308121
5/30/2023 21:45,2724.306372
5/30/2023 22:00,2724.308121
5/30/2023 22:15,2724.31162
5/30/2023 22:30,2724.314539
5/30/2023 22:45,2724.308701
5/30/2023 23:00,2724.31337
5/30/2023 23:15,2724.309871
5/30/2023 23:30,2724.306962
5/30/2023 23:45,2724.31162
5/31/2023 0:00,2724.309871
5/31/2023 0:15,2724.306962
5/31/2023 0:30,2724.310461
5/31/2023 0:45,2724.308711
5/31/2023 1:00,2724.31163
5/31/2023 1:15,2724.310461
5/31/2023 1:30,2724.31337
5/31/2023 1:45,2724.309871
5/31/2023 2:00,2724.314539
5/31/2023 2:15,2724.31337
5/31/2023 2:30,2724.31279
5/31/2023 2:45,2724.308701
5/31/2023 3:00,2724.308701
5/31/2023 3:15,2724.308121
5/31/2023 3:30,2724.308121
5/31/2023 3:45,2724.31162
5/31/2023 4:00,2724.305792
5/31/2023 4:15,2724.31337
5/31/2023 4:30,2724.314539
5/31/2023 4:45,2724.309881
5/31/2023 5:00,2724.309881
5/31/2023 5:15,2724.309881
5/31/2023 5:30,2724.317458
5/31/2023 5:45,2724.31162
5/31/2023 6:00,2724.31162
5/31/2023 6:15,2724.305202
5/31/2023 6:30,2724.306962
5/31/2023 6:45,2724.308131
5/31/2023 7:00,2724.309881
5/31/2023 7:15,2724.306962
5/31/2023 7:30,2724.308121
5/31/2023 7:45,2724.31162
5/31/2023 8:00,2724.309871
5/31/2023 8:15,2724.310461
5/31/2023 8:30,2724.31163
5/31/2023 8:45,2724.308711
5/31/2023 9:00,2724.305212
5/31/2023 9:15,2724.306962
5/31/2023 9:30,2724.308711
5/31/2023 9:45,2724.309871
5/31/2023 10:00,2724.310461
5/31/2023 10:15,2724.314539
5/31/2023 10:30,2724.306952
5/31/2023 10:45,2724.304043
5/31/2023 11:00,2724.31162
5/31/2023 11:15,2724.308701
5/31/2023 11:30,2724.305792
5/31/2023 11:45,2724.31337
5/31/2023 12:00,2724.305792
5/31/2023 12:15,2724.301124
5/31/2023 12:30,2724.304043
5/31/2023 12:45,2724.305212
5/31/2023 13:00,2724.304043
5/31/2023 13:15,2724.304623
5/31/2023 13:30,2724.304043
5/31/2023 13:45,2724.305792
5/31/2023 14:00,2724.302873
5/31/2023 14:15,2724.304043
5/31/2023 14:30,2724.306952
5/31/2023 14:45,2724.307542
5/31/2023 15:00,2724.309291
5/31/2023 15:15,2724.307542
5/31/2023 15:30,2724.305792
5/31/2023 15:45,2724.305792
5/31/2023 16:00,2724.309291
5/31/2023 16:15,2724.31221
5/31/2023 16:30,2724.31221
5/31/2023 16:45,2724.310461
5/31/2023 17:00,2724.31104
5/31/2023 17:15,2724.315129
5/31/2023 17:30,2724.31221
5/31/2023 17:45,2724.313959
5/31/2023 18:00,2724.313959
5/31/2023 18:15,2724.308701
5/31/2023 18:30,2724.3122
5/31/2023 18:45,2724.309291
5/31/2023 19:00,2724.307542
5/31/2023 19:15,2724.309291
5/31/2023 19:30,2724.310451
5/31/2023 19:45,2724.310451
5/31/2023 20:00,2724.31104
5/31/2023 20:15,2724.3122
5/31/2023 20:30,2724.310451
5/31/2023 20:45,2724.31162
5/31/2023 21:00,2724.318038
5/31/2023 21:15,2724.31338
5/31/2023 21:30,2724.315129
5/31/2023 21:45,2724.31221
5/31/2023 22:00,2724.310461
5/31/2023 22:15,2724.314539
5/31/2023 22:30,2724.31162
5/31/2023 22:45,2724.31337
5/31/2023 23:00,2724.31221
5/31/2023 23:15,2724.314539
5/31/2023 23:30,2724.308711
5/31/2023 23:45,2724.31338
6/1/2023 0:00,2724.308711
6/1/2023 0:15,2724.310461
6/1/2023 0:30,2724.3122
6/1/2023 0:45,2724.306962
6/1/2023 1:00,2724.31337
6/1/2023 1:15,2724.316289
6/1/2023 1:30,2724.308711
6/1/2023 1:45,2724.31221
6/1/2023 2:00,2724.315129
6/1/2023 2:15,2724.318038
6/1/2023 2:30,2724.31337
6/1/2023 2:45,2724.315119
6/1/2023 3:00,2724.310451
6/1/2023 3:15,2724.314539
6/1/2023 3:30,2724.3122
6/1/2023 3:45,2724.3122
6/1/2023 4:00,2724.309871
6/1/2023 4:15,2724.315119
6/1/2023 4:30,2724.31162
6/1/2023 4:45,2724.31337
6/1/2023 5:00,2724.31337
6/1/2023 5:15,2724.31337
6/1/2023 5:30,2724.31337
6/1/2023 5:45,2724.309871
6/1/2023 6:00,2724.318038
6/1/2023 6:15,2724.31338
6/1/2023 6:30,2724.31337
6/1/2023 6:45,2724.316289
6/1/2023 7:00,2724.31279
6/1/2023 7:15,2724.31162
6/1/2023 7:30,2724.308701
6/1/2023 7:45,2724.31337
6/1/2023 8:00,2724.31162
6/1/2023 8:15,2724.31338
6/1/2023 8:30,2724.31163
6/1/2023 8:45,2724.318038
6/1/2023 9:00,2724.308711
6/1/2023 9:15,2724.306962
6/1/2023 9:30,2724.304043
6/1/2023 9:45,2724.310461
6/1/2023 10:00,2724.310461
6/1/2023 10:15,2724.310461
6/1/2023 10:30,2724.309871
6/1/2023 10:45,2724.308701
6/1/2023 11:00,2724.305792
6/1/2023 11:15,2724.31337
6/1/2023 11:30,2724.31337
6/1/2023 11:45,2724.307542
6/1/2023 12:00,2724.317458
6/1/2023 12:15,2724.314539
6/1/2023 12:30,2724.317458
6/1/2023 12:45,2724.323876
6/1/2023 13:00,2724.310451
6/1/2023 13:15,2724.310461
6/1/2023 13:30,2724.309291
6/1/2023 13:45,2724.3122
6/1/2023 14:00,2724.31337
6/1/2023 14:15,2724.31337
6/1/2023 14:30,2724.313959
6/1/2023 14:45,2724.308701
6/1/2023 15:00,2724.316289
6/1/2023 15:15,2724.31338
6/1/2023 15:30,2724.315119
6/1/2023 15:45,2724.308711
6/1/2023 16:00,2724.316868
6/1/2023 16:15,2724.31163
6/1/2023 16:30,2724.31337
6/1/2023 16:45,2724.31337
6/1/2023 17:00,2724.31163
6/1/2023 17:15,2724.313959
6/1/2023 17:30,2724.313959
6/1/2023 17:45,2724.313959
6/1/2023 18:00,2724.307542
6/1/2023 18:15,2724.31221
6/1/2023 18:30,2724.304623
6/1/2023 18:45,2724.315119
6/1/2023 19:00,2724.3122
6/1/2023 19:15,2724.305792
6/1/2023 19:30,2724.309291
6/1/2023 19:45,2724.308701
6/1/2023 20:00,2724.308701
6/1/2023 20:15,2724.310461
6/1/2023 20:30,2724.306962
6/1/2023 20:45,2724.31163
6/1/2023 21:00,2724.308131
6/1/2023 21:15,2724.306962
6/1/2023 21:30,2724.31279
6/1/2023 21:45,2724.31162
6/1/2023 22:00,2724.31162
6/1/2023 22:15,2724.308121
6/1/2023 22:30,2724.309871
6/1/2023 22:45,2724.308701
6/1/2023 23:00,2724.309871
6/1/2023 23:15,2724.306962
6/1/2023 23:30,2724.309871
6/1/2023 23:45,2724.305212
6/2/2023 0:00,2724.314539
6/2/2023 0:15,2724.309881
6/2/2023 0:30,2724.31338
6/2/2023 0:45,2724.310461
6/2/2023 1:00,2724.314539
6/2/2023 1:15,2724.31279
6/2/2023 1:30,2724.308711
6/2/2023 1:45,2724.315699
6/2/2023 2:00,2724.306952
6/2/2023 2:15,2724.309871
6/2/2023 2:30,2724.306952
6/2/2023 2:45,2724.309871
6/2/2023 3:00,2724.310461
6/2/2023 3:15,2724.31162
6/2/2023 3:30,2724.308121
6/2/2023 3:45,2724.315699
6/2/2023 4:00,2724.308711
6/2/2023 4:15,2724.314539
6/2/2023 4:30,2724.309881
6/2/2023 4:45,2724.310461
6/2/2023 5:00,2724.309881
6/2/2023 5:15,2724.31163
6/2/2023 5:30,2724.306962
6/2/2023 5:45,2724.31279
6/2/2023 6:00,2724.306962
6/2/2023 6:15,2724.308711
6/2/2023 6:30,2724.31337
6/2/2023 6:45,2724.308711
6/2/2023 7:00,2724.306962
6/2/2023 7:15,2724.309871
6/2/2023 7:30,2724.306952
6/2/2023 7:45,2724.305202
6/2/2023 8:00,2724.308121
6/2/2023 8:15,2724.305212
6/2/2023 8:30,2724.308711
6/2/2023 8:45,2724.314539
6/2/2023 9:00,2724.309881
6/2/2023 9:15,2724.304043
6/2/2023 9:30,2724.305212
6/2/2023 9:45,2724.304043
6/2/2023 10:00,2724.305212
6/2/2023 10:15,2724.303463
6/2/2023 10:30,2724.306962
6/2/2023 10:45,2724.308131
6/2/2023 11:00,2724.305212
6/2/2023 11:15,2724.305212
6/2/2023 11:30,2724.305792
6/2/2023 11:45,2724.306952
6/2/2023 12:00,2724.305202
6/2/2023 12:15,2724.304043
6/2/2023 12:30,2724.304043
6/2/2023 12:45,2724.302293
6/2/2023 13:00,2724.306952
6/2/2023 13:15,2724.302873
6/2/2023 13:30,2724.306962
6/2/2023 13:45,2724.304043
6/2/2023 14:00,2724.299374
6/2/2023 14:15,2724.299374
6/2/2023 14:30,2724.304043
6/2/2023 14:45,2724.308701
6/2/2023 15:00,2724.304043
6/2/2023 15:15,2724.301124
6/2/2023 15:30,2724.299384
6/2/2023 15:45,2724.305792
6/2/2023 16:00,2724.304043
6/2/2023 16:15,2724.302873
6/2/2023 16:30,2724.304043
6/2/2023 16:45,2724.302293
6/2/2023 17:00,2724.307542
6/2/2023 17:15,2724.302293
6/2/2023 17:30,2724.301124
6/2/2023 17:45,2724.298215
6/2/2023 18:00,2724.305792
6/2/2023 18:15,2724.305212
6/2/2023 18:30,2724.302293
6/2/2023 18:45,2724.305212
6/2/2023 19:00,2724.304043
6/2/2023 19:15,2724.305202
6/2/2023 19:30,2724.304043
6/2/2023 19:45,2724.305792
6/2/2023 20:00,2724.302883
6/2/2023 20:15,2724.305792
6/2/2023 20:30,2724.305792
6/2/2023 20:45,2724.304043
6/2/2023 21:00,2724.306372
6/2/2023 21:15,2724.308121
6/2/2023 21:30,2724.302293
6/2/2023 21:45,2724.31162
6/2/2023 22:00,2724.306372
6/2/2023 22:15,2724.304043
6/2/2023 22:30,2724.306962
6/2/2023 22:45,2724.308131
6/2/2023 23:00,2724.309881
6/2/2023 23:15,2724.305212
6/2/2023 23:30,2724.305792
6/2/2023 23:45,2724.302293
6/3/2023 0:00,2724.308131
6/3/2023 0:15,2724.303463
6/3/2023 0:30,2724.31104
6/3/2023 0:45,2724.308131
6/3/2023 1:00,2724.31104
6/3/2023 1:15,2724.304043
6/3/2023 1:30,2724.308131
6/3/2023 1:45,2724.305212
6/3/2023 2:00,2724.306382
6/3/2023 2:15,2724.306962
6/3/2023 2:30,2724.31162
6/3/2023 2:45,2724.308701
6/3/2023 3:00,2724.309871
6/3/2023 3:15,2724.308701
6/3/2023 3:30,2724.309871
6/3/2023 3:45,2724.31162
6/3/2023 4:00,2724.306962
6/3/2023 4:15,2724.305212
6/3/2023 4:30,2724.31162
6/3/2023 4:45,2724.309871
6/3/2023 5:00,2724.304043
6/3/2023 5:15,2724.308121
6/3/2023 5:30,2724.308121
6/3/2023 5:45,2724.303463
6/3/2023 6:00,2724.31162
6/3/2023 6:15,2724.308121
6/3/2023 6:30,2724.309871
6/3/2023 6:45,2724.308121
6/3/2023 7:00,2724.305212
6/3/2023 7:15,2724.305212
6/3/2023 7:30,2724.304043
6/3/2023 7:45,2724.309871
6/3/2023 8:00,2724.308711
6/3/2023 8:15,2724.304043
6/3/2023 8:30,2724.303463
6/3/2023 8:45,2724.305202
6/3/2023 9:00,2724.305202
6/3/2023 9:15,2724.297625
6/3/2023 9:30,2724.302293
6/3/2023 9:45,2724.303453
6/3/2023 10:00,2724.305202
6/3/2023 10:15,2724.302293
6/3/2023 10:30,2724.302293
6/3/2023 10:45,2724.302293
6/3/2023 11:00,2724.302293
6/3/2023 11:15,2724.306372
6/3/2023 11:30,2724.305202
6/3/2023 11:45,2724.302293
6/3/2023 12:00,2724.306372
6/3/2023 12:15,2724.302293
6/3/2023 12:30,2724.302293
6/3/2023 12:45,2724.302293
6/3/2023 13:00,2724.302293
6/3/2023 13:15,2724.302293
6/3/2023 13:30,2724.299374
6/3/2023 13:45,2724.298795
6/3/2023 14:00,2724.302293
6/3/2023 14:15,2724.305792
6/3/2023 14:30,2724.308701
6/3/2023 14:45,2724.308121
6/3/2023 15:00,2724.305212
6/3/2023 15:15,2724.302293
6/3/2023 15:30,2724.306952
6/3/2023 15:45,2724.308121
6/3/2023 16:00,2724.301124
6/3/2023 16:15,2724.302293
6/3/2023 16:30,2724.305212
6/3/2023 16:45,2724.305212
6/3/2023 17:00,2724.304043
6/3/2023 17:15,2724.300544
6/3/2023 17:30,2724.306962
6/3/2023 17:45,2724.302293
6/3/2023 18:00,2724.302293
6/3/2023 18:15,2724.302293
6/3/2023 18:30,2724.304043
6/3/2023 18:45,2724.299384
6/3/2023 19:00,2724.301124
6/3/2023 19:15,2724.299374
6/3/2023 19:30,2724.305212
6/3/2023 19:45,2724.299374
6/3/2023 20:00,2724.301124
6/3/2023 20:15,2724.305212
6/3/2023 20:30,2724.302293
6/3/2023 20:45,2724.302293
6/3/2023 21:00,2724.304043
6/3/2023 21:15,2724.301124
6/3/2023 21:30,2724.308121
6/3/2023 21:45,2724.305202
6/3/2023 22:00,2724.303463
6/3/2023 22:15,2724.304043
6/3/2023 22:30,2724.306382
6/3/2023 22:45,2724.303463
6/3/2023 23:00,2724.301714
6/3/2023 23:15,2724.306382
6/3/2023 23:30,2724.302293
6/3/2023 23:45,2724.302293
6/4/2023 0:00,2724.304623
6/4/2023 0:15,2724.298795
6/4/2023 0:30,2724.303463
6/4/2023 0:45,2724.302883
6/4/2023 1:00,2724.303463
6/4/2023 1:15,2724.304633
6/4/2023 1:30,2724.306382
6/4/2023 1:45,2724.307542
6/4/2023 2:00,2724.309881
6/4/2023 2:15,2724.301704
6/4/2023 2:30,2724.303453
6/4/2023 2:45,2724.308121
6/4/2023 3:00,2724.303463
6/4/2023 3:15,2724.301714
6/4/2023 3:30,2724.306962
6/4/2023 3:45,2724.301714
6/4/2023 4:00,2724.308131
6/4/2023 4:15,2724.298795
6/4/2023 4:30,2724.308131
6/4/2023 4:45,2724.306372
6/4/2023 5:00,2724.305212
6/4/2023 5:15,2724.303453
6/4/2023 5:30,2724.305202
6/4/2023 5:45,2724.308121
6/4/2023 6:00,2724.306372
6/4/2023 6:15,2724.306372
6/4/2023 6:30,2724.305212
6/4/2023 6:45,2724.301714
6/4/2023 7:00,2724.305212
6/4/2023 7:15,2724.313959
6/4/2023 7:30,2724.304623
6/4/2023 7:45,2724.305202
6/4/2023 8:00,2724.298795
6/4/2023 8:15,2724.302293
6/4/2023 8:30,2724.302293
6/4/2023 8:45,2724.297045
6/4/2023 9:00,2724.302293
6/4/2023 9:15,2724.302293
6/4/2023 9:30,2724.298795
6/4/2023 9:45,2724.305202
6/4/2023 10:00,2724.304623
6/4/2023 10:15,2724.298795
6/4/2023 10:30,2724.309871
6/4/2023 10:45,2724.301704
6/4/2023 11:00,2724.300544
6/4/2023 11:15,2724.303463
6/4/2023 11:30,2724.298795
6/4/2023 11:45,2724.297045
6/4/2023 12:00,2724.300544
6/4/2023 12:15,2724.301714
6/4/2023 12:30,2724.299964
6/4/2023 12:45,2724.300544
6/4/2023 13:00,2724.301714
6/4/2023 13:15,2724.297045
6/4/2023 13:30,2724.300544
6/4/2023 13:45,2724.297045
6/4/2023 14:00,2724.298795
6/4/2023 14:15,2724.294126
6/4/2023 14:30,2724.298795
6/4/2023 14:45,2724.295876
6/4/2023 15:00,2724.302293
6/4/2023 15:15,2724.297625
6/4/2023 15:30,2724.301124
6/4/2023 15:45,2724.304043
6/4/2023 16:00,2724.295886
6/4/2023 16:15,2724.298795
6/4/2023 16:30,2724.295886
6/4/2023 16:45,2724.295886
6/4/2023 17:00,2724.295876
6/4/2023 17:15,2724.295876
6/4/2023 17:30,2724.298795
6/4/2023 17:45,2724.295886
6/4/2023 18:00,2724.297635
6/4/2023 18:15,2724.294716
6/4/2023 18:30,2724.299384
6/4/2023 18:45,2724.297635
6/4/2023 19:00,2724.301134
6/4/2023 19:15,2724.297635
6/4/2023 19:30,2724.299384
6/4/2023 19:45,2724.299384
6/4/2023 20:00,2724.294136
6/4/2023 20:15,2724.300544
6/4/2023 20:30,2724.302293
6/4/2023 20:45,2724.302293
6/4/2023 21:00,2724.301704
6/4/2023 21:15,2724.301704
6/4/2023 21:30,2724.298795
6/4/2023 21:45,2724.298795
6/4/2023 22:00,2724.297045
6/4/2023 22:15,2724.295876
6/4/2023 22:30,2724.298205
6/4/2023 22:45,2724.298205
6/4/2023 23:00,2724.299954
6/4/2023 23:15,2724.301704
6/4/2023 23:30,2724.299954
6/4/2023 23:45,2724.298795
6/5/2023 0:00,2724.302873
6/5/2023 0:15,2724.301714
6/5/2023 0:30,2724.298795
6/5/2023 0:45,2724.301714
6/5/2023 1:00,2724.306372
6/5/2023 1:15,2724.299964
6/5/2023 1:30,2724.305212
6/5/2023 1:45,2724.298215
6/5/2023 2:00,2724.298795
6/5/2023 2:15,2724.303463
6/5/2023 2:30,2724.301714
6/5/2023 2:45,2724.305212
6/5/2023 3:00,2724.299964
6/5/2023 3:15,2724.299964
6/5/2023 3:30,2724.302883
6/5/2023 3:45,2724.298795
6/5/2023 4:00,2724.297625
6/5/2023 4:15,2724.301714
6/5/2023 4:30,2724.301714
6/5/2023 4:45,2724.301714
6/5/2023 5:00,2724.304623
6/5/2023 5:15,2724.299964
6/5/2023 5:30,2724.301714
6/5/2023 5:45,2724.301704
6/5/2023 6:00,2724.300544
6/5/2023 6:15,2724.303453
6/5/2023 6:30,2724.303453
6/5/2023 6:45,2724.301704
6/5/2023 7:00,2724.301704
6/5/2023 7:15,2724.298215
6/5/2023 7:30,2724.303463
6/5/2023 7:45,2724.297045
6/5/2023 8:00,2724.298795
6/5/2023 8:15,2724.303463
6/5/2023 8:30,2724.295296
6/5/2023 8:45,2724.301714
6/5/2023 9:00,2724.301714
6/5/2023 9:15,2724.302873
6/5/2023 9:30,2724.297045
6/5/2023 9:45,2724.300544
6/5/2023 10:00,2724.294126
6/5/2023 10:15,2724.297045
6/5/2023 10:30,2724.298795
6/5/2023 10:45,2724.299964
6/5/2023 11:00,2724.297045
6/5/2023 11:15,2724.295876
6/5/2023 11:30,2724.294136
6/5/2023 11:45,2724.297635
6/5/2023 12:00,2724.298795
6/5/2023 12:15,2724.298795
6/5/2023 12:30,2724.294136
6/5/2023 12:45,2724.297045
6/5/2023 13:00,2724.295876
6/5/2023 13:15,2724.303463
6/5/2023 13:30,2724.298215
6/5/2023 13:45,2724.298215
6/5/2023 14:00,2724.301714
6/5/2023 14:15,2724.299964
6/5/2023 14:30,2724.300544
6/5/2023 14:45,2724.298795
6/5/2023 15:00,2724.300544
6/5/2023 15:15,2724.298795
6/5/2023 15:30,2724.301704
6/5/2023 15:45,2724.300544
6/5/2023 16:00,2724.298795
6/5/2023 16:15,2724.298795
6/5/2023 16:30,2724.298795
6/5/2023 16:45,2724.295876
6/5/2023 17:00,2724.297045
6/5/2023 17:15,2724.298795
6/5/2023 17:30,2724.297045
6/5/2023 17:45,2724.297045
6/5/2023 18:00,2724.300544
6/5/2023 18:15,2724.295886
6/5/2023 18:30,2724.294716
6/5/2023 18:45,2724.297625
6/5/2023 19:00,2724.294126
6/5/2023 19:15,2724.295876
6/5/2023 19:30,2724.298795
6/5/2023 19:45,2724.297625
6/5/2023 20:00,2724.294126
6/5/2023 20:15,2724.298795
6/5/2023 20:30,2724.295296
6/5/2023 20:45,2724.299964
6/5/2023 21:00,2724.295876
6/5/2023 21:15,2724.306372
6/5/2023 21:30,2724.297045
6/5/2023 21:45,2724.298795
6/5/2023 22:00,2724.298215
6/5/2023 22:15,2724.295876
6/5/2023 22:30,2724.299964
6/5/2023 22:45,2724.299964
6/5/2023 23:00,2724.301714
6/5/2023 23:15,2724.298215
6/5/2023 23:30,2724.297045
6/5/2023 23:45,2724.301714
6/6/2023 0:00,2724.298215
6/6/2023 0:15,2724.296465
6/6/2023 0:30,2724.299964
6/6/2023 0:45,2724.301714
6/6/2023 1:00,2724.297045
6/6/2023 1:15,2724.299954
6/6/2023 1:30,2724.299954
6/6/2023 1:45,2724.301704
6/6/2023 2:00,2724.301704
6/6/2023 2:15,2724.298205
6/6/2023 2:30,2724.298205
6/6/2023 2:45,2724.304623
6/6/2023 3:00,2724.298795
6/6/2023 3:15,2724.298795
6/6/2023 3:30,2724.298795
6/6/2023 3:45,2724.298795
6/6/2023 4:00,2724.298795
6/6/2023 4:15,2724.301714
6/6/2023 4:30,2724.297625
6/6/2023 4:45,2724.301714
6/6/2023 5:00,2724.300544
6/6/2023 5:15,2724.301714
6/6/2023 5:30,2724.299964
6/6/2023 5:45,2724.295876
6/6/2023 6:00,2724.301704
6/6/2023 6:15,2724.298215
6/6/2023 6:30,2724.298215
6/6/2023 6:45,2724.298795
6/6/2023 7:00,2724.297045
6/6/2023 7:15,2724.297045
6/6/2023 7:30,2724.299954
6/6/2023 7:45,2724.292377
6/6/2023 8:00,2724.298795
6/6/2023 8:15,2724.301124
6/6/2023 8:30,2724.294136
6/6/2023 8:45,2724.295296
6/6/2023 9:00,2724.295886
6/6/2023 9:15,2724.298205
6/6/2023 9:30,2724.294126
6/6/2023 9:45,2724.295876
6/6/2023 10:00,2724.297625
6/6/2023 10:15,2724.294126
6/6/2023 10:30,2724.294126
6/6/2023 10:45,2724.294126
6/6/2023 11:00,2724.294126
6/6/2023 11:15,2724.301714
6/6/2023 11:30,2724.294126
6/6/2023 11:45,2724.298795
6/6/2023 12:00,2724.292967
6/6/2023 12:15,2724.292387
6/6/2023 12:30,2724.292967
6/6/2023 12:45,2724.294136
6/6/2023 13:00,2724.291217
6/6/2023 13:15,2724.295886
6/6/2023 13:30,2724.294716
6/6/2023 13:45,2724.291217
6/6/2023 14:00,2724.291217
6/6/2023 14:15,2724.292377
6/6/2023 14:30,2724.289458
6/6/2023 14:45,2724.291217
6/6/2023 15:00,2724.295876
6/6/2023 15:15,2724.292967
6/6/2023 15:30,2724.292967
6/6/2023 15:45,2724.291797
6/6/2023 16:00,2724.296465
6/6/2023 16:15,2724.290048
6/6/2023 16:30,2724.292957
6/6/2023 16:45,2724.290048
6/6/2023 17:00,2724.291207
6/6/2023 17:15,2724.291207
6/6/2023 17:30,2724.292957
6/6/2023 17:45,2724.291207
6/6/2023 18:00,2724.287139
6/6/2023 18:15,2724.288888
6/6/2023 18:30,2724.290048
6/6/2023 18:45,2724.288298
6/6/2023 19:00,2724.295886
6/6/2023 19:15,2724.297635
6/6/2023 19:30,2724.297625
6/6/2023 19:45,2724.298795
6/6/2023 20:00,2724.301714
6/6/2023 20:15,2724.303463
6/6/2023 20:30,2724.298795
6/6/2023 20:45,2724.305212
6/6/2023 21:00,2724.306962
6/6/2023 21:15,2724.309291
6/6/2023 21:30,2724.313959
6/6/2023 21:45,2724.307542
6/6/2023 22:00,2724.307542
6/6/2023 22:15,2724.31104
6/6/2023 22:30,2724.307542
6/6/2023 22:45,2724.306372
6/6/2023 23:00,2724.306372
6/6/2023 23:15,2724.31221
6/6/2023 23:30,2724.301714
6/6/2023 23:45,2724.299964
6/7/2023 0:00,2724.305212
6/7/2023 0:15,2724.303453
6/7/2023 0:30,2724.299964
6/7/2023 0:45,2724.304623
6/7/2023 1:00,2724.305212
6/7/2023 1:15,2724.300544
6/7/2023 1:30,2724.298795
6/7/2023 1:45,2724.301714
6/7/2023 2:00,2724.300544
6/7/2023 2:15,2724.304043
6/7/2023 2:30,2724.299964
6/7/2023 2:45,2724.298795
6/7/2023 3:00,2724.301714
6/7/2023 3:15,2724.299964
6/7/2023 3:30,2724.298795
6/7/2023 3:45,2724.298795
6/7/2023 4:00,2724.308121
6/7/2023 4:15,2724.303463
6/7/2023 4:30,2724.300544
6/7/2023 4:45,2724.300544
6/7/2023 5:00,2724.300544
6/7/2023 5:15,2724.299374
6/7/2023 5:30,2724.299954
6/7/2023 5:45,2724.301704
6/7/2023 6:00,2724.303463
6/7/2023 6:15,2724.298795
6/7/2023 6:30,2724.303453
6/7/2023 6:45,2724.302293
6/7/2023 7:00,2724.297045
6/7/2023 7:15,2724.302293
6/7/2023 7:30,2724.300544
6/7/2023 7:45,2724.299964
6/7/2023 8:00,2724.297625
6/7/2023 8:15,2724.297045
6/7/2023 8:30,2724.297045
6/7/2023 8:45,2724.295876
6/7/2023 9:00,2724.295876
6/7/2023 9:15,2724.295876
6/7/2023 9:30,2724.295876
6/7/2023 9:45,2724.297625
6/7/2023 10:00,2724.297625
6/7/2023 10:15,2724.294126
6/7/2023 10:30,2724.295876
6/7/2023 10:45,2724.294716
6/7/2023 11:00,2724.294716
6/7/2023 11:15,2724.297625
6/7/2023 11:30,2724.299374
6/7/2023 11:45,2724.292967
6/7/2023 12:00,2724.295886
6/7/2023 12:15,2724.299374
6/7/2023 12:30,2724.294716
6/7/2023 12:45,2724.291217
6/7/2023 13:00,2724.295886
6/7/2023 13:15,2724.292967
6/7/2023 13:30,2724.292957
6/7/2023 13:45,2724.290048
6/7/2023 14:00,2724.294706
6/7/2023 14:15,2724.293546
6/7/2023 14:30,2724.294706
6/7/2023 14:45,2724.293546
6/7/2023 15:00,2724.293546
6/7/2023 15:15,2724.292967
6/7/2023 15:30,2724.294716
6/7/2023 15:45,2724.291797
6/7/2023 16:00,2724.288298
6/7/2023 16:15,2724.290627
6/7/2023 16:30,2724.291797
6/7/2023 16:45,2724.291797
6/7/2023 17:00,2724.288878
6/7/2023 17:15,2724.290048
6/7/2023 17:30,2724.290048
6/7/2023 17:45,2724.288298
6/7/2023 18:00,2724.290048
6/7/2023 18:15,2724.290048
6/7/2023 18:30,2724.291797
6/7/2023 18:45,2724.290048
6/7/2023 19:00,2724.291797
6/7/2023 19:15,2724.292967
6/7/2023 19:30,2724.291797
6/7/2023 19:45,2724.291217
6/7/2023 20:00,2724.294716
6/7/2023 20:15,2724.292957
6/7/2023 20:30,2724.294706
6/7/2023 20:45,2724.293546
6/7/2023 21:00,2724.291797
6/7/2023 21:15,2724.295876
6/7/2023 21:30,2724.291217
6/7/2023 21:45,2724.298795
6/7/2023 22:00,2724.297625
6/7/2023 22:15,2724.295876
6/7/2023 22:30,2724.291207
6/7/2023 22:45,2724.292967
6/7/2023 23:00,2724.292967
6/7/2023 23:15,2724.291217
6/7/2023 23:30,2724.297635
6/7/2023 23:45,2724.300544
6/8/2023 0:00,2724.295886
6/8/2023 0:15,2724.298795
6/8/2023 0:30,2724.298795
6/8/2023 0:45,2724.297045
6/8/2023 1:00,2724.297045
6/8/2023 1:15,2724.298795
6/8/2023 1:30,2724.299384
6/8/2023 1:45,2724.297045
6/8/2023 2:00,2724.299954
6/8/2023 2:15,2724.297045
6/8/2023 2:30,2724.297635
6/8/2023 2:45,2724.298795
6/8/2023 3:00,2724.292387
6/8/2023 3:15,2724.297045
6/8/2023 3:30,2724.297045
6/8/2023 3:45,2724.295296
6/8/2023 4:00,2724.298795
6/8/2023 4:15,2724.297625
6/8/2023 4:30,2724.301714
6/8/2023 4:45,2724.298795
6/8/2023 5:00,2724.298795
6/8/2023 5:15,2724.299964
6/8/2023 5:30,2724.294126
6/8/2023 5:45,2724.298795
6/8/2023 6:00,2724.297045
6/8/2023 6:15,2724.295296
6/8/2023 6:30,2724.297045
6/8/2023 6:45,2724.295296
6/8/2023 7:00,2724.295296
6/8/2023 7:15,2724.298795
6/8/2023 7:30,2724.295296
6/8/2023 7:45,2724.295876
6/8/2023 8:00,2724.297635
6/8/2023 8:15,2724.292967
6/8/2023 8:30,2724.292967
6/8/2023 8:45,2724.294136
6/8/2023 9:00,2724.294136
6/8/2023 9:15,2724.294716
6/8/2023 9:30,2724.292387
6/8/2023 9:45,2724.294136
6/8/2023 10:00,2724.294136
6/8/2023 10:15,2724.291217
6/8/2023 10:30,2724.292967
6/8/2023 10:45,2724.295886
6/8/2023 11:00,2724.292387
6/8/2023 11:15,2724.289468
6/8/2023 11:30,2724.292387
6/8/2023 11:45,2724.290048
6/8/2023 12:00,2724.291217
6/8/2023 12:15,2724.290048
6/8/2023 12:30,2724.290048
6/8/2023 12:45,2724.294136
6/8/2023 13:00,2724.290048
6/8/2023 13:15,2724.289458
6/8/2023 13:30,2724.290048
6/8/2023 13:45,2724.289458
6/8/2023 14:00,2724.289458
6/8/2023 14:15,2724.289458
6/8/2023 14:30,2724.292957
6/8/2023 14:45,2724.286549
6/8/2023 15:00,2724.290048
6/8/2023 15:15,2724.286549
6/8/2023 15:30,2724.289468
6/8/2023 15:45,2724.286549
6/8/2023 16:00,2724.288298
6/8/2023 16:15,2724.291217
6/8/2023 16:30,2724.290048
6/8/2023 16:45,2724.291217
6/8/2023 17:00,2724.291217
6/8/2023 17:15,2724.290048
6/8/2023 17:30,2724.290048
6/8/2023 17:45,2724.290048
6/8/2023 18:00,2724.288878
6/8/2023 18:15,2724.290048
6/8/2023 18:30,2724.288298
6/8/2023 18:45,2724.288878
6/8/2023 19:00,2724.288298
6/8/2023 19:15,2724.288298
6/8/2023 19:30,2724.289468
6/8/2023 19:45,2724.294126
6/8/2023 20:00,2724.289468
6/8/2023 20:15,2724.286549
6/8/2023 20:30,2724.292377
6/8/2023 20:45,2724.292957
6/8/2023 21:00,2724.291207
6/8/2023 21:15,2724.294126
6/8/2023 21:30,2724.290048
6/8/2023 21:45,2724.291217
6/8/2023 22:00,2724.289468
6/8/2023 22:15,2724.294136
6/8/2023 22:30,2724.291217
6/8/2023 22:45,2724.295886
6/8/2023 23:00,2724.292377
6/8/2023 23:15,2724.291207
6/8/2023 23:30,2724.297045
6/8/2023 23:45,2724.291217
6/9/2023 0:00,2724.289468
6/9/2023 0:15,2724.292967
6/9/2023 0:30,2724.298795
6/9/2023 0:45,2724.291217
6/9/2023 1:00,2724.291217
6/9/2023 1:15,2724.295886
6/9/2023 1:30,2724.292967
6/9/2023 1:45,2724.292957
6/9/2023 2:00,2724.295876
6/9/2023 2:15,2724.292957
6/9/2023 2:30,2724.295296
6/9/2023 2:45,2724.294126
6/9/2023 3:00,2724.297045
6/9/2023 3:15,2724.294126
6/9/2023 3:30,2724.297045
6/9/2023 3:45,2724.295876
6/9/2023 4:00,2724.297045
6/9/2023 4:15,2724.292377
6/9/2023 4:30,2724.294126
6/9/2023 4:45,2724.294126
6/9/2023 5:00,2724.294126
6/9/2023 5:15,2724.291217
6/9/2023 5:30,2724.297625
6/9/2023 5:45,2724.298795
6/9/2023 6:00,2724.294126
6/9/2023 6:15,2724.295296
6/9/2023 6:30,2724.298795
6/9/2023 6:45,2724.292377
6/9/2023 7:00,2724.295886
6/9/2023 7:15,2724.291217
6/9/2023 7:30,2724.292967
6/9/2023 7:45,2724.292967
6/9/2023 8:00,2724.292967
6/9/2023 8:15,2724.291217
6/9/2023 8:30,2724.289468
6/9/2023 8:45,2724.294136
6/9/2023 9:00,2724.287718
6/9/2023 9:15,2724.291217
6/9/2023 9:30,2724.289468
6/9/2023 9:45,2724.288298
6/9/2023 10:00,2724.292967
6/9/2023 10:15,2724.291217
6/9/2023 10:30,2724.290048
6/9/2023 10:45,2724.291217
6/9/2023 11:00,2724.291217
6/9/2023 11:15,2724.291217
6/9/2023 11:30,2724.292967
6/9/2023 11:45,2724.291217
6/9/2023 12:00,2724.291217
6/9/2023 12:15,2724.288298
6/9/2023 12:30,2724.291217
6/9/2023 12:45,2724.289458
6/9/2023 13:00,2724.288298
6/9/2023 13:15,2724.289458
6/9/2023 13:30,2724.291207
6/9/2023 13:45,2724.285379
6/9/2023 14:00,2724.289468
6/9/2023 14:15,2724.287718
6/9/2023 14:30,2724.287129
6/9/2023 14:45,2724.285379
6/9/2023 15:00,2724.288298
6/9/2023 15:15,2724.288298
6/9/2023 15:30,2724.285379
6/9/2023 15:45,2724.285379
6/9/2023 16:00,2724.285389
6/9/2023 16:15,2724.290048
6/9/2023 16:30,2724.287139
6/9/2023 16:45,2724.288298
6/9/2023 17:00,2724.286549
6/9/2023 17:15,2724.285379
6/9/2023 17:30,2724.287139
6/9/2023 17:45,2724.288298
6/9/2023 18:00,2724.290048
6/9/2023 18:15,2724.288878
6/9/2023 18:30,2724.287129
6/9/2023 18:45,2724.288298
6/9/2023 19:00,2724.287129
6/9/2023 19:15,2724.287129
6/9/2023 19:30,2724.287129
6/9/2023 19:45,2724.286549
6/9/2023 20:00,2724.288298
6/9/2023 20:15,2724.288298
6/9/2023 20:30,2724.288298
6/9/2023 20:45,2724.292957
6/9/2023 21:00,2724.286549
6/9/2023 21:15,2724.288298
6/9/2023 21:30,2724.288298
6/9/2023 21:45,2724.288298
6/9/2023 22:00,2724.289468
6/9/2023 22:15,2724.290048
6/9/2023 22:30,2724.290048
6/9/2023 22:45,2724.289468
6/9/2023 23:00,2724.289468
6/9/2023 23:15,2724.286549
6/9/2023 23:30,2724.291207
6/9/2023 23:45,2724.292967
6/10/2023 0:00,2724.290048
6/10/2023 0:15,2724.288298
6/10/2023 0:30,2724.291217
6/10/2023 0:45,2724.288298
6/10/2023 1:00,2724.292967
6/10/2023 1:15,2724.291207
6/10/2023 1:30,2724.286549
6/10/2023 1:45,2724.289458
6/10/2023 2:00,2724.287139
6/10/2023 2:15,2724.291797
6/10/2023 2:30,2724.287139
6/10/2023 2:45,2724.288298
6/10/2023 3:00,2724.294126
6/10/2023 3:15,2724.295876
6/10/2023 3:30,2724.292957
6/10/2023 3:45,2724.291217
6/10/2023 4:00,2724.294126
6/10/2023 4:15,2724.294126
6/10/2023 4:30,2724.292967
6/10/2023 4:45,2724.294126
6/10/2023 5:00,2724.292377
6/10/2023 5:15,2724.291217
6/10/2023 5:30,2724.294126
6/10/2023 5:45,2724.294126
6/10/2023 6:00,2724.294126
6/10/2023 6:15,2724.291207
6/10/2023 6:30,2724.292957
6/10/2023 6:45,2724.289458
6/10/2023 7:00,2724.291797
6/10/2023 7:15,2724.291217
6/10/2023 7:30,2724.292387
6/10/2023 7:45,2724.288298
6/10/2023 8:00,2724.290048
6/10/2023 8:15,2724.290048
6/10/2023 8:30,2724.288298
6/10/2023 8:45,2724.289468
6/10/2023 9:00,2724.289468
6/10/2023 9:15,2724.286549
6/10/2023 9:30,2724.288298
6/10/2023 9:45,2724.286549
6/10/2023 10:00,2724.290048
6/10/2023 10:15,2724.286549
6/10/2023 10:30,2724.286549
6/10/2023 10:45,2724.288298
6/10/2023 11:00,2724.288298
6/10/2023 11:15,2724.287129
6/10/2023 11:30,2724.290048
6/10/2023 11:45,2724.285379
6/10/2023 12:00,2724.28422
6/10/2023 12:15,2724.285389
6/10/2023 12:30,2724.288298
6/10/2023 12:45,2724.287139
6/10/2023 13:00,2724.28364
6/10/2023 13:15,2724.28247
6/10/2023 13:30,2724.28364
6/10/2023 13:45,2724.287139
6/10/2023 14:00,2724.287129
6/10/2023 14:15,2724.288878
6/10/2023 14:30,2724.287129
6/10/2023 14:45,2724.280711
6/10/2023 15:00,2724.285959
6/10/2023 15:15,2724.28421
6/10/2023 15:30,2724.288878
6/10/2023 15:45,2724.28363
6/10/2023 16:00,2724.285379
6/10/2023 16:15,2724.28363
6/10/2023 16:30,2724.287129
6/10/2023 16:45,2724.28246
6/10/2023 17:00,2724.287129
6/10/2023 17:15,2724.285379
6/10/2023 17:30,2724.28363
6/10/2023 17:45,2724.287129
6/10/2023 18:00,2724.28363
6/10/2023 18:15,2724.287129
6/10/2023 18:30,2724.287129
6/10/2023 18:45,2724.28422
6/10/2023 19:00,2724.28247
6/10/2023 19:15,2724.288298
6/10/2023 19:30,2724.288878
6/10/2023 19:45,2724.287129
6/10/2023 20:00,2724.287129
6/10/2023 20:15,2724.288298
6/10/2023 20:30,2724.287129
6/10/2023 20:45,2724.288878
6/10/2023 21:00,2724.288878
6/10/2023 21:15,2724.288298
6/10/2023 21:30,2724.286549
6/10/2023 21:45,2724.286549
6/10/2023 22:00,2724.285379
6/10/2023 22:15,2724.287129
6/10/2023 22:30,2724.292967
6/10/2023 22:45,2724.287129
6/10/2023 23:00,2724.288878
6/10/2023 23:15,2724.290048
6/10/2023 23:30,2724.290048
6/10/2023 23:45,2724.287129
6/11/2023 0:00,2724.288298
6/11/2023 0:15,2724.286549
6/11/2023 0:30,2724.287129
6/11/2023 0:45,2724.288298
6/11/2023 1:00,2724.285969
6/11/2023 1:15,2724.290048
6/11/2023 1:30,2724.288878
6/11/2023 1:45,2724.291797
6/11/2023 2:00,2724.290048
6/11/2023 2:15,2724.291217
6/11/2023 2:30,2724.290048
6/11/2023 2:45,2724.290048
6/11/2023 3:00,2724.294126
6/11/2023 3:15,2724.292957
6/11/2023 3:30,2724.291207
6/11/2023 3:45,2724.295876
6/11/2023 4:00,2724.291797
6/11/2023 4:15,2724.291207
6/11/2023 4:30,2724.292957
6/11/2023 4:45,2724.290048
6/11/2023 5:00,2724.294716
6/11/2023 5:15,2724.292967
6/11/2023 5:30,2724.291217
6/11/2023 5:45,2724.291217
6/11/2023 6:00,2724.291217
6/11/2023 6:15,2724.288298
6/11/2023 6:30,2724.291217
6/11/2023 6:45,2724.292967
6/11/2023 7:00,2724.287129
6/11/2023 7:15,2724.288298
6/11/2023 7:30,2724.287129
6/11/2023 7:45,2724.290048
6/11/2023 8:00,2724.286549
6/11/2023 8:15,2724.287139
6/11/2023 8:30,2724.286549
6/11/2023 8:45,2724.288298
6/11/2023 9:00,2724.287139
6/11/2023 9:15,2724.288298
6/11/2023 9:30,2724.288298
6/11/2023 9:45,2724.285389
6/11/2023 10:00,2724.287139
6/11/2023 10:15,2724.286549
6/11/2023 10:30,2724.286549
6/11/2023 10:45,2724.285389
6/11/2023 11:00,2724.286549
6/11/2023 11:15,2724.285389
6/11/2023 11:30,2724.288298
6/11/2023 11:45,2724.28422
6/11/2023 12:00,2724.28363
6/11/2023 12:15,2724.28189
6/11/2023 12:30,2724.28422
6/11/2023 12:45,2724.285389
6/11/2023 13:00,2724.287139
6/11/2023 13:15,2724.28364
6/11/2023 13:30,2724.287139
6/11/2023 13:45,2724.288298
6/11/2023 14:00,2724.285379
6/11/2023 14:15,2724.280711
6/11/2023 14:30,2724.28246
6/11/2023 14:45,2724.285379
6/11/2023 15:00,2724.285959
6/11/2023 15:15,2724.286549
6/11/2023 15:30,2724.28421
6/11/2023 15:45,2724.287129
6/11/2023 16:00,2724.28422
6/11/2023 16:15,2724.285379
6/11/2023 16:30,2724.287129
6/11/2023 16:45,2724.287139
6/11/2023 17:00,2724.285969
6/11/2023 17:15,2724.285389
6/11/2023 17:30,2724.28247
6/11/2023 17:45,2724.28247
6/11/2023 18:00,2724.285379
6/11/2023 18:15,2724.28247
6/11/2023 18:30,2724.28364
6/11/2023 18:45,2724.285389
6/11/2023 19:00,2724.28364
6/11/2023 19:15,2724.28364
6/11/2023 19:30,2724.28247
6/11/2023 19:45,2724.285389
6/11/2023 20:00,2724.285389
6/11/2023 20:15,2724.285389
6/11/2023 20:30,2724.28247
6/11/2023 20:45,2724.287129
6/11/2023 21:00,2724.285969
6/11/2023 21:15,2724.287129
6/11/2023 21:30,2724.285379
6/11/2023 21:45,2724.287129
6/11/2023 22:00,2724.286549
6/11/2023 22:15,2724.285379
6/11/2023 22:30,2724.287129
6/11/2023 22:45,2724.288878
6/11/2023 23:00,2724.287129
6/11/2023 23:15,2724.28421
6/11/2023 23:30,2724.28363
6/11/2023 23:45,2724.285379
6/12/2023 0:00,2724.285379
6/12/2023 0:15,2724.287129
6/12/2023 0:30,2724.285969
6/12/2023 0:45,2724.288298
6/12/2023 1:00,2724.288298
6/12/2023 1:15,2724.287139
6/12/2023 1:30,2724.285379
6/12/2023 1:45,2724.288298
6/12/2023 2:00,2724.290048
6/12/2023 2:15,2724.287129
6/12/2023 2:30,2724.287139
6/12/2023 2:45,2724.28422
6/12/2023 3:00,2724.287129
6/12/2023 3:15,2724.290048
6/12/2023 3:30,2724.287129
6/12/2023 3:45,2724.287139
6/12/2023 4:00,2724.290048
6/12/2023 4:15,2724.287129
6/12/2023 4:30,2724.288298
6/12/2023 4:45,2724.286549
6/12/2023 5:00,2724.290048
6/12/2023 5:15,2724.288298
6/12/2023 5:30,2724.291217
6/12/2023 5:45,2724.288298
6/12/2023 6:00,2724.288298
6/12/2023 6:15,2724.290048
6/12/2023 6:30,2724.286549
6/12/2023 6:45,2724.288298
6/12/2023 7:00,2724.286549
6/12/2023 7:15,2724.288298
6/12/2023 7:30,2724.288878
6/12/2023 7:45,2724.291797
6/12/2023 8:00,2724.288298
6/12/2023 8:15,2724.285379
6/12/2023 8:30,2724.288298
6/12/2023 8:45,2724.286549
6/12/2023 9:00,2724.286549
6/12/2023 9:15,2724.286549
6/12/2023 9:30,2724.285379
6/12/2023 9:45,2724.288298
6/12/2023 10:00,2724.285379
6/12/2023 10:15,2724.285969
6/12/2023 10:30,2724.285389
6/12/2023 10:45,2724.28247
6/12/2023 11:00,2724.285389
6/12/2023 11:15,2724.28247
6/12/2023 11:30,2724.28247
6/12/2023 11:45,2724.28364
6/12/2023 12:00,2724.285969
6/12/2023 12:15,2724.28247
6/12/2023 12:30,2724.281301
6/12/2023 12:45,2724.28422
6/12/2023 13:00,2724.28422
6/12/2023 13:15,2724.28421
6/12/2023 13:30,2724.279551
6/12/2023 13:45,2724.280711
6/12/2023 14:00,2724.28421
6/12/2023 14:15,2724.28246
6/12/2023 14:30,2724.28246
6/12/2023 14:45,2724.28305
6/12/2023 15:00,2724.281301
6/12/2023 15:15,2724.281301
6/12/2023 15:30,2724.279551
6/12/2023 15:45,2724.280721
6/12/2023 16:00,2724.28247
6/12/2023 16:15,2724.280721
6/12/2023 16:30,2724.28305
6/12/2023 16:45,2724.281301
6/12/2023 17:00,2724.28247
6/12/2023 17:15,2724.281301
6/12/2023 17:30,2724.28422
6/12/2023 17:45,2724.279551
6/12/2023 18:00,2724.280721
6/12/2023 18:15,2724.28421
6/12/2023 18:30,2724.28247
6/12/2023 18:45,2724.28421
6/12/2023 19:00,2724.28421
6/12/2023 19:15,2724.285379
6/12/2023 19:30,2724.28305
6/12/2023 19:45,2724.28305
6/12/2023 20:00,2724.28422
6/12/2023 20:15,2724.28364
6/12/2023 20:30,2724.28247
6/12/2023 20:45,2724.28422
6/12/2023 21:00,2724.285379
6/12/2023 21:15,2724.28422
6/12/2023 21:30,2724.28421
6/12/2023 21:45,2724.28246
6/12/2023 22:00,2724.28363
6/12/2023 22:15,2724.28363
6/12/2023 22:30,2724.285379
6/12/2023 22:45,2724.287129
6/12/2023 23:00,2724.288878
6/12/2023 23:15,2724.288878
6/12/2023 23:30,2724.285379
6/12/2023 23:45,2724.288298
6/13/2023 0:00,2724.288298
6/13/2023 0:15,2724.288298
6/13/2023 0:30,2724.287129
6/13/2023 0:45,2724.289468
6/13/2023 1:00,2724.286549
6/13/2023 1:15,2724.288298
6/13/2023 1:30,2724.286549
6/13/2023 1:45,2724.287129
6/13/2023 2:00,2724.288298
6/13/2023 2:15,2724.290048
6/13/2023 2:30,2724.286549
6/13/2023 2:45,2724.285379
6/13/2023 3:00,2724.287129
6/13/2023 3:15,2724.290048
6/13/2023 3:30,2724.290048
6/13/2023 3:45,2724.290048
6/13/2023 4:00,2724.288298
6/13/2023 4:15,2724.288298
6/13/2023 4:30,2724.289458
6/13/2023 4:45,2724.288298
6/13/2023 5:00,2724.292957
6/13/2023 5:15,2724.292957
6/13/2023 5:30,2724.291207
6/13/2023 5:45,2724.296455
6/13/2023 6:00,2724.291207
6/13/2023 6:15,2724.290048
6/13/2023 6:30,2724.291797
6/13/2023 6:45,2724.291797
6/13/2023 7:00,2724.286549
6/13/2023 7:15,2724.288298
6/13/2023 7:30,2724.287129
6/13/2023 7:45,2724.288298
6/13/2023 8:00,2724.287129
6/13/2023 8:15,2724.28363
6/13/2023 8:30,2724.288878
6/13/2023 8:45,2724.287129
6/13/2023 9:00,2724.285379
6/13/2023 9:15,2724.285379
6/13/2023 9:30,2724.28363
6/13/2023 9:45,2724.28247
6/13/2023 10:00,2724.28247
6/13/2023 10:15,2724.28363
6/13/2023 10:30,2724.28247
6/13/2023 10:45,2724.28422
6/13/2023 11:00,2724.28422
6/13/2023 11:15,2724.285969
6/13/2023 11:30,2724.28422
6/13/2023 11:45,2724.28247
6/13/2023 12:00,2724.287129
6/13/2023 12:15,2724.28247
6/13/2023 12:30,2724.285389
6/13/2023 12:45,2724.28247
6/13/2023 13:00,2724.279551
6/13/2023 13:15,2724.285969
6/13/2023 13:30,2724.28305
6/13/2023 13:45,2724.281301
6/13/2023 14:00,2724.281301
6/13/2023 14:15,2724.28247
6/13/2023 14:30,2724.28247
6/13/2023 14:45,2724.280721
6/13/2023 15:00,2724.279551
6/13/2023 15:15,2724.28305
6/13/2023 15:30,2724.28305
6/13/2023 15:45,2724.28422
6/13/2023 16:00,2724.280711
6/13/2023 16:15,2724.280711
6/13/2023 16:30,2724.281301
6/13/2023 16:45,2724.28246
6/13/2023 17:00,2724.28305
6/13/2023 17:15,2724.28246
6/13/2023 17:30,2724.28305
6/13/2023 17:45,2724.279551
6/13/2023 18:00,2724.28246
6/13/2023 18:15,2724.28246
6/13/2023 18:30,2724.28363
6/13/2023 18:45,2724.281301
6/13/2023 19:00,2724.28247
6/13/2023 19:15,2724.281301
6/13/2023 19:30,2724.28364
6/13/2023 19:45,2724.28247
6/13/2023 20:00,2724.28247
6/13/2023 20:15,2724.285389
6/13/2023 20:30,2724.287139
6/13/2023 20:45,2724.28364
6/13/2023 21:00,2724.285389
6/13/2023 21:15,2724.285379
6/13/2023 21:30,2724.28247
6/13/2023 21:45,2724.28422
6/13/2023 22:00,2724.28363
6/13/2023 22:15,2724.28246
6/13/2023 22:30,2724.28246
6/13/2023 22:45,2724.28363
6/13/2023 23:00,2724.28363
6/13/2023 23:15,2724.28246
6/13/2023 23:30,2724.287129
6/13/2023 23:45,2724.288298
6/14/2023 0:00,2724.290048
6/14/2023 0:15,2724.28363
6/14/2023 0:30,2724.287129
6/14/2023 0:45,2724.287129
6/14/2023 1:00,2724.28363
6/14/2023 1:15,2724.287129
6/14/2023 1:30,2724.287129
6/14/2023 1:45,2724.28363
6/14/2023 2:00,2724.286549
6/14/2023 2:15,2724.285389
6/14/2023 2:30,2724.285389
6/14/2023 2:45,2724.290048
6/14/2023 3:00,2724.290048
6/14/2023 3:15,2724.285389
6/14/2023 3:30,2724.287139
6/14/2023 3:45,2724.286549
6/14/2023 4:00,2724.28364
6/14/2023 4:15,2724.28364
6/14/2023 4:30,2724.286549
6/14/2023 4:45,2724.285389
6/14/2023 5:00,2724.289468
6/14/2023 5:15,2724.288298
6/14/2023 5:30,2724.288298
6/14/2023 5:45,2724.288298
6/14/2023 6:00,2724.287129
6/14/2023 6:15,2724.286549
6/14/2023 6:30,2724.28363
6/14/2023 6:45,2724.28363
6/14/2023 7:00,2724.28363
6/14/2023 7:15,2724.285379
6/14/2023 7:30,2724.285379
6/14/2023 7:45,2724.28363
6/14/2023 8:00,2724.285379
6/14/2023 8:15,2724.28363
6/14/2023 8:30,2724.280721
6/14/2023 8:45,2724.280721
6/14/2023 9:00,2724.28247
6/14/2023 9:15,2724.28247
6/14/2023 9:30,2724.280721
6/14/2023 9:45,2724.28422
6/14/2023 10:00,2724.28363
6/14/2023 10:15,2724.28363
6/14/2023 10:30,2724.285379
6/14/2023 10:45,2724.28363
6/14/2023 11:00,2724.28246
6/14/2023 11:15,2724.28421
6/14/2023 11:30,2724.280711
6/14/2023 11:45,2724.28246
6/14/2023 12:00,2724.279551
6/14/2023 12:15,2724.279551
6/14/2023 12:30,2724.28247
6/14/2023 12:45,2724.281301
6/14/2023 13:00,2724.280721
6/14/2023 13:15,2724.279551
6/14/2023 13:30,2724.279551
6/14/2023 13:45,2724.279551
6/14/2023 14:00,2724.279551
6/14/2023 14:15,2724.281301
6/14/2023 14:30,2724.28305
6/14/2023 14:45,2724.278392
6/14/2023 15:00,2724.276642
6/14/2023 15:15,2724.281301
6/14/2023 15:30,2724.277802
6/14/2023 15:45,2724.280131
6/14/2023 16:00,2724.280721
6/14/2023 16:15,2724.277802
6/14/2023 16:30,2724.276632
6/14/2023 16:45,2724.280131
6/14/2023 17:00,2724.278382
6/14/2023 17:15,2724.281301
6/14/2023 17:30,2724.278392
6/14/2023 17:45,2724.274883
6/14/2023 18:00,2724.279551
6/14/2023 18:15,2724.278382
6/14/2023 18:30,2724.279551
6/14/2023 18:45,2724.279551
6/14/2023 19:00,2724.277802
6/14/2023 19:15,2724.28247
6/14/2023 19:30,2724.281301
6/14/2023 19:45,2724.281301
6/14/2023 20:00,2724.281301
6/14/2023 20:15,2724.281301
6/14/2023 20:30,2724.279551
6/14/2023 20:45,2724.281301
6/14/2023 21:00,2724.279551
6/14/2023 21:15,2724.28247
6/14/2023 21:30,2724.281301
6/14/2023 21:45,2724.280721
6/14/2023 22:00,2724.281301
6/14/2023 22:15,2724.280721
6/14/2023 22:30,2724.281301
6/14/2023 22:45,2724.28247
6/14/2023 23:00,2724.28247
6/14/2023 23:15,2724.28422
6/14/2023 23:30,2724.28305
6/14/2023 23:45,2724.279551
6/15/2023 0:00,2724.28246
6/15/2023 0:15,2724.28421
6/15/2023 0:30,2724.281301
6/15/2023 0:45,2724.28305
6/15/2023 1:00,2724.28247
6/15/2023 1:15,2724.28247
6/15/2023 1:30,2724.280721
6/15/2023 1:45,2724.280721
6/15/2023 2:00,2724.285389
6/15/2023 2:15,2724.28422
6/15/2023 2:30,2724.281301
6/15/2023 2:45,2724.279551
6/15/2023 3:00,2724.279551
6/15/2023 3:15,2724.28247
6/15/2023 3:30,2724.28305
6/15/2023 3:45,2724.281301
6/15/2023 4:00,2724.281301
6/15/2023 4:15,2724.281301
6/15/2023 4:30,2724.28421
6/15/2023 4:45,2724.279551
6/15/2023 5:00,2724.285969
6/15/2023 5:15,2724.285959
6/15/2023 5:30,2724.28422
6/15/2023 5:45,2724.281301
6/15/2023 6:00,2724.28246
6/15/2023 6:15,2724.28363
6/15/2023 6:30,2724.28247
6/15/2023 6:45,2724.28422
6/15/2023 7:00,2724.28247
6/15/2023 7:15,2724.279551
6/15/2023 7:30,2724.279551
6/15/2023 7:45,2724.281301
6/15/2023 8:00,2724.281301
6/15/2023 8:15,2724.281301
6/15/2023 8:30,2724.28421
6/15/2023 8:45,2724.279551
6/15/2023 9:00,2724.28246
6/15/2023 9:15,2724.28246
6/15/2023 9:30,2724.28246
6/15/2023 9:45,2724.28363
6/15/2023 10:00,2724.28422
6/15/2023 10:15,2724.28246
6/15/2023 10:30,2724.28247
6/15/2023 10:45,2724.28422
6/15/2023 11:00,2724.28247
6/15/2023 11:15,2724.285389
6/15/2023 11:30,2724.279551
6/15/2023 11:45,2724.28247
6/15/2023 12:00,2724.279551
6/15/2023 12:15,2724.278382
6/15/2023 12:30,2724.278971
6/15/2023 12:45,2724.281301
6/15/2023 13:00,2724.276632
6/15/2023 13:15,2724.280721
6/15/2023 13:30,2724.277802
6/15/2023 13:45,2724.278382
6/15/2023 14:00,2724.279551
6/15/2023 14:15,2724.281301
6/15/2023 14:30,2724.281301
6/15/2023 14:45,2724.277802
6/15/2023 15:00,2724.276632
6/15/2023 15:15,2724.274883
6/15/2023 15:30,2724.279551
6/15/2023 15:45,2724.277802
6/15/2023 16:00,2724.279551
6/15/2023 16:15,2724.278382
6/15/2023 16:30,2724.278382
6/15/2023 16:45,2724.279551
6/15/2023 17:00,2724.278382
6/15/2023 17:15,2724.281301
6/15/2023 17:30,2724.278382
6/15/2023 17:45,2724.278382
6/15/2023 18:00,2724.279551
6/15/2023 18:15,2724.277802
6/15/2023 18:30,2724.276632
6/15/2023 18:45,2724.278382
6/15/2023 19:00,2724.279551
6/15/2023 19:15,2724.280711
6/15/2023 19:30,2724.278392
6/15/2023 19:45,2724.280721
6/15/2023 20:00,2724.280721
6/15/2023 20:15,2724.276632
6/15/2023 20:30,2724.277802
6/15/2023 20:45,2724.278971
6/15/2023 21:00,2724.281301
6/15/2023 21:15,2724.28246
6/15/2023 21:30,2724.280711
6/15/2023 21:45,2724.28247
6/15/2023 22:00,2724.28247
6/15/2023 22:15,2724.278971
6/15/2023 22:30,2724.280721
6/15/2023 22:45,2724.28247
6/15/2023 23:00,2724.280721
6/15/2023 23:15,2724.28422
6/15/2023 23:30,2724.280721
6/15/2023 23:45,2724.280721
6/16/2023 0:00,2724.278971
6/16/2023 0:15,2724.28247
6/16/2023 0:30,2724.280721
6/16/2023 0:45,2724.28189
6/16/2023 1:00,2724.28189
6/16/2023 1:15,2724.278971
6/16/2023 1:30,2724.28364
6/16/2023 1:45,2724.280721
6/16/2023 2:00,2724.280721
6/16/2023 2:15,2724.280721
6/16/2023 2:30,2724.28247
6/16/2023 2:45,2724.284799
6/16/2023 3:00,2724.280721
6/16/2023 3:15,2724.280721
6/16/2023 3:30,2724.285389
6/16/2023 3:45,2724.28189
6/16/2023 4:00,2724.28189
6/16/2023 4:15,2724.285389
6/16/2023 4:30,2724.28364
6/16/2023 4:45,2724.28364
6/16/2023 5:00,2724.286549
6/16/2023 5:15,2724.280721
6/16/2023 5:30,2724.28363
6/16/2023 5:45,2724.28188
6/16/2023 6:00,2724.28363
6/16/2023 6:15,2724.28363
6/16/2023 6:30,2724.28188
6/16/2023 6:45,2724.280711
6/16/2023 7:00,2724.284799
6/16/2023 7:15,2724.28363
6/16/2023 7:30,2724.28189
6/16/2023 7:45,2724.285389
6/16/2023 8:00,2724.280141
6/16/2023 8:15,2724.28364
6/16/2023 8:30,2724.280141
6/16/2023 8:45,2724.280721
6/16/2023 9:00,2724.280141
6/16/2023 9:15,2724.280141
6/16/2023 9:30,2724.28189
6/16/2023 9:45,2724.278971
6/16/2023 10:00,2724.280721
6/16/2023 10:15,2724.278971
6/16/2023 10:30,2724.28363
6/16/2023 10:45,2724.280721
6/16/2023 11:00,2724.28188
6/16/2023 11:15,2724.280721
6/16/2023 11:30,2724.28363
6/16/2023 11:45,2724.276052
6/16/2023 12:00,2724.28247
6/16/2023 12:15,2724.277222
6/16/2023 12:30,2724.278392
6/16/2023 12:45,2724.274303
6/16/2023 13:00,2724.277802
6/16/2023 13:15,2724.276052
6/16/2023 13:30,2724.277222
6/16/2023 13:45,2724.277802
6/16/2023 14:00,2724.275473
6/16/2023 14:15,2724.280721
6/16/2023 14:30,2724.274303
6/16/2023 14:45,2724.280711
6/16/2023 15:00,2724.278961
6/16/2023 15:15,2724.276052
6/16/2023 15:30,2724.278961
6/16/2023 15:45,2724.277212
6/16/2023 16:00,2724.274303
6/16/2023 16:15,2724.275473
6/16/2023 16:30,2724.277222
6/16/2023 16:45,2724.274883
6/16/2023 17:00,2724.276052
6/16/2023 17:15,2724.274883
6/16/2023 17:30,2724.276052
6/16/2023 17:45,2724.278971
6/16/2023 18:00,2724.276052
6/16/2023 18:15,2724.273133
6/16/2023 18:30,2724.277802
6/16/2023 18:45,2724.276052
6/16/2023 19:00,2724.279551
6/16/2023 19:15,2724.277802
6/16/2023 19:30,2724.277802
6/16/2023 19:45,2724.278971
6/16/2023 20:00,2724.276052
6/16/2023 20:15,2724.272554
6/16/2023 20:30,2724.278971
6/16/2023 20:45,2724.277222
6/16/2023 21:00,2724.276052
6/16/2023 21:15,2724.28188
6/16/2023 21:30,2724.277802
6/16/2023 21:45,2724.280131
6/16/2023 22:00,2724.277802
6/16/2023 22:15,2724.280711
6/16/2023 22:30,2724.277212
6/16/2023 22:45,2724.28305
6/16/2023 23:00,2724.28363
6/16/2023 23:15,2724.280711
6/16/2023 23:30,2724.280131
6/16/2023 23:45,2724.278961
6/17/2023 0:00,2724.280131
6/17/2023 0:15,2724.28188
6/17/2023 0:30,2724.28305
6/17/2023 0:45,2724.28363
6/17/2023 1:00,2724.285379
6/17/2023 1:15,2724.28363
6/17/2023 1:30,2724.284799
6/17/2023 1:45,2724.286549
6/17/2023 2:00,2724.286549
6/17/2023 2:15,2724.28364
6/17/2023 2:30,2724.284799
6/17/2023 2:45,2724.28189
6/17/2023 3:00,2724.286549
6/17/2023 3:15,2724.28364
6/17/2023 3:30,2724.284799
6/17/2023 3:45,2724.28364
6/17/2023 4:00,2724.285389
6/17/2023 4:15,2724.284799
6/17/2023 4:30,2724.28189
6/17/2023 4:45,2724.28364
6/17/2023 5:00,2724.28247
6/17/2023 5:15,2724.285379
6/17/2023 5:30,2724.285969
6/17/2023 5:45,2724.28363
6/17/2023 6:00,2724.286549
6/17/2023 6:15,2724.286549
6/17/2023 6:30,2724.28363
6/17/2023 6:45,2724.28188
6/17/2023 7:00,2724.28363
6/17/2023 7:15,2724.280721
6/17/2023 7:30,2724.280131
6/17/2023 7:45,2724.280141
6/17/2023 8:00,2724.278971
6/17/2023 8:15,2724.280721
6/17/2023 8:30,2724.280721
6/17/2023 8:45,2724.280721
6/17/2023 9:00,2724.280721
6/17/2023 9:15,2724.277222
6/17/2023 9:30,2724.278971
6/17/2023 9:45,2724.277222
6/17/2023 10:00,2724.280721
6/17/2023 10:15,2724.280131
6/17/2023 10:30,2724.28188
6/17/2023 10:45,2724.277802
6/17/2023 11:00,2724.275473
6/17/2023 11:15,2724.28247
6/17/2023 11:30,2724.277802
6/17/2023 11:45,2724.277802
6/17/2023 12:00,2724.276052
6/17/2023 12:15,2724.28363
6/17/2023 12:30,2724.280711
6/17/2023 12:45,2724.278961
6/17/2023 13:00,2724.276052
6/17/2023 13:15,2724.274303
6/17/2023 13:30,2724.277802
6/17/2023 13:45,2724.278971
6/17/2023 14:00,2724.275473
6/17/2023 14:15,2724.277222
6/17/2023 14:30,2724.278971
6/17/2023 14:45,2724.275473
6/17/2023 15:00,2724.277222
6/17/2023 15:15,2724.277222
6/17/2023 15:30,2724.280721
6/17/2023 15:45,2724.277802
6/17/2023 16:00,2724.278971
6/17/2023 16:15,2724.28247
6/17/2023 16:30,2724.278971
6/17/2023 16:45,2724.274893
6/17/2023 17:00,2724.271974
6/17/2023 17:15,2724.271974
6/17/2023 17:30,2724.271974
6/17/2023 17:45,2724.276062
6/17/2023 18:00,2724.268475
6/17/2023 18:15,2724.271394
6/17/2023 18:30,2724.268475
6/17/2023 18:45,2724.271974
6/17/2023 19:00,2724.268475
6/17/2023 19:15,2724.271394
6/17/2023 19:30,2724.271394
6/17/2023 19:45,2724.268475
6/17/2023 20:00,2724.272554
6/17/2023 20:15,2724.271384
6/17/2023 20:30,2724.271394
6/17/2023 20:45,2724.271394
6/17/2023 21:00,2724.273143
6/17/2023 21:15,2724.271394
6/17/2023 21:30,2724.272564
6/17/2023 21:45,2724.272554
6/17/2023 22:00,2724.271384
6/17/2023 22:15,2724.274303
6/17/2023 22:30,2724.275473
6/17/2023 22:45,2724.276052
6/17/2023 23:00,2724.274303
6/17/2023 23:15,2724.274303
6/17/2023 23:30,2724.274303
6/17/2023 23:45,2724.274893
6/18/2023 0:00,2724.276062
6/18/2023 0:15,2724.277222
6/18/2023 0:30,2724.276062
6/18/2023 0:45,2724.274313
6/18/2023 1:00,2724.276062
6/18/2023 1:15,2724.272554
6/18/2023 1:30,2724.274303
6/18/2023 1:45,2724.273143
6/18/2023 2:00,2724.277222
6/18/2023 2:15,2724.276052
6/18/2023 2:30,2724.272554
6/18/2023 2:45,2724.274303
6/18/2023 3:00,2724.272554
6/18/2023 3:15,2724.274303
6/18/2023 3:30,2724.277222
6/18/2023 3:45,2724.277222
6/18/2023 4:00,2724.272554
6/18/2023 4:15,2724.278971
6/18/2023 4:30,2724.275473
6/18/2023 4:45,2724.274303
6/18/2023 5:00,2724.274303
6/18/2023 5:15,2724.277222
6/18/2023 5:30,2724.277802
6/18/2023 5:45,2724.277802
6/18/2023 6:00,2724.278971
6/18/2023 6:15,2724.277802
6/18/2023 6:30,2724.274303
6/18/2023 6:45,2724.276062
6/18/2023 7:00,2724.276052
6/18/2023 7:15,2724.274303
6/18/2023 7:30,2724.276062
6/18/2023 7:45,2724.278971
6/18/2023 8:00,2724.276052
6/18/2023 8:15,2724.274303
6/18/2023 8:30,2724.274303
6/18/2023 8:45,2724.277222
6/18/2023 9:00,2724.276052
6/18/2023 9:15,2724.274303
6/18/2023 9:30,2724.273143
6/18/2023 9:45,2724.271394
6/18/2023 10:00,2724.274893
6/18/2023 10:15,2724.274893
6/18/2023 10:30,2724.273143
6/18/2023 10:45,2724.272564
6/18/2023 11:00,2724.271394
6/18/2023 11:15,2724.267895
6/18/2023 11:30,2724.269645
6/18/2023 11:45,2724.271394
6/18/2023 12:00,2724.266725
6/18/2023 12:15,2724.268475
6/18/2023 12:30,2724.269635
6/18/2023 12:45,2724.270224
6/18/2023 13:00,2724.267305
6/18/2023 13:15,2724.270224
6/18/2023 13:30,2724.271974
6/18/2023 13:45,2724.267305
6/18/2023 14:00,2724.270224
6/18/2023 14:15,2724.267305
6/18/2023 14:30,2724.270224
6/18/2023 14:45,2724.268475
6/18/2023 15:00,2724.270224
6/18/2023 15:15,2724.270224
6/18/2023 15:30,2724.269055
6/18/2023 15:45,2724.270804
6/18/2023 16:00,2724.269055
6/18/2023 16:15,2724.267305
6/18/2023 16:30,2724.267305
6/18/2023 16:45,2724.267305
6/18/2023 17:00,2724.268475
6/18/2023 17:15,2724.269055
6/18/2023 17:30,2724.270224
6/18/2023 17:45,2724.271974
6/18/2023 18:00,2724.269055
6/18/2023 18:15,2724.269055
6/18/2023 18:30,2724.267305
6/18/2023 18:45,2724.269055
6/18/2023 19:00,2724.268475
6/18/2023 19:15,2724.271394
6/18/2023 19:30,2724.270224
6/18/2023 19:45,2724.268475
6/18/2023 20:00,2724.268475
6/18/2023 20:15,2724.270224
6/18/2023 20:30,2724.271384
6/18/2023 20:45,2724.271974
6/18/2023 21:00,2724.268475
6/18/2023 21:15,2724.271394
6/18/2023 21:30,2724.270224
6/18/2023 21:45,2724.269645
6/18/2023 22:00,2724.269645
6/18/2023 22:15,2724.269645
6/18/2023 22:30,2724.270224
6/18/2023 22:45,2724.273133
6/18/2023 23:00,2724.271384
6/18/2023 23:15,2724.271384
6/18/2023 23:30,2724.272554
6/18/2023 23:45,2724.271384
6/19/2023 0:00,2724.271384
6/19/2023 0:15,2724.273133
6/19/2023 0:30,2724.272554
6/19/2023 0:45,2724.272554
6/19/2023 1:00,2724.271384
6/19/2023 1:15,2724.269635
6/19/2023 1:30,2724.271394
6/19/2023 1:45,2724.272554
6/19/2023 2:00,2724.274303
6/19/2023 2:15,2724.269645
6/19/2023 2:30,2724.271394
6/19/2023 2:45,2724.272554
6/19/2023 3:00,2724.271394
6/19/2023 3:15,2724.272554
6/19/2023 3:30,2724.274303
6/19/2023 3:45,2724.273143
6/19/2023 4:00,2724.274303
6/19/2023 4:15,2724.274303
6/19/2023 4:30,2724.271394
6/19/2023 4:45,2724.267895
6/19/2023 5:00,2724.272554
6/19/2023 5:15,2724.275473
6/19/2023 5:30,2724.272554
6/19/2023 5:45,2724.271384
6/19/2023 6:00,2724.274303
6/19/2023 6:15,2724.273133
6/19/2023 6:30,2724.272554
6/19/2023 6:45,2724.273133
6/19/2023 7:00,2724.271384
6/19/2023 7:15,2724.276052
6/19/2023 7:30,2724.270224
6/19/2023 7:45,2724.269645
6/19/2023 8:00,2724.269645
6/19/2023 8:15,2724.271394
6/19/2023 8:30,2724.269645
6/19/2023 8:45,2724.273143
6/19/2023 9:00,2724.272554
6/19/2023 9:15,2724.274893
6/19/2023 9:30,2724.272554
6/19/2023 9:45,2724.274303
6/19/2023 10:00,2724.269645
6/19/2023 10:15,2724.274893
6/19/2023 10:30,2724.268475
6/19/2023 10:45,2724.267895
6/19/2023 11:00,2724.266725
6/19/2023 11:15,2724.269645
6/19/2023 11:30,2724.268475
6/19/2023 11:45,2724.263806
6/19/2023 12:00,2724.269645
6/19/2023 12:15,2724.269645
6/19/2023 12:30,2724.260308
6/19/2023 12:45,2724.272564
6/19/2023 13:00,2724.264976
6/19/2023 13:15,2724.264976
6/19/2023 13:30,2724.264976
6/19/2023 13:45,2724.263816
6/19/2023 14:00,2724.265566
6/19/2023 14:15,2724.266725
6/19/2023 14:30,2724.267885
6/19/2023 14:45,2724.268475
6/19/2023 15:00,2724.267315
6/19/2023 15:15,2724.266725
6/19/2023 15:30,2724.270224
6/19/2023 15:45,2724.270224
6/19/2023 16:00,2724.266725
6/19/2023 16:15,2724.266725
6/19/2023 16:30,2724.266725
6/19/2023 16:45,2724.270224
6/19/2023 17:00,2724.267895
6/19/2023 17:15,2724.265556
6/19/2023 17:30,2724.269645
6/19/2023 17:45,2724.263806
6/19/2023 18:00,2724.264976
6/19/2023 18:15,2724.267895
6/19/2023 18:30,2724.269645
6/19/2023 18:45,2724.269645
6/19/2023 19:00,2724.266725
6/19/2023 19:15,2724.268475
6/19/2023 19:30,2724.268475
6/19/2023 19:45,2724.268475
6/19/2023 20:00,2724.267315
6/19/2023 20:15,2724.267315
6/19/2023 20:30,2724.270224
6/19/2023 20:45,2724.267895
6/19/2023 21:00,2724.266725
6/19/2023 21:15,2724.268475
6/19/2023 21:30,2724.269645
6/19/2023 21:45,2724.270224
6/19/2023 22:00,2724.266725
6/19/2023 22:15,2724.271384
6/19/2023 22:30,2724.269635
6/19/2023 22:45,2724.270804
6/19/2023 23:00,2724.271394
6/19/2023 23:15,2724.273143
6/19/2023 23:30,2724.271394
6/19/2023 23:45,2724.271394
6/20/2023 0:00,2724.269645
6/20/2023 0:15,2724.271394
6/20/2023 0:30,2724.271394
6/20/2023 0:45,2724.274313
6/20/2023 1:00,2724.270814
6/20/2023 1:15,2724.271394
6/20/2023 1:30,2724.273143
6/20/2023 1:45,2724.274303
6/20/2023 2:00,2724.273143
6/20/2023 2:15,2724.271394
6/20/2023 2:30,2724.272564
6/20/2023 2:45,2724.273143
6/20/2023 3:00,2724.273143
6/20/2023 3:15,2724.273143
6/20/2023 3:30,2724.269645
6/20/2023 3:45,2724.274313
6/20/2023 4:00,2724.273143
6/20/2023 4:15,2724.269645
6/20/2023 4:30,2724.271394
6/20/2023 4:45,2724.271394
6/20/2023 5:00,2724.270814
6/20/2023 5:15,2724.271394
6/20/2023 5:30,2724.270814
6/20/2023 5:45,2724.269645
6/20/2023 6:00,2724.270814
6/20/2023 6:15,2724.269645
6/20/2023 6:30,2724.267895
6/20/2023 6:45,2724.269645
6/20/2023 7:00,2724.272564
6/20/2023 7:15,2724.271394
6/20/2023 7:30,2724.273143
6/20/2023 7:45,2724.267895
6/20/2023 8:00,2724.272554
6/20/2023 8:15,2724.272554
6/20/2023 8:30,2724.269645
6/20/2023 8:45,2724.270814
6/20/2023 9:00,2724.269645
6/20/2023 9:15,2724.272554
6/20/2023 9:30,2724.269635
6/20/2023 9:45,2724.269635
6/20/2023 10:00,2724.272554
6/20/2023 10:15,2724.272554
6/20/2023 10:30,2724.272554
6/20/2023 10:45,2724.270804
6/20/2023 11:00,2724.269635
6/20/2023 11:15,2724.269635
6/20/2023 11:30,2724.269645
6/20/2023 11:45,2724.267895
6/20/2023 12:00,2724.267895
6/20/2023 12:15,2724.269645
6/20/2023 12:30,2724.263227
6/20/2023 12:45,2724.267895
6/20/2023 13:00,2724.268475
6/20/2023 13:15,2724.267895
6/20/2023 13:30,2724.264976
6/20/2023 13:45,2724.269645
6/20/2023 14:00,2724.266725
6/20/2023 14:15,2724.266725
6/20/2023 14:30,2724.268475
6/20/2023 14:45,2724.264976
6/20/2023 15:00,2724.264976
6/20/2023 15:15,2724.266725
6/20/2023 15:30,2724.273133
6/20/2023 15:45,2724.266725
6/20/2023 16:00,2724.267885
6/20/2023 16:15,2724.263806
6/20/2023 16:30,2724.266725
6/20/2023 16:45,2724.266725
6/20/2023 17:00,2724.266725
6/20/2023 17:15,2724.265566
6/20/2023 17:30,2724.266725
6/20/2023 17:45,2724.266725
6/20/2023 18:00,2724.268475
6/20/2023 18:15,2724.263227
6/20/2023 18:30,2724.264976
6/20/2023 18:45,2724.264976
6/20/2023 19:00,2724.265566
6/20/2023 19:15,2724.269645
6/20/2023 19:30,2724.264976
6/20/2023 19:45,2724.267895
6/20/2023 20:00,2724.264976
6/20/2023 20:15,2724.266725
6/20/2023 20:30,2724.269645
6/20/2023 20:45,2724.269645
6/20/2023 21:00,2724.267895
6/20/2023 21:15,2724.269645
6/20/2023 21:30,2724.271394
6/20/2023 21:45,2724.270804
6/20/2023 22:00,2724.269635
6/20/2023 22:15,2724.269635
6/20/2023 22:30,2724.269635
6/20/2023 22:45,2724.269635
6/20/2023 23:00,2724.269635
6/20/2023 23:15,2724.270804
6/20/2023 23:30,2724.272554
6/20/2023 23:45,2724.272554
6/21/2023 0:00,2724.269635
6/21/2023 0:15,2724.269635
6/21/2023 0:30,2724.270804
6/21/2023 0:45,2724.267885
6/21/2023 1:00,2724.271384
6/21/2023 1:15,2724.271384
6/21/2023 1:30,2724.269635
6/21/2023 1:45,2724.271384
6/21/2023 2:00,2724.272554
6/21/2023 2:15,2724.269635
6/21/2023 2:30,2724.269635
6/21/2023 2:45,2724.270804
6/21/2023 3:00,2724.268475
6/21/2023 3:15,2724.271384
6/21/2023 3:30,2724.268475
6/21/2023 3:45,2724.267885
6/21/2023 4:00,2724.270804
6/21/2023 4:15,2724.269055
6/21/2023 4:30,2724.272554
6/21/2023 4:45,2724.271384
6/21/2023 5:00,2724.271384
6/21/2023 5:15,2724.270804
6/21/2023 5:30,2724.270804
6/21/2023 5:45,2724.273143
6/21/2023 6:00,2724.272554
6/21/2023 6:15,2724.269645
6/21/2023 6:30,2724.274303
6/21/2023 6:45,2724.270804
6/21/2023 7:00,2724.270804
6/21/2023 7:15,2724.269635
6/21/2023 7:30,2724.267885
6/21/2023 7:45,2724.269635
6/21/2023 8:00,2724.271384
6/21/2023 8:15,2724.269635
6/21/2023 8:30,2724.269635
6/21/2023 8:45,2724.269635
6/21/2023 9:00,2724.267885
6/21/2023 9:15,2724.271384
6/21/2023 9:30,2724.269635
6/21/2023 9:45,2724.271384
6/21/2023 10:00,2724.269635
6/21/2023 10:15,2724.269645
6/21/2023 10:30,2724.269635
6/21/2023 10:45,2724.266725
6/21/2023 11:00,2724.267895
6/21/2023 11:15,2724.266725
6/21/2023 11:30,2724.266146
6/21/2023 11:45,2724.267895
6/21/2023 12:00,2724.267895
6/21/2023 12:15,2724.266146
6/21/2023 12:30,2724.264976
6/21/2023 12:45,2724.260308
6/21/2023 13:00,2724.263806
6/21/2023 13:15,2724.266725
6/21/2023 13:30,2724.263227
6/21/2023 13:45,2724.263806
6/21/2023 14:00,2724.263227
6/21/2023 14:15,2724.263227
6/21/2023 14:30,2724.267885
6/21/2023 14:45,2724.263227
6/21/2023 15:00,2724.264976
6/21/2023 15:15,2724.262067
6/21/2023 15:30,2724.263816
6/21/2023 15:45,2724.259148
6/21/2023 16:00,2724.262647
6/21/2023 16:15,2724.264976
6/21/2023 16:30,2724.263227
6/21/2023 16:45,2724.263227
6/21/2023 17:00,2724.262057
6/21/2023 17:15,2724.263806
6/21/2023 17:30,2724.264976
6/21/2023 17:45,2724.265566
6/21/2023 18:00,2724.264396
6/21/2023 18:15,2724.265566
6/21/2023 18:30,2724.263816
6/21/2023 18:45,2724.262067
6/21/2023 19:00,2724.265566
6/21/2023 19:15,2724.263816
6/21/2023 19:30,2724.263816
6/21/2023 19:45,2724.263806
6/21/2023 20:00,2724.264976
6/21/2023 20:15,2724.264976
6/21/2023 20:30,2724.266725
6/21/2023 20:45,2724.264976
6/21/2023 21:00,2724.266725
6/21/2023 21:15,2724.263227
6/21/2023 21:30,2724.264976
6/21/2023 21:45,2724.265566
6/21/2023 22:00,2724.264976
6/21/2023 22:15,2724.266725
6/21/2023 22:30,2724.266725
6/21/2023 22:45,2724.266146
6/21/2023 23:00,2724.266725
6/21/2023 23:15,2724.267895
6/21/2023 23:30,2724.268475
6/21/2023 23:45,2724.268475
6/22/2023 0:00,2724.267885
6/22/2023 0:15,2724.264976
6/22/2023 0:30,2724.268475
6/22/2023 0:45,2724.266725
6/22/2023 1:00,2724.266725
6/22/2023 1:15,2724.268475
6/22/2023 1:30,2724.268475
6/22/2023 1:45,2724.266725
6/22/2023 2:00,2724.267895
6/22/2023 2:15,2724.267895
6/22/2023 2:30,2724.269645
6/22/2023 2:45,2724.269645
6/22/2023 3:00,2724.268475
6/22/2023 3:15,2724.269645
6/22/2023 3:30,2724.270224
6/22/2023 3:45,2724.266725
6/22/2023 4:00,2724.272564
6/22/2023 4:15,2724.267895
6/22/2023 4:30,2724.268475
6/22/2023 4:45,2724.266725
6/22/2023 5:00,2724.266725
6/22/2023 5:15,2724.268475
6/22/2023 5:30,2724.268475
6/22/2023 5:45,2724.267895
6/22/2023 6:00,2724.266725
6/22/2023 6:15,2724.267885
6/22/2023 6:30,2724.268475
6/22/2023 6:45,2724.267885
6/22/2023 7:00,2724.268475
6/22/2023 7:15,2724.269645
6/22/2023 7:30,2724.267895
6/22/2023 7:45,2724.266146
6/22/2023 8:00,2724.269645
6/22/2023 8:15,2724.269645
6/22/2023 8:30,2724.267895
6/22/2023 8:45,2724.270814
6/22/2023 9:00,2724.268475
6/22/2023 9:15,2724.268475
6/22/2023 9:30,2724.266725
6/22/2023 9:45,2724.266725
6/22/2023 10:00,2724.266725
6/22/2023 10:15,2724.264976
6/22/2023 10:30,2724.266725
6/22/2023 10:45,2724.269645
6/22/2023 11:00,2724.264976
6/22/2023 11:15,2724.263227
6/22/2023 11:30,2724.264976
6/22/2023 11:45,2724.264976
6/22/2023 12:00,2724.263816
6/22/2023 12:15,2724.262067
6/22/2023 12:30,2724.262067
6/22/2023 12:45,2724.264976
6/22/2023 13:00,2724.266725
6/22/2023 13:15,2724.266725
6/22/2023 13:30,2724.268475
6/22/2023 13:45,2724.264976
6/22/2023 14:00,2724.264976
6/22/2023 14:15,2724.263806
6/22/2023 14:30,2724.262057
6/22/2023 14:45,2724.262057
6/22/2023 15:00,2724.259138
6/22/2023 15:15,2724.259148
6/22/2023 15:30,2724.263806
6/22/2023 15:45,2724.262647
6/22/2023 16:00,2724.263816
6/22/2023 16:15,2724.262067
6/22/2023 16:30,2724.263816
6/22/2023 16:45,2724.263806
6/22/2023 17:00,2724.259148
6/22/2023 17:15,2724.262057
6/22/2023 17:30,2724.262057
6/22/2023 17:45,2724.260897
6/22/2023 18:00,2724.265556
6/22/2023 18:15,2724.262647
6/22/2023 18:30,2724.264976
6/22/2023 18:45,2724.263816
6/22/2023 19:00,2724.262647
6/22/2023 19:15,2724.266725
6/22/2023 19:30,2724.266725
6/22/2023 19:45,2724.265566
6/22/2023 20:00,2724.263816
6/22/2023 20:15,2724.266725
6/22/2023 20:30,2724.265566
6/22/2023 20:45,2724.265566
6/22/2023 21:00,2724.265566
6/22/2023 21:15,2724.264976
6/22/2023 21:30,2724.265556
6/22/2023 21:45,2724.266725
6/22/2023 22:00,2724.264976
6/22/2023 22:15,2724.266725
6/22/2023 22:30,2724.266725
6/22/2023 22:45,2724.266725
6/22/2023 23:00,2724.268475
6/22/2023 23:15,2724.266725
6/22/2023 23:30,2724.266725
6/22/2023 23:45,2724.266725
6/23/2023 0:00,2724.270224
6/23/2023 0:15,2724.268475
6/23/2023 0:30,2724.268475
6/23/2023 0:45,2724.266725
6/23/2023 1:00,2724.266725
6/23/2023 1:15,2724.266725
6/23/2023 1:30,2724.270224
6/23/2023 1:45,2724.272554
6/23/2023 2:00,2724.268475
6/23/2023 2:15,2724.264976
6/23/2023 2:30,2724.266725
6/23/2023 2:45,2724.269645
6/23/2023 3:00,2724.268475
6/23/2023 3:15,2724.266725
6/23/2023 3:30,2724.269645
6/23/2023 3:45,2724.269645
6/23/2023 4:00,2724.269645
6/23/2023 4:15,2724.267895
6/23/2023 4:30,2724.270804
6/23/2023 4:45,2724.271394
6/23/2023 5:00,2724.268475
6/23/2023 5:15,2724.271394
6/23/2023 5:30,2724.268475
6/23/2023 5:45,2724.271394
6/23/2023 6:00,2724.271394
6/23/2023 6:15,2724.269645
6/23/2023 6:30,2724.267895
6/23/2023 6:45,2724.268475
6/23/2023 7:00,2724.267885
6/23/2023 7:15,2724.267885
6/23/2023 7:30,2724.267885
6/23/2023 7:45,2724.270804
6/23/2023 8:00,2724.266725
6/23/2023 8:15,2724.264976
6/23/2023 8:30,2724.266725
6/23/2023 8:45,2724.268475
6/23/2023 9:00,2724.269645
6/23/2023 9:15,2724.267885
6/23/2023 9:30,2724.271384
6/23/2023 9:45,2724.268475
6/23/2023 10:00,2724.266725
6/23/2023 10:15,2724.267885
6/23/2023 10:30,2724.266725
6/23/2023 10:45,2724.266725
6/23/2023 11:00,2724.264976
6/23/2023 11:15,2724.266725
6/23/2023 11:30,2724.266725
6/23/2023 11:45,2724.264976
6/23/2023 12:00,2724.265556
6/23/2023 12:15,2724.263806
6/23/2023 12:30,2724.263227
6/23/2023 12:45,2724.257399
6/23/2023 13:00,2724.257399
6/23/2023 13:15,2724.263816
6/23/2023 13:30,2724.259148
6/23/2023 13:45,2724.257399
6/23/2023 14:00,2724.260897
6/23/2023 14:15,2724.257399
6/23/2023 14:30,2724.260897
6/23/2023 14:45,2724.259148
6/23/2023 15:00,2724.262647
6/23/2023 15:15,2724.260897
6/23/2023 15:30,2724.257399
6/23/2023 15:45,2724.260897
6/23/2023 16:00,2724.260897
6/23/2023 16:15,2724.262647
6/23/2023 16:30,2724.259148
6/23/2023 16:45,2724.259148
6/23/2023 17:00,2724.257399
6/23/2023 17:15,2724.260897
6/23/2023 17:30,2724.260887
6/23/2023 17:45,2724.262057
6/23/2023 18:00,2724.262647
6/23/2023 18:15,2724.260897
6/23/2023 18:30,2724.263816
6/23/2023 18:45,2724.262647
6/23/2023 19:00,2724.264976
6/23/2023 19:15,2724.263816
6/23/2023 19:30,2724.262067
6/23/2023 19:45,2724.262067
6/23/2023 20:00,2724.264976
6/23/2023 20:15,2724.263806
6/23/2023 20:30,2724.262057
6/23/2023 20:45,2724.262057
6/23/2023 21:00,2724.262057
6/23/2023 21:15,2724.263227
6/23/2023 21:30,2724.264976
6/23/2023 21:45,2724.265566
6/23/2023 22:00,2724.264976
6/23/2023 22:15,2724.266725
6/23/2023 22:30,2724.266725
6/23/2023 22:45,2724.266146
6/23/2023 23:00,2724.266146
6/23/2023 23:15,2724.266725
6/23/2023 23:30,2724.266725
6/23/2023 23:45,2724.264976
6/24/2023 0:00,2724.266725
6/24/2023 0:15,2724.268475
6/24/2023 0:30,2724.267895
6/24/2023 0:45,2724.268475
6/24/2023 1:00,2724.266725
6/24/2023 1:15,2724.266725
6/24/2023 1:30,2724.266725
6/24/2023 1:45,2724.265556
6/24/2023 2:00,2724.268475
6/24/2023 2:15,2724.268475
6/24/2023 2:30,2724.270224
6/24/2023 2:45,2724.270224
6/24/2023 3:00,2724.270224
6/24/2023 3:15,2724.269635
6/24/2023 3:30,2724.267885
6/24/2023 3:45,2724.269635
6/24/2023 4:00,2724.268475
6/24/2023 4:15,2724.271384
6/24/2023 4:30,2724.269635
6/24/2023 4:45,2724.267885
6/24/2023 5:00,2724.270804
6/24/2023 5:15,2724.266725
6/24/2023 5:30,2724.269645
6/24/2023 5:45,2724.264976
6/24/2023 6:00,2724.267885
6/24/2023 6:15,2724.267885
6/24/2023 6:30,2724.269645
6/24/2023 6:45,2724.269645
6/24/2023 7:00,2724.267895
6/24/2023 7:15,2724.268475
6/24/2023 7:30,2724.267895
6/24/2023 7:45,2724.266725
6/24/2023 8:00,2724.264386
6/24/2023 8:15,2724.267885
6/24/2023 8:30,2724.266725
6/24/2023 8:45,2724.264976
6/24/2023 9:00,2724.266136
6/24/2023 9:15,2724.264386
6/24/2023 9:30,2724.264976
6/24/2023 9:45,2724.266136
6/24/2023 10:00,2724.264976
6/24/2023 10:15,2724.266725
6/24/2023 10:30,2724.263816
6/24/2023 10:45,2724.263227
6/24/2023 11:00,2724.261477
6/24/2023 11:15,2724.261477
6/24/2023 11:30,2724.262067
6/24/2023 11:45,2724.262067
6/24/2023 12:00,2724.258568
6/24/2023 12:15,2724.261477
6/24/2023 12:30,2724.258568
6/24/2023 12:45,2724.260318
6/24/2023 13:00,2724.261477
6/24/2023 13:15,2724.260318
6/24/2023 13:30,2724.260318
6/24/2023 13:45,2724.262067
6/24/2023 14:00,2724.263227
6/24/2023 14:15,2724.261477
6/24/2023 14:30,2724.258568
6/24/2023 14:45,2724.260318
6/24/2023 15:00,2724.259148
6/24/2023 15:15,2724.259148
6/24/2023 15:30,2724.262067
6/24/2023 15:45,2724.262067
6/24/2023 16:00,2724.260308
6/24/2023 16:15,2724.261477
6/24/2023 16:30,2724.261477
6/24/2023 16:45,2724.259148
6/24/2023 17:00,2724.259148
6/24/2023 17:15,2724.257389
6/24/2023 17:30,2724.260308
6/24/2023 17:45,2724.259148
6/24/2023 18:00,2724.258558
6/24/2023 18:15,2724.260318
6/24/2023 18:30,2724.262067
6/24/2023 18:45,2724.262067
6/24/2023 19:00,2724.262067
6/24/2023 19:15,2724.261477
6/24/2023 19:30,2724.260308
6/24/2023 19:45,2724.262057
6/24/2023 20:00,2724.260308
6/24/2023 20:15,2724.260308
6/24/2023 20:30,2724.260308
6/24/2023 20:45,2724.261477
6/24/2023 21:00,2724.266725
6/24/2023 21:15,2724.263227
6/24/2023 21:30,2724.263227
6/24/2023 21:45,2724.263227
6/24/2023 22:00,2724.261477
6/24/2023 22:15,2724.264976
6/24/2023 22:30,2724.264976
6/24/2023 22:45,2724.264976
6/24/2023 23:00,2724.264976
6/24/2023 23:15,2724.263227
6/24/2023 23:30,2724.263227
6/24/2023 23:45,2724.264976
6/25/2023 0:00,2724.264386
6/25/2023 0:15,2724.263227
6/25/2023 0:30,2724.266136
6/25/2023 0:45,2724.264396
6/25/2023 1:00,2724.266136
6/25/2023 1:15,2724.263227
6/25/2023 1:30,2724.267895
6/25/2023 1:45,2724.266146
6/25/2023 2:00,2724.267895
6/25/2023 2:15,2724.264976
6/25/2023 2:30,2724.267895
6/25/2023 2:45,2724.264976
6/25/2023 3:00,2724.264976
6/25/2023 3:15,2724.267895
6/25/2023 3:30,2724.267895
6/25/2023 3:45,2724.264396
6/25/2023 4:00,2724.266725
6/25/2023 4:15,2724.266146
6/25/2023 4:30,2724.264976
6/25/2023 4:45,2724.266146
6/25/2023 5:00,2724.266146
6/25/2023 5:15,2724.266136
6/25/2023 5:30,2724.264386
6/25/2023 5:45,2724.267885
6/25/2023 6:00,2724.269635
6/25/2023 6:15,2724.266136
6/25/2023 6:30,2724.266146
6/25/2023 6:45,2724.266146
6/25/2023 7:00,2724.264976
6/25/2023 7:15,2724.264396
6/25/2023 7:30,2724.266146
6/25/2023 7:45,2724.264396
6/25/2023 8:00,2724.262647
6/25/2023 8:15,2724.264976
6/25/2023 8:30,2724.264396
6/25/2023 8:45,2724.264976
6/25/2023 9:00,2724.262647
6/25/2023 9:15,2724.266146
6/25/2023 9:30,2724.264396
6/25/2023 9:45,2724.264396
6/25/2023 10:00,2724.264396
6/25/2023 10:15,2724.263227
6/25/2023 10:30,2724.262647
6/25/2023 10:45,2724.261477
6/25/2023 11:00,2724.262647
6/25/2023 11:15,2724.264396
6/25/2023 11:30,2724.263227
6/25/2023 11:45,2724.263227
6/25/2023 12:00,2724.266146
6/25/2023 12:15,2724.263227
6/25/2023 12:30,2724.258558
6/25/2023 12:45,2724.258558
6/25/2023 13:00,2724.258558
6/25/2023 13:15,2724.260308
6/25/2023 13:30,2724.261477
6/25/2023 13:45,2724.259728
6/25/2023 14:00,2724.258558
6/25/2023 14:15,2724.260318
6/25/2023 14:30,2724.258558
6/25/2023 14:45,2724.257399
6/25/2023 15:00,2724.258558
6/25/2023 15:15,2724.255649
6/25/2023 15:30,2724.257389
6/25/2023 15:45,2724.257389
6/25/2023 16:00,2724.258558
6/25/2023 16:15,2724.259138
6/25/2023 16:30,2724.260308
6/25/2023 16:45,2724.263227
6/25/2023 17:00,2724.258558
6/25/2023 17:15,2724.260308
6/25/2023 17:30,2724.257399
6/25/2023 17:45,2724.259148
6/25/2023 18:00,2724.262067
6/25/2023 18:15,2724.263816
6/25/2023 18:30,2724.260318
6/25/2023 18:45,2724.260318
6/25/2023 19:00,2724.261477
6/25/2023 19:15,2724.258568
6/25/2023 19:30,2724.263227
6/25/2023 19:45,2724.261477
6/25/2023 20:00,2724.262057
6/25/2023 20:15,2724.263806
6/25/2023 20:30,2724.262057
6/25/2023 20:45,2724.263227
6/25/2023 21:00,2724.263227
6/25/2023 21:15,2724.263227
6/25/2023 21:30,2724.264976
6/25/2023 21:45,2724.261477
6/25/2023 22:00,2724.263227
6/25/2023 22:15,2724.263227
6/25/2023 22:30,2724.263227
6/25/2023 22:45,2724.263227
6/25/2023 23:00,2724.264976
6/25/2023 23:15,2724.262637
6/25/2023 23:30,2724.264386
6/25/2023 23:45,2724.263227
6/26/2023 0:00,2724.263227
6/26/2023 0:15,2724.263227
6/26/2023 0:30,2724.263227
6/26/2023 0:45,2724.264386
6/26/2023 1:00,2724.262637
6/26/2023 1:15,2724.262637
6/26/2023 1:30,2724.263227
6/26/2023 1:45,2724.264386
6/26/2023 2:00,2724.263227
6/26/2023 2:15,2724.266136
6/26/2023 2:30,2724.269635
6/26/2023 2:45,2724.264386
6/26/2023 3:00,2724.266725
6/26/2023 3:15,2724.263227
6/26/2023 3:30,2724.266136
6/26/2023 3:45,2724.266146
6/26/2023 4:00,2724.264976
6/26/2023 4:15,2724.266146
6/26/2023 4:30,2724.263227
6/26/2023 4:45,2724.264396
6/26/2023 5:00,2724.264396
6/26/2023 5:15,2724.264396
6/26/2023 5:30,2724.267305
6/26/2023 5:45,2724.264976
6/26/2023 6:00,2724.263227
6/26/2023 6:15,2724.263227
6/26/2023 6:30,2724.264976
6/26/2023 6:45,2724.269055
6/26/2023 7:00,2724.262637
6/26/2023 7:15,2724.262637
6/26/2023 7:30,2724.264386
6/26/2023 7:45,2724.264386
6/26/2023 8:00,2724.263227
6/26/2023 8:15,2724.266146
6/26/2023 8:30,2724.263227
6/26/2023 8:45,2724.264976
6/26/2023 9:00,2724.263227
6/26/2023 9:15,2724.264386
6/26/2023 9:30,2724.264386
6/26/2023 9:45,2724.264976
6/26/2023 10:00,2724.264976
6/26/2023 10:15,2724.262067
6/26/2023 10:30,2724.259728
6/26/2023 10:45,2724.260308
6/26/2023 11:00,2724.264396
6/26/2023 11:15,2724.261477
6/26/2023 11:30,2724.261477
6/26/2023 11:45,2724.259728
6/26/2023 12:00,2724.255639
6/26/2023 12:15,2724.262057
6/26/2023 12:30,2724.261477
6/26/2023 12:45,2724.258558
6/26/2023 13:00,2724.256809
6/26/2023 13:15,2724.258568
6/26/2023 13:30,2724.260318
6/26/2023 13:45,2724.260318
6/26/2023 14:00,2724.258558
6/26/2023 14:15,2724.259138
6/26/2023 14:30,2724.257389
6/26/2023 14:45,2724.257399
6/26/2023 15:00,2724.256809
6/26/2023 15:15,2724.255639
6/26/2023 15:30,2724.258558
6/26/2023 15:45,2724.257399
6/26/2023 16:00,2724.255649
6/26/2023 16:15,2724.260308
6/26/2023 16:30,2724.258558
6/26/2023 16:45,2724.257399
6/26/2023 17:00,2724.255649
6/26/2023 17:15,2724.255649
6/26/2023 17:30,2724.256229
6/26/2023 17:45,2724.257399
6/26/2023 18:00,2724.257399
6/26/2023 18:15,2724.259148
6/26/2023 18:30,2724.258558
6/26/2023 18:45,2724.262057
6/26/2023 19:00,2724.260887
6/26/2023 19:15,2724.259138
6/26/2023 19:30,2724.263806
6/26/2023 19:45,2724.262057
6/26/2023 20:00,2724.258558
6/26/2023 20:15,2724.262057
6/26/2023 20:30,2724.263227
6/26/2023 20:45,2724.263227
6/26/2023 21:00,2724.263806
6/26/2023 21:15,2724.260308
6/26/2023 21:30,2724.261477
6/26/2023 21:45,2724.262067
6/26/2023 22:00,2724.260308
6/26/2023 22:15,2724.263227
6/26/2023 22:30,2724.263227
6/26/2023 22:45,2724.260308
6/26/2023 23:00,2724.263227
6/26/2023 23:15,2724.263816
6/26/2023 23:30,2724.260318
6/26/2023 23:45,2724.264976
6/27/2023 0:00,2724.263227
6/27/2023 0:15,2724.264976
6/27/2023 0:30,2724.263806
6/27/2023 0:45,2724.264976
6/27/2023 1:00,2724.264976
6/27/2023 1:15,2724.263227
6/27/2023 1:30,2724.263227
6/27/2023 1:45,2724.263806
6/27/2023 2:00,2724.263816
6/27/2023 2:15,2724.265566
6/27/2023 2:30,2724.264976
6/27/2023 2:45,2724.263816
6/27/2023 3:00,2724.258568
6/27/2023 3:15,2724.262067
6/27/2023 3:30,2724.264976
6/27/2023 3:45,2724.263816
6/27/2023 4:00,2724.265566
6/27/2023 4:15,2724.262067
6/27/2023 4:30,2724.263227
6/27/2023 4:45,2724.262067
6/27/2023 5:00,2724.263816
6/27/2023 5:15,2724.263227
6/27/2023 5:30,2724.263227
6/27/2023 5:45,2724.263227
6/27/2023 6:00,2724.267895
6/27/2023 6:15,2724.263227
6/27/2023 6:30,2724.263806
6/27/2023 6:45,2724.264976
6/27/2023 7:00,2724.263227
6/27/2023 7:15,2724.266725
6/27/2023 7:30,2724.264976
6/27/2023 7:45,2724.261477
6/27/2023 8:00,2724.263806
6/27/2023 8:15,2724.262057
6/27/2023 8:30,2724.261477
6/27/2023 8:45,2724.263227
6/27/2023 9:00,2724.263227
6/27/2023 9:15,2724.263806
6/27/2023 9:30,2724.264976
6/27/2023 9:45,2724.263227
6/27/2023 10:00,2724.263227
6/27/2023 10:15,2724.264976
6/27/2023 10:30,2724.262067
6/27/2023 10:45,2724.263816
6/27/2023 11:00,2724.258568
6/27/2023 11:15,2724.263227
6/27/2023 11:30,2724.258568
6/27/2023 11:45,2724.260318
6/27/2023 12:00,2724.260308
6/27/2023 12:15,2724.260308
6/27/2023 12:30,2724.261477
6/27/2023 12:45,2724.258558
6/27/2023 13:00,2724.255649
6/27/2023 13:15,2724.260308
6/27/2023 13:30,2724.257389
6/27/2023 13:45,2724.257389
6/27/2023 14:00,2724.259148
6/27/2023 14:15,2724.262067
6/27/2023 14:30,2724.265566
6/27/2023 14:45,2724.263806
6/27/2023 15:00,2724.262057
6/27/2023 15:15,2724.268475
6/27/2023 15:30,2724.259148
6/27/2023 15:45,2724.263806
6/27/2023 16:00,2724.260887
6/27/2023 16:15,2724.260308
6/27/2023 16:30,2724.262637
6/27/2023 16:45,2724.260318
6/27/2023 17:00,2724.259148
6/27/2023 17:15,2724.262067
6/27/2023 17:30,2724.259728
6/27/2023 17:45,2724.260887
6/27/2023 18:00,2724.257978
6/27/2023 18:15,2724.262057
6/27/2023 18:30,2724.260887
6/27/2023 18:45,2724.260897
6/27/2023 19:00,2724.262067
6/27/2023 19:15,2724.262647
6/27/2023 19:30,2724.260318
6/27/2023 19:45,2724.265566
6/27/2023 20:00,2724.259148
6/27/2023 20:15,2724.262647
6/27/2023 20:30,2724.263816
6/27/2023 20:45,2724.263806
6/27/2023 21:00,2724.263227
6/27/2023 21:15,2724.262057
6/27/2023 21:30,2724.262057
6/27/2023 21:45,2724.263806
6/27/2023 22:00,2724.264976
6/27/2023 22:15,2724.263816
6/27/2023 22:30,2724.263816
6/27/2023 22:45,2724.263816
6/27/2023 23:00,2724.265566
6/27/2023 23:15,2724.263816
6/27/2023 23:30,2724.265566
6/27/2023 23:45,2724.262067
6/28/2023 0:00,2724.263227
6/28/2023 0:15,2724.263816
6/28/2023 0:30,2724.264976
6/28/2023 0:45,2724.263816
6/28/2023 1:00,2724.265566
6/28/2023 1:15,2724.263816
6/28/2023 1:30,2724.265566
6/28/2023 1:45,2724.265566
6/28/2023 2:00,2724.263227
6/28/2023 2:15,2724.263227
6/28/2023 2:30,2724.264976
6/28/2023 2:45,2724.264976
6/28/2023 3:00,2724.263806
6/28/2023 3:15,2724.263806
6/28/2023 3:30,2724.264976
6/28/2023 3:45,2724.263806
6/28/2023 4:00,2724.263806
6/28/2023 4:15,2724.265556
6/28/2023 4:30,2724.263806
6/28/2023 4:45,2724.265556
6/28/2023 5:00,2724.263806
6/28/2023 5:15,2724.262057
6/28/2023 5:30,2724.263806
6/28/2023 5:45,2724.263806
6/28/2023 6:00,2724.264976
6/28/2023 6:15,2724.263227
6/28/2023 6:30,2724.260318
6/28/2023 6:45,2724.263816
6/28/2023 7:00,2724.263227
6/28/2023 7:15,2724.263227
6/28/2023 7:30,2724.262057
6/28/2023 7:45,2724.264976
6/28/2023 8:00,2724.263227
6/28/2023 8:15,2724.263227
6/28/2023 8:30,2724.260308
6/28/2023 8:45,2724.264976
6/28/2023 9:00,2724.262057
6/28/2023 9:15,2724.260308
6/28/2023 9:30,2724.260308
6/28/2023 9:45,2724.264976
6/28/2023 10:00,2724.262057
6/28/2023 10:15,2724.262057
6/28/2023 10:30,2724.259138
6/28/2023 10:45,2724.260308
6/28/2023 11:00,2724.260308
6/28/2023 11:15,2724.257389
6/28/2023 11:30,2724.260308
6/28/2023 11:45,2724.258558
6/28/2023 12:00,2724.255649
6/28/2023 12:15,2724.258558
6/28/2023 12:30,2724.260308
6/28/2023 12:45,2724.258558
6/28/2023 13:00,2724.258568
6/28/2023 13:15,2724.255649
6/28/2023 13:30,2724.257399
6/28/2023 13:45,2724.257399
6/28/2023 14:00,2724.25448
6/28/2023 14:15,2724.25448
6/28/2023 14:30,2724.25448
6/28/2023 14:45,2724.257389
6/28/2023 15:00,2724.257389
6/28/2023 15:15,2724.25273
6/28/2023 15:30,2724.251571
6/28/2023 15:45,2724.25273
6/28/2023 16:00,2724.25448
6/28/2023 16:15,2724.255059
6/28/2023 16:30,2724.251561
6/28/2023 16:45,2724.257389
6/28/2023 17:00,2724.25448
6/28/2023 17:15,2724.25448
6/28/2023 17:30,2724.257978
6/28/2023 17:45,2724.256229
6/28/2023 18:00,2724.262637
6/28/2023 18:15,2724.263806
6/28/2023 18:30,2724.260887
6/28/2023 18:45,2724.262637
6/28/2023 19:00,2724.262067
6/28/2023 19:15,2724.263806
6/28/2023 19:30,2724.263806
6/28/2023 19:45,2724.267305
6/28/2023 20:00,2724.265556
6/28/2023 20:15,2724.263806
6/28/2023 20:30,2724.268475
6/28/2023 20:45,2724.264976
6/28/2023 21:00,2724.263806
6/28/2023 21:15,2724.268475
6/28/2023 21:30,2724.263227
6/28/2023 21:45,2724.264976
6/28/2023 22:00,2724.265566
6/28/2023 22:15,2724.266725
6/28/2023 22:30,2724.268475
6/28/2023 22:45,2724.268475
6/28/2023 23:00,2724.270804
6/28/2023 23:15,2724.266725
6/28/2023 23:30,2724.265566
6/28/2023 23:45,2724.267885
6/29/2023 0:00,2724.266725
6/29/2023 0:15,2724.269635
6/29/2023 0:30,2724.267885
6/29/2023 0:45,2724.267885
6/29/2023 1:00,2724.269635
6/29/2023 1:15,2724.268475
6/29/2023 1:30,2724.264976
6/29/2023 1:45,2724.266725
6/29/2023 2:00,2724.269635
6/29/2023 2:15,2724.267885
6/29/2023 2:30,2724.269635
6/29/2023 2:45,2724.267885
6/29/2023 3:00,2724.271384
6/29/2023 3:15,2724.269635
6/29/2023 3:30,2724.270224
6/29/2023 3:45,2724.269635
6/29/2023 4:00,2724.268475
6/29/2023 4:15,2724.267885
6/29/2023 4:30,2724.266725
6/29/2023 4:45,2724.270804
6/29/2023 5:00,2724.271394
6/29/2023 5:15,2724.269645
6/29/2023 5:30,2724.267895
6/29/2023 5:45,2724.266725
6/29/2023 6:00,2724.270814
6/29/2023 6:15,2724.268475
6/29/2023 6:30,2724.269645
6/29/2023 6:45,2724.266725
6/29/2023 7:00,2724.268475
6/29/2023 7:15,2724.268475
6/29/2023 7:30,2724.266725
6/29/2023 7:45,2724.267895
6/29/2023 8:00,2724.269645
6/29/2023 8:15,2724.268475
6/29/2023 8:30,2724.267885
6/29/2023 8:45,2724.267885
6/29/2023 9:00,2724.269635
6/29/2023 9:15,2724.266725
6/29/2023 9:30,2724.266725
6/29/2023 9:45,2724.266725
6/29/2023 10:00,2724.268475
6/29/2023 10:15,2724.268475
6/29/2023 10:30,2724.269635
6/29/2023 10:45,2724.264976
6/29/2023 11:00,2724.266146
6/29/2023 11:15,2724.268475
6/29/2023 11:30,2724.271394
6/29/2023 11:45,2724.266725
6/29/2023 12:00,2724.266146
6/29/2023 12:15,2724.262057
6/29/2023 12:30,2724.261477
6/29/2023 12:45,2724.260887
6/29/2023 13:00,2724.264976
6/29/2023 13:15,2724.263806
6/29/2023 13:30,2724.263227
6/29/2023 13:45,2724.260318
6/29/2023 14:00,2724.263816
6/29/2023 14:15,2724.264976
6/29/2023 14:30,2724.262067
6/29/2023 14:45,2724.262057
6/29/2023 15:00,2724.263806
6/29/2023 15:15,2724.260887
6/29/2023 15:30,2724.263806
6/29/2023 15:45,2724.262057
6/29/2023 16:00,2724.262057
6/29/2023 16:15,2724.266725
6/29/2023 16:30,2724.265556
6/29/2023 16:45,2724.262647
6/29/2023 17:00,2724.262057
6/29/2023 17:15,2724.262067
6/29/2023 17:30,2724.262067
6/29/2023 17:45,2724.265566
6/29/2023 18:00,2724.260318
6/29/2023 18:15,2724.263816
6/29/2023 18:30,2724.263816
6/29/2023 18:45,2724.263816
6/29/2023 19:00,2724.263806
6/29/2023 19:15,2724.263806
6/29/2023 19:30,2724.263806
6/29/2023 19:45,2724.264976
6/29/2023 20:00,2724.262057
6/29/2023 20:15,2724.262057
6/29/2023 20:30,2724.266725
6/29/2023 20:45,2724.262057
6/29/2023 21:00,2724.262057
6/29/2023 21:15,2724.264976
6/29/2023 21:30,2724.265556
6/29/2023 21:45,2724.263806
6/29/2023 22:00,2724.264976
6/29/2023 22:15,2724.266725
6/29/2023 22:30,2724.266725
6/29/2023 22:45,2724.264976
6/29/2023 23:00,2724.264976
6/29/2023 23:15,2724.266725
6/29/2023 23:30,2724.264976
6/29/2023 23:45,2724.267885
6/30/2023 0:00,2724.268475
6/30/2023 0:15,2724.266725
6/30/2023 0:30,2724.266725
6/30/2023 0:45,2724.268475
6/30/2023 1:00,2724.266725
6/30/2023 1:15,2724.266725
6/30/2023 1:30,2724.268475
6/30/2023 1:45,2724.266725
6/30/2023 2:00,2724.266725
6/30/2023 2:15,2724.265566
6/30/2023 2:30,2724.265566
6/30/2023 2:45,2724.266725
6/30/2023 3:00,2724.266725
6/30/2023 3:15,2724.264976
6/30/2023 3:30,2724.268475
6/30/2023 3:45,2724.267895
6/30/2023 4:00,2724.263227
6/30/2023 4:15,2724.268475
6/30/2023 4:30,2724.268475
6/30/2023 4:45,2724.267895
6/30/2023 5:00,2724.266725
6/30/2023 5:15,2724.266725
6/30/2023 5:30,2724.264976
6/30/2023 5:45,2724.267885
6/30/2023 6:00,2724.266725
6/30/2023 6:15,2724.267885
6/30/2023 6:30,2724.271384
6/30/2023 6:45,2724.266725
6/30/2023 7:00,2724.268475
6/30/2023 7:15,2724.266725
6/30/2023 7:30,2724.264976
6/30/2023 7:45,2724.268475
6/30/2023 8:00,2724.264976
6/30/2023 8:15,2724.264976
6/30/2023 8:30,2724.264976
6/30/2023 8:45,2724.264976
6/30/2023 9:00,2724.266725
6/30/2023 9:15,2724.267895
6/30/2023 9:30,2724.266146
6/30/2023 9:45,2724.266146
6/30/2023 10:00,2724.264976
6/30/2023 10:15,2724.264976
6/30/2023 10:30,2724.264976
6/30/2023 10:45,2724.260897
6/30/2023 11:00,2724.262067
6/30/2023 11:15,2724.262067
6/30/2023 11:30,2724.259148
6/30/2023 11:45,2724.259148
6/30/2023 12:00,2724.260318
6/30/2023 12:15,2724.260318
6/30/2023 12:30,2724.259148
6/30/2023 12:45,2724.255649
6/30/2023 13:00,2724.259148
6/30/2023 13:15,2724.257399
6/30/2023 13:30,2724.259148
6/30/2023 13:45,2724.260887
6/30/2023 14:00,2724.260308
6/30/2023 14:15,2724.257389
6/30/2023 14:30,2724.257389
6/30/2023 14:45,2724.255639
6/30/2023 15:00,2724.257389
6/30/2023 15:15,2724.256229
6/30/2023 15:30,2724.25273
6/30/2023 15:45,2724.259148
6/30/2023 16:00,2724.257978
6/30/2023 16:15,2724.25448
6/30/2023 16:30,2724.259148
6/30/2023 16:45,2724.259148
6/30/2023 17:00,2724.255649
6/30/2023 17:15,2724.256229
6/30/2023 17:30,2724.257978
6/30/2023 17:45,2724.259148
6/30/2023 18:00,2724.259148
6/30/2023 18:15,2724.260897
6/30/2023 18:30,2724.257978
6/30/2023 18:45,2724.259148
6/30/2023 19:00,2724.260897
6/30/2023 19:15,2724.259148
6/30/2023 19:30,2724.262637
6/30/2023 19:45,2724.260887
6/30/2023 20:00,2724.260308
6/30/2023 20:15,2724.262057
6/30/2023 20:30,2724.260308
6/30/2023 20:45,2724.262057
6/30/2023 21:00,2724.262067
6/30/2023 21:15,2724.263816
6/30/2023 21:30,2724.262067
6/30/2023 21:45,2724.263227
6/30/2023 22:00,2724.263806
6/30/2023 22:15,2724.263227
6/30/2023 22:30,2724.263227
6/30/2023 22:45,2724.263227
6/30/2023 23:00,2724.264976
6/30/2023 23:15,2724.263806
6/30/2023 23:30,2724.263227
6/30/2023 23:45,2724.263227
7/1/2023 0:00,2724.264976
7/1/2023 0:15,2724.263806
7/1/2023 0:30,2724.264976
7/1/2023 0:45,2724.266725
7/1/2023 1:00,2724.266725
7/1/2023 1:15,2724.266725
7/1/2023 1:30,2724.264976
7/1/2023 1:45,2724.264976
7/1/2023 2:00,2724.264976
7/1/2023 2:15,2724.267895
7/1/2023 2:30,2724.264976
7/1/2023 2:45,2724.266146
7/1/2023 3:00,2724.263227
7/1/2023 3:15,2724.269645
7/1/2023 3:30,2724.267895
7/1/2023 3:45,2724.264976
7/1/2023 4:00,2724.266725
7/1/2023 4:15,2724.267895
7/1/2023 4:30,2724.266146
7/1/2023 4:45,2724.266146
7/1/2023 5:00,2724.266146
7/1/2023 5:15,2724.264976
7/1/2023 5:30,2724.264976
7/1/2023 5:45,2724.267885
7/1/2023 6:00,2724.268475
7/1/2023 6:15,2724.266136
7/1/2023 6:30,2724.266136
7/1/2023 6:45,2724.267885
7/1/2023 7:00,2724.266136
7/1/2023 7:15,2724.264976
7/1/2023 7:30,2724.266725
7/1/2023 7:45,2724.263227
7/1/2023 8:00,2724.264396
7/1/2023 8:15,2724.264396
7/1/2023 8:30,2724.264396
7/1/2023 8:45,2724.263227
7/1/2023 9:00,2724.264396
7/1/2023 9:15,2724.264396
7/1/2023 9:30,2724.263227
7/1/2023 9:45,2724.264396
7/1/2023 10:00,2724.262057
7/1/2023 10:15,2724.261477
7/1/2023 10:30,2724.261477
7/1/2023 10:45,2724.264396
7/1/2023 11:00,2724.260308
7/1/2023 11:15,2724.259728
7/1/2023 11:30,2724.258558
7/1/2023 11:45,2724.257389
7/1/2023 12:00,2724.260308
7/1/2023 12:15,2724.259138
7/1/2023 12:30,2724.260308
7/1/2023 12:45,2724.259138
7/1/2023 13:00,2724.258558
7/1/2023 13:15,2724.258558
7/1/2023 13:30,2724.258558
7/1/2023 13:45,2724.258558
7/1/2023 14:00,2724.258558
7/1/2023 14:15,2724.257399
7/1/2023 14:30,2724.258568
7/1/2023 14:45,2724.260318
7/1/2023 15:00,2724.260318
7/1/2023 15:15,2724.256229
7/1/2023 15:30,2724.259148
7/1/2023 15:45,2724.263816
7/1/2023 16:00,2724.258568
7/1/2023 16:15,2724.259148
7/1/2023 16:30,2724.260308
7/1/2023 16:45,2724.258558
7/1/2023 17:00,2724.260308
7/1/2023 17:15,2724.260887
7/1/2023 17:30,2724.259138
7/1/2023 17:45,2724.259138
7/1/2023 18:00,2724.257389
7/1/2023 18:15,2724.260887
7/1/2023 18:30,2724.260887
7/1/2023 18:45,2724.260308
7/1/2023 19:00,2724.260308
7/1/2023 19:15,2724.260308
7/1/2023 19:30,2724.258558
7/1/2023 19:45,2724.258558
7/1/2023 20:00,2724.263227
7/1/2023 20:15,2724.260318
7/1/2023 20:30,2724.262067
7/1/2023 20:45,2724.258568
7/1/2023 21:00,2724.261477
7/1/2023 21:15,2724.260308
7/1/2023 21:30,2724.259728
7/1/2023 21:45,2724.263227
7/1/2023 22:00,2724.261477
7/1/2023 22:15,2724.263227
7/1/2023 22:30,2724.262067
7/1/2023 22:45,2724.263227
7/1/2023 23:00,2724.263227
7/1/2023 23:15,2724.263227
7/1/2023 23:30,2724.263227
7/1/2023 23:45,2724.263227
7/2/2023 0:00,2724.264976
7/2/2023 0:15,2724.263227
7/2/2023 0:30,2724.264976
7/2/2023 0:45,2724.263227
7/2/2023 1:00,2724.263227
7/2/2023 1:15,2724.264386
7/2/2023 1:30,2724.264386
7/2/2023 1:45,2724.264386
7/2/2023 2:00,2724.264386
7/2/2023 2:15,2724.263227
7/2/2023 2:30,2724.264976
7/2/2023 2:45,2724.267305
7/2/2023 3:00,2724.264976
7/2/2023 3:15,2724.264976
7/2/2023 3:30,2724.264386
7/2/2023 3:45,2724.264386
7/2/2023 4:00,2724.264386
7/2/2023 4:15,2724.267895
7/2/2023 4:30,2724.267895
7/2/2023 4:45,2724.266146
7/2/2023 5:00,2724.264976
7/2/2023 5:15,2724.266146
7/2/2023 5:30,2724.266146
7/2/2023 5:45,2724.266146
7/2/2023 6:00,2724.266146
7/2/2023 6:15,2724.266146
7/2/2023 6:30,2724.264396
7/2/2023 6:45,2724.264976
7/2/2023 7:00,2724.263227
7/2/2023 7:15,2724.264976
7/2/2023 7:30,2724.264976
7/2/2023 7:45,2724.266136
7/2/2023 8:00,2724.264386
7/2/2023 8:15,2724.264386
7/2/2023 8:30,2724.261477
7/2/2023 8:45,2724.266136
7/2/2023 9:00,2724.266146
7/2/2023 9:15,2724.263227
7/2/2023 9:30,2724.266725
7/2/2023 9:45,2724.263227
7/2/2023 10:00,2724.266725
7/2/2023 10:15,2724.263227
7/2/2023 10:30,2724.263227
7/2/2023 10:45,2724.263227
7/2/2023 11:00,2724.261477
7/2/2023 11:15,2724.261477
7/2/2023 11:30,2724.260308
7/2/2023 11:45,2724.263227
7/2/2023 12:00,2724.258558
7/2/2023 12:15,2724.260308
7/2/2023 12:30,2724.259728
7/2/2023 12:45,2724.260318
7/2/2023 13:00,2724.259728
7/2/2023 13:15,2724.260318
7/2/2023 13:30,2724.259148
7/2/2023 13:45,2724.255649
7/2/2023 14:00,2724.258558
7/2/2023 14:15,2724.259138
7/2/2023 14:30,2724.260308
7/2/2023 14:45,2724.259148
7/2/2023 15:00,2724.257399
7/2/2023 15:15,2724.256229
7/2/2023 15:30,2724.257399
7/2/2023 15:45,2724.256229
7/2/2023 16:00,2724.257389
7/2/2023 16:15,2724.257389
7/2/2023 16:30,2724.255639
7/2/2023 16:45,2724.255639
7/2/2023 17:00,2724.256229
7/2/2023 17:15,2724.257978
7/2/2023 17:30,2724.257389
7/2/2023 17:45,2724.256229
7/2/2023 18:00,2724.257978
7/2/2023 18:15,2724.25448
7/2/2023 18:30,2724.25448
7/2/2023 18:45,2724.258568
7/2/2023 19:00,2724.258568
7/2/2023 19:15,2724.257399
7/2/2023 19:30,2724.257399
7/2/2023 19:45,2724.257399
7/2/2023 20:00,2724.258558
7/2/2023 20:15,2724.258558
7/2/2023 20:30,2724.260308
7/2/2023 20:45,2724.258558
7/2/2023 21:00,2724.259148
7/2/2023 21:15,2724.260318
7/2/2023 21:30,2724.261477
7/2/2023 21:45,2724.261477
7/2/2023 22:00,2724.259728
7/2/2023 22:15,2724.260308
7/2/2023 22:30,2724.262057
7/2/2023 22:45,2724.260308
7/2/2023 23:00,2724.261477
7/2/2023 23:15,2724.261477
7/2/2023 23:30,2724.262067
7/2/2023 23:45,2724.261477
7/3/2023 0:00,2724.260318
7/3/2023 0:15,2724.261477
7/3/2023 0:30,2724.263227
7/3/2023 0:45,2724.264396
7/3/2023 1:00,2724.263227
7/3/2023 1:15,2724.266725
7/3/2023 1:30,2724.264976
7/3/2023 1:45,2724.263227
7/3/2023 2:00,2724.264976
7/3/2023 2:15,2724.264976
7/3/2023 2:30,2724.264976
7/3/2023 2:45,2724.266146
7/3/2023 3:00,2724.264396
7/3/2023 3:15,2724.264976
7/3/2023 3:30,2724.266725
7/3/2023 3:45,2724.264976
7/3/2023 4:00,2724.264976
7/3/2023 4:15,2724.264976
7/3/2023 4:30,2724.266725
7/3/2023 4:45,2724.266136
7/3/2023 5:00,2724.267895
7/3/2023 5:15,2724.266146
7/3/2023 5:30,2724.266146
7/3/2023 5:45,2724.266146
7/3/2023 6:00,2724.264976
7/3/2023 6:15,2724.264396
7/3/2023 6:30,2724.267895
7/3/2023 6:45,2724.264976
7/3/2023 7:00,2724.266146
7/3/2023 7:15,2724.267895
7/3/2023 7:30,2724.266146
7/3/2023 7:45,2724.267305
7/3/2023 8:00,2724.264976
7/3/2023 8:15,2724.264976
7/3/2023 8:30,2724.264386
7/3/2023 8:45,2724.263227
7/3/2023 9:00,2724.261477
7/3/2023 9:15,2724.261477
7/3/2023 9:30,2724.264976
7/3/2023 9:45,2724.262637
7/3/2023 10:00,2724.263227
7/3/2023 10:15,2724.261477
7/3/2023 10:30,2724.261477
7/3/2023 10:45,2724.260308
7/3/2023 11:00,2724.261477
7/3/2023 11:15,2724.261477
7/3/2023 11:30,2724.258558
7/3/2023 11:45,2724.258558
7/3/2023 12:00,2724.258558
7/3/2023 12:15,2724.258558
7/3/2023 12:30,2724.257389
7/3/2023 12:45,2724.256809
7/3/2023 13:00,2724.255649
7/3/2023 13:15,2724.258568
7/3/2023 13:30,2724.259148
7/3/2023 13:45,2724.257399
7/3/2023 14:00,2724.258558
7/3/2023 14:15,2724.258558
7/3/2023 14:30,2724.255639
7/3/2023 14:45,2724.257389
7/3/2023 15:00,2724.255639
7/3/2023 15:15,2724.255639
7/3/2023 15:30,2724.255639
7/3/2023 15:45,2724.2539
7/3/2023 16:00,2724.2539
7/3/2023 16:15,2724.2539
7/3/2023 16:30,2724.255649
7/3/2023 16:45,2724.259148
7/3/2023 17:00,2724.257399
7/3/2023 17:15,2724.256229
7/3/2023 17:30,2724.25448
7/3/2023 17:45,2724.256229
7/3/2023 18:00,2724.25448
7/3/2023 18:15,2724.256229
7/3/2023 18:30,2724.256229
7/3/2023 18:45,2724.257978
7/3/2023 19:00,2724.257399
7/3/2023 19:15,2724.257399
7/3/2023 19:30,2724.257399
7/3/2023 19:45,2724.25331
7/3/2023 20:00,2724.25448
7/3/2023 20:15,2724.257399
7/3/2023 20:30,2724.257399
7/3/2023 20:45,2724.259148
7/3/2023 21:00,2724.256229
7/3/2023 21:15,2724.259138
7/3/2023 21:30,2724.257389
7/3/2023 21:45,2724.259148
7/3/2023 22:00,2724.256819
7/3/2023 22:15,2724.258568
7/3/2023 22:30,2724.260318
7/3/2023 22:45,2724.259148
7/3/2023 23:00,2724.258558
7/3/2023 23:15,2724.259148
7/3/2023 23:30,2724.257399
7/3/2023 23:45,2724.258558
7/4/2023 0:00,2724.257399
7/4/2023 0:15,2724.261477
7/4/2023 0:30,2724.260318
7/4/2023 0:45,2724.260318
7/4/2023 1:00,2724.258568
7/4/2023 1:15,2724.263227
7/4/2023 1:30,2724.260318
7/4/2023 1:45,2724.260318
7/4/2023 2:00,2724.260318
7/4/2023 2:15,2724.260318
7/4/2023 2:30,2724.261477
7/4/2023 2:45,2724.263227
7/4/2023 3:00,2724.263227
7/4/2023 3:15,2724.260308
7/4/2023 3:30,2724.260308
7/4/2023 3:45,2724.260308
7/4/2023 4:00,2724.261477
7/4/2023 4:15,2724.260308
7/4/2023 4:30,2724.260308
7/4/2023 4:45,2724.261477
7/4/2023 5:00,2724.261477
7/4/2023 5:15,2724.262067
7/4/2023 5:30,2724.262067
7/4/2023 5:45,2724.262067
7/4/2023 6:00,2724.263227
7/4/2023 6:15,2724.262067
7/4/2023 6:30,2724.264976
7/4/2023 6:45,2724.261477
7/4/2023 7:00,2724.260308
7/4/2023 7:15,2724.263227
7/4/2023 7:30,2724.263227
7/4/2023 7:45,2724.262057
7/4/2023 8:00,2724.262057
7/4/2023 8:15,2724.261477
7/4/2023 8:30,2724.261477
7/4/2023 8:45,2724.261477
7/4/2023 9:00,2724.260308
7/4/2023 9:15,2724.260308
7/4/2023 9:30,2724.259148
7/4/2023 9:45,2724.261477
7/4/2023 10:00,2724.261477
7/4/2023 10:15,2724.258558
7/4/2023 10:30,2724.259148
7/4/2023 10:45,2724.255649
7/4/2023 11:00,2724.255649
7/4/2023 11:15,2724.256819
7/4/2023 11:30,2724.255069
7/4/2023 11:45,2724.255649
7/4/2023 12:00,2724.2539
7/4/2023 12:15,2724.2539
7/4/2023 12:30,2724.2539
7/4/2023 12:45,2724.250981
7/4/2023 13:00,2724.25273
7/4/2023 13:15,2724.25214
7/4/2023 13:30,2724.25448
7/4/2023 13:45,2724.25273
7/4/2023 14:00,2724.249811
7/4/2023 14:15,2724.250981
7/4/2023 14:30,2724.25273
7/4/2023 14:45,2724.25273
7/4/2023 15:00,2724.25448
7/4/2023 15:15,2724.2539
7/4/2023 15:30,2724.25273
7/4/2023 15:45,2724.250981
7/4/2023 16:00,2724.25273
7/4/2023 16:15,2724.25448
7/4/2023 16:30,2724.25331
7/4/2023 16:45,2724.25331
7/4/2023 17:00,2724.250981
7/4/2023 17:15,2724.25273
7/4/2023 17:30,2724.251561
7/4/2023 17:45,2724.250981
7/4/2023 18:00,2724.25448
7/4/2023 18:15,2724.255649
7/4/2023 18:30,2724.25273
7/4/2023 18:45,2724.256229
7/4/2023 19:00,2724.25448
7/4/2023 19:15,2724.25448
7/4/2023 19:30,2724.255649
7/4/2023 19:45,2724.256229
7/4/2023 20:00,2724.257399
7/4/2023 20:15,2724.255649
7/4/2023 20:30,2724.255649
7/4/2023 20:45,2724.256229
7/4/2023 21:00,2724.255639
7/4/2023 21:15,2724.259138
7/4/2023 21:30,2724.255649
7/4/2023 21:45,2724.257399
7/4/2023 22:00,2724.256819
7/4/2023 22:15,2724.256819
7/4/2023 22:30,2724.258568
7/4/2023 22:45,2724.258568
7/4/2023 23:00,2724.258568
7/4/2023 23:15,2724.259148
7/4/2023 23:30,2724.258568
7/4/2023 23:45,2724.260318
7/5/2023 0:00,2724.256819
7/5/2023 0:15,2724.262067
7/5/2023 0:30,2724.260318
7/5/2023 0:45,2724.260318
7/5/2023 1:00,2724.260318
7/5/2023 1:15,2724.260318
7/5/2023 1:30,2724.260318
7/5/2023 1:45,2724.260318
7/5/2023 2:00,2724.258568
7/5/2023 2:15,2724.261477
7/5/2023 2:30,2724.259148
7/5/2023 2:45,2724.260318
7/5/2023 3:00,2724.260308
7/5/2023 3:15,2724.261477
7/5/2023 3:30,2724.260308
7/5/2023 3:45,2724.260308
7/5/2023 4:00,2724.260318
7/5/2023 4:15,2724.259148
7/5/2023 4:30,2724.259148
7/5/2023 4:45,2724.260308
7/5/2023 5:00,2724.259148
7/5/2023 5:15,2724.260308
7/5/2023 5:30,2724.258568
7/5/2023 5:45,2724.260318
7/5/2023 6:00,2724.258568
7/5/2023 6:15,2724.260318
7/5/2023 6:30,2724.261477
7/5/2023 6:45,2724.260318
7/5/2023 7:00,2724.261477
7/5/2023 7:15,2724.262057
7/5/2023 7:30,2724.260308
7/5/2023 7:45,2724.258558
7/5/2023 8:00,2724.258558
7/5/2023 8:15,2724.258558
7/5/2023 8:30,2724.258558
7/5/2023 8:45,2724.256809
7/5/2023 9:00,2724.256809
7/5/2023 9:15,2724.258558
7/5/2023 9:30,2724.260308
7/5/2023 9:45,2724.258558
7/5/2023 10:00,2724.258558
7/5/2023 10:15,2724.258558
7/5/2023 10:30,2724.256809
7/5/2023 10:45,2724.257978
7/5/2023 11:00,2724.255649
7/5/2023 11:15,2724.256809
7/5/2023 11:30,2724.255649
7/5/2023 11:45,2724.2539
7/5/2023 12:00,2724.256819
7/5/2023 12:15,2724.250981
7/5/2023 12:30,2724.2539
7/5/2023 12:45,2724.25273
7/5/2023 13:00,2724.255059
7/5/2023 13:15,2724.250981
7/5/2023 13:30,2724.25214
7/5/2023 13:45,2724.25389
7/5/2023 14:00,2724.250391
7/5/2023 14:15,2724.25273
7/5/2023 14:30,2724.25215
7/5/2023 14:45,2724.25273
7/5/2023 15:00,2724.25273
7/5/2023 15:15,2724.249811
7/5/2023 15:30,2724.248062
7/5/2023 15:45,2724.250981
7/5/2023 16:00,2724.247482
7/5/2023 16:15,2724.25214
7/5/2023 16:30,2724.250981
7/5/2023 16:45,2724.249811
7/5/2023 17:00,2724.250981
7/5/2023 17:15,2724.25331
7/5/2023 17:30,2724.25273
7/5/2023 17:45,2724.250981
7/5/2023 18:00,2724.249811
7/5/2023 18:15,2724.249811
7/5/2023 18:30,2724.25448
7/5/2023 18:45,2724.251561
7/5/2023 19:00,2724.25273
7/5/2023 19:15,2724.249811
7/5/2023 19:30,2724.25448
7/5/2023 19:45,2724.249821
7/5/2023 20:00,2724.255639
7/5/2023 20:15,2724.25273
7/5/2023 20:30,2724.25448
7/5/2023 20:45,2724.25273
7/5/2023 21:00,2724.2539
7/5/2023 21:15,2724.255649
7/5/2023 21:30,2724.25448
7/5/2023 21:45,2724.255649
7/5/2023 22:00,2724.2539
7/5/2023 22:15,2724.255649
7/5/2023 22:30,2724.2539
7/5/2023 22:45,2724.2539
7/5/2023 23:00,2724.255649
7/5/2023 23:15,2724.255649
7/5/2023 23:30,2724.255649
7/5/2023 23:45,2724.257399
7/6/2023 0:00,2724.255649
7/6/2023 0:15,2724.259148
7/6/2023 0:30,2724.255649
7/6/2023 0:45,2724.257399
7/6/2023 1:00,2724.257399
7/6/2023 1:15,2724.255649
7/6/2023 1:30,2724.255649
7/6/2023 1:45,2724.257399
7/6/2023 2:00,2724.255649
7/6/2023 2:15,2724.256809
7/6/2023 2:30,2724.256819
7/6/2023 2:45,2724.257399
7/6/2023 3:00,2724.257399
7/6/2023 3:15,2724.257399
7/6/2023 3:30,2724.257399
7/6/2023 3:45,2724.257399
7/6/2023 4:00,2724.256809
7/6/2023 4:15,2724.259148
7/6/2023 4:30,2724.257399
7/6/2023 4:45,2724.256819
7/6/2023 5:00,2724.258568
7/6/2023 5:15,2724.259148
7/6/2023 5:30,2724.259148
7/6/2023 5:45,2724.257399
7/6/2023 6:00,2724.256809
7/6/2023 6:15,2724.258558
7/6/2023 6:30,2724.258558
7/6/2023 6:45,2724.258558
7/6/2023 7:00,2724.259728
7/6/2023 7:15,2724.259728
7/6/2023 7:30,2724.256809
7/6/2023 7:45,2724.256809
7/6/2023 8:00,2724.258558
7/6/2023 8:15,2724.258558
7/6/2023 8:30,2724.258558
7/6/2023 8:45,2724.256809
7/6/2023 9:00,2724.258558
7/6/2023 9:15,2724.256809
7/6/2023 9:30,2724.256809
7/6/2023 9:45,2724.258558
7/6/2023 10:00,2724.258558
7/6/2023 10:15,2724.258558
7/6/2023 10:30,2724.255639
7/6/2023 10:45,2724.25389
7/6/2023 11:00,2724.25389
7/6/2023 11:15,2724.250981
7/6/2023 11:30,2724.250981
7/6/2023 11:45,2724.250401
7/6/2023 12:00,2724.25215
7/6/2023 12:15,2724.249811
7/6/2023 12:30,2724.248062
7/6/2023 12:45,2724.2539
7/6/2023 13:00,2724.250981
7/6/2023 13:15,2724.250981
7/6/2023 13:30,2724.247482
7/6/2023 13:45,2724.250981
7/6/2023 14:00,2724.250981
7/6/2023 14:15,2724.250981
7/6/2023 14:30,2724.25273
7/6/2023 14:45,2724.249811
7/6/2023 15:00,2724.246312
7/6/2023 15:15,2724.248062
7/6/2023 15:30,2724.248062
7/6/2023 15:45,2724.246312
7/6/2023 16:00,2724.249811
7/6/2023 16:15,2724.249811
7/6/2023 16:30,2724.248072
7/6/2023 16:45,2724.248072
7/6/2023 17:00,2724.251571
7/6/2023 17:15,2724.251571
7/6/2023 17:30,2724.250401
7/6/2023 17:45,2724.250401
7/6/2023 18:00,2724.249811
7/6/2023 18:15,2724.249811
7/6/2023 18:30,2724.246892
7/6/2023 18:45,2724.248642
7/6/2023 19:00,2724.251561
7/6/2023 19:15,2724.249811
7/6/2023 19:30,2724.249811
7/6/2023 19:45,2724.251561
7/6/2023 20:00,2724.249811
7/6/2023 20:15,2724.250981
7/6/2023 20:30,2724.25273
7/6/2023 20:45,2724.25273
7/6/2023 21:00,2724.250981
7/6/2023 21:15,2724.251571
7/6/2023 21:30,2724.25448
7/6/2023 21:45,2724.25332
7/6/2023 22:00,2724.25448
7/6/2023 22:15,2724.25448
7/6/2023 22:30,2724.25273
7/6/2023 22:45,2724.25448
7/6/2023 23:00,2724.25448
7/6/2023 23:15,2724.25273
7/6/2023 23:30,2724.25273
7/6/2023 23:45,2724.25448
7/7/2023 0:00,2724.25273
7/7/2023 0:15,2724.25332
7/7/2023 0:30,2724.25448
7/7/2023 0:45,2724.25332
7/7/2023 1:00,2724.25448
7/7/2023 1:15,2724.256229
7/7/2023 1:30,2724.25448
7/7/2023 1:45,2724.25448
7/7/2023 2:00,2724.25448
7/7/2023 2:15,2724.255639
7/7/2023 2:30,2724.25448
7/7/2023 2:45,2724.25273
7/7/2023 3:00,2724.255639
7/7/2023 3:15,2724.255639
7/7/2023 3:30,2724.25448
7/7/2023 3:45,2724.256229
7/7/2023 4:00,2724.25448
7/7/2023 4:15,2724.256229
7/7/2023 4:30,2724.256229
7/7/2023 4:45,2724.255649
7/7/2023 5:00,2724.255649
7/7/2023 5:15,2724.255649
7/7/2023 5:30,2724.25448
7/7/2023 5:45,2724.25448
7/7/2023 6:00,2724.25448
7/7/2023 6:15,2724.256229
7/7/2023 6:30,2724.256229
7/7/2023 6:45,2724.25448
7/7/2023 7:00,2724.258558
7/7/2023 7:15,2724.255639
7/7/2023 7:30,2724.25332
7/7/2023 7:45,2724.256229
7/7/2023 8:00,2724.25448
7/7/2023 8:15,2724.255649
7/7/2023 8:30,2724.25273
7/7/2023 8:45,2724.255649
7/7/2023 9:00,2724.25448
7/7/2023 9:15,2724.250981
7/7/2023 9:30,2724.2539
7/7/2023 9:45,2724.256229
7/7/2023 10:00,2724.251571
7/7/2023 10:15,2724.25448
7/7/2023 10:30,2724.251571
7/7/2023 10:45,2724.248652
7/7/2023 11:00,2724.250981
7/7/2023 11:15,2724.248062
7/7/2023 11:30,2724.249231
7/7/2023 11:45,2724.250981
7/7/2023 12:00,2724.249821
7/7/2023 12:15,2724.249821
7/7/2023 12:30,2724.249821
7/7/2023 12:45,2724.250981
7/7/2023 13:00,2724.248652
7/7/2023 13:15,2724.248062
7/7/2023 13:30,2724.246892
7/7/2023 13:45,2724.249811
7/7/2023 14:00,2724.245143
7/7/2023 14:15,2724.245153
7/7/2023 14:30,2724.245143
7/7/2023 14:45,2724.246892
7/7/2023 15:00,2724.250401
7/7/2023 15:15,2724.248652
7/7/2023 15:30,2724.246902
7/7/2023 15:45,2724.246312
7/7/2023 16:00,2724.245153
7/7/2023 16:15,2724.25332
7/7/2023 16:30,2724.248652
7/7/2023 16:45,2724.250401
7/7/2023 17:00,2724.25273
7/7/2023 17:15,2724.249811
7/7/2023 17:30,2724.25331
7/7/2023 17:45,2724.251561
7/7/2023 18:00,2724.251571
7/7/2023 18:15,2724.25332
7/7/2023 18:30,2724.25332
7/7/2023 18:45,2724.25273
7/7/2023 19:00,2724.251571
7/7/2023 19:15,2724.25448
7/7/2023 19:30,2724.25273
7/7/2023 19:45,2724.25273
7/7/2023 20:00,2724.249811
7/7/2023 20:15,2724.251571
7/7/2023 20:30,2724.249821
7/7/2023 20:45,2724.25332
7/7/2023 21:00,2724.251571
7/7/2023 21:15,2724.250401
7/7/2023 21:30,2724.249811
7/7/2023 21:45,2724.25273
7/7/2023 22:00,2724.251561
7/7/2023 22:15,2724.25448
7/7/2023 22:30,2724.25273
7/7/2023 22:45,2724.251561
7/7/2023 23:00,2724.25273
7/7/2023 23:15,2724.25448
7/7/2023 23:30,2724.25448
7/7/2023 23:45,2724.25448
7/8/2023 0:00,2724.25448
7/8/2023 0:15,2724.25331
7/8/2023 0:30,2724.25448
7/8/2023 0:45,2724.25448
7/8/2023 1:00,2724.25448
7/8/2023 1:15,2724.25273
7/8/2023 1:30,2724.25448
7/8/2023 1:45,2724.255649
7/8/2023 2:00,2724.25448
7/8/2023 2:15,2724.25331
7/8/2023 2:30,2724.255649
7/8/2023 2:45,2724.25331
7/8/2023 3:00,2724.255649
7/8/2023 3:15,2724.25448
7/8/2023 3:30,2724.256229
7/8/2023 3:45,2724.256229
7/8/2023 4:00,2724.25273
7/8/2023 4:15,2724.25331
7/8/2023 4:30,2724.256229
7/8/2023 4:45,2724.25448
7/8/2023 5:00,2724.25448
7/8/2023 5:15,2724.256229
7/8/2023 5:30,2724.257978
7/8/2023 5:45,2724.25448
7/8/2023 6:00,2724.25332
7/8/2023 6:15,2724.25448
7/8/2023 6:30,2724.259138
7/8/2023 6:45,2724.25448
7/8/2023 7:00,2724.25448
7/8/2023 7:15,2724.25448
7/8/2023 7:30,2724.255649
7/8/2023 7:45,2724.25273
7/8/2023 8:00,2724.255649
7/8/2023 8:15,2724.255649
7/8/2023 8:30,2724.256229
7/8/2023 8:45,2724.2539
7/8/2023 9:00,2724.255649
7/8/2023 9:15,2724.2539
7/8/2023 9:30,2724.25448
7/8/2023 9:45,2724.256229
7/8/2023 10:00,2724.25273
7/8/2023 10:15,2724.25273
7/8/2023 10:30,2724.249821
7/8/2023 10:45,2724.256229
7/8/2023 11:00,2724.255639
7/8/2023 11:15,2724.25273
7/8/2023 11:30,2724.249231
7/8/2023 11:45,2724.25273
7/8/2023 12:00,2724.251561
7/8/2023 12:15,2724.248062
7/8/2023 12:30,2724.248062
7/8/2023 12:45,2724.250981
7/8/2023 13:00,2724.25273
7/8/2023 13:15,2724.249811
7/8/2023 13:30,2724.251571
7/8/2023 13:45,2724.248072
7/8/2023 14:00,2724.251561
7/8/2023 14:15,2724.25331
7/8/2023 14:30,2724.256229
7/8/2023 14:45,2724.251571
7/8/2023 15:00,2724.249821
7/8/2023 15:15,2724.249811
7/8/2023 15:30,2724.251561
7/8/2023 15:45,2724.248642
7/8/2023 16:00,2724.248642
7/8/2023 16:15,2724.251561
7/8/2023 16:30,2724.25273
7/8/2023 16:45,2724.249821
7/8/2023 17:00,2724.248652
7/8/2023 17:15,2724.248652
7/8/2023 17:30,2724.248652
7/8/2023 17:45,2724.251561
7/8/2023 18:00,2724.248642
7/8/2023 18:15,2724.250391
7/8/2023 18:30,2724.250391
7/8/2023 18:45,2724.251561
7/8/2023 19:00,2724.251561
7/8/2023 19:15,2724.251561
7/8/2023 19:30,2724.251561
7/8/2023 19:45,2724.249821
7/8/2023 20:00,2724.249821
7/8/2023 20:15,2724.249821
7/8/2023 20:30,2724.251561
7/8/2023 20:45,2724.25331
7/8/2023 21:00,2724.249811
7/8/2023 21:15,2724.25331
7/8/2023 21:30,2724.251561
7/8/2023 21:45,2724.251561
7/8/2023 22:00,2724.251561
7/8/2023 22:15,2724.25331
7/8/2023 22:30,2724.250981
7/8/2023 22:45,2724.25273
7/8/2023 23:00,2724.25448
7/8/2023 23:15,2724.25273
7/8/2023 23:30,2724.25332
7/8/2023 23:45,2724.25448
7/9/2023 0:00,2724.25273
7/9/2023 0:15,2724.25448
7/9/2023 0:30,2724.25273
7/9/2023 0:45,2724.256229
7/9/2023 1:00,2724.25273
7/9/2023 1:15,2724.25448
7/9/2023 1:30,2724.25332
7/9/2023 1:45,2724.255639
7/9/2023 2:00,2724.255649
7/9/2023 2:15,2724.25448
7/9/2023 2:30,2724.25448
7/9/2023 2:45,2724.25273
7/9/2023 3:00,2724.255649
7/9/2023 3:15,2724.25448
7/9/2023 3:30,2724.255649
7/9/2023 3:45,2724.25448
7/9/2023 4:00,2724.25448
7/9/2023 4:15,2724.255649
7/9/2023 4:30,2724.25448
7/9/2023 4:45,2724.256229
7/9/2023 5:00,2724.25448
7/9/2023 5:15,2724.25273
7/9/2023 5:30,2724.255649
7/9/2023 5:45,2724.256229
7/9/2023 6:00,2724.25448
7/9/2023 6:15,2724.257399
7/9/2023 6:30,2724.255649
7/9/2023 6:45,2724.2539
7/9/2023 7:00,2724.25273
7/9/2023 7:15,2724.25448
7/9/2023 7:30,2724.25273
7/9/2023 7:45,2724.25448
7/9/2023 8:00,2724.25448
7/9/2023 8:15,2724.2539
7/9/2023 8:30,2724.25273
7/9/2023 8:45,2724.2539
7/9/2023 9:00,2724.2539
7/9/2023 9:15,2724.25273
7/9/2023 9:30,2724.25215
7/9/2023 9:45,2724.250981
7/9/2023 10:00,2724.2539
7/9/2023 10:15,2724.25215
7/9/2023 10:30,2724.250981
7/9/2023 10:45,2724.249231
7/9/2023 11:00,2724.249231
7/9/2023 11:15,2724.246322
7/9/2023 11:30,2724.246312
7/9/2023 11:45,2724.249811
7/9/2023 12:00,2724.242814
7/9/2023 12:15,2724.247482
7/9/2023 12:30,2724.243403
7/9/2023 12:45,2724.248062
7/9/2023 13:00,2724.249231
7/9/2023 13:15,2724.244573
7/9/2023 13:30,2724.246322
7/9/2023 13:45,2724.248072
7/9/2023 14:00,2724.249231
7/9/2023 14:15,2724.248062
7/9/2023 14:30,2724.246312
7/9/2023 14:45,2724.246312
7/9/2023 15:00,2724.246312
7/9/2023 15:15,2724.246312
7/9/2023 15:30,2724.245143
7/9/2023 15:45,2724.246312
7/9/2023 16:00,2724.245143
7/9/2023 16:15,2724.245143
7/9/2023 16:30,2724.245143
7/9/2023 16:45,2724.245143
7/9/2023 17:00,2724.245143
7/9/2023 17:15,2724.248062
7/9/2023 17:30,2724.246892
7/9/2023 17:45,2724.245143
7/9/2023 18:00,2724.245143
7/9/2023 18:15,2724.248642
7/9/2023 18:30,2724.241644
7/9/2023 18:45,2724.245143
7/9/2023 19:00,2724.245143
7/9/2023 19:15,2724.248062
7/9/2023 19:30,2724.246892
7/9/2023 19:45,2724.246892
7/9/2023 20:00,2724.246312
7/9/2023 20:15,2724.248062
7/9/2023 20:30,2724.248072
7/9/2023 20:45,2724.249821
7/9/2023 21:00,2724.248072
7/9/2023 21:15,2724.250981
7/9/2023 21:30,2724.248072
7/9/2023 21:45,2724.249811
7/9/2023 22:00,2724.246902
7/9/2023 22:15,2724.246312
7/9/2023 22:30,2724.249231
7/9/2023 22:45,2724.249811
7/9/2023 23:00,2724.248062
7/9/2023 23:15,2724.250981
7/9/2023 23:30,2724.249811
7/9/2023 23:45,2724.248062
7/10/2023 0:00,2724.249231
7/10/2023 0:15,2724.249231
7/10/2023 0:30,2724.25273
7/10/2023 0:45,2724.250981
7/10/2023 1:00,2724.25273
7/10/2023 1:15,2724.249231
7/10/2023 1:30,2724.248062
7/10/2023 1:45,2724.250981
7/10/2023 2:00,2724.250981
7/10/2023 2:15,2724.249231
7/10/2023 2:30,2724.250981
7/10/2023 2:45,2724.250981
7/10/2023 3:00,2724.250981
7/10/2023 3:15,2724.249811
7/10/2023 3:30,2724.250981
7/10/2023 3:45,2724.250981
7/10/2023 4:00,2724.250981
7/10/2023 4:15,2724.249811
7/10/2023 4:30,2724.250981
7/10/2023 4:45,2724.249231
7/10/2023 5:00,2724.250981
7/10/2023 5:15,2724.25273
7/10/2023 5:30,2724.249231
7/10/2023 5:45,2724.250981
7/10/2023 6:00,2724.249821
7/10/2023 6:15,2724.25389
7/10/2023 6:30,2724.25273
7/10/2023 6:45,2724.250981
7/10/2023 7:00,2724.2539
7/10/2023 7:15,2724.25215
7/10/2023 7:30,2724.25273
7/10/2023 7:45,2724.255649
7/10/2023 8:00,2724.25215
7/10/2023 8:15,2724.2539
7/10/2023 8:30,2724.25389
7/10/2023 8:45,2724.25273
7/10/2023 9:00,2724.25214
7/10/2023 9:15,2724.25389
7/10/2023 9:30,2724.25389
7/10/2023 9:45,2724.25214
7/10/2023 10:00,2724.25214
7/10/2023 10:15,2724.25214
7/10/2023 10:30,2724.250391
7/10/2023 10:45,2724.250391
7/10/2023 11:00,2724.250391
7/10/2023 11:15,2724.248072
7/10/2023 11:30,2724.25214
7/10/2023 11:45,2724.250401
7/10/2023 12:00,2724.250401
7/10/2023 12:15,2724.245733
7/10/2023 12:30,2724.249231
7/10/2023 12:45,2724.248062
7/10/2023 13:00,2724.247482
7/10/2023 13:15,2724.247482
7/10/2023 13:30,2724.242814
7/10/2023 13:45,2724.248062
7/10/2023 14:00,2724.247482
7/10/2023 14:15,2724.244563
7/10/2023 14:30,2724.242824
7/10/2023 14:45,2724.248072
7/10/2023 15:00,2724.246322
7/10/2023 15:15,2724.244573
7/10/2023 15:30,2724.248072
7/10/2023 15:45,2724.248072
7/10/2023 16:00,2724.245153
7/10/2023 16:15,2724.244563
7/10/2023 16:30,2724.243393
7/10/2023 16:45,2724.246312
7/10/2023 17:00,2724.244563
7/10/2023 17:15,2724.243403
7/10/2023 17:30,2724.245153
7/10/2023 17:45,2724.243403
7/10/2023 18:00,2724.246902
7/10/2023 18:15,2724.243403
7/10/2023 18:30,2724.245153
7/10/2023 18:45,2724.243403
7/10/2023 19:00,2724.245153
7/10/2023 19:15,2724.249811
7/10/2023 19:30,2724.246312
7/10/2023 19:45,2724.246312
7/10/2023 20:00,2724.248062
7/10/2023 20:15,2724.249811
7/10/2023 20:30,2724.247482
7/10/2023 20:45,2724.250981
7/10/2023 21:00,2724.248062
7/10/2023 21:15,2724.249811
7/10/2023 21:30,2724.249811
7/10/2023 21:45,2724.246312
7/10/2023 22:00,2724.249231
7/10/2023 22:15,2724.249231
7/10/2023 22:30,2724.248072
7/10/2023 22:45,2724.248072
7/10/2023 23:00,2724.249821
7/10/2023 23:15,2724.250981
7/10/2023 23:30,2724.250981
7/10/2023 23:45,2724.250981
7/11/2023 0:00,2724.250981
7/11/2023 0:15,2724.250981
7/11/2023 0:30,2724.249821
7/11/2023 0:45,2724.248072
7/11/2023 1:00,2724.249231
7/11/2023 1:15,2724.25214
7/11/2023 1:30,2724.250981
7/11/2023 1:45,2724.25214
7/11/2023 2:00,2724.25273
7/11/2023 2:15,2724.250981
7/11/2023 2:30,2724.250981
7/11/2023 2:45,2724.250981
7/11/2023 3:00,2724.250981
7/11/2023 3:15,2724.250981
7/11/2023 3:30,2724.250981
7/11/2023 3:45,2724.25214
7/11/2023 4:00,2724.25273
7/11/2023 4:15,2724.25273
7/11/2023 4:30,2724.25214
7/11/2023 4:45,2724.25214
7/11/2023 5:00,2724.25389
7/11/2023 5:15,2724.255639
7/11/2023 5:30,2724.25273
7/11/2023 5:45,2724.25273
7/11/2023 6:00,2724.25215
7/11/2023 6:15,2724.2539
7/11/2023 6:30,2724.2539
7/11/2023 6:45,2724.250981
7/11/2023 7:00,2724.25215
7/11/2023 7:15,2724.25215
7/11/2023 7:30,2724.25215
7/11/2023 7:45,2724.25215
7/11/2023 8:00,2724.25273
7/11/2023 8:15,2724.25331
7/11/2023 8:30,2724.250981
7/11/2023 8:45,2724.25214
7/11/2023 9:00,2724.250391
7/11/2023 9:15,2724.25214
7/11/2023 9:30,2724.250981
7/11/2023 9:45,2724.250981
7/11/2023 10:00,2724.249231
7/11/2023 10:15,2724.250981
7/11/2023 10:30,2724.247482
7/11/2023 10:45,2724.249231
7/11/2023 11:00,2724.245733
7/11/2023 11:15,2724.247482
7/11/2023 11:30,2724.247482
7/11/2023 11:45,2724.245733
7/11/2023 12:00,2724.244563
7/11/2023 12:15,2724.245733
7/11/2023 12:30,2724.244563
7/11/2023 12:45,2724.246312
7/11/2023 13:00,2724.247482
7/11/2023 13:15,2724.245733
7/11/2023 13:30,2724.242814
7/11/2023 13:45,2724.244563
7/11/2023 14:00,2724.244573
7/11/2023 14:15,2724.246322
7/11/2023 14:30,2724.245153
7/11/2023 14:45,2724.244563
7/11/2023 15:00,2724.241654
7/11/2023 15:15,2724.245143
7/11/2023 15:30,2724.243403
7/11/2023 15:45,2724.246312
7/11/2023 16:00,2724.244563
7/11/2023 16:15,2724.243393
7/11/2023 16:30,2724.244563
7/11/2023 16:45,2724.241654
7/11/2023 17:00,2724.243393
7/11/2023 17:15,2724.245153
7/11/2023 17:30,2724.245153
7/11/2023 17:45,2724.245153
7/11/2023 18:00,2724.240484
7/11/2023 18:15,2724.241654
7/11/2023 18:30,2724.241654
7/11/2023 18:45,2724.243403
7/11/2023 19:00,2724.248072
7/11/2023 19:15,2724.242234
7/11/2023 19:30,2724.241654
7/11/2023 19:45,2724.239315
7/11/2023 20:00,2724.239315
7/11/2023 20:15,2724.237565
7/11/2023 20:30,2724.242234
7/11/2023 20:45,2724.240484
7/11/2023 21:00,2724.241654
7/11/2023 21:15,2724.239905
7/11/2023 21:30,2724.240484
7/11/2023 21:45,2724.243393
7/11/2023 22:00,2724.243393
7/11/2023 22:15,2724.243393
7/11/2023 22:30,2724.240484
7/11/2023 22:45,2724.241654
7/11/2023 23:00,2724.242234
7/11/2023 23:15,2724.241644
7/11/2023 23:30,2724.243393
7/11/2023 23:45,2724.243393
7/12/2023 0:00,2724.241644
7/12/2023 0:15,2724.241654
7/12/2023 0:30,2724.241644
7/12/2023 0:45,2724.241644
7/12/2023 1:00,2724.241644
7/12/2023 1:15,2724.243403
7/12/2023 1:30,2724.244563
7/12/2023 1:45,2724.241654
7/12/2023 2:00,2724.243403
7/12/2023 2:15,2724.241654
7/12/2023 2:30,2724.243403
7/12/2023 2:45,2724.243403
7/12/2023 3:00,2724.245153
7/12/2023 3:15,2724.243403
7/12/2023 3:30,2724.245153
7/12/2023 3:45,2724.245153
7/12/2023 4:00,2724.243403
7/12/2023 4:15,2724.243403
7/12/2023 4:30,2724.243403
7/12/2023 4:45,2724.243403
7/12/2023 5:00,2724.243403
7/12/2023 5:15,2724.244563
7/12/2023 5:30,2724.244563
7/12/2023 5:45,2724.246312
7/12/2023 6:00,2724.243393
7/12/2023 6:15,2724.245143
7/12/2023 6:30,2724.244563
7/12/2023 6:45,2724.246312
7/12/2023 7:00,2724.244563
7/12/2023 7:15,2724.244573
7/12/2023 7:30,2724.244573
7/12/2023 7:45,2724.244573
7/12/2023 8:00,2724.242824
7/12/2023 8:15,2724.245153
7/12/2023 8:30,2724.245153
7/12/2023 8:45,2724.243403
7/12/2023 9:00,2724.242814
7/12/2023 9:15,2724.244563
7/12/2023 9:30,2724.243393
7/12/2023 9:45,2724.242814
7/12/2023 10:00,2724.242814
7/12/2023 10:15,2724.241654
7/12/2023 10:30,2724.241654
7/12/2023 10:45,2724.241644
7/12/2023 11:00,2724.241644
7/12/2023 11:15,2724.241654
7/12/2023 11:30,2724.239905
7/12/2023 11:45,2724.241654
7/12/2023 12:00,2724.239905
7/12/2023 12:15,2724.239905
7/12/2023 12:30,2724.238735
7/12/2023 12:45,2724.241654
7/12/2023 13:00,2724.241654
7/12/2023 13:15,2724.239895
7/12/2023 13:30,2724.241644
7/12/2023 13:45,2724.238735
7/12/2023 14:00,2724.238735
7/12/2023 14:15,2724.236986
7/12/2023 14:30,2724.238735
7/12/2023 14:45,2724.236986
7/12/2023 15:00,2724.236986
7/12/2023 15:15,2724.236986
7/12/2023 15:30,2724.237565
7/12/2023 15:45,2724.236986
7/12/2023 16:00,2724.237575
7/12/2023 16:15,2724.237575
7/12/2023 16:30,2724.235826
7/12/2023 16:45,2724.236986
7/12/2023 17:00,2724.237565
7/12/2023 17:15,2724.240484
7/12/2023 17:30,2724.236986
7/12/2023 17:45,2724.236986
7/12/2023 18:00,2724.235816
7/12/2023 18:15,2724.237565
7/12/2023 18:30,2724.237565
7/12/2023 18:45,2724.237565
7/12/2023 19:00,2724.237565
7/12/2023 19:15,2724.238735
7/12/2023 19:30,2724.235816
7/12/2023 19:45,2724.240484
7/12/2023 20:00,2724.240484
7/12/2023 20:15,2724.238735
7/12/2023 20:30,2724.239325
7/12/2023 20:45,2724.239325
7/12/2023 21:00,2724.242234
7/12/2023 21:15,2724.238735
7/12/2023 21:30,2724.240484
7/12/2023 21:45,2724.242234
7/12/2023 22:00,2724.240484
7/12/2023 22:15,2724.241654
7/12/2023 22:30,2724.240484
7/12/2023 22:45,2724.242234
7/12/2023 23:00,2724.241644
7/12/2023 23:15,2724.240484
7/12/2023 23:30,2724.241644
7/12/2023 23:45,2724.243393
7/13/2023 0:00,2724.241644
7/13/2023 0:15,2724.242814
7/13/2023 0:30,2724.243393
7/13/2023 0:45,2724.241644
7/13/2023 1:00,2724.242234
7/13/2023 1:15,2724.241654
7/13/2023 1:30,2724.241654
7/13/2023 1:45,2724.243403
7/13/2023 2:00,2724.241654
7/13/2023 2:15,2724.243403
7/13/2023 2:30,2724.246902
7/13/2023 2:45,2724.245153
7/13/2023 3:00,2724.246322
7/13/2023 3:15,2724.243403
7/13/2023 3:30,2724.243403
7/13/2023 3:45,2724.245153
7/13/2023 4:00,2724.245153
7/13/2023 4:15,2724.243403
7/13/2023 4:30,2724.243403
7/13/2023 4:45,2724.243403
7/13/2023 5:00,2724.243403
7/13/2023 5:15,2724.243403
7/13/2023 5:30,2724.241654
7/13/2023 5:45,2724.243403
7/13/2023 6:00,2724.245153
7/13/2023 6:15,2724.243403
7/13/2023 6:30,2724.241654
7/13/2023 6:45,2724.243403
7/13/2023 7:00,2724.243403
7/13/2023 7:15,2724.243393
7/13/2023 7:30,2724.245143
7/13/2023 7:45,2724.243393
7/13/2023 8:00,2724.245143
7/13/2023 8:15,2724.244563
7/13/2023 8:30,2724.242814
7/13/2023 8:45,2724.244563
7/13/2023 9:00,2724.243393
7/13/2023 9:15,2724.241654
7/13/2023 9:30,2724.241654
7/13/2023 9:45,2724.242234
7/13/2023 10:00,2724.243403
7/13/2023 10:15,2724.244563
7/13/2023 10:30,2724.240484
7/13/2023 10:45,2724.244563
7/13/2023 11:00,2724.241654
7/13/2023 11:15,2724.245153
7/13/2023 11:30,2724.243393
7/13/2023 11:45,2724.235236
7/13/2023 12:00,2724.241644
7/13/2023 12:15,2724.238735
7/13/2023 12:30,2724.238735
7/13/2023 12:45,2724.235816
7/13/2023 13:00,2724.237565
7/13/2023 13:15,2724.240484
7/13/2023 13:30,2724.239905
7/13/2023 13:45,2724.240484
7/13/2023 14:00,2724.240484
7/13/2023 14:15,2724.238735
7/13/2023 14:30,2724.238735
7/13/2023 14:45,2724.238735
7/13/2023 15:00,2724.237575
7/13/2023 15:15,2724.236986
7/13/2023 15:30,2724.237575
7/13/2023 15:45,2724.237565
7/13/2023 16:00,2724.235816
7/13/2023 16:15,2724.235816
7/13/2023 16:30,2724.235816
7/13/2023 16:45,2724.236396
7/13/2023 17:00,2724.237565
7/13/2023 17:15,2724.234656
7/13/2023 17:30,2724.235816
7/13/2023 17:45,2724.235826
7/13/2023 18:00,2724.241074
7/13/2023 18:15,2724.236406
7/13/2023 18:30,2724.238735
7/13/2023 18:45,2724.236406
7/13/2023 19:00,2724.236406
7/13/2023 19:15,2724.237575
7/13/2023 19:30,2724.239325
7/13/2023 19:45,2724.239325
7/13/2023 20:00,2724.240484
7/13/2023 20:15,2724.238735
7/13/2023 20:30,2724.237565
7/13/2023 20:45,2724.239315
7/13/2023 21:00,2724.239315
7/13/2023 21:15,2724.242234
7/13/2023 21:30,2724.238735
7/13/2023 21:45,2724.240484
7/13/2023 22:00,2724.238735
7/13/2023 22:15,2724.240484
7/13/2023 22:30,2724.240484
7/13/2023 22:45,2724.241644
7/13/2023 23:00,2724.241644
7/13/2023 23:15,2724.241644
7/13/2023 23:30,2724.242234
7/13/2023 23:45,2724.242234
7/14/2023 0:00,2724.240484
7/14/2023 0:15,2724.242234
7/14/2023 0:30,2724.242234
7/14/2023 0:45,2724.242234
7/14/2023 1:00,2724.243393
7/14/2023 1:15,2724.243393
7/14/2023 1:30,2724.243983
7/14/2023 1:45,2724.242234
7/14/2023 2:00,2724.242234
7/14/2023 2:15,2724.243983
7/14/2023 2:30,2724.243983
7/14/2023 2:45,2724.242234
7/14/2023 3:00,2724.242234
7/14/2023 3:15,2724.242234
7/14/2023 3:30,2724.242234
7/14/2023 3:45,2724.242234
7/14/2023 4:00,2724.242234
7/14/2023 4:15,2724.243983
7/14/2023 4:30,2724.243983
7/14/2023 4:45,2724.243403
7/14/2023 5:00,2724.242234
7/14/2023 5:15,2724.245153
7/14/2023 5:30,2724.243983
7/14/2023 5:45,2724.243393
7/14/2023 6:00,2724.243393
7/14/2023 6:15,2724.245143
7/14/2023 6:30,2724.241644
7/14/2023 6:45,2724.246312
7/14/2023 7:00,2724.244563
7/14/2023 7:15,2724.243403
7/14/2023 7:30,2724.243403
7/14/2023 7:45,2724.243403
7/14/2023 8:00,2724.244573
7/14/2023 8:15,2724.246902
7/14/2023 8:30,2724.245153
7/14/2023 8:45,2724.243403
7/14/2023 9:00,2724.245153
7/14/2023 9:15,2724.241654
7/14/2023 9:30,2724.245153
7/14/2023 9:45,2724.243403
7/14/2023 10:00,2724.240484
7/14/2023 10:15,2724.238735
7/14/2023 10:30,2724.238735
7/14/2023 10:45,2724.239905
7/14/2023 11:00,2724.240484
7/14/2023 11:15,2724.236986
7/14/2023 11:30,2724.239905
7/14/2023 11:45,2724.235236
7/14/2023 12:00,2724.236986
7/14/2023 12:15,2724.238735
7/14/2023 12:30,2724.238735
7/14/2023 12:45,2724.236986
7/14/2023 13:00,2724.235816
7/14/2023 13:15,2724.235816
7/14/2023 13:30,2724.235236
7/14/2023 13:45,2724.235826
7/14/2023 14:00,2724.236986
7/14/2023 14:15,2724.232907
7/14/2023 14:30,2724.232907
7/14/2023 14:45,2724.235816
7/14/2023 15:00,2724.234067
7/14/2023 15:15,2724.234646
7/14/2023 15:30,2724.234646
7/14/2023 15:45,2724.235816
7/14/2023 16:00,2724.231158
7/14/2023 16:15,2724.232317
7/14/2023 16:30,2724.232907
7/14/2023 16:45,2724.234656
7/14/2023 17:00,2724.231158
7/14/2023 17:15,2724.232907
7/14/2023 17:30,2724.232907
7/14/2023 17:45,2724.234656
7/14/2023 18:00,2724.232897
7/14/2023 18:15,2724.234067
7/14/2023 18:30,2724.237565
7/14/2023 18:45,2724.234067
7/14/2023 19:00,2724.237565
7/14/2023 19:15,2724.232897
7/14/2023 19:30,2724.234067
7/14/2023 19:45,2724.234646
7/14/2023 20:00,2724.237565
7/14/2023 20:15,2724.238735
7/14/2023 20:30,2724.236986
7/14/2023 20:45,2724.235826
7/14/2023 21:00,2724.237575
7/14/2023 21:15,2724.236986
7/14/2023 21:30,2724.238735
7/14/2023 21:45,2724.239315
7/14/2023 22:00,2724.238735
7/14/2023 22:15,2724.237565
7/14/2023 22:30,2724.240484
7/14/2023 22:45,2724.238735
7/14/2023 23:00,2724.238735
7/14/2023 23:15,2724.238735
7/14/2023 23:30,2724.240484
7/14/2023 23:45,2724.240484
7/15/2023 0:00,2724.238735
7/15/2023 0:15,2724.241644
7/15/2023 0:30,2724.238735
7/15/2023 0:45,2724.238735
7/15/2023 1:00,2724.239895
7/15/2023 1:15,2724.240484
7/15/2023 1:30,2724.240484
7/15/2023 1:45,2724.240484
7/15/2023 2:00,2724.240484
7/15/2023 2:15,2724.242814
7/15/2023 2:30,2724.240484
7/15/2023 2:45,2724.242814
7/15/2023 3:00,2724.241644
7/15/2023 3:15,2724.243393
7/15/2023 3:30,2724.241644
7/15/2023 3:45,2724.242814
7/15/2023 4:00,2724.240484
7/15/2023 4:15,2724.241654
7/15/2023 4:30,2724.243403
7/15/2023 4:45,2724.243403
7/15/2023 5:00,2724.241654
7/15/2023 5:15,2724.244573
7/15/2023 5:30,2724.239905
7/15/2023 5:45,2724.241654
7/15/2023 6:00,2724.241654
7/15/2023 6:15,2724.241644
7/15/2023 6:30,2724.239895
7/15/2023 6:45,2724.241644
7/15/2023 7:00,2724.242814
7/15/2023 7:15,2724.242814
7/15/2023 7:30,2724.239905
7/15/2023 7:45,2724.243403
7/15/2023 8:00,2724.244573
7/15/2023 8:15,2724.244573
7/15/2023 8:30,2724.242824
7/15/2023 8:45,2724.243403
7/15/2023 9:00,2724.241654
7/15/2023 9:15,2724.243403
7/15/2023 9:30,2724.242814
7/15/2023 9:45,2724.246312
7/15/2023 10:00,2724.242814
7/15/2023 10:15,2724.241654
7/15/2023 10:30,2724.242814
7/15/2023 10:45,2724.239905
7/15/2023 11:00,2724.239905
7/15/2023 11:15,2724.241654
7/15/2023 11:30,2724.239905
7/15/2023 11:45,2724.238735
7/15/2023 12:00,2724.241644
7/15/2023 12:15,2724.239895
7/15/2023 12:30,2724.236986
7/15/2023 12:45,2724.240484
7/15/2023 13:00,2724.236986
7/15/2023 13:15,2724.238735
7/15/2023 13:30,2724.238735
7/15/2023 13:45,2724.238735
7/15/2023 14:00,2724.235236
7/15/2023 14:15,2724.240484
7/15/2023 14:30,2724.235236
7/15/2023 14:45,2724.234067
7/15/2023 15:00,2724.236986
7/15/2023 15:15,2724.236986
7/15/2023 15:30,2724.236986
7/15/2023 15:45,2724.238145
7/15/2023 16:00,2724.238735
7/15/2023 16:15,2724.238735
7/15/2023 16:30,2724.238735
7/15/2023 16:45,2724.236986
7/15/2023 17:00,2724.234067
7/15/2023 17:15,2724.236986
7/15/2023 17:30,2724.236986
7/15/2023 17:45,2724.235816
7/15/2023 18:00,2724.237565
7/15/2023 18:15,2724.236986
7/15/2023 18:30,2724.236986
7/15/2023 18:45,2724.237565
7/15/2023 19:00,2724.237565
7/15/2023 19:15,2724.236986
7/15/2023 19:30,2724.236986
7/15/2023 19:45,2724.238735
7/15/2023 20:00,2724.238735
7/15/2023 20:15,2724.238735
7/15/2023 20:30,2724.239905
7/15/2023 20:45,2724.238735
7/15/2023 21:00,2724.238735
7/15/2023 21:15,2724.241654
7/15/2023 21:30,2724.240484
7/15/2023 21:45,2724.239905
7/15/2023 22:00,2724.241654
7/15/2023 22:15,2724.239905
7/15/2023 22:30,2724.238155
7/15/2023 22:45,2724.243393
7/15/2023 23:00,2724.241644
7/15/2023 23:15,2724.243393
7/15/2023 23:30,2724.239895
7/15/2023 23:45,2724.241644
7/16/2023 0:00,2724.243393
7/16/2023 0:15,2724.241644
7/16/2023 0:30,2724.242814
7/16/2023 0:45,2724.241654
7/16/2023 1:00,2724.242824
7/16/2023 1:15,2724.244573
7/16/2023 1:30,2724.241654
7/16/2023 1:45,2724.244573
7/16/2023 2:00,2724.244573
7/16/2023 2:15,2724.244573
7/16/2023 2:30,2724.245153
7/16/2023 2:45,2724.242814
7/16/2023 3:00,2724.241654
7/16/2023 3:15,2724.241654
7/16/2023 3:30,2724.243403
7/16/2023 3:45,2724.245733
7/16/2023 4:00,2724.244573
7/16/2023 4:15,2724.242824
7/16/2023 4:30,2724.244573
7/16/2023 4:45,2724.244573
7/16/2023 5:00,2724.244573
7/16/2023 5:15,2724.246322
7/16/2023 5:30,2724.244573
7/16/2023 5:45,2724.245733
7/16/2023 6:00,2724.246312
7/16/2023 6:15,2724.247482
7/16/2023 6:30,2724.245733
7/16/2023 6:45,2724.244563
7/16/2023 7:00,2724.244563
7/16/2023 7:15,2724.244563
7/16/2023 7:30,2724.244563
7/16/2023 7:45,2724.242814
7/16/2023 8:00,2724.242814
7/16/2023 8:15,2724.242814
7/16/2023 8:30,2724.245733
7/16/2023 8:45,2724.244563
7/16/2023 9:00,2724.242814
7/16/2023 9:15,2724.244563
7/16/2023 9:30,2724.242814
7/16/2023 9:45,2724.244563
7/16/2023 10:00,2724.244563
7/16/2023 10:15,2724.242814
7/16/2023 10:30,2724.243393
7/16/2023 10:45,2724.241064
7/16/2023 11:00,2724.242814
7/16/2023 11:15,2724.241644
7/16/2023 11:30,2724.239315
7/16/2023 11:45,2724.242814
7/16/2023 12:00,2724.238145
7/16/2023 12:15,2724.239315
7/16/2023 12:30,2724.241064
7/16/2023 12:45,2724.239905
7/16/2023 13:00,2724.239905
7/16/2023 13:15,2724.238155
7/16/2023 13:30,2724.236986
7/16/2023 13:45,2724.236986
7/16/2023 14:00,2724.236406
7/16/2023 14:15,2724.236986
7/16/2023 14:30,2724.236986
7/16/2023 14:45,2724.236986
7/16/2023 15:00,2724.236986
7/16/2023 15:15,2724.238145
7/16/2023 15:30,2724.236986
7/16/2023 15:45,2724.236986
7/16/2023 16:00,2724.235236
7/16/2023 16:15,2724.234067
7/16/2023 16:30,2724.236986
7/16/2023 16:45,2724.236986
7/16/2023 17:00,2724.234067
7/16/2023 17:15,2724.235236
7/16/2023 17:30,2724.235816
7/16/2023 17:45,2724.238735
7/16/2023 18:00,2724.235816
7/16/2023 18:15,2724.235816
7/16/2023 18:30,2724.238735
7/16/2023 18:45,2724.236986
7/16/2023 19:00,2724.237565
7/16/2023 19:15,2724.239905
7/16/2023 19:30,2724.238735
7/16/2023 19:45,2724.239895
7/16/2023 20:00,2724.239895
7/16/2023 20:15,2724.238145
7/16/2023 20:30,2724.239895
7/16/2023 20:45,2724.238735
7/16/2023 21:00,2724.241654
7/16/2023 21:15,2724.238735
7/16/2023 21:30,2724.239905
7/16/2023 21:45,2724.241074
7/16/2023 22:00,2724.241074
7/16/2023 22:15,2724.241654
7/16/2023 22:30,2724.241654
7/16/2023 22:45,2724.239895
7/16/2023 23:00,2724.242814
7/16/2023 23:15,2724.242814
7/16/2023 23:30,2724.241064
7/16/2023 23:45,2724.241644
7/17/2023 0:00,2724.242814
7/17/2023 0:15,2724.245143
7/17/2023 0:30,2724.242814
7/17/2023 0:45,2724.243393
7/17/2023 1:00,2724.243393
7/17/2023 1:15,2724.241064
7/17/2023 1:30,2724.243393
7/17/2023 1:45,2724.241654
7/17/2023 2:00,2724.243403
7/17/2023 2:15,2724.243403
7/17/2023 2:30,2724.243403
7/17/2023 2:45,2724.242824
7/17/2023 3:00,2724.244573
7/17/2023 3:15,2724.243403
7/17/2023 3:30,2724.243403
7/17/2023 3:45,2724.242824
7/17/2023 4:00,2724.241654
7/17/2023 4:15,2724.242824
7/17/2023 4:30,2724.243403
7/17/2023 4:45,2724.245153
7/17/2023 5:00,2724.244573
7/17/2023 5:15,2724.243403
7/17/2023 5:30,2724.245153
7/17/2023 5:45,2724.244573
7/17/2023 6:00,2724.242824
7/17/2023 6:15,2724.243403
7/17/2023 6:30,2724.246312
7/17/2023 6:45,2724.244563
7/17/2023 7:00,2724.243393
7/17/2023 7:15,2724.244563
7/17/2023 7:30,2724.239895
7/17/2023 7:45,2724.242814
7/17/2023 8:00,2724.242814
7/17/2023 8:15,2724.242814
7/17/2023 8:30,2724.243983
7/17/2023 8:45,2724.242824
7/17/2023 9:00,2724.241074
7/17/2023 9:15,2724.242824
7/17/2023 9:30,2724.244573
7/17/2023 9:45,2724.242824
7/17/2023 10:00,2724.241074
7/17/2023 10:15,2724.239905
7/17/2023 10:30,2724.241654
7/17/2023 10:45,2724.239315
7/17/2023 11:00,2724.238145
7/17/2023 11:15,2724.238155
7/17/2023 11:30,2724.236396
7/17/2023 11:45,2724.236396
7/17/2023 12:00,2724.236396
7/17/2023 12:15,2724.235236
7/17/2023 12:30,2724.235236
7/17/2023 12:45,2724.234067
7/17/2023 13:00,2724.234067
7/17/2023 13:15,2724.233487
7/17/2023 13:30,2724.236406
7/17/2023 13:45,2724.235236
7/17/2023 14:00,2724.236986
7/17/2023 14:15,2724.235236
7/17/2023 14:30,2724.236396
7/17/2023 14:45,2724.235236
7/17/2023 15:00,2724.236986
7/17/2023 15:15,2724.235236
7/17/2023 15:30,2724.235236
7/17/2023 15:45,2724.234067
7/17/2023 16:00,2724.235816
7/17/2023 16:15,2724.235816
7/17/2023 16:30,2724.235816
7/17/2023 16:45,2724.236986
7/17/2023 17:00,2724.233487
7/17/2023 17:15,2724.235236
7/17/2023 17:30,2724.235816
7/17/2023 17:45,2724.235236
7/17/2023 18:00,2724.232317
7/17/2023 18:15,2724.235236
7/17/2023 18:30,2724.232907
7/17/2023 18:45,2724.235826
7/17/2023 19:00,2724.236986
7/17/2023 19:15,2724.240484
7/17/2023 19:30,2724.238735
7/17/2023 19:45,2724.235236
7/17/2023 20:00,2724.238735
7/17/2023 20:15,2724.238735
7/17/2023 20:30,2724.238735
7/17/2023 20:45,2724.238155
7/17/2023 21:00,2724.238155
7/17/2023 21:15,2724.235816
7/17/2023 21:30,2724.238735
7/17/2023 21:45,2724.238145
7/17/2023 22:00,2724.238735
7/17/2023 22:15,2724.239905
7/17/2023 22:30,2724.238155
7/17/2023 22:45,2724.238735
7/17/2023 23:00,2724.239905
7/17/2023 23:15,2724.241644
7/17/2023 23:30,2724.239895
7/17/2023 23:45,2724.238735
7/18/2023 0:00,2724.238735
7/18/2023 0:15,2724.236986
7/18/2023 0:30,2724.240484
7/18/2023 0:45,2724.239895
7/18/2023 1:00,2724.241644
7/18/2023 1:15,2724.241644
7/18/2023 1:30,2724.241644
7/18/2023 1:45,2724.240484
7/18/2023 2:00,2724.241654
7/18/2023 2:15,2724.241654
7/18/2023 2:30,2724.241654
7/18/2023 2:45,2724.241644
7/18/2023 3:00,2724.244563
7/18/2023 3:15,2724.241644
7/18/2023 3:30,2724.240484
7/18/2023 3:45,2724.241644
7/18/2023 4:00,2724.241644
7/18/2023 4:15,2724.241644
7/18/2023 4:30,2724.239895
7/18/2023 4:45,2724.241644
7/18/2023 5:00,2724.241064
7/18/2023 5:15,2724.242814
7/18/2023 5:30,2724.243403
7/18/2023 5:45,2724.239905
7/18/2023 6:00,2724.241654
7/18/2023 6:15,2724.242824
7/18/2023 6:30,2724.244563
7/18/2023 6:45,2724.244573
7/18/2023 7:00,2724.242824
7/18/2023 7:15,2724.242824
7/18/2023 7:30,2724.241654
7/18/2023 7:45,2724.242824
7/18/2023 8:00,2724.241654
7/18/2023 8:15,2724.242814
7/18/2023 8:30,2724.242814
7/18/2023 8:45,2724.241064
7/18/2023 9:00,2724.241654
7/18/2023 9:15,2724.243403
7/18/2023 9:30,2724.241064
7/18/2023 9:45,2724.241654
7/18/2023 10:00,2724.239905
7/18/2023 10:15,2724.239905
7/18/2023 10:30,2724.239905
7/18/2023 10:45,2724.236406
7/18/2023 11:00,2724.238155
7/18/2023 11:15,2724.236986
7/18/2023 11:30,2724.238155
7/18/2023 11:45,2724.238155
7/18/2023 12:00,2724.238155
7/18/2023 12:15,2724.233487
7/18/2023 12:30,2724.233487
7/18/2023 12:45,2724.235236
7/18/2023 13:00,2724.235826
7/18/2023 13:15,2724.233487
7/18/2023 13:30,2724.235236
7/18/2023 13:45,2724.234077
7/18/2023 14:00,2724.235236
7/18/2023 14:15,2724.235236
7/18/2023 14:30,2724.233487
7/18/2023 14:45,2724.230568
7/18/2023 15:00,2724.236986
7/18/2023 15:15,2724.235236
7/18/2023 15:30,2724.233487
7/18/2023 15:45,2724.235236
7/18/2023 16:00,2724.235236
7/18/2023 16:15,2724.232317
7/18/2023 16:30,2724.233487
7/18/2023 16:45,2724.232317
7/18/2023 17:00,2724.235236
7/18/2023 17:15,2724.230578
7/18/2023 17:30,2724.234077
7/18/2023 17:45,2724.232327
7/18/2023 18:00,2724.235826
7/18/2023 18:15,2724.234077
7/18/2023 18:30,2724.235826
7/18/2023 18:45,2724.234077
7/18/2023 19:00,2724.235236
7/18/2023 19:15,2724.236986
7/18/2023 19:30,2724.234067
7/18/2023 19:45,2724.235816
7/18/2023 20:00,2724.234067
7/18/2023 20:15,2724.235816
7/18/2023 20:30,2724.232897
7/18/2023 20:45,2724.238735
7/18/2023 21:00,2724.235236
7/18/2023 21:15,2724.236986
7/18/2023 21:30,2724.235826
7/18/2023 21:45,2724.235236
7/18/2023 22:00,2724.238735
7/18/2023 22:15,2724.235816
7/18/2023 22:30,2724.236986
7/18/2023 22:45,2724.236986
7/18/2023 23:00,2724.236986
7/18/2023 23:15,2724.236986
7/18/2023 23:30,2724.236406
7/18/2023 23:45,2724.239905
7/19/2023 0:00,2724.236986
7/19/2023 0:15,2724.236406
7/19/2023 0:30,2724.238735
7/19/2023 0:45,2724.239905
7/19/2023 1:00,2724.238155
7/19/2023 1:15,2724.236406
7/19/2023 1:30,2724.239905
7/19/2023 1:45,2724.236986
7/19/2023 2:00,2724.239905
7/19/2023 2:15,2724.239905
7/19/2023 2:30,2724.236986
7/19/2023 2:45,2724.238155
7/19/2023 3:00,2724.236986
7/19/2023 3:15,2724.238155
7/19/2023 3:30,2724.236986
7/19/2023 3:45,2724.236986
7/19/2023 4:00,2724.238155
7/19/2023 4:15,2724.238155
7/19/2023 4:30,2724.238735
7/19/2023 4:45,2724.238735
7/19/2023 5:00,2724.239905
7/19/2023 5:15,2724.238155
7/19/2023 5:30,2724.241654
7/19/2023 5:45,2724.236986
7/19/2023 6:00,2724.238735
7/19/2023 6:15,2724.239895
7/19/2023 6:30,2724.241644
7/19/2023 6:45,2724.241644
7/19/2023 7:00,2724.238145
7/19/2023 7:15,2724.239895
7/19/2023 7:30,2724.236986
7/19/2023 7:45,2724.238155
7/19/2023 8:00,2724.239905
7/19/2023 8:15,2724.239905
7/19/2023 8:30,2724.238155
7/19/2023 8:45,2724.238155
7/19/2023 9:00,2724.239905
7/19/2023 9:15,2724.238155
7/19/2023 9:30,2724.238155
7/19/2023 9:45,2724.238155
7/19/2023 10:00,2724.238155
7/19/2023 10:15,2724.236406
7/19/2023 10:30,2724.238155
7/19/2023 10:45,2724.238155
7/19/2023 11:00,2724.239325
7/19/2023 11:15,2724.238155
7/19/2023 11:30,2724.236406
7/19/2023 11:45,2724.235236
7/19/2023 12:00,2724.235236
7/19/2023 12:15,2724.235236
7/19/2023 12:30,2724.233487
7/19/2023 12:45,2724.235236
7/19/2023 13:00,2724.235236
7/19/2023 13:15,2724.236406
7/19/2023 13:30,2724.236406
7/19/2023 13:45,2724.236406
7/19/2023 14:00,2724.234656
7/19/2023 14:15,2724.239315
7/19/2023 14:30,2724.235236
7/19/2023 14:45,2724.236396
7/19/2023 15:00,2724.235236
7/19/2023 15:15,2724.236406
7/19/2023 15:30,2724.235236
7/19/2023 15:45,2724.236406
7/19/2023 16:00,2724.234077
7/19/2023 16:15,2724.232327
7/19/2023 16:30,2724.234077
7/19/2023 16:45,2724.232327
7/19/2023 17:00,2724.235236
7/19/2023 17:15,2724.236986
7/19/2023 17:30,2724.234077
7/19/2023 17:45,2724.235236
7/19/2023 18:00,2724.238145
7/19/2023 18:15,2724.238735
7/19/2023 18:30,2724.235816
7/19/2023 18:45,2724.234077
7/19/2023 19:00,2724.235826
7/19/2023 19:15,2724.235236
7/19/2023 19:30,2724.236986
7/19/2023 19:45,2724.235236
7/19/2023 20:00,2724.235236
7/19/2023 20:15,2724.236986
7/19/2023 20:30,2724.236406
7/19/2023 20:45,2724.236986
7/19/2023 21:00,2724.238155
7/19/2023 21:15,2724.235236
7/19/2023 21:30,2724.238735
7/19/2023 21:45,2724.238735
7/19/2023 22:00,2724.238735
7/19/2023 22:15,2724.238145
7/19/2023 22:30,2724.238145
7/19/2023 22:45,2724.238155
7/19/2023 23:00,2724.238155
7/19/2023 23:15,2724.238145
7/19/2023 23:30,2724.241064
7/19/2023 23:45,2724.238735
7/20/2023 0:00,2724.241064
7/20/2023 0:15,2724.241064
7/20/2023 0:30,2724.241064
7/20/2023 0:45,2724.239315
7/20/2023 1:00,2724.239905
7/20/2023 1:15,2724.241074
7/20/2023 1:30,2724.239315
7/20/2023 1:45,2724.241654
7/20/2023 2:00,2724.241064
7/20/2023 2:15,2724.239905
7/20/2023 2:30,2724.241644
7/20/2023 2:45,2724.242814
7/20/2023 3:00,2724.243393
7/20/2023 3:15,2724.239895
7/20/2023 3:30,2724.244563
7/20/2023 3:45,2724.241654
7/20/2023 4:00,2724.241064
7/20/2023 4:15,2724.240484
7/20/2023 4:30,2724.241654
7/20/2023 4:45,2724.241654
7/20/2023 5:00,2724.241654
7/20/2023 5:15,2724.241074
7/20/2023 5:30,2724.239905
7/20/2023 5:45,2724.241654
7/20/2023 6:00,2724.239905
7/20/2023 6:15,2724.239905
7/20/2023 6:30,2724.241654
7/20/2023 6:45,2724.241654
7/20/2023 7:00,2724.241064
7/20/2023 7:15,2724.242814
7/20/2023 7:30,2724.239895
7/20/2023 7:45,2724.241064
7/20/2023 8:00,2724.241064
7/20/2023 8:15,2724.241064
7/20/2023 8:30,2724.241064
7/20/2023 8:45,2724.241064
7/20/2023 9:00,2724.241064
7/20/2023 9:15,2724.241064
7/20/2023 9:30,2724.242234
7/20/2023 9:45,2724.241064
7/20/2023 10:00,2724.239895
7/20/2023 10:15,2724.239905
7/20/2023 10:30,2724.241064
7/20/2023 10:45,2724.241064
7/20/2023 11:00,2724.238155
7/20/2023 11:15,2724.239905
7/20/2023 11:30,2724.239905
7/20/2023 11:45,2724.238155
7/20/2023 12:00,2724.238155
7/20/2023 12:15,2724.236406
7/20/2023 12:30,2724.236986
7/20/2023 12:45,2724.234077
7/20/2023 13:00,2724.235236
7/20/2023 13:15,2724.235236
7/20/2023 13:30,2724.235236
7/20/2023 13:45,2724.233487
7/20/2023 14:00,2724.235236
7/20/2023 14:15,2724.236986
7/20/2023 14:30,2724.236986
7/20/2023 14:45,2724.234067
7/20/2023 15:00,2724.236986
7/20/2023 15:15,2724.235236
7/20/2023 15:30,2724.236986
7/20/2023 15:45,2724.238155
7/20/2023 16:00,2724.236986
7/20/2023 16:15,2724.236396
7/20/2023 16:30,2724.236986
7/20/2023 16:45,2724.235816
7/20/2023 17:00,2724.236986
7/20/2023 17:15,2724.235236
7/20/2023 17:30,2724.238155
7/20/2023 17:45,2724.234067
7/20/2023 18:00,2724.235816
7/20/2023 18:15,2724.235816
7/20/2023 18:30,2724.236986
7/20/2023 18:45,2724.235816
7/20/2023 19:00,2724.238735
7/20/2023 19:15,2724.235816
7/20/2023 19:30,2724.239905
7/20/2023 19:45,2724.240484
7/20/2023 20:00,2724.236986
7/20/2023 20:15,2724.238145
7/20/2023 20:30,2724.241644
7/20/2023 20:45,2724.238735
7/20/2023 21:00,2724.238155
7/20/2023 21:15,2724.241064
7/20/2023 21:30,2724.242824
7/20/2023 21:45,2724.241654
7/20/2023 22:00,2724.241074
7/20/2023 22:15,2724.242824
7/20/2023 22:30,2724.241654
7/20/2023 22:45,2724.242824
7/20/2023 23:00,2724.241074
7/20/2023 23:15,2724.242824
7/20/2023 23:30,2724.241654
7/20/2023 23:45,2724.242824
7/21/2023 0:00,2724.242824
7/21/2023 0:15,2724.242824
7/21/2023 0:30,2724.241074
7/21/2023 0:45,2724.241654
7/21/2023 1:00,2724.241654
7/21/2023 1:15,2724.241654
7/21/2023 1:30,2724.243393
7/21/2023 1:45,2724.242814
7/21/2023 2:00,2724.243393
7/21/2023 2:15,2724.242814
7/21/2023 2:30,2724.243393
7/21/2023 2:45,2724.241644
7/21/2023 3:00,2724.242814
7/21/2023 3:15,2724.243393
7/21/2023 3:30,2724.242814
7/21/2023 3:45,2724.242814
7/21/2023 4:00,2724.244563
7/21/2023 4:15,2724.244563
7/21/2023 4:30,2724.244563
7/21/2023 4:45,2724.243393
7/21/2023 5:00,2724.242814
7/21/2023 5:15,2724.244563
7/21/2023 5:30,2724.244563
7/21/2023 5:45,2724.245153
7/21/2023 6:00,2724.244563
7/21/2023 6:15,2724.243403
7/21/2023 6:30,2724.246312
7/21/2023 6:45,2724.245733
7/21/2023 7:00,2724.242824
7/21/2023 7:15,2724.245733
7/21/2023 7:30,2724.243983
7/21/2023 7:45,2724.243983
7/21/2023 8:00,2724.243403
7/21/2023 8:15,2724.242814
7/21/2023 8:30,2724.242814
7/21/2023 8:45,2724.241064
7/21/2023 9:00,2724.242814
7/21/2023 9:15,2724.242814
7/21/2023 9:30,2724.241654
7/21/2023 9:45,2724.244563
7/21/2023 10:00,2724.242814
7/21/2023 10:15,2724.241064
7/21/2023 10:30,2724.241064
7/21/2023 10:45,2724.241654
7/21/2023 11:00,2724.243983
7/21/2023 11:15,2724.239905
7/21/2023 11:30,2724.238735
7/21/2023 11:45,2724.238735
7/21/2023 12:00,2724.239905
7/21/2023 12:15,2724.236986
7/21/2023 12:30,2724.239895
7/21/2023 12:45,2724.239895
7/21/2023 13:00,2724.241644
7/21/2023 13:15,2724.240484
7/21/2023 13:30,2724.239905
7/21/2023 13:45,2724.238735
7/21/2023 14:00,2724.238155
7/21/2023 14:15,2724.239905
7/21/2023 14:30,2724.235236
7/21/2023 14:45,2724.238735
7/21/2023 15:00,2724.236986
7/21/2023 15:15,2724.239905
7/21/2023 15:30,2724.238735
7/21/2023 15:45,2724.239895
7/21/2023 16:00,2724.241654
7/21/2023 16:15,2724.241654
7/21/2023 16:30,2724.240484
7/21/2023 16:45,2724.239905
7/21/2023 17:00,2724.239905
7/21/2023 17:15,2724.241654
7/21/2023 17:30,2724.239905
7/21/2023 17:45,2724.240484
7/21/2023 18:00,2724.238735
7/21/2023 18:15,2724.238735
7/21/2023 18:30,2724.236986
7/21/2023 18:45,2724.237565
7/21/2023 19:00,2724.241654
7/21/2023 19:15,2724.239905
7/21/2023 19:30,2724.241654
7/21/2023 19:45,2724.238155
7/21/2023 20:00,2724.241654
7/21/2023 20:15,2724.243393
7/21/2023 20:30,2724.238735
7/21/2023 20:45,2724.238735
7/21/2023 21:00,2724.238735
7/21/2023 21:15,2724.238155
7/21/2023 21:30,2724.236986
7/21/2023 21:45,2724.238155
7/21/2023 22:00,2724.239895
7/21/2023 22:15,2724.236986
7/21/2023 22:30,2724.236986
7/21/2023 22:45,2724.238145
7/21/2023 23:00,2724.238145
7/21/2023 23:15,2724.239895
7/21/2023 23:30,2724.241644
7/21/2023 23:45,2724.241654
7/22/2023 0:00,2724.239905
7/22/2023 0:15,2724.238735
7/22/2023 0:30,2724.239905
7/22/2023 0:45,2724.239905
7/22/2023 1:00,2724.238155
7/22/2023 1:15,2724.241654
7/22/2023 1:30,2724.239905
7/22/2023 1:45,2724.241654
7/22/2023 2:00,2724.241654
7/22/2023 2:15,2724.239905
7/22/2023 2:30,2724.241654
7/22/2023 2:45,2724.241074
7/22/2023 3:00,2724.241074
7/22/2023 3:15,2724.239905
7/22/2023 3:30,2724.241654
7/22/2023 3:45,2724.238735
7/22/2023 4:00,2724.239905
7/22/2023 4:15,2724.239905
7/22/2023 4:30,2724.240484
7/22/2023 4:45,2724.239905
7/22/2023 5:00,2724.239905
7/22/2023 5:15,2724.236986
7/22/2023 5:30,2724.238155
7/22/2023 5:45,2724.241654
7/22/2023 6:00,2724.241064
7/22/2023 6:15,2724.239905
7/22/2023 6:30,2724.241064
7/22/2023 6:45,2724.241064
7/22/2023 7:00,2724.241064
7/22/2023 7:15,2724.241064
7/22/2023 7:30,2724.241064
7/22/2023 7:45,2724.241654
7/22/2023 8:00,2724.239905
7/22/2023 8:15,2724.241064
7/22/2023 8:30,2724.238155
7/22/2023 8:45,2724.241654
7/22/2023 9:00,2724.241064
7/22/2023 9:15,2724.239315
7/22/2023 9:30,2724.238155
7/22/2023 9:45,2724.241074
7/22/2023 10:00,2724.241074
7/22/2023 10:15,2724.242824
7/22/2023 10:30,2724.238155
7/22/2023 10:45,2724.239905
7/22/2023 11:00,2724.238155
7/22/2023 11:15,2724.238155
7/22/2023 11:30,2724.238145
7/22/2023 11:45,2724.238145
7/22/2023 12:00,2724.235236
7/22/2023 12:15,2724.236986
7/22/2023 12:30,2724.238155
7/22/2023 12:45,2724.235816
7/22/2023 13:00,2724.235816
7/22/2023 13:15,2724.234067
7/22/2023 13:30,2724.234067
7/22/2023 13:45,2724.239905
7/22/2023 14:00,2724.238735
7/22/2023 14:15,2724.235236
7/22/2023 14:30,2724.238735
7/22/2023 14:45,2724.236986
7/22/2023 15:00,2724.238735
7/22/2023 15:15,2724.235236
7/22/2023 15:30,2724.236986
7/22/2023 15:45,2724.239905
7/22/2023 16:00,2724.236986
7/22/2023 16:15,2724.245733
7/22/2023 16:30,2724.249231
7/22/2023 16:45,2724.247482
7/22/2023 17:00,2724.248062
7/22/2023 17:15,2724.242824
7/22/2023 17:30,2724.245733
7/22/2023 17:45,2724.248062
7/22/2023 18:00,2724.250981
7/22/2023 18:15,2724.250981
7/22/2023 18:30,2724.25273
7/22/2023 18:45,2724.250981
7/22/2023 19:00,2724.249811
7/22/2023 19:15,2724.246312
7/22/2023 19:30,2724.248062
7/22/2023 19:45,2724.248062
7/22/2023 20:00,2724.246312
7/22/2023 20:15,2724.246312
7/22/2023 20:30,2724.246312
7/22/2023 20:45,2724.244563
7/22/2023 21:00,2724.241654
7/22/2023 21:15,2724.244563
7/22/2023 21:30,2724.242814
7/22/2023 21:45,2724.242814
7/22/2023 22:00,2724.242824
7/22/2023 22:15,2724.242824
7/22/2023 22:30,2724.242824
7/22/2023 22:45,2724.242824
7/22/2023 23:00,2724.244573
7/22/2023 23:15,2724.244573
7/22/2023 23:30,2724.244573
7/22/2023 23:45,2724.246322
7/23/2023 0:00,2724.242824
7/23/2023 0:15,2724.243403
7/23/2023 0:30,2724.241654
7/23/2023 0:45,2724.244573
7/23/2023 1:00,2724.244563
7/23/2023 1:15,2724.241654
7/23/2023 1:30,2724.241654
7/23/2023 1:45,2724.239905
7/23/2023 2:00,2724.241654
7/23/2023 2:15,2724.241654
7/23/2023 2:30,2724.241654
7/23/2023 2:45,2724.241074
7/23/2023 3:00,2724.241074
7/23/2023 3:15,2724.242824
7/23/2023 3:30,2724.241074
7/23/2023 3:45,2724.241074
7/23/2023 4:00,2724.241074
7/23/2023 4:15,2724.241654
7/23/2023 4:30,2724.242824
7/23/2023 4:45,2724.241654
7/23/2023 5:00,2724.242824
7/23/2023 5:15,2724.241654
7/23/2023 5:30,2724.242814
7/23/2023 5:45,2724.242814
7/23/2023 6:00,2724.244563
7/23/2023 6:15,2724.246312
7/23/2023 6:30,2724.242814
7/23/2023 6:45,2724.241064
7/23/2023 7:00,2724.244563
7/23/2023 7:15,2724.241064
7/23/2023 7:30,2724.241064
7/23/2023 7:45,2724.241064
7/23/2023 8:00,2724.241644
7/23/2023 8:15,2724.241644
7/23/2023 8:30,2724.241064
7/23/2023 8:45,2724.241064
7/23/2023 9:00,2724.241064
7/23/2023 9:15,2724.241064
7/23/2023 9:30,2724.242234
7/23/2023 9:45,2724.241064
7/23/2023 10:00,2724.242814
7/23/2023 10:15,2724.239315
7/23/2023 10:30,2724.241064
7/23/2023 10:45,2724.241064
7/23/2023 11:00,2724.241064
7/23/2023 11:15,2724.239905
7/23/2023 11:30,2724.236406
7/23/2023 11:45,2724.234656
7/23/2023 12:00,2724.234656
7/23/2023 12:15,2724.236406
7/23/2023 12:30,2724.236406
7/23/2023 12:45,2724.238155
7/23/2023 13:00,2724.238155
7/23/2023 13:15,2724.236986
7/23/2023 13:30,2724.237565
7/23/2023 13:45,2724.238155
7/23/2023 14:00,2724.238155
7/23/2023 14:15,2724.238155
7/23/2023 14:30,2724.236406
7/23/2023 14:45,2724.236406
7/23/2023 15:00,2724.236406
7/23/2023 15:15,2724.236986
7/23/2023 15:30,2724.235236
7/23/2023 15:45,2724.236396
7/23/2023 16:00,2724.236986
7/23/2023 16:15,2724.238155
7/23/2023 16:30,2724.235816
7/23/2023 16:45,2724.235236
7/23/2023 17:00,2724.236986
7/23/2023 17:15,2724.236986
7/23/2023 17:30,2724.233487
7/23/2023 17:45,2724.236986
7/23/2023 18:00,2724.235236
7/23/2023 18:15,2724.235236
7/23/2023 18:30,2724.236406
7/23/2023 18:45,2724.238155
7/23/2023 19:00,2724.235236
7/23/2023 19:15,2724.236986
7/23/2023 19:30,2724.238735
7/23/2023 19:45,2724.238735
7/23/2023 20:00,2724.236986
7/23/2023 20:15,2724.238735
7/23/2023 20:30,2724.236986
7/23/2023 20:45,2724.236396
7/23/2023 21:00,2724.238145
7/23/2023 21:15,2724.238735
7/23/2023 21:30,2724.236986
7/23/2023 21:45,2724.238155
7/23/2023 22:00,2724.239325
7/23/2023 22:15,2724.239905
7/23/2023 22:30,2724.239905
7/23/2023 22:45,2724.239905
7/23/2023 23:00,2724.239315
7/23/2023 23:15,2724.238145
7/23/2023 23:30,2724.238145
7/23/2023 23:45,2724.241064
7/24/2023 0:00,2724.238145
7/24/2023 0:15,2724.238145
7/24/2023 0:30,2724.238145
7/24/2023 0:45,2724.239895
7/24/2023 1:00,2724.241064
7/24/2023 1:15,2724.241064
7/24/2023 1:30,2724.241644
7/24/2023 1:45,2724.241644
7/24/2023 2:00,2724.241064
7/24/2023 2:15,2724.239895
7/24/2023 2:30,2724.239315
7/24/2023 2:45,2724.238145
7/24/2023 3:00,2724.241064
7/24/2023 3:15,2724.241064
7/24/2023 3:30,2724.239905
7/24/2023 3:45,2724.239905
7/24/2023 4:00,2724.239905
7/24/2023 4:15,2724.241064
7/24/2023 4:30,2724.241064
7/24/2023 4:45,2724.239895
7/24/2023 5:00,2724.239895
7/24/2023 5:15,2724.239895
7/24/2023 5:30,2724.241064
7/24/2023 5:45,2724.241064
7/24/2023 6:00,2724.241064
7/24/2023 6:15,2724.241064
7/24/2023 6:30,2724.239905
7/24/2023 6:45,2724.241654
7/24/2023 7:00,2724.241074
7/24/2023 7:15,2724.239325
7/24/2023 7:30,2724.237575
7/24/2023 7:45,2724.239905
7/24/2023 8:00,2724.239905
7/24/2023 8:15,2724.241064
7/24/2023 8:30,2724.239315
7/24/2023 8:45,2724.239315
7/24/2023 9:00,2724.241064
7/24/2023 9:15,2724.239315
7/24/2023 9:30,2724.239315
7/24/2023 9:45,2724.238155
7/24/2023 10:00,2724.238155
7/24/2023 10:15,2724.236406
7/24/2023 10:30,2724.234656
7/24/2023 10:45,2724.239325
7/24/2023 11:00,2724.236406
7/24/2023 11:15,2724.233487
7/24/2023 11:30,2724.233487
7/24/2023 11:45,2724.229988
7/24/2023 12:00,2724.231737
7/24/2023 12:15,2724.231737
7/24/2023 12:30,2724.232907
7/24/2023 12:45,2724.232907
7/24/2023 13:00,2724.234646
7/24/2023 13:15,2724.233487
7/24/2023 13:30,2724.236986
7/24/2023 13:45,2724.231737
7/24/2023 14:00,2724.230568
7/24/2023 14:15,2724.230568
7/24/2023 14:30,2724.230578
7/24/2023 14:45,2724.230578
7/24/2023 15:00,2724.232327
7/24/2023 15:15,2724.230568
7/24/2023 15:30,2724.232317
7/24/2023 15:45,2724.230568
7/24/2023 16:00,2724.232317
7/24/2023 16:15,2724.227649
7/24/2023 16:30,2724.225899
7/24/2023 16:45,2724.230568
7/24/2023 17:00,2724.233487
7/24/2023 17:15,2724.230568
7/24/2023 17:30,2724.230568
7/24/2023 17:45,2724.231737
7/24/2023 18:00,2724.230568
7/24/2023 18:15,2724.230578
7/24/2023 18:30,2724.235236
7/24/2023 18:45,2724.230568
7/24/2023 19:00,2724.234067
7/24/2023 19:15,2724.230568
7/24/2023 19:30,2724.235236
7/24/2023 19:45,2724.235236
7/24/2023 20:00,2724.229398
7/24/2023 20:15,2724.231737
7/24/2023 20:30,2724.232317
7/24/2023 20:45,2724.231737
7/24/2023 21:00,2724.234656
7/24/2023 21:15,2724.235236
7/24/2023 21:30,2724.232317
7/24/2023 21:45,2724.235236
7/24/2023 22:00,2724.236986
7/24/2023 22:15,2724.235236
7/24/2023 22:30,2724.236396
7/24/2023 22:45,2724.236986
7/24/2023 23:00,2724.238145
7/24/2023 23:15,2724.236396
7/24/2023 23:30,2724.236986
7/24/2023 23:45,2724.238145
7/25/2023 0:00,2724.236396
7/25/2023 0:15,2724.236986
7/25/2023 0:30,2724.236986
7/25/2023 0:45,2724.238145
7/25/2023 1:00,2724.238155
7/25/2023 1:15,2724.238155
7/25/2023 1:30,2724.235236
7/25/2023 1:45,2724.238155
7/25/2023 2:00,2724.238155
7/25/2023 2:15,2724.238155
7/25/2023 2:30,2724.238155
7/25/2023 2:45,2724.236986
7/25/2023 3:00,2724.236986
7/25/2023 3:15,2724.235236
7/25/2023 3:30,2724.238155
7/25/2023 3:45,2724.238735
7/25/2023 4:00,2724.236986
7/25/2023 4:15,2724.236986
7/25/2023 4:30,2724.238735
7/25/2023 4:45,2724.236406
7/25/2023 5:00,2724.238155
7/25/2023 5:15,2724.236406
7/25/2023 5:30,2724.239905
7/25/2023 5:45,2724.236406
7/25/2023 6:00,2724.241064
7/25/2023 6:15,2724.238155
7/25/2023 6:30,2724.239315
7/25/2023 6:45,2724.239895
7/25/2023 7:00,2724.238145
7/25/2023 7:15,2724.238145
7/25/2023 7:30,2724.236406
7/25/2023 7:45,2724.239905
7/25/2023 8:00,2724.236406
7/25/2023 8:15,2724.236406
7/25/2023 8:30,2724.238155
7/25/2023 8:45,2724.239325
7/25/2023 9:00,2724.238155
7/25/2023 9:15,2724.239905
7/25/2023 9:30,2724.238155
7/25/2023 9:45,2724.236406
7/25/2023 10:00,2724.238155
7/25/2023 10:15,2724.234656
7/25/2023 10:30,2724.237565
7/25/2023 10:45,2724.234646
7/25/2023 11:00,2724.236396
7/25/2023 11:15,2724.233487
7/25/2023 11:30,2724.232897
7/25/2023 11:45,2724.231737
7/25/2023 12:00,2724.231737
7/25/2023 12:15,2724.231737
7/25/2023 12:30,2724.232317
7/25/2023 12:45,2724.232317
7/25/2023 13:00,2724.233487
7/25/2023 13:15,2724.232317
7/25/2023 13:30,2724.235236
7/25/2023 13:45,2724.230568
7/25/2023 14:00,2724.233487
7/25/2023 14:15,2724.232317
7/25/2023 14:30,2724.232327
7/25/2023 14:45,2724.233487
7/25/2023 15:00,2724.235236
7/25/2023 15:15,2724.234646
7/25/2023 15:30,2724.235236
7/25/2023 15:45,2724.235236
7/25/2023 16:00,2724.233487
7/25/2023 16:15,2724.231737
7/25/2023 16:30,2724.235236
7/25/2023 16:45,2724.235236
7/25/2023 17:00,2724.238145
7/25/2023 17:15,2724.236396
7/25/2023 17:30,2724.235236
7/25/2023 17:45,2724.236406
7/25/2023 18:00,2724.236406
7/25/2023 18:15,2724.235236
7/25/2023 18:30,2724.238735
7/25/2023 18:45,2724.235236
7/25/2023 19:00,2724.236986
7/25/2023 19:15,2724.238155
7/25/2023 19:30,2724.236406
7/25/2023 19:45,2724.238155
7/25/2023 20:00,2724.236406
7/25/2023 20:15,2724.239905
7/25/2023 20:30,2724.239905
7/25/2023 20:45,2724.239905
7/25/2023 21:00,2724.233487
7/25/2023 21:15,2724.233487
7/25/2023 21:30,2724.236986
7/25/2023 21:45,2724.238735
7/25/2023 22:00,2724.236406
7/25/2023 22:15,2724.238155
7/25/2023 22:30,2724.236406
7/25/2023 22:45,2724.235236
7/25/2023 23:00,2724.238155
7/25/2023 23:15,2724.238155
7/25/2023 23:30,2724.235236
7/25/2023 23:45,2724.236406
7/26/2023 0:00,2724.238155
7/26/2023 0:15,2724.236406
7/26/2023 0:30,2724.236986
7/26/2023 0:45,2724.236406
7/26/2023 1:00,2724.238155
7/26/2023 1:15,2724.236406
7/26/2023 1:30,2724.239905
7/26/2023 1:45,2724.238155
7/26/2023 2:00,2724.239315
7/26/2023 2:15,2724.238145
7/26/2023 2:30,2724.236986
7/26/2023 2:45,2724.239895
7/26/2023 3:00,2724.236986
7/26/2023 3:15,2724.238735
7/26/2023 3:30,2724.240484
7/26/2023 3:45,2724.236986
7/26/2023 4:00,2724.238735
7/26/2023 4:15,2724.239895
7/26/2023 4:30,2724.238735
7/26/2023 4:45,2724.236396
7/26/2023 5:00,2724.236396
7/26/2023 5:15,2724.238145
7/26/2023 5:30,2724.238145
7/26/2023 5:45,2724.236986
7/26/2023 6:00,2724.238155
7/26/2023 6:15,2724.239905
7/26/2023 6:30,2724.238155
7/26/2023 6:45,2724.239905
7/26/2023 7:00,2724.239905
7/26/2023 7:15,2724.239905
7/26/2023 7:30,2724.238735
7/26/2023 7:45,2724.236986
7/26/2023 8:00,2724.238735
7/26/2023 8:15,2724.238155
7/26/2023 8:30,2724.238155
7/26/2023 8:45,2724.236406
7/26/2023 9:00,2724.238155
7/26/2023 9:15,2724.238155
7/26/2023 9:30,2724.238155
7/26/2023 9:45,2724.239905
7/26/2023 10:00,2724.236406
7/26/2023 10:15,2724.238155
7/26/2023 10:30,2724.235236
7/26/2023 10:45,2724.236406
7/26/2023 11:00,2724.236406
7/26/2023 11:15,2724.233487
7/26/2023 11:30,2724.236406
7/26/2023 11:45,2724.233487
7/26/2023 12:00,2724.236986
7/26/2023 12:15,2724.231737
7/26/2023 12:30,2724.232327
7/26/2023 12:45,2724.230578
7/26/2023 13:00,2724.230568
7/26/2023 13:15,2724.233487
7/26/2023 13:30,2724.232327
7/26/2023 13:45,2724.235236
7/26/2023 14:00,2724.235236
7/26/2023 14:15,2724.236986
7/26/2023 14:30,2724.236986
7/26/2023 14:45,2724.238735
7/26/2023 15:00,2724.239905
7/26/2023 15:15,2724.235236
7/26/2023 15:30,2724.238155
7/26/2023 15:45,2724.239905
7/26/2023 16:00,2724.239905
7/26/2023 16:15,2724.241654
7/26/2023 16:30,2724.238155
7/26/2023 16:45,2724.244563
7/26/2023 17:00,2724.239895
7/26/2023 17:15,2724.238735
7/26/2023 17:30,2724.241644
7/26/2023 17:45,2724.238735
7/26/2023 18:00,2724.238735
7/26/2023 18:15,2724.236986
7/26/2023 18:30,2724.235816
7/26/2023 18:45,2724.238735
7/26/2023 19:00,2724.236986
7/26/2023 19:15,2724.238735
7/26/2023 19:30,2724.236986
7/26/2023 19:45,2724.238155
7/26/2023 20:00,2724.235816
7/26/2023 20:15,2724.236986
7/26/2023 20:30,2724.238155
7/26/2023 20:45,2724.236986
7/26/2023 21:00,2724.236406
7/26/2023 21:15,2724.236396
7/26/2023 21:30,2724.238735
7/26/2023 21:45,2724.239905
7/26/2023 22:00,2724.236406
7/26/2023 22:15,2724.236986
7/26/2023 22:30,2724.238155
7/26/2023 22:45,2724.239905
7/26/2023 23:00,2724.238155
7/26/2023 23:15,2724.236406
7/26/2023 23:30,2724.239905
7/26/2023 23:45,2724.238735
7/27/2023 0:00,2724.239905
7/27/2023 0:15,2724.238145
7/27/2023 0:30,2724.236986
7/27/2023 0:45,2724.239895
7/27/2023 1:00,2724.239895
7/27/2023 1:15,2724.240484
7/27/2023 1:30,2724.238155
7/27/2023 1:45,2724.238155
7/27/2023 2:00,2724.241654
7/27/2023 2:15,2724.238735
7/27/2023 2:30,2724.238735
7/27/2023 2:45,2724.239905
7/27/2023 3:00,2724.238155
7/27/2023 3:15,2724.238155
7/27/2023 3:30,2724.238155
7/27/2023 3:45,2724.238735
7/27/2023 4:00,2724.238155
7/27/2023 4:15,2724.238155
7/27/2023 4:30,2724.239905
7/27/2023 4:45,2724.239905
7/27/2023 5:00,2724.239905
7/27/2023 5:15,2724.238735
7/27/2023 5:30,2724.238735
7/27/2023 5:45,2724.239905
7/27/2023 6:00,2724.240484
7/27/2023 6:15,2724.239895
7/27/2023 6:30,2724.240484
7/27/2023 6:45,2724.238735
7/27/2023 7:00,2724.239895
7/27/2023 7:15,2724.238145
7/27/2023 7:30,2724.238735
7/27/2023 7:45,2724.239905
7/27/2023 8:00,2724.239315
7/27/2023 8:15,2724.238155
7/27/2023 8:30,2724.239905
7/27/2023 8:45,2724.238155
7/27/2023 9:00,2724.238155
7/27/2023 9:15,2724.238155
7/27/2023 9:30,2724.238155
7/27/2023 9:45,2724.239905
7/27/2023 10:00,2724.236406
7/27/2023 10:15,2724.238155
7/27/2023 10:30,2724.236406
7/27/2023 10:45,2724.236406
7/27/2023 11:00,2724.235236
7/27/2023 11:15,2724.238155
7/27/2023 11:30,2724.236396
7/27/2023 11:45,2724.231737
7/27/2023 12:00,2724.234646
7/27/2023 12:15,2724.232317
7/27/2023 12:30,2724.234067
7/27/2023 12:45,2724.231737
7/27/2023 13:00,2724.232317
7/27/2023 13:15,2724.235236
7/27/2023 13:30,2724.230568
7/27/2023 13:45,2724.232317
7/27/2023 14:00,2724.232317
7/27/2023 14:15,2724.233487
7/27/2023 14:30,2724.235816
7/27/2023 14:45,2724.233487
7/27/2023 15:00,2724.236986
7/27/2023 15:15,2724.232327
7/27/2023 15:30,2724.236986
7/27/2023 15:45,2724.235816
7/27/2023 16:00,2724.237565
7/27/2023 16:15,2724.238735
7/27/2023 16:30,2724.236986
7/27/2023 16:45,2724.240484
7/27/2023 17:00,2724.236986
7/27/2023 17:15,2724.239895
7/27/2023 17:30,2724.241644
7/27/2023 17:45,2724.241654
7/27/2023 18:00,2724.239905
7/27/2023 18:15,2724.240484
7/27/2023 18:30,2724.241654
7/27/2023 18:45,2724.241654
7/27/2023 19:00,2724.248062
7/27/2023 19:15,2724.246312
7/27/2023 19:30,2724.246312
7/27/2023 19:45,2724.242814
7/27/2023 20:00,2724.243403
7/27/2023 20:15,2724.243403
7/27/2023 20:30,2724.239905
7/27/2023 20:45,2724.239905
7/27/2023 21:00,2724.238735
7/27/2023 21:15,2724.241654
7/27/2023 21:30,2724.241074
7/27/2023 21:45,2724.241654
7/27/2023 22:00,2724.239315
7/27/2023 22:15,2724.238145
7/27/2023 22:30,2724.238155
7/27/2023 22:45,2724.238155
7/27/2023 23:00,2724.241074
7/27/2023 23:15,2724.239905
7/27/2023 23:30,2724.241644
7/27/2023 23:45,2724.242814
7/28/2023 0:00,2724.242814
7/28/2023 0:15,2724.241064
7/28/2023 0:30,2724.241064
7/28/2023 0:45,2724.239905
7/28/2023 1:00,2724.241654
7/28/2023 1:15,2724.239905
7/28/2023 1:30,2724.241074
7/28/2023 1:45,2724.242824
7/28/2023 2:00,2724.241654
7/28/2023 2:15,2724.240484
7/28/2023 2:30,2724.241064
7/28/2023 2:45,2724.236986
7/28/2023 3:00,2724.238735
7/28/2023 3:15,2724.239895
7/28/2023 3:30,2724.240484
7/28/2023 3:45,2724.238735
7/28/2023 4:00,2724.239905
7/28/2023 4:15,2724.238735
7/28/2023 4:30,2724.238735
7/28/2023 4:45,2724.240484
7/28/2023 5:00,2724.238735
7/28/2023 5:15,2724.239895
7/28/2023 5:30,2724.238735
7/28/2023 5:45,2724.238145
7/28/2023 6:00,2724.239895
7/28/2023 6:15,2724.239905
7/28/2023 6:30,2724.236986
7/28/2023 6:45,2724.238155
7/28/2023 7:00,2724.236986
7/28/2023 7:15,2724.236986
7/28/2023 7:30,2724.236406
7/28/2023 7:45,2724.238155
7/28/2023 8:00,2724.238155
7/28/2023 8:15,2724.236406
7/28/2023 8:30,2724.236986
7/28/2023 8:45,2724.236986
7/28/2023 9:00,2724.236406
7/28/2023 9:15,2724.238155
7/28/2023 9:30,2724.236986
7/28/2023 9:45,2724.238155
7/28/2023 10:00,2724.235236
7/28/2023 10:15,2724.234067
7/28/2023 10:30,2724.236406
7/28/2023 10:45,2724.236406
7/28/2023 11:00,2724.234656
7/28/2023 11:15,2724.234656
7/28/2023 11:30,2724.233487
7/28/2023 11:45,2724.235236
7/28/2023 12:00,2724.235236
7/28/2023 12:15,2724.232327
7/28/2023 12:30,2724.230578
7/28/2023 12:45,2724.235826
7/28/2023 13:00,2724.235236
7/28/2023 13:15,2724.234077
7/28/2023 13:30,2724.232317
7/28/2023 13:45,2724.234067
7/28/2023 14:00,2724.235236
7/28/2023 14:15,2724.235236
7/28/2023 14:30,2724.234077
7/28/2023 14:45,2724.233487
7/28/2023 15:00,2724.235236
7/28/2023 15:15,2724.234067
7/28/2023 15:30,2724.234067
7/28/2023 15:45,2724.235236
7/28/2023 16:00,2724.235816
7/28/2023 16:15,2724.231158
7/28/2023 16:30,2724.230578
7/28/2023 16:45,2724.235236
7/28/2023 17:00,2724.228828
7/28/2023 17:15,2724.234077
7/28/2023 17:30,2724.231737
7/28/2023 17:45,2724.234077
7/28/2023 18:00,2724.232327
7/28/2023 18:15,2724.232327
7/28/2023 18:30,2724.230578
7/28/2023 18:45,2724.230578
7/28/2023 19:00,2724.234067
7/28/2023 19:15,2724.232317
7/28/2023 19:30,2724.230568
7/28/2023 19:45,2724.229398
7/28/2023 20:00,2724.231148
7/28/2023 20:15,2724.232317
7/28/2023 20:30,2724.233487
7/28/2023 20:45,2724.235236
7/28/2023 21:00,2724.232317
7/28/2023 21:15,2724.235236
7/28/2023 21:30,2724.235236
7/28/2023 21:45,2724.235236
7/28/2023 22:00,2724.235236
7/28/2023 22:15,2724.233487
7/28/2023 22:30,2724.231737
7/28/2023 22:45,2724.233487
7/28/2023 23:00,2724.235236
7/28/2023 23:15,2724.235236
7/28/2023 23:30,2724.236986
7/28/2023 23:45,2724.235236
7/29/2023 0:00,2724.236396
7/29/2023 0:15,2724.238145
7/29/2023 0:30,2724.239895
7/29/2023 0:45,2724.236396
7/29/2023 1:00,2724.238145
7/29/2023 1:15,2724.238735
7/29/2023 1:30,2724.236406
7/29/2023 1:45,2724.236406
7/29/2023 2:00,2724.236406
7/29/2023 2:15,2724.238155
7/29/2023 2:30,2724.235236
7/29/2023 2:45,2724.235236
7/29/2023 3:00,2724.236986
7/29/2023 3:15,2724.236986
7/29/2023 3:30,2724.236986
7/29/2023 3:45,2724.238735
7/29/2023 4:00,2724.236986
7/29/2023 4:15,2724.236986
7/29/2023 4:30,2724.236986
7/29/2023 4:45,2724.236986
7/29/2023 5:00,2724.239905
7/29/2023 5:15,2724.235236
7/29/2023 5:30,2724.235236
7/29/2023 5:45,2724.236986
7/29/2023 6:00,2724.236396
7/29/2023 6:15,2724.236986
7/29/2023 6:30,2724.236986
7/29/2023 6:45,2724.236396
7/29/2023 7:00,2724.235236
7/29/2023 7:15,2724.236986
7/29/2023 7:30,2724.239315
7/29/2023 7:45,2724.238155
7/29/2023 8:00,2724.236406
7/29/2023 8:15,2724.238155
7/29/2023 8:30,2724.238155
7/29/2023 8:45,2724.237575
7/29/2023 9:00,2724.237575
7/29/2023 9:15,2724.238155
7/29/2023 9:30,2724.236406
7/29/2023 9:45,2724.238155
7/29/2023 10:00,2724.233487
7/29/2023 10:15,2724.233487
7/29/2023 10:30,2724.232907
7/29/2023 10:45,2724.231737
7/29/2023 11:00,2724.236406
7/29/2023 11:15,2724.233487
7/29/2023 11:30,2724.234646
7/29/2023 11:45,2724.231737
7/29/2023 12:00,2724.233487
7/29/2023 12:15,2724.233487
7/29/2023 12:30,2724.231737
7/29/2023 12:45,2724.232317
7/29/2023 13:00,2724.230568
7/29/2023 13:15,2724.233487
7/29/2023 13:30,2724.236986
7/29/2023 13:45,2724.247482
7/29/2023 14:00,2724.245733
7/29/2023 14:15,2724.249231
7/29/2023 14:30,2724.249231
7/29/2023 14:45,2724.258568
7/29/2023 15:00,2724.270224
7/29/2023 15:15,2724.270224
7/29/2023 15:30,2724.273133
7/29/2023 15:45,2724.271974
7/29/2023 16:00,2724.270224
7/29/2023 16:15,2724.267305
7/29/2023 16:30,2724.266136
7/29/2023 16:45,2724.260887
7/29/2023 17:00,2724.259728
7/29/2023 17:15,2724.257978
7/29/2023 17:30,2724.256229
7/29/2023 17:45,2724.255059
7/29/2023 18:00,2724.25215
7/29/2023 18:15,2724.250401
7/29/2023 18:30,2724.250401
7/29/2023 18:45,2724.248652
7/29/2023 19:00,2724.249231
7/29/2023 19:15,2724.250401
7/29/2023 19:30,2724.248652
7/29/2023 19:45,2724.250401
7/29/2023 20:00,2724.248652
7/29/2023 20:15,2724.247482
7/29/2023 20:30,2724.244563
7/29/2023 20:45,2724.245733
7/29/2023 21:00,2724.245733
7/29/2023 21:15,2724.245733
7/29/2023 21:30,2724.246322
7/29/2023 21:45,2724.245733
7/29/2023 22:00,2724.243983
7/29/2023 22:15,2724.244563
7/29/2023 22:30,2724.244563
7/29/2023 22:45,2724.242814
7/29/2023 23:00,2724.243983
7/29/2023 23:15,2724.243983
7/29/2023 23:30,2724.242824
7/29/2023 23:45,2724.242814
7/30/2023 0:00,2724.242814
7/30/2023 0:15,2724.243983
7/30/2023 0:30,2724.242234
7/30/2023 0:45,2724.244563
7/30/2023 1:00,2724.244563
7/30/2023 1:15,2724.243983
7/30/2023 1:30,2724.242824
7/30/2023 1:45,2724.242814
7/30/2023 2:00,2724.244563
7/30/2023 2:15,2724.243983
7/30/2023 2:30,2724.242824
7/30/2023 2:45,2724.242824
7/30/2023 3:00,2724.244573
7/30/2023 3:15,2724.242824
7/30/2023 3:30,2724.242814
7/30/2023 3:45,2724.242814
7/30/2023 4:00,2724.242814
7/30/2023 4:15,2724.244563
7/30/2023 4:30,2724.242814
7/30/2023 4:45,2724.242814
7/30/2023 5:00,2724.244563
7/30/2023 5:15,2724.241064
7/30/2023 5:30,2724.242814
7/30/2023 5:45,2724.241064
7/30/2023 6:00,2724.242814
7/30/2023 6:15,2724.242814
7/30/2023 6:30,2724.242824
7/30/2023 6:45,2724.243983
7/30/2023 7:00,2724.242824
7/30/2023 7:15,2724.239905
7/30/2023 7:30,2724.241654
7/30/2023 7:45,2724.241074
7/30/2023 8:00,2724.241074
7/30/2023 8:15,2724.241654
7/30/2023 8:30,2724.241064
7/30/2023 8:45,2724.242814
7/30/2023 9:00,2724.241064
7/30/2023 9:15,2724.239905
7/30/2023 9:30,2724.241074
7/30/2023 9:45,2724.242814
7/30/2023 10:00,2724.243983
7/30/2023 10:15,2724.241064
7/30/2023 10:30,2724.241064
7/30/2023 10:45,2724.241074
7/30/2023 11:00,2724.239905
7/30/2023 11:15,2724.236406
7/30/2023 11:30,2724.241064
7/30/2023 11:45,2724.236396
7/30/2023 12:00,2724.239895
7/30/2023 12:15,2724.241644
7/30/2023 12:30,2724.239315
7/30/2023 12:45,2724.236406
7/30/2023 13:00,2724.238155
7/30/2023 13:15,2724.235236
7/30/2023 13:30,2724.239905
7/30/2023 13:45,2724.239905
7/30/2023 14:00,2724.238155
7/30/2023 14:15,2724.236406
7/30/2023 14:30,2724.239905
7/30/2023 14:45,2724.238155
7/30/2023 15:00,2724.238155
7/30/2023 15:15,2724.241654
7/30/2023 15:30,2724.236986
7/30/2023 15:45,2724.238145
7/30/2023 16:00,2724.239895
7/30/2023 16:15,2724.236986
7/30/2023 16:30,2724.234067
7/30/2023 16:45,2724.236986
7/30/2023 17:00,2724.236986
7/30/2023 17:15,2724.239905
7/30/2023 17:30,2724.236986
7/30/2023 17:45,2724.235816
7/30/2023 18:00,2724.236986
7/30/2023 18:15,2724.236986
7/30/2023 18:30,2724.236986
7/30/2023 18:45,2724.238735
7/30/2023 19:00,2724.235236
7/30/2023 19:15,2724.235236
7/30/2023 19:30,2724.236406
7/30/2023 19:45,2724.235236
7/30/2023 20:00,2724.236406
7/30/2023 20:15,2724.235236
7/30/2023 20:30,2724.239905
7/30/2023 20:45,2724.236986
7/30/2023 21:00,2724.236986
7/30/2023 21:15,2724.238145
7/30/2023 21:30,2724.235236
7/30/2023 21:45,2724.236986
7/30/2023 22:00,2724.236986
7/30/2023 22:15,2724.238735
7/30/2023 22:30,2724.236986
7/30/2023 22:45,2724.236986
7/30/2023 23:00,2724.239905
7/30/2023 23:15,2724.239905
7/30/2023 23:30,2724.238155
7/30/2023 23:45,2724.241654
7/31/2023 0:00,2724.238155
7/31/2023 0:15,2724.236986
7/31/2023 0:30,2724.238155
7/31/2023 0:45,2724.236986
7/31/2023 1:00,2724.239905
7/31/2023 1:15,2724.238155
7/31/2023 1:30,2724.238155
7/31/2023 1:45,2724.239905
7/31/2023 2:00,2724.239895
7/31/2023 2:15,2724.240484
7/31/2023 2:30,2724.240484
7/31/2023 2:45,2724.241654
7/31/2023 3:00,2724.238155
7/31/2023 3:15,2724.239905
7/31/2023 3:30,2724.239905
7/31/2023 3:45,2724.239905
7/31/2023 4:00,2724.239905
7/31/2023 4:15,2724.238155
7/31/2023 4:30,2724.239905
7/31/2023 4:45,2724.239905
7/31/2023 5:00,2724.238735
7/31/2023 5:15,2724.242814
7/31/2023 5:30,2724.238145
7/31/2023 5:45,2724.239895
7/31/2023 6:00,2724.241644
7/31/2023 6:15,2724.241644
7/31/2023 6:30,2724.239895
7/31/2023 6:45,2724.238145
7/31/2023 7:00,2724.239895
7/31/2023 7:15,2724.238145
7/31/2023 7:30,2724.239895
7/31/2023 7:45,2724.238155
7/31/2023 8:00,2724.239905
7/31/2023 8:15,2724.238155
7/31/2023 8:30,2724.238155
7/31/2023 8:45,2724.239905
7/31/2023 9:00,2724.238155
7/31/2023 9:15,2724.238155
7/31/2023 9:30,2724.238155
7/31/2023 9:45,2724.238155
7/31/2023 10:00,2724.238155
7/31/2023 10:15,2724.236406
7/31/2023 10:30,2724.236406
7/31/2023 10:45,2724.235236
7/31/2023 11:00,2724.236396
7/31/2023 11:15,2724.236396
7/31/2023 11:30,2724.232327
7/31/2023 11:45,2724.235236
7/31/2023 12:00,2724.233487
7/31/2023 12:15,2724.235236
7/31/2023 12:30,2724.232317
7/31/2023 12:45,2724.234067
7/31/2023 13:00,2724.233487
7/31/2023 13:15,2724.232317
7/31/2023 13:30,2724.233487
7/31/2023 13:45,2724.230578
7/31/2023 14:00,2724.235236
7/31/2023 14:15,2724.232327
7/31/2023 14:30,2724.232317
7/31/2023 14:45,2724.234067
7/31/2023 15:00,2724.234067
7/31/2023 15:15,2724.232317
7/31/2023 15:30,2724.231148
7/31/2023 15:45,2724.232317
7/31/2023 16:00,2724.232317
7/31/2023 16:15,2724.230568
7/31/2023 16:30,2724.234067
7/31/2023 16:45,2724.232907
7/31/2023 17:00,2724.232907
7/31/2023 17:15,2724.231158
7/31/2023 17:30,2724.235826
7/31/2023 17:45,2724.232327
7/31/2023 18:00,2724.232327
7/31/2023 18:15,2724.235826
7/31/2023 18:30,2724.229408
7/31/2023 18:45,2724.229408
7/31/2023 19:00,2724.234067
7/31/2023 19:15,2724.234067
7/31/2023 19:30,2724.230568
7/31/2023 19:45,2724.232317
7/31/2023 20:00,2724.234067
7/31/2023 20:15,2724.232317
7/31/2023 20:30,2724.235816
7/31/2023 20:45,2724.233487
7/31/2023 21:00,2724.232327
7/31/2023 21:15,2724.230578
7/31/2023 21:30,2724.235236
7/31/2023 21:45,2724.234077
7/31/2023 22:00,2724.232327
7/31/2023 22:15,2724.232327
7/31/2023 22:30,2724.233487
7/31/2023 22:45,2724.233487
7/31/2023 23:00,2724.235236
7/31/2023 23:15,2724.235236
7/31/2023 23:30,2724.236986
7/31/2023 23:45,2724.235816
8/1/2023 0:00,2724.235236
8/1/2023 0:15,2724.235236
8/1/2023 0:30,2724.235816
8/1/2023 0:45,2724.236986
8/1/2023 1:00,2724.235236
8/1/2023 1:15,2724.233487
8/1/2023 1:30,2724.236986
8/1/2023 1:45,2724.235816
8/1/2023 2:00,2724.235236
8/1/2023 2:15,2724.235236
8/1/2023 2:30,2724.236986
8/1/2023 2:45,2724.235236
8/1/2023 3:00,2724.236986
8/1/2023 3:15,2724.235236
8/1/2023 3:30,2724.234067
8/1/2023 3:45,2724.236986
8/1/2023 4:00,2724.235816
8/1/2023 4:15,2724.235236
8/1/2023 4:30,2724.236986
8/1/2023 4:45,2724.235236
8/1/2023 5:00,2724.236986
8/1/2023 5:15,2724.236986
8/1/2023 5:30,2724.234067
8/1/2023 5:45,2724.236986
8/1/2023 6:00,2724.238155
8/1/2023 6:15,2724.235236
8/1/2023 6:30,2724.236986
8/1/2023 6:45,2724.236986
8/1/2023 7:00,2724.238155
8/1/2023 7:15,2724.241074
8/1/2023 7:30,2724.238735
8/1/2023 7:45,2724.238735
8/1/2023 8:00,2724.239905
8/1/2023 8:15,2724.238155
8/1/2023 8:30,2724.239905
8/1/2023 8:45,2724.235236
8/1/2023 9:00,2724.238155
8/1/2023 9:15,2724.236986
8/1/2023 9:30,2724.238155
8/1/2023 9:45,2724.238155
8/1/2023 10:00,2724.236986
8/1/2023 10:15,2724.236986
8/1/2023 10:30,2724.236986
8/1/2023 10:45,2724.234656
8/1/2023 11:00,2724.238155
8/1/2023 11:15,2724.236406
8/1/2023 11:30,2724.236406
8/1/2023 11:45,2724.236406
8/1/2023 12:00,2724.236406
8/1/2023 12:15,2724.236406
8/1/2023 12:30,2724.235236
8/1/2023 12:45,2724.236986
8/1/2023 13:00,2724.235236
8/1/2023 13:15,2724.231737
8/1/2023 13:30,2724.235816
8/1/2023 13:45,2724.235816
8/1/2023 14:00,2724.233487
8/1/2023 14:15,2724.235816
8/1/2023 14:30,2724.231737
8/1/2023 14:45,2724.233487
8/1/2023 15:00,2724.235236
8/1/2023 15:15,2724.235236
8/1/2023 15:30,2724.235826
8/1/2023 15:45,2724.235236
8/1/2023 16:00,2724.234067
8/1/2023 16:15,2724.234067
8/1/2023 16:30,2724.234067
8/1/2023 16:45,2724.234067
8/1/2023 17:00,2724.232907
8/1/2023 17:15,2724.234067
8/1/2023 17:30,2724.234067
8/1/2023 17:45,2724.235236
8/1/2023 18:00,2724.235826
8/1/2023 18:15,2724.235826
8/1/2023 18:30,2724.236986
8/1/2023 18:45,2724.236986
8/1/2023 19:00,2724.240484
8/1/2023 19:15,2724.240484
8/1/2023 19:30,2724.241644
8/1/2023 19:45,2724.236986
8/1/2023 20:00,2724.236986
8/1/2023 20:15,2724.236986
8/1/2023 20:30,2724.235236
8/1/2023 20:45,2724.239905
8/1/2023 21:00,2724.236986
8/1/2023 21:15,2724.238155
8/1/2023 21:30,2724.236406
8/1/2023 21:45,2724.235236
8/1/2023 22:00,2724.236986
8/1/2023 22:15,2724.238735
8/1/2023 22:30,2724.236986
8/1/2023 22:45,2724.236986
8/1/2023 23:00,2724.239905
8/1/2023 23:15,2724.238735
8/1/2023 23:30,2724.236986
8/1/2023 23:45,2724.238735
8/2/2023 0:00,2724.238735
8/2/2023 0:15,2724.236986
8/2/2023 0:30,2724.236986
8/2/2023 0:45,2724.236986
8/2/2023 1:00,2724.236986
8/2/2023 1:15,2724.236986
8/2/2023 1:30,2724.236986
8/2/2023 1:45,2724.236986
8/2/2023 2:00,2724.236986
8/2/2023 2:15,2724.238735
8/2/2023 2:30,2724.236986
8/2/2023 2:45,2724.238735
8/2/2023 3:00,2724.236986
8/2/2023 3:15,2724.239905
8/2/2023 3:30,2724.236986
8/2/2023 3:45,2724.238155
8/2/2023 4:00,2724.236986
8/2/2023 4:15,2724.239905
8/2/2023 4:30,2724.238735
8/2/2023 4:45,2724.238155
8/2/2023 5:00,2724.236986
8/2/2023 5:15,2724.238735
8/2/2023 5:30,2724.236986
8/2/2023 5:45,2724.236986
8/2/2023 6:00,2724.239905
8/2/2023 6:15,2724.235816
8/2/2023 6:30,2724.238735
8/2/2023 6:45,2724.238735
8/2/2023 7:00,2724.238155
8/2/2023 7:15,2724.236986
8/2/2023 7:30,2724.235236
8/2/2023 7:45,2724.236986
8/2/2023 8:00,2724.236986
8/2/2023 8:15,2724.236986
8/2/2023 8:30,2724.236986
8/2/2023 8:45,2724.236406
8/2/2023 9:00,2724.236406
8/2/2023 9:15,2724.236406
8/2/2023 9:30,2724.236986
8/2/2023 9:45,2724.236986
8/2/2023 10:00,2724.235236
8/2/2023 10:15,2724.235236
8/2/2023 10:30,2724.236406
8/2/2023 10:45,2724.236406
8/2/2023 11:00,2724.236406
8/2/2023 11:15,2724.232317
8/2/2023 11:30,2724.231737
8/2/2023 11:45,2724.236986
8/2/2023 12:00,2724.230568
8/2/2023 12:15,2724.236396
8/2/2023 12:30,2724.233487
8/2/2023 12:45,2724.230578
8/2/2023 13:00,2724.231158
8/2/2023 13:15,2724.230568
8/2/2023 13:30,2724.233487
8/2/2023 13:45,2724.228818
8/2/2023 14:00,2724.233487
8/2/2023 14:15,2724.231148
8/2/2023 14:30,2724.231148
8/2/2023 14:45,2724.232897
8/2/2023 15:00,2724.231148
8/2/2023 15:15,2724.232897
8/2/2023 15:30,2724.232317
8/2/2023 15:45,2724.232317
8/2/2023 16:00,2724.232907
8/2/2023 16:15,2724.231158
8/2/2023 16:30,2724.235236
8/2/2023 16:45,2724.232907
8/2/2023 17:00,2724.231158
8/2/2023 17:15,2724.231158
8/2/2023 17:30,2724.234077
8/2/2023 17:45,2724.232907
8/2/2023 18:00,2724.232907
8/2/2023 18:15,2724.232317
8/2/2023 18:30,2724.232907
8/2/2023 18:45,2724.234077
8/2/2023 19:00,2724.231158
8/2/2023 19:15,2724.231148
8/2/2023 19:30,2724.234077
8/2/2023 19:45,2724.239905
8/2/2023 20:00,2724.239905
8/2/2023 20:15,2724.239895
8/2/2023 20:30,2724.238735
8/2/2023 20:45,2724.237565
8/2/2023 21:00,2724.235236
8/2/2023 21:15,2724.238735
8/2/2023 21:30,2724.238735
8/2/2023 21:45,2724.236986
8/2/2023 22:00,2724.239905
8/2/2023 22:15,2724.238155
8/2/2023 22:30,2724.239905
8/2/2023 22:45,2724.236986
8/2/2023 23:00,2724.236986
8/2/2023 23:15,2724.238735
8/2/2023 23:30,2724.237565
8/2/2023 23:45,2724.240484
8/3/2023 0:00,2724.238155
8/3/2023 0:15,2724.238735
8/3/2023 0:30,2724.239895
8/3/2023 0:45,2724.238735
8/3/2023 1:00,2724.238155
8/3/2023 1:15,2724.238735
8/3/2023 1:30,2724.237565
8/3/2023 1:45,2724.240484
8/3/2023 2:00,2724.238155
8/3/2023 2:15,2724.239905
8/3/2023 2:30,2724.235826
8/3/2023 2:45,2724.238735
8/3/2023 3:00,2724.238735
8/3/2023 3:15,2724.236986
8/3/2023 3:30,2724.238735
8/3/2023 3:45,2724.238155
8/3/2023 4:00,2724.240484
8/3/2023 4:15,2724.238735
8/3/2023 4:30,2724.238735
8/3/2023 4:45,2724.240484
8/3/2023 5:00,2724.238155
8/3/2023 5:15,2724.238155
8/3/2023 5:30,2724.235236
8/3/2023 5:45,2724.236986
8/3/2023 6:00,2724.238735
8/3/2023 6:15,2724.238735
8/3/2023 6:30,2724.236986
8/3/2023 6:45,2724.236986
8/3/2023 7:00,2724.238735
8/3/2023 7:15,2724.236986
8/3/2023 7:30,2724.235236
8/3/2023 7:45,2724.235236
8/3/2023 8:00,2724.235236
8/3/2023 8:15,2724.235236
8/3/2023 8:30,2724.235826
8/3/2023 8:45,2724.234077
8/3/2023 9:00,2724.235826
8/3/2023 9:15,2724.236986
8/3/2023 9:30,2724.234077
8/3/2023 9:45,2724.235826
8/3/2023 10:00,2724.234077
8/3/2023 10:15,2724.235826
8/3/2023 10:30,2724.234077
8/3/2023 10:45,2724.232327
8/3/2023 11:00,2724.235236
8/3/2023 11:15,2724.236396
8/3/2023 11:30,2724.234077
8/3/2023 11:45,2724.230578
8/3/2023 12:00,2724.232327
8/3/2023 12:15,2724.232317
8/3/2023 12:30,2724.232317
8/3/2023 12:45,2724.228818
8/3/2023 13:00,2724.227649
8/3/2023 13:15,2724.231148
8/3/2023 13:30,2724.227649
8/3/2023 13:45,2724.228239
8/3/2023 14:00,2724.230568
8/3/2023 14:15,2724.229408
8/3/2023 14:30,2724.227659
8/3/2023 14:45,2724.229408
8/3/2023 15:00,2724.232907
8/3/2023 15:15,2724.226489
8/3/2023 15:30,2724.228239
8/3/2023 15:45,2724.226489
8/3/2023 16:00,2724.227659
8/3/2023 16:15,2724.22532
8/3/2023 16:30,2724.229408
8/3/2023 16:45,2724.228239
8/3/2023 17:00,2724.229988
8/3/2023 17:15,2724.227649
8/3/2023 17:30,2724.229398
8/3/2023 17:45,2724.226489
8/3/2023 18:00,2724.226489
8/3/2023 18:15,2724.231148
8/3/2023 18:30,2724.228239
8/3/2023 18:45,2724.227649
8/3/2023 19:00,2724.228239
8/3/2023 19:15,2724.227649
8/3/2023 19:30,2724.231148
8/3/2023 19:45,2724.229398
8/3/2023 20:00,2724.229988
8/3/2023 20:15,2724.228239
8/3/2023 20:30,2724.228239
8/3/2023 20:45,2724.228239
8/3/2023 21:00,2724.230578
8/3/2023 21:15,2724.230578
8/3/2023 21:30,2724.231158
8/3/2023 21:45,2724.232907
8/3/2023 22:00,2724.232907
8/3/2023 22:15,2724.232907
8/3/2023 22:30,2724.232907
8/3/2023 22:45,2724.230578
8/3/2023 23:00,2724.231158
8/3/2023 23:15,2724.230578
8/3/2023 23:30,2724.232327
8/3/2023 23:45,2724.234077
8/4/2023 0:00,2724.231158
8/4/2023 0:15,2724.232907
8/4/2023 0:30,2724.231158
8/4/2023 0:45,2724.231158
8/4/2023 1:00,2724.232907
8/4/2023 1:15,2724.230568
8/4/2023 1:30,2724.230568
8/4/2023 1:45,2724.234067
8/4/2023 2:00,2724.232317
8/4/2023 2:15,2724.234067
8/4/2023 2:30,2724.230568
8/4/2023 2:45,2724.234067
8/4/2023 3:00,2724.234067
8/4/2023 3:15,2724.232317
8/4/2023 3:30,2724.232317
8/4/2023 3:45,2724.234077
8/4/2023 4:00,2724.234077
8/4/2023 4:15,2724.231158
8/4/2023 4:30,2724.232327
8/4/2023 4:45,2724.232327
8/4/2023 5:00,2724.232907
8/4/2023 5:15,2724.232327
8/4/2023 5:30,2724.232907
8/4/2023 5:45,2724.234067
8/4/2023 6:00,2724.236986
8/4/2023 6:15,2724.234067
8/4/2023 6:30,2724.234067
8/4/2023 6:45,2724.234067
8/4/2023 7:00,2724.233487
8/4/2023 7:15,2724.234067
8/4/2023 7:30,2724.232317
8/4/2023 7:45,2724.234067
8/4/2023 8:00,2724.233487
8/4/2023 8:15,2724.232327
8/4/2023 8:30,2724.232327
8/4/2023 8:45,2724.235236
8/4/2023 9:00,2724.233487
8/4/2023 9:15,2724.233487
8/4/2023 9:30,2724.231158
8/4/2023 9:45,2724.233487
8/4/2023 10:00,2724.231158
8/4/2023 10:15,2724.230578
8/4/2023 10:30,2724.230578
8/4/2023 10:45,2724.228828
8/4/2023 11:00,2724.231737
8/4/2023 11:15,2724.231737
8/4/2023 11:30,2724.230568
8/4/2023 11:45,2724.230568
8/4/2023 12:00,2724.229398
8/4/2023 12:15,2724.230568
8/4/2023 12:30,2724.227649
8/4/2023 12:45,2724.229408
8/4/2023 13:00,2724.228818
8/4/2023 13:15,2724.227659
8/4/2023 13:30,2724.229408
8/4/2023 13:45,2724.22474
8/4/2023 14:00,2724.228239
8/4/2023 14:15,2724.229408
8/4/2023 14:30,2724.229408
8/4/2023 14:45,2724.227659
8/4/2023 15:00,2724.226489
8/4/2023 15:15,2724.229398
8/4/2023 15:30,2724.226489
8/4/2023 15:45,2724.226489
8/4/2023 16:00,2724.227649
8/4/2023 16:15,2724.229408
8/4/2023 16:30,2724.226489
8/4/2023 16:45,2724.229988
8/4/2023 17:00,2724.228239
8/4/2023 17:15,2724.228239
8/4/2023 17:30,2724.228239
8/4/2023 17:45,2724.228239
8/4/2023 18:00,2724.228239
8/4/2023 18:15,2724.229408
8/4/2023 18:30,2724.229988
8/4/2023 18:45,2724.228239
8/4/2023 19:00,2724.228239
8/4/2023 19:15,2724.229408
8/4/2023 19:30,2724.232907
8/4/2023 19:45,2724.229408
8/4/2023 20:00,2724.227659
8/4/2023 20:15,2724.228239
8/4/2023 20:30,2724.231158
8/4/2023 20:45,2724.231148
8/4/2023 21:00,2724.232897
8/4/2023 21:15,2724.230568
8/4/2023 21:30,2724.229398
8/4/2023 21:45,2724.229988
8/4/2023 22:00,2724.231158
8/4/2023 22:15,2724.229408
8/4/2023 22:30,2724.232907
8/4/2023 22:45,2724.231158
8/4/2023 23:00,2724.231158
8/4/2023 23:15,2724.232907
8/4/2023 23:30,2724.231158
8/4/2023 23:45,2724.231158
8/5/2023 0:00,2724.232907
8/5/2023 0:15,2724.231158
8/5/2023 0:30,2724.231158
8/5/2023 0:45,2724.232907
8/5/2023 1:00,2724.234067
8/5/2023 1:15,2724.232317
8/5/2023 1:30,2724.234067
8/5/2023 1:45,2724.232317
8/5/2023 2:00,2724.232897
8/5/2023 2:15,2724.234067
8/5/2023 2:30,2724.234067
8/5/2023 2:45,2724.232317
8/5/2023 3:00,2724.234067
8/5/2023 3:15,2724.232317
8/5/2023 3:30,2724.232907
8/5/2023 3:45,2724.234077
8/5/2023 4:00,2724.234077
8/5/2023 4:15,2724.234077
8/5/2023 4:30,2724.232907
8/5/2023 4:45,2724.234077
8/5/2023 5:00,2724.235826
8/5/2023 5:15,2724.232327
8/5/2023 5:30,2724.232327
8/5/2023 5:45,2724.232327
8/5/2023 6:00,2724.232327
8/5/2023 6:15,2724.234077
8/5/2023 6:30,2724.234077
8/5/2023 6:45,2724.234067
8/5/2023 7:00,2724.232317
8/5/2023 7:15,2724.232317
8/5/2023 7:30,2724.234067
8/5/2023 7:45,2724.232317
8/5/2023 8:00,2724.232317
8/5/2023 8:15,2724.232317
8/5/2023 8:30,2724.228818
8/5/2023 8:45,2724.230568
8/5/2023 9:00,2724.232317
8/5/2023 9:15,2724.230568
8/5/2023 9:30,2724.230568
8/5/2023 9:45,2724.228818
8/5/2023 10:00,2724.232317
8/5/2023 10:15,2724.229408
8/5/2023 10:30,2724.232317
8/5/2023 10:45,2724.230568
8/5/2023 11:00,2724.227659
8/5/2023 11:15,2724.228818
8/5/2023 11:30,2724.228818
8/5/2023 11:45,2724.225909
8/5/2023 12:00,2724.227659
8/5/2023 12:15,2724.225899
8/5/2023 12:30,2724.22415
8/5/2023 12:45,2724.227649
8/5/2023 13:00,2724.225899
8/5/2023 13:15,2724.22415
8/5/2023 13:30,2724.229408
8/5/2023 13:45,2724.226489
8/5/2023 14:00,2724.225909
8/5/2023 14:15,2724.22474
8/5/2023 14:30,2724.226489
8/5/2023 14:45,2724.225909
8/5/2023 15:00,2724.226489
8/5/2023 15:15,2724.226489
8/5/2023 15:30,2724.225909
8/5/2023 15:45,2724.226489
8/5/2023 16:00,2724.221831
8/5/2023 16:15,2724.22474
8/5/2023 16:30,2724.22299
8/5/2023 16:45,2724.22474
8/5/2023 17:00,2724.22532
8/5/2023 17:15,2724.226489
8/5/2023 17:30,2724.226489
8/5/2023 17:45,2724.22358
8/5/2023 18:00,2724.22533
8/5/2023 18:15,2724.22358
8/5/2023 18:30,2724.22533
8/5/2023 18:45,2724.227649
8/5/2023 19:00,2724.22474
8/5/2023 19:15,2724.221831
8/5/2023 19:30,2724.228239
8/5/2023 19:45,2724.226489
8/5/2023 20:00,2724.22474
8/5/2023 20:15,2724.228239
8/5/2023 20:30,2724.22474
8/5/2023 20:45,2724.229408
8/5/2023 21:00,2724.228239
8/5/2023 21:15,2724.226489
8/5/2023 21:30,2724.229408
8/5/2023 21:45,2724.229408
8/5/2023 22:00,2724.227659
8/5/2023 22:15,2724.232907
8/5/2023 22:30,2724.231158
8/5/2023 22:45,2724.227659
8/5/2023 23:00,2724.231158
8/5/2023 23:15,2724.227659
8/5/2023 23:30,2724.229408
8/5/2023 23:45,2724.231158
8/6/2023 0:00,2724.231158
8/6/2023 0:15,2724.229408
8/6/2023 0:30,2724.231158
8/6/2023 0:45,2724.231158
8/6/2023 1:00,2724.232907
8/6/2023 1:15,2724.232327
8/6/2023 1:30,2724.230578
8/6/2023 1:45,2724.229408
8/6/2023 2:00,2724.230578
8/6/2023 2:15,2724.229408
8/6/2023 2:30,2724.229408
8/6/2023 2:45,2724.229408
8/6/2023 3:00,2724.230578
8/6/2023 3:15,2724.230578
8/6/2023 3:30,2724.230578
8/6/2023 3:45,2724.230578
8/6/2023 4:00,2724.230578
8/6/2023 4:15,2724.232327
8/6/2023 4:30,2724.229408
8/6/2023 4:45,2724.231158
8/6/2023 5:00,2724.230568
8/6/2023 5:15,2724.230568
8/6/2023 5:30,2724.229398
8/6/2023 5:45,2724.230568
8/6/2023 6:00,2724.232907
8/6/2023 6:15,2724.232327
8/6/2023 6:30,2724.232327
8/6/2023 6:45,2724.232327
8/6/2023 7:00,2724.232327
8/6/2023 7:15,2724.232327
8/6/2023 7:30,2724.232907
8/6/2023 7:45,2724.234077
8/6/2023 8:00,2724.232317
8/6/2023 8:15,2724.231158
8/6/2023 8:30,2724.229408
8/6/2023 8:45,2724.231158
8/6/2023 9:00,2724.232327
8/6/2023 9:15,2724.232327
8/6/2023 9:30,2724.233487
8/6/2023 9:45,2724.232327
8/6/2023 10:00,2724.232327
8/6/2023 10:15,2724.231158
8/6/2023 10:30,2724.231737
8/6/2023 10:45,2724.230568
8/6/2023 11:00,2724.229408
8/6/2023 11:15,2724.228828
8/6/2023 11:30,2724.225909
8/6/2023 11:45,2724.225909
8/6/2023 12:00,2724.225909
8/6/2023 12:15,2724.22299
8/6/2023 12:30,2724.225909
8/6/2023 12:45,2724.22299
8/6/2023 13:00,2724.22299
8/6/2023 13:15,2724.219492
8/6/2023 13:30,2724.226489
8/6/2023 13:45,2724.227649
8/6/2023 14:00,2724.22474
8/6/2023 14:15,2724.226489
8/6/2023 14:30,2724.22299
8/6/2023 14:45,2724.22474
8/6/2023 15:00,2724.22474
8/6/2023 15:15,2724.227659
8/6/2023 15:30,2724.221821
8/6/2023 15:45,2724.226489
8/6/2023 16:00,2724.221821
8/6/2023 16:15,2724.22474
8/6/2023 16:30,2724.22474
8/6/2023 16:45,2724.22357
8/6/2023 17:00,2724.22299
8/6/2023 17:15,2724.22299
8/6/2023 17:30,2724.22474
8/6/2023 17:45,2724.22474
8/6/2023 18:00,2724.226489
8/6/2023 18:15,2724.22358
8/6/2023 18:30,2724.22533
8/6/2023 18:45,2724.22358
8/6/2023 19:00,2724.226489
8/6/2023 19:15,2724.22474
8/6/2023 19:30,2724.22357
8/6/2023 19:45,2724.22357
8/6/2023 20:00,2724.22474
8/6/2023 20:15,2724.22299
8/6/2023 20:30,2724.227659
8/6/2023 20:45,2724.226489
8/6/2023 21:00,2724.226489
8/6/2023 21:15,2724.227649
8/6/2023 21:30,2724.227649
8/6/2023 21:45,2724.227659
8/6/2023 22:00,2724.229408
8/6/2023 22:15,2724.229408
8/6/2023 22:30,2724.229408
8/6/2023 22:45,2724.229408
8/6/2023 23:00,2724.227659
8/6/2023 23:15,2724.231158
8/6/2023 23:30,2724.231158
8/6/2023 23:45,2724.229408
8/7/2023 0:00,2724.229408
8/7/2023 0:15,2724.231158
8/7/2023 0:30,2724.231158
8/7/2023 0:45,2724.229408
8/7/2023 1:00,2724.230568
8/7/2023 1:15,2724.229408
8/7/2023 1:30,2724.231158
8/7/2023 1:45,2724.230568
8/7/2023 2:00,2724.230568
8/7/2023 2:15,2724.230568
8/7/2023 2:30,2724.230568
8/7/2023 2:45,2724.230568
8/7/2023 3:00,2724.230568
8/7/2023 3:15,2724.228818
8/7/2023 3:30,2724.228818
8/7/2023 3:45,2724.228818
8/7/2023 4:00,2724.227649
8/7/2023 4:15,2724.229398
8/7/2023 4:30,2724.231148
8/7/2023 4:45,2724.229398
8/7/2023 5:00,2724.229408
8/7/2023 5:15,2724.231158
8/7/2023 5:30,2724.230568
8/7/2023 5:45,2724.229398
8/7/2023 6:00,2724.230568
8/7/2023 6:15,2724.232317
8/7/2023 6:30,2724.231158
8/7/2023 6:45,2724.230578
8/7/2023 7:00,2724.231158
8/7/2023 7:15,2724.230578
8/7/2023 7:30,2724.228828
8/7/2023 7:45,2724.231158
8/7/2023 8:00,2724.232317
8/7/2023 8:15,2724.232327
8/7/2023 8:30,2724.232317
8/7/2023 8:45,2724.231158
8/7/2023 9:00,2724.231737
8/7/2023 9:15,2724.228818
8/7/2023 9:30,2724.231158
8/7/2023 9:45,2724.230568
8/7/2023 10:00,2724.230568
8/7/2023 10:15,2724.230568
8/7/2023 10:30,2724.230568
8/7/2023 10:45,2724.230568
8/7/2023 11:00,2724.230578
8/7/2023 11:15,2724.232327
8/7/2023 11:30,2724.232317
8/7/2023 11:45,2724.227649
8/7/2023 12:00,2724.230568
8/7/2023 12:15,2724.228818
8/7/2023 12:30,2724.230578
8/7/2023 12:45,2724.229408
8/7/2023 13:00,2724.230568
8/7/2023 13:15,2724.230568
8/7/2023 13:30,2724.230568
8/7/2023 13:45,2724.230578
8/7/2023 14:00,2724.230578
8/7/2023 14:15,2724.229398
8/7/2023 14:30,2724.227659
8/7/2023 14:45,2724.228239
8/7/2023 15:00,2724.231158
8/7/2023 15:15,2724.229408
8/7/2023 15:30,2724.229408
8/7/2023 15:45,2724.22532
8/7/2023 16:00,2724.229408
8/7/2023 16:15,2724.226489
8/7/2023 16:30,2724.228239
8/7/2023 16:45,2724.228239
8/7/2023 17:00,2724.228239
8/7/2023 17:15,2724.229408
8/7/2023 17:30,2724.231158
8/7/2023 17:45,2724.226489
8/7/2023 18:00,2724.228239
8/7/2023 18:15,2724.225909
8/7/2023 18:30,2724.228239
8/7/2023 18:45,2724.231158
8/7/2023 19:00,2724.229408
8/7/2023 19:15,2724.230578
8/7/2023 19:30,2724.229408
8/7/2023 19:45,2724.227659
8/7/2023 20:00,2724.232907
8/7/2023 20:15,2724.231158
8/7/2023 20:30,2724.231158
8/7/2023 20:45,2724.229408
8/7/2023 21:00,2724.230568
8/7/2023 21:15,2724.230568
8/7/2023 21:30,2724.232317
8/7/2023 21:45,2724.229398
8/7/2023 22:00,2724.227649
8/7/2023 22:15,2724.232317
8/7/2023 22:30,2724.228818
8/7/2023 22:45,2724.231148
8/7/2023 23:00,2724.229398
8/7/2023 23:15,2724.231148
8/7/2023 23:30,2724.231148
8/7/2023 23:45,2724.230568
8/8/2023 0:00,2724.230568
8/8/2023 0:15,2724.229408
8/8/2023 0:30,2724.230568
8/8/2023 0:45,2724.230568
8/8/2023 1:00,2724.230568
8/8/2023 1:15,2724.232317
8/8/2023 1:30,2724.230568
8/8/2023 1:45,2724.232317
8/8/2023 2:00,2724.231158
8/8/2023 2:15,2724.231158
8/8/2023 2:30,2724.232907
8/8/2023 2:45,2724.229408
8/8/2023 3:00,2724.232907
8/8/2023 3:15,2724.231158
8/8/2023 3:30,2724.232317
8/8/2023 3:45,2724.230568
8/8/2023 4:00,2724.230568
8/8/2023 4:15,2724.232317
8/8/2023 4:30,2724.229408
8/8/2023 4:45,2724.232317
8/8/2023 5:00,2724.232317
8/8/2023 5:15,2724.232317
8/8/2023 5:30,2724.230568
8/8/2023 5:45,2724.229398
8/8/2023 6:00,2724.232317
8/8/2023 6:15,2724.232317
8/8/2023 6:30,2724.232317
8/8/2023 6:45,2724.234067
8/8/2023 7:00,2724.233487
8/8/2023 7:15,2724.232317
8/8/2023 7:30,2724.232317
8/8/2023 7:45,2724.232317
8/8/2023 8:00,2724.232317
8/8/2023 8:15,2724.232317
8/8/2023 8:30,2724.231148
8/8/2023 8:45,2724.230568
8/8/2023 9:00,2724.230568
8/8/2023 9:15,2724.230568
8/8/2023 9:30,2724.229398
8/8/2023 9:45,2724.233487
8/8/2023 10:00,2724.233487
8/8/2023 10:15,2724.230568
8/8/2023 10:30,2724.231148
8/8/2023 10:45,2724.232317
8/8/2023 11:00,2724.230568
8/8/2023 11:15,2724.232327
8/8/2023 11:30,2724.227659
8/8/2023 11:45,2724.229408
8/8/2023 12:00,2724.231158
8/8/2023 12:15,2724.232897
8/8/2023 12:30,2724.229988
8/8/2023 12:45,2724.229398
8/8/2023 13:00,2724.234067
8/8/2023 13:15,2724.232907
8/8/2023 13:30,2724.231158
8/8/2023 13:45,2724.229988
8/8/2023 14:00,2724.228239
8/8/2023 14:15,2724.229988
8/8/2023 14:30,2724.234077
8/8/2023 14:45,2724.232907
8/8/2023 15:00,2724.232907
8/8/2023 15:15,2724.229408
8/8/2023 15:30,2724.231158
8/8/2023 15:45,2724.229988
8/8/2023 16:00,2724.231737
8/8/2023 16:15,2724.229988
8/8/2023 16:30,2724.231148
8/8/2023 16:45,2724.231737
8/8/2023 17:00,2724.229988
8/8/2023 17:15,2724.232897
8/8/2023 17:30,2724.232317
8/8/2023 17:45,2724.232907
8/8/2023 18:00,2724.231158
8/8/2023 18:15,2724.232907
8/8/2023 18:30,2724.234656
8/8/2023 18:45,2724.231158
8/8/2023 19:00,2724.228239
8/8/2023 19:15,2724.228239
8/8/2023 19:30,2724.226489
8/8/2023 19:45,2724.229408
8/8/2023 20:00,2724.226489
8/8/2023 20:15,2724.229408
8/8/2023 20:30,2724.234077
8/8/2023 20:45,2724.235816
8/8/2023 21:00,2724.234656
8/8/2023 21:15,2724.235826
8/8/2023 21:30,2724.234067
8/8/2023 21:45,2724.234067
8/8/2023 22:00,2724.232907
8/8/2023 22:15,2724.232907
8/8/2023 22:30,2724.235826
8/8/2023 22:45,2724.235816
8/8/2023 23:00,2724.235816
8/8/2023 23:15,2724.235826
8/8/2023 23:30,2724.234656
8/8/2023 23:45,2724.236986
8/9/2023 0:00,2724.235816
8/9/2023 0:15,2724.236396
8/9/2023 0:30,2724.231148
8/9/2023 0:45,2724.232907
8/9/2023 1:00,2724.231158
8/9/2023 1:15,2724.232907
8/9/2023 1:30,2724.228239
8/9/2023 1:45,2724.231158
8/9/2023 2:00,2724.231158
8/9/2023 2:15,2724.231737
8/9/2023 2:30,2724.229988
8/9/2023 2:45,2724.229988
8/9/2023 3:00,2724.228239
8/9/2023 3:15,2724.228239
8/9/2023 3:30,2724.228239
8/9/2023 3:45,2724.228818
8/9/2023 4:00,2724.228818
8/9/2023 4:15,2724.228818
8/9/2023 4:30,2724.228818
8/9/2023 4:45,2724.228818
8/9/2023 5:00,2724.228239
8/9/2023 5:15,2724.229408
8/9/2023 5:30,2724.229408
8/9/2023 5:45,2724.227069
8/9/2023 6:00,2724.229988
8/9/2023 6:15,2724.228239
8/9/2023 6:30,2724.229988
8/9/2023 6:45,2724.229988
8/9/2023 7:00,2724.229988
8/9/2023 7:15,2724.228239
8/9/2023 7:30,2724.228239
8/9/2023 7:45,2724.228239
8/9/2023 8:00,2724.228239
8/9/2023 8:15,2724.228239
8/9/2023 8:30,2724.226489
8/9/2023 8:45,2724.228239
8/9/2023 9:00,2724.227079
8/9/2023 9:15,2724.227079
8/9/2023 9:30,2724.227079
8/9/2023 9:45,2724.228239
8/9/2023 10:00,2724.227079
8/9/2023 10:15,2724.228239
8/9/2023 10:30,2724.226489
8/9/2023 10:45,2724.22358
8/9/2023 11:00,2724.22474
8/9/2023 11:15,2724.22358
8/9/2023 11:30,2724.22533
8/9/2023 11:45,2724.22358
8/9/2023 12:00,2724.22474
8/9/2023 12:15,2724.22358
8/9/2023 12:30,2724.22358
8/9/2023 12:45,2724.22474
8/9/2023 13:00,2724.222411
8/9/2023 13:15,2724.22357
8/9/2023 13:30,2724.220071
8/9/2023 13:45,2724.221821
8/9/2023 14:00,2724.220651
8/9/2023 14:15,2724.22357
8/9/2023 14:30,2724.218912
8/9/2023 14:45,2724.218912
8/9/2023 15:00,2724.220661
8/9/2023 15:15,2724.217742
8/9/2023 15:30,2724.222411
8/9/2023 15:45,2724.220661
8/9/2023 16:00,2724.217742
8/9/2023 16:15,2724.219492
8/9/2023 16:30,2724.218912
8/9/2023 16:45,2724.217742
8/9/2023 17:00,2724.217742
8/9/2023 17:15,2724.221821
8/9/2023 17:30,2724.219492
8/9/2023 17:45,2724.219492
8/9/2023 18:00,2724.215993
8/9/2023 18:15,2724.217742
8/9/2023 18:30,2724.218912
8/9/2023 18:45,2724.219492
8/9/2023 19:00,2724.220661
8/9/2023 19:15,2724.217742
8/9/2023 19:30,2724.218912
8/9/2023 19:45,2724.222411
8/9/2023 20:00,2724.218912
8/9/2023 20:15,2724.222411
8/9/2023 20:30,2724.222411
8/9/2023 20:45,2724.22357
8/9/2023 21:00,2724.22357
8/9/2023 21:15,2724.22357
8/9/2023 21:30,2724.22532
8/9/2023 21:45,2724.22532
8/9/2023 22:00,2724.22357
8/9/2023 22:15,2724.22357
8/9/2023 22:30,2724.22532
8/9/2023 22:45,2724.22357
8/9/2023 23:00,2724.22416
8/9/2023 23:15,2724.22357
8/9/2023 23:30,2724.222401
8/9/2023 23:45,2724.22415
8/10/2023 0:00,2724.22532
8/10/2023 0:15,2724.22357
8/10/2023 0:30,2724.22357
8/10/2023 0:45,2724.22415
8/10/2023 1:00,2724.22532
8/10/2023 1:15,2724.227069
8/10/2023 1:30,2724.22357
8/10/2023 1:45,2724.22415
8/10/2023 2:00,2724.22415
8/10/2023 2:15,2724.22532
8/10/2023 2:30,2724.22532
8/10/2023 2:45,2724.22532
8/10/2023 3:00,2724.22357
8/10/2023 3:15,2724.22532
8/10/2023 3:30,2724.22532
8/10/2023 3:45,2724.22532
8/10/2023 4:00,2724.22357
8/10/2023 4:15,2724.22533
8/10/2023 4:30,2724.22358
8/10/2023 4:45,2724.22416
8/10/2023 5:00,2724.22416
8/10/2023 5:15,2724.22532
8/10/2023 5:30,2724.22532
8/10/2023 5:45,2724.22532
8/10/2023 6:00,2724.22357
8/10/2023 6:15,2724.22357
8/10/2023 6:30,2724.22357
8/10/2023 6:45,2724.22532
8/10/2023 7:00,2724.226489
8/10/2023 7:15,2724.22357
8/10/2023 7:30,2724.22358
8/10/2023 7:45,2724.22358
8/10/2023 8:00,2724.22533
8/10/2023 8:15,2724.22533
8/10/2023 8:30,2724.22358
8/10/2023 8:45,2724.22358
8/10/2023 9:00,2724.22533
8/10/2023 9:15,2724.22533
8/10/2023 9:30,2724.22358
8/10/2023 9:45,2724.22533
8/10/2023 10:00,2724.22358
8/10/2023 10:15,2724.22533
8/10/2023 10:30,2724.22358
8/10/2023 10:45,2724.221831
8/10/2023 11:00,2724.22358
8/10/2023 11:15,2724.22358
8/10/2023 11:30,2724.220661
8/10/2023 11:45,2724.22358
8/10/2023 12:00,2724.220661
8/10/2023 12:15,2724.217162
8/10/2023 12:30,2724.220661
8/10/2023 12:45,2724.220071
8/10/2023 13:00,2724.218912
8/10/2023 13:15,2724.220661
8/10/2023 13:30,2724.218912
8/10/2023 13:45,2724.220071
8/10/2023 14:00,2724.218912
8/10/2023 14:15,2724.218912
8/10/2023 14:30,2724.217742
8/10/2023 14:45,2724.220071
8/10/2023 15:00,2724.219492
8/10/2023 15:15,2724.217742
8/10/2023 15:30,2724.218902
8/10/2023 15:45,2724.217742
8/10/2023 16:00,2724.215993
8/10/2023 16:15,2724.214823
8/10/2023 16:30,2724.216573
8/10/2023 16:45,2724.215993
8/10/2023 17:00,2724.219492
8/10/2023 17:15,2724.218912
8/10/2023 17:30,2724.217742
8/10/2023 17:45,2724.219492
8/10/2023 18:00,2724.215993
8/10/2023 18:15,2724.217742
8/10/2023 18:30,2724.219492
8/10/2023 18:45,2724.219492
8/10/2023 19:00,2724.218912
8/10/2023 19:15,2724.220661
8/10/2023 19:30,2724.219492
8/10/2023 19:45,2724.217742
8/10/2023 20:00,2724.218902
8/10/2023 20:15,2724.217152
8/10/2023 20:30,2724.220651
8/10/2023 20:45,2724.219492
8/10/2023 21:00,2724.218912
8/10/2023 21:15,2724.217162
8/10/2023 21:30,2724.218912
8/10/2023 21:45,2724.221821
8/10/2023 22:00,2724.222411
8/10/2023 22:15,2724.220661
8/10/2023 22:30,2724.218912
8/10/2023 22:45,2724.220661
8/10/2023 23:00,2724.221821
8/10/2023 23:15,2724.222411
8/10/2023 23:30,2724.220661
8/10/2023 23:45,2724.218912
8/11/2023 0:00,2724.218912
8/11/2023 0:15,2724.22357
8/11/2023 0:30,2724.220071
8/11/2023 0:45,2724.218912
8/11/2023 1:00,2724.218902
8/11/2023 1:15,2724.221821
8/11/2023 1:30,2724.222411
8/11/2023 1:45,2724.222411
8/11/2023 2:00,2724.221831
8/11/2023 2:15,2724.221831
8/11/2023 2:30,2724.22358
8/11/2023 2:45,2724.221831
8/11/2023 3:00,2724.22358
8/11/2023 3:15,2724.22357
8/11/2023 3:30,2724.22358
8/11/2023 3:45,2724.22357
8/11/2023 4:00,2724.22357
8/11/2023 4:15,2724.22357
8/11/2023 4:30,2724.221821
8/11/2023 4:45,2724.22357
8/11/2023 5:00,2724.222401
8/11/2023 5:15,2724.221821
8/11/2023 5:30,2724.222411
8/11/2023 5:45,2724.22357
8/11/2023 6:00,2724.220661
8/11/2023 6:15,2724.222411
8/11/2023 6:30,2724.221831
8/11/2023 6:45,2724.221831
8/11/2023 7:00,2724.220661
8/11/2023 7:15,2724.22474
8/11/2023 7:30,2724.22474
8/11/2023 7:45,2724.22358
8/11/2023 8:00,2724.22357
8/11/2023 8:15,2724.22357
8/11/2023 8:30,2724.22357
8/11/2023 8:45,2724.22357
8/11/2023 9:00,2724.22357
8/11/2023 9:15,2724.220651
8/11/2023 9:30,2724.222401
8/11/2023 9:45,2724.220651
8/11/2023 10:00,2724.221821
8/11/2023 10:15,2724.222401
8/11/2023 10:30,2724.221821
8/11/2023 10:45,2724.22357
8/11/2023 11:00,2724.220071
8/11/2023 11:15,2724.220071
8/11/2023 11:30,2724.218902
8/11/2023 11:45,2724.218902
8/11/2023 12:00,2724.218322
8/11/2023 12:15,2724.217162
8/11/2023 12:30,2724.217162
8/11/2023 12:45,2724.217742
8/11/2023 13:00,2724.214243
8/11/2023 13:15,2724.218912
8/11/2023 13:30,2724.214243
8/11/2023 13:45,2724.217742
8/11/2023 14:00,2724.217162
8/11/2023 14:15,2724.217742
8/11/2023 14:30,2724.215993
8/11/2023 14:45,2724.212494
8/11/2023 15:00,2724.215993
8/11/2023 15:15,2724.218912
8/11/2023 15:30,2724.215993
8/11/2023 15:45,2724.214823
8/11/2023 16:00,2724.215993
8/11/2023 16:15,2724.214243
8/11/2023 16:30,2724.215993
8/11/2023 16:45,2724.216573
8/11/2023 17:00,2724.217742
8/11/2023 17:15,2724.216573
8/11/2023 17:30,2724.217742
8/11/2023 17:45,2724.215993
8/11/2023 18:00,2724.215993
8/11/2023 18:15,2724.217742
8/11/2023 18:30,2724.217742
8/11/2023 18:45,2724.217742
8/11/2023 19:00,2724.220661
8/11/2023 19:15,2724.217742
8/11/2023 19:30,2724.218912
8/11/2023 19:45,2724.218912
8/11/2023 20:00,2724.220651
8/11/2023 20:15,2724.217742
8/11/2023 20:30,2724.218912
8/11/2023 20:45,2724.220651
8/11/2023 21:00,2724.220651
8/11/2023 21:15,2724.217742
8/11/2023 21:30,2724.218912
8/11/2023 21:45,2724.220661
8/11/2023 22:00,2724.217162
8/11/2023 22:15,2724.218912
8/11/2023 22:30,2724.218912
8/11/2023 22:45,2724.22357
8/11/2023 23:00,2724.221821
8/11/2023 23:15,2724.220071
8/11/2023 23:30,2724.22357
8/11/2023 23:45,2724.22357
8/12/2023 0:00,2724.220071
8/12/2023 0:15,2724.221821
8/12/2023 0:30,2724.221821
8/12/2023 0:45,2724.22357
8/12/2023 1:00,2724.220071
8/12/2023 1:15,2724.220661
8/12/2023 1:30,2724.22357
8/12/2023 1:45,2724.22357
8/12/2023 2:00,2724.22357
8/12/2023 2:15,2724.22358
8/12/2023 2:30,2724.222411
8/12/2023 2:45,2724.22358
8/12/2023 3:00,2724.22358
8/12/2023 3:15,2724.22358
8/12/2023 3:30,2724.221831
8/12/2023 3:45,2724.221831
8/12/2023 4:00,2724.221831
8/12/2023 4:15,2724.22358
8/12/2023 4:30,2724.221831
8/12/2023 4:45,2724.221831
8/12/2023 5:00,2724.220661
8/12/2023 5:15,2724.22358
8/12/2023 5:30,2724.22358
8/12/2023 5:45,2724.22358
8/12/2023 6:00,2724.221831
8/12/2023 6:15,2724.222411
8/12/2023 6:30,2724.222411
8/12/2023 6:45,2724.221821
8/12/2023 7:00,2724.22357
8/12/2023 7:15,2724.222401
8/12/2023 7:30,2724.22357
8/12/2023 7:45,2724.22532
8/12/2023 8:00,2724.226489
8/12/2023 8:15,2724.22357
8/12/2023 8:30,2724.22299
8/12/2023 8:45,2724.221831
8/12/2023 9:00,2724.22299
8/12/2023 9:15,2724.22358
8/12/2023 9:30,2724.22357
8/12/2023 9:45,2724.22299
8/12/2023 10:00,2724.221821
8/12/2023 10:15,2724.220661
8/12/2023 10:30,2724.220661
8/12/2023 10:45,2724.22299
8/12/2023 11:00,2724.22357
8/12/2023 11:15,2724.221821
8/12/2023 11:30,2724.221821
8/12/2023 11:45,2724.218902
8/12/2023 12:00,2724.218912
8/12/2023 12:15,2724.217162
8/12/2023 12:30,2724.217162
8/12/2023 12:45,2724.220071
8/12/2023 13:00,2724.218912
8/12/2023 13:15,2724.217162
8/12/2023 13:30,2724.218912
8/12/2023 13:45,2724.218912
8/12/2023 14:00,2724.219492
8/12/2023 14:15,2724.220661
8/12/2023 14:30,2724.218912
8/12/2023 14:45,2724.220661
8/12/2023 15:00,2724.218912
8/12/2023 15:15,2724.217162
8/12/2023 15:30,2724.220661
8/12/2023 15:45,2724.220661
8/12/2023 16:00,2724.220651
8/12/2023 16:15,2724.218902
8/12/2023 16:30,2724.220651
8/12/2023 16:45,2724.218902
8/12/2023 17:00,2724.220651
8/12/2023 17:15,2724.217152
8/12/2023 17:30,2724.220651
8/12/2023 17:45,2724.217152
8/12/2023 18:00,2724.217152
8/12/2023 18:15,2724.218902
8/12/2023 18:30,2724.217152
8/12/2023 18:45,2724.222411
8/12/2023 19:00,2724.219492
8/12/2023 19:15,2724.219492
8/12/2023 19:30,2724.222411
8/12/2023 19:45,2724.220661
8/12/2023 20:00,2724.218912
8/12/2023 20:15,2724.221831
8/12/2023 20:30,2724.222411
8/12/2023 20:45,2724.218912
8/12/2023 21:00,2724.220651
8/12/2023 21:15,2724.220651
8/12/2023 21:30,2724.221821
8/12/2023 21:45,2724.220661
8/12/2023 22:00,2724.221831
8/12/2023 22:15,2724.218912
8/12/2023 22:30,2724.221831
8/12/2023 22:45,2724.220081
8/12/2023 23:00,2724.22299
8/12/2023 23:15,2724.22358
8/12/2023 23:30,2724.22358
8/12/2023 23:45,2724.221831
8/13/2023 0:00,2724.22299
8/13/2023 0:15,2724.226489
8/13/2023 0:30,2724.22358
8/13/2023 0:45,2724.22533
8/13/2023 1:00,2724.22533
8/13/2023 1:15,2724.22474
8/13/2023 1:30,2724.226489
8/13/2023 1:45,2724.22474
8/13/2023 2:00,2724.22474
8/13/2023 2:15,2724.22357
8/13/2023 2:30,2724.22532
8/13/2023 2:45,2724.226489
8/13/2023 3:00,2724.226489
8/13/2023 3:15,2724.22474
8/13/2023 3:30,2724.22474
8/13/2023 3:45,2724.22357
8/13/2023 4:00,2724.22532
8/13/2023 4:15,2724.22532
8/13/2023 4:30,2724.22474
8/13/2023 4:45,2724.22357
8/13/2023 5:00,2724.22532
8/13/2023 5:15,2724.22474
8/13/2023 5:30,2724.22357
8/13/2023 5:45,2724.226489
8/13/2023 6:00,2724.22532
8/13/2023 6:15,2724.227069
8/13/2023 6:30,2724.228239
8/13/2023 6:45,2724.226489
8/13/2023 7:00,2724.22357
8/13/2023 7:15,2724.22532
8/13/2023 7:30,2724.22532
8/13/2023 7:45,2724.221821
8/13/2023 8:00,2724.22299
8/13/2023 8:15,2724.22358
8/13/2023 8:30,2724.22358
8/13/2023 8:45,2724.22299
8/13/2023 9:00,2724.22358
8/13/2023 9:15,2724.221831
8/13/2023 9:30,2724.221831
8/13/2023 9:45,2724.22358
8/13/2023 10:00,2724.22358
8/13/2023 10:15,2724.22533
8/13/2023 10:30,2724.221831
8/13/2023 10:45,2724.22474
8/13/2023 11:00,2724.221831
8/13/2023 11:15,2724.22299
8/13/2023 11:30,2724.221831
8/13/2023 11:45,2724.22299
8/13/2023 12:00,2724.220661
8/13/2023 12:15,2724.221821
8/13/2023 12:30,2724.220081
8/13/2023 12:45,2724.220081
8/13/2023 13:00,2724.22474
8/13/2023 13:15,2724.221831
8/13/2023 13:30,2724.220081
8/13/2023 13:45,2724.220081
8/13/2023 14:00,2724.222411
8/13/2023 14:15,2724.220661
8/13/2023 14:30,2724.22358
8/13/2023 14:45,2724.221831
8/13/2023 15:00,2724.22474
8/13/2023 15:15,2724.22358
8/13/2023 15:30,2724.22358
8/13/2023 15:45,2724.221831
8/13/2023 16:00,2724.221821
8/13/2023 16:15,2724.22532
8/13/2023 16:30,2724.220071
8/13/2023 16:45,2724.221821
8/13/2023 17:00,2724.222401
8/13/2023 17:15,2724.22474
8/13/2023 17:30,2724.221821
8/13/2023 17:45,2724.22357
8/13/2023 18:00,2724.22532
8/13/2023 18:15,2724.22357
8/13/2023 18:30,2724.22299
8/13/2023 18:45,2724.242234
8/13/2023 19:00,2724.238735
8/13/2023 19:15,2724.238735
8/13/2023 19:30,2724.235826
8/13/2023 19:45,2724.232327
8/13/2023 20:00,2724.232327
8/13/2023 20:15,2724.235826
8/13/2023 20:30,2724.234067
8/13/2023 20:45,2724.238735
8/13/2023 21:00,2724.241654
8/13/2023 21:15,2724.238735
8/13/2023 21:30,2724.238735
8/13/2023 21:45,2724.232327
8/13/2023 22:00,2724.234077
8/13/2023 22:15,2724.235826
8/13/2023 22:30,2724.232327
8/13/2023 22:45,2724.231158
8/13/2023 23:00,2724.229408
8/13/2023 23:15,2724.230578
8/13/2023 23:30,2724.229408
8/13/2023 23:45,2724.229408
8/14/2023 0:00,2724.228239
8/14/2023 0:15,2724.231158
8/14/2023 0:30,2724.229408
8/14/2023 0:45,2724.229408
8/14/2023 1:00,2724.228818
8/14/2023 1:15,2724.226489
8/14/2023 1:30,2724.22474
8/14/2023 1:45,2724.226489
8/14/2023 2:00,2724.22358
8/14/2023 2:15,2724.226489
8/14/2023 2:30,2724.22474
8/14/2023 2:45,2724.226489
8/14/2023 3:00,2724.225909
8/14/2023 3:15,2724.22474
8/14/2023 3:30,2724.225909
8/14/2023 3:45,2724.226489
8/14/2023 4:00,2724.226489
8/14/2023 4:15,2724.225909
8/14/2023 4:30,2724.22474
8/14/2023 4:45,2724.22474
8/14/2023 5:00,2724.227659
8/14/2023 5:15,2724.227659
8/14/2023 5:30,2724.226489
8/14/2023 5:45,2724.226489
8/14/2023 6:00,2724.225899
8/14/2023 6:15,2724.225909
8/14/2023 6:30,2724.22474
8/14/2023 6:45,2724.225909
8/14/2023 7:00,2724.225909
8/14/2023 7:15,2724.227659
8/14/2023 7:30,2724.227659
8/14/2023 7:45,2724.226489
8/14/2023 8:00,2724.225899
8/14/2023 8:15,2724.22474
8/14/2023 8:30,2724.225899
8/14/2023 8:45,2724.227649
8/14/2023 9:00,2724.225909
8/14/2023 9:15,2724.225909
8/14/2023 9:30,2724.227079
8/14/2023 9:45,2724.225909
8/14/2023 10:00,2724.225909
8/14/2023 10:15,2724.225899
8/14/2023 10:30,2724.225899
8/14/2023 10:45,2724.227649
8/14/2023 11:00,2724.227069
8/14/2023 11:15,2724.227069
8/14/2023 11:30,2724.225899
8/14/2023 11:45,2724.227069
8/14/2023 12:00,2724.225899
8/14/2023 12:15,2724.22474
8/14/2023 12:30,2724.22474
8/14/2023 12:45,2724.225899
8/14/2023 13:00,2724.227659
8/14/2023 13:15,2724.225909
8/14/2023 13:30,2724.227659
8/14/2023 13:45,2724.22533
8/14/2023 14:00,2724.225909
8/14/2023 14:15,2724.227069
8/14/2023 14:30,2724.227069
8/14/2023 14:45,2724.227649
8/14/2023 15:00,2724.225899
8/14/2023 15:15,2724.225909
8/14/2023 15:30,2724.225909
8/14/2023 15:45,2724.22299
8/14/2023 16:00,2724.227659
8/14/2023 16:15,2724.22474
8/14/2023 16:30,2724.22416
8/14/2023 16:45,2724.221821
8/14/2023 17:00,2724.221241
8/14/2023 17:15,2724.22416
8/14/2023 17:30,2724.221241
8/14/2023 17:45,2724.22474
8/14/2023 18:00,2724.22416
8/14/2023 18:15,2724.225909
8/14/2023 18:30,2724.22474
8/14/2023 18:45,2724.22474
8/14/2023 19:00,2724.229398
8/14/2023 19:15,2724.229398
8/14/2023 19:30,2724.225899
8/14/2023 19:45,2724.227649
8/14/2023 20:00,2724.225899
8/14/2023 20:15,2724.225899
8/14/2023 20:30,2724.22415
8/14/2023 20:45,2724.225909
8/14/2023 21:00,2724.22416
8/14/2023 21:15,2724.22474
8/14/2023 21:30,2724.227659
8/14/2023 21:45,2724.227069
8/14/2023 22:00,2724.225899
8/14/2023 22:15,2724.225899
8/14/2023 22:30,2724.225899
8/14/2023 22:45,2724.227069
8/14/2023 23:00,2724.225899
8/14/2023 23:15,2724.22474
8/14/2023 23:30,2724.227069
8/14/2023 23:45,2724.227659
8/15/2023 0:00,2724.227659
8/15/2023 0:15,2724.22416
8/15/2023 0:30,2724.22416
8/15/2023 0:45,2724.225909
8/15/2023 1:00,2724.225909
8/15/2023 1:15,2724.225909
8/15/2023 1:30,2724.225909
8/15/2023 1:45,2724.225899
8/15/2023 2:00,2724.22532
8/15/2023 2:15,2724.227069
8/15/2023 2:30,2724.227069
8/15/2023 2:45,2724.225909
8/15/2023 3:00,2724.228818
8/15/2023 3:15,2724.225909
8/15/2023 3:30,2724.227069
8/15/2023 3:45,2724.225909
8/15/2023 4:00,2724.225909
8/15/2023 4:15,2724.225909
8/15/2023 4:30,2724.227079
8/15/2023 4:45,2724.225909
8/15/2023 5:00,2724.22474
8/15/2023 5:15,2724.227079
8/15/2023 5:30,2724.227659
8/15/2023 5:45,2724.228818
8/15/2023 6:00,2724.228818
8/15/2023 6:15,2724.232317
8/15/2023 6:30,2724.22532
8/15/2023 6:45,2724.225899
8/15/2023 7:00,2724.225899
8/15/2023 7:15,2724.22532
8/15/2023 7:30,2724.22532
8/15/2023 7:45,2724.22532
8/15/2023 8:00,2724.227659
8/15/2023 8:15,2724.225909
8/15/2023 8:30,2724.227079
8/15/2023 8:45,2724.22533
8/15/2023 9:00,2724.22416
8/15/2023 9:15,2724.225909
8/15/2023 9:30,2724.22358
8/15/2023 9:45,2724.22533
8/15/2023 10:00,2724.22533
8/15/2023 10:15,2724.22533
8/15/2023 10:30,2724.22416
8/15/2023 10:45,2724.22533
8/15/2023 11:00,2724.22532
8/15/2023 11:15,2724.22532
8/15/2023 11:30,2724.222411
8/15/2023 11:45,2724.22357
8/15/2023 12:00,2724.182754
8/15/2023 12:15,2724.231737
8/15/2023 12:30,2724.231737
8/15/2023 12:45,2724.233487
8/15/2023 13:00,2724.233487
8/15/2023 13:15,2724.228818
8/15/2023 13:30,2724.231737
8/15/2023 13:45,2724.231737
8/15/2023 14:00,2724.232317
8/15/2023 14:15,2724.233487
8/15/2023 14:30,2724.232327
8/15/2023 14:45,2724.229408
8/15/2023 15:00,2724.228818
8/15/2023 15:15,2724.228818
8/15/2023 15:30,2724.230568
8/15/2023 15:45,2724.225909
8/15/2023 16:00,2724.227659
8/15/2023 16:15,2724.228818
8/15/2023 16:30,2724.228818
8/15/2023 16:45,2724.229408
8/15/2023 17:00,2724.227659
8/15/2023 17:15,2724.228828
8/15/2023 17:30,2724.232327
8/15/2023 17:45,2724.230578
8/15/2023 18:00,2724.230578
8/15/2023 18:15,2724.230578
8/15/2023 18:30,2724.228828
8/15/2023 18:45,2724.228828
8/15/2023 19:00,2724.232327
8/15/2023 19:15,2724.230578
8/15/2023 19:30,2724.228828
8/15/2023 19:45,2724.230578
8/15/2023 20:00,2724.228828
8/15/2023 20:15,2724.230578
8/15/2023 20:30,2724.228828
8/15/2023 20:45,2724.231158
8/15/2023 21:00,2724.230568
8/15/2023 21:15,2724.232317
8/15/2023 21:30,2724.232317
8/15/2023 21:45,2724.231737
8/15/2023 22:00,2724.227649
8/15/2023 22:15,2724.229398
8/15/2023 22:30,2724.230568
8/15/2023 22:45,2724.232317
8/15/2023 23:00,2724.233487
8/15/2023 23:15,2724.230568
8/15/2023 23:30,2724.233487
8/15/2023 23:45,2724.230568
8/16/2023 0:00,2724.233487
8/16/2023 0:15,2724.232317
8/16/2023 0:30,2724.232317
8/16/2023 0:45,2724.234067
8/16/2023 1:00,2724.232327
8/16/2023 1:15,2724.234077
8/16/2023 1:30,2724.234077
8/16/2023 1:45,2724.234077
8/16/2023 2:00,2724.232327
8/16/2023 2:15,2724.230578
8/16/2023 2:30,2724.230578
8/16/2023 2:45,2724.232327
8/16/2023 3:00,2724.232327
8/16/2023 3:15,2724.230578
8/16/2023 3:30,2724.232327
8/16/2023 3:45,2724.232327
8/16/2023 4:00,2724.232327
8/16/2023 4:15,2724.231158
8/16/2023 4:30,2724.232327
8/16/2023 4:45,2724.232327
8/16/2023 5:00,2724.232327
8/16/2023 5:15,2724.234077
8/16/2023 5:30,2724.232327
8/16/2023 5:45,2724.234077
8/16/2023 6:00,2724.232327
8/16/2023 6:15,2724.232327
8/16/2023 6:30,2724.232327
8/16/2023 6:45,2724.233487
8/16/2023 7:00,2724.231737
8/16/2023 7:15,2724.231737
8/16/2023 7:30,2724.231737
8/16/2023 7:45,2724.232327
8/16/2023 8:00,2724.233487
8/16/2023 8:15,2724.232327
8/16/2023 8:30,2724.232317
8/16/2023 8:45,2724.232317
8/16/2023 9:00,2724.231737
8/16/2023 9:15,2724.231737
8/16/2023 9:30,2724.233487
8/16/2023 9:45,2724.233487
8/16/2023 10:00,2724.233487
8/16/2023 10:15,2724.227079
8/16/2023 10:30,2724.230578
8/16/2023 10:45,2724.228828
8/16/2023 11:00,2724.227079
8/16/2023 11:15,2724.228828
8/16/2023 11:30,2724.229398
8/16/2023 11:45,2724.225899
8/16/2023 12:00,2724.231148
8/16/2023 12:15,2724.231148
8/16/2023 12:30,2724.227649
8/16/2023 12:45,2724.227649
8/16/2023 13:00,2724.227649
8/16/2023 13:15,2724.227649
8/16/2023 13:30,2724.228818
8/16/2023 13:45,2724.228828
8/16/2023 14:00,2724.229408
8/16/2023 14:15,2724.227659
8/16/2023 14:30,2724.229408
8/16/2023 14:45,2724.229408
8/16/2023 15:00,2724.235236
8/16/2023 15:15,2724.234077
8/16/2023 15:30,2724.232317
8/16/2023 15:45,2724.231148
8/16/2023 16:00,2724.231148
8/16/2023 16:15,2724.232897
8/16/2023 16:30,2724.231148
8/16/2023 16:45,2724.234067
8/16/2023 17:00,2724.234077
8/16/2023 17:15,2724.237575
8/16/2023 17:30,2724.235236
8/16/2023 17:45,2724.234077
8/16/2023 18:00,2724.234077
8/16/2023 18:15,2724.235826
8/16/2023 18:30,2724.232907
8/16/2023 18:45,2724.235236
8/16/2023 19:00,2724.232317
8/16/2023 19:15,2724.234077
8/16/2023 19:30,2724.234067
8/16/2023 19:45,2724.235816
8/16/2023 20:00,2724.232317
8/16/2023 20:15,2724.232897
8/16/2023 20:30,2724.234067
8/16/2023 20:45,2724.235236
8/16/2023 21:00,2724.232327
8/16/2023 21:15,2724.235236
8/16/2023 21:30,2724.235826
8/16/2023 21:45,2724.232327
8/16/2023 22:00,2724.235236
8/16/2023 22:15,2724.234077
8/16/2023 22:30,2724.232327
8/16/2023 22:45,2724.234077
8/16/2023 23:00,2724.234067
8/16/2023 23:15,2724.236986
8/16/2023 23:30,2724.234067
8/16/2023 23:45,2724.234067
8/17/2023 0:00,2724.234067
8/17/2023 0:15,2724.234067
8/17/2023 0:30,2724.232907
8/17/2023 0:45,2724.234067
8/17/2023 1:00,2724.233487
8/17/2023 1:15,2724.235236
8/17/2023 1:30,2724.232317
8/17/2023 1:45,2724.233487
8/17/2023 2:00,2724.234067
8/17/2023 2:15,2724.232317
8/17/2023 2:30,2724.232317
8/17/2023 2:45,2724.234067
8/17/2023 3:00,2724.232317
8/17/2023 3:15,2724.232317
8/17/2023 3:30,2724.232317
8/17/2023 3:45,2724.234077
8/17/2023 4:00,2724.232907
8/17/2023 4:15,2724.232907
8/17/2023 4:30,2724.232907
8/17/2023 4:45,2724.232907
8/17/2023 5:00,2724.234656
8/17/2023 5:15,2724.232907
8/17/2023 5:30,2724.234656
8/17/2023 5:45,2724.234067
8/17/2023 6:00,2724.234067
8/17/2023 6:15,2724.234067
8/17/2023 6:30,2724.234067
8/17/2023 6:45,2724.234067
8/17/2023 7:00,2724.236986
8/17/2023 7:15,2724.234067
8/17/2023 7:30,2724.232317
8/17/2023 7:45,2724.233487
8/17/2023 8:00,2724.230568
8/17/2023 8:15,2724.234067
8/17/2023 8:30,2724.232317
8/17/2023 8:45,2724.231158
8/17/2023 9:00,2724.232327
8/17/2023 9:15,2724.231158
8/17/2023 9:30,2724.233487
8/17/2023 9:45,2724.232327
8/17/2023 10:00,2724.232327
8/17/2023 10:15,2724.232327
8/17/2023 10:30,2724.228828
8/17/2023 10:45,2724.230578
8/17/2023 11:00,2724.228828
8/17/2023 11:15,2724.229408
8/17/2023 11:30,2724.227659
8/17/2023 11:45,2724.227659
8/17/2023 12:00,2724.228828
8/17/2023 12:15,2724.227659
8/17/2023 12:30,2724.227659
8/17/2023 12:45,2724.225909
8/17/2023 13:00,2724.226489
8/17/2023 13:15,2724.229398
8/17/2023 13:30,2724.229398
8/17/2023 13:45,2724.227649
8/17/2023 14:00,2724.230568
8/17/2023 14:15,2724.229398
8/17/2023 14:30,2724.229398
8/17/2023 14:45,2724.227649
8/17/2023 15:00,2724.228239
8/17/2023 15:15,2724.227659
8/17/2023 15:30,2724.230578
8/17/2023 15:45,2724.230578
8/17/2023 16:00,2724.228239
8/17/2023 16:15,2724.229408
8/17/2023 16:30,2724.229408
8/17/2023 16:45,2724.228239
8/17/2023 17:00,2724.227649
8/17/2023 17:15,2724.226489
8/17/2023 17:30,2724.229398
8/17/2023 17:45,2724.229398
8/17/2023 18:00,2724.231148
8/17/2023 18:15,2724.228239
8/17/2023 18:30,2724.226489
8/17/2023 18:45,2724.229408
8/17/2023 19:00,2724.232327
8/17/2023 19:15,2724.234067
8/17/2023 19:30,2724.232907
8/17/2023 19:45,2724.230568
8/17/2023 20:00,2724.232317
8/17/2023 20:15,2724.230578
8/17/2023 20:30,2724.234067
8/17/2023 20:45,2724.232897
8/17/2023 21:00,2724.234067
8/17/2023 21:15,2724.234067
8/17/2023 21:30,2724.235236
8/17/2023 21:45,2724.235236
8/17/2023 22:00,2724.233487
8/17/2023 22:15,2724.234077
8/17/2023 22:30,2724.234067
8/17/2023 22:45,2724.235826
8/17/2023 23:00,2724.234077
8/17/2023 23:15,2724.232907
8/17/2023 23:30,2724.232327
8/17/2023 23:45,2724.235826
8/18/2023 0:00,2724.235236
8/18/2023 0:15,2724.232327
8/18/2023 0:30,2724.235826
8/18/2023 0:45,2724.233487
8/18/2023 1:00,2724.235236
8/18/2023 1:15,2724.235236
8/18/2023 1:30,2724.235236
8/18/2023 1:45,2724.235816
8/18/2023 2:00,2724.234067
8/18/2023 2:15,2724.234067
8/18/2023 2:30,2724.234067
8/18/2023 2:45,2724.235816
8/18/2023 3:00,2724.234067
8/18/2023 3:15,2724.235236
8/18/2023 3:30,2724.235826
8/18/2023 3:45,2724.234077
8/18/2023 4:00,2724.235816
8/18/2023 4:15,2724.235236
8/18/2023 4:30,2724.234077
8/18/2023 4:45,2724.235236
8/18/2023 5:00,2724.234067
8/18/2023 5:15,2724.234067
8/18/2023 5:30,2724.234067
8/18/2023 5:45,2724.234067
8/18/2023 6:00,2724.234067
8/18/2023 6:15,2724.234067
8/18/2023 6:30,2724.232897
8/18/2023 6:45,2724.232317
8/18/2023 7:00,2724.230568
8/18/2023 7:15,2724.230568
8/18/2023 7:30,2724.231158
8/18/2023 7:45,2724.234077
8/18/2023 8:00,2724.232327
8/18/2023 8:15,2724.234077
8/18/2023 8:30,2724.232327
8/18/2023 8:45,2724.232327
8/18/2023 9:00,2724.232327
8/18/2023 9:15,2724.230578
8/18/2023 9:30,2724.230578
8/18/2023 9:45,2724.232327
8/18/2023 10:00,2724.230578
8/18/2023 10:15,2724.230578
8/18/2023 10:30,2724.230578
8/18/2023 10:45,2724.230578
8/18/2023 11:00,2724.227659
8/18/2023 11:15,2724.227079
8/18/2023 11:30,2724.227079
8/18/2023 11:45,2724.227659
8/18/2023 12:00,2724.22416
8/18/2023 12:15,2724.226489
8/18/2023 12:30,2724.22474
8/18/2023 12:45,2724.22474
8/18/2023 13:00,2724.22474
8/18/2023 13:15,2724.22299
8/18/2023 13:30,2724.227659
8/18/2023 13:45,2724.227659
8/18/2023 14:00,2724.227659
8/18/2023 14:15,2724.226489
8/18/2023 14:30,2724.226489
8/18/2023 14:45,2724.22474
8/18/2023 15:00,2724.225909
8/18/2023 15:15,2724.22474
8/18/2023 15:30,2724.22474
8/18/2023 15:45,2724.226489
8/18/2023 16:00,2724.22532
8/18/2023 16:15,2724.22532
8/18/2023 16:30,2724.221821
8/18/2023 16:45,2724.22474
8/18/2023 17:00,2724.222401
8/18/2023 17:15,2724.22474
8/18/2023 17:30,2724.22532
8/18/2023 17:45,2724.22532
8/18/2023 18:00,2724.22357
8/18/2023 18:15,2724.222401
8/18/2023 18:30,2724.22532
8/18/2023 18:45,2724.22474
8/18/2023 19:00,2724.227069
8/18/2023 19:15,2724.228239
8/18/2023 19:30,2724.22532
8/18/2023 19:45,2724.226489
8/18/2023 20:00,2724.227659
8/18/2023 20:15,2724.227659
8/18/2023 20:30,2724.227659
8/18/2023 20:45,2724.229408
8/18/2023 21:00,2724.226489
8/18/2023 21:15,2724.22533
8/18/2023 21:30,2724.22474
8/18/2023 21:45,2724.226489
8/18/2023 22:00,2724.226489
8/18/2023 22:15,2724.227659
8/18/2023 22:30,2724.225909
8/18/2023 22:45,2724.229408
8/18/2023 23:00,2724.229408
8/18/2023 23:15,2724.231158
8/18/2023 23:30,2724.230578
8/18/2023 23:45,2724.231158
8/19/2023 0:00,2724.229408
8/19/2023 0:15,2724.231158
8/19/2023 0:30,2724.229398
8/19/2023 0:45,2724.229398
8/19/2023 1:00,2724.232897
8/19/2023 1:15,2724.232317
8/19/2023 1:30,2724.230568
8/19/2023 1:45,2724.231158
8/19/2023 2:00,2724.230568
8/19/2023 2:15,2724.232317
8/19/2023 2:30,2724.231158
8/19/2023 2:45,2724.232317
8/19/2023 3:00,2724.234067
8/19/2023 3:15,2724.232317
8/19/2023 3:30,2724.232317
8/19/2023 3:45,2724.235816
8/19/2023 4:00,2724.234067
8/19/2023 4:15,2724.234067
8/19/2023 4:30,2724.232317
8/19/2023 4:45,2724.234067
8/19/2023 5:00,2724.230568
8/19/2023 5:15,2724.232317
8/19/2023 5:30,2724.232317
8/19/2023 5:45,2724.231148
8/19/2023 6:00,2724.232317
8/19/2023 6:15,2724.232317
8/19/2023 6:30,2724.232317
8/19/2023 6:45,2724.232317
8/19/2023 7:00,2724.232317
8/19/2023 7:15,2724.232317
8/19/2023 7:30,2724.231158
8/19/2023 7:45,2724.231158
8/19/2023 8:00,2724.232327
8/19/2023 8:15,2724.230578
8/19/2023 8:30,2724.229408
8/19/2023 8:45,2724.228828
8/19/2023 9:00,2724.232327
8/19/2023 9:15,2724.232327
8/19/2023 9:30,2724.230578
8/19/2023 9:45,2724.232327
8/19/2023 10:00,2724.230578
8/19/2023 10:15,2724.232327
8/19/2023 10:30,2724.232327
8/19/2023 10:45,2724.228828
8/19/2023 11:00,2724.231737
8/19/2023 11:15,2724.227659
8/19/2023 11:30,2724.230568
8/19/2023 11:45,2724.225899
8/19/2023 12:00,2724.225899
8/19/2023 12:15,2724.227649
8/19/2023 12:30,2724.227659
8/19/2023 12:45,2724.225909
8/19/2023 13:00,2724.229408
8/19/2023 13:15,2724.227659
8/19/2023 13:30,2724.228239
8/19/2023 13:45,2724.227659
8/19/2023 14:00,2724.225909
8/19/2023 14:15,2724.227659
8/19/2023 14:30,2724.22474
8/19/2023 14:45,2724.22299
8/19/2023 15:00,2724.22474
8/19/2023 15:15,2724.22533
8/19/2023 15:30,2724.22474
8/19/2023 15:45,2724.221821
8/19/2023 16:00,2724.22532
8/19/2023 16:15,2724.22532
8/19/2023 16:30,2724.22532
8/19/2023 16:45,2724.22532
8/19/2023 17:00,2724.22357
8/19/2023 17:15,2724.22357
8/19/2023 17:30,2724.22474
8/19/2023 17:45,2724.22532
8/19/2023 18:00,2724.22532
8/19/2023 18:15,2724.226489
8/19/2023 18:30,2724.22357
8/19/2023 18:45,2724.226489
8/19/2023 19:00,2724.22474
8/19/2023 19:15,2724.226489
8/19/2023 19:30,2724.22533
8/19/2023 19:45,2724.228239
8/19/2023 20:00,2724.226489
8/19/2023 20:15,2724.22532
8/19/2023 20:30,2724.226489
8/19/2023 20:45,2724.22474
8/19/2023 21:00,2724.227649
8/19/2023 21:15,2724.227649
8/19/2023 21:30,2724.228239
8/19/2023 21:45,2724.229408
8/19/2023 22:00,2724.227659
8/19/2023 22:15,2724.229408
8/19/2023 22:30,2724.227659
8/19/2023 22:45,2724.229408
8/19/2023 23:00,2724.229408
8/19/2023 23:15,2724.229408
8/19/2023 23:30,2724.229408
8/19/2023 23:45,2724.229398
8/20/2023 0:00,2724.231148
8/20/2023 0:15,2724.231148
8/20/2023 0:30,2724.229398
8/20/2023 0:45,2724.231148
8/20/2023 1:00,2724.230568
8/20/2023 1:15,2724.230568
8/20/2023 1:30,2724.229408
8/20/2023 1:45,2724.229408
8/20/2023 2:00,2724.229408
8/20/2023 2:15,2724.229408
8/20/2023 2:30,2724.228239
8/20/2023 2:45,2724.229398
8/20/2023 3:00,2724.230568
8/20/2023 3:15,2724.231148
8/20/2023 3:30,2724.229398
8/20/2023 3:45,2724.230568
8/20/2023 4:00,2724.229408
8/20/2023 4:15,2724.229398
8/20/2023 4:30,2724.232317
8/20/2023 4:45,2724.232907
8/20/2023 5:00,2724.232317
8/20/2023 5:15,2724.229408
8/20/2023 5:30,2724.230568
8/20/2023 5:45,2724.232317
8/20/2023 6:00,2724.230568
8/20/2023 6:15,2724.230568
8/20/2023 6:30,2724.229398
8/20/2023 6:45,2724.230568
8/20/2023 7:00,2724.232317
8/20/2023 7:15,2724.230568
8/20/2023 7:30,2724.231158
8/20/2023 7:45,2724.229408
8/20/2023 8:00,2724.232327
8/20/2023 8:15,2724.231737
8/20/2023 8:30,2724.232327
8/20/2023 8:45,2724.229408
8/20/2023 9:00,2724.229408
8/20/2023 9:15,2724.230568
8/20/2023 9:30,2724.232317
8/20/2023 9:45,2724.229988
8/20/2023 10:00,2724.229988
8/20/2023 10:15,2724.231737
8/20/2023 10:30,2724.229988
8/20/2023 10:45,2724.227069
8/20/2023 11:00,2724.228818
8/20/2023 11:15,2724.227069
8/20/2023 11:30,2724.225909
8/20/2023 11:45,2724.225909
8/20/2023 12:00,2724.228828
8/20/2023 12:15,2724.225909
8/20/2023 12:30,2724.225909
8/20/2023 12:45,2724.225909
8/20/2023 13:00,2724.22299
8/20/2023 13:15,2724.222411
8/20/2023 13:30,2724.22416
8/20/2023 13:45,2724.22299
8/20/2023 14:00,2724.22299
8/20/2023 14:15,2724.22299
8/20/2023 14:30,2724.227649
8/20/2023 14:45,2724.22415
8/20/2023 15:00,2724.221241
8/20/2023 15:15,2724.226489
8/20/2023 15:30,2724.22299
8/20/2023 15:45,2724.22299
8/20/2023 16:00,2724.22299
8/20/2023 16:15,2724.22299
8/20/2023 16:30,2724.22299
8/20/2023 16:45,2724.22474
8/20/2023 17:00,2724.22299
8/20/2023 17:15,2724.22299
8/20/2023 17:30,2724.22474
8/20/2023 17:45,2724.22474
8/20/2023 18:00,2724.22474
8/20/2023 18:15,2724.22474
8/20/2023 18:30,2724.225909
8/20/2023 18:45,2724.225909
8/20/2023 19:00,2724.22299
8/20/2023 19:15,2724.225899
8/20/2023 19:30,2724.22415
8/20/2023 19:45,2724.225899
8/20/2023 20:00,2724.22299
8/20/2023 20:15,2724.227659
8/20/2023 20:30,2724.225909
8/20/2023 20:45,2724.22474
8/20/2023 21:00,2724.225909
8/20/2023 21:15,2724.225909
8/20/2023 21:30,2724.225899
8/20/2023 21:45,2724.225899
8/20/2023 22:00,2724.227649
8/20/2023 22:15,2724.227649
8/20/2023 22:30,2724.227649
8/20/2023 22:45,2724.227649
8/20/2023 23:00,2724.225899
8/20/2023 23:15,2724.225899
8/20/2023 23:30,2724.227069
8/20/2023 23:45,2724.225909
8/21/2023 0:00,2724.229408
8/21/2023 0:15,2724.227659
8/21/2023 0:30,2724.228828
8/21/2023 0:45,2724.225909
8/21/2023 1:00,2724.229408
8/21/2023 1:15,2724.230578
8/21/2023 1:30,2724.232327
8/21/2023 1:45,2724.228828
8/21/2023 2:00,2724.227659
8/21/2023 2:15,2724.227659
8/21/2023 2:30,2724.228828
8/21/2023 2:45,2724.227659
8/21/2023 3:00,2724.229408
8/21/2023 3:15,2724.229408
8/21/2023 3:30,2724.229408
8/21/2023 3:45,2724.227659
8/21/2023 4:00,2724.230578
8/21/2023 4:15,2724.229408
8/21/2023 4:30,2724.229408
8/21/2023 4:45,2724.227659
8/21/2023 5:00,2724.227659
8/21/2023 5:15,2724.227659
8/21/2023 5:30,2724.227659
8/21/2023 5:45,2724.228828
8/21/2023 6:00,2724.230578
8/21/2023 6:15,2724.227659
8/21/2023 6:30,2724.230578
8/21/2023 6:45,2724.229408
8/21/2023 7:00,2724.228818
8/21/2023 7:15,2724.228818
8/21/2023 7:30,2724.228818
8/21/2023 7:45,2724.228818
8/21/2023 8:00,2724.228818
8/21/2023 8:15,2724.230568
8/21/2023 8:30,2724.228818
8/21/2023 8:45,2724.228818
8/21/2023 9:00,2724.230568
8/21/2023 9:15,2724.225899
8/21/2023 9:30,2724.227069
8/21/2023 9:45,2724.229988
8/21/2023 10:00,2724.228818
8/21/2023 10:15,2724.227069
8/21/2023 10:30,2724.22532
8/21/2023 10:45,2724.228239
8/21/2023 11:00,2724.227069
8/21/2023 11:15,2724.225899
8/21/2023 11:30,2724.227069
8/21/2023 11:45,2724.22357
8/21/2023 12:00,2724.22415
8/21/2023 12:15,2724.225899
8/21/2023 12:30,2724.22357
8/21/2023 12:45,2724.22415
8/21/2023 13:00,2724.225899
8/21/2023 13:15,2724.22532
8/21/2023 13:30,2724.225909
8/21/2023 13:45,2724.220661
8/21/2023 14:00,2724.22299
8/21/2023 14:15,2724.225909
8/21/2023 14:30,2724.22416
8/21/2023 14:45,2724.22416
8/21/2023 15:00,2724.225909
8/21/2023 15:15,2724.22299
8/21/2023 15:30,2724.22415
8/21/2023 15:45,2724.225899
8/21/2023 16:00,2724.226489
8/21/2023 16:15,2724.22299
8/21/2023 16:30,2724.22299
8/21/2023 16:45,2724.22416
8/21/2023 17:00,2724.22299
8/21/2023 17:15,2724.220661
8/21/2023 17:30,2724.22416
8/21/2023 17:45,2724.222411
8/21/2023 18:00,2724.22299
8/21/2023 18:15,2724.225909
8/21/2023 18:30,2724.222411
8/21/2023 18:45,2724.22416
8/21/2023 19:00,2724.225909
8/21/2023 19:15,2724.22474
8/21/2023 19:30,2724.22474
8/21/2023 19:45,2724.22416
8/21/2023 20:00,2724.22299
8/21/2023 20:15,2724.225899
8/21/2023 20:30,2724.225899
8/21/2023 20:45,2724.22416
8/21/2023 21:00,2724.22416
8/21/2023 21:15,2724.22474
8/21/2023 21:30,2724.22416
8/21/2023 21:45,2724.222411
8/21/2023 22:00,2724.225909
8/21/2023 22:15,2724.22416
8/21/2023 22:30,2724.227659
8/21/2023 22:45,2724.225909
8/21/2023 23:00,2724.22474
8/21/2023 23:15,2724.22416
8/21/2023 23:30,2724.227659
8/21/2023 23:45,2724.227659
8/22/2023 0:00,2724.228818
8/22/2023 0:15,2724.225899
8/22/2023 0:30,2724.228818
8/22/2023 0:45,2724.225909
8/22/2023 1:00,2724.227079
8/22/2023 1:15,2724.225909
8/22/2023 1:30,2724.225909
8/22/2023 1:45,2724.225909
8/22/2023 2:00,2724.227079
8/22/2023 2:15,2724.227659
8/22/2023 2:30,2724.227079
8/22/2023 2:45,2724.225909
8/22/2023 3:00,2724.225909
8/22/2023 3:15,2724.227079
8/22/2023 3:30,2724.228828
8/22/2023 3:45,2724.228828
8/22/2023 4:00,2724.228828
8/22/2023 4:15,2724.227659
8/22/2023 4:30,2724.227079
8/22/2023 4:45,2724.227659
8/22/2023 5:00,2724.228828
8/22/2023 5:15,2724.225909
8/22/2023 5:30,2724.227659
8/22/2023 5:45,2724.228828
8/22/2023 6:00,2724.228828
8/22/2023 6:15,2724.227079
8/22/2023 6:30,2724.227079
8/22/2023 6:45,2724.228828
8/22/2023 7:00,2724.227659
8/22/2023 7:15,2724.225909
8/22/2023 7:30,2724.227659
8/22/2023 7:45,2724.227659
8/22/2023 8:00,2724.225899
8/22/2023 8:15,2724.227069
8/22/2023 8:30,2724.227069
8/22/2023 8:45,2724.227069
8/22/2023 9:00,2724.225909
8/22/2023 9:15,2724.227069
8/22/2023 9:30,2724.227069
8/22/2023 9:45,2724.227069
8/22/2023 10:00,2724.22532
8/22/2023 10:15,2724.227659
8/22/2023 10:30,2724.227069
8/22/2023 10:45,2724.227069
8/22/2023 11:00,2724.227079
8/22/2023 11:15,2724.22533
8/22/2023 11:30,2724.225909
8/22/2023 11:45,2724.221241
8/22/2023 12:00,2724.219492
8/22/2023 12:15,2724.222411
8/22/2023 12:30,2724.222401
8/22/2023 12:45,2724.225899
8/22/2023 13:00,2724.22474
8/22/2023 13:15,2724.22299
8/22/2023 13:30,2724.22416
8/22/2023 13:45,2724.220071
8/22/2023 14:00,2724.22474
8/22/2023 14:15,2724.221241
8/22/2023 14:30,2724.22299
8/22/2023 14:45,2724.221241
8/22/2023 15:00,2724.22299
8/22/2023 15:15,2724.22299
8/22/2023 15:30,2724.22358
8/22/2023 15:45,2724.220081
8/22/2023 16:00,2724.220081
8/22/2023 16:15,2724.221241
8/22/2023 16:30,2724.22299
8/22/2023 16:45,2724.22357
8/22/2023 17:00,2724.22357
8/22/2023 17:15,2724.219492
8/22/2023 17:30,2724.22474
8/22/2023 17:45,2724.221241
8/22/2023 18:00,2724.221821
8/22/2023 18:15,2724.220071
8/22/2023 18:30,2724.22299
8/22/2023 18:45,2724.225909
8/22/2023 19:00,2724.22357
8/22/2023 19:15,2724.22474
8/22/2023 19:30,2724.22416
8/22/2023 19:45,2724.225909
8/22/2023 20:00,2724.22474
8/22/2023 20:15,2724.22474
8/22/2023 20:30,2724.22299
8/22/2023 20:45,2724.22299
8/22/2023 21:00,2724.22474
8/22/2023 21:15,2724.225909
8/22/2023 21:30,2724.22416
8/22/2023 21:45,2724.227659
8/22/2023 22:00,2724.227659
8/22/2023 22:15,2724.229408
8/22/2023 22:30,2724.225909
8/22/2023 22:45,2724.227659
8/22/2023 23:00,2724.22474
8/22/2023 23:15,2724.225909
8/22/2023 23:30,2724.226489
8/22/2023 23:45,2724.225909
8/23/2023 0:00,2724.22416
8/23/2023 0:15,2724.22416
8/23/2023 0:30,2724.227659
8/23/2023 0:45,2724.226489
8/23/2023 1:00,2724.226489
8/23/2023 1:15,2724.22474
8/23/2023 1:30,2724.226489
8/23/2023 1:45,2724.225909
8/23/2023 2:00,2724.225909
8/23/2023 2:15,2724.226489
8/23/2023 2:30,2724.226489
8/23/2023 2:45,2724.227659
8/23/2023 3:00,2724.225909
8/23/2023 3:15,2724.226489
8/23/2023 3:30,2724.227659
8/23/2023 3:45,2724.227659
8/23/2023 4:00,2724.225909
8/23/2023 4:15,2724.225909
8/23/2023 4:30,2724.22474
8/23/2023 4:45,2724.225909
8/23/2023 5:00,2724.227659
8/23/2023 5:15,2724.225909
8/23/2023 5:30,2724.225909
8/23/2023 5:45,2724.225909
8/23/2023 6:00,2724.225909
8/23/2023 6:15,2724.227659
8/23/2023 6:30,2724.227659
8/23/2023 6:45,2724.227659
8/23/2023 7:00,2724.227659
8/23/2023 7:15,2724.225909
8/23/2023 7:30,2724.225909
8/23/2023 7:45,2724.227659
8/23/2023 8:00,2724.227659
8/23/2023 8:15,2724.22474
8/23/2023 8:30,2724.225909
8/23/2023 8:45,2724.227659
8/23/2023 9:00,2724.227659
8/23/2023 9:15,2724.227659
8/23/2023 9:30,2724.227659
8/23/2023 9:45,2724.227659
8/23/2023 10:00,2724.225909
8/23/2023 10:15,2724.227079
8/23/2023 10:30,2724.225909
8/23/2023 10:45,2724.225909
8/23/2023 11:00,2724.227659
8/23/2023 11:15,2724.225909
8/23/2023 11:30,2724.229398
8/23/2023 11:45,2724.22415
8/23/2023 12:00,2724.227649
8/23/2023 12:15,2724.226489
8/23/2023 12:30,2724.226489
8/23/2023 12:45,2724.22299
8/23/2023 13:00,2724.227659
8/23/2023 13:15,2724.227659
8/23/2023 13:30,2724.227649
8/23/2023 13:45,2724.226489
8/23/2023 14:00,2724.230568
8/23/2023 14:15,2724.22474
8/23/2023 14:30,2724.228818
8/23/2023 14:45,2724.22474
8/23/2023 15:00,2724.225909
8/23/2023 15:15,2724.226489
8/23/2023 15:30,2724.229408
8/23/2023 15:45,2724.22474
8/23/2023 16:00,2724.225899
8/23/2023 16:15,2724.226489
8/23/2023 16:30,2724.229408
8/23/2023 16:45,2724.22474
8/23/2023 17:00,2724.228239
8/23/2023 17:15,2724.226489
8/23/2023 17:30,2724.228239
8/23/2023 17:45,2724.22532
8/23/2023 18:00,2724.22532
8/23/2023 18:15,2724.226489
8/23/2023 18:30,2724.226489
8/23/2023 18:45,2724.226489
8/23/2023 19:00,2724.228239
8/23/2023 19:15,2724.22474
8/23/2023 19:30,2724.227659
8/23/2023 19:45,2724.22474
8/23/2023 20:00,2724.225909
8/23/2023 20:15,2724.226489
8/23/2023 20:30,2724.22474
8/23/2023 20:45,2724.225899
8/23/2023 21:00,2724.228239
8/23/2023 21:15,2724.227649
8/23/2023 21:30,2724.227659
8/23/2023 21:45,2724.226489
8/23/2023 22:00,2724.225909
8/23/2023 22:15,2724.22474
8/23/2023 22:30,2724.229398
8/23/2023 22:45,2724.226489
8/23/2023 23:00,2724.227649
8/23/2023 23:15,2724.226489
8/23/2023 23:30,2724.225909
8/23/2023 23:45,2724.231158
8/24/2023 0:00,2724.228818
8/24/2023 0:15,2724.227649
8/24/2023 0:30,2724.229398
8/24/2023 0:45,2724.231148
8/24/2023 1:00,2724.230568
8/24/2023 1:15,2724.231158
8/24/2023 1:30,2724.231158
8/24/2023 1:45,2724.229408
8/24/2023 2:00,2724.230578
8/24/2023 2:15,2724.229408
8/24/2023 2:30,2724.230578
8/24/2023 2:45,2724.229408
8/24/2023 3:00,2724.229408
8/24/2023 3:15,2724.227659
8/24/2023 3:30,2724.228239
8/24/2023 3:45,2724.229408
8/24/2023 4:00,2724.227659
8/24/2023 4:15,2724.226489
8/24/2023 4:30,2724.228239
8/24/2023 4:45,2724.229398
8/24/2023 5:00,2724.228239
8/24/2023 5:15,2724.22533
8/24/2023 5:30,2724.228239
8/24/2023 5:45,2724.226489
8/24/2023 6:00,2724.228239
8/24/2023 6:15,2724.226489
8/24/2023 6:30,2724.22474
8/24/2023 6:45,2724.22474
8/24/2023 7:00,2724.22474
8/24/2023 7:15,2724.225909
8/24/2023 7:30,2724.225909
8/24/2023 7:45,2724.226489
8/24/2023 8:00,2724.226489
8/24/2023 8:15,2724.228239
8/24/2023 8:30,2724.228239
8/24/2023 8:45,2724.227659
8/24/2023 9:00,2724.227659
8/24/2023 9:15,2724.22474
8/24/2023 9:30,2724.226489
8/24/2023 9:45,2724.22474
8/24/2023 10:00,2724.22474
8/24/2023 10:15,2724.22474
8/24/2023 10:30,2724.22474
8/24/2023 10:45,2724.226489
8/24/2023 11:00,2724.228239
8/24/2023 11:15,2724.226489
8/24/2023 11:30,2724.228239
8/24/2023 11:45,2724.226489
8/24/2023 12:00,2724.227649
8/24/2023 12:15,2724.225899
8/24/2023 12:30,2724.228239
8/24/2023 12:45,2724.226489
8/24/2023 13:00,2724.227659
8/24/2023 13:15,2724.227659
8/24/2023 13:30,2724.22474
8/24/2023 13:45,2724.228828
8/24/2023 14:00,2724.229408
8/24/2023 14:15,2724.228239
8/24/2023 14:30,2724.229408
8/24/2023 14:45,2724.226489
8/24/2023 15:00,2724.231158
8/24/2023 15:15,2724.228239
8/24/2023 15:30,2724.227649
8/24/2023 15:45,2724.227649
8/24/2023 16:00,2724.226489
8/24/2023 16:15,2724.228239
8/24/2023 16:30,2724.22533
8/24/2023 16:45,2724.22533
8/24/2023 17:00,2724.226489
8/24/2023 17:15,2724.228239
8/24/2023 17:30,2724.226489
8/24/2023 17:45,2724.228239
8/24/2023 18:00,2724.226489
8/24/2023 18:15,2724.22532
8/24/2023 18:30,2724.226489
8/24/2023 18:45,2724.228239
8/24/2023 19:00,2724.226489
8/24/2023 19:15,2724.227649
8/24/2023 19:30,2724.22474
8/24/2023 19:45,2724.22533
8/24/2023 20:00,2724.22533
8/24/2023 20:15,2724.226489
8/24/2023 20:30,2724.22474
8/24/2023 20:45,2724.226489
8/24/2023 21:00,2724.22474
8/24/2023 21:15,2724.22474
8/24/2023 21:30,2724.226489
8/24/2023 21:45,2724.225909
8/24/2023 22:00,2724.225909
8/24/2023 22:15,2724.227659
8/24/2023 22:30,2724.226489
8/24/2023 22:45,2724.226489
8/24/2023 23:00,2724.22474
8/24/2023 23:15,2724.227659
8/24/2023 23:30,2724.227659
8/24/2023 23:45,2724.225909
8/25/2023 0:00,2724.227659
8/25/2023 0:15,2724.227659
8/25/2023 0:30,2724.227659
8/25/2023 0:45,2724.227659
8/25/2023 1:00,2724.225909
8/25/2023 1:15,2724.226489
8/25/2023 1:30,2724.226489
8/25/2023 1:45,2724.226489
8/25/2023 2:00,2724.226489
8/25/2023 2:15,2724.226489
8/25/2023 2:30,2724.227659
8/25/2023 2:45,2724.225909
8/25/2023 3:00,2724.226489
8/25/2023 3:15,2724.227659
8/25/2023 3:30,2724.225909
8/25/2023 3:45,2724.225909
8/25/2023 4:00,2724.225909
8/25/2023 4:15,2724.226489
8/25/2023 4:30,2724.228239
8/25/2023 4:45,2724.226489
8/25/2023 5:00,2724.227659
8/25/2023 5:15,2724.228239
8/25/2023 5:30,2724.227659
8/25/2023 5:45,2724.227659
8/25/2023 6:00,2724.227659
8/25/2023 6:15,2724.226489
8/25/2023 6:30,2724.229408
8/25/2023 6:45,2724.228239
8/25/2023 7:00,2724.227649
8/25/2023 7:15,2724.226489
8/25/2023 7:30,2724.225899
8/25/2023 7:45,2724.226489
8/25/2023 8:00,2724.227659
8/25/2023 8:15,2724.226489
8/25/2023 8:30,2724.227659
8/25/2023 8:45,2724.225909
8/25/2023 9:00,2724.227659
8/25/2023 9:15,2724.227659
8/25/2023 9:30,2724.225909
8/25/2023 9:45,2724.226489
8/25/2023 10:00,2724.228828
8/25/2023 10:15,2724.227659
8/25/2023 10:30,2724.225909
8/25/2023 10:45,2724.22474
8/25/2023 11:00,2724.22474
8/25/2023 11:15,2724.226489
8/25/2023 11:30,2724.22474
8/25/2023 11:45,2724.22474
8/25/2023 12:00,2724.22474
8/25/2023 12:15,2724.225899
8/25/2023 12:30,2724.22474
8/25/2023 12:45,2724.22358
8/25/2023 13:00,2724.22299
8/25/2023 13:15,2724.22474
8/25/2023 13:30,2724.221821
8/25/2023 13:45,2724.22474
8/25/2023 14:00,2724.226489
8/25/2023 14:15,2724.22474
8/25/2023 14:30,2724.221821
8/25/2023 14:45,2724.22532
8/25/2023 15:00,2724.220071
8/25/2023 15:15,2724.22299
8/25/2023 15:30,2724.220661
8/25/2023 15:45,2724.221821
8/25/2023 16:00,2724.22299
8/25/2023 16:15,2724.22357
8/25/2023 16:30,2724.22299
8/25/2023 16:45,2724.225909
8/25/2023 17:00,2724.22474
8/25/2023 17:15,2724.22474
8/25/2023 17:30,2724.225909
8/25/2023 17:45,2724.226489
8/25/2023 18:00,2724.22299
8/25/2023 18:15,2724.22357
8/25/2023 18:30,2724.22474
8/25/2023 18:45,2724.22474
8/25/2023 19:00,2724.229398
8/25/2023 19:15,2724.227659
8/25/2023 19:30,2724.229408
8/25/2023 19:45,2724.227659
8/25/2023 20:00,2724.227659
8/25/2023 20:15,2724.228239
8/25/2023 20:30,2724.229398
8/25/2023 20:45,2724.234067
8/25/2023 21:00,2724.234067
8/25/2023 21:15,2724.232317
8/25/2023 21:30,2724.231148
8/25/2023 21:45,2724.229398
8/25/2023 22:00,2724.229398
8/25/2023 22:15,2724.234067
8/25/2023 22:30,2724.232897
8/25/2023 22:45,2724.232317
8/25/2023 23:00,2724.230568
8/25/2023 23:15,2724.231158
8/25/2023 23:30,2724.231158
8/25/2023 23:45,2724.232327
8/26/2023 0:00,2724.232317
8/26/2023 0:15,2724.231158
8/26/2023 0:30,2724.230568
8/26/2023 0:45,2724.231148
8/26/2023 1:00,2724.232317
8/26/2023 1:15,2724.229398
8/26/2023 1:30,2724.229398
8/26/2023 1:45,2724.231148
8/26/2023 2:00,2724.228239
8/26/2023 2:15,2724.229408
8/26/2023 2:30,2724.229408
8/26/2023 2:45,2724.231158
8/26/2023 3:00,2724.227659
8/26/2023 3:15,2724.231158
8/26/2023 3:30,2724.227659
8/26/2023 3:45,2724.231158
8/26/2023 4:00,2724.229408
8/26/2023 4:15,2724.228239
8/26/2023 4:30,2724.227659
8/26/2023 4:45,2724.227659
8/26/2023 5:00,2724.225909
8/26/2023 5:15,2724.227659
8/26/2023 5:30,2724.226489
8/26/2023 5:45,2724.228239
8/26/2023 6:00,2724.228239
8/26/2023 6:15,2724.227649
8/26/2023 6:30,2724.227649
8/26/2023 6:45,2724.227659
8/26/2023 7:00,2724.227659
8/26/2023 7:15,2724.227659
8/26/2023 7:30,2724.227659
8/26/2023 7:45,2724.227659
8/26/2023 8:00,2724.226489
8/26/2023 8:15,2724.227659
8/26/2023 8:30,2724.227659
8/26/2023 8:45,2724.226489
8/26/2023 9:00,2724.227659
8/26/2023 9:15,2724.225909
8/26/2023 9:30,2724.227659
8/26/2023 9:45,2724.225909
8/26/2023 10:00,2724.225909
8/26/2023 10:15,2724.227079
8/26/2023 10:30,2724.225909
8/26/2023 10:45,2724.228828
8/26/2023 11:00,2724.225909
8/26/2023 11:15,2724.22416
8/26/2023 11:30,2724.22474
8/26/2023 11:45,2724.225909
8/26/2023 12:00,2724.227649
8/26/2023 12:15,2724.225899
8/26/2023 12:30,2724.225899
8/26/2023 12:45,2724.225909
8/26/2023 13:00,2724.227069
8/26/2023 13:15,2724.225899
8/26/2023 13:30,2724.225899
8/26/2023 13:45,2724.227659
8/26/2023 14:00,2724.226489
8/26/2023 14:15,2724.226489
8/26/2023 14:30,2724.225909
8/26/2023 14:45,2724.225899
8/26/2023 15:00,2724.225909
8/26/2023 15:15,2724.227659
8/26/2023 15:30,2724.227659
8/26/2023 15:45,2724.225899
8/26/2023 16:00,2724.225899
8/26/2023 16:15,2724.227649
8/26/2023 16:30,2724.227659
8/26/2023 16:45,2724.226489
8/26/2023 17:00,2724.22299
8/26/2023 17:15,2724.225899
8/26/2023 17:30,2724.22474
8/26/2023 17:45,2724.225899
8/26/2023 18:00,2724.225899
8/26/2023 18:15,2724.22474
8/26/2023 18:30,2724.22358
8/26/2023 18:45,2724.22474
8/26/2023 19:00,2724.22474
8/26/2023 19:15,2724.22299
8/26/2023 19:30,2724.226489
8/26/2023 19:45,2724.22474
8/26/2023 20:00,2724.225909
8/26/2023 20:15,2724.226489
8/26/2023 20:30,2724.22474
8/26/2023 20:45,2724.225899
8/26/2023 21:00,2724.22474
8/26/2023 21:15,2724.22299
8/26/2023 21:30,2724.22474
8/26/2023 21:45,2724.22299
8/26/2023 22:00,2724.225909
8/26/2023 22:15,2724.227659
8/26/2023 22:30,2724.22416
8/26/2023 22:45,2724.226489
8/26/2023 23:00,2724.226489
8/26/2023 23:15,2724.226489
8/26/2023 23:30,2724.227649
8/26/2023 23:45,2724.22474
8/27/2023 0:00,2724.225909
8/27/2023 0:15,2724.227659
8/27/2023 0:30,2724.22474
8/27/2023 0:45,2724.22474
8/27/2023 1:00,2724.225909
8/27/2023 1:15,2724.225909
8/27/2023 1:30,2724.22299
8/27/2023 1:45,2724.226489
8/27/2023 2:00,2724.226489
8/27/2023 2:15,2724.227659
8/27/2023 2:30,2724.226489
8/27/2023 2:45,2724.225899
8/27/2023 3:00,2724.22474
8/27/2023 3:15,2724.226489
8/27/2023 3:30,2724.226489
8/27/2023 3:45,2724.228239
8/27/2023 4:00,2724.229408
8/27/2023 4:15,2724.225909
8/27/2023 4:30,2724.225909
8/27/2023 4:45,2724.229408
8/27/2023 5:00,2724.225909
8/27/2023 5:15,2724.227659
8/27/2023 5:30,2724.227659
8/27/2023 5:45,2724.225909
8/27/2023 6:00,2724.225909
8/27/2023 6:15,2724.227659
8/27/2023 6:30,2724.226489
8/27/2023 6:45,2724.226489
8/27/2023 7:00,2724.226489
8/27/2023 7:15,2724.228239
8/27/2023 7:30,2724.226489
8/27/2023 7:45,2724.227649
8/27/2023 8:00,2724.228239
8/27/2023 8:15,2724.226489
8/27/2023 8:30,2724.226489
8/27/2023 8:45,2724.22474
8/27/2023 9:00,2724.226489
8/27/2023 9:15,2724.227659
8/27/2023 9:30,2724.225909
8/27/2023 9:45,2724.225909
8/27/2023 10:00,2724.225909
8/27/2023 10:15,2724.227659
8/27/2023 10:30,2724.22299
8/27/2023 10:45,2724.22416
8/27/2023 11:00,2724.225909
8/27/2023 11:15,2724.22299
8/27/2023 11:30,2724.225909
8/27/2023 11:45,2724.22474
8/27/2023 12:00,2724.226489
8/27/2023 12:15,2724.22474
8/27/2023 12:30,2724.22474
8/27/2023 12:45,2724.229398
8/27/2023 13:00,2724.226489
8/27/2023 13:15,2724.22474
8/27/2023 13:30,2724.22474
8/27/2023 13:45,2724.226489
8/27/2023 14:00,2724.227649
8/27/2023 14:15,2724.226489
8/27/2023 14:30,2724.229408
8/27/2023 14:45,2724.227659
8/27/2023 15:00,2724.228239
8/27/2023 15:15,2724.228239
8/27/2023 15:30,2724.226489
8/27/2023 15:45,2724.226489
8/27/2023 16:00,2724.22474
8/27/2023 16:15,2724.228239
8/27/2023 16:30,2724.22299
8/27/2023 16:45,2724.22299
8/27/2023 17:00,2724.22474
8/27/2023 17:15,2724.22474
8/27/2023 17:30,2724.226489
8/27/2023 17:45,2724.226489
8/27/2023 18:00,2724.22357
8/27/2023 18:15,2724.22357
8/27/2023 18:30,2724.22357
8/27/2023 18:45,2724.22532
8/27/2023 19:00,2724.22532
8/27/2023 19:15,2724.22532
8/27/2023 19:30,2724.22474
8/27/2023 19:45,2724.221821
8/27/2023 20:00,2724.221831
8/27/2023 20:15,2724.22358
8/27/2023 20:30,2724.22299
8/27/2023 20:45,2724.22474
8/27/2023 21:00,2724.22474
8/27/2023 21:15,2724.226489
8/27/2023 21:30,2724.225909
8/27/2023 21:45,2724.225909
8/27/2023 22:00,2724.22474
8/27/2023 22:15,2724.226489
8/27/2023 22:30,2724.226489
8/27/2023 22:45,2724.228239
8/27/2023 23:00,2724.226489
8/27/2023 23:15,2724.227659
8/27/2023 23:30,2724.226489
8/27/2023 23:45,2724.22474
8/28/2023 0:00,2724.22474
8/28/2023 0:15,2724.227659
8/28/2023 0:30,2724.22474
8/28/2023 0:45,2724.225909
8/28/2023 1:00,2724.225909
8/28/2023 1:15,2724.227659
8/28/2023 1:30,2724.226489
8/28/2023 1:45,2724.226489
8/28/2023 2:00,2724.228239
8/28/2023 2:15,2724.227659
8/28/2023 2:30,2724.22474
8/28/2023 2:45,2724.227659
8/28/2023 3:00,2724.22474
8/28/2023 3:15,2724.225909
8/28/2023 3:30,2724.225909
8/28/2023 3:45,2724.226489
8/28/2023 4:00,2724.22474
8/28/2023 4:15,2724.227659
8/28/2023 4:30,2724.22474
8/28/2023 4:45,2724.226489
8/28/2023 5:00,2724.226489
8/28/2023 5:15,2724.228239
8/28/2023 5:30,2724.22474
8/28/2023 5:45,2724.225909
8/28/2023 6:00,2724.226489
8/28/2023 6:15,2724.226489
8/28/2023 6:30,2724.227649
8/28/2023 6:45,2724.227649
8/28/2023 7:00,2724.227649
8/28/2023 7:15,2724.226489
8/28/2023 7:30,2724.225909
8/28/2023 7:45,2724.225909
8/28/2023 8:00,2724.227659
8/28/2023 8:15,2724.227659
8/28/2023 8:30,2724.226489
8/28/2023 8:45,2724.227659
8/28/2023 9:00,2724.227659
8/28/2023 9:15,2724.225909
8/28/2023 9:30,2724.22416
8/28/2023 9:45,2724.225909
8/28/2023 10:00,2724.225909
8/28/2023 10:15,2724.22474
8/28/2023 10:30,2724.22474
8/28/2023 10:45,2724.226489
8/28/2023 11:00,2724.226489
8/28/2023 11:15,2724.22299
8/28/2023 11:30,2724.226489
8/28/2023 11:45,2724.226489
8/28/2023 12:00,2724.22474
8/28/2023 12:15,2724.25215
8/28/2023 12:30,2724.250981
8/28/2023 12:45,2724.249231
8/28/2023 13:00,2724.249231
8/28/2023 13:15,2724.246322
8/28/2023 13:30,2724.249821
8/28/2023 13:45,2724.245733
8/28/2023 14:00,2724.244563
8/28/2023 14:15,2724.244563
8/28/2023 14:30,2724.249231
8/28/2023 14:45,2724.246312
8/28/2023 15:00,2724.242814
8/28/2023 15:15,2724.239905
8/28/2023 15:30,2724.242814
8/28/2023 15:45,2724.240484
8/28/2023 16:00,2724.238735
8/28/2023 16:15,2724.236986
8/28/2023 16:30,2724.237565
8/28/2023 16:45,2724.234067
8/28/2023 17:00,2724.236986
8/28/2023 17:15,2724.235816
8/28/2023 17:30,2724.235236
8/28/2023 17:45,2724.232317
8/28/2023 18:00,2724.229398
8/28/2023 18:15,2724.233487
8/28/2023 18:30,2724.235816
8/28/2023 18:45,2724.232907
8/28/2023 19:00,2724.232327
8/28/2023 19:15,2724.234077
8/28/2023 19:30,2724.232327
8/28/2023 19:45,2724.230578
8/28/2023 20:00,2724.232327
8/28/2023 20:15,2724.230568
8/28/2023 20:30,2724.232317
8/28/2023 20:45,2724.232317
8/28/2023 21:00,2724.232317
8/28/2023 21:15,2724.229408
8/28/2023 21:30,2724.231158
8/28/2023 21:45,2724.231158
8/28/2023 22:00,2724.231158
8/28/2023 22:15,2724.229408
8/28/2023 22:30,2724.229408
8/28/2023 22:45,2724.232907
8/28/2023 23:00,2724.231158
8/28/2023 23:15,2724.229408
8/28/2023 23:30,2724.231158
8/28/2023 23:45,2724.229408
8/29/2023 0:00,2724.231158
8/29/2023 0:15,2724.229408
8/29/2023 0:30,2724.231158
8/29/2023 0:45,2724.230568
8/29/2023 1:00,2724.230568
8/29/2023 1:15,2724.229408
8/29/2023 1:30,2724.229398
8/29/2023 1:45,2724.228239
8/29/2023 2:00,2724.227659
8/29/2023 2:15,2724.227659
8/29/2023 2:30,2724.229408
8/29/2023 2:45,2724.226489
8/29/2023 3:00,2724.230578
8/29/2023 3:15,2724.229408
8/29/2023 3:30,2724.229408
8/29/2023 3:45,2724.229408
8/29/2023 4:00,2724.231158
8/29/2023 4:15,2724.229408
8/29/2023 4:30,2724.231158
8/29/2023 4:45,2724.231158
8/29/2023 5:00,2724.227649
8/29/2023 5:15,2724.230568
8/29/2023 5:30,2724.232317
8/29/2023 5:45,2724.232317
8/29/2023 6:00,2724.229398
8/29/2023 6:15,2724.232317
8/29/2023 6:30,2724.229398
8/29/2023 6:45,2724.232317
8/29/2023 7:00,2724.232317
8/29/2023 7:15,2724.229408
8/29/2023 7:30,2724.229408
8/29/2023 7:45,2724.230578
8/29/2023 8:00,2724.228828
8/29/2023 8:15,2724.228828
8/29/2023 8:30,2724.229408
8/29/2023 8:45,2724.229408
8/29/2023 9:00,2724.228818
8/29/2023 9:15,2724.227659
8/29/2023 9:30,2724.228818
8/29/2023 9:45,2724.227069
8/29/2023 10:00,2724.227659
8/29/2023 10:15,2724.228818
8/29/2023 10:30,2724.228818
8/29/2023 10:45,2724.228818
8/29/2023 11:00,2724.225909
8/29/2023 11:15,2724.225909
8/29/2023 11:30,2724.227079
8/29/2023 11:45,2724.225909
8/29/2023 12:00,2724.225909
8/29/2023 12:15,2724.225909
8/29/2023 12:30,2724.226489
8/29/2023 12:45,2724.226489
8/29/2023 13:00,2724.22474
8/29/2023 13:15,2724.225899
8/29/2023 13:30,2724.227649
8/29/2023 13:45,2724.227069
8/29/2023 14:00,2724.225899
8/29/2023 14:15,2724.22299
8/29/2023 14:30,2724.22474
8/29/2023 14:45,2724.226489
8/29/2023 15:00,2724.22474
8/29/2023 15:15,2724.226489
8/29/2023 15:30,2724.225909
8/29/2023 15:45,2724.225909
8/29/2023 16:00,2724.226489
8/29/2023 16:15,2724.22474
8/29/2023 16:30,2724.226489
8/29/2023 16:45,2724.22474
8/29/2023 17:00,2724.226489
8/29/2023 17:15,2724.225899
8/29/2023 17:30,2724.225899
8/29/2023 17:45,2724.22474
8/29/2023 18:00,2724.226489
8/29/2023 18:15,2724.22474
8/29/2023 18:30,2724.227649
8/29/2023 18:45,2724.22299
8/29/2023 19:00,2724.227649
8/29/2023 19:15,2724.226489
8/29/2023 19:30,2724.227649
8/29/2023 19:45,2724.22474
8/29/2023 20:00,2724.227659
8/29/2023 20:15,2724.225909
8/29/2023 20:30,2724.226489
8/29/2023 20:45,2724.225909
8/29/2023 21:00,2724.226489
8/29/2023 21:15,2724.228239
8/29/2023 21:30,2724.22474
8/29/2023 21:45,2724.227649
8/29/2023 22:00,2724.225899
8/29/2023 22:15,2724.225899
8/29/2023 22:30,2724.227649
8/29/2023 22:45,2724.226489
8/29/2023 23:00,2724.226489
8/29/2023 23:15,2724.227659
8/29/2023 23:30,2724.227659
8/29/2023 23:45,2724.229408
8/30/2023 0:00,2724.227659
8/30/2023 0:15,2724.228818
8/30/2023 0:30,2724.230568
8/30/2023 0:45,2724.228818
8/30/2023 1:00,2724.230568
8/30/2023 1:15,2724.228818
8/30/2023 1:30,2724.227649
8/30/2023 1:45,2724.227649
8/30/2023 2:00,2724.225899
8/30/2023 2:15,2724.232317
8/30/2023 2:30,2724.229398
8/30/2023 2:45,2724.228239
8/30/2023 3:00,2724.226489
8/30/2023 3:15,2724.228239
8/30/2023 3:30,2724.227659
8/30/2023 3:45,2724.227659
8/30/2023 4:00,2724.231158
8/30/2023 4:15,2724.231158
8/30/2023 4:30,2724.229408
8/30/2023 4:45,2724.229408
8/30/2023 5:00,2724.231158
8/30/2023 5:15,2724.229408
8/30/2023 5:30,2724.227659
8/30/2023 5:45,2724.227659
8/30/2023 6:00,2724.229408
8/30/2023 6:15,2724.229408
8/30/2023 6:30,2724.229408
8/30/2023 6:45,2724.227659
8/30/2023 7:00,2724.230568
8/30/2023 7:15,2724.227659
8/30/2023 7:30,2724.226489
8/30/2023 7:45,2724.228239
8/30/2023 8:00,2724.226489
8/30/2023 8:15,2724.22474
8/30/2023 8:30,2724.225899
8/30/2023 8:45,2724.226489
8/30/2023 9:00,2724.227649
8/30/2023 9:15,2724.227649
8/30/2023 9:30,2724.225899
8/30/2023 9:45,2724.227649
8/30/2023 10:00,2724.22415
8/30/2023 10:15,2724.22474
8/30/2023 10:30,2724.22474
8/30/2023 10:45,2724.225909
8/30/2023 11:00,2724.225909
8/30/2023 11:15,2724.22474
8/30/2023 11:30,2724.22474
8/30/2023 11:45,2724.22474
8/30/2023 12:00,2724.22299
8/30/2023 12:15,2724.22415
8/30/2023 12:30,2724.22474
8/30/2023 12:45,2724.226489
8/30/2023 13:00,2724.225909
8/30/2023 13:15,2724.22299
8/30/2023 13:30,2724.221241
8/30/2023 13:45,2724.221241
8/30/2023 14:00,2724.221241
8/30/2023 14:15,2724.225909
8/30/2023 14:30,2724.226489
8/30/2023 14:45,2724.22533
8/30/2023 15:00,2724.22533
8/30/2023 15:15,2724.22532
8/30/2023 15:30,2724.220071
8/30/2023 15:45,2724.222401
8/30/2023 16:00,2724.221821
8/30/2023 16:15,2724.226489
8/30/2023 16:30,2724.221821
8/30/2023 16:45,2724.220661
8/30/2023 17:00,2724.218912
8/30/2023 17:15,2724.221831
8/30/2023 17:30,2724.221831
8/30/2023 17:45,2724.221831
8/30/2023 18:00,2724.221831
8/30/2023 18:15,2724.22357
8/30/2023 18:30,2724.22358
8/30/2023 18:45,2724.222411
8/30/2023 19:00,2724.22474
8/30/2023 19:15,2724.220661
8/30/2023 19:30,2724.22358
8/30/2023 19:45,2724.221831
8/30/2023 20:00,2724.22358
8/30/2023 20:15,2724.22533
8/30/2023 20:30,2724.22533
8/30/2023 20:45,2724.22474
8/30/2023 21:00,2724.222411
8/30/2023 21:15,2724.22357
8/30/2023 21:30,2724.22532
8/30/2023 21:45,2724.22357
8/30/2023 22:00,2724.22532
8/30/2023 22:15,2724.227069
8/30/2023 22:30,2724.22532
8/30/2023 22:45,2724.22532
8/30/2023 23:00,2724.227069
8/30/2023 23:15,2724.22532
8/30/2023 23:30,2724.22532
8/30/2023 23:45,2724.22357
8/31/2023 0:00,2724.22357
8/31/2023 0:15,2724.22532
8/31/2023 0:30,2724.22357
8/31/2023 0:45,2724.22474
8/31/2023 1:00,2724.227069
8/31/2023 1:15,2724.226489
8/31/2023 1:30,2724.226489
8/31/2023 1:45,2724.22474
8/31/2023 2:00,2724.22533
8/31/2023 2:15,2724.228239
8/31/2023 2:30,2724.22533
8/31/2023 2:45,2724.22533
8/31/2023 3:00,2724.227079
8/31/2023 3:15,2724.22533
8/31/2023 3:30,2724.227079
8/31/2023 3:45,2724.226489
8/31/2023 4:00,2724.228239
8/31/2023 4:15,2724.227079
8/31/2023 4:30,2724.227079
8/31/2023 4:45,2724.227079
8/31/2023 5:00,2724.227079
8/31/2023 5:15,2724.227079
8/31/2023 5:30,2724.22533
8/31/2023 5:45,2724.227079
8/31/2023 6:00,2724.22533
8/31/2023 6:15,2724.226489
8/31/2023 6:30,2724.226489
8/31/2023 6:45,2724.226489
8/31/2023 7:00,2724.226489
8/31/2023 7:15,2724.226489
8/31/2023 7:30,2724.226489
8/31/2023 7:45,2724.22474
8/31/2023 8:00,2724.22474
8/31/2023 8:15,2724.226489
8/31/2023 8:30,2724.229988
8/31/2023 8:45,2724.22474
8/31/2023 9:00,2724.226489
8/31/2023 9:15,2724.226489
8/31/2023 9:30,2724.22474
8/31/2023 9:45,2724.226489
8/31/2023 10:00,2724.22357
8/31/2023 10:15,2724.226489
8/31/2023 10:30,2724.22299
8/31/2023 10:45,2724.22474
8/31/2023 11:00,2724.220071
8/31/2023 11:15,2724.218912
8/31/2023 11:30,2724.221821
8/31/2023 11:45,2724.218912
8/31/2023 12:00,2724.218912
8/31/2023 12:15,2724.220661
8/31/2023 12:30,2724.220661
8/31/2023 12:45,2724.220661
8/31/2023 13:00,2724.221831
8/31/2023 13:15,2724.220661
8/31/2023 13:30,2724.220661
8/31/2023 13:45,2724.220081
8/31/2023 14:00,2724.22357
8/31/2023 14:15,2724.22357
8/31/2023 14:30,2724.221821
8/31/2023 14:45,2724.22357
8/31/2023 15:00,2724.222401
8/31/2023 15:15,2724.22415
8/31/2023 15:30,2724.221821
8/31/2023 15:45,2724.220651
8/31/2023 16:00,2724.22532
8/31/2023 16:15,2724.222411
8/31/2023 16:30,2724.222411
8/31/2023 16:45,2724.22416
8/31/2023 17:00,2724.22357
8/31/2023 17:15,2724.220661
8/31/2023 17:30,2724.231737
8/31/2023 17:45,2724.231737
8/31/2023 18:00,2724.229988
8/31/2023 18:15,2724.228239
8/31/2023 18:30,2724.229988
8/31/2023 18:45,2724.226489
8/31/2023 19:00,2724.227069
8/31/2023 19:15,2724.228239
8/31/2023 19:30,2724.228239
8/31/2023 19:45,2724.227079
8/31/2023 20:00,2724.228239
8/31/2023 20:15,2724.228818
8/31/2023 20:30,2724.228818
8/31/2023 20:45,2724.226489
8/31/2023 21:00,2724.227069
8/31/2023 21:15,2724.228239
8/31/2023 21:30,2724.228239
8/31/2023 21:45,2724.228239
8/31/2023 22:00,2724.229988
8/31/2023 22:15,2724.228239
8/31/2023 22:30,2724.226489
8/31/2023 22:45,2724.228239
8/31/2023 23:00,2724.227079
8/31/2023 23:15,2724.228239
8/31/2023 23:30,2724.226489
8/31/2023 23:45,2724.229988
9/1/2023 0:00,2724.228239
9/1/2023 0:15,2724.228239
9/1/2023 0:30,2724.229988
9/1/2023 0:45,2724.228239
9/1/2023 1:00,2724.231158
9/1/2023 1:15,2724.228239
9/1/2023 1:30,2724.227069
9/1/2023 1:45,2724.228239
9/1/2023 2:00,2724.228239
9/1/2023 2:15,2724.228239
9/1/2023 2:30,2724.228239
9/1/2023 2:45,2724.229988
9/1/2023 3:00,2724.228239
9/1/2023 3:15,2724.228239
9/1/2023 3:30,2724.228239
9/1/2023 3:45,2724.228239
9/1/2023 4:00,2724.229988
9/1/2023 4:15,2724.228239
9/1/2023 4:30,2724.226489
9/1/2023 4:45,2724.227659
9/1/2023 5:00,2724.226489
9/1/2023 5:15,2724.229408
9/1/2023 5:30,2724.228239
9/1/2023 5:45,2724.226489
9/1/2023 6:00,2724.228239
9/1/2023 6:15,2724.226489
9/1/2023 6:30,2724.228239
9/1/2023 6:45,2724.226489
9/1/2023 7:00,2724.227659
9/1/2023 7:15,2724.22474
9/1/2023 7:30,2724.226489
9/1/2023 7:45,2724.228239
9/1/2023 8:00,2724.226489
9/1/2023 8:15,2724.228239
9/1/2023 8:30,2724.226489
9/1/2023 8:45,2724.226489
9/1/2023 9:00,2724.22474
9/1/2023 9:15,2724.226489
9/1/2023 9:30,2724.22474
9/1/2023 9:45,2724.225909
9/1/2023 10:00,2724.22474
9/1/2023 10:15,2724.226489
9/1/2023 10:30,2724.22474
9/1/2023 10:45,2724.226489
9/1/2023 11:00,2724.225909
9/1/2023 11:15,2724.221821
9/1/2023 11:30,2724.221821
9/1/2023 11:45,2724.22357
9/1/2023 12:00,2724.221821
9/1/2023 12:15,2724.22474
9/1/2023 12:30,2724.22299
9/1/2023 12:45,2724.22299
9/1/2023 13:00,2724.221241
9/1/2023 13:15,2724.22299
9/1/2023 13:30,2724.221241
9/1/2023 13:45,2724.221241
9/1/2023 14:00,2724.22299
9/1/2023 14:15,2724.22358
9/1/2023 14:30,2724.218912
9/1/2023 14:45,2724.221831
9/1/2023 15:00,2724.220661
9/1/2023 15:15,2724.222411
9/1/2023 15:30,2724.218912
9/1/2023 15:45,2724.220071
9/1/2023 16:00,2724.221821
9/1/2023 16:15,2724.220071
9/1/2023 16:30,2724.22532
9/1/2023 16:45,2724.220071
9/1/2023 17:00,2724.220651
9/1/2023 17:15,2724.218902
9/1/2023 17:30,2724.220071
9/1/2023 17:45,2724.220071
9/1/2023 18:00,2724.218902
9/1/2023 18:15,2724.218902
9/1/2023 18:30,2724.220651
9/1/2023 18:45,2724.221821
9/1/2023 19:00,2724.220071
9/1/2023 19:15,2724.221821
9/1/2023 19:30,2724.222401
9/1/2023 19:45,2724.221821
9/1/2023 20:00,2724.220661
9/1/2023 20:15,2724.221831
9/1/2023 20:30,2724.221831
9/1/2023 20:45,2724.221821
9/1/2023 21:00,2724.220071
9/1/2023 21:15,2724.22357
9/1/2023 21:30,2724.22357
9/1/2023 21:45,2724.22357
9/1/2023 22:00,2724.22474
9/1/2023 22:15,2724.22299
9/1/2023 22:30,2724.226489
9/1/2023 22:45,2724.22474
9/1/2023 23:00,2724.226489
9/1/2023 23:15,2724.226489
9/1/2023 23:30,2724.22474
9/1/2023 23:45,2724.227659
9/2/2023 0:00,2724.225909
9/2/2023 0:15,2724.225909
9/2/2023 0:30,2724.225909
9/2/2023 0:45,2724.229408
9/2/2023 1:00,2724.227659
9/2/2023 1:15,2724.22474
9/2/2023 1:30,2724.22474
9/2/2023 1:45,2724.22416
9/2/2023 2:00,2724.22474
9/2/2023 2:15,2724.225909
9/2/2023 2:30,2724.227659
9/2/2023 2:45,2724.227659
9/2/2023 3:00,2724.227659
9/2/2023 3:15,2724.225909
9/2/2023 3:30,2724.229408
9/2/2023 3:45,2724.225909
9/2/2023 4:00,2724.225909
9/2/2023 4:15,2724.225909
9/2/2023 4:30,2724.227659
9/2/2023 4:45,2724.225909
9/2/2023 5:00,2724.227659
9/2/2023 5:15,2724.225909
9/2/2023 5:30,2724.227659
9/2/2023 5:45,2724.225909
9/2/2023 6:00,2724.227659
9/2/2023 6:15,2724.227659
9/2/2023 6:30,2724.225909
9/2/2023 6:45,2724.229408
9/2/2023 7:00,2724.226489
9/2/2023 7:15,2724.228239
9/2/2023 7:30,2724.226489
9/2/2023 7:45,2724.226489
9/2/2023 8:00,2724.227659
9/2/2023 8:15,2724.227659
9/2/2023 8:30,2724.226489
9/2/2023 8:45,2724.22474
9/2/2023 9:00,2724.22474
9/2/2023 9:15,2724.227659
9/2/2023 9:30,2724.22474
9/2/2023 9:45,2724.227649
9/2/2023 10:00,2724.22415
9/2/2023 10:15,2724.22299
9/2/2023 10:30,2724.22415
9/2/2023 10:45,2724.22299
9/2/2023 11:00,2724.22299
9/2/2023 11:15,2724.221241
9/2/2023 11:30,2724.221831
9/2/2023 11:45,2724.218332
9/2/2023 12:00,2724.220081
9/2/2023 12:15,2724.219492
9/2/2023 12:30,2724.221821
9/2/2023 12:45,2724.22299
9/2/2023 13:00,2724.218322
9/2/2023 13:15,2724.22474
9/2/2023 13:30,2724.220071
9/2/2023 13:45,2724.221821
9/2/2023 14:00,2724.22299
9/2/2023 14:15,2724.221821
9/2/2023 14:30,2724.216573
9/2/2023 14:45,2724.220071
9/2/2023 15:00,2724.218332
9/2/2023 15:15,2724.220081
9/2/2023 15:30,2724.220661
9/2/2023 15:45,2724.217162
9/2/2023 16:00,2724.220071
9/2/2023 16:15,2724.218322
9/2/2023 16:30,2724.221821
9/2/2023 16:45,2724.220651
9/2/2023 17:00,2724.220071
9/2/2023 17:15,2724.220071
9/2/2023 17:30,2724.220651
9/2/2023 17:45,2724.221821
9/2/2023 18:00,2724.221821
9/2/2023 18:15,2724.221821
9/2/2023 18:30,2724.220071
9/2/2023 18:45,2724.22357
9/2/2023 19:00,2724.220661
9/2/2023 19:15,2724.221831
9/2/2023 19:30,2724.221831
9/2/2023 19:45,2724.221821
9/2/2023 20:00,2724.220071
9/2/2023 20:15,2724.221821
9/2/2023 20:30,2724.220071
9/2/2023 20:45,2724.220071
9/2/2023 21:00,2724.22474
9/2/2023 21:15,2724.220081
9/2/2023 21:30,2724.221831
9/2/2023 21:45,2724.220081
9/2/2023 22:00,2724.22299
9/2/2023 22:15,2724.22358
9/2/2023 22:30,2724.22474
9/2/2023 22:45,2724.221831
9/2/2023 23:00,2724.22358
9/2/2023 23:15,2724.22358
9/2/2023 23:30,2724.22358
9/2/2023 23:45,2724.22358
9/3/2023 0:00,2724.225899
9/3/2023 0:15,2724.22358
9/3/2023 0:30,2724.22474
9/3/2023 0:45,2724.22533
9/3/2023 1:00,2724.22533
9/3/2023 1:15,2724.22533
9/3/2023 1:30,2724.228239
9/3/2023 1:45,2724.22474
9/3/2023 2:00,2724.22474
9/3/2023 2:15,2724.22474
9/3/2023 2:30,2724.226489
9/3/2023 2:45,2724.22474
9/3/2023 3:00,2724.22474
9/3/2023 3:15,2724.22474
9/3/2023 3:30,2724.22299
9/3/2023 3:45,2724.22474
9/3/2023 4:00,2724.226489
9/3/2023 4:15,2724.22474
9/3/2023 4:30,2724.22474
9/3/2023 4:45,2724.227659
9/3/2023 5:00,2724.22474
9/3/2023 5:15,2724.22474
9/3/2023 5:30,2724.22299
9/3/2023 5:45,2724.226489
9/3/2023 6:00,2724.22357
9/3/2023 6:15,2724.226489
9/3/2023 6:30,2724.22474
9/3/2023 6:45,2724.22474
9/3/2023 7:00,2724.22474
9/3/2023 7:15,2724.22474
9/3/2023 7:30,2724.226489
9/3/2023 7:45,2724.22474
9/3/2023 8:00,2724.22357
9/3/2023 8:15,2724.22474
9/3/2023 8:30,2724.22299
9/3/2023 8:45,2724.22357
9/3/2023 9:00,2724.22474
9/3/2023 9:15,2724.22474
9/3/2023 9:30,2724.22357
9/3/2023 9:45,2724.22357
9/3/2023 10:00,2724.22474
9/3/2023 10:15,2724.227659
9/3/2023 10:30,2724.22474
9/3/2023 10:45,2724.22474
9/3/2023 11:00,2724.22474
9/3/2023 11:15,2724.221241
9/3/2023 11:30,2724.220081
9/3/2023 11:45,2724.220661
9/3/2023 12:00,2724.22299
9/3/2023 12:15,2724.220071
9/3/2023 12:30,2724.22299
9/3/2023 12:45,2724.22357
9/3/2023 13:00,2724.218322
9/3/2023 13:15,2724.220661
9/3/2023 13:30,2724.218912
9/3/2023 13:45,2724.220661
9/3/2023 14:00,2724.220071
9/3/2023 14:15,2724.220661
9/3/2023 14:30,2724.220651
9/3/2023 14:45,2724.218902
9/3/2023 15:00,2724.220651
9/3/2023 15:15,2724.220651
9/3/2023 15:30,2724.220661
9/3/2023 15:45,2724.219492
9/3/2023 16:00,2724.217742
9/3/2023 16:15,2724.220661
9/3/2023 16:30,2724.220661
9/3/2023 16:45,2724.219492
9/3/2023 17:00,2724.217742
9/3/2023 17:15,2724.217742
9/3/2023 17:30,2724.217742
9/3/2023 17:45,2724.218902
9/3/2023 18:00,2724.220651
9/3/2023 18:15,2724.219492
9/3/2023 18:30,2724.221241
9/3/2023 18:45,2724.218902
9/3/2023 19:00,2724.217742
9/3/2023 19:15,2724.215993
9/3/2023 19:30,2724.215993
9/3/2023 19:45,2724.219492
9/3/2023 20:00,2724.218902
9/3/2023 20:15,2724.219492
9/3/2023 20:30,2724.221241
9/3/2023 20:45,2724.219492
9/3/2023 21:00,2724.221241
9/3/2023 21:15,2724.219492
9/3/2023 21:30,2724.222411
9/3/2023 21:45,2724.220661
9/3/2023 22:00,2724.221241
9/3/2023 22:15,2724.222411
9/3/2023 22:30,2724.22415
9/3/2023 22:45,2724.220651
9/3/2023 23:00,2724.222401
9/3/2023 23:15,2724.222401
9/3/2023 23:30,2724.222401
9/3/2023 23:45,2724.220661
9/4/2023 0:00,2724.22416
9/4/2023 0:15,2724.22416
9/4/2023 0:30,2724.22416
9/4/2023 0:45,2724.22416
9/4/2023 1:00,2724.22358
9/4/2023 1:15,2724.22416
9/4/2023 1:30,2724.222411
9/4/2023 1:45,2724.22416
9/4/2023 2:00,2724.22416
9/4/2023 2:15,2724.22416
9/4/2023 2:30,2724.22415
9/4/2023 2:45,2724.22415
9/4/2023 3:00,2724.22532
9/4/2023 3:15,2724.22416
9/4/2023 3:30,2724.22532
9/4/2023 3:45,2724.227069
9/4/2023 4:00,2724.22415
9/4/2023 4:15,2724.22532
9/4/2023 4:30,2724.225899
9/4/2023 4:45,2724.22415
9/4/2023 5:00,2724.225899
9/4/2023 5:15,2724.22532
9/4/2023 5:30,2724.22532
9/4/2023 5:45,2724.22532
9/4/2023 6:00,2724.22416
9/4/2023 6:15,2724.228818
9/4/2023 6:30,2724.22357
9/4/2023 6:45,2724.227069
9/4/2023 7:00,2724.225899
9/4/2023 7:15,2724.22415
9/4/2023 7:30,2724.22415
9/4/2023 7:45,2724.227069
9/4/2023 8:00,2724.22415
9/4/2023 8:15,2724.22532
9/4/2023 8:30,2724.225899
9/4/2023 8:45,2724.222401
9/4/2023 9:00,2724.225899
9/4/2023 9:15,2724.22415
9/4/2023 9:30,2724.22415
9/4/2023 9:45,2724.22415
9/4/2023 10:00,2724.222401
9/4/2023 10:15,2724.22299
9/4/2023 10:30,2724.219492
9/4/2023 10:45,2724.220651
9/4/2023 11:00,2724.222401
9/4/2023 11:15,2724.218902
9/4/2023 11:30,2724.217742
9/4/2023 11:45,2724.219492
9/4/2023 12:00,2724.219492
9/4/2023 12:15,2724.220661
9/4/2023 12:30,2724.220661
9/4/2023 12:45,2724.221241
9/4/2023 13:00,2724.218322
9/4/2023 13:15,2724.22299
9/4/2023 13:30,2724.218322
9/4/2023 13:45,2724.219492
9/4/2023 14:00,2724.218332
9/4/2023 14:15,2724.218332
9/4/2023 14:30,2724.219492
9/4/2023 14:45,2724.219492
9/4/2023 15:00,2724.218322
9/4/2023 15:15,2724.218332
9/4/2023 15:30,2724.216573
9/4/2023 15:45,2724.218322
9/4/2023 16:00,2724.217162
9/4/2023 16:15,2724.216573
9/4/2023 16:30,2724.216573
9/4/2023 16:45,2724.217152
9/4/2023 17:00,2724.220071
9/4/2023 17:15,2724.216573
9/4/2023 17:30,2724.216573
9/4/2023 17:45,2724.214823
9/4/2023 18:00,2724.216573
9/4/2023 18:15,2724.217742
9/4/2023 18:30,2724.218322
9/4/2023 18:45,2724.216583
9/4/2023 19:00,2724.217742
9/4/2023 19:15,2724.218332
9/4/2023 19:30,2724.218332
9/4/2023 19:45,2724.214833
9/4/2023 20:00,2724.217742
9/4/2023 20:15,2724.217742
9/4/2023 20:30,2724.220071
9/4/2023 20:45,2724.221241
9/4/2023 21:00,2724.221241
9/4/2023 21:15,2724.221241
9/4/2023 21:30,2724.219492
9/4/2023 21:45,2724.217742
9/4/2023 22:00,2724.220661
9/4/2023 22:15,2724.218912
9/4/2023 22:30,2724.220661
9/4/2023 22:45,2724.222411
9/4/2023 23:00,2724.222411
9/4/2023 23:15,2724.220661
9/4/2023 23:30,2724.222411
9/4/2023 23:45,2724.220661
9/5/2023 0:00,2724.222411
9/5/2023 0:15,2724.222411
9/5/2023 0:30,2724.222411
9/5/2023 0:45,2724.222411
9/5/2023 1:00,2724.222401
9/5/2023 1:15,2724.222401
9/5/2023 1:30,2724.22415
9/5/2023 1:45,2724.222401
9/5/2023 2:00,2724.222401
9/5/2023 2:15,2724.22415
9/5/2023 2:30,2724.220651
9/5/2023 2:45,2724.22415
9/5/2023 3:00,2724.22415
9/5/2023 3:15,2724.22299
9/5/2023 3:30,2724.22416
9/5/2023 3:45,2724.225909
9/5/2023 4:00,2724.22416
9/5/2023 4:15,2724.220661
9/5/2023 4:30,2724.22416
9/5/2023 4:45,2724.225909
9/5/2023 5:00,2724.22416
9/5/2023 5:15,2724.22358
9/5/2023 5:30,2724.222411
9/5/2023 5:45,2724.227079
9/5/2023 6:00,2724.22532
9/5/2023 6:15,2724.22357
9/5/2023 6:30,2724.22415
9/5/2023 6:45,2724.22532
9/5/2023 7:00,2724.222401
9/5/2023 7:15,2724.222411
9/5/2023 7:30,2724.22358
9/5/2023 7:45,2724.22358
9/5/2023 8:00,2724.22416
9/5/2023 8:15,2724.22416
9/5/2023 8:30,2724.22416
9/5/2023 8:45,2724.22416
9/5/2023 9:00,2724.22474
9/5/2023 9:15,2724.22415
9/5/2023 9:30,2724.218902
9/5/2023 9:45,2724.220651
9/5/2023 10:00,2724.217742
9/5/2023 10:15,2724.220661
9/5/2023 10:30,2724.218902
9/5/2023 10:45,2724.215993
9/5/2023 11:00,2724.214243
9/5/2023 11:15,2724.213084
9/5/2023 11:30,2724.214833
9/5/2023 11:45,2724.214833
9/5/2023 12:00,2724.215403
9/5/2023 12:15,2724.214243
9/5/2023 12:30,2724.212494
9/5/2023 12:45,2724.215993
9/5/2023 13:00,2724.214823
9/5/2023 13:15,2724.214823
9/5/2023 13:30,2724.213074
9/5/2023 13:45,2724.214243
9/5/2023 14:00,2724.215993
9/5/2023 14:15,2724.214823
9/5/2023 14:30,2724.214823
9/5/2023 14:45,2724.216573
9/5/2023 15:00,2724.213074
9/5/2023 15:15,2724.211904
9/5/2023 15:30,2724.211904
9/5/2023 15:45,2724.213074
9/5/2023 16:00,2724.215993
9/5/2023 16:15,2724.214243
9/5/2023 16:30,2724.211324
9/5/2023 16:45,2724.211324
9/5/2023 17:00,2724.213074
9/5/2023 17:15,2724.213074
9/5/2023 17:30,2724.213074
9/5/2023 17:45,2724.214243
9/5/2023 18:00,2724.214243
9/5/2023 18:15,2724.215993
9/5/2023 18:30,2724.215993
9/5/2023 18:45,2724.214243
9/5/2023 19:00,2724.213084
9/5/2023 19:15,2724.215993
9/5/2023 19:30,2724.215993
9/5/2023 19:45,2724.214823
9/5/2023 20:00,2724.215993
9/5/2023 20:15,2724.212494
9/5/2023 20:30,2724.215993
9/5/2023 20:45,2724.214243
9/5/2023 21:00,2724.215993
9/5/2023 21:15,2724.217742
9/5/2023 21:30,2724.215413
9/5/2023 21:45,2724.214243
9/5/2023 22:00,2724.214243
9/5/2023 22:15,2724.217162
9/5/2023 22:30,2724.215993
9/5/2023 22:45,2724.217162
9/5/2023 23:00,2724.217162
9/5/2023 23:15,2724.217162
9/5/2023 23:30,2724.217162
9/5/2023 23:45,2724.217162
9/6/2023 0:00,2724.218912
9/6/2023 0:15,2724.220081
9/6/2023 0:30,2724.217162
9/6/2023 0:45,2724.218332
9/6/2023 1:00,2724.218912
9/6/2023 1:15,2724.218912
9/6/2023 1:30,2724.217162
9/6/2023 1:45,2724.217742
9/6/2023 2:00,2724.218912
9/6/2023 2:15,2724.218912
9/6/2023 2:30,2724.218912
9/6/2023 2:45,2724.217162
9/6/2023 3:00,2724.217162
9/6/2023 3:15,2724.218912
9/6/2023 3:30,2724.217162
9/6/2023 3:45,2724.220661
9/6/2023 4:00,2724.218912
9/6/2023 4:15,2724.220661
9/6/2023 4:30,2724.217742
9/6/2023 4:45,2724.220661
9/6/2023 5:00,2724.218912
9/6/2023 5:15,2724.218912
9/6/2023 5:30,2724.220081
9/6/2023 5:45,2724.218912
9/6/2023 6:00,2724.218902
9/6/2023 6:15,2724.221821
9/6/2023 6:30,2724.220071
9/6/2023 6:45,2724.218902
9/6/2023 7:00,2724.221821
9/6/2023 7:15,2724.218912
9/6/2023 7:30,2724.218912
9/6/2023 7:45,2724.220081
9/6/2023 8:00,2724.221241
9/6/2023 8:15,2724.221831
9/6/2023 8:30,2724.22299
9/6/2023 8:45,2724.220081
9/6/2023 9:00,2724.220081
9/6/2023 9:15,2724.218912
9/6/2023 9:30,2724.218332
9/6/2023 9:45,2724.221241
9/6/2023 10:00,2724.218332
9/6/2023 10:15,2724.216583
9/6/2023 10:30,2724.218332
9/6/2023 10:45,2724.218332
9/6/2023 11:00,2724.217162
9/6/2023 11:15,2724.212494
9/6/2023 11:30,2724.215993
9/6/2023 11:45,2724.215403
9/6/2023 12:00,2724.214243
9/6/2023 12:15,2724.214243
9/6/2023 12:30,2724.215403
9/6/2023 12:45,2724.215403
9/6/2023 13:00,2724.216573
9/6/2023 13:15,2724.215403
9/6/2023 13:30,2724.216573
9/6/2023 13:45,2724.216573
9/6/2023 14:00,2724.215413
9/6/2023 14:15,2724.213664
9/6/2023 14:30,2724.214243
9/6/2023 14:45,2724.213074
9/6/2023 15:00,2724.214243
9/6/2023 15:15,2724.214243
9/6/2023 15:30,2724.215993
9/6/2023 15:45,2724.214243
9/6/2023 16:00,2724.215993
9/6/2023 16:15,2724.214243
9/6/2023 16:30,2724.217162
9/6/2023 16:45,2724.214243
9/6/2023 17:00,2724.212494
9/6/2023 17:15,2724.212494
9/6/2023 17:30,2724.214243
9/6/2023 17:45,2724.214243
9/6/2023 18:00,2724.214243
9/6/2023 18:15,2724.214243
9/6/2023 18:30,2724.217152
9/6/2023 18:45,2724.214243
9/6/2023 19:00,2724.215403
9/6/2023 19:15,2724.214243
9/6/2023 19:30,2724.214243
9/6/2023 19:45,2724.214243
9/6/2023 20:00,2724.215993
9/6/2023 20:15,2724.215413
9/6/2023 20:30,2724.214243
9/6/2023 20:45,2724.217162
9/6/2023 21:00,2724.215993
9/6/2023 21:15,2724.214243
9/6/2023 21:30,2724.217152
9/6/2023 21:45,2724.217152
9/6/2023 22:00,2724.217152
9/6/2023 22:15,2724.217152
9/6/2023 22:30,2724.217152
9/6/2023 22:45,2724.220071
9/6/2023 23:00,2724.215993
9/6/2023 23:15,2724.217162
9/6/2023 23:30,2724.215413
9/6/2023 23:45,2724.217162
9/7/2023 0:00,2724.218912
9/7/2023 0:15,2724.218912
9/7/2023 0:30,2724.217162
9/7/2023 0:45,2724.220081
9/7/2023 1:00,2724.217162
9/7/2023 1:15,2724.217162
9/7/2023 1:30,2724.220081
9/7/2023 1:45,2724.218912
9/7/2023 2:00,2724.217162
9/7/2023 2:15,2724.217162
9/7/2023 2:30,2724.217162
9/7/2023 2:45,2724.218322
9/7/2023 3:00,2724.220071
9/7/2023 3:15,2724.220071
9/7/2023 3:30,2724.218912
9/7/2023 3:45,2724.218912
9/7/2023 4:00,2724.218322
9/7/2023 4:15,2724.218912
9/7/2023 4:30,2724.217162
9/7/2023 4:45,2724.218912
9/7/2023 5:00,2724.218912
9/7/2023 5:15,2724.220661
9/7/2023 5:30,2724.218912
9/7/2023 5:45,2724.215413
9/7/2023 6:00,2724.218912
9/7/2023 6:15,2724.217162
9/7/2023 6:30,2724.218912
9/7/2023 6:45,2724.220081
9/7/2023 7:00,2724.218912
9/7/2023 7:15,2724.218912
9/7/2023 7:30,2724.218912
9/7/2023 7:45,2724.220071
9/7/2023 8:00,2724.220661
9/7/2023 8:15,2724.218912
9/7/2023 8:30,2724.218322
9/7/2023 8:45,2724.217162
9/7/2023 9:00,2724.217152
9/7/2023 9:15,2724.218902
9/7/2023 9:30,2724.218902
9/7/2023 9:45,2724.217152
9/7/2023 10:00,2724.215403
9/7/2023 10:15,2724.217152
9/7/2023 10:30,2724.216573
9/7/2023 10:45,2724.217152
9/7/2023 11:00,2724.213654
9/7/2023 11:15,2724.211904
9/7/2023 11:30,2724.212494
9/7/2023 11:45,2724.215403
9/7/2023 12:00,2724.215403
9/7/2023 12:15,2724.213654
9/7/2023 12:30,2724.213664
9/7/2023 12:45,2724.212494
9/7/2023 13:00,2724.212494
9/7/2023 13:15,2724.212494
9/7/2023 13:30,2724.213664
9/7/2023 13:45,2724.214243
9/7/2023 14:00,2724.212494
9/7/2023 14:15,2724.212494
9/7/2023 14:30,2724.214243
9/7/2023 14:45,2724.213074
9/7/2023 15:00,2724.211324
9/7/2023 15:15,2724.211324
9/7/2023 15:30,2724.210745
9/7/2023 15:45,2724.209585
9/7/2023 16:00,2724.212494
9/7/2023 16:15,2724.213654
9/7/2023 16:30,2724.213654
9/7/2023 16:45,2724.211334
9/7/2023 17:00,2724.213084
9/7/2023 17:15,2724.211334
9/7/2023 17:30,2724.214243
9/7/2023 17:45,2724.209585
9/7/2023 18:00,2724.214243
9/7/2023 18:15,2724.214243
9/7/2023 18:30,2724.214243
9/7/2023 18:45,2724.214243
9/7/2023 19:00,2724.215993
9/7/2023 19:15,2724.214243
9/7/2023 19:30,2724.213664
9/7/2023 19:45,2724.214243
9/7/2023 20:00,2724.212494
9/7/2023 20:15,2724.215993
9/7/2023 20:30,2724.215403
9/7/2023 20:45,2724.217152
9/7/2023 21:00,2724.216573
9/7/2023 21:15,2724.215413
9/7/2023 21:30,2724.215413
9/7/2023 21:45,2724.215413
9/7/2023 22:00,2724.217162
9/7/2023 22:15,2724.217162
9/7/2023 22:30,2724.215413
9/7/2023 22:45,2724.215413
9/7/2023 23:00,2724.217162
9/7/2023 23:15,2724.217162
9/7/2023 23:30,2724.217162
9/7/2023 23:45,2724.215413
9/8/2023 0:00,2724.215413
9/8/2023 0:15,2724.217162
9/8/2023 0:30,2724.217162
9/8/2023 0:45,2724.217162
9/8/2023 1:00,2724.217162
9/8/2023 1:15,2724.217162
9/8/2023 1:30,2724.217162
9/8/2023 1:45,2724.217162
9/8/2023 2:00,2724.218322
9/8/2023 2:15,2724.217162
9/8/2023 2:30,2724.215993
9/8/2023 2:45,2724.218322
9/8/2023 3:00,2724.218322
9/8/2023 3:15,2724.217152
9/8/2023 3:30,2724.218322
9/8/2023 3:45,2724.220661
9/8/2023 4:00,2724.221821
9/8/2023 4:15,2724.218912
9/8/2023 4:30,2724.217162
9/8/2023 4:45,2724.218912
9/8/2023 5:00,2724.217162
9/8/2023 5:15,2724.221831
9/8/2023 5:30,2724.220081
9/8/2023 5:45,2724.218912
9/8/2023 6:00,2724.218912
9/8/2023 6:15,2724.218912
9/8/2023 6:30,2724.218322
9/8/2023 6:45,2724.218322
9/8/2023 7:00,2724.220071
9/8/2023 7:15,2724.220071
9/8/2023 7:30,2724.218902
9/8/2023 7:45,2724.218322
9/8/2023 8:00,2724.218322
9/8/2023 8:15,2724.220071
9/8/2023 8:30,2724.218322
9/8/2023 8:45,2724.216573
9/8/2023 9:00,2724.218322
9/8/2023 9:15,2724.218322
9/8/2023 9:30,2724.216573
9/8/2023 9:45,2724.219492
9/8/2023 10:00,2724.213664
9/8/2023 10:15,2724.213084
9/8/2023 10:30,2724.211914
9/8/2023 10:45,2724.210745
9/8/2023 11:00,2724.210165
9/8/2023 11:15,2724.213664
9/8/2023 11:30,2724.213664
9/8/2023 11:45,2724.210745
9/8/2023 12:00,2724.210745
9/8/2023 12:15,2724.214823
9/8/2023 12:30,2724.210155
9/8/2023 12:45,2724.211904
9/8/2023 13:00,2724.213654
9/8/2023 13:15,2724.214823
9/8/2023 13:30,2724.210745
9/8/2023 13:45,2724.215413
9/8/2023 14:00,2724.215413
9/8/2023 14:15,2724.208995
9/8/2023 14:30,2724.212494
9/8/2023 14:45,2724.212494
9/8/2023 15:00,2724.210745
9/8/2023 15:15,2724.208995
9/8/2023 15:30,2724.211904
9/8/2023 15:45,2724.210745
9/8/2023 16:00,2724.210745
9/8/2023 16:15,2724.207836
9/8/2023 16:30,2724.212494
9/8/2023 16:45,2724.212494
9/8/2023 17:00,2724.206666
9/8/2023 17:15,2724.209575
9/8/2023 17:30,2724.209585
9/8/2023 17:45,2724.209585
9/8/2023 18:00,2724.211334
9/8/2023 18:15,2724.210745
9/8/2023 18:30,2724.210745
9/8/2023 18:45,2724.212494
9/8/2023 19:00,2724.210745
9/8/2023 19:15,2724.212494
9/8/2023 19:30,2724.214243
9/8/2023 19:45,2724.210745
9/8/2023 20:00,2724.211914
9/8/2023 20:15,2724.212494
9/8/2023 20:30,2724.212494
9/8/2023 20:45,2724.211904
9/8/2023 21:00,2724.211904
9/8/2023 21:15,2724.211904
9/8/2023 21:30,2724.213664
9/8/2023 21:45,2724.213664
9/8/2023 22:00,2724.211914
9/8/2023 22:15,2724.215413
9/8/2023 22:30,2724.215413
9/8/2023 22:45,2724.213664
9/8/2023 23:00,2724.213664
9/8/2023 23:15,2724.213664
9/8/2023 23:30,2724.213664
9/8/2023 23:45,2724.215413
9/9/2023 0:00,2724.215413
9/9/2023 0:15,2724.215413
9/9/2023 0:30,2724.217162
9/9/2023 0:45,2724.215413
9/9/2023 1:00,2724.215413
9/9/2023 1:15,2724.215413
9/9/2023 1:30,2724.213664
9/9/2023 1:45,2724.218322
9/9/2023 2:00,2724.215413
9/9/2023 2:15,2724.216583
9/9/2023 2:30,2724.216583
9/9/2023 2:45,2724.217162
9/9/2023 3:00,2724.215413
9/9/2023 3:15,2724.215413
9/9/2023 3:30,2724.215413
9/9/2023 3:45,2724.215413
9/9/2023 4:00,2724.217162
9/9/2023 4:15,2724.217162
9/9/2023 4:30,2724.215413
9/9/2023 4:45,2724.215413
9/9/2023 5:00,2724.215413
9/9/2023 5:15,2724.218912
9/9/2023 5:30,2724.220081
9/9/2023 5:45,2724.218912
9/9/2023 6:00,2724.217162
9/9/2023 6:15,2724.216583
9/9/2023 6:30,2724.215413
9/9/2023 6:45,2724.216583
9/9/2023 7:00,2724.219492
9/9/2023 7:15,2724.215413
9/9/2023 7:30,2724.216573
9/9/2023 7:45,2724.218322
9/9/2023 8:00,2724.218322
9/9/2023 8:15,2724.216573
9/9/2023 8:30,2724.216573
9/9/2023 8:45,2724.217162
9/9/2023 9:00,2724.216573
9/9/2023 9:15,2724.216573
9/9/2023 9:30,2724.214823
9/9/2023 9:45,2724.213654
9/9/2023 10:00,2724.216573
9/9/2023 10:15,2724.214823
9/9/2023 10:30,2724.214823
9/9/2023 10:45,2724.210165
9/9/2023 11:00,2724.211914
9/9/2023 11:15,2724.211914
9/9/2023 11:30,2724.213664
9/9/2023 11:45,2724.212494
9/9/2023 12:00,2724.208995
9/9/2023 12:15,2724.212494
9/9/2023 12:30,2724.213664
9/9/2023 12:45,2724.213664
9/9/2023 13:00,2724.211914
9/9/2023 13:15,2724.211904
9/9/2023 13:30,2724.211904
9/9/2023 13:45,2724.210745
9/9/2023 14:00,2724.210745
9/9/2023 14:15,2724.212494
9/9/2023 14:30,2724.212494
9/9/2023 14:45,2724.211324
9/9/2023 15:00,2724.212494
9/9/2023 15:15,2724.212494
9/9/2023 15:30,2724.208995
9/9/2023 15:45,2724.210745
9/9/2023 16:00,2724.207836
9/9/2023 16:15,2724.212494
9/9/2023 16:30,2724.210745
9/9/2023 16:45,2724.208995
9/9/2023 17:00,2724.210745
9/9/2023 17:15,2724.209575
9/9/2023 17:30,2724.207826
9/9/2023 17:45,2724.209575
9/9/2023 18:00,2724.209575
9/9/2023 18:15,2724.211324
9/9/2023 18:30,2724.212494
9/9/2023 18:45,2724.210745
9/9/2023 19:00,2724.212494
9/9/2023 19:15,2724.212494
9/9/2023 19:30,2724.209585
9/9/2023 19:45,2724.214243
9/9/2023 20:00,2724.214243
9/9/2023 20:15,2724.213664
9/9/2023 20:30,2724.214243
9/9/2023 20:45,2724.210745
9/9/2023 21:00,2724.212494
9/9/2023 21:15,2724.213664
9/9/2023 21:30,2724.213664
9/9/2023 21:45,2724.214243
9/9/2023 22:00,2724.215993
9/9/2023 22:15,2724.215413
9/9/2023 22:30,2724.214243
9/9/2023 22:45,2724.214243
9/9/2023 23:00,2724.215993
9/9/2023 23:15,2724.214243
9/9/2023 23:30,2724.214243
9/9/2023 23:45,2724.215993
9/10/2023 0:00,2724.215993
9/10/2023 0:15,2724.214243
9/10/2023 0:30,2724.214243
9/10/2023 0:45,2724.215993
9/10/2023 1:00,2724.217162
9/10/2023 1:15,2724.215993
9/10/2023 1:30,2724.220081
9/10/2023 1:45,2724.215413
9/10/2023 2:00,2724.215413
9/10/2023 2:15,2724.215413
9/10/2023 2:30,2724.215403
9/10/2023 2:45,2724.214243
9/10/2023 3:00,2724.215993
9/10/2023 3:15,2724.218912
9/10/2023 3:30,2724.215993
9/10/2023 3:45,2724.215993
9/10/2023 4:00,2724.215403
9/10/2023 4:15,2724.217152
9/10/2023 4:30,2724.215403
9/10/2023 4:45,2724.217152
9/10/2023 5:00,2724.215403
9/10/2023 5:15,2724.217152
9/10/2023 5:30,2724.215403
9/10/2023 5:45,2724.214243
9/10/2023 6:00,2724.216573
9/10/2023 6:15,2724.217162
9/10/2023 6:30,2724.218912
9/10/2023 6:45,2724.217162
9/10/2023 7:00,2724.215413
9/10/2023 7:15,2724.215413
9/10/2023 7:30,2724.215413
9/10/2023 7:45,2724.217162
9/10/2023 8:00,2724.217162
9/10/2023 8:15,2724.215413
9/10/2023 8:30,2724.213664
9/10/2023 8:45,2724.215413
9/10/2023 9:00,2724.217162
9/10/2023 9:15,2724.217162
9/10/2023 9:30,2724.215413
9/10/2023 9:45,2724.213664
9/10/2023 10:00,2724.213664
9/10/2023 10:15,2724.217162
9/10/2023 10:30,2724.215413
9/10/2023 10:45,2724.214243
9/10/2023 11:00,2724.217152
9/10/2023 11:15,2724.210745
9/10/2023 11:30,2724.214243
9/10/2023 11:45,2724.210745
9/10/2023 12:00,2724.214243
9/10/2023 12:15,2724.210745
9/10/2023 12:30,2724.214243
9/10/2023 12:45,2724.210745
9/10/2023 13:00,2724.213664
9/10/2023 13:15,2724.212494
9/10/2023 13:30,2724.212494
9/10/2023 13:45,2724.213074
9/10/2023 14:00,2724.215993
9/10/2023 14:15,2724.209585
9/10/2023 14:30,2724.213084
9/10/2023 14:45,2724.211334
9/10/2023 15:00,2724.213084
9/10/2023 15:15,2724.214243
9/10/2023 15:30,2724.211324
9/10/2023 15:45,2724.212494
9/10/2023 16:00,2724.214243
9/10/2023 16:15,2724.214823
9/10/2023 16:30,2724.212494
9/10/2023 16:45,2724.214243
9/10/2023 17:00,2724.214243
9/10/2023 17:15,2724.213074
9/10/2023 17:30,2724.211324
9/10/2023 17:45,2724.211324
9/10/2023 18:00,2724.209575
9/10/2023 18:15,2724.213074
9/10/2023 18:30,2724.212494
9/10/2023 18:45,2724.213074
9/10/2023 19:00,2724.213074
9/10/2023 19:15,2724.212494
9/10/2023 19:30,2724.214243
9/10/2023 19:45,2724.212494
9/10/2023 20:00,2724.214243
9/10/2023 20:15,2724.213074
9/10/2023 20:30,2724.214243
9/10/2023 20:45,2724.215413
9/10/2023 21:00,2724.214243
9/10/2023 21:15,2724.214243
9/10/2023 21:30,2724.213074
9/10/2023 21:45,2724.214243
9/10/2023 22:00,2724.215413
9/10/2023 22:15,2724.214243
9/10/2023 22:30,2724.214243
9/10/2023 22:45,2724.214243
9/10/2023 23:00,2724.215993
9/10/2023 23:15,2724.214243
9/10/2023 23:30,2724.214243
9/10/2023 23:45,2724.214243
9/11/2023 0:00,2724.215993
9/11/2023 0:15,2724.215993
9/11/2023 0:30,2724.215993
9/11/2023 0:45,2724.217742
9/11/2023 1:00,2724.215993
9/11/2023 1:15,2724.214243
9/11/2023 1:30,2724.215993
9/11/2023 1:45,2724.215413
9/11/2023 2:00,2724.215993
9/11/2023 2:15,2724.217162
9/11/2023 2:30,2724.215993
9/11/2023 2:45,2724.215993
9/11/2023 3:00,2724.217162
9/11/2023 3:15,2724.217742
9/11/2023 3:30,2724.219492
9/11/2023 3:45,2724.218912
9/11/2023 4:00,2724.217742
9/11/2023 4:15,2724.215993
9/11/2023 4:30,2724.217152
9/11/2023 4:45,2724.217742
9/11/2023 5:00,2724.215993
9/11/2023 5:15,2724.218902
9/11/2023 5:30,2724.217742
9/11/2023 5:45,2724.217742
9/11/2023 6:00,2724.217152
9/11/2023 6:15,2724.217742
9/11/2023 6:30,2724.215993
9/11/2023 6:45,2724.218912
9/11/2023 7:00,2724.217162
9/11/2023 7:15,2724.218912
9/11/2023 7:30,2724.217742
9/11/2023 7:45,2724.217162
9/11/2023 8:00,2724.218912
9/11/2023 8:15,2724.218912
9/11/2023 8:30,2724.217742
9/11/2023 8:45,2724.214243
9/11/2023 9:00,2724.217742
9/11/2023 9:15,2724.217742
9/11/2023 9:30,2724.217162
9/11/2023 9:45,2724.217742
9/11/2023 10:00,2724.217162
9/11/2023 10:15,2724.215993
9/11/2023 10:30,2724.214243
9/11/2023 10:45,2724.214243
9/11/2023 11:00,2724.212494
9/11/2023 11:15,2724.214243
9/11/2023 11:30,2724.214833
9/11/2023 11:45,2724.214833
9/11/2023 12:00,2724.214833
9/11/2023 12:15,2724.214243
9/11/2023 12:30,2724.217162
9/11/2023 12:45,2724.215993
9/11/2023 13:00,2724.215993
9/11/2023 13:15,2724.215993
9/11/2023 13:30,2724.215993
9/11/2023 13:45,2724.215993
9/11/2023 14:00,2724.214823
9/11/2023 14:15,2724.215993
9/11/2023 14:30,2724.215993
9/11/2023 14:45,2724.214823
9/11/2023 15:00,2724.214243
9/11/2023 15:15,2724.213074
9/11/2023 15:30,2724.216573
9/11/2023 15:45,2724.218912
9/11/2023 16:00,2724.220661
9/11/2023 16:15,2724.218912
9/11/2023 16:30,2724.217162
9/11/2023 16:45,2724.215993
9/11/2023 17:00,2724.218912
9/11/2023 17:15,2724.218912
9/11/2023 17:30,2724.216573
9/11/2023 17:45,2724.216573
9/11/2023 18:00,2724.215993
9/11/2023 18:15,2724.217162
9/11/2023 18:30,2724.217162
9/11/2023 18:45,2724.217742
9/11/2023 19:00,2724.218902
9/11/2023 19:15,2724.217152
9/11/2023 19:30,2724.218902
9/11/2023 19:45,2724.217742
9/11/2023 20:00,2724.217742
9/11/2023 20:15,2724.215993
9/11/2023 20:30,2724.215993
9/11/2023 20:45,2724.214243
9/11/2023 21:00,2724.217162
9/11/2023 21:15,2724.217742
9/11/2023 21:30,2724.217742
9/11/2023 21:45,2724.218902
9/11/2023 22:00,2724.218902
9/11/2023 22:15,2724.220651
9/11/2023 22:30,2724.218902
9/11/2023 22:45,2724.217152
9/11/2023 23:00,2724.220651
9/11/2023 23:15,2724.218902
9/11/2023 23:30,2724.221821
9/11/2023 23:45,2724.221821
9/12/2023 0:00,2724.221831
9/12/2023 0:15,2724.221831
9/12/2023 0:30,2724.220661
9/12/2023 0:45,2724.221831
9/12/2023 1:00,2724.220661
9/12/2023 1:15,2724.221821
9/12/2023 1:30,2724.220661
9/12/2023 1:45,2724.221821
9/12/2023 2:00,2724.221821
9/12/2023 2:15,2724.220651
9/12/2023 2:30,2724.221821
9/12/2023 2:45,2724.22474
9/12/2023 3:00,2724.221821
9/12/2023 3:15,2724.22474
9/12/2023 3:30,2724.22357
9/12/2023 3:45,2724.226489
9/12/2023 4:00,2724.228239
9/12/2023 4:15,2724.231148
9/12/2023 4:30,2724.229988
9/12/2023 4:45,2724.229988
9/12/2023 5:00,2724.229988
9/12/2023 5:15,2724.228239
9/12/2023 5:30,2724.227659
9/12/2023 5:45,2724.229408
9/12/2023 6:00,2724.229988
9/12/2023 6:15,2724.228239
9/12/2023 6:30,2724.227659
9/12/2023 6:45,2724.229988
9/12/2023 7:00,2724.229988
9/12/2023 7:15,2724.231158
9/12/2023 7:30,2724.226489
9/12/2023 7:45,2724.226489
9/12/2023 8:00,2724.22532
9/12/2023 8:15,2724.227659
9/12/2023 8:30,2724.226489
9/12/2023 8:45,2724.22357
9/12/2023 9:00,2724.22532
9/12/2023 9:15,2724.22357
9/12/2023 9:30,2724.22532
9/12/2023 9:45,2724.221821
9/12/2023 10:00,2724.221821
9/12/2023 10:15,2724.221821
9/12/2023 10:30,2724.221821
9/12/2023 10:45,2724.22357
9/12/2023 11:00,2724.22357
9/12/2023 11:15,2724.222401
9/12/2023 11:30,2724.22357
9/12/2023 11:45,2724.22474
9/12/2023 12:00,2724.226489
9/12/2023 12:15,2724.228239
9/12/2023 12:30,2724.22533
9/12/2023 12:45,2724.22474
9/12/2023 13:00,2724.22533
9/12/2023 13:15,2724.22533
9/12/2023 13:30,2724.22357
9/12/2023 13:45,2724.22357
9/12/2023 14:00,2724.22532
9/12/2023 14:15,2724.227069
9/12/2023 14:30,2724.228239
9/12/2023 14:45,2724.22533
9/12/2023 15:00,2724.22533
9/12/2023 15:15,2724.226489
9/12/2023 15:30,2724.22533
9/12/2023 15:45,2724.222411
9/12/2023 16:00,2724.22533
9/12/2023 16:15,2724.22358
9/12/2023 16:30,2724.22533
9/12/2023 16:45,2724.22416
9/12/2023 17:00,2724.221241
9/12/2023 17:15,2724.222411
9/12/2023 17:30,2724.22357
9/12/2023 17:45,2724.22416
9/12/2023 18:00,2724.221241
9/12/2023 18:15,2724.222411
9/12/2023 18:30,2724.22416
9/12/2023 18:45,2724.222401
9/12/2023 19:00,2724.221241
9/12/2023 19:15,2724.22357
9/12/2023 19:30,2724.221241
9/12/2023 19:45,2724.218912
9/12/2023 20:00,2724.222411
9/12/2023 20:15,2724.222411
9/12/2023 20:30,2724.219492
9/12/2023 20:45,2724.220661
9/12/2023 21:00,2724.221821
9/12/2023 21:15,2724.220661
9/12/2023 21:30,2724.22532
9/12/2023 21:45,2724.22357
9/12/2023 22:00,2724.22532
9/12/2023 22:15,2724.221821
9/12/2023 22:30,2724.221821
9/12/2023 22:45,2724.222411
9/12/2023 23:00,2724.22357
9/12/2023 23:15,2724.220661
9/12/2023 23:30,2724.218912
9/12/2023 23:45,2724.222411
9/13/2023 0:00,2724.218912
9/13/2023 0:15,2724.219492
9/13/2023 0:30,2724.221831
9/13/2023 0:45,2724.220661
9/13/2023 1:00,2724.219492
9/13/2023 1:15,2724.220661
9/13/2023 1:30,2724.22416
9/13/2023 1:45,2724.221241
9/13/2023 2:00,2724.219492
9/13/2023 2:15,2724.220651
9/13/2023 2:30,2724.218902
9/13/2023 2:45,2724.218902
9/13/2023 3:00,2724.217742
9/13/2023 3:15,2724.219492
9/13/2023 3:30,2724.220661
9/13/2023 3:45,2724.221241
9/13/2023 4:00,2724.222411
9/13/2023 4:15,2724.22358
9/13/2023 4:30,2724.220661
9/13/2023 4:45,2724.220661
9/13/2023 5:00,2724.22416
9/13/2023 5:15,2724.219492
9/13/2023 5:30,2724.219492
9/13/2023 5:45,2724.221241
9/13/2023 6:00,2724.221241
9/13/2023 6:15,2724.221241
9/13/2023 6:30,2724.222411
9/13/2023 6:45,2724.219492
9/13/2023 7:00,2724.220661
9/13/2023 7:15,2724.219492
9/13/2023 7:30,2724.219492
9/13/2023 7:45,2724.217742
9/13/2023 8:00,2724.219492
9/13/2023 8:15,2724.217742
9/13/2023 8:30,2724.222411
9/13/2023 8:45,2724.218912
9/13/2023 9:00,2724.220661
9/13/2023 9:15,2724.219492
9/13/2023 9:30,2724.218912
9/13/2023 9:45,2724.218912
9/13/2023 10:00,2724.220661
9/13/2023 10:15,2724.218912
9/13/2023 10:30,2724.218912
9/13/2023 10:45,2724.218912
9/13/2023 11:00,2724.218912
9/13/2023 11:15,2724.219492
9/13/2023 11:30,2724.227069
9/13/2023 11:45,2724.22532
9/13/2023 12:00,2724.225909
9/13/2023 12:15,2724.22358
9/13/2023 12:30,2724.222411
9/13/2023 12:45,2724.22416
9/13/2023 13:00,2724.219492
9/13/2023 13:15,2724.221241
9/13/2023 13:30,2724.222411
9/13/2023 13:45,2724.22357
9/13/2023 14:00,2724.22532
9/13/2023 14:15,2724.22532
9/13/2023 14:30,2724.22416
9/13/2023 14:45,2724.22416
9/13/2023 15:00,2724.222411
9/13/2023 15:15,2724.222411
9/13/2023 15:30,2724.221241
9/13/2023 15:45,2724.222411
9/13/2023 16:00,2724.22299
9/13/2023 16:15,2724.219492
9/13/2023 16:30,2724.219492
9/13/2023 16:45,2724.221241
9/13/2023 17:00,2724.221241
9/13/2023 17:15,2724.22299
9/13/2023 17:30,2724.217742
9/13/2023 17:45,2724.218332
9/13/2023 18:00,2724.219492
9/13/2023 18:15,2724.219492
9/13/2023 18:30,2724.217742
9/13/2023 18:45,2724.219492
9/13/2023 19:00,2724.218322
9/13/2023 19:15,2724.220071
9/13/2023 19:30,2724.217742
9/13/2023 19:45,2724.217742
9/13/2023 20:00,2724.218912
9/13/2023 20:15,2724.219492
9/13/2023 20:30,2724.219492
9/13/2023 20:45,2724.219492
9/13/2023 21:00,2724.219492
9/13/2023 21:15,2724.219492
9/13/2023 21:30,2724.219492
9/13/2023 21:45,2724.218322
9/13/2023 22:00,2724.220661
9/13/2023 22:15,2724.222411
9/13/2023 22:30,2724.219492
9/13/2023 22:45,2724.220661
9/13/2023 23:00,2724.220661
9/13/2023 23:15,2724.219492
9/13/2023 23:30,2724.220661
9/13/2023 23:45,2724.221241
9/14/2023 0:00,2724.221241
9/14/2023 0:15,2724.219492
9/14/2023 0:30,2724.222401
9/14/2023 0:45,2724.220651
9/14/2023 1:00,2724.221241
9/14/2023 1:15,2724.220651
9/14/2023 1:30,2724.221241
9/14/2023 1:45,2724.220651
9/14/2023 2:00,2724.219492
9/14/2023 2:15,2724.220651
9/14/2023 2:30,2724.222401
9/14/2023 2:45,2724.222411
9/14/2023 3:00,2724.22357
9/14/2023 3:15,2724.221241
9/14/2023 3:30,2724.22357
9/14/2023 3:45,2724.221241
9/14/2023 4:00,2724.222401
9/14/2023 4:15,2724.22415
9/14/2023 4:30,2724.222401
9/14/2023 4:45,2724.220651
9/14/2023 5:00,2724.222401
9/14/2023 5:15,2724.220651
9/14/2023 5:30,2724.222411
9/14/2023 5:45,2724.219492
9/14/2023 6:00,2724.221241
9/14/2023 6:15,2724.222401
9/14/2023 6:30,2724.219492
9/14/2023 6:45,2724.22299
9/14/2023 7:00,2724.219492
9/14/2023 7:15,2724.221241
9/14/2023 7:30,2724.222411
9/14/2023 7:45,2724.217742
9/14/2023 8:00,2724.216573
9/14/2023 8:15,2724.219492
9/14/2023 8:30,2724.222411
9/14/2023 8:45,2724.217742
9/14/2023 9:00,2724.219492
9/14/2023 9:15,2724.219492
9/14/2023 9:30,2724.216583
9/14/2023 9:45,2724.220651
9/14/2023 10:00,2724.218902
9/14/2023 10:15,2724.217742
9/14/2023 10:30,2724.217742
9/14/2023 10:45,2724.218902
9/14/2023 11:00,2724.217742
9/14/2023 11:15,2724.215993
9/14/2023 11:30,2724.219492
9/14/2023 11:45,2724.217742
9/14/2023 12:00,2724.215993
9/14/2023 12:15,2724.215993
9/14/2023 12:30,2724.215993
9/14/2023 12:45,2724.219492
9/14/2023 13:00,2724.219492
9/14/2023 13:15,2724.217742
9/14/2023 13:30,2724.219492
9/14/2023 13:45,2724.218912
9/14/2023 14:00,2724.220661
9/14/2023 14:15,2724.22416
9/14/2023 14:30,2724.228818
9/14/2023 14:45,2724.233487
9/14/2023 15:00,2724.239325
9/14/2023 15:15,2724.235826
9/14/2023 15:30,2724.234656
9/14/2023 15:45,2724.239315
9/14/2023 16:00,2724.240484
9/14/2023 16:15,2724.248642
9/14/2023 16:30,2724.248652
9/14/2023 16:45,2724.246892
9/14/2023 17:00,2724.248062
9/14/2023 17:15,2724.248652
9/14/2023 17:30,2724.246902
9/14/2023 17:45,2724.246892
9/14/2023 18:00,2724.249811
9/14/2023 18:15,2724.248652
9/14/2023 18:30,2724.245153
9/14/2023 18:45,2724.245153
9/14/2023 19:00,2724.245153
9/14/2023 19:15,2724.243403
9/14/2023 19:30,2724.243983
9/14/2023 19:45,2724.242234
9/14/2023 20:00,2724.240484
9/14/2023 20:15,2724.242234
9/14/2023 20:30,2724.240484
9/14/2023 20:45,2724.238735
9/14/2023 21:00,2724.237575
9/14/2023 21:15,2724.235826
9/14/2023 21:30,2724.237575
9/14/2023 21:45,2724.238735
9/14/2023 22:00,2724.236406
9/14/2023 22:15,2724.237565
9/14/2023 22:30,2724.236406
9/14/2023 22:45,2724.240484
9/14/2023 23:00,2724.237565
9/14/2023 23:15,2724.237565
9/14/2023 23:30,2724.232907
9/14/2023 23:45,2724.235816
9/15/2023 0:00,2724.232907
9/15/2023 0:15,2724.232907
9/15/2023 0:30,2724.231158
9/15/2023 0:45,2724.231158
9/15/2023 1:00,2724.231737
9/15/2023 1:15,2724.229988
9/15/2023 1:30,2724.229988
9/15/2023 1:45,2724.234067
9/15/2023 2:00,2724.231737
9/15/2023 2:15,2724.234656
9/15/2023 2:30,2724.234646
9/15/2023 2:45,2724.231148
9/15/2023 3:00,2724.228239
9/15/2023 3:15,2724.231737
9/15/2023 3:30,2724.229988
9/15/2023 3:45,2724.233487
9/15/2023 4:00,2724.229988
9/15/2023 4:15,2724.229988
9/15/2023 4:30,2724.229988
9/15/2023 4:45,2724.228818
9/15/2023 5:00,2724.229988
9/15/2023 5:15,2724.228239
9/15/2023 5:30,2724.227069
9/15/2023 5:45,2724.228239
9/15/2023 6:00,2724.228828
9/15/2023 6:15,2724.22533
9/15/2023 6:30,2724.229988
9/15/2023 6:45,2724.229988
9/15/2023 7:00,2724.231158
9/15/2023 7:15,2724.228239
9/15/2023 7:30,2724.228239
9/15/2023 7:45,2724.228239
9/15/2023 8:00,2724.226489
9/15/2023 8:15,2724.228239
9/15/2023 8:30,2724.22474
9/15/2023 8:45,2724.22532
9/15/2023 9:00,2724.22357
9/15/2023 9:15,2724.226489
9/15/2023 9:30,2724.22474
9/15/2023 9:45,2724.220661
9/15/2023 10:00,2724.221831
9/15/2023 10:15,2724.221831
9/15/2023 10:30,2724.220661
9/15/2023 10:45,2724.221831
9/15/2023 11:00,2724.221831
9/15/2023 11:15,2724.22358
9/15/2023 11:30,2724.22532
9/15/2023 11:45,2724.226489
9/15/2023 12:00,2724.226489
9/15/2023 12:15,2724.22533
9/15/2023 12:30,2724.227079
9/15/2023 12:45,2724.226489
9/15/2023 13:00,2724.22474
9/15/2023 13:15,2724.22357
9/15/2023 13:30,2724.222401
9/15/2023 13:45,2724.22532
9/15/2023 14:00,2724.22357
9/15/2023 14:15,2724.221821
9/15/2023 14:30,2724.22357
9/15/2023 14:45,2724.22416
9/15/2023 15:00,2724.221821
9/15/2023 15:15,2724.22357
9/15/2023 15:30,2724.220661
9/15/2023 15:45,2724.22357
9/15/2023 16:00,2724.22357
9/15/2023 16:15,2724.228239
9/15/2023 16:30,2724.22532
9/15/2023 16:45,2724.228239
9/15/2023 17:00,2724.22532
9/15/2023 17:15,2724.227069
9/15/2023 17:30,2724.228239
9/15/2023 17:45,2724.228239
9/15/2023 18:00,2724.227069
9/15/2023 18:15,2724.227069
9/15/2023 18:30,2724.226489
9/15/2023 18:45,2724.228239
9/15/2023 19:00,2724.228239
9/15/2023 19:15,2724.231158
9/15/2023 19:30,2724.228239
9/15/2023 19:45,2724.228239
9/15/2023 20:00,2724.226489
9/15/2023 20:15,2724.228239
9/15/2023 20:30,2724.231158
9/15/2023 20:45,2724.231158
9/15/2023 21:00,2724.229408
9/15/2023 21:15,2724.231158
9/15/2023 21:30,2724.229408
9/15/2023 21:45,2724.228239
9/15/2023 22:00,2724.228239
9/15/2023 22:15,2724.232317
9/15/2023 22:30,2724.232317
9/15/2023 22:45,2724.229408
9/15/2023 23:00,2724.234656
9/15/2023 23:15,2724.231158
9/15/2023 23:30,2724.229408
9/15/2023 23:45,2724.231158
9/16/2023 0:00,2724.229408
9/16/2023 0:15,2724.229408
9/16/2023 0:30,2724.231158
9/16/2023 0:45,2724.229988
9/16/2023 1:00,2724.231158
9/16/2023 1:15,2724.231158
9/16/2023 1:30,2724.228239
9/16/2023 1:45,2724.229408
9/16/2023 2:00,2724.227659
9/16/2023 2:15,2724.227659
9/16/2023 2:30,2724.234067
9/16/2023 2:45,2724.232907
9/16/2023 3:00,2724.232327
9/16/2023 3:15,2724.231158
9/16/2023 3:30,2724.234077
9/16/2023 3:45,2724.232327
9/16/2023 4:00,2724.231158
9/16/2023 4:15,2724.231158
9/16/2023 4:30,2724.232327
9/16/2023 4:45,2724.231158
9/16/2023 5:00,2724.232907
9/16/2023 5:15,2724.234067
9/16/2023 5:30,2724.232907
9/16/2023 5:45,2724.232317
9/16/2023 6:00,2724.231148
9/16/2023 6:15,2724.231148
9/16/2023 6:30,2724.231148
9/16/2023 6:45,2724.232317
9/16/2023 7:00,2724.231158
9/16/2023 7:15,2724.232907
9/16/2023 7:30,2724.232907
9/16/2023 7:45,2724.232907
9/16/2023 8:00,2724.229988
9/16/2023 8:15,2724.232327
9/16/2023 8:30,2724.229988
9/16/2023 8:45,2724.228239
9/16/2023 9:00,2724.228239
9/16/2023 9:15,2724.229398
9/16/2023 9:30,2724.225899
9/16/2023 9:45,2724.225899
9/16/2023 10:00,2724.226489
9/16/2023 10:15,2724.22416
9/16/2023 10:30,2724.22474
9/16/2023 10:45,2724.22474
9/16/2023 11:00,2724.226489
9/16/2023 11:15,2724.22474
9/16/2023 11:30,2724.226489
9/16/2023 11:45,2724.22299
9/16/2023 12:00,2724.22474
9/16/2023 12:15,2724.22474
9/16/2023 12:30,2724.22474
9/16/2023 12:45,2724.226489
9/16/2023 13:00,2724.22474
9/16/2023 13:15,2724.22474
9/16/2023 13:30,2724.22474
9/16/2023 13:45,2724.22357
9/16/2023 14:00,2724.22474
9/16/2023 14:15,2724.22474
9/16/2023 14:30,2724.22474
9/16/2023 14:45,2724.22532
9/16/2023 15:00,2724.22532
9/16/2023 15:15,2724.226489
9/16/2023 15:30,2724.22474
9/16/2023 15:45,2724.226489
9/16/2023 16:00,2724.226489
9/16/2023 16:15,2724.22474
9/16/2023 16:30,2724.22532
9/16/2023 16:45,2724.22532
9/16/2023 17:00,2724.22474
9/16/2023 17:15,2724.22474
9/16/2023 17:30,2724.22357
9/16/2023 17:45,2724.22357
9/16/2023 18:00,2724.22474
9/16/2023 18:15,2724.22474
9/16/2023 18:30,2724.226489
9/16/2023 18:45,2724.22474
9/16/2023 19:00,2724.226489
9/16/2023 19:15,2724.229408
9/16/2023 19:30,2724.226489
9/16/2023 19:45,2724.226489
9/16/2023 20:00,2724.22532
9/16/2023 20:15,2724.226489
9/16/2023 20:30,2724.227659
9/16/2023 20:45,2724.226489
9/16/2023 21:00,2724.229398
9/16/2023 21:15,2724.226489
9/16/2023 21:30,2724.226489
9/16/2023 21:45,2724.22474
9/16/2023 22:00,2724.226489
9/16/2023 22:15,2724.226489
9/16/2023 22:30,2724.22533
9/16/2023 22:45,2724.226489
9/16/2023 23:00,2724.225909
9/16/2023 23:15,2724.227659
9/16/2023 23:30,2724.225909
9/16/2023 23:45,2724.22474
9/17/2023 0:00,2724.22474
9/17/2023 0:15,2724.22474
9/17/2023 0:30,2724.226489
9/17/2023 0:45,2724.22474
9/17/2023 1:00,2724.229408
9/17/2023 1:15,2724.226489
9/17/2023 1:30,2724.227659
9/17/2023 1:45,2724.225909
9/17/2023 2:00,2724.22474
9/17/2023 2:15,2724.225909
9/17/2023 2:30,2724.225909
9/17/2023 2:45,2724.227659
9/17/2023 3:00,2724.227659
9/17/2023 3:15,2724.229408
9/17/2023 3:30,2724.229398
9/17/2023 3:45,2724.229408
9/17/2023 4:00,2724.229408
9/17/2023 4:15,2724.230568
9/17/2023 4:30,2724.231158
9/17/2023 4:45,2724.232317
9/17/2023 5:00,2724.229408
9/17/2023 5:15,2724.231158
9/17/2023 5:30,2724.229408
9/17/2023 5:45,2724.229408
9/17/2023 6:00,2724.230568
9/17/2023 6:15,2724.229408
9/17/2023 6:30,2724.229398
9/17/2023 6:45,2724.231158
9/17/2023 7:00,2724.232317
9/17/2023 7:15,2724.225909
9/17/2023 7:30,2724.230578
9/17/2023 7:45,2724.228239
9/17/2023 8:00,2724.228239
9/17/2023 8:15,2724.228239
9/17/2023 8:30,2724.228239
9/17/2023 8:45,2724.228239
9/17/2023 9:00,2724.226489
9/17/2023 9:15,2724.228239
9/17/2023 9:30,2724.22474
9/17/2023 9:45,2724.225909
9/17/2023 10:00,2724.22416
9/17/2023 10:15,2724.22299
9/17/2023 10:30,2724.22416
9/17/2023 10:45,2724.22416
9/17/2023 11:00,2724.221821
9/17/2023 11:15,2724.22299
9/17/2023 11:30,2724.220071
9/17/2023 11:45,2724.22299
9/17/2023 12:00,2724.22357
9/17/2023 12:15,2724.225909
9/17/2023 12:30,2724.22474
9/17/2023 12:45,2724.22474
9/17/2023 13:00,2724.22415
9/17/2023 13:15,2724.22474
9/17/2023 13:30,2724.22474
9/17/2023 13:45,2724.221241
9/17/2023 14:00,2724.22474
9/17/2023 14:15,2724.22474
9/17/2023 14:30,2724.221831
9/17/2023 14:45,2724.220081
9/17/2023 15:00,2724.221831
9/17/2023 15:15,2724.221831
9/17/2023 15:30,2724.221831
9/17/2023 15:45,2724.221821
9/17/2023 16:00,2724.221821
9/17/2023 16:15,2724.22299
9/17/2023 16:30,2724.221821
9/17/2023 16:45,2724.220071
9/17/2023 17:00,2724.220071
9/17/2023 17:15,2724.220071
9/17/2023 17:30,2724.220071
9/17/2023 17:45,2724.221821
9/17/2023 18:00,2724.220651
9/17/2023 18:15,2724.220071
9/17/2023 18:30,2724.221831
9/17/2023 18:45,2724.220081
9/17/2023 19:00,2724.221831
9/17/2023 19:15,2724.22474
9/17/2023 19:30,2724.221831
9/17/2023 19:45,2724.221831
9/17/2023 20:00,2724.22533
9/17/2023 20:15,2724.226489
9/17/2023 20:30,2724.22474
9/17/2023 20:45,2724.228239
9/17/2023 21:00,2724.22474
9/17/2023 21:15,2724.22474
9/17/2023 21:30,2724.226489
9/17/2023 21:45,2724.226489
9/17/2023 22:00,2724.229398
9/17/2023 22:15,2724.227649
9/17/2023 22:30,2724.22533
9/17/2023 22:45,2724.229398
9/17/2023 23:00,2724.227649
9/17/2023 23:15,2724.227649
9/17/2023 23:30,2724.231148
9/17/2023 23:45,2724.232897
