Date_Time,P1_WSE,P1_gw_left,P1_gw_right,P1_h_left,P1_h_right,P1_h_average
2021-08-12 00:00:00,2721.843053,2721.299569,2721.131428,-0.5434840000002623,-0.7116249999999127,-0.6275545000000875
2021-08-12 00:15:00,2721.843822,2721.299759,2721.132921,-0.5440629999998237,-0.7109009999999216,-0.6274819999998726
2021-08-12 00:30:00,2721.844212,2721.296058,2721.129207,-0.5481540000000678,-0.7150050000000192,-0.6315795000000435
2021-08-12 00:45:00,2721.843242,2721.299311,2721.132447,-0.5439309999997022,-0.7107949999999619,-0.627362999999832
2021-08-12 01:00:00,2721.842076,2721.294182,2721.130106,-0.5478939999998147,-0.7119699999998375,-0.6299319999998261
2021-08-12 01:15:00,2721.843242,2721.295738,2721.128344,-0.5475040000001172,-0.7148979999997209,-0.6312009999999191
2021-08-12 01:30:00,2721.842659,2721.297296,2721.129874,-0.5453629999997247,-0.7127849999997125,-0.6290739999997186
2021-08-12 01:45:00,2721.843049,2721.299437,2721.134712,-0.5436119999999391,-0.7083370000000286,-0.6259744999999839
2021-08-12 02:00:00,2721.842669,2721.295935,2721.129401,-0.5467340000000149,-0.7132679999999709,-0.6300009999999929
2021-08-12 02:15:00,2721.842669,2721.295936,2721.129521,-0.5467330000001311,-0.7131480000002739,-0.6299405000002025
2021-08-12 02:30:00,2721.842086,2721.297361,2721.13012,-0.5447250000001986,-0.7119660000003023,-0.6283455000002505
2021-08-12 02:45:00,2721.845585,2721.297361,2721.13187,-0.5482240000001184,-0.7137149999998655,-0.630969499999992
2021-08-12 03:00:00,2721.844222,2721.298139,2721.132257,-0.5460830000001806,-0.7119649999999638,-0.6290240000000722
2021-08-12 03:15:00,2721.843246,2721.296772,2721.128928,-0.5464739999997619,-0.714317999999821,-0.6303959999997915
2021-08-12 03:30:00,2721.843246,2721.297033,2721.129163,-0.5462130000000798,-0.7140829999998459,-0.6301479999999628
2021-08-12 03:45:00,2721.843246,2721.296772,2721.133265,-0.5464739999997619,-0.7099809999999707,-0.6282274999998663
2021-08-12 04:15:00,2721.843246,2721.298522,2721.13128,-0.5447239999998601,-0.7119659999998476,-0.6283449999998538
2021-08-12 04:30:00,2721.842076,2721.295732,2721.129636,-0.5463439999998627,-0.7124399999997877,-0.6293919999998252
2021-08-12 05:00:00,2721.844609,2721.296385,2721.132879,-0.5482240000001184,-0.7117300000004434,-0.6299770000002809
2021-08-12 05:15:00,2721.842473,2721.296261,2721.131783,-0.546212000000196,-0.7106900000003407,-0.6284510000002683
2021-08-12 05:30:00,2721.843246,2721.296773,2721.134187,-0.5464729999998781,-0.7090589999997974,-0.6277659999998377
2021-08-12 05:45:00,2721.844609,2721.296386,2721.133092,-0.5482230000002346,-0.7115170000001854,-0.62987000000021
2021-08-12 06:00:00,2721.843836,2721.297363,2721.133026,-0.5464729999998781,-0.7108100000000377,-0.6286414999999579
2021-08-12 06:30:00,2721.844419,2721.295937,2721.130681,-0.5484820000001491,-0.7137379999999212,-0.6311100000000351
2021-08-12 07:15:00,2721.844605,2721.294574,2721.132166,-0.5500309999997626,-0.7124389999999039,-0.6312349999998332
2021-08-12 07:30:00,2721.843242,2721.301065,2721.131739,-0.5421769999998105,-0.7115029999999933,-0.6268399999999019
2021-08-12 07:45:00,2721.841493,2721.299053,2721.129987,-0.5424399999997149,-0.7115060000000994,-0.6269729999999072
2021-08-12 08:00:00,2721.842659,2721.29847,2721.131863,-0.5441889999997329,-0.7107959999998457,-0.6274924999997893
2021-08-12 08:30:00,2721.843436,2721.297106,2721.129708,-0.5463300000001254,-0.7137280000001738,-0.6300290000001496
2021-08-12 08:45:00,2721.844795,2721.296716,2721.131776,-0.5480790000001434,-0.7130189999998038,-0.6305489999999736
2021-08-12 09:15:00,2721.844602,2721.298273,2721.127245,-0.5463290000002416,-0.7173569999999927,-0.6318430000001172
2021-08-12 09:45:00,2721.843822,2721.297493,2721.128817,-0.5463289999997869,-0.7150050000000192,-0.630666999999903
2021-08-12 10:15:00,2721.842656,2721.296716,2721.127177,-0.5459399999999732,-0.7154789999999593,-0.6307094999999663
2021-08-12 10:30:00,2721.844795,2721.296716,2721.127567,-0.5480790000001434,-0.7172279999999773,-0.6326535000000604
2021-08-12 10:45:00,2721.841103,2721.296914,2721.130305,-0.5441890000001877,-0.710798000000068,-0.6274935000001278
2021-08-12 11:00:00,2721.840907,2721.296717,2721.129528,-0.5441899999996167,-0.7113789999998517,-0.6277844999997342
2021-08-12 11:15:00,2721.842656,2721.297107,2721.127885,-0.5455489999999372,-0.7147709999999279,-0.6301599999999326
2021-08-12 11:30:00,2721.84013,2721.295939,2721.128859,-0.5441909999999552,-0.7112710000001243,-0.6277310000000398
2021-08-12 11:45:00,2721.842853,2721.295162,2721.131477,-0.5476910000002135,-0.7113760000002003,-0.6295335000002069
2021-08-12 12:00:00,2721.840713,2721.293342,2721.13156,-0.547371000000112,-0.7091530000002422,-0.6282620000001771
2021-08-12 12:15:00,2721.843242,2721.296133,2721.127529,-0.5471090000000913,-0.7157130000000507,-0.631411000000071
2021-08-12 12:30:00,2721.840327,2721.292825,2721.126362,-0.5475019999998949,-0.7139649999999165,-0.6307334999999057
2021-08-12 12:45:00,2721.841493,2721.293992,2721.130695,-0.5475010000000111,-0.710798000000068,-0.6291495000000396
2021-08-12 13:15:00,2721.840917,2721.294966,2721.130345,-0.5459510000000591,-0.7105719999999565,-0.6282615000000078
2021-08-12 13:30:00,2721.8415,2721.294057,2721.130927,-0.5474429999999302,-0.7105729999998402,-0.6290079999998852
2021-08-12 13:45:00,2721.842666,2721.292434,2721.132095,-0.5502320000000509,-0.7105710000000727,-0.6304015000000618
2021-08-12 14:00:00,2721.842666,2721.296715,2721.133029,-0.5459510000000591,-0.7096369999999297,-0.6277939999999944
2021-08-12 14:15:00,2721.842666,2721.294834,2721.133738,-0.5478320000001986,-0.7089280000000144,-0.6283800000001065
2021-08-12 14:30:00,2721.841306,2721.294964,2721.132484,-0.5463419999996404,-0.7088219999995999,-0.6275819999996202
2021-08-12 14:45:00,2721.843836,2721.296003,2721.133734,-0.5478330000000824,-0.7101020000000062,-0.6289675000000443
2021-08-12 15:00:00,2721.844419,2721.294445,2721.131858,-0.5499740000000202,-0.7125609999998233,-0.6312674999999217
2021-08-12 15:15:00,2721.840337,2721.293862,2721.130355,-0.5464750000001004,-0.7099820000003092,-0.6282285000002048
2021-08-12 15:30:00,2721.84092,2721.294835,2721.131411,-0.5460849999999482,-0.7095090000002529,-0.6277970000001005
2021-08-12 15:45:00,2721.842086,2721.295222,2721.130119,-0.5468639999999141,-0.7119670000001861,-0.6294155000000501
2021-08-12 16:00:00,2721.841503,2721.293987,2721.129535,-0.5475160000000869,-0.7119680000000699,-0.6297420000000784
2021-08-12 16:15:00,2721.843252,2721.293277,2721.130691,-0.549974999999904,-0.712561000000278,-0.631268000000091
2021-08-12 16:30:00,2721.842086,2721.293861,2721.128816,-0.5482250000000022,-0.7132700000001932,-0.6307475000000977
2021-08-12 16:45:00,2721.841696,2721.293862,2721.129134,-0.5478339999999662,-0.7125620000001618,-0.630198000000064
2021-08-12 17:00:00,2721.843826,2721.294441,2721.133499,-0.549384999999802,-0.7103269999997792,-0.6298559999997906
2021-08-12 17:15:00,2721.843056,2721.294572,2721.133889,-0.5484840000003715,-0.7091669999999795,-0.6288255000001755
2021-08-12 17:45:00,2721.842669,2721.293084,2721.132567,-0.5495850000002065,-0.7101020000000062,-0.6298435000001064
2021-08-12 18:00:00,2721.841306,2721.29379,2721.131089,-0.5475159999996322,-0.7102169999998296,-0.6288664999997309
2021-08-12 18:15:00,2721.842659,2721.293074,2721.132571,-0.5495849999997517,-0.7100879999998142,-0.629836499999783
2021-08-12 18:30:00,2721.841493,2721.293527,2721.131985,-0.5479660000000877,-0.7095079999999143,-0.628737000000001
2021-08-12 19:00:00,2721.842076,2721.294502,2721.132568,-0.5475739999997131,-0.7095079999999143,-0.6285409999998137
2021-08-12 19:15:00,2721.844026,2721.29502,2721.132768,-0.5490060000001904,-0.7112580000002708,-0.6301320000002306
2021-08-12 19:30:00,2721.843252,2721.293856,2721.131995,-0.5493960000003426,-0.7112569999999323,-0.6303265000001375
2021-08-12 19:45:00,2721.843836,2721.29561,2721.133025,-0.548225999999886,-0.7108109999999215,-0.6295184999999037
2021-08-12 20:00:00,2721.842863,2721.295026,2721.129593,-0.5478370000000723,-0.7132699999997385,-0.6305534999999054
2021-08-12 20:15:00,2721.842659,2721.295545,2721.131154,-0.547113999999965,-0.7115049999997609,-0.629309499999863
2021-08-12 20:30:00,2721.841686,2721.294181,2721.130889,-0.547505000000001,-0.7107970000001842,-0.6291510000000926
2021-08-12 20:45:00,2721.843239,2721.294114,2721.132336,-0.5491250000000036,-0.7109029999996892,-0.6300139999998464
2021-08-12 21:00:00,2721.844605,2721.295742,2721.131231,-0.548862999999983,-0.7133739999999307,-0.6311184999999568
2021-08-12 21:15:00,2721.843832,2721.294707,2721.132916,-0.5491250000000036,-0.7109159999999974,-0.6300205000000005
2021-08-12 21:30:00,2721.840527,2721.2914,2721.128899,-0.5491269999997712,-0.7116280000000188,-0.630377499999895
2021-08-12 21:45:00,2721.844999,2721.296123,2721.132332,-0.5488759999998365,-0.712666999999783,-0.6307714999998097
2021-08-12 22:00:00,2721.842083,2721.291397,2721.128707,-0.5506860000000415,-0.713376000000153,-0.6320310000000973
2021-08-12 22:15:00,2721.845582,2721.295029,2721.135603,-0.5505530000000363,-0.7099789999997483,-0.6302659999998923
2021-08-12 22:30:00,2721.846165,2721.295281,2721.132791,-0.550883999999769,-0.7133739999999307,-0.6321289999998498
2021-08-12 22:45:00,2721.844999,2721.294836,2721.134083,-0.550162999999884,-0.7109159999999974,-0.6305394999999407
2021-08-12 23:00:00,2721.843246,2721.29237,2721.129871,-0.5508759999997892,-0.7133749999998145,-0.6321254999998018
2021-08-12 23:15:00,2721.844415,2721.29237,2721.13279,-0.5520449999999073,-0.7116249999999127,-0.63183499999991
2021-08-12 23:30:00,2721.843832,2721.29503,2721.131738,-0.548801999999796,-0.7120939999999791,-0.6304479999998875
2021-08-13 00:00:00,2721.842083,2721.292888,2721.129987,-0.5491950000000543,-0.7120960000002015,-0.6306455000001279
2021-08-13 00:15:00,2721.843249,2721.293724,2721.132799,-0.5495249999999032,-0.7104500000000371,-0.6299874999999702
2021-08-13 00:30:00,2721.842666,2721.294254,2721.129862,-0.5484120000000985,-0.7128040000002329,-0.6306080000001657
2021-08-13 00:45:00,2721.842083,2721.294307,2721.133382,-0.5477759999998852,-0.7087010000000191,-0.6282384999999522
2021-08-13 01:15:00,2721.843249,2721.293087,2721.131154,-0.5501620000000003,-0.7120949999998629,-0.6311284999999316
2021-08-13 01:45:00,2721.845775,2721.292751,2721.132867,-0.553023999999823,-0.7129079999999703,-0.6329659999998967
2021-08-13 02:00:00,2721.843829,2721.292945,2721.130919,-0.550883999999769,-0.7129099999997379,-0.6318969999997535
2021-08-13 02:15:00,2721.844995,2721.293461,2721.132086,-0.5515339999997195,-0.7129089999998541,-0.6322214999997868
2021-08-13 02:30:00,2721.845385,2721.294503,2721.130832,-0.5508820000000014,-0.7145530000002509,-0.6327175000001262
2021-08-13 02:45:00,2721.843249,2721.294447,2721.133613,-0.548801999999796,-0.7096360000000459,-0.6292189999999209
2021-08-13 03:15:00,2721.844415,2721.294123,2721.132321,-0.5502919999998994,-0.7120939999999791,-0.6311929999999393
2021-08-13 04:00:00,2721.844415,2721.293084,2721.13478,-0.5513310000001184,-0.7096350000001621,-0.6304830000001402
2021-08-13 04:15:00,2721.844415,2721.291333,2721.134072,-0.5530819999999039,-0.7103430000001936,-0.6317125000000487
2021-08-13 04:45:00,2721.844805,2721.293865,2721.132712,-0.5509400000000824,-0.7120930000000953,-0.6315165000000889
2021-08-13 05:00:00,2721.844026,2721.292114,2721.131112,-0.5519120000003568,-0.7129140000001826,-0.6324130000002697
2021-08-13 05:15:00,2721.842666,2721.293734,2721.130332,-0.5489320000001499,-0.7123339999998279,-0.6306329999999889
2021-08-13 05:30:00,2721.844805,2721.291724,2721.130252,-0.5530810000000201,-0.7145530000002509,-0.6338170000001355
2021-08-13 05:45:00,2721.845195,2721.294256,2721.129468,-0.5509389999997438,-0.715726999999788,-0.6333329999997659
2021-08-13 06:45:00,2721.844609,2721.291919,2721.127597,-0.5526900000004389,-0.7170120000000679,-0.6348510000002534
2021-08-13 07:00:00,2721.844405,2721.289834,2721.126233,-0.5545709999996689,-0.7181719999998677,-0.6363714999997683
2021-08-13 07:15:00,2721.844405,2721.293855,2721.129628,-0.5505499999999302,-0.7147769999996854,-0.6326634999998078
2021-08-13 07:30:00,2721.844405,2721.291713,2721.130336,-0.5526919999997517,-0.7140689999996539,-0.6333804999997028
2021-08-13 08:00:00,2721.847321,2721.29249,2721.131503,-0.5548310000003767,-0.7158180000001266,-0.6353245000002516
2021-08-13 08:15:00,2721.845768,2721.291328,2721.128647,-0.5544400000003407,-0.7171210000001338,-0.6357805000002372
2021-08-13 08:30:00,2721.844995,2721.290163,2721.127994,-0.5548319999998057,-0.717000999999982,-0.6359164999998939
2021-08-13 08:45:00,2721.844412,2721.293991,2721.132207,-0.5504209999999148,-0.7122049999998126,-0.6313129999998637
2021-08-13 09:00:00,2721.843246,2721.294575,2721.131976,-0.548671000000013,-0.7112699999997858,-0.6299704999998994
2021-08-13 09:15:00,2721.845772,2721.293211,2721.132753,-0.5525609999999688,-0.7130190000002585,-0.6327900000001137
2021-08-13 09:30:00,2721.843636,2721.291654,2721.130487,-0.5519819999999527,-0.7131490000001577,-0.6325655000000552
2021-08-13 09:45:00,2721.844605,2721.291785,2721.130877,-0.5528199999998833,-0.713727999999719,-0.6332739999998012
2021-08-13 10:00:00,2721.842076,2721.290873,2721.130097,-0.5512029999999868,-0.711978999999701,-0.6315909999998439
2021-08-13 10:30:00,2721.844802,2721.290812,2721.132363,-0.5539899999998852,-0.7124389999999039,-0.6332144999998945
2021-08-13 10:45:00,2721.842856,2721.290684,2721.126667,-0.5521720000001551,-0.7161890000002131,-0.6341805000001841
2021-08-13 11:00:00,2721.843826,2721.289904,2721.128346,-0.5539219999996021,-0.7154799999998431,-0.6347009999997226
2021-08-13 11:15:00,2721.843826,2721.290945,2721.127872,-0.5528809999996156,-0.7159539999997833,-0.6344174999996994
2021-08-13 11:30:00,2721.841493,2721.28893,2721.130222,-0.5525629999997363,-0.7112710000001243,-0.6319169999999303
2021-08-13 11:45:00,2721.8413,2721.290558,2721.12757,-0.5507419999999001,-0.7137299999999414,-0.6322359999999208
2021-08-13 12:15:00,2721.84208,2721.291919,2721.12835,-0.5501610000001165,-0.7137299999999414,-0.6319455000000289
2021-08-13 12:30:00,2721.843246,2721.290684,2721.134435,-0.5525619999998526,-0.7088109999999688,-0.6306864999999107
2021-08-13 12:45:00,2721.84208,2721.291528,2721.129639,-0.5505519999996977,-0.7124409999996715,-0.6314964999996846
2021-08-13 13:00:00,2721.843632,2721.291331,2721.132836,-0.5523010000001705,-0.7107959999998457,-0.6315485000000081
2021-08-13 13:15:00,2721.842859,2721.293858,2721.133932,-0.549000999999862,-0.7089269999996759,-0.6289639999997689
2021-08-13 13:30:00,2721.843632,2721.293471,2721.131193,-0.5501610000001165,-0.7124389999999039,-0.6313000000000102
2021-08-13 13:45:00,2721.84208,2721.293078,2721.133258,-0.5490019999997457,-0.7088220000000547,-0.6289119999999002
2021-08-13 14:00:00,2721.842663,2721.293661,2721.132091,-0.5490019999997457,-0.7105719999999565,-0.6297869999998511
2021-08-13 14:15:00,2721.84208,2721.289186,2721.131507,-0.5528939999999238,-0.7105729999998402,-0.631733499999882
2021-08-13 14:30:00,2721.84208,2721.293077,2721.133728,-0.5490030000000843,-0.7083520000001045,-0.6286775000000944
2021-08-13 14:45:00,2721.844412,2721.291781,2721.13431,-0.5526310000000194,-0.7101020000000062,-0.6313665000000128
2021-08-13 15:00:00,2721.84208,2721.291196,2721.131268,-0.550883999999769,-0.7108119999998053,-0.6308479999997871
2021-08-13 15:15:00,2721.84033,2721.291586,2721.132097,-0.5487440000001698,-0.7082329999998365,-0.6284885000000031
2021-08-13 15:30:00,2721.840327,2721.290613,2721.133264,-0.5497139999997671,-0.7070629999998346,-0.6283884999998008
2021-08-13 15:45:00,2721.838967,2721.289584,2721.130734,-0.5493830000000344,-0.7082330000002912,-0.6288080000001628
2021-08-13 16:00:00,2721.841496,2721.291392,2721.132684,-0.5501039999999193,-0.7088119999998526,-0.6294579999998859
2021-08-13 16:15:00,2721.842663,2721.291399,2721.133851,-0.5512639999997191,-0.7088119999998526,-0.6300379999997858
2021-08-13 16:30:00,2721.844999,2721.290815,2721.133374,-0.5541840000000775,-0.7116249999999127,-0.6329044999999951
2021-08-13 17:00:00,2721.841496,2721.29197,2721.130805,-0.549525999999787,-0.7106910000002244,-0.6301085000000057
2021-08-13 17:15:00,2721.841496,2721.29022,2721.129054,-0.5512760000001435,-0.71244200000001,-0.6318590000000768
2021-08-13 17:45:00,2721.842663,2721.289246,2721.127293,-0.5534170000000813,-0.7153699999998935,-0.6343934999999874
2021-08-13 18:00:00,2721.841496,2721.289959,2721.128585,-0.5515369999998256,-0.7129110000000765,-0.632223999999951
2021-08-13 18:30:00,2721.841496,2721.290219,2721.126596,-0.5512770000000273,-0.7148999999999432,-0.6330884999999853
2021-08-13 18:45:00,2721.842859,2721.291973,2721.130657,-0.5508859999999913,-0.7122019999997065,-0.6315439999998489
2021-08-13 19:00:00,2721.842663,2721.289965,2721.134324,-0.5526979999999639,-0.7083389999997962,-0.6305184999998801
2021-08-13 19:15:00,2721.844412,2721.292105,2721.130221,-0.5523069999999279,-0.714191000000028,-0.633248999999978
2021-08-13 19:30:00,2721.841496,2721.288797,2721.12858,-0.5526989999998477,-0.7129159999999501,-0.6328074999998989
2021-08-13 19:45:00,2721.844022,2721.291454,2721.132752,-0.5525680000000648,-0.7112700000002405,-0.6319190000001527
2021-08-13 20:00:00,2721.842273,2721.289965,2721.132184,-0.5523080000002665,-0.7100890000001527,-0.6311985000002096
2021-08-13 20:15:00,2721.843826,2721.289509,2721.128345,-0.554316999999628,-0.7154809999997269,-0.6348989999996775
2021-08-13 20:30:00,2721.841493,2721.290676,2721.131972,-0.5508169999998245,-0.7095209999997678,-0.6301689999997961
2021-08-13 20:45:00,2721.843439,2721.290871,2721.132048,-0.5525680000000648,-0.7113910000002761,-0.6319795000001704
2021-08-13 21:00:00,2721.842669,2721.290811,2721.132325,-0.5518580000002657,-0.7103440000000774,-0.6311010000001716
2021-08-13 21:15:00,2721.842863,2721.290035,2721.133934,-0.5528279999998631,-0.7089289999998982,-0.6308784999998807
2021-08-13 21:30:00,2721.842666,2721.288088,2721.132923,-0.5545780000002196,-0.7097429999998894,-0.6321605000000545
2021-08-13 21:45:00,2721.843442,2721.291005,2721.130533,-0.5524369999998271,-0.7129089999998541,-0.6326729999998406
2021-08-13 22:00:00,2721.844795,2721.290939,2721.132712,-0.5538559999999961,-0.7120829999998932,-0.6329694999999447
2021-08-13 22:15:00,2721.846935,2721.291588,2721.133102,-0.5553469999999834,-0.7138330000002497,-0.6345900000001166
2021-08-13 22:30:00,2721.843046,2721.291588,2721.133894,-0.5514579999999114,-0.7091519999999036,-0.6303049999999075
2021-08-13 23:00:00,2721.844795,2721.289058,2721.130961,-0.5557370000001356,-0.7138340000001335,-0.6347855000001346
2021-08-13 23:30:00,2721.844405,2721.288409,2721.13232,-0.5559960000000501,-0.7120849999996608,-0.6340404999998555
2021-08-14 00:00:00,2721.843822,2721.287825,2721.132893,-0.5559969999999339,-0.7109289999998509,-0.6334629999998924
2021-08-14 00:15:00,2721.842656,2721.288409,2721.130571,-0.5542470000000321,-0.7120849999996608,-0.6331659999998465
2021-08-14 00:30:00,2721.843239,2721.291524,2721.132311,-0.5517149999996036,-0.7109279999999671,-0.6313214999997854
2021-08-14 00:45:00,2721.845572,2721.289967,2721.131264,-0.5556050000000141,-0.7143080000000737,-0.6349565000000439
2021-08-14 01:00:00,2721.843239,2721.288993,2721.132784,-0.5542459999996936,-0.7104549999999108,-0.6323504999998022
2021-08-14 01:30:00,2721.843826,2721.288088,2721.13174,-0.5557380000000194,-0.7120859999999993,-0.6339120000000094
2021-08-14 01:45:00,2721.844992,2721.288214,2721.13409,-0.5567779999996674,-0.7109019999998054,-0.6338399999997364
2021-08-14 02:00:00,2721.844805,2721.289059,2721.132238,-0.5557459999999992,-0.7125670000000355,-0.6341565000000173
2021-08-14 02:15:00,2721.846168,2721.290422,2721.134075,-0.5557459999999992,-0.7120930000000953,-0.6339195000000473
2021-08-14 02:30:00,2721.847334,2721.289449,2721.133492,-0.5578850000001694,-0.7138420000001133,-0.6358635000001414
2021-08-14 02:45:00,2721.846751,2721.291006,2721.135367,-0.5557450000001154,-0.7113840000001801,-0.6335645000001477
2021-08-14 03:45:00,2721.844419,2721.290423,2721.136534,-0.5539960000000974,-0.7078849999998056,-0.6309404999999515
2021-08-14 04:00:00,2721.845002,2721.291007,2721.132908,-0.5539950000002136,-0.7120939999999791,-0.6330445000000964
2021-08-14 04:15:00,2721.843252,2721.288866,2721.132434,-0.5543860000002496,-0.7108180000000175,-0.6326020000001336
2021-08-14 05:15:00,2721.845585,2721.28958,2721.130324,-0.5560049999999137,-0.7152609999998276,-0.6356329999998707
2021-08-14 05:30:00,2721.847328,2721.290163,2721.133601,-0.5571649999997135,-0.7137269999998352,-0.6354459999997744
2021-08-14 05:45:00,2721.846361,2721.290618,2721.13356,-0.5557429999998931,-0.7128009999996721,-0.6342719999997826
2021-08-14 06:00:00,2721.845965,2721.290941,2721.133173,-0.5550239999997757,-0.7127919999998085,-0.6339079999997921
2021-08-14 06:30:00,2721.847521,2721.291009,2721.133453,-0.5565120000001116,-0.7140680000002249,-0.6352900000001682
2021-08-14 06:45:00,2721.844799,2721.287243,2721.132006,-0.5575559999997495,-0.712793000000147,-0.6351744999999482
2021-08-14 07:00:00,2721.846938,2721.290164,2721.134146,-0.5567740000001322,-0.7127920000002632,-0.6347830000001977
2021-08-14 07:15:00,2721.843826,2721.288091,2721.131032,-0.5557349999999133,-0.7127940000000308,-0.634264499999972
2021-08-14 07:45:00,2721.845185,2721.287701,2721.130168,-0.5574839999999313,-0.7150169999999889,-0.6362504999999601
2021-08-14 08:30:00,2721.845188,2721.288156,2721.131806,-0.5570319999997082,-0.7133819999999105,-0.6352069999998093
2021-08-14 09:00:00,2721.845582,2721.288811,2721.132907,-0.5567710000000261,-0.7126749999997628,-0.6347229999998945
2021-08-14 09:15:00,2721.844999,2721.287967,2721.131616,-0.5570319999997082,-0.7133829999997943,-0.6352074999997512
2021-08-14 09:45:00,2721.844219,2721.289198,2721.130836,-0.5550210000001243,-0.713383000000249,-0.6342020000001867
2021-08-14 10:00:00,2721.845575,2721.286664,2721.132902,-0.5589109999996253,-0.7126729999999952,-0.6357919999998103
2021-08-14 10:15:00,2721.846938,2721.286016,2721.132515,-0.5609220000001187,-0.7144230000003517,-0.6376725000002352
2021-08-14 10:30:00,2721.846551,2721.28602,2721.132597,-0.5605310000000827,-0.7139540000002853,-0.637242500000184
2021-08-14 11:15:00,2721.844989,2721.291919,2721.133485,-0.553070000000389,-0.7115040000003319,-0.6322870000003604
2021-08-14 11:30:00,2721.845572,2721.290363,2721.130435,-0.5552090000001044,-0.7151370000001407,-0.6351730000001226
2021-08-14 11:45:00,2721.844989,2721.289779,2721.132204,-0.5552099999999882,-0.7127850000001672,-0.6339975000000777
2021-08-14 12:00:00,2721.843822,2721.290753,2721.131143,-0.5530689999995957,-0.7126789999997527,-0.6328739999996742
2021-08-14 12:30:00,2721.843629,2721.292959,2721.130241,-0.5506700000000819,-0.7133880000001227,-0.6320290000001023
2021-08-14 12:45:00,2721.847324,2721.292374,2721.136291,-0.5549499999997352,-0.7110330000000431,-0.6329914999998891
2021-08-14 13:00:00,2721.847324,2721.292764,2721.135356,-0.5545600000000377,-0.7119680000000699,-0.6332640000000538
2021-08-14 13:15:00,2721.845575,2721.290624,2721.132898,-0.5549509999996189,-0.7126769999999851,-0.633813999999802
2021-08-14 13:30:00,2721.846158,2721.291207,2721.133481,-0.5549509999996189,-0.7126769999999851,-0.633813999999802
2021-08-14 13:45:00,2721.845575,2721.290885,2721.13583,-0.5546899999999368,-0.709744999999657,-0.6322174999997969
2021-08-14 14:00:00,2721.845575,2721.288483,2721.133371,-0.5570920000000115,-0.7122039999999288,-0.6346479999999701
2021-08-14 14:30:00,2721.844805,2721.287382,2721.13038,-0.557423000000199,-0.7144250000001193,-0.6359240000001591
2021-08-14 14:45:00,2721.842669,2721.289137,2721.1301,-0.5535319999999047,-0.7125690000002578,-0.6330505000000812
2021-08-14 15:00:00,2721.844419,2721.289065,2721.133495,-0.5553540000000794,-0.7109239999999772,-0.6331390000000283
2021-08-14 15:15:00,2721.846168,2721.292637,2721.13431,-0.5535310000000209,-0.7118580000001202,-0.6326945000000705
2021-08-14 15:30:00,2721.845585,2721.290622,2721.136658,-0.5549630000000434,-0.7089270000001306,-0.631945000000087
2021-08-14 15:45:00,2721.844222,2721.286988,2721.135057,-0.5572340000003351,-0.7091650000002119,-0.6331995000002735
2021-08-14 16:00:00,2721.844799,2721.290484,2721.1327,-0.5543149999998604,-0.7120989999998528,-0.6332069999998566
2021-08-14 16:15:00,2721.847524,2721.2888,2721.135674,-0.5587239999999838,-0.7118499999996857,-0.6352869999998347
2021-08-14 16:30:00,2721.842659,2721.288993,2721.13009,-0.5536659999997937,-0.712568999999803,-0.6331174999997984
2021-08-14 16:45:00,2721.844215,2721.288409,2721.134576,-0.5558060000003024,-0.709639000000152,-0.6327225000002272
2021-08-14 17:00:00,2721.843246,2721.286007,2721.13408,-0.557238999999754,-0.7091660000000957,-0.6332024999999248
2021-08-14 17:15:00,2721.843246,2721.288147,2721.132449,-0.5550989999997,-0.7107969999997295,-0.6329479999997147
2021-08-14 17:30:00,2721.843246,2721.286007,2721.131975,-0.557238999999754,-0.7112710000001243,-0.6342549999999392
2021-08-14 17:45:00,2721.844995,2721.286006,2721.12999,-0.5589890000001105,-0.7150050000000192,-0.6369970000000649
2021-08-14 18:00:00,2721.842663,2721.287434,2721.133616,-0.5552290000000539,-0.7090469999998277,-0.6321379999999408
2021-08-14 18:15:00,2721.844412,2721.287043,2721.136075,-0.5573690000001079,-0.7083370000000286,-0.6328530000000683
2021-08-14 18:30:00,2721.843829,2721.288339,2721.133033,-0.555489999999736,-0.7107959999998457,-0.6331429999997908
2021-08-14 18:45:00,2721.844412,2721.287043,2721.134324,-0.5573690000001079,-0.7100879999998142,-0.6337284999999611
2021-08-14 19:00:00,2721.842663,2721.287172,2721.131157,-0.5554910000000746,-0.7115060000000994,-0.633498500000087
2021-08-14 19:15:00,2721.84208,2721.284447,2721.130573,-0.5576329999998961,-0.7115069999999832,-0.6345699999999397
2021-08-14 20:00:00,2721.844995,2721.285614,2721.129517,-0.5593810000000303,-0.7154780000000756,-0.6374295000000529
2021-08-14 20:15:00,2721.845772,2721.284641,2721.131002,-0.5611309999999321,-0.7147700000000441,-0.6379504999999881
2021-08-14 20:30:00,2721.843826,2721.284185,2721.127637,-0.5596409999998286,-0.7161889999997584,-0.6379149999997935
2021-08-14 20:45:00,2721.844609,2721.285229,2721.129001,-0.5593800000001465,-0.7156080000004295,-0.637494000000288
2021-08-14 21:00:00,2721.846168,2721.28679,2721.128221,-0.5593779999999242,-0.7179470000000947,-0.6386625000000095
2021-08-14 21:15:00,2721.845195,2721.285946,2721.130642,-0.5592489999999088,-0.7145529999997962,-0.6369009999998525
2021-08-14 21:30:00,2721.845575,2721.284775,2721.129862,-0.5607999999997446,-0.7157130000000507,-0.6382564999998976
2021-08-14 21:45:00,2721.844992,2721.288083,2721.131029,-0.5569089999999051,-0.7139629999996941,-0.6354359999997996
2021-08-14 22:00:00,2721.846158,2721.28964,2721.13209,-0.5565179999998691,-0.7140679999997701,-0.6352929999998196
2021-08-14 22:15:00,2721.846741,2721.290224,2721.132673,-0.5565169999999853,-0.7140679999997701,-0.6352924999998777
2021-08-14 22:30:00,2721.846548,2721.28789,2721.13248,-0.558657999999923,-0.7140679999997701,-0.6363629999998466
2021-08-14 22:45:00,2721.846355,2721.288088,2721.13381,-0.5582670000003418,-0.7125450000003184,-0.6354060000003301
2021-08-14 23:00:00,2721.845582,2721.288083,2721.132199,-0.5574990000000071,-0.7133829999997943,-0.6354409999999007
2021-08-14 23:15:00,2721.845575,2721.286916,2721.131506,-0.5586589999998068,-0.7140689999996539,-0.6363639999997304
2021-08-14 23:30:00,2721.845575,2721.286655,2721.133965,-0.5589199999999437,-0.7116099999998369,-0.6352649999998903
2021-08-15 00:00:00,2721.846548,2721.288281,2721.134938,-0.558266999999887,-0.7116099999998369,-0.634938499999862
2021-08-15 00:15:00,2721.847521,2721.290686,2721.133453,-0.5568350000003193,-0.7140680000002249,-0.6354515000002721
2021-08-15 01:15:00,2721.845388,2721.28614,2721.131544,-0.5592480000000251,-0.7138440000003357,-0.6365460000001804
2021-08-15 01:45:00,2721.844805,2721.285819,2721.128608,-0.5589860000000044,-0.7161970000001929,-0.6375915000000987
2021-08-15 02:00:00,2721.844609,2721.289123,2721.13309,-0.5554860000002009,-0.7115190000004077,-0.6335025000003043
2021-08-15 02:15:00,2721.845972,2721.286986,2721.130953,-0.5589860000000044,-0.7150190000002112,-0.6370025000001078
2021-08-15 02:30:00,2721.846551,2721.287434,2721.128726,-0.5591170000002421,-0.7178250000001754,-0.6384710000002087
2021-08-15 02:45:00,2721.846745,2721.290939,2721.134647,-0.5558059999998477,-0.712097999999969,-0.6339519999999084
2021-08-15 03:00:00,2721.846355,2721.289508,2721.133337,-0.556847000000289,-0.71301799999992,-0.6349325000001045
2021-08-15 03:15:00,2721.844799,2721.290742,2721.133529,-0.5540569999998297,-0.7112699999997858,-0.6326634999998078
2021-08-15 03:45:00,2721.845578,2721.288603,2721.133848,-0.5569749999999658,-0.7117299999999886,-0.6343524999999772
2021-08-15 04:00:00,2721.846161,2721.288925,2721.133722,-0.5572360000001026,-0.7124389999999039,-0.6348375000000033
2021-08-15 04:15:00,2721.845578,2721.288603,2721.132666,-0.5569749999999658,-0.7129119999999602,-0.634943499999963
2021-08-15 04:30:00,2721.844799,2721.286853,2721.129889,-0.5579459999999017,-0.7149100000001454,-0.6364280000000235
2021-08-15 04:45:00,2721.844995,2721.28731,2721.132555,-0.5576849999997648,-0.7124399999997877,-0.6350624999997763
2021-08-15 05:30:00,2721.845578,2721.287895,2721.133139,-0.5576829999999973,-0.7124389999999039,-0.6350609999999506
2021-08-15 06:15:00,2721.847914,2721.28692,2721.13595,-0.5609939999999369,-0.71196400000008,-0.6364790000000085
2021-08-15 07:15:00,2721.844995,2721.288021,2721.131847,-0.556974000000082,-0.7131479999998191,-0.6350609999999506
2021-08-15 07:45:00,2721.846745,2721.288282,2721.129388,-0.5584629999998469,-0.7173569999999927,-0.6379099999999198
2021-08-15 08:15:00,2721.844799,2721.287246,2721.131071,-0.5575530000000981,-0.7137280000001738,-0.6356405000001359
2021-08-15 08:30:00,2721.845775,2721.284911,2721.13135,-0.560863999999583,-0.7144249999996646,-0.6376444999996238
2021-08-15 08:45:00,2721.844995,2721.285881,2721.130097,-0.559114000000136,-0.7148979999997209,-0.6370059999999285
2021-08-15 09:15:00,2721.845965,2721.287254,2721.129437,-0.5587110000001303,-0.7165279999999257,-0.637619500000028
2021-08-15 09:30:00,2721.845185,2721.287503,2721.131116,-0.5576820000001135,-0.7140690000001086,-0.6358755000001111
2021-08-15 09:45:00,2721.845965,2721.286533,2721.131775,-0.5594320000000153,-0.7141900000001442,-0.6368110000000797
2021-08-15 10:00:00,2721.847904,2721.288474,2721.132086,-0.5594300000002477,-0.7158180000001266,-0.6376240000001872
2021-08-15 10:15:00,2721.846155,2721.287444,2721.134425,-0.5587110000001303,-0.7117299999999886,-0.6352205000000595
2021-08-15 10:45:00,2721.846155,2721.289123,2721.130805,-0.557032000000163,-0.7153500000003987,-0.6361910000002808
2021-08-15 11:00:00,2721.843636,2721.286343,2721.131195,-0.557292999999845,-0.7124410000001262,-0.6348669999999856
2021-08-15 11:15:00,2721.842666,2721.284983,2721.130225,-0.5576829999999973,-0.7124410000001262,-0.6350620000000617
2021-08-15 11:30:00,2721.842083,2721.28466,2721.131392,-0.557423000000199,-0.7106910000002244,-0.6340570000002117
2021-08-15 11:45:00,2721.843832,2721.283229,2721.129747,-0.5606029999999009,-0.7140850000000682,-0.6373439999999846
2021-08-15 12:00:00,2721.843249,2721.284077,2721.132096,-0.5591720000002169,-0.7111530000001949,-0.6351625000002059
2021-08-15 12:15:00,2721.843636,2721.284203,2721.133181,-0.559432999999899,-0.7104549999999108,-0.6349439999999049
2021-08-15 12:30:00,2721.844415,2721.284983,2721.131502,-0.5594320000000153,-0.712912999999844,-0.6361724999999296
2021-08-15 12:45:00,2721.844609,2721.283426,2721.129236,-0.5611830000002556,-0.7153729999999996,-0.6382780000001276
2021-08-15 13:00:00,2721.841886,2721.282322,2721.129078,-0.5595640000001367,-0.7128080000002228,-0.6361860000001798
2021-08-15 13:15:00,2721.845582,2721.284269,2721.131733,-0.5613129999997,-0.7138489999997546,-0.6375809999997273
2021-08-15 13:30:00,2721.844802,2721.28563,2721.133177,-0.5591720000002169,-0.7116249999999127,-0.6353985000000648
2021-08-15 13:45:00,2721.844992,2721.286079,2721.132211,-0.5589129999998477,-0.7127809999997226,-0.6358469999997851
2021-08-15 14:00:00,2721.844795,2721.28523,2721.132711,-0.5595650000000205,-0.712083999999777,-0.6358244999998988
2021-08-15 14:15:00,2721.844409,2721.284843,2721.133613,-0.5595659999999043,-0.7107959999998457,-0.635180999999875
2021-08-15 14:30:00,2721.843826,2721.284521,2721.13279,-0.5593049999997675,-0.7110359999996945,-0.635170499999731
2021-08-15 14:45:00,2721.843249,2721.283353,2721.131153,-0.559896000000208,-0.7120960000002015,-0.6359960000002047
2021-08-15 15:00:00,2721.844222,2721.284587,2721.132703,-0.5596350000000712,-0.7115189999999529,-0.635577000000012
2021-08-15 15:15:00,2721.842473,2721.283037,2721.131782,-0.5594360000000052,-0.7106910000002244,-0.6350635000001148
2021-08-15 15:45:00,2721.844412,2721.285368,2721.131263,-0.5590440000000854,-0.7131489999997029,-0.6360964999998941
2021-08-15 16:00:00,2721.842076,2721.2842,2721.13057,-0.557875999999851,-0.7115060000000994,-0.6346909999999752
2021-08-15 16:15:00,2721.842659,2721.284783,2721.129509,-0.557875999999851,-0.7131500000000415,-0.6355129999999463
2021-08-15 16:45:00,2721.842466,2721.284199,2721.134234,-0.558266999999887,-0.7082319999999527,-0.6332494999999199
2021-08-15 17:00:00,2721.840523,2721.282126,2721.131582,-0.5583969999997862,-0.7089409999998679,-0.6336689999998271
2021-08-15 17:15:00,2721.844409,2721.282251,2721.131261,-0.5621579999997266,-0.7131479999998191,-0.6376529999997729
2021-08-15 17:30:00,2721.842659,2721.282642,2721.131969,-0.5600169999997888,-0.7106899999998859,-0.6353534999998374
2021-08-15 17:45:00,2721.84072,2721.284582,2721.130949,-0.5561380000003737,-0.7097710000002735,-0.6329545000003236
2021-08-15 18:00:00,2721.83955,2721.283741,2721.129085,-0.5558089999999538,-0.7104650000001129,-0.6331370000000334
2021-08-15 18:15:00,2721.842859,2721.285432,2721.130051,-0.5574269999997341,-0.7128079999997681,-0.6351174999997511
2021-08-15 18:30:00,2721.84208,2721.282512,2721.126812,-0.5595679999996719,-0.7152679999999236,-0.6374179999997978
2021-08-15 19:00:00,2721.846748,2721.287892,2721.131957,-0.5588560000001053,-0.7147909999998774,-0.6368234999999913
2021-08-15 19:15:00,2721.842659,2721.28335,2721.129165,-0.5593089999997574,-0.7134940000000825,-0.6364014999999199
2021-08-15 19:30:00,2721.842269,2721.28471,2721.130763,-0.5575590000003103,-0.7115060000000994,-0.6345325000002049
2021-08-15 19:45:00,2721.844605,2721.285038,2721.128657,-0.5595669999997881,-0.715947999999571,-0.6377574999996796
2021-08-15 20:00:00,2721.845582,2721.284654,2721.129869,-0.5609279999998762,-0.7157130000000507,-0.6383204999999634
2021-08-15 20:15:00,2721.842666,2721.282707,2721.130332,-0.5599590000001626,-0.7123339999998279,-0.6361464999999953
2021-08-15 20:45:00,2721.845192,2721.283874,2721.131109,-0.5613180000000284,-0.7140830000003007,-0.6377005000001645
2021-08-15 21:00:00,2721.843832,2721.284975,2721.129512,-0.5588569999999891,-0.7143200000000434,-0.6365885000000162
2021-08-15 21:15:00,2721.844415,2721.285239,2721.134435,-0.5591760000002068,-0.7099800000000869,-0.6345780000001469
2021-08-15 21:30:00,2721.845582,2721.282833,2721.133142,-0.5627489999997124,-0.7124399999997877,-0.63759449999975
2021-08-15 21:45:00,2721.842473,2721.284004,2721.128152,-0.5584690000000592,-0.7143210000003819,-0.6363950000002205
2021-08-15 22:00:00,2721.844612,2721.287186,2721.132279,-0.5574259999998503,-0.7123329999999441,-0.6348794999998972
2021-08-15 22:15:00,2721.842666,2721.284069,2721.133263,-0.5585970000001907,-0.7094029999998384,-0.6340000000000146
2021-08-15 22:45:00,2721.841886,2721.282056,2721.132946,-0.5598300000001473,-0.7089399999999841,-0.6343850000000657
2021-08-15 23:00:00,2721.844999,2721.283421,2721.131851,-0.5615779999998267,-0.7131479999998191,-0.6373629999998229
2021-08-15 23:30:00,2721.841886,2721.284327,2721.129552,-0.5575590000003103,-0.7123340000002827,-0.6349465000002965
2021-08-15 23:45:00,2721.842076,2721.284259,2721.131965,-0.5578169999998863,-0.7101109999998698,-0.6339639999998781
2021-08-16 00:00:00,2721.842073,2721.283543,2721.13384,-0.5585299999997915,-0.7082329999998365,-0.633381499999814
2021-08-16 00:15:00,2721.843046,2721.283477,2721.133185,-0.5595690000000104,-0.7098609999998189,-0.6347149999999147
2021-08-16 00:45:00,2721.842659,2721.283222,2721.131623,-0.5594369999998889,-0.7110359999996945,-0.6352364999997917
2021-08-16 01:00:00,2721.841306,2721.283028,2721.129078,-0.558277999999973,-0.7122279999998682,-0.6352529999999206
2021-08-16 01:15:00,2721.843252,2721.283483,2721.132207,-0.5597689999999602,-0.7110450000000128,-0.6354069999999865
2021-08-16 01:30:00,2721.841886,2721.285759,2721.128963,-0.5561270000002878,-0.7129230000000462,-0.634525000000167
2021-08-16 01:45:00,2721.844219,2721.284782,2721.134003,-0.5594369999998889,-0.7102159999999458,-0.6348264999999174
2021-08-16 02:15:00,2721.844995,2721.28485,2721.131612,-0.5601449999999204,-0.7133829999997943,-0.6367639999998573
2021-08-16 02:30:00,2721.843246,2721.283099,2721.131385,-0.560146999999688,-0.7118609999997716,-0.6360039999997298
2021-08-16 03:00:00,2721.846161,2721.286017,2721.132552,-0.5601440000000366,-0.7136089999999058,-0.6368764999999712
2021-08-16 05:45:00,2721.846745,2721.290883,2721.133363,-0.5558619999997063,-0.7133819999999105,-0.6346219999998084
2021-08-16 06:00:00,2721.847134,2721.289133,2721.132109,-0.5580009999998765,-0.7150249999999687,-0.6365129999999226
2021-08-16 06:15:00,2721.846941,2721.286799,2721.131915,-0.5601419999998143,-0.7150259999998525,-0.6375839999998334
2021-08-16 06:30:00,2721.846745,2721.286992,2721.129968,-0.5597530000000006,-0.7167769999996381,-0.6382649999998193
2021-08-16 06:45:00,2721.845578,2721.287967,2721.132904,-0.5576109999997243,-0.712673999999879,-0.6351424999998017
2021-08-16 07:00:00,2721.846161,2721.28855,2721.131135,-0.5576109999997243,-0.7150259999998525,-0.6363184999997884
2021-08-16 07:15:00,2721.846161,2721.28641,2721.133487,-0.5597509999997783,-0.712673999999879,-0.6362124999998287
2021-08-16 08:00:00,2721.844022,2721.28641,2721.128414,-0.5576120000000628,-0.7156080000004295,-0.6366100000002461
2021-08-16 08:15:00,2721.843049,2721.285436,2721.127441,-0.5576129999999466,-0.7156079999999747,-0.6366104999999607
2021-08-16 08:30:00,2721.844605,2721.284592,2721.13193,-0.5600129999997989,-0.7126749999997628,-0.6363439999997809
2021-08-16 08:45:00,2721.841493,2721.28537,2721.127634,-0.5561229999998432,-0.7138589999999567,-0.6349909999998999
2021-08-16 09:00:00,2721.843826,2721.284203,2721.128927,-0.5596229999996467,-0.7148989999996047,-0.6372609999996257
2021-08-16 10:00:00,2721.844412,2721.285761,2721.130802,-0.558650999999827,-0.7136099999997896,-0.6361304999998083
2021-08-16 10:45:00,2721.844995,2721.284203,2721.129635,-0.5607919999997648,-0.7153600000001461,-0.6380759999999555
2021-08-16 11:00:00,2721.842076,2721.280312,2721.127175,-0.5617640000000392,-0.714900999999827,-0.6383324999999331
2021-08-16 11:15:00,2721.84091,2721.283297,2721.128233,-0.5576129999999466,-0.7126769999999851,-0.6351449999999659
2021-08-16 11:30:00,2721.840717,2721.285245,2721.12979,-0.5554720000000088,-0.7109270000000834,-0.6331995000000461
2021-08-16 11:45:00,2721.84208,2721.284467,2721.127051,-0.5576129999999466,-0.7150289999999586,-0.6363209999999526
2021-08-16 12:30:00,2721.843049,2721.285118,2721.127911,-0.5579310000002806,-0.7151380000000245,-0.6365345000001525
2021-08-16 12:45:00,2721.841496,2721.284925,2721.128937,-0.5565710000000763,-0.7125590000000557,-0.634565000000066
2021-08-16 13:00:00,2721.843246,2721.283883,2721.130566,-0.5593629999998484,-0.7126800000000912,-0.6360214999999698
2021-08-16 13:15:00,2721.842856,2721.287065,2721.130176,-0.5557910000002266,-0.7126800000000912,-0.6342355000001589
2021-08-16 13:30:00,2721.842076,2721.283753,2721.131146,-0.5583229999997457,-0.7109299999997347,-0.6346264999997402
2021-08-16 13:45:00,2721.842466,2721.285894,2721.136348,-0.5565719999999601,-0.7061180000000604,-0.6313450000000103
2021-08-16 14:00:00,2721.843246,2721.284924,2721.134776,-0.5583219999998619,-0.7084700000000339,-0.6333959999999479
2021-08-16 14:15:00,2721.844415,2721.285183,2721.129858,-0.5592320000000655,-0.7145570000002408,-0.6368945000001531
2021-08-16 14:30:00,2721.843829,2721.285507,2721.131149,-0.5583219999998619,-0.7126800000000912,-0.6355009999999766
2021-08-16 14:45:00,2721.842466,2721.284463,2721.132365,-0.5580030000000988,-0.7101010000001224,-0.6340520000001106
2021-08-16 15:45:00,2721.842666,2721.286603,2721.13162,-0.5560629999999946,-0.7110459999998966,-0.6335544999999456
2021-08-16 16:15:00,2721.842083,2721.285367,2721.130329,-0.5567160000000513,-0.711753999999928,-0.6342349999999897
2021-08-16 16:30:00,2721.842276,2721.285952,2721.132873,-0.5563239999996767,-0.7094029999998384,-0.6328634999997576
2021-08-16 16:45:00,2721.84072,2721.286796,2721.131423,-0.5539240000002792,-0.7092970000003334,-0.6316105000003063
2021-08-16 17:00:00,2721.843639,2721.287315,2721.129426,-0.5563240000001315,-0.7142130000001998,-0.6352685000001657
2021-08-16 17:30:00,2721.842276,2721.288351,2721.129827,-0.5539249999997082,-0.7124489999996513,-0.6331869999996798
2021-08-16 17:45:00,2721.843249,2721.287185,2721.129036,-0.5560639999998784,-0.7142130000001998,-0.6351385000000391
2021-08-16 18:00:00,2721.842276,2721.285952,2721.125603,-0.5563239999996767,-0.7166729999999006,-0.6364984999997887
2021-08-16 18:15:00,2721.846155,2721.288801,2721.130677,-0.5573540000000321,-0.7154780000000756,-0.6364160000000538
2021-08-16 18:30:00,2721.842469,2721.288286,2721.130714,-0.5541830000001937,-0.7117550000002666,-0.6329690000002302
2021-08-16 18:45:00,2721.844415,2721.288482,2721.130203,-0.5559330000000955,-0.7142119999998613,-0.6350724999999784
2021-08-16 19:15:00,2721.841886,2721.287702,2721.129672,-0.5541840000000775,-0.7122140000001309,-0.6331990000001042
2021-08-16 19:30:00,2721.844415,2721.288091,2721.130926,-0.5563240000001315,-0.7134890000002088,-0.6349065000001701
2021-08-16 19:45:00,2721.843249,2721.287315,2721.128577,-0.5559339999999793,-0.7146720000000641,-0.6353030000000217
2021-08-16 20:00:00,2721.845192,2721.288868,2721.13215,-0.5563240000001315,-0.7130420000003141,-0.6346830000002228
2021-08-16 20:15:00,2721.844609,2721.286144,2721.132382,-0.5584650000000693,-0.7122270000004391,-0.6353460000002542
2021-08-16 20:30:00,2721.843636,2721.287311,2721.130593,-0.5563250000000153,-0.7130430000001979,-0.6346840000001066
2021-08-16 20:45:00,2721.844026,2721.289843,2721.133443,-0.5541830000001937,-0.7105830000000424,-0.632383000000118
2021-08-16 21:00:00,2721.843829,2721.285754,2721.131496,-0.558074999999917,-0.7123329999999441,-0.6352039999999306
2021-08-16 21:15:00,2721.845185,2721.288221,2721.132867,-0.5569640000003346,-0.7123180000003231,-0.6346410000003289
2021-08-16 21:45:00,2721.845582,2721.29037,2721.130555,-0.5552119999997558,-0.7150269999997363,-0.635119499999746
2021-08-16 22:15:00,2721.844999,2721.290046,2721.134889,-0.5549529999998413,-0.710109999999986,-0.6325314999999136
2021-08-16 22:30:00,2721.844995,2721.288813,2721.131138,-0.5561819999998079,-0.7138569999997344,-0.6350194999997711
2021-08-16 22:45:00,2721.843246,2721.289203,2721.130217,-0.5540430000000924,-0.7130290000000059,-0.6335360000000492
2021-08-16 23:15:00,2721.846161,2721.28823,2721.128926,-0.5579309999998259,-0.7172350000000733,-0.6375829999999496
2021-08-16 23:45:00,2721.84208,2721.289788,2721.129971,-0.5522919999998521,-0.712109000000055,-0.6322004999999535
2021-08-17 00:15:00,2721.847331,2721.292512,2721.130676,-0.5548189999999522,-0.7166549999997187,-0.6357369999998355
2021-08-17 00:30:00,2721.844995,2721.290955,2721.129509,-0.5540399999999863,-0.7154860000000554,-0.6347630000000208
2021-08-17 00:45:00,2721.845578,2721.289398,2721.130801,-0.5561800000000403,-0.7147770000001401,-0.6354785000000902
2021-08-17 01:00:00,2721.847131,2721.28946,2721.134694,-0.5576710000000276,-0.7124370000001363,-0.6350540000000819
2021-08-17 01:15:00,2721.846155,2721.288543,2721.134758,-0.5576120000000628,-0.7113970000000336,-0.6345045000000482
2021-08-17 01:30:00,2721.844405,2721.289192,2721.133837,-0.5552129999996396,-0.7105679999999666,-0.6328904999998031
2021-08-17 01:45:00,2721.846738,2721.287635,2721.13442,-0.5591030000000501,-0.7123180000003231,-0.6357105000001866
2021-08-17 02:00:00,2721.844989,2721.290037,2721.134181,-0.5549519999999575,-0.7108080000002701,-0.6328800000001138
2021-08-17 02:15:00,2721.847321,2721.290359,2721.134765,-0.5569620000001123,-0.7125560000004043,-0.6347590000002583
2021-08-17 02:30:00,2721.845378,2721.288286,2721.132927,-0.5570920000000115,-0.7124509999998736,-0.6347714999999425
2021-08-17 02:45:00,2721.845775,2721.287703,2721.133917,-0.5580719999998109,-0.7118579999996655,-0.6349649999997382
2021-08-17 03:00:00,2721.844412,2721.28848,2721.134304,-0.555931999999757,-0.7101079999997637,-0.6330199999997603
2021-08-17 03:15:00,2721.844219,2721.288286,2721.134109,-0.5559330000000955,-0.710109999999986,-0.6330215000000408
2021-08-17 03:30:00,2721.846935,2721.287703,2721.136375,-0.5592320000000655,-0.7105599999999868,-0.6348960000000261
2021-08-17 03:45:00,2721.843636,2721.285173,2721.133527,-0.5584629999998469,-0.7101090000001022,-0.6342859999999746
2021-08-17 04:15:00,2721.844415,2721.286605,2721.130912,-0.557810000000245,-0.713502999999946,-0.6356565000000955
2021-08-17 04:30:00,2721.847721,2721.290041,2721.13422,-0.5576799999998912,-0.7135010000001785,-0.6355905000000348
2021-08-17 04:45:00,2721.847528,2721.289719,2721.136486,-0.5578089999999065,-0.7110419999999067,-0.6344254999999066
2021-08-17 05:00:00,2721.846748,2721.289329,2721.130788,-0.5574189999997543,-0.7159599999999955,-0.6366894999998749
2021-08-17 05:15:00,2721.846165,2721.290236,2721.134413,-0.5559290000001056,-0.7117519999997057,-0.6338404999999057
2021-08-17 05:30:00,2721.845582,2721.287511,2721.131371,-0.5580709999999272,-0.7142109999999775,-0.6361409999999523
2021-08-17 05:45:00,2721.846165,2721.286344,2721.132663,-0.5598209999998289,-0.7135020000000623,-0.6366614999999456
2021-08-17 06:00:00,2721.846165,2721.288094,2721.131955,-0.5580709999999272,-0.7142100000000937,-0.6361405000000104
2021-08-17 06:15:00,2721.847914,2721.288094,2721.133598,-0.5598199999999451,-0.7143160000000535,-0.6370679999999993
2021-08-17 06:30:00,2721.846941,2721.287122,2721.134375,-0.5598189999996066,-0.7125659999996969,-0.6361924999996518
2021-08-17 06:45:00,2721.84907,2721.28608,2721.131844,-0.5629900000003545,-0.7172260000002098,-0.6401080000002821
2021-08-17 07:00:00,2721.848487,2721.287637,2721.133246,-0.5608500000003005,-0.7152410000003329,-0.6380455000003167
2021-08-17 08:00:00,2721.848487,2721.287637,2721.13489,-0.5608500000003005,-0.7135970000003908,-0.6372235000003457
2021-08-17 08:15:00,2721.847518,2721.284917,2721.133211,-0.5626010000000861,-0.7143070000001899,-0.638454000000138
2021-08-17 08:30:00,2721.846745,2721.285894,2721.130687,-0.5608509999997295,-0.7160579999999754,-0.6384544999998525
2021-08-17 08:45:00,2721.845382,2721.286281,2721.134455,-0.5591009999998278,-0.7109270000000834,-0.6350139999999556
2021-08-17 09:00:00,2721.844405,2721.284655,2721.133837,-0.5597499999998945,-0.7105679999999666,-0.6351589999999305
2021-08-17 09:15:00,2721.844405,2721.284914,2721.133029,-0.55949099999998,-0.7113759999997455,-0.6354334999998628
2021-08-17 09:30:00,2721.844989,2721.284008,2721.128328,-0.5609810000000834,-0.7166610000003857,-0.6388210000002346
2021-08-17 09:45:00,2721.844405,2721.285175,2721.133137,-0.5592299999998431,-0.7112680000000182,-0.6352489999999307
2021-08-17 10:00:00,2721.846155,2721.286665,2721.131955,-0.5594900000000962,-0.7142000000003463,-0.6368450000002213
2021-08-17 10:30:00,2721.844019,2721.28732,2721.13217,-0.5566990000002079,-0.7118490000002566,-0.6342740000002323
2021-08-17 10:45:00,2721.843632,2721.285183,2721.125221,-0.5584490000001097,-0.7184110000002875,-0.6384300000001986
2021-08-17 11:00:00,2721.841496,2721.285956,2721.125994,-0.5555399999998372,-0.715502000000015,-0.6355209999999261
2021-08-17 11:15:00,2721.84208,2721.286541,2721.127287,-0.5555389999999534,-0.7147930000000997,-0.6351660000000265
2021-08-17 11:30:00,2721.842663,2721.284983,2721.127869,-0.5576799999998912,-0.7147939999999835,-0.6362369999999373
2021-08-17 11:45:00,2721.838971,2721.283039,2721.126032,-0.5559320000002117,-0.7129390000000058,-0.6344355000001087
2021-08-17 12:00:00,2721.842666,2721.285247,2721.126229,-0.557419000000209,-0.7164370000000417,-0.6369280000001254
2021-08-17 12:15:00,2721.843249,2721.285831,2721.126813,-0.5574179999998705,-0.716436000000158,-0.6369270000000142
2021-08-17 12:30:00,2721.84189,2721.286611,2721.129427,-0.5552790000001551,-0.712463000000298,-0.6338710000002266
2021-08-17 12:45:00,2721.842276,2721.286286,2721.129234,-0.5559899999998379,-0.7130419999998594,-0.6345159999998486
2021-08-17 13:00:00,2721.841886,2721.286286,2721.127213,-0.5556000000001404,-0.7146729999999479,-0.6351365000000442
2021-08-17 13:15:00,2721.839167,2721.281353,2721.126716,-0.557814000000235,-0.7124509999998736,-0.6351325000000543
2021-08-17 13:30:00,2721.84072,2721.283297,2721.126627,-0.557423000000199,-0.714093000000048,-0.6357580000001235
2021-08-17 13:45:00,2721.842076,2721.284524,2721.128692,-0.5575519999997596,-0.7133840000001328,-0.6354679999999462
2021-08-17 14:15:00,2721.84091,2721.283357,2721.129275,-0.5575530000000981,-0.7116350000001148,-0.6345940000001065
2021-08-17 14:30:00,2721.842076,2721.284914,2721.13162,-0.5571620000000621,-0.7104559999997946,-0.6338089999999283
2021-08-17 14:45:00,2721.83974,2721.281938,2721.129745,-0.5578019999998105,-0.7099949999997079,-0.6338984999997592
2021-08-17 15:15:00,2721.842659,2721.282977,2721.129271,-0.5596820000000662,-0.7133880000001227,-0.6365350000000944
2021-08-17 15:30:00,2721.843826,2721.282393,2721.129282,-0.5614329999998517,-0.7145439999999326,-0.6379884999998922
2021-08-17 15:45:00,2721.8415,2721.283236,2721.12647,-0.5582639999997809,-0.7150299999998424,-0.6366469999998117
2021-08-17 16:00:00,2721.843056,2721.282651,2721.127319,-0.5604050000001735,-0.7157369999999901,-0.6380710000000818
2021-08-17 16:15:00,2721.844419,2721.284405,2721.1301,-0.5600140000001375,-0.7143190000001596,-0.6371665000001485
2021-08-17 16:30:00,2721.842086,2721.282389,2721.129517,-0.559697000000142,-0.7125690000002578,-0.6361330000001999
2021-08-17 17:00:00,2721.841306,2721.284011,2721.128027,-0.5572949999996126,-0.7132789999996021,-0.6352869999996074
2021-08-17 17:15:00,2721.842276,2721.28472,2721.128999,-0.5575559999997495,-0.7132769999998345,-0.635416499999792
2021-08-17 17:45:00,2721.842473,2721.285567,2721.126275,-0.5569060000002537,-0.7161980000000767,-0.6365520000001652
2021-08-17 18:00:00,2721.842659,2721.284783,2721.127632,-0.557875999999851,-0.7150269999997363,-0.6364514999997937
2021-08-17 18:15:00,2721.841493,2721.283225,2721.126585,-0.5582679999997708,-0.714907999999923,-0.6365879999998469
2021-08-17 18:45:00,2721.840327,2721.281928,2721.129507,-0.5583990000000085,-0.7108199999997851,-0.6346094999998968
2021-08-17 19:00:00,2721.840327,2721.285559,2721.128799,-0.5547679999999673,-0.7115279999998165,-0.6331479999998919
2021-08-17 19:15:00,2721.842076,2721.288089,2721.131257,-0.5539869999997791,-0.7108189999999013,-0.6324029999998402
2021-08-17 19:30:00,2721.843242,2721.287116,2721.132318,-0.5561259999999493,-0.7109239999999772,-0.6335249999999633
2021-08-17 19:45:00,2721.842859,2721.285561,2721.13029,-0.5572979999997187,-0.712568999999803,-0.6349334999997609
2021-08-17 20:00:00,2721.841503,2721.285245,2721.128933,-0.5562580000000708,-0.7125700000001416,-0.6344140000001062
2021-08-17 20:15:00,2721.841503,2721.283495,2721.131866,-0.5580079999999725,-0.7096369999999297,-0.6338224999999511
2021-08-17 20:30:00,2721.841696,2721.283817,2721.127376,-0.5578789999999572,-0.7143200000000434,-0.6360995000000003
2021-08-17 20:45:00,2721.843242,2721.284204,2721.125303,-0.5590379999998731,-0.7179390000001149,-0.638488499999994
2021-08-17 21:00:00,2721.84091,2721.283362,2721.128116,-0.5575479999997697,-0.7127940000000308,-0.6351709999999002
2021-08-17 21:15:00,2721.841686,2721.284529,2721.131465,-0.5571570000001884,-0.7102210000002742,-0.6336890000002313
2021-08-17 21:30:00,2721.842073,2721.285944,2721.130328,-0.5561289999996006,-0.7117449999996097,-0.6339369999996052
2021-08-17 21:45:00,2721.843439,2721.284391,2721.128306,-0.5590480000000753,-0.7151330000001508,-0.637090500000113
2021-08-17 22:00:00,2721.840333,2721.282773,2721.129407,-0.5575600000001941,-0.7109260000001996,-0.6342430000001968
2021-08-17 22:15:00,2721.840917,2721.281606,2721.130699,-0.5593109999999797,-0.7102180000001681,-0.6347645000000739
2021-08-17 23:00:00,2721.843832,2721.282383,2721.128698,-0.5614489999998113,-0.7151340000000346,-0.638291499999923
2021-08-17 23:15:00,2721.842276,2721.282705,2721.130536,-0.559570999999778,-0.711739999999736,-0.635655499999757
2021-08-17 23:30:00,2721.841886,2721.281925,2721.128395,-0.559961000000385,-0.7134909999999763,-0.6367260000001806
2021-08-17 23:45:00,2721.842276,2721.284846,2721.131692,-0.5574299999998402,-0.7105839999999262,-0.6340069999998832
2021-08-18 00:00:00,2721.841886,2721.284456,2721.131302,-0.557430000000295,-0.7105840000003809,-0.6340070000003379
2021-08-18 00:15:00,2721.842666,2721.283486,2721.131161,-0.5591800000001967,-0.7115050000002157,-0.6353425000002062
2021-08-18 00:30:00,2721.844026,2721.282706,2721.127603,-0.5613200000002507,-0.7164230000003045,-0.6388715000002776
2021-08-18 00:45:00,2721.841496,2721.283676,2721.130204,-0.5578199999999924,-0.7112919999999576,-0.634555999999975
2021-08-18 01:00:00,2721.841496,2721.286208,2721.133371,-0.5552880000000187,-0.7081250000001091,-0.6317065000000639
2021-08-18 01:15:00,2721.844805,2721.284066,2721.128964,-0.5607390000000123,-0.7158410000001822,-0.6382900000000973
2021-08-18 01:30:00,2721.8415,2721.28543,2721.128577,-0.5560700000000907,-0.7129230000000462,-0.6344965000000684
2021-08-18 01:45:00,2721.842666,2721.285107,2721.128809,-0.5575589999998556,-0.7138570000001891,-0.6357080000000224
2021-08-18 02:00:00,2721.842666,2721.283097,2721.129518,-0.5595690000000104,-0.7131479999998191,-0.6363584999999148
2021-08-18 02:15:00,2721.843249,2721.283941,2721.126934,-0.5593079999998736,-0.7163150000001224,-0.637811499999998
2021-08-18 02:30:00,2721.843053,2721.283355,2721.129668,-0.5596980000000258,-0.7133850000000166,-0.6365415000000212
2021-08-18 02:45:00,2721.842076,2721.284908,2721.130443,-0.5571679999998196,-0.7116329999998925,-0.634400499999856
2021-08-18 03:00:00,2721.843439,2721.283741,2721.129582,-0.5596980000000258,-0.7138570000001891,-0.6367775000001075
2021-08-18 03:15:00,2721.843636,2721.28647,2721.130253,-0.557166000000052,-0.713383000000249,-0.6352745000001505
2021-08-18 03:30:00,2721.842656,2721.284519,2721.129508,-0.5581369999999879,-0.7131479999998191,-0.6356424999999035
2021-08-18 03:45:00,2721.844215,2721.283751,2721.129189,-0.5604640000001382,-0.7150259999998525,-0.6377449999999953
2021-08-18 04:00:00,2721.843826,2721.282391,2721.129969,-0.5614349999996193,-0.7138569999997344,-0.6376459999996769
2021-08-18 04:15:00,2721.842076,2721.28213,2721.12822,-0.5599459999998544,-0.7138559999998506,-0.6369009999998525
2021-08-18 04:30:00,2721.844409,2721.282713,2721.126344,-0.5616959999997562,-0.7180650000000242,-0.6398804999998902
2021-08-18 04:45:00,2721.846161,2721.285438,2721.128677,-0.5607230000000527,-0.7174839999997857,-0.6391034999999192
2021-08-18 05:15:00,2721.844605,2721.281741,2721.130288,-0.5628639999999905,-0.7143169999999373,-0.6385904999999639
2021-08-18 05:30:00,2721.844215,2721.280961,2721.12673,-0.5632540000001427,-0.7174850000001243,-0.6403695000001335
2021-08-18 06:00:00,2721.843826,2721.283102,2721.129269,-0.5607239999999365,-0.7145569999997861,-0.6376404999998613
2021-08-18 06:30:00,2721.844992,2721.283879,2721.129859,-0.5611129999997502,-0.715132999999696,-0.6381229999997231
2021-08-18 06:45:00,2721.845575,2721.283869,2721.127985,-0.5617059999999583,-0.7175899999997455,-0.6396479999998519
2021-08-18 07:00:00,2721.844605,2721.2829,2721.131223,-0.5617049999996198,-0.7133819999999105,-0.6375434999997651
2021-08-18 07:15:00,2721.844415,2721.280959,2721.129992,-0.5634559999998601,-0.714422999999897,-0.6389394999998785
2021-08-18 07:30:00,2721.844999,2721.283683,2721.129866,-0.5613159999998061,-0.715132999999696,-0.6382244999997511
2021-08-18 07:45:00,2721.846748,2721.283293,2721.129157,-0.5634549999999763,-0.717591000000084,-0.6405230000000302
2021-08-18 08:00:00,2721.842666,2721.2831,2721.127532,-0.5595659999999043,-0.7151340000000346,-0.6373499999999694
2021-08-18 08:15:00,2721.844026,2721.28271,2721.128077,-0.5613160000002608,-0.7159490000003643,-0.6386325000003126
2021-08-18 08:30:00,2721.843246,2721.281931,2721.126823,-0.5613149999999223,-0.7164229999998497,-0.638868999999886
2021-08-18 08:45:00,2721.844415,2721.283681,2721.129283,-0.5607340000001386,-0.7151319999998123,-0.6379329999999754
2021-08-18 09:00:00,2721.844415,2721.283681,2721.130913,-0.5607340000001386,-0.7135020000000623,-0.6371180000001004
2021-08-18 09:30:00,2721.843832,2721.283097,2721.130328,-0.5607350000000224,-0.7135039999998298,-0.6371194999999261
2021-08-18 09:45:00,2721.843832,2721.284661,2721.12787,-0.5591709999998784,-0.7159620000002178,-0.6375665000000481
2021-08-18 10:00:00,2721.842666,2721.283103,2721.126703,-0.5595629999997982,-0.7159630000001016,-0.6377629999999499
2021-08-18 10:15:00,2721.842276,2721.282714,2721.128063,-0.5595619999999144,-0.7142129999997451,-0.6368874999998297
2021-08-18 11:00:00,2721.843246,2721.281933,2721.131387,-0.5613129999997,-0.711859000000004,-0.636585999999852
2021-08-18 11:15:00,2721.842663,2721.28349,2721.130802,-0.5591730000001007,-0.7118609999997716,-0.6355169999999362
2021-08-18 11:30:00,2721.844219,2721.283687,2721.129674,-0.5605319999999665,-0.7145450000002711,-0.6375385000001188
2021-08-18 11:45:00,2721.844415,2721.283494,2721.131621,-0.5609210000002349,-0.7127940000000308,-0.6368575000001329
2021-08-18 12:15:00,2721.840917,2721.282321,2721.128454,-0.5585959999998522,-0.7124629999998433,-0.6355294999998478
2021-08-18 12:45:00,2721.840917,2721.28232,2721.131621,-0.5585970000001907,-0.7092959999999948,-0.6339465000000928
2021-08-18 13:00:00,2721.84033,2721.281544,2721.127996,-0.5587860000000546,-0.7123339999998279,-0.6355599999999413
2021-08-18 13:15:00,2721.84072,2721.281544,2721.12898,-0.5591760000002068,-0.7117400000001908,-0.6354580000001988
2021-08-18 13:30:00,2721.842666,2721.283491,2721.131636,-0.5591749999998683,-0.711029999999937,-0.6351024999999026
2021-08-18 13:45:00,2721.843249,2721.282195,2721.128116,-0.5610540000002402,-0.7151330000001508,-0.6380935000001955
2021-08-18 14:00:00,2721.843053,2721.281997,2721.130378,-0.5610560000000078,-0.7126750000002176,-0.6368655000001127
2021-08-18 14:15:00,2721.84169,2721.282384,2721.130765,-0.559306000000106,-0.7109250000003158,-0.6351155000002109
2021-08-18 14:30:00,2721.842469,2721.281414,2721.131545,-0.561055000000124,-0.7109239999999772,-0.6359895000000506
2021-08-18 14:45:00,2721.842656,2721.282002,2721.129978,-0.5606539999998859,-0.7126779999998689,-0.6366659999998774
2021-08-18 15:00:00,2721.843629,2721.282976,2721.13095,-0.5606530000000021,-0.7126789999997527,-0.6366659999998774
2021-08-18 15:15:00,2721.843242,2721.282589,2721.128105,-0.5606530000000021,-0.7151370000001407,-0.6378950000000714
2021-08-18 15:30:00,2721.843242,2721.282457,2721.130564,-0.5607850000001235,-0.7126779999998689,-0.6367314999999962
2021-08-18 15:45:00,2721.842659,2721.283624,2721.129393,-0.559034999999767,-0.7132659999997486,-0.6361504999997578
2021-08-18 16:00:00,2721.843826,2721.28304,2721.130439,-0.5607860000000073,-0.7133869999997842,-0.6370864999998958
2021-08-18 16:45:00,2721.846158,2721.285763,2721.131022,-0.5603949999999713,-0.7151359999998022,-0.6377654999998867
2021-08-18 17:00:00,2721.840327,2721.278757,2721.12869,-0.5615699999998469,-0.7116369999998824,-0.6366034999998647
2021-08-18 17:15:00,2721.842076,2721.280639,2721.131148,-0.5614369999998416,-0.7109279999999671,-0.6361824999999044
2021-08-18 18:00:00,2721.842269,2721.281221,2721.130632,-0.561048000000028,-0.7116370000003371,-0.6363425000001826
2021-08-18 18:15:00,2721.843439,2721.28096,2721.132986,-0.5624790000001667,-0.7104530000001432,-0.636466000000155
2021-08-18 18:30:00,2721.842666,2721.281937,2721.129753,-0.5607289999998102,-0.712912999999844,-0.6368209999998271
2021-08-18 18:45:00,2721.843249,2721.280769,2721.134439,-0.5624800000000505,-0.708810000000085,-0.6356450000000677
2021-08-18 19:00:00,2721.844026,2721.281215,2721.130537,-0.562811000000238,-0.7134890000002088,-0.6381500000002234
2021-08-18 19:15:00,2721.845972,2721.281731,2721.135402,-0.5642410000000382,-0.7105700000001889,-0.6374055000001135
2021-08-18 19:30:00,2721.844415,2721.279796,2721.133855,-0.5646190000002207,-0.7105599999999868,-0.6375895000001037
2021-08-18 19:45:00,2721.842083,2721.279211,2721.132564,-0.5628719999999703,-0.7095190000000002,-0.6361954999999853
2021-08-18 20:00:00,2721.843832,2721.279211,2721.130812,-0.5646209999999883,-0.7130200000001423,-0.6388205000000653
2021-08-18 20:30:00,2721.844999,2721.279657,2721.132219,-0.5653419999998732,-0.7127799999998388,-0.639060999999856
2021-08-18 20:45:00,2721.843442,2721.279851,2721.133334,-0.5635910000000877,-0.7101079999997637,-0.6368494999999257
2021-08-18 21:00:00,2721.843246,2721.281923,2721.133137,-0.5613229999999021,-0.7101090000001022,-0.6357160000000022
2021-08-18 21:15:00,2721.844415,2721.281533,2721.130678,-0.5628820000001724,-0.7137370000000374,-0.6383095000001049
2021-08-18 21:30:00,2721.846165,2721.283674,2721.135123,-0.5624910000001364,-0.7110419999999067,-0.6367665000000216
2021-08-18 22:00:00,2721.843832,2721.28095,2721.134538,-0.5628820000001724,-0.7092940000002272,-0.6360880000001998
2021-08-18 22:15:00,2721.846165,2721.281533,2721.136766,-0.5646320000000742,-0.7093989999998485,-0.6370154999999613
2021-08-18 22:45:00,2721.846748,2721.284389,2721.134418,-0.5623590000000149,-0.712329999999838,-0.6373444999999265
2021-08-18 23:00:00,2721.849664,2721.283416,2721.135585,-0.5662479999996322,-0.714078999999856,-0.6401634999997441
2021-08-18 23:15:00,2721.847331,2721.284972,2721.13746,-0.5623590000000149,-0.709871000000021,-0.636115000000018
2021-08-18 23:30:00,2721.845582,2721.282832,2721.135002,-0.5627500000000509,-0.7105799999999363,-0.6366649999999936
2021-08-18 23:45:00,2721.847324,2721.281665,2721.137001,-0.5656589999998687,-0.7103229999997893,-0.637990999999829
2021-08-26 00:30:00,2721.846155,2721.26543,2721.136943,-0.5807250000002568,-0.7092120000002069,-0.6449685000002319
2021-08-26 00:45:00,2721.845768,2721.262644,2721.132454,-0.5831240000002254,-0.7133140000000822,-0.6482190000001538
2021-08-26 01:00:00,2721.843632,2721.262516,2721.132068,-0.5811160000002928,-0.7115640000001804,-0.6463400000002366
2021-08-26 01:15:00,2721.846155,2721.265431,2721.132841,-0.580724000000373,-0.7133140000000822,-0.6470190000002276
2021-08-26 01:45:00,2721.848487,2721.262123,2721.131674,-0.5863640000002306,-0.7168130000000019,-0.6515885000001163
2021-08-26 02:30:00,2721.847128,2721.264265,2721.133815,-0.5828630000000885,-0.7133129999997436,-0.6480879999999161
2021-08-26 02:45:00,2721.847331,2721.263487,2721.134257,-0.5838439999997718,-0.7130739999997786,-0.6484589999997752
2021-08-26 03:00:00,2721.846748,2721.263295,2721.133674,-0.5834529999997358,-0.7130739999997786,-0.6482634999997572
2021-08-26 03:15:00,2721.847914,2721.266863,2721.134841,-0.5810510000001159,-0.7130729999998948,-0.6470620000000054
2021-08-26 03:30:00,2721.846165,2721.264462,2721.136944,-0.581702999999834,-0.7092210000000705,-0.6454619999999522
2021-08-26 03:45:00,2721.844415,2721.262712,2721.134486,-0.581702999999834,-0.709929000000102,-0.645815999999968
2021-08-26 04:00:00,2721.845775,2721.264333,2721.136554,-0.5814419999996971,-0.7092209999996157,-0.6453314999996564
2021-08-26 04:15:00,2721.845385,2721.261803,2721.135691,-0.5835820000002059,-0.7096940000001268,-0.6466380000001664
2021-08-26 04:30:00,2721.847138,2721.261417,2721.133829,-0.5857209999999213,-0.7133090000002085,-0.6495150000000649
2021-08-26 04:45:00,2721.848694,2721.265244,2721.132928,-0.5834499999996297,-0.7157659999998032,-0.6496079999997164
2021-08-26 05:00:00,2721.845582,2721.263491,2721.131564,-0.5820909999997639,-0.7140180000001237,-0.6480544999999438
2021-08-26 05:15:00,2721.846748,2721.261028,2721.137528,-0.5857200000000375,-0.709219999999732,-0.6474699999998847
2021-08-26 05:30:00,2721.845582,2721.261351,2721.135179,-0.5842309999998179,-0.7104030000000421,-0.64731699999993
2021-08-26 05:45:00,2721.846165,2721.258765,2721.132383,-0.5873999999998887,-0.7137819999998101,-0.6505909999998494
2021-08-26 06:00:00,2721.847914,2721.264076,2721.134132,-0.5838380000000143,-0.7137819999998101,-0.6488099999999122
2021-08-26 06:15:00,2721.847524,2721.266218,2721.136081,-0.5813059999995858,-0.7114429999996901,-0.6463744999996379
2021-08-26 06:30:00,2721.846161,2721.262064,2721.131672,-0.5840969999999288,-0.7144889999999577,-0.6492929999999433
2021-08-26 06:45:00,2721.847904,2721.262906,2721.132134,-0.5849980000002688,-0.7157700000002478,-0.6503840000002583
2021-08-26 07:15:00,2721.846155,2721.261157,2721.133884,-0.5849980000002688,-0.7122710000003281,-0.6486345000002984
2021-08-26 07:30:00,2721.845572,2721.264856,2721.133301,-0.5807160000003933,-0.7122710000003281,-0.6464935000003607
2021-08-26 07:45:00,2721.844405,2721.263298,2721.129675,-0.5811069999999745,-0.7147299999996903,-0.6479184999998324
2021-08-26 08:00:00,2721.846738,2721.263883,2721.135176,-0.5828550000001087,-0.7115620000004128,-0.6472085000002608
2021-08-26 08:15:00,2721.847321,2721.264466,2721.130843,-0.5828550000001087,-0.7164780000002793,-0.649666500000194
2021-08-26 08:30:00,2721.846155,2721.263041,2721.134593,-0.5831140000000232,-0.7115619999999581,-0.6473379999999906
2021-08-26 08:45:00,2721.847321,2721.262457,2721.134009,-0.5848640000003797,-0.7133120000003146,-0.6490880000003472
2021-08-26 09:00:00,2721.844989,2721.261874,2721.130968,-0.5831150000003618,-0.7140210000002298,-0.6485680000002958
2021-08-26 09:15:00,2721.845572,2721.262459,2721.131551,-0.5831130000001394,-0.7140210000002298,-0.6485670000001846
2021-08-26 09:45:00,2721.846155,2721.260902,2721.132844,-0.5852530000001934,-0.713310999999976,-0.6492820000000847
2021-08-26 10:45:00,2721.843829,2721.261877,2721.131676,-0.5819520000000011,-0.7121529999999439,-0.6470524999999725
2021-08-26 11:00:00,2721.843829,2721.258376,2721.132385,-0.5854529999996885,-0.7114440000000286,-0.6484484999998585
2021-08-26 11:15:00,2721.84208,2721.260126,2721.134843,-0.5819539999997687,-0.7072370000000774,-0.644595499999923
2021-08-26 11:30:00,2721.846745,2721.259411,2721.134026,-0.5873339999998279,-0.7127189999996517,-0.6500264999997398
2021-08-26 11:45:00,2721.845968,2721.258634,2721.135707,-0.5873340000002827,-0.7102610000001732,-0.648797500000228
2021-08-26 12:00:00,2721.845582,2721.259998,2721.134611,-0.5855839999999262,-0.7109709999999723,-0.6482774999999492
2021-08-26 12:15:00,2721.843832,2721.256699,2721.132982,-0.5871329999999944,-0.7108499999999367,-0.6489914999999655
2021-08-26 12:30:00,2721.844805,2721.259813,2721.13443,-0.5849920000000566,-0.7103750000001128,-0.6476835000000847
2021-08-26 12:45:00,2721.846168,2721.259036,2721.134042,-0.5871320000001106,-0.7121259999998983,-0.6496290000000045
2021-08-26 13:00:00,2721.846165,2721.258453,2721.134274,-0.5877120000000104,-0.7118909999999232,-0.6498014999999668
2021-08-26 13:15:00,2721.844999,2721.257547,2721.133577,-0.5874519999997574,-0.7114219999998568,-0.6494369999998071
2021-08-26 13:30:00,2721.844802,2721.256959,2721.13513,-0.5878430000002481,-0.709671999999955,-0.6487575000001016
2021-08-26 13:45:00,2721.844992,2721.259291,2721.134142,-0.5857009999999718,-0.7108499999999367,-0.6482754999999543
2021-08-26 14:00:00,2721.846545,2721.259091,2721.134649,-0.5874539999999797,-0.7118959999997969,-0.6496749999998883
2021-08-26 14:15:00,2721.843436,2721.255589,2721.133883,-0.587847000000238,-0.7095530000001418,-0.6487000000001899
2021-08-26 14:30:00,2721.84188,2721.256172,2721.132326,-0.5857080000000678,-0.7095540000000256,-0.6476310000000467
2021-08-26 14:45:00,2721.841686,2721.25585,2721.130963,-0.5858360000001994,-0.7107230000001437,-0.6482795000001715
2021-08-26 15:00:00,2721.844602,2721.259157,2721.134115,-0.5854450000001634,-0.7104870000002848,-0.6479660000002241
2021-08-26 15:15:00,2721.845585,2721.257671,2721.13088,-0.5879140000001826,-0.7147049999998671,-0.6513095000000249
2021-08-26 15:30:00,2721.841306,2721.257209,2721.134308,-0.5840969999999288,-0.7069979999996576,-0.6455474999997932
2021-08-26 15:45:00,2721.843246,2721.257009,2721.134498,-0.5862369999999828,-0.7087480000000141,-0.6474924999999985
2021-08-26 16:00:00,2721.842273,2721.253314,2721.131783,-0.588959000000159,-0.7104900000003909,-0.6497245000002749
2021-08-26 16:15:00,2721.843053,2721.256493,2721.134194,-0.5865600000001905,-0.7088589999998476,-0.647709500000019
2021-08-26 16:30:00,2721.843439,2721.257012,2721.132951,-0.5864270000001852,-0.7104880000001685,-0.6484575000001769
2021-08-26 16:45:00,2721.843053,2721.256493,2721.136653,-0.5865600000001905,-0.7064000000000306,-0.6464800000001105
2021-08-26 17:00:00,2721.842076,2721.255515,2721.137426,-0.5865610000000743,-0.7046500000001288,-0.6456055000001015
2021-08-26 17:15:00,2721.842076,2721.252983,2721.132509,-0.589093000000048,-0.709566999999879,-0.6493299999999635
2021-08-26 17:30:00,2721.842859,2721.256619,2721.137975,-0.5862400000000889,-0.7048839999997654,-0.6455619999999271
2021-08-26 17:45:00,2721.843252,2721.257402,2721.136148,-0.5858499999999367,-0.7071040000000721,-0.6464770000000044
2021-08-26 18:00:00,2721.842669,2721.258569,2721.137315,-0.5841000000000349,-0.7053540000001703,-0.6447270000001026
2021-08-26 18:15:00,2721.846168,2721.258178,2721.134856,-0.5879899999999907,-0.7113119999999071,-0.6496509999999489
2021-08-26 18:30:00,2721.843056,2721.252923,2721.134777,-0.5901330000001508,-0.7082789999999477,-0.6492060000000492
2021-08-26 18:45:00,2721.843826,2721.253702,2721.135088,-0.5901239999998324,-0.708737999999812,-0.6494309999998222
2021-08-26 19:00:00,2721.845578,2721.257845,2721.136379,-0.5877329999998437,-0.7091989999998987,-0.6484659999998712
2021-08-26 19:15:00,2721.844802,2721.256809,2721.134303,-0.5879930000000968,-0.7104990000002545,-0.6492460000001756
2021-08-26 19:30:00,2721.844409,2721.258566,2721.13567,-0.5858429999998407,-0.7087389999996958,-0.6472909999997682
2021-08-26 19:45:00,2721.845575,2721.257721,2721.136731,-0.5878539999998793,-0.7088439999997718,-0.6483489999998255
2021-08-26 20:00:00,2721.846938,2721.257915,2721.135622,-0.5890229999999974,-0.7113160000003518,-0.6501695000001746
2021-08-26 20:15:00,2721.847324,2721.257723,2721.140819,-0.589600999999675,-0.7065049999996518,-0.6480529999996634
2021-08-26 20:30:00,2721.845188,2721.256164,2721.135515,-0.5890239999998812,-0.7096729999998388,-0.64934849999986
2021-08-26 20:45:00,2721.845582,2721.255979,2721.135908,-0.5896029999998973,-0.7096739999997226,-0.6496384999998099
2021-08-26 21:00:00,2721.842666,2721.256561,2721.136493,-0.5861049999998613,-0.7061730000000352,-0.6461389999999483
2021-08-26 21:15:00,2721.846751,2721.257077,2721.139542,-0.5896739999998317,-0.7072090000001481,-0.6484414999999899
2021-08-26 21:30:00,2721.844029,2721.256885,2721.135636,-0.5871440000000803,-0.7083929999998873,-0.6477684999999838
2021-08-26 21:45:00,2721.842083,2721.256036,2721.133454,-0.5860469999997804,-0.7086290000002009,-0.6473379999999906
2021-08-26 22:00:00,2721.844415,2721.257531,2721.136497,-0.5868839999998272,-0.7079180000000633,-0.6474009999999453
2021-08-26 22:15:00,2721.845388,2721.256103,2721.133367,-0.589285000000018,-0.7120210000002771,-0.6506530000001476
2021-08-26 22:30:00,2721.844999,2721.256754,2721.137075,-0.5882449999999153,-0.7079239999998208,-0.6480844999998681
2021-08-26 22:45:00,2721.845385,2721.25688,2721.136754,-0.5885050000001684,-0.7086309999999685,-0.6485680000000684
2021-08-26 23:00:00,2721.847324,2721.25765,2721.137759,-0.5896739999998317,-0.7095649999996567,-0.6496194999997442
2021-08-26 23:15:00,2721.846741,2721.257067,2721.137176,-0.5896739999998317,-0.7095649999996567,-0.6496194999997442
2021-08-26 23:30:00,2721.845575,2721.255639,2721.136009,-0.5899359999998524,-0.7095659999999953,-0.6497509999999238
2021-08-27 00:00:00,2721.845188,2721.257334,2721.134807,-0.5878539999998793,-0.7103809999998703,-0.6491174999998748
2021-08-27 00:15:00,2721.843636,2721.257531,2721.137462,-0.5861049999998613,-0.706173999999919,-0.6461394999998902
2021-08-27 00:30:00,2721.845575,2721.258299,2721.134831,-0.587275999999747,-0.710743999999977,-0.649009999999862
2021-08-27 00:45:00,2721.846158,2721.256743,2721.136593,-0.5894149999999172,-0.7095649999996567,-0.649489999999787
2021-08-27 01:15:00,2721.845575,2721.255768,2721.1353,-0.589806999999837,-0.7102749999999105,-0.6500409999998737
2021-08-27 01:30:00,2721.846548,2721.257133,2721.136275,-0.5894149999999172,-0.7102730000001429,-0.6498440000000301
2021-08-27 01:45:00,2721.845575,2721.256681,2721.139639,-0.588893999999982,-0.7059359999998378,-0.6474149999999099
2021-08-27 02:00:00,2721.845575,2721.257591,2721.133564,-0.5879839999997785,-0.7120109999996203,-0.6499974999996994
2021-08-27 02:15:00,2721.842659,2721.254284,2721.133212,-0.5883749999998145,-0.7094469999997273,-0.6489109999997709
2021-08-27 02:30:00,2721.844215,2721.255841,2721.133587,-0.5883739999999307,-0.7106280000002698,-0.6495010000001002
2021-08-27 02:45:00,2721.844995,2721.25519,2721.137301,-0.5898050000000694,-0.7076939999997194,-0.6487494999998944
2021-08-27 03:00:00,2721.845578,2721.256425,2721.133675,-0.5891529999998966,-0.7119029999998929,-0.6505279999998947
2021-08-27 03:15:00,2721.846161,2721.256748,2721.134258,-0.5894130000001496,-0.7119029999998929,-0.6506580000000213
2021-08-27 03:30:00,2721.845578,2721.256165,2721.132505,-0.5894130000001496,-0.7130729999998948,-0.6512430000000222
2021-08-27 03:45:00,2721.847328,2721.256037,2721.136607,-0.5912909999997282,-0.7107209999999213,-0.6510059999998248
2021-08-27 04:00:00,2721.845972,2721.257589,2721.134058,-0.588383000000249,-0.7119139999999788,-0.6501485000001139
2021-08-27 04:15:00,2721.846358,2721.254086,2721.134445,-0.5922719999998662,-0.7119129999996403,-0.6520924999997533
2021-08-27 04:30:00,2721.845972,2721.25584,2721.134766,-0.590132000000267,-0.7112059999999474,-0.6506690000001072
2021-08-27 04:45:00,2721.847328,2721.257198,2721.136124,-0.5901300000000447,-0.7112039999997251,-0.6506669999998849
2021-08-27 05:00:00,2721.849467,2721.257588,2721.135805,-0.5918790000000627,-0.713662000000113,-0.6527705000000878
2021-08-27 05:15:00,2721.849274,2721.259145,2721.138071,-0.5901290000001609,-0.711203000000296,-0.6506660000002285
2021-08-27 05:30:00,2721.848494,2721.256484,2721.134953,-0.5920099999998456,-0.7135409999996227,-0.6527754999997342
2021-08-27 05:45:00,2721.846745,2721.256874,2721.135661,-0.5898709999996754,-0.711084000000028,-0.6504774999998517
2021-08-27 06:00:00,2721.846745,2721.258367,2721.135661,-0.5883779999999206,-0.711084000000028,-0.6497309999999743
2021-08-27 06:15:00,2721.846161,2721.257394,2721.135078,-0.5887669999997343,-0.7110830000001442,-0.6499249999999392
2021-08-27 06:30:00,2721.847328,2721.2572,2721.136125,-0.5901279999998224,-0.7112029999998413,-0.6506654999998318
2021-08-27 07:00:00,2721.847911,2721.255644,2721.135999,-0.5922669999999925,-0.7119119999997565,-0.6520894999998745
2021-08-27 07:15:00,2721.846161,2721.256035,2721.138351,-0.5901260000000548,-0.7078099999998813,-0.648967999999968
2021-08-27 07:30:00,2721.846745,2721.258759,2721.132374,-0.5879860000000008,-0.7143710000000283,-0.6511785000000145
2021-08-27 07:45:00,2721.846745,2721.256229,2721.134832,-0.5905159999997522,-0.7119129999996403,-0.6512144999996963
2021-08-27 08:00:00,2721.846745,2721.254479,2721.133082,-0.592265999999654,-0.7136629999999968,-0.6529644999998254
2021-08-27 08:15:00,2721.844609,2721.254092,2721.132695,-0.5905170000000908,-0.7119140000004336,-0.6512155000002622
2021-08-27 08:30:00,2721.845585,2721.25734,2721.135316,-0.5882449999999153,-0.710269000000153,-0.6492570000000342
2021-08-27 08:45:00,2721.847334,2721.255069,2721.136025,-0.592265000000225,-0.7113090000002558,-0.6517870000002404
2021-08-27 09:00:00,2721.845585,2721.254809,2721.135317,-0.5907760000000053,-0.7102679999998145,-0.6505219999999099
2021-08-27 09:45:00,2721.845002,2721.252086,2721.135441,-0.5929160000000593,-0.7095610000001216,-0.6512385000000904
2021-08-27 10:00:00,2721.845002,2721.250336,2721.13134,-0.5946659999999611,-0.713662000000113,-0.654164000000037
2021-08-27 10:15:00,2721.844419,2721.251893,2721.134858,-0.5925259999999071,-0.7095610000001216,-0.6510435000000143
2021-08-27 10:30:00,2721.843836,2721.25306,2721.131922,-0.5907760000000053,-0.7119139999999788,-0.6513449999999921
2021-08-27 10:45:00,2721.847334,2721.255463,2721.134382,-0.5918710000000829,-0.7129519999998593,-0.6524114999999711
2021-08-27 11:00:00,2721.843836,2721.253451,2721.133908,-0.5903849999999693,-0.7099280000002182,-0.6501565000000937
2021-08-27 11:15:00,2721.844805,2721.252932,2721.133602,-0.5918730000003052,-0.711203000000296,-0.6515380000003006
2021-08-27 11:30:00,2721.844995,2721.252732,2721.13625,-0.5922630000000026,-0.708744999999908,-0.6505039999999553
2021-08-27 12:00:00,2721.842663,2721.250989,2721.131578,-0.5916739999997844,-0.7110849999999118,-0.6513794999998481
2021-08-27 12:15:00,2721.843242,2721.249239,2721.132287,-0.5940029999997023,-0.7109550000000127,-0.6524789999998575
2021-08-27 12:30:00,2721.842466,2721.248333,2721.13373,-0.5941330000000562,-0.7087360000000444,-0.6514345000000503
2021-08-27 12:45:00,2721.843053,2721.248529,2721.134316,-0.5945240000000922,-0.7087369999999282,-0.6516305000000102
2021-08-27 13:00:00,2721.843246,2721.249242,2721.135219,-0.5940040000000408,-0.7080270000001292,-0.651015500000085
2021-08-27 13:15:00,2721.843246,2721.246972,2721.132865,-0.596273999999994,-0.7103809999998703,-0.6533274999999321
2021-08-27 13:30:00,2721.843442,2721.248919,2721.133063,-0.5945229999997537,-0.7103789999996479,-0.6524509999997008
2021-08-27 13:45:00,2721.842856,2721.248071,2721.131767,-0.594785000000229,-0.7110890000003565,-0.6529370000002928
2021-08-27 14:00:00,2721.844992,2721.248458,2721.133798,-0.5965339999997923,-0.7111939999999777,-0.653863999999885
2021-08-27 14:15:00,2721.841883,2721.249499,2721.135606,-0.5923840000000382,-0.7062770000002274,-0.6493305000001328
2021-08-27 14:45:00,2721.844219,2721.249696,2721.136298,-0.5945230000002084,-0.7079210000001694,-0.6512220000001889
2021-08-27 15:00:00,2721.842663,2721.250279,2721.134033,-0.5923840000000382,-0.7086300000000847,-0.6505070000000615
2021-08-27 15:15:00,2721.843246,2721.251902,2721.133695,-0.5913439999999355,-0.7095509999999194,-0.6504474999999275
2021-08-27 15:30:00,2721.841883,2721.249109,2721.134081,-0.5927740000001904,-0.7078019999999015,-0.6502880000000459
2021-08-27 15:45:00,2721.842656,2721.250272,2721.130411,-0.5923839999995835,-0.7122449999997116,-0.6523144999996475
2021-08-27 16:00:00,2721.843822,2721.249297,2721.134037,-0.594524999999976,-0.7097850000000108,-0.6521549999999934
2021-08-27 16:15:00,2721.843246,2721.247998,2721.133685,-0.5952480000000833,-0.7095610000001216,-0.6524045000001024
2021-08-27 16:30:00,2721.842469,2721.251373,2721.13395,-0.5910960000001069,-0.7085190000002513,-0.6498075000001791
2021-08-27 16:45:00,2721.843442,2721.249945,2721.135394,-0.593496999999843,-0.7080479999999625,-0.6507724999999027
2021-08-27 17:00:00,2721.843246,2721.250138,2721.132977,-0.5931080000000293,-0.7102689999996983,-0.6516884999998638
2021-08-27 17:15:00,2721.846545,2721.250137,2721.135011,-0.596407999999883,-0.7115340000000288,-0.6539709999999559
2021-08-27 17:30:00,2721.846165,2721.249486,2721.135791,-0.5966789999997673,-0.7103739999997742,-0.6535264999997707
2021-08-27 17:45:00,2721.844026,2721.253058,2721.133757,-0.59096800000043,-0.710269000000153,-0.6506185000002915
2021-08-27 18:00:00,2721.844995,2721.251629,2721.133912,-0.59336600000006,-0.7110830000001442,-0.6522245000001021
2021-08-27 18:15:00,2721.842663,2721.249554,2721.129934,-0.5931089999999131,-0.7127289999998538,-0.6529189999998835
2021-08-27 18:30:00,2721.844405,2721.249878,2721.131687,-0.5945269999997436,-0.7127179999997679,-0.6536224999997557
2021-08-27 18:45:00,2721.843822,2721.249294,2721.134036,-0.5945279999996274,-0.7097859999998946,-0.652156999999761
2021-08-27 19:00:00,2721.842269,2721.249881,2721.135863,-0.5923880000000281,-0.7064060000002428,-0.6493970000001354
2021-08-27 19:15:00,2721.843829,2721.24755,2721.132294,-0.5962789999998677,-0.7115349999999125,-0.6539069999998901
2021-08-27 19:30:00,2721.842856,2721.246577,2721.132475,-0.5962790000003224,-0.710381000000325,-0.6533300000003237
2021-08-27 20:00:00,2721.846161,2721.251633,2721.135784,-0.5945280000000821,-0.7103769999998804,-0.6524524999999812
2021-08-27 20:15:00,2721.844412,2721.253903,2721.134968,-0.590509000000111,-0.7094440000000759,-0.6499765000000934
2021-08-27 20:30:00,2721.844802,2721.250402,2721.136066,-0.5943999999999505,-0.7087360000000444,-0.6515679999999975
2021-08-27 20:45:00,2721.845585,2721.249035,2721.133673,-0.5965500000002066,-0.7119120000002113,-0.654231000000209
2021-08-27 21:00:00,2721.845778,2721.249228,2721.132116,-0.5965499999997519,-0.7136619999996583,-0.6551059999997051
2021-08-27 21:15:00,2721.843242,2721.24916,2721.133089,-0.5940820000000713,-0.7101529999999912,-0.6521175000000312
2021-08-27 21:45:00,2721.845382,2721.24955,2721.135939,-0.595831999999973,-0.7094430000001921,-0.6526375000000826
2021-08-27 22:00:00,2721.844419,2721.248589,2721.134964,-0.5958300000002055,-0.7094550000001618,-0.6526425000001836
2021-08-27 22:15:00,2721.845388,2721.247677,2721.134185,-0.5977110000003449,-0.711203000000296,-0.6544570000003205
2021-08-27 22:30:00,2721.842466,2721.247674,2721.132312,-0.5947919999998703,-0.7101539999998749,-0.6524729999998726
2021-08-27 22:45:00,2721.845578,2721.247548,2721.132741,-0.598030000000108,-0.7128370000000359,-0.655433500000072
2021-08-27 23:00:00,2721.844802,2721.248521,2721.134187,-0.59628100000009,-0.7106149999999616,-0.6534480000000258
2021-08-28 00:15:00,2721.843442,2721.248521,2721.134104,-0.5949209999998857,-0.7093379999996614,-0.6521294999997735
2021-08-28 00:30:00,2721.844412,2721.249882,2721.134261,-0.5945299999998497,-0.7101509999997688,-0.6523404999998093
2021-08-28 00:45:00,2721.846355,2721.251955,2721.134453,-0.5943999999999505,-0.7119020000000091,-0.6531509999999798
2021-08-28 01:00:00,2721.844992,2721.250592,2721.135079,-0.5943999999999505,-0.7099129999996876,-0.6521564999998191
2021-08-28 01:30:00,2721.843049,2721.245727,2721.132896,-0.5973220000000765,-0.7101529999999912,-0.6537375000000338
2021-08-28 01:45:00,2721.843829,2721.246897,2721.133676,-0.5969319999999243,-0.7101529999999912,-0.6535424999999577
2021-08-28 02:15:00,2721.846745,2721.248064,2721.135552,-0.5986809999999423,-0.7111929999996391,-0.6549369999997907
2021-08-28 02:30:00,2721.844995,2721.250206,2721.1332,-0.5947889999997642,-0.7117949999997109,-0.6532919999997375
2021-08-28 02:45:00,2721.845578,2721.250398,2721.136136,-0.5951799999998002,-0.7094419999998536,-0.6523109999998269
2021-08-28 03:15:00,2721.845385,2721.250857,2721.13184,-0.5945280000000821,-0.7135450000000674,-0.6540365000000747
2021-08-28 03:30:00,2721.847524,2721.250857,2721.134688,-0.5966669999997976,-0.7128359999996974,-0.6547514999997475
2021-08-28 03:45:00,2721.843246,2721.247676,2721.136367,-0.5955699999999524,-0.7068789999998444,-0.6512244999998984
2021-08-28 04:00:00,2721.845385,2721.250467,2721.134298,-0.5949180000002343,-0.7110870000001341,-0.6530025000001842
2021-08-28 04:30:00,2721.844415,2721.245925,2721.133802,-0.5984899999998561,-0.710613000000194,-0.654551500000025
2021-08-28 05:00:00,2721.845578,2721.246509,2721.134492,-0.5990689999998722,-0.7110859999997956,-0.6550774999998339
2021-08-28 05:30:00,2721.846745,2721.249818,2721.136368,-0.5969270000000506,-0.7103769999998804,-0.6536519999999655
2021-08-28 06:00:00,2721.846745,2721.250079,2721.135659,-0.5966659999999138,-0.7110859999997956,-0.6538759999998547
2021-08-28 06:15:00,2721.847331,2721.250275,2721.135075,-0.597056000000066,-0.7122559999997975,-0.6546559999999317
2021-08-28 06:30:00,2721.844022,2721.248525,2721.134685,-0.5954970000002504,-0.7093370000002324,-0.6524170000002414
2021-08-28 06:45:00,2721.844412,2721.249496,2721.133325,-0.594916000000012,-0.7110870000001341,-0.6530015000000731
2021-08-28 07:00:00,2721.844995,2721.248068,2721.135553,-0.5969270000000506,-0.7094419999998536,-0.6531844999999521
2021-08-28 07:45:00,2721.846161,2721.247095,2721.133799,-0.5990659999997661,-0.7123619999997572,-0.6557139999997617
2021-08-28 08:00:00,2721.844605,2721.249428,2721.133177,-0.5951769999996941,-0.7114279999996143,-0.6533024999996542
2021-08-28 08:15:00,2721.842466,2721.247679,2721.132787,-0.5947869999999966,-0.709679000000051,-0.6522330000000238
2021-08-28 08:30:00,2721.844605,2721.249429,2721.132704,-0.5951759999998103,-0.7119009999996706,-0.6535384999997405
2021-08-28 09:00:00,2721.844992,2721.249947,2721.136257,-0.5950450000000274,-0.7087349999997059,-0.6518899999998666
2021-08-28 09:15:00,2721.843826,2721.2445,2721.132632,-0.5993260000000191,-0.7111939999999777,-0.6552599999999984
2021-08-28 09:45:00,2721.843242,2721.248198,2721.134507,-0.5950440000001436,-0.7087349999997059,-0.6518894999999247
2021-08-28 10:15:00,2721.844995,2721.246641,2721.13334,-0.5983539999997447,-0.7116550000000643,-0.6550044999999045
2021-08-28 10:30:00,2721.842663,2721.244308,2721.133678,-0.5983550000000832,-0.7089849999997568,-0.65366999999992
2021-08-28 10:45:00,2721.84091,2721.243724,2721.133095,-0.5971859999999651,-0.707814999999755,-0.65250049999986
2021-08-28 11:00:00,2721.842659,2721.247615,2721.134845,-0.5950439999996888,-0.7078139999998712,-0.65142899999978
2021-08-28 11:15:00,2721.843826,2721.246901,2721.13509,-0.5969249999998283,-0.7087359999995897,-0.652830499999709
2021-08-28 11:30:00,2721.843826,2721.24515,2721.133105,-0.5986759999996139,-0.7107209999999213,-0.6546984999997676
2021-08-28 12:00:00,2721.840717,2721.24379,2721.133495,-0.5969270000000506,-0.7072220000000016,-0.6520745000000261
2021-08-28 12:15:00,2721.844605,2721.24593,2721.136345,-0.5986749999997301,-0.708259999999882,-0.653467499999806
2021-08-28 12:30:00,2721.842466,2721.24593,2721.135955,-0.5965360000000146,-0.706510999999864,-0.6515234999999393
2021-08-28 12:45:00,2721.841496,2721.24243,2721.130882,-0.5990660000002208,-0.7106140000000778,-0.6548400000001493
2021-08-28 13:00:00,2721.84033,2721.243664,2721.132636,-0.5966659999999138,-0.7076940000001741,-0.652180000000044
2021-08-28 13:15:00,2721.8413,2721.243663,2721.131854,-0.5976369999998496,-0.7094459999998435,-0.6535414999998466
2021-08-28 13:30:00,2721.84208,2721.245804,2721.131464,-0.5962759999997616,-0.7106159999998454,-0.6534459999998035
2021-08-28 13:45:00,2721.84208,2721.242622,2721.134386,-0.5994579999996859,-0.7076939999997194,-0.6535759999997026
2021-08-28 14:00:00,2721.842663,2721.243856,2721.134033,-0.5988069999998515,-0.7086300000000847,-0.6537184999999681
2021-08-28 14:15:00,2721.842663,2721.243466,2721.135677,-0.5991970000000038,-0.7069859999996879,-0.6530914999998458
2021-08-28 14:30:00,2721.842663,2721.244246,2721.136965,-0.5984169999996993,-0.7056979999997566,-0.652057499999728
2021-08-28 14:45:00,2721.8413,2721.244633,2721.133265,-0.5966670000002523,-0.708035000000109,-0.6523510000001806
2021-08-28 15:00:00,2721.843246,2721.242286,2721.13708,-0.600959999999759,-0.7061659999999392,-0.6535629999998491
2021-08-28 15:30:00,2721.842469,2721.24365,2721.1322,-0.598819000000276,-0.710269000000153,-0.6545440000002145
2021-08-28 15:45:00,2721.845192,2721.244233,2721.133174,-0.60095900000033,-0.712018000000171,-0.6564885000002505
2021-08-28 16:00:00,2721.841496,2721.245857,2721.135329,-0.5956390000001193,-0.706166999999823,-0.6509029999999711
2021-08-28 16:30:00,2721.84208,2721.244299,2721.132279,-0.5977809999999408,-0.7098009999999704,-0.6537909999999556
2021-08-28 16:45:00,2721.843636,2721.244815,2721.133836,-0.5988210000000436,-0.7098000000000866,-0.6543105000000651
2021-08-28 17:00:00,2721.842666,2721.244106,2721.135325,-0.5985599999999067,-0.7073409999998148,-0.6529504999998608
2021-08-28 17:45:00,2721.842859,2721.243647,2721.134703,-0.5992120000000796,-0.7081559999996898,-0.6536839999998847
2021-08-28 18:00:00,2721.844019,2721.246959,2721.135864,-0.5970600000000559,-0.7081550000002608,-0.6526075000001583
2021-08-28 18:15:00,2721.843829,2721.242878,2721.133923,-0.6009509999998954,-0.7099060000000463,-0.6554284999999709
2021-08-28 18:30:00,2721.846161,2721.245602,2721.136492,-0.6005589999999756,-0.7096689999998489,-0.6551139999999123
2021-08-28 18:45:00,2721.843049,2721.243848,2721.135723,-0.5992009999999937,-0.7073260000001937,-0.6532635000000937
2021-08-28 19:00:00,2721.845572,2721.24488,2721.136496,-0.6006919999999809,-0.7090760000000955,-0.6548840000000382
2021-08-28 19:30:00,2721.839747,2721.241962,2721.130412,-0.5977849999999307,-0.70933500000001,-0.6535599999999704
2021-08-28 19:45:00,2721.842656,2721.243845,2721.13287,-0.5988109999998414,-0.7097859999998946,-0.654298499999868
2021-08-28 20:00:00,2721.844212,2721.239688,2721.135583,-0.6045239999998557,-0.7086289999997462,-0.6565764999998009
2021-08-28 20:15:00,2721.843636,2721.241513,2721.133021,-0.6021230000001196,-0.7106149999999616,-0.6563690000000406
2021-08-28 20:30:00,2721.844026,2721.243782,2721.133412,-0.6002440000002025,-0.7106140000000778,-0.6554290000001401
2021-08-28 20:45:00,2721.843829,2721.242934,2721.133215,-0.6008950000000368,-0.7106140000000778,-0.6557545000000573
2021-08-28 21:00:00,2721.844022,2721.243199,2721.132829,-0.6008230000002186,-0.7111930000000939,-0.6560080000001562
2021-08-28 21:15:00,2721.846161,2721.246051,2721.134959,-0.6001099999998587,-0.7112019999999575,-0.6556559999999081
2021-08-28 21:30:00,2721.842076,2721.242743,2721.132162,-0.5993330000001151,-0.7099140000000261,-0.6546235000000706
2021-08-28 21:45:00,2721.844609,2721.244496,2721.133405,-0.6001130000004196,-0.7112040000001798,-0.6556585000002997
2021-08-28 22:00:00,2721.844222,2721.241969,2721.134768,-0.6022530000000188,-0.709454000000278,-0.6558535000001484
2021-08-28 22:45:00,2721.845585,2721.243072,2721.134382,-0.6025129999998171,-0.7112029999998413,-0.6568579999998292
2021-08-28 23:00:00,2721.843252,2721.242488,2721.132047,-0.6007640000002539,-0.7112050000000636,-0.6559845000001587
2021-08-28 23:15:00,2721.843252,2721.242878,2721.134507,-0.6003740000001017,-0.708744999999908,-0.6545595000000048
2021-08-28 23:30:00,2721.844419,2721.241905,2721.134859,-0.6025140000001556,-0.7095600000002378,-0.6560370000001967
2021-08-29 00:00:00,2721.846161,2721.244629,2721.133798,-0.6015320000001338,-0.7123630000000958,-0.6569475000001148
2021-08-29 00:15:00,2721.847328,2721.244047,2721.134151,-0.6032809999996971,-0.7131769999996322,-0.6582289999996647
2021-08-29 00:30:00,2721.846168,2721.245797,2721.136609,-0.6003709999999955,-0.7095589999998992,-0.6549649999999474
2021-08-29 00:45:00,2721.845585,2721.242943,2721.136133,-0.6026419999998325,-0.7094520000000557,-0.6560469999999441
2021-08-29 02:00:00,2721.843836,2721.238662,2721.131923,-0.6051739999998063,-0.711913000000095,-0.6585434999999507
2021-08-29 02:15:00,2721.844805,2721.242163,2721.133602,-0.6026420000002872,-0.711203000000296,-0.6569225000002916
2021-08-29 02:30:00,2721.844409,2721.243196,2721.134966,-0.6012129999999161,-0.7094429999997374,-0.6553279999998267
2021-08-29 02:45:00,2721.846745,2721.246503,2721.137293,-0.6002419999999802,-0.709451999999601,-0.6548469999997906
2021-08-29 03:00:00,2721.846161,2721.243522,2721.135079,-0.6026389999997264,-0.7110819999998057,-0.656860499999766
2021-08-29 03:15:00,2721.845578,2721.244687,2721.134496,-0.6008910000000469,-0.7110819999998057,-0.6559864999999263
2021-08-29 04:00:00,2721.847134,2721.242613,2721.133595,-0.6045210000002044,-0.7135390000003099,-0.6590300000002571
2021-08-29 04:15:00,2721.846745,2721.241644,2721.132386,-0.6051009999996495,-0.7143589999996038,-0.6597299999996267
2021-08-29 04:30:00,2721.847524,2721.243005,2721.136913,-0.604518999999982,-0.7106109999999717,-0.6575649999999769
2021-08-29 04:45:00,2721.846745,2721.244497,2721.135663,-0.6022479999996904,-0.7110819999998057,-0.656664999999748
2021-08-29 05:00:00,2721.845385,2721.240473,2721.134065,-0.6049120000002404,-0.7113199999998869,-0.6581160000000637
2021-08-29 05:15:00,2721.846748,2721.241188,2721.133677,-0.6055599999999686,-0.7130710000001272,-0.6593155000000479
2021-08-29 05:30:00,2721.847331,2721.242812,2721.134262,-0.604518999999982,-0.7130689999999049,-0.6587939999999435
2021-08-29 05:45:00,2721.848497,2721.24437,2721.137887,-0.6041270000000623,-0.7106100000000879,-0.6573685000000751
2021-08-29 06:00:00,2721.847911,2721.243522,2721.138,-0.6043889999996281,-0.70991099999992,-0.6571499999997741
2021-08-29 06:15:00,2721.847914,2721.242355,2721.134375,-0.6055590000000848,-0.7135389999998552,-0.65954899999997
2021-08-29 06:45:00,2721.847911,2721.245666,2721.13508,-0.602245000000039,-0.7128309999998237,-0.6575379999999313
2021-08-29 07:00:00,2721.847911,2721.239634,2721.133329,-0.6082769999998163,-0.714582000000064,-0.6614294999999402
2021-08-29 07:15:00,2721.848494,2721.242098,2721.132376,-0.6063959999996769,-0.716117999999824,-0.6612569999997504
2021-08-29 07:30:00,2721.844995,2721.240219,2721.133085,-0.604776000000129,-0.7119099999999889,-0.658343000000059
2021-08-29 07:45:00,2721.846745,2721.242098,2721.134835,-0.6046469999996589,-0.7119099999999889,-0.6582784999998239
2021-08-29 08:00:00,2721.846745,2721.243848,2721.136478,-0.6028969999997571,-0.7102669999999307,-0.6565819999998439
2021-08-29 08:15:00,2721.847524,2721.242879,2721.134799,-0.6046449999998913,-0.7127249999998639,-0.6586849999998776
2021-08-29 08:30:00,2721.846168,2721.241522,2721.133442,-0.6046460000002298,-0.7127260000002025,-0.6586860000002162
2021-08-29 08:45:00,2721.846751,2721.239966,2721.134027,-0.6067849999999453,-0.7127239999999802,-0.6597544999999627
2021-08-29 09:15:00,2721.845002,2721.238216,2721.132277,-0.6067859999998291,-0.7127249999998639,-0.6597554999998465
2021-08-29 09:30:00,2721.843836,2721.238799,2721.13111,-0.6050369999998111,-0.7127260000002025,-0.6588815000000068
2021-08-29 09:45:00,2721.844995,2721.241331,2721.133568,-0.6036639999997533,-0.7114269999997305,-0.6575454999997419
2021-08-29 10:15:00,2721.846355,2721.24055,2721.130246,-0.6058050000001458,-0.7161089999999604,-0.6609570000000531
2021-08-29 10:30:00,2721.844992,2721.241718,2721.128882,-0.6032739999996011,-0.7161099999998441,-0.6596919999997226
2021-08-29 10:45:00,2721.844215,2721.240941,2721.128105,-0.6032740000000558,-0.7161100000002989,-0.6596920000001774
2021-08-29 11:00:00,2721.843836,2721.241722,2721.129358,-0.6021139999998013,-0.7144779999998718,-0.6582959999998366
2021-08-29 11:15:00,2721.842086,2721.23744,2721.131818,-0.6046460000002298,-0.7102680000002692,-0.6574570000002495
2021-08-29 11:30:00,2721.842669,2721.238025,2721.132401,-0.6046440000000075,-0.7102680000002692,-0.6574560000001384
2021-08-29 11:45:00,2721.845002,2721.240748,2721.135443,-0.6042539999998553,-0.7095589999998992,-0.6569064999998773
2021-08-29 12:15:00,2721.843836,2721.237702,2721.134276,-0.606134000000111,-0.709559999999783,-0.657846999999947
2021-08-29 12:30:00,2721.842669,2721.238023,2721.135569,-0.6046460000002298,-0.7071000000000822,-0.655873000000156
2021-08-29 14:00:00,2721.847334,2721.23919,2721.136026,-0.6081440000002658,-0.7113079999999172,-0.6597260000000915
2021-08-29 14:30:00,2721.843053,2721.238406,2721.13231,-0.6046470000001136,-0.7107430000000932,-0.6576950000001034
2021-08-29 14:45:00,2721.843829,2721.238013,2721.134375,-0.605815999999777,-0.7094539999998233,-0.6576349999998001
2021-08-29 15:00:00,2721.844799,2721.238271,2721.134314,-0.6065279999997983,-0.7104850000000624,-0.6585064999999304
2021-08-29 15:15:00,2721.843829,2721.237562,2721.134385,-0.6062670000001162,-0.7094440000000759,-0.6578555000000961
2021-08-29 16:00:00,2721.844995,2721.24113,2721.133909,-0.6038650000000416,-0.7110859999997956,-0.6574754999999186
2021-08-29 16:15:00,2721.845385,2721.239117,2721.134772,-0.606268,-0.710613000000194,-0.658440500000097
2021-08-29 16:30:00,2721.844022,2721.238924,2721.132935,-0.6050979999999981,-0.7110870000001341,-0.6580925000000661
2021-08-29 16:45:00,2721.843829,2721.23756,2721.135674,-0.6062689999998838,-0.708154999999806,-0.6572119999998449
2021-08-29 17:15:00,2721.843246,2721.236975,2721.133341,-0.6062710000001061,-0.7099049999997078,-0.658087999999907
2021-08-29 17:30:00,2721.843246,2721.235544,2721.135091,-0.6077019999997901,-0.708154999999806,-0.6579284999997981
2021-08-29 17:45:00,2721.841493,2721.238532,2721.132049,-0.6029610000000503,-0.7094440000000759,-0.6562025000000631
2021-08-29 18:00:00,2721.843246,2721.236975,2721.134511,-0.6062710000001061,-0.7087349999997059,-0.657502999999906
2021-08-29 18:15:00,2721.840523,2721.236,2721.133537,-0.6045229999999719,-0.7069859999996879,-0.6557544999998299
2021-08-29 19:15:00,2721.843446,2721.234774,2721.131427,-0.6086719999998422,-0.7120190000000548,-0.6603454999999485
2021-08-29 19:30:00,2721.844799,2721.236455,2721.134079,-0.6083439999997609,-0.7107200000000375,-0.6595319999998992
2021-08-29 19:45:00,2721.843639,2721.237106,2721.134186,-0.6065330000001268,-0.7094529999999395,-0.6579930000000331
2021-08-29 20:15:00,2721.843829,2721.237165,2721.133216,-0.6066639999999097,-0.7106129999997393,-0.6586384999998245
2021-08-29 20:45:00,2721.844609,2721.235936,2721.131068,-0.6086730000001808,-0.7135410000000775,-0.6611070000001291
2021-08-29 21:00:00,2721.843836,2721.23334,2721.130293,-0.6104959999997845,-0.713542999999845,-0.6620194999998148
2021-08-29 21:15:00,2721.845195,2721.238402,2721.136912,-0.6067929999999251,-0.7082829999999376,-0.6575379999999313
2021-08-29 21:30:00,2721.844992,2721.237167,2721.135442,-0.6078249999995933,-0.7095500000000357,-0.6586874999998145
2021-08-29 21:45:00,2721.845575,2721.23775,2721.131108,-0.607825000000048,-0.7144669999997859,-0.661145999999917
2021-08-29 22:30:00,2721.843822,2721.235996,2721.13134,-0.6078259999999318,-0.712481999999909,-0.6601539999999204
2021-08-29 22:45:00,2721.844409,2721.235022,2721.134137,-0.6093869999999697,-0.7102719999998044,-0.659829499999887
2021-08-29 23:15:00,2721.845575,2721.23587,2721.134275,-0.609704999999849,-0.7112999999999374,-0.6605024999998932
2021-08-29 23:45:00,2721.845575,2721.237359,2721.133566,-0.6082159999996293,-0.7120089999998527,-0.660112499999741
2021-08-30 00:30:00,2721.844215,2721.238011,2721.136416,-0.6062040000001616,-0.7077990000002501,-0.6570015000002059
2021-08-30 00:45:00,2721.842863,2721.236067,2721.132594,-0.6067960000000312,-0.7102689999996983,-0.6585324999998647
2021-08-30 01:15:00,2721.846158,2721.236454,2721.132507,-0.6097039999999652,-0.7136510000000271,-0.6616774999999961
2021-08-30 01:30:00,2721.844215,2721.23587,2721.130328,-0.6083450000000994,-0.713886999999886,-0.6611159999999927
2021-08-30 01:45:00,2721.845002,2721.236327,2721.132275,-0.6086749999999483,-0.7127270000000863,-0.6607010000000173
2021-08-30 02:00:00,2721.845972,2721.235157,2721.13406,-0.6108150000000023,-0.7119120000002113,-0.6613635000001068
2021-08-30 02:15:00,2721.845578,2721.236904,2721.133667,-0.6086740000000646,-0.7119109999998727,-0.6602924999999686
2021-08-30 02:30:00,2721.844409,2721.235342,2721.132038,-0.6090669999998681,-0.7123709999996208,-0.6607189999997445
2021-08-30 02:45:00,2721.846161,2721.236707,2721.13508,-0.6094539999999142,-0.7110809999999219,-0.6602674999999181
2021-08-30 03:00:00,2721.845968,2721.233592,2721.134886,-0.6123760000000402,-0.7110820000002605,-0.6617290000001503
2021-08-30 03:15:00,2721.846745,2721.238069,2721.134844,-0.6086759999998321,-0.7119009999996706,-0.6602884999997514
2021-08-30 04:00:00,2721.843829,2721.231452,2721.132034,-0.612376999999924,-0.7117949999997109,-0.6620859999998174
2021-08-30 04:15:00,2721.846745,2721.234499,2721.135553,-0.6122459999996863,-0.7111919999997554,-0.6617189999997208
2021-08-30 04:30:00,2721.843829,2721.233593,2721.134492,-0.6102359999999862,-0.7093369999997776,-0.6597864999998819
2021-08-30 04:45:00,2721.844995,2721.236192,2721.131557,-0.6088030000000799,-0.7134379999997691,-0.6611204999999245
2021-08-30 05:00:00,2721.845385,2721.233789,2721.133591,-0.6115960000001905,-0.7117940000002818,-0.6616950000002362
2021-08-30 05:15:00,2721.844415,2721.234961,2721.133435,-0.6094539999999142,-0.7109799999998359,-0.660216999999875
2021-08-30 05:30:00,2721.846165,2721.234831,2721.132727,-0.6113339999997152,-0.7134379999997691,-0.6623859999997421
2021-08-30 05:45:00,2721.846748,2721.235805,2721.135663,-0.6109430000001339,-0.7110849999999118,-0.6610140000000229
2021-08-30 06:00:00,2721.847331,2721.238268,2721.135538,-0.6090629999998782,-0.7117929999999433,-0.6604279999999108
2021-08-30 06:15:00,2721.846165,2721.237362,2721.134371,-0.6088030000000799,-0.7117939999998271,-0.6602984999999535
2021-08-30 06:30:00,2721.845775,2721.234832,2721.137149,-0.6109429999996792,-0.70862599999964,-0.6597844999996596
2021-08-30 06:45:00,2721.846745,2721.235541,2721.135659,-0.611203999999816,-0.7110859999997956,-0.6611449999998058
2021-08-30 07:00:00,2721.844995,2721.237944,2721.136596,-0.6070509999999558,-0.7083990000000995,-0.6577250000000276
2021-08-30 07:15:00,2721.845578,2721.236516,2721.135429,-0.6090619999999944,-0.7101490000000013,-0.6596054999999978
2021-08-30 07:45:00,2721.844412,2721.23561,2721.133553,-0.6088019999997414,-0.7108589999998003,-0.6598304999997708
2021-08-30 08:00:00,2721.84208,2721.234766,2721.132742,-0.6073139999998602,-0.7093380000001162,-0.6583259999999882
2021-08-30 08:30:00,2721.842663,2721.235351,2721.132618,-0.6073120000000927,-0.7100449999998091,-0.6586784999999509
2021-08-30 08:45:00,2721.843246,2721.233014,2721.131451,-0.6102319999999963,-0.7117949999997109,-0.6610134999998536
2021-08-30 09:00:00,2721.843829,2721.233336,2721.133679,-0.6104930000001332,-0.710149999999885,-0.6603215000000091
2021-08-30 09:30:00,2721.841496,2721.234835,2721.129701,-0.6066609999998036,-0.7117950000001656,-0.6592279999999846
2021-08-30 09:45:00,2721.843246,2721.232305,2721.132159,-0.6109409999999116,-0.7110870000001341,-0.6610140000000229
2021-08-30 10:00:00,2721.843829,2721.233017,2721.130284,-0.6108119999998962,-0.7135450000000674,-0.6621784999999818
2021-08-30 10:15:00,2721.844412,2721.233601,2721.133326,-0.6108110000000124,-0.7110859999997956,-0.660948499999904
2021-08-30 10:30:00,2721.841496,2721.230945,2721.12795,-0.6105510000002141,-0.7135459999999512,-0.6620485000000826
2021-08-30 10:45:00,2721.841496,2721.232695,2721.127241,-0.6088009999998576,-0.7142549999998664,-0.661527999999862
2021-08-30 11:00:00,2721.8413,2721.23406,2721.128924,-0.6072399999998197,-0.7123759999999493,-0.6598079999998845
2021-08-30 11:15:00,2721.844415,2721.232435,2721.129227,-0.6119800000001305,-0.7151880000001256,-0.6635840000001281
2021-08-30 11:30:00,2721.841107,2721.232696,2721.130955,-0.6084110000001601,-0.7101520000001074,-0.6592815000001337
2021-08-30 11:45:00,2721.840134,2721.231333,2721.130795,-0.6088009999998576,-0.7093389999999999,-0.6590699999999288
2021-08-30 12:00:00,2721.841883,2721.232693,2721.131838,-0.609190000000126,-0.7100450000002638,-0.6596175000001949
2021-08-30 12:15:00,2721.844019,2721.23133,2721.132932,-0.6126890000000458,-0.7110870000001341,-0.66188800000009
2021-08-30 12:30:00,2721.8413,2721.230358,2721.130806,-0.6109420000002501,-0.710493999999926,-0.6607180000000881
2021-08-30 12:45:00,2721.843822,2721.231001,2721.13134,-0.6128209999997125,-0.712481999999909,-0.6626514999998108
2021-08-30 13:00:00,2721.84072,2721.233339,2721.131856,-0.6073810000002595,-0.708864000000176,-0.6581225000002178
2021-08-30 13:15:00,2721.84111,2721.23192,2721.128144,-0.6091899999996713,-0.7129660000000513,-0.6610779999998613
2021-08-30 13:30:00,2721.842469,2721.233931,2721.131962,-0.6085379999999532,-0.7105070000002343,-0.6595225000000937
2021-08-30 14:00:00,2721.843832,2721.231013,2721.134034,-0.6128189999999449,-0.7097979999998643,-0.6613084999999046
2021-08-30 14:30:00,2721.839944,2721.232183,2721.129082,-0.6077609999997549,-0.7108619999999064,-0.6593114999998306
2021-08-30 15:00:00,2721.843249,2721.23218,2721.131572,-0.6110690000000432,-0.7116770000002361,-0.6613730000001397
2021-08-30 15:15:00,2721.84072,2721.23108,2721.131041,-0.6096400000001267,-0.709679000000051,-0.6596595000000889
2021-08-30 15:30:00,2721.843636,2721.232246,2721.133958,-0.6113900000000285,-0.7096780000001672,-0.6605340000000979
2021-08-30 15:45:00,2721.842076,2721.232755,2721.132163,-0.609320999999909,-0.7099129999996876,-0.6596169999997983
2021-08-30 16:00:00,2721.84149,2721.233729,2721.131811,-0.6077609999997549,-0.7096789999995963,-0.6587199999996756
2021-08-30 16:15:00,2721.840907,2721.231263,2721.134621,-0.6096439999996619,-0.7062859999996363,-0.6579649999996491
2021-08-30 16:30:00,2721.842656,2721.232755,2721.133686,-0.6099009999998088,-0.708969999999681,-0.6594354999997449
2021-08-30 16:45:00,2721.840907,2721.230873,2721.131226,-0.6100339999998141,-0.7096809999998186,-0.6598574999998164
2021-08-30 17:00:00,2721.840907,2721.229122,2721.131696,-0.6117849999995997,-0.7092109999998684,-0.660497999999734
2021-08-30 17:15:00,2721.84188,2721.232236,2721.131492,-0.6096440000001166,-0.7103879999999663,-0.6600160000000415
2021-08-30 17:30:00,2721.843826,2721.230163,2721.134617,-0.613662999999633,-0.709208999999646,-0.6614359999996395
2021-08-30 17:45:00,2721.841493,2721.231459,2721.134033,-0.6100339999998141,-0.7074600000000828,-0.6587469999999485
2021-08-30 18:00:00,2721.84091,2721.230875,2721.131807,-0.6100349999996979,-0.7091029999996863,-0.6595689999996921
2021-08-30 18:15:00,2721.843242,2721.229318,2721.129931,-0.6139239999997699,-0.713310999999976,-0.663617499999873
2021-08-30 18:45:00,2721.843242,2721.229317,2721.134272,-0.6139250000001084,-0.7089700000001358,-0.6614475000001221
2021-08-30 19:15:00,2721.843242,2721.231458,2721.133563,-0.6117839999997159,-0.709679000000051,-0.6607314999998835
2021-08-30 19:30:00,2721.841686,2721.232431,2721.132006,-0.609255000000303,-0.7096800000003896,-0.6594675000003463
2021-08-30 19:45:00,2721.843826,2721.233011,2721.132978,-0.6108150000000023,-0.7108479999997144,-0.6608314999998584
2021-08-30 20:00:00,2721.843242,2721.231779,2721.132855,-0.6114629999997305,-0.7103870000000825,-0.6609249999999065
2021-08-30 20:15:00,2721.842076,2721.231002,2721.130044,-0.6110739999999169,-0.7120319999999083,-0.6615529999999126
2021-08-30 20:30:00,2721.842856,2721.231782,2721.13001,-0.6110740000003716,-0.7128460000003543,-0.6619600000003629
2021-08-30 20:45:00,2721.842666,2721.229451,2721.12982,-0.6132149999998546,-0.7128459999998995,-0.6630304999998771
2021-08-30 21:00:00,2721.844415,2721.230621,2721.132279,-0.6137939999998707,-0.7121360000001005,-0.6629649999999856
2021-08-30 21:15:00,2721.842083,2721.228606,2721.135311,-0.6134769999998753,-0.7067720000000008,-0.660124499999938
2021-08-30 21:30:00,2721.844415,2721.22848,2721.130977,-0.6159349999998085,-0.7134380000002238,-0.6646865000000162
2021-08-30 21:45:00,2721.844026,2721.230231,2721.133045,-0.6137950000002093,-0.7109810000001744,-0.6623880000001918
2021-08-30 22:00:00,2721.843636,2721.2277,2721.130196,-0.615936000000147,-0.7134399999999914,-0.6646880000000692
2021-08-30 22:30:00,2721.844415,2721.23062,2721.134144,-0.6137950000002093,-0.7102709999999206,-0.6620330000000649
2021-08-30 22:45:00,2721.845195,2721.23172,2721.130586,-0.6134749999996529,-0.7146089999996548,-0.6640419999996539
2021-08-30 23:00:00,2721.844415,2721.22906,2721.132974,-0.6153549999999086,-0.7114409999999225,-0.6633979999999156
2021-08-31 00:30:00,2721.843246,2721.230939,2721.129806,-0.6123069999998734,-0.7134399999999914,-0.6628734999999324
2021-08-31 01:15:00,2721.843636,2721.22984,2721.133364,-0.613796000000093,-0.7102720000002591,-0.6620340000001761
2021-08-31 01:30:00,2721.843249,2721.229453,2721.132268,-0.613796000000093,-0.7109810000001744,-0.6623885000001337
2021-08-31 01:45:00,2721.843832,2721.228867,2721.131222,-0.6149650000002111,-0.7126100000000406,-0.6637875000001259
2021-08-31 02:15:00,2721.843249,2721.227894,2721.1352,-0.6153549999999086,-0.7080489999998463,-0.6617019999998774
2021-08-31 03:00:00,2721.840917,2721.22731,2721.134738,-0.6136069999997744,-0.7061789999997927,-0.6598929999997836
2021-08-31 03:15:00,2721.843053,2721.227697,2721.130915,-0.6153560000002471,-0.712137999999868,-0.6637470000000576
2021-08-31 03:30:00,2721.842659,2721.227563,2721.132981,-0.6150959999999941,-0.7096779999997125,-0.6623869999998533
2021-08-31 03:45:00,2721.842656,2721.230612,2721.131796,-0.612043999999969,-0.7108599999996841,-0.6614519999998265
2021-08-31 04:00:00,2721.845965,2721.231261,2721.132894,-0.6147040000000743,-0.7130710000001272,-0.6638875000001008
2021-08-31 04:15:00,2721.842659,2721.230874,2721.132272,-0.6117850000000544,-0.7103870000000825,-0.6610860000000685
2021-08-31 04:45:00,2721.844409,2721.230483,2721.134022,-0.6139259999999922,-0.7103869999996277,-0.66215649999981
2021-08-31 05:00:00,2721.843826,2721.229901,2721.133439,-0.6139249999996537,-0.7103869999996277,-0.6621559999996407
2021-08-31 05:15:00,2721.844409,2721.230746,2721.133314,-0.613662999999633,-0.7110949999996592,-0.6623789999996461
2021-08-31 05:30:00,2721.844992,2721.231719,2721.134606,-0.6132729999999356,-0.710385999999744,-0.6618294999998398
2021-08-31 06:45:00,2721.843436,2721.227371,2721.133284,-0.6160650000001624,-0.7101520000001074,-0.6631085000001349
2021-08-31 07:00:00,2721.843826,2721.228731,2721.131088,-0.6150949999996556,-0.7127379999997174,-0.6639164999996865
2021-08-31 07:15:00,2721.844605,2721.227503,2721.132469,-0.6171019999997043,-0.7121359999996457,-0.664618999999675
2021-08-31 07:45:00,2721.843053,2721.2277,2721.129498,-0.615353000000141,-0.7135550000002695,-0.6644540000002053
2021-08-31 08:00:00,2721.843826,2721.228865,2721.130981,-0.6149609999997665,-0.7128450000000157,-0.6639029999998911
2021-08-31 08:15:00,2721.845188,2721.225947,2721.133052,-0.6192409999998745,-0.7121359999996457,-0.6656884999997601
2021-08-31 08:45:00,2721.842666,2721.229455,2721.129821,-0.6132109999998647,-0.7128450000000157,-0.6630279999999402
2021-08-31 09:15:00,2721.843832,2721.227121,2721.130988,-0.616711000000123,-0.7128440000001319,-0.6647775000001275
2021-08-31 09:45:00,2721.843249,2721.227898,2721.132389,-0.6153509999999187,-0.7108600000001388,-0.6631055000000288
2021-08-31 10:00:00,2721.843249,2721.228288,2721.130404,-0.6149610000002212,-0.7128450000000157,-0.6639030000001185
2021-08-31 10:15:00,2721.842666,2721.225304,2721.131685,-0.6173619999999573,-0.7109810000001744,-0.6641715000000659
2021-08-31 10:30:00,2721.8415,2721.224398,2721.131112,-0.617102000000159,-0.7103879999999663,-0.6637450000000626
2021-08-31 10:45:00,2721.842083,2721.222451,2721.128764,-0.6196319999999105,-0.7133189999999558,-0.6664754999999332
2021-08-31 11:00:00,2721.8415,2721.222647,2721.128654,-0.6188529999999446,-0.7128459999998995,-0.665849499999922
2021-08-31 11:15:00,2721.840917,2721.221674,2721.130529,-0.6192430000000968,-0.7103879999999663,-0.6648155000000315
2021-08-31 11:30:00,2721.840717,2721.222903,2721.12975,-0.6178140000001804,-0.7109669999999824,-0.6643905000000814
2021-08-31 12:00:00,2721.843046,2721.225944,2721.134303,-0.617102000000159,-0.7087430000001405,-0.6629225000001497
2021-08-31 12:15:00,2721.840327,2721.222832,2721.134148,-0.6174949999999626,-0.7061789999997927,-0.6618369999998777
2021-08-31 13:15:00,2721.842076,2721.223093,2721.131224,-0.6189829999998437,-0.7108519999997043,-0.664917499999774
2021-08-31 13:30:00,2721.83975,2721.221536,2721.130886,-0.61821400000008,-0.708864000000176,-0.663539000000128
2021-08-31 13:45:00,2721.839557,2721.223744,2721.132916,-0.6158129999998891,-0.7066409999997632,-0.6612269999998261
2021-08-31 14:00:00,2721.841696,2721.223743,2721.130373,-0.6179529999999431,-0.711322999999993,-0.6646379999999681
2021-08-31 14:15:00,2721.843056,2721.223092,2721.13653,-0.6199639999999818,-0.7065259999999398,-0.6632449999999608
2021-08-31 14:30:00,2721.841696,2721.224133,2721.134462,-0.6175629999997909,-0.7072339999999713,-0.6623984999998811
2021-08-31 14:45:00,2721.842666,2721.225103,2721.135432,-0.6175629999997909,-0.7072339999999713,-0.6623984999998811
2021-08-31 15:00:00,2721.84014,2721.222186,2721.133499,-0.6179539999998269,-0.7066409999997632,-0.662297499999795
2021-08-31 15:15:00,2721.843252,2721.22316,2721.129471,-0.6200920000001133,-0.7137809999999263,-0.6669365000000198
2021-08-31 15:30:00,2721.843836,2721.224133,2721.134852,-0.6197029999998449,-0.708983999999873,-0.664343499999859
2021-08-31 15:45:00,2721.843836,2721.226273,2721.13731,-0.6175629999997909,-0.7065259999999398,-0.6620444999998654
2021-08-31 16:15:00,2721.843639,2721.226077,2721.135249,-0.6175620000003619,-0.7083900000002359,-0.6629760000002989
2021-08-31 16:30:00,2721.842859,2721.226656,2721.133761,-0.6162030000000414,-0.7090979999998126,-0.662650499999927
2021-08-31 16:45:00,2721.845972,2721.226269,2721.135125,-0.6197030000002997,-0.7108470000002853,-0.6652750000002925
2021-08-31 17:15:00,2721.842086,2721.222971,2721.135446,-0.6191149999999652,-0.7066400000003341,-0.6628775000001497
2021-08-31 17:30:00,2721.841303,2721.223358,2721.134556,-0.6179449999999633,-0.7067470000001776,-0.6623460000000705
2021-08-31 18:00:00,2721.843826,2721.224521,2721.131333,-0.6193049999997129,-0.7124929999999949,-0.6658989999998539
2021-08-31 18:15:00,2721.842659,2721.224714,2721.132626,-0.6179449999999633,-0.7100329999998394,-0.6639889999999014
2021-08-31 18:30:00,2721.843826,2721.224001,2721.133319,-0.6198249999997643,-0.7105069999997795,-0.6651659999997719
2021-08-31 18:45:00,2721.844992,2721.225688,2721.134143,-0.6193039999998291,-0.7108489999995982,-0.6650764999997136
2021-08-31 19:15:00,2721.840327,2721.226531,2721.132503,-0.613796000000093,-0.7078240000000733,-0.6608100000000832
2021-08-31 19:30:00,2721.842076,2721.22413,2721.132976,-0.6179459999998471,-0.7091000000000349,-0.663522999999941
2021-08-31 19:45:00,2721.841493,2721.225687,2721.13192,-0.6158059999997931,-0.7095730000000913,-0.6626894999999422
2021-08-31 20:00:00,2721.843246,2721.221988,2721.133211,-0.6212580000001253,-0.7100350000000617,-0.6656465000000935
2021-08-31 20:30:00,2721.840333,2721.224136,2721.132403,-0.6161970000002839,-0.707930000000033,-0.6620635000001585
2021-08-31 20:45:00,2721.845585,2721.223738,2721.134264,-0.6218469999998888,-0.7113210000002255,-0.6665840000000571
2021-08-31 21:15:00,2721.843252,2721.225295,2721.134388,-0.617956999999933,-0.708864000000176,-0.6634105000000545
2021-08-31 21:30:00,2721.842086,2721.224519,2721.133223,-0.6175670000002356,-0.7088630000002922,-0.6632150000002639
2021-08-31 22:00:00,2721.842083,2721.224516,2721.131469,-0.6175669999997808,-0.7106140000000778,-0.6640904999999293
2021-08-31 22:15:00,2721.8415,2721.225811,2721.133796,-0.6156890000002022,-0.7077039999999215,-0.6616965000000619
2021-08-31 22:45:00,2721.842086,2721.224128,2721.133674,-0.6179580000002716,-0.708411999999953,-0.6631850000001123
2021-08-31 23:15:00,2721.843056,2721.223087,2721.135822,-0.6199690000003102,-0.7072339999999713,-0.6636015000001407
2021-09-01 00:00:00,2721.842666,2721.221277,2721.130873,-0.6213889999999083,-0.7117929999999433,-0.6665909999999258
2021-09-01 00:30:00,2721.842086,2721.222447,2721.132045,-0.6196390000000065,-0.7100410000002739,-0.6648400000001402
2021-09-01 01:00:00,2721.84092,2721.223683,2721.133097,-0.6172369999999319,-0.7078230000001895,-0.6625300000000607
2021-09-01 01:45:00,2721.842473,2721.220955,2721.1329,-0.6215180000003784,-0.7095730000000913,-0.6655455000002348
2021-09-01 02:00:00,2721.842859,2721.221211,2721.130935,-0.6216479999998228,-0.7119239999997262,-0.6667859999997745
2021-09-01 02:30:00,2721.843246,2721.223479,2721.131322,-0.6197669999996833,-0.7119239999997262,-0.6658454999997048
2021-09-01 02:45:00,2721.842076,2721.221987,2721.132031,-0.6200890000000072,-0.7100449999998091,-0.6650669999999081
2021-09-01 03:00:00,2721.842076,2721.22387,2721.132504,-0.6182060000001002,-0.7095719999997527,-0.6638889999999265
2021-09-01 03:15:00,2721.842659,2721.224712,2721.134731,-0.6179469999997309,-0.7079279999998107,-0.6629374999997708
2021-09-01 03:30:00,2721.843826,2721.22348,2721.134962,-0.6203459999996994,-0.7088639999997213,-0.6646049999997103
2021-09-01 03:45:00,2721.842076,2721.221989,2721.131568,-0.6200869999997849,-0.710508000000118,-0.6652974999999515
2021-09-01 04:15:00,2721.842659,2721.224712,2721.133087,-0.6179469999997309,-0.7095719999997527,-0.6637594999997418
2021-09-01 04:30:00,2721.845965,2721.224519,2721.131249,-0.6214460000001054,-0.7147159999999531,-0.6680810000000292
2021-09-01 04:45:00,2721.843246,2721.224909,2721.134489,-0.6183369999998831,-0.7087569999998777,-0.6635469999998804
2021-09-01 05:00:00,2721.84208,2721.222253,2721.133322,-0.6198269999999866,-0.7087579999997615,-0.664292499999874
2021-09-01 05:30:00,2721.844412,2721.224587,2721.133905,-0.6198249999997643,-0.7105069999997795,-0.6651659999997719
2021-09-01 05:45:00,2721.843246,2721.22342,2721.132739,-0.6198260000001028,-0.7105069999997795,-0.6651664999999412
2021-09-01 06:00:00,2721.842856,2721.22128,2721.132349,-0.6215760000000046,-0.7105070000002343,-0.6660415000001194
2021-09-01 06:15:00,2721.843826,2721.22186,2721.130861,-0.621965999999702,-0.7129649999997127,-0.6674654999997074
2021-09-01 06:30:00,2721.843826,2721.221599,2721.132611,-0.6222269999998389,-0.711214999999811,-0.6667209999998249
2021-09-01 07:00:00,2721.845578,2721.224714,2721.134364,-0.6208639999999832,-0.7112139999999272,-0.6660389999999552
2021-09-01 07:15:00,2721.842859,2721.223485,2721.135747,-0.6193739999998797,-0.7071120000000519,-0.6632429999999658
2021-09-01 07:30:00,2721.842086,2721.220571,2721.131344,-0.6215150000002723,-0.7107420000002094,-0.6661285000002408
2021-09-01 07:45:00,2721.843836,2721.22083,2721.132988,-0.6230059999998048,-0.7108480000001691,-0.666926999999987
2021-09-01 08:00:00,2721.845002,2721.22427,2721.134155,-0.6207319999998617,-0.7108469999998306,-0.6657894999998462
2021-09-01 08:30:00,2721.844222,2721.22524,2721.132191,-0.61898199999996,-0.7120310000000245,-0.6655064999999922
2021-09-01 09:00:00,2721.844026,2721.225044,2721.134454,-0.6189820000004147,-0.7095720000002075,-0.6642770000003111
2021-09-01 09:15:00,2721.843836,2721.222713,2721.128411,-0.6211229999998977,-0.7154249999998683,-0.668273999999883
2021-09-01 09:30:00,2721.843252,2721.223808,2721.129945,-0.6194439999999304,-0.7133069999999861,-0.6663754999999583
2021-09-01 10:00:00,2721.843446,2721.223481,2721.131416,-0.6199649999998655,-0.712029999999686,-0.6659974999997758
2021-09-01 10:15:00,2721.843826,2721.224451,2721.134724,-0.6193749999997635,-0.7091019999998025,-0.664238499999783
2021-09-01 10:30:00,2721.846741,2721.223869,2721.133432,-0.6228719999999157,-0.7133089999997537,-0.6680904999998347
2021-09-01 10:45:00,2721.843049,2721.221925,2721.131488,-0.6211240000002363,-0.7115610000000743,-0.6663425000001553
2021-09-01 11:15:00,2721.843639,2721.223937,2721.131608,-0.6197019999999611,-0.7120310000000245,-0.6658664999999928
2021-09-01 11:45:00,2721.842086,2721.224391,2721.130054,-0.6176949999999124,-0.7120319999999083,-0.6648634999999103
2021-09-01 12:30:00,2721.843056,2721.224074,2721.131498,-0.61898199999996,-0.7115579999999682,-0.6652699999999641
2021-09-01 13:00:00,2721.842473,2721.22161,2721.129271,-0.6208630000000994,-0.7132020000003649,-0.6670325000002322
2021-09-01 13:15:00,2721.842659,2721.222575,2721.131337,-0.6200840000001335,-0.7113220000001093,-0.6657030000001214
2021-09-01 13:45:00,2721.840717,2721.223034,2721.131014,-0.6176829999999427,-0.7097029999999904,-0.6636929999999666
2021-09-01 14:15:00,2721.843632,2721.222059,2721.13068,-0.6215729999998985,-0.7129519999998593,-0.6672624999998789
2021-09-01 14:45:00,2721.844995,2721.223423,2721.131578,-0.6215720000000147,-0.7134169999999358,-0.6674944999999752
2021-09-01 15:00:00,2721.843639,2721.223095,2721.132423,-0.6205440000003364,-0.7112160000001495,-0.6658800000002429
2021-09-01 15:15:00,2721.843829,2721.223675,2721.131444,-0.6201539999997294,-0.7123849999998129,-0.6662694999997711
2021-09-01 15:30:00,2721.843246,2721.221341,2721.130753,-0.6219049999999697,-0.7124929999999949,-0.6671989999999823
2021-09-01 15:45:00,2721.842859,2721.222315,2721.131644,-0.6205439999998816,-0.711214999999811,-0.6658794999998463
2021-09-01 16:15:00,2721.843829,2721.218623,2721.130411,-0.6252059999997073,-0.7134179999998196,-0.6693119999997634
2021-09-01 16:30:00,2721.844995,2721.22102,2721.132513,-0.6239749999999731,-0.712481999999909,-0.668228499999941
2021-09-01 17:00:00,2721.845382,2721.223548,2721.135358,-0.6218340000000353,-0.7100239999999758,-0.6659290000000055
2021-09-01 17:15:00,2721.841696,2721.223422,2721.132123,-0.6182739999999285,-0.7095730000000913,-0.6639235000000099
2021-09-01 17:30:00,2721.841103,2721.222449,2721.13153,-0.6186540000003333,-0.7095730000000913,-0.6641135000002123
2021-09-01 17:45:00,2721.8413,2721.218944,2721.132307,-0.6223559999998542,-0.7089930000001914,-0.6656745000000228
2021-09-01 18:15:00,2721.843246,2721.221281,2721.136606,-0.6219649999998182,-0.7066399999998794,-0.6643024999998488
2021-09-01 19:00:00,2721.844215,2721.223032,2721.135352,-0.621183000000201,-0.7088630000002922,-0.6650230000002466
2021-09-01 19:15:00,2721.844605,2721.22128,2721.134112,-0.6233249999995678,-0.7104929999995875,-0.6669089999995776
2021-09-01 19:30:00,2721.843829,2721.220432,2721.131456,-0.6233969999998408,-0.7123729999998432,-0.667884999999842
2021-09-01 19:45:00,2721.842856,2721.21797,2721.132113,-0.6248860000000604,-0.7107430000000932,-0.6678145000000768
2021-09-01 20:00:00,2721.842466,2721.2205,2721.133473,-0.6219660000001568,-0.7089930000001914,-0.6654795000001741
2021-09-01 20:15:00,2721.844605,2721.222769,2721.135034,-0.6218359999998029,-0.709570999999869,-0.6657034999998359
2021-09-01 20:30:00,2721.841493,2721.219526,2721.132026,-0.6219670000000406,-0.7094669999996768,-0.6657169999998587
2021-09-01 20:45:00,2721.843826,2721.221599,2721.134961,-0.6222269999998389,-0.7088649999996051,-0.665545999999722
2021-09-01 21:00:00,2721.842659,2721.220822,2721.133086,-0.6218369999996867,-0.7095730000000913,-0.665704999999889
2021-09-01 21:30:00,2721.843242,2721.221405,2721.13367,-0.6218370000001414,-0.7095719999997527,-0.6657044999999471
2021-09-01 21:45:00,2721.84091,2721.221212,2721.131336,-0.6196979999999712,-0.7095739999999751,-0.6646359999999731
2021-09-01 22:00:00,2721.843442,2721.222185,2721.129532,-0.6212569999997868,-0.7139099999999416,-0.6675834999998642
2021-09-01 22:15:00,2721.843056,2721.22368,2721.131024,-0.6193760000001021,-0.712032000000363,-0.6657040000002326
2021-09-01 22:30:00,2721.846358,2721.223483,2721.131869,-0.6228749999995671,-0.7144889999999577,-0.6686819999997624
2021-09-01 22:45:00,2721.843836,2721.222709,2721.134263,-0.6211269999998876,-0.7095730000000913,-0.6653499999999894
2021-09-01 23:00:00,2721.845585,2721.22446,2721.131096,-0.62112500000012,-0.7144889999999577,-0.6678070000000389
2021-09-01 23:15:00,2721.846751,2721.223876,2721.132971,-0.6228750000000218,-0.7137800000000425,-0.6683275000000322
2021-09-01 23:45:00,2721.844612,2721.221346,2721.129413,-0.6232660000000578,-0.7151989999997568,-0.6692324999999073
2021-09-02 00:00:00,2721.842666,2721.220818,2721.128175,-0.6218480000002273,-0.7144910000001801,-0.6681695000002037
2021-09-02 00:15:00,2721.843826,2721.220557,2721.129926,-0.6232689999997092,-0.7138999999997395,-0.6685844999997244
2021-09-02 00:30:00,2721.845575,2721.222568,2721.131556,-0.6230069999996886,-0.7140190000000075,-0.668512999999848
2021-09-02 00:45:00,2721.845575,2721.222307,2721.131086,-0.6232679999998254,-0.7144889999999577,-0.6688784999998916
2021-09-02 01:00:00,2721.846741,2721.221332,2721.132961,-0.6254089999997632,-0.7137800000000425,-0.6695944999999028
2021-09-02 01:45:00,2721.844799,2721.22114,2721.130778,-0.6236589999998614,-0.7140209999997751,-0.6688399999998182
2021-09-02 02:00:00,2721.845578,2721.22231,2721.132387,-0.6232679999998254,-0.7131909999998243,-0.6682294999998248
2021-09-02 02:45:00,2721.845002,2721.221735,2721.13368,-0.6232669999999416,-0.7113220000001093,-0.6672945000000254
2021-09-02 03:00:00,2721.844605,2721.221336,2721.132336,-0.6232689999997092,-0.712268999999651,-0.6677689999996801
2021-09-02 03:30:00,2721.844605,2721.219917,2721.133044,-0.6246879999998782,-0.7115609999996195,-0.6681244999997489
2021-09-02 03:45:00,2721.843826,2721.219008,2721.133544,-0.6248179999997774,-0.7102820000000065,-0.667549999999892
2021-09-02 04:15:00,2721.846741,2721.219583,2721.129342,-0.6271579999997812,-0.7173989999996593,-0.6722784999997202
2021-09-02 04:30:00,2721.842659,2721.218999,2721.131097,-0.6236599999997452,-0.7115619999999581,-0.6676109999998516
2021-09-02 04:45:00,2721.844409,2721.218999,2721.129919,-0.625409999999647,-0.7144899999998415,-0.6699499999997443
2021-09-02 05:30:00,2721.843242,2721.219713,2721.132855,-0.6235289999999623,-0.7103870000000825,-0.6669580000000224
2021-09-02 05:45:00,2721.843826,2721.218546,2721.126876,-0.6252799999997478,-0.7169499999999971,-0.6711149999998725
2021-09-02 06:00:00,2721.843436,2721.219906,2721.13059,-0.6235300000003008,-0.7128459999998995,-0.6681880000001001
2021-09-02 06:15:00,2721.844215,2721.219516,2721.131476,-0.6246989999999641,-0.712739000000056,-0.66871900000001
2021-09-02 06:30:00,2721.846355,2721.222048,2721.131866,-0.6243070000000444,-0.7144889999999577,-0.669398000000001
2021-09-02 06:45:00,2721.846741,2721.220294,2721.132145,-0.6264469999996436,-0.7145959999998013,-0.6705214999997224
2021-09-02 07:00:00,2721.845188,2721.224193,2721.129884,-0.6209949999997662,-0.7153039999998327,-0.6681494999997994
2021-09-02 07:15:00,2721.843832,2721.220306,2721.132737,-0.6235259999998561,-0.7110950000001139,-0.667310499999985
2021-09-02 07:30:00,2721.843442,2721.220306,2721.130122,-0.6231359999997039,-0.7133199999998396,-0.6682279999997718
2021-09-02 07:45:00,2721.844415,2721.219848,2721.129096,-0.6245669999998427,-0.7153189999999086,-0.6699429999998756
2021-09-02 08:15:00,2721.844415,2721.219849,2721.128387,-0.6245659999999589,-0.7160279999998238,-0.6702969999998913
2021-09-02 08:30:00,2721.843832,2721.221016,2721.130971,-0.6228160000000571,-0.7128609999999753,-0.6678385000000162
2021-09-02 09:00:00,2721.846165,2721.221599,2721.130032,-0.6245659999999589,-0.7161329999998998,-0.6703494999999293
2021-09-02 09:30:00,2721.843832,2721.221016,2721.131906,-0.6228160000000571,-0.7119259999999485,-0.6673710000000028
2021-09-02 09:45:00,2721.844026,2721.217709,2721.133518,-0.6263170000001992,-0.710508000000118,-0.6684125000001586
2021-09-02 10:00:00,2721.844995,2721.214397,2721.129569,-0.6305979999997362,-0.7154259999997521,-0.6730119999997441
2021-09-02 10:45:00,2721.842663,2721.215694,2721.128986,-0.6269689999999173,-0.7136769999997341,-0.6703229999998257
2021-09-02 11:00:00,2721.843246,2721.216668,2721.130744,-0.6265779999998813,-0.7125019999998585,-0.6695399999998699
2021-09-02 11:30:00,2721.843829,2721.216861,2721.134494,-0.6269680000000335,-0.70933500000001,-0.6681515000000218
2021-09-02 11:45:00,2721.844412,2721.215955,2721.132619,-0.6284569999997984,-0.7117929999999433,-0.6701249999998709
2021-09-02 12:00:00,2721.844405,2721.216669,2721.131452,-0.6277359999999135,-0.712952999999743,-0.6703444999998283
2021-09-02 12:45:00,2721.84208,2721.219653,2721.130392,-0.6224269999997887,-0.7116879999998673,-0.667057499999828
2021-09-02 13:00:00,2721.844995,2721.218679,2721.131558,-0.6263159999998607,-0.7134369999998853,-0.669876499999873
2021-09-02 13:15:00,2721.842663,2721.218095,2721.128517,-0.6245679999997265,-0.7141459999998006,-0.6693569999997635
2021-09-02 13:30:00,2721.842469,2721.217902,2721.130782,-0.6245670000002974,-0.7116869999999835,-0.6681270000001405
2021-09-02 13:45:00,2721.845775,2721.219458,2721.132338,-0.6263169999997444,-0.7134369999998853,-0.6698769999998149
2021-09-02 14:15:00,2721.841886,2721.217318,2721.129959,-0.6245680000001812,-0.7119270000002871,-0.6682475000002341
2021-09-02 14:30:00,2721.842666,2721.220629,2721.128989,-0.6220370000000912,-0.7136770000001889,-0.66785700000014
2021-09-02 14:45:00,2721.846748,2721.219072,2721.128864,-0.627676000000065,-0.7178840000001401,-0.6727800000001025
2021-09-02 15:00:00,2721.844415,2721.218358,2721.130739,-0.6260569999999461,-0.7136759999998503,-0.6698664999998982
2021-09-02 15:15:00,2721.843249,2721.216801,2721.130387,-0.6264479999999821,-0.7128619999998591,-0.6696549999999206
2021-09-02 15:30:00,2721.843832,2721.217775,2721.13168,-0.6260569999999461,-0.7121520000000601,-0.6691045000000031
2021-09-02 15:45:00,2721.842469,2721.217581,2721.129501,-0.6248880000002828,-0.7129680000002736,-0.6689280000002782
2021-09-02 16:00:00,2721.844415,2721.213815,2721.131448,-0.6305999999999585,-0.7129669999999351,-0.6717834999999468
2021-09-02 16:30:00,2721.843249,2721.214399,2721.127943,-0.6288500000000568,-0.7153060000000551,-0.6720780000000559
2021-09-02 16:45:00,2721.844415,2721.215956,2721.12911,-0.6284590000000208,-0.7153050000001713,-0.671882000000096
2021-09-02 17:15:00,2721.842666,2721.215955,2721.132277,-0.6267109999998866,-0.7103889999998501,-0.6685499999998683
2021-09-02 17:30:00,2721.843832,2721.215631,2721.130984,-0.62820099999999,-0.7128480000001218,-0.6705245000000559
2021-09-02 17:45:00,2721.842666,2721.214205,2721.127359,-0.6284609999997883,-0.7153069999999389,-0.6718839999998636
2021-09-02 18:00:00,2721.842276,2721.213815,2721.129428,-0.6284609999997883,-0.7128479999996671,-0.6706544999997277
2021-09-02 18:15:00,2721.841496,2721.214785,2721.129803,-0.6267109999998866,-0.7116930000001958,-0.6692020000000412
2021-09-02 18:30:00,2721.844415,2721.216606,2721.129094,-0.6278090000000702,-0.7153210000001309,-0.6715650000001006
2021-09-02 18:45:00,2721.846165,2721.214784,2721.130276,-0.6313810000001467,-0.7158890000000611,-0.6736350000001039
2021-09-02 19:00:00,2721.841886,2721.215174,2721.130194,-0.6267120000002251,-0.711692000000312,-0.6692020000002685
2021-09-02 19:15:00,2721.844612,2721.21537,2721.13,-0.6292419999999765,-0.7146119999997609,-0.6719269999998687
2021-09-02 20:00:00,2721.843832,2721.215631,2721.128511,-0.62820099999999,-0.7153210000001309,-0.6717610000000604
2021-09-02 20:15:00,2721.842276,2721.213813,2721.126485,-0.6284630000000107,-0.7157910000000811,-0.6721270000000459
2021-09-02 20:30:00,2721.844995,2721.215044,2721.13085,-0.6299509999998918,-0.7141449999999168,-0.6720479999999043
2021-09-02 20:45:00,2721.843829,2721.215365,2721.129209,-0.6284639999998944,-0.7146199999997407,-0.6715419999998176
2021-09-02 21:00:00,2721.84111,2721.214525,2721.127423,-0.6265849999999773,-0.7136869999999362,-0.6701359999999568
2021-09-02 21:15:00,2721.842663,2721.214919,2721.130276,-0.6277439999998933,-0.7123870000000352,-0.6700654999999642
2021-09-02 21:30:00,2721.842663,2721.21635,2721.130155,-0.6263129999997545,-0.7125080000000708,-0.6694104999999126
2021-09-02 21:45:00,2721.84208,2721.213366,2721.127942,-0.6287139999999454,-0.7141379999998207,-0.6714259999998831
2021-09-02 22:00:00,2721.843829,2721.215765,2721.129693,-0.6280639999999948,-0.7141360000000532,-0.671100000000024
2021-09-02 22:15:00,2721.840913,2721.214917,2721.127817,-0.6259960000002138,-0.7130959999999504,-0.6695460000000821
2021-09-02 22:30:00,2721.841496,2721.215181,2721.129109,-0.6263149999999769,-0.7123870000000352,-0.669351000000006
2021-09-02 22:45:00,2721.843246,2721.214791,2721.130738,-0.6284550000000309,-0.7125080000000708,-0.6704815000000508
2021-09-03 00:15:00,2721.845582,2721.216348,2721.128052,-0.6292339999999967,-0.717529999999897,-0.6733819999999469
2021-09-03 00:30:00,2721.843829,2721.215764,2721.127468,-0.6280649999998786,-0.7163609999997789,-0.6722129999998288
2021-09-03 01:15:00,2721.846165,2721.216931,2721.130264,-0.6292339999999967,-0.7159010000000308,-0.6725675000000138
2021-09-03 01:30:00,2721.846748,2721.217257,2721.130849,-0.6294910000001437,-0.7158989999998084,-0.6726949999999761
2021-09-03 01:45:00,2721.844412,2721.215699,2721.131905,-0.6287130000000616,-0.7125069999997322,-0.6706099999998969
2021-09-03 02:00:00,2721.845578,2721.215115,2721.131322,-0.6304629999999634,-0.7142559999997502,-0.6723594999998568
2021-09-03 02:15:00,2721.846745,2721.216932,2721.132488,-0.6298130000000128,-0.714256999999634,-0.6720349999998234
2021-09-03 02:45:00,2721.847131,2721.21667,2721.132401,-0.6304610000001958,-0.7147300000001451,-0.6725955000001704
2021-09-03 03:00:00,2721.847904,2721.216661,2721.132019,-0.6312430000002678,-0.7158850000000712,-0.6735640000001695
2021-09-03 03:15:00,2721.845185,2721.215301,2721.132206,-0.6298839999999473,-0.7129789999999048,-0.671431499999926
2021-09-03 03:30:00,2721.842663,2721.214599,2721.128052,-0.6280639999999948,-0.7146109999998771,-0.671337499999936
2021-09-03 03:45:00,2721.844412,2721.214209,2721.129682,-0.6302029999997103,-0.7147300000001451,-0.6724664999999277
2021-09-03 04:00:00,2721.846161,2721.218099,2721.131432,-0.6280619999997725,-0.7147289999998065,-0.6713954999997895
2021-09-03 04:15:00,2721.846165,2721.216675,2721.132014,-0.6294899999998051,-0.714151000000129,-0.6718204999999671
2021-09-03 04:45:00,2721.844995,2721.214792,2721.129556,-0.6302029999997103,-0.7154390000000603,-0.6728209999998853
2021-09-03 05:15:00,2721.844415,2721.214534,2721.127806,-0.6298809999998412,-0.7166090000000622,-0.6732449999999517
2021-09-03 05:30:00,2721.844026,2721.212004,2721.127416,-0.6320220000002337,-0.7166100000004008,-0.6743160000003172
2021-09-03 05:45:00,2721.843246,2721.213364,2721.128386,-0.6298819999997249,-0.7148600000000442,-0.6723709999998846
2021-09-03 06:00:00,2721.844995,2721.212974,2721.130844,-0.6320209999998951,-0.714151000000129,-0.6730860000000121
2021-09-03 06:15:00,2721.846161,2721.212391,2721.129554,-0.6337699999999131,-0.7166069999998399,-0.6751884999998765
2021-09-03 07:00:00,2721.846941,2721.214271,2721.128588,-0.6326699999999619,-0.7183529999997518,-0.6755114999998568
2021-09-03 07:15:00,2721.847134,2721.214464,2721.130424,-0.6326699999999619,-0.7167100000001483,-0.6746900000000551
2021-09-03 07:30:00,2721.846941,2721.213881,2721.130231,-0.6330599999996593,-0.7167099999996935,-0.6748849999996764
2021-09-03 07:45:00,2721.843246,2721.211544,2721.130034,-0.6317020000001321,-0.7132120000001123,-0.6724570000001222
2021-09-03 08:00:00,2721.844995,2721.211934,2721.130743,-0.6330609999999979,-0.7142519999997603,-0.6736564999998791
2021-09-03 08:15:00,2721.843826,2721.211934,2721.127575,-0.6318919999998798,-0.7162509999998292,-0.6740714999998545
2021-09-03 08:45:00,2721.845775,2721.212845,2721.130814,-0.6329299999997602,-0.7149609999996756,-0.6739454999997179
2021-09-03 09:00:00,2721.843836,2721.210775,2721.128874,-0.6330609999999979,-0.7149620000000141,-0.674011500000006
2021-09-03 09:15:00,2721.844222,2721.211291,2721.128788,-0.6329310000000987,-0.7154340000001866,-0.6741825000001427
2021-09-03 09:30:00,2721.844609,2721.212707,2721.130355,-0.6319020000000819,-0.7142540000004374,-0.6730780000002596
2021-09-03 09:45:00,2721.843252,2721.210192,2721.129,-0.6330600000001141,-0.714252000000215,-0.6736560000001646
2021-09-03 10:00:00,2721.843836,2721.210183,2721.127832,-0.6336529999998675,-0.7160039999998844,-0.6748284999998759
2021-09-03 10:15:00,2721.843836,2721.209793,2721.126651,-0.6340430000000197,-0.7171849999999722,-0.6756139999999959
2021-09-03 10:30:00,2721.843252,2721.211351,2721.126066,-0.6319010000001981,-0.7171860000003107,-0.6745435000002544
2021-09-03 10:45:00,2721.842669,2721.209018,2721.126666,-0.6336510000000999,-0.7160030000000006,-0.6748270000000502
2021-09-03 11:00:00,2721.843252,2721.208182,2721.127718,-0.6350700000002689,-0.7155339999999342,-0.6753020000001015
2021-09-03 11:15:00,2721.843056,2721.209665,2721.127974,-0.6333910000003016,-0.7150820000001659,-0.6742365000002337
2021-09-03 11:30:00,2721.841693,2721.210122,2721.126021,-0.6315709999998944,-0.7156719999998131,-0.6736214999998538
2021-09-03 11:45:00,2721.842083,2721.210583,2721.12829,-0.63149999999996,-0.713792999999896,-0.672646499999928
2021-09-03 12:00:00,2721.843056,2721.206106,2721.126344,-0.6369500000000698,-0.7167120000003706,-0.6768310000002202
2021-09-03 12:15:00,2721.843246,2721.210577,2721.128754,-0.6326690000000781,-0.7144920000000639,-0.673580500000071
2021-09-03 12:30:00,2721.844609,2721.21019,2721.129075,-0.6344190000004346,-0.7155340000003889,-0.6749765000004118
2021-09-03 12:45:00,2721.842473,2721.209803,2721.127979,-0.6326699999999619,-0.7144940000002862,-0.673582000000124
2021-09-03 13:00:00,2721.843829,2721.21116,2721.126408,-0.6326690000000781,-0.7174209999998311,-0.6750449999999546
2021-09-03 13:15:00,2721.842076,2721.210448,2721.12465,-0.6316280000000916,-0.7174259999997048,-0.6745269999998982
2021-09-03 13:30:00,2721.842076,2721.210448,2721.121257,-0.6316280000000916,-0.7208190000001196,-0.6762235000001056
2021-09-03 13:45:00,2721.843242,2721.209863,2721.122318,-0.6333789999998771,-0.7209239999997408,-0.677151499999809
2021-09-03 14:00:00,2721.84091,2721.20941,2721.1249,-0.63149999999996,-0.7160100000000966,-0.6737550000000283
2021-09-03 14:30:00,2721.844799,2721.210061,2721.122938,-0.6347379999997429,-0.7218609999999899,-0.6782994999998664
2021-09-03 14:45:00,2721.841496,2721.207726,2721.121271,-0.6337699999999131,-0.7202250000000276,-0.6769974999999704
2021-09-03 15:00:00,2721.84208,2721.2087,2721.120104,-0.6333799999997609,-0.7219759999998132,-0.6776779999997871
2021-09-03 15:15:00,2721.8413,2721.207916,2721.120494,-0.6333840000002056,-0.7208060000002661,-0.6770950000002358
2021-09-03 15:30:00,2721.843829,2721.210447,2721.123732,-0.6333819999999832,-0.7200969999998961,-0.6767394999999397
2021-09-03 15:45:00,2721.842663,2721.20889,2721.128878,-0.6337730000000192,-0.7137849999999162,-0.6737789999999677
2021-09-03 16:00:00,2721.843829,2721.210837,2721.126191,-0.632991999999831,-0.717638000000079,-0.675314999999955
2021-09-03 16:15:00,2721.843246,2721.209863,2721.123256,-0.633382999999867,-0.7199900000000525,-0.6766864999999598
2021-09-03 16:30:00,2721.843246,2721.209863,2721.127831,-0.633382999999867,-0.7154150000001209,-0.674398999999994
2021-09-03 16:45:00,2721.84208,2721.210707,2721.128416,-0.6313729999997122,-0.7136639999998806,-0.6725184999997964
2021-09-03 17:00:00,2721.842466,2721.208953,2721.129509,-0.6335130000002209,-0.7129570000001877,-0.6732350000002043
2021-09-03 17:15:00,2721.845185,2721.209923,2721.132939,-0.6352620000002389,-0.7122460000000501,-0.6737540000001445
2021-09-03 17:30:00,2721.8413,2721.207786,2721.130802,-0.6335140000001047,-0.7104979999999159,-0.6720060000000103
2021-09-03 17:45:00,2721.84149,2721.207976,2721.130992,-0.63351399999965,-0.7104979999999159,-0.6720059999997829
2021-09-03 18:00:00,2721.844405,2721.209143,2721.132158,-0.6352619999997842,-0.7122469999999339,-0.673754499999859
2021-09-03 18:30:00,2721.842656,2721.207001,2721.132627,-0.6356549999995877,-0.7100289999998495,-0.6728419999997186
2021-09-03 18:45:00,2721.842656,2721.207391,2721.129699,-0.6352649999998903,-0.7129569999997329,-0.6741109999998116
2021-09-03 19:15:00,2721.842269,2721.210505,2721.131064,-0.6317640000002029,-0.7112050000000636,-0.6714845000001333
2021-09-03 19:30:00,2721.843246,2721.207981,2721.130289,-0.6352649999998903,-0.7129569999997329,-0.6741109999998116
2021-09-03 19:45:00,2721.842663,2721.209148,2721.129707,-0.6335149999999885,-0.7129559999998492,-0.6732354999999188
2021-09-03 20:00:00,2721.842663,2721.207396,2721.127482,-0.6352670000001126,-0.7151810000000296,-0.6752240000000711
2021-09-03 20:15:00,2721.841107,2721.207329,2721.129779,-0.6337780000003477,-0.7113280000003215,-0.6725530000003346
2021-09-03 20:30:00,2721.843246,2721.210181,2721.129802,-0.6330649999999878,-0.7134439999999813,-0.6732544999999845
2021-09-03 20:45:00,2721.844412,2721.209598,2721.130154,-0.6348140000000058,-0.7142579999999725,-0.6745359999999891
2021-09-03 21:15:00,2721.842273,2721.206676,2721.129295,-0.6355970000004163,-0.712978000000021,-0.6742875000002186
2021-09-03 21:30:00,2721.842659,2721.209274,2721.125472,-0.6333850000000893,-0.7171869999997398,-0.6752859999999146
2021-09-03 21:45:00,2721.844992,2721.207456,2721.12945,-0.6375359999997272,-0.715541999999914,-0.6765389999998206
2021-09-03 22:00:00,2721.844995,2721.208039,2721.128283,-0.6369559999998273,-0.7167119999999159,-0.6768339999998716
2021-09-03 22:15:00,2721.844412,2721.207846,2721.130158,-0.6365660000001299,-0.7142539999999826,-0.6754100000000562
2021-09-03 22:30:00,2721.843246,2721.208429,2721.124888,-0.6348170000001119,-0.7183580000000802,-0.676587500000096
2021-09-03 22:45:00,2721.842076,2721.206289,2721.12243,-0.6357869999997092,-0.7196460000000116,-0.6777164999998604
2021-09-03 23:30:00,2721.843829,2721.207523,2721.123012,-0.6363059999998768,-0.7208169999998972,-0.678561499999887
2021-09-03 23:45:00,2721.843242,2721.209857,2721.126055,-0.6333850000000893,-0.7171869999997398,-0.6752859999999146
2021-09-04 00:00:00,2721.843242,2721.208106,2721.126764,-0.6351359999998749,-0.7164779999998245,-0.6758069999998497
2021-09-04 00:15:00,2721.845575,2721.2083,2721.129098,-0.6372750000000451,-0.7164769999999407,-0.6768759999999929
2021-09-04 00:45:00,2721.844215,2721.208299,2721.12703,-0.6359160000001793,-0.7171849999999722,-0.6765505000000758
2021-09-04 01:00:00,2721.842856,2721.206938,2721.126483,-0.6359180000004017,-0.7163730000002033,-0.6761455000003025
2021-09-04 01:15:00,2721.842466,2721.20869,2721.125385,-0.6337760000001254,-0.7170810000002348,-0.6754285000001801
2021-09-04 01:30:00,2721.842856,2721.207329,2721.125775,-0.6355270000003657,-0.7170810000002348,-0.6763040000003002
2021-09-04 01:45:00,2721.843826,2721.2083,2721.124995,-0.6355260000000271,-0.7188309999996818,-0.6771784999998545
2021-09-04 02:00:00,2721.845575,2721.207909,2721.122536,-0.6376659999996264,-0.7230389999999716,-0.680352499999799
2021-09-04 03:00:00,2721.845965,2721.206288,2721.122926,-0.6396770000001197,-0.7230389999999716,-0.6813580000000456
2021-09-04 03:15:00,2721.844605,2721.206548,2721.123316,-0.6380569999996624,-0.721288999999615,-0.6796729999996387
2021-09-04 03:30:00,2721.845575,2721.206159,2721.124286,-0.6394159999999829,-0.721288999999615,-0.680352499999799
2021-09-04 04:00:00,2721.845192,2721.208496,2721.125192,-0.636696000000029,-0.7200000000002547,-0.6783480000001418
2021-09-04 04:15:00,2721.843826,2721.205898,2721.12418,-0.637927999999647,-0.7196460000000116,-0.6787869999998293
2021-09-04 04:30:00,2721.844412,2721.207455,2721.123123,-0.6369569999997111,-0.7212890000000698,-0.6791229999998905
2021-09-04 04:45:00,2721.843246,2721.206551,2721.121956,-0.6366949999996905,-0.7212899999999536,-0.678992499999822
2021-09-04 05:00:00,2721.843246,2721.20629,2721.120313,-0.6369559999998273,-0.7229330000000118,-0.6799444999999196
2021-09-04 05:45:00,2721.842859,2721.205903,2721.122043,-0.6369559999998273,-0.7208160000000134,-0.6788859999999204
2021-09-04 06:00:00,2721.845972,2721.205516,2721.125285,-0.6404560000000856,-0.7206869999999981,-0.6805715000000419
2021-09-04 06:15:00,2721.844995,2721.2059,2721.123706,-0.6390949999999975,-0.7212890000000698,-0.6801920000000337
2021-09-04 06:45:00,2721.844609,2721.207653,2721.124501,-0.6369560000002821,-0.7201080000004367,-0.6785320000003594
2021-09-04 07:00:00,2721.845002,2721.206296,2721.123146,-0.6387060000001838,-0.7218560000001162,-0.68028100000015
2021-09-04 07:15:00,2721.845585,2721.20701,2721.122205,-0.6385749999999462,-0.7233799999999064,-0.6809774999999263
2021-09-04 07:30:00,2721.845772,2721.208816,2721.123217,-0.6369560000002821,-0.722555000000284,-0.6797555000002831
2021-09-04 07:45:00,2721.843826,2721.207259,2721.127109,-0.6365670000000136,-0.7167169999997896,-0.6766419999999016
2021-09-04 08:15:00,2721.843242,2721.206286,2721.126525,-0.6369559999998273,-0.7167169999997896,-0.6768364999998084
2021-09-04 08:30:00,2721.844992,2721.204145,2721.126419,-0.6408469999996669,-0.7185729999996511,-0.679709999999659
2021-09-04 08:45:00,2721.843436,2721.206611,2721.122509,-0.6368250000000444,-0.7209270000003016,-0.678876000000173
2021-09-04 09:00:00,2721.843822,2721.201688,2721.12279,-0.6421339999997144,-0.7210319999999228,-0.6815829999998186
2021-09-04 09:15:00,2721.843242,2721.203108,2721.124775,-0.6401339999997617,-0.7184669999996913,-0.6793004999997265
2021-09-04 09:30:00,2721.843439,2721.201293,2721.123221,-0.6421460000001389,-0.7202180000003864,-0.6811820000002626
2021-09-04 09:45:00,2721.842666,2721.20655,2721.12174,-0.6361160000001291,-0.7209259999999631,-0.6785210000000461
2021-09-04 10:00:00,2721.843832,2721.203827,2721.120447,-0.6400050000002011,-0.7233850000002349,-0.681695000000218
2021-09-04 10:15:00,2721.842083,2721.202468,2721.116947,-0.6396150000000489,-0.7251360000000204,-0.6823755000000347
2021-09-04 10:30:00,2721.8415,2721.199614,2721.118823,-0.6418859999998858,-0.7226770000002034,-0.6822815000000446
2021-09-04 10:45:00,2721.843053,2721.203309,2721.117209,-0.6397440000000643,-0.7258440000000519,-0.6827940000000581
2021-09-04 11:00:00,2721.842076,2721.204082,2721.118691,-0.6379939999997077,-0.7233849999997801,-0.6806894999997439
2021-09-04 11:15:00,2721.84149,2721.204666,2721.122441,-0.6368239999997058,-0.7190489999998135,-0.6779364999997597
2021-09-04 11:45:00,2721.843239,2721.205056,2721.126544,-0.6381830000000264,-0.7166949999996177,-0.677438999999822
2021-09-04 12:15:00,2721.844405,2721.20395,2721.125832,-0.6404549999997471,-0.7185729999996511,-0.6795139999996991
2021-09-04 12:30:00,2721.844795,2721.2022,2721.128681,-0.6425949999998011,-0.716113999999834,-0.6793544999998176
2021-09-04 12:45:00,2721.842076,2721.20298,2721.127711,-0.6390959999998813,-0.7143649999998161,-0.6767304999998487
2021-09-04 13:00:00,2721.843049,2721.204344,2721.124582,-0.6387049999998453,-0.7184670000001461,-0.6785859999999957
2021-09-04 13:15:00,2721.844605,2721.202731,2721.11128,-0.6418739999999161,-0.7333249999996951,-0.6875994999998056
2021-09-04 13:30:00,2721.843639,2721.203186,2721.112655,-0.6404529999999795,-0.7309840000002623,-0.6857185000001209
2021-09-04 13:45:00,2721.842669,2721.201826,2721.120811,-0.6408430000001317,-0.7218580000003385,-0.6813505000002351
2021-09-04 14:00:00,2721.843836,2721.202992,2721.122913,-0.6408440000000155,-0.720922999999857,-0.6808834999999362
2021-09-04 14:15:00,2721.842086,2721.203382,2721.122687,-0.6387039999999615,-0.7193990000000667,-0.6790515000000141
2021-09-04 14:30:00,2721.84092,2721.201825,2721.121853,-0.6390949999999975,-0.7190669999999955,-0.6790809999999965
2021-09-04 14:45:00,2721.841886,2721.204352,2721.121305,-0.6375339999999596,-0.7205810000000383,-0.679057499999999
2021-09-04 15:00:00,2721.845578,2721.203956,2721.125714,-0.6416220000000976,-0.7198640000001433,-0.6807430000001204
2021-09-04 15:15:00,2721.842466,2721.20402,2721.125521,-0.6384459999999308,-0.7169450000001234,-0.6776955000000271
2021-09-04 15:30:00,2721.844412,2721.201687,2721.123854,-0.6427249999997002,-0.7205579999999827,-0.6816414999998415
2021-09-04 15:45:00,2721.842659,2721.201493,2721.125728,-0.6411659999998847,-0.7169309999999314,-0.679048499999908
2021-09-04 16:00:00,2721.84091,2721.199743,2721.12152,-0.6411669999997684,-0.7193899999997484,-0.6802784999997584
2021-09-04 16:30:00,2721.842663,2721.199935,2721.124562,-0.6427279999998063,-0.7181009999999333,-0.6804144999998698
2021-09-04 16:45:00,2721.84208,2721.201492,2721.125608,-0.6405879999997524,-0.716472000000067,-0.6785299999999097
2021-09-04 17:00:00,2721.842663,2721.202467,2721.12865,-0.6401959999998326,-0.7140129999997953,-0.6771044999998139
2021-09-04 17:30:00,2721.843246,2721.2048,2721.130168,-0.6384459999999308,-0.7130779999997685,-0.6757619999998496
2021-09-04 17:45:00,2721.844412,2721.199935,2721.130294,-0.6444769999998243,-0.7141179999998712,-0.6792974999998478
2021-09-04 18:00:00,2721.84208,2721.201492,2721.128066,-0.6405879999997524,-0.7140139999996791,-0.6773009999997157
2021-09-04 18:15:00,2721.84091,2721.201492,2721.130526,-0.6394179999997505,-0.7103839999999764,-0.6749009999998634
2021-09-04 18:30:00,2721.84091,2721.201101,2721.129817,-0.6398089999997865,-0.7110929999998916,-0.675450999999839
2021-09-04 18:45:00,2721.841496,2721.198767,2721.129127,-0.6427290000001449,-0.7123689999998533,-0.6775489999999991
2021-09-04 19:00:00,2721.842856,2721.200127,2721.124635,-0.6427290000001449,-0.718221000000085,-0.680475000000115
2021-09-04 19:15:00,2721.84091,2721.202462,2721.123964,-0.6384479999996984,-0.7169460000000072,-0.6776969999998528
2021-09-04 19:30:00,2721.842076,2721.201619,2721.124316,-0.6404569999999694,-0.7177599999999984,-0.6791084999999839
2021-09-04 19:45:00,2721.841693,2721.201497,2721.12522,-0.6401959999998326,-0.7164729999999508,-0.6783344999998917
2021-09-04 20:00:00,2721.840337,2721.201628,2721.121871,-0.63870900000029,-0.7184660000002623,-0.6785875000002761
2021-09-04 20:15:00,2721.842863,2721.202405,2721.125814,-0.6404579999998532,-0.7170489999998608,-0.678753499999857
2021-09-04 20:30:00,2721.843826,2721.202599,2721.122451,-0.641226999999617,-0.7213749999996253,-0.6813009999996211
2021-09-04 20:45:00,2721.844602,2721.204533,2721.122634,-0.6400690000000395,-0.7219680000002882,-0.6810185000001638
2021-09-04 21:00:00,2721.844992,2721.203494,2721.122789,-0.6414979999999559,-0.7222029999998085,-0.6818504999998822
2021-09-04 21:45:00,2721.84169,2721.203691,2721.121471,-0.6379990000000362,-0.7202190000002702,-0.6791090000001532
2021-09-04 22:00:00,2721.844415,2721.202527,2721.119988,-0.6418880000001081,-0.7244270000001052,-0.6831575000001067
2021-09-04 22:30:00,2721.842083,2721.202072,2721.123507,-0.6400109999999586,-0.7185760000002119,-0.6792935000000853
2021-09-04 22:45:00,2721.844999,2721.2035,2721.121747,-0.6414989999998397,-0.7232519999997749,-0.6823754999998073
2021-09-04 23:15:00,2721.844415,2721.200777,2721.121162,-0.6436380000000099,-0.7232530000001134,-0.6834455000000617
2021-09-04 23:30:00,2721.844999,2721.201099,2721.120102,-0.6439000000000306,-0.7248970000000554,-0.684398500000043
2021-09-04 23:45:00,2721.846165,2721.200125,2721.121269,-0.6460400000000845,-0.7248959999997169,-0.6854679999999007
2021-09-05 00:00:00,2721.845582,2721.201681,2721.120686,-0.6439009999999143,-0.7248959999997169,-0.6843984999998156
2021-09-05 00:30:00,2721.847721,2721.200511,2721.123299,-0.6472100000000864,-0.7244220000002315,-0.685816000000159
2021-09-05 00:45:00,2721.843826,2721.201285,2721.123137,-0.64254099999971,-0.7206889999997657,-0.6816149999997378
2021-09-05 01:00:00,2721.845575,2721.203426,2721.124074,-0.6421489999997902,-0.7215009999999893,-0.6818249999998898
2021-09-05 01:15:00,2721.846158,2721.202129,2721.121263,-0.6440290000000459,-0.7248949999998331,-0.6844619999999395
2021-09-05 01:30:00,2721.845575,2721.204077,2721.119971,-0.6414979999999559,-0.7256039999997483,-0.6835509999998521
2021-09-05 01:45:00,2721.844409,2721.20213,2721.119379,-0.6422789999996894,-0.7250299999996059,-0.6836544999996477
2021-09-05 02:00:00,2721.844795,2721.202195,2721.119186,-0.6426000000001295,-0.7256090000000768,-0.6841045000001031
2021-09-05 02:15:00,2721.846158,2721.20253,2721.11717,-0.6436279999998078,-0.7289879999998448,-0.6863079999998263
2021-09-05 02:30:00,2721.847324,2721.203697,2721.115879,-0.643626999999924,-0.7314449999998942,-0.6875359999999091
2021-09-05 03:00:00,2721.845575,2721.201947,2721.118811,-0.6436279999998078,-0.7267640000000029,-0.6851959999999053
2021-09-05 03:30:00,2721.845575,2721.204088,2721.118337,-0.64148699999987,-0.727237999999943,-0.6843624999999065
2021-09-05 03:45:00,2721.843242,2721.202723,2721.117046,-0.6405190000000403,-0.7261960000000727,-0.6833575000000565
2021-09-05 04:15:00,2721.843826,2721.199807,2721.116587,-0.6440189999998438,-0.7272389999998268,-0.6856289999998353
2021-09-05 04:30:00,2721.843436,2721.201167,2721.115489,-0.642268999999942,-0.727947000000313,-0.6851080000001275
2021-09-05 04:45:00,2721.844405,2721.200387,2721.115417,-0.64401799999996,-0.7289879999998448,-0.6865029999999024
2021-09-05 05:00:00,2721.845965,2721.201938,2721.11439,-0.6440269999998236,-0.7315749999997934,-0.6878009999998085
2021-09-05 05:30:00,2721.845185,2721.202328,2721.117947,-0.6428570000002765,-0.727237999999943,-0.6850475000001097
2021-09-05 05:45:00,2721.845965,2721.204078,2721.116849,-0.6418869999997696,-0.7291159999999763,-0.685501499999873
2021-09-05 06:00:00,2721.847521,2721.201354,2721.116186,-0.6461670000003323,-0.7313349999999446,-0.6887510000001384
2021-09-05 06:15:00,2721.845575,2721.199408,2721.114709,-0.6461669999998776,-0.7308659999998781,-0.6885164999998779
2021-09-05 06:30:00,2721.847324,2721.201287,2721.117619,-0.6460369999999784,-0.7297049999997398,-0.6878709999998591
2021-09-05 06:45:00,2721.844605,2721.202328,2721.116649,-0.6422769999999218,-0.7279559999997218,-0.6851164999998218
2021-09-05 07:00:00,2721.845582,2721.201685,2721.117519,-0.6438969999999244,-0.7280630000000201,-0.6859799999999723
2021-09-05 07:15:00,2721.846555,2721.201098,2721.116614,-0.6454570000000786,-0.7299410000000535,-0.687699000000066
2021-09-05 07:30:00,2721.847134,2721.203818,2721.117902,-0.6433160000001408,-0.7292320000001382,-0.6862740000001395
2021-09-05 08:00:00,2721.846361,2721.203436,2721.116656,-0.6429250000001048,-0.7297049999997398,-0.6863149999999223
2021-09-05 08:15:00,2721.843246,2721.201099,2721.116352,-0.6421470000000227,-0.726893999999902,-0.6845204999999623
2021-09-05 08:30:00,2721.847138,2721.203633,2721.117326,-0.6435050000000047,-0.7298120000000381,-0.6866585000000214
2021-09-05 08:45:00,2721.846361,2721.203436,2721.117129,-0.6429250000001048,-0.7292319999996835,-0.6860784999998941
2021-09-05 09:00:00,2721.845582,2721.200255,2721.115769,-0.6453269999997246,-0.7298129999999219,-0.6875699999998233
2021-09-05 09:15:00,2721.843249,2721.199672,2721.113542,-0.6435769999998229,-0.7297069999999621,-0.6866419999998925
2021-09-05 09:30:00,2721.845582,2721.200255,2721.111666,-0.6453269999997246,-0.7339160000001357,-0.6896214999999302
2021-09-05 09:45:00,2721.842666,2721.199088,2721.111542,-0.6435780000001614,-0.7311239999999088,-0.6873510000000351
2021-09-05 10:00:00,2721.845192,2721.199546,2721.108818,-0.6456460000003972,-0.7363740000000689,-0.691010000000233
2021-09-05 10:15:00,2721.844802,2721.195585,2721.110886,-0.6492170000001352,-0.7339160000001357,-0.6915665000001354
2021-09-05 10:30:00,2721.843249,2721.195781,2721.111083,-0.6474680000001172,-0.7321660000002339,-0.6898170000001755
2021-09-05 10:45:00,2721.842666,2721.199479,2721.114602,-0.6431870000001254,-0.7280639999999039,-0.6856255000000147
2021-09-05 11:00:00,2721.841496,2721.1976,2721.111207,-0.6438960000000407,-0.7302890000000843,-0.6870925000000625
2021-09-05 11:15:00,2721.842666,2721.197339,2721.115311,-0.6453270000001794,-0.7273549999999886,-0.686341000000084
2021-09-05 11:30:00,2721.84208,2721.198573,2721.111792,-0.6435069999997722,-0.7302879999997458,-0.686897499999759
2021-09-05 11:45:00,2721.840913,2721.197147,2721.112374,-0.6437660000001415,-0.7285390000001826,-0.686152500000162
2021-09-05 12:00:00,2721.84033,2721.196563,2721.110515,-0.6437670000000253,-0.7298150000001442,-0.6867910000000848
2021-09-05 12:15:00,2721.841886,2721.19812,2721.110427,-0.6437660000001415,-0.7314590000000862,-0.6876125000001139
2021-09-05 12:30:00,2721.843249,2721.200006,2721.108625,-0.643242999999984,-0.7346240000001671,-0.6889335000000756
2021-09-05 12:45:00,2721.843249,2721.197475,2721.104536,-0.645774000000074,-0.7387130000001889,-0.6922435000001315
2021-09-05 13:00:00,2721.842666,2721.200912,2721.110499,-0.6417540000002191,-0.7321670000001177,-0.6869605000001684
2021-09-05 13:15:00,2721.842666,2721.197281,2721.109578,-0.6453849999998056,-0.7330879999999524,-0.689236499999879
2021-09-05 13:30:00,2721.840913,2721.194948,2721.109465,-0.6459650000001602,-0.7314480000000003,-0.6887065000000803
2021-09-05 13:45:00,2721.841886,2721.196501,2721.110897,-0.6453850000002603,-0.730989000000136,-0.6881870000001982
2021-09-05 14:00:00,2721.842076,2721.1963,2721.112838,-0.6457759999998416,-0.7292379999998957,-0.6875069999998686
2021-09-05 14:15:00,2721.842269,2721.196304,2721.112451,-0.6459650000001602,-0.7298180000002503,-0.6878915000002053
2021-09-05 14:30:00,2721.8413,2721.196314,2721.113018,-0.6449860000002445,-0.7282820000000356,-0.6866340000001401
2021-09-05 14:45:00,2721.84188,2721.198254,2721.117572,-0.6436260000000402,-0.7243079999998372,-0.6839669999999387
2021-09-05 15:00:00,2721.843436,2721.19767,2721.120758,-0.6457660000000942,-0.7226780000000872,-0.6842220000000907
2021-09-05 15:15:00,2721.841296,2721.197931,2721.118618,-0.6433649999999034,-0.7226780000000872,-0.6830214999999953
2021-09-05 15:30:00,2721.842659,2721.195404,2721.118352,-0.6472549999998591,-0.7243069999999534,-0.6857809999999063
2021-09-05 15:45:00,2721.842666,2721.19832,2721.120701,-0.6443460000000414,-0.721965000000182,-0.6831555000001117
2021-09-05 16:00:00,2721.840917,2721.19443,2721.118477,-0.6464869999999792,-0.722440000000006,-0.6844634999999926
2021-09-05 16:15:00,2721.83975,2721.195664,2721.11906,-0.6440860000002431,-0.7206900000001042,-0.6823880000001736
2021-09-05 16:30:00,2721.844805,2721.196831,2721.121091,-0.6479739999999765,-0.7237140000002,-0.6858440000000883
2021-09-05 16:45:00,2721.843446,2721.19735,2721.121007,-0.6460959999999432,-0.7224389999996674,-0.6842674999998053
2021-09-05 17:00:00,2721.840917,2721.196831,2721.118584,-0.6440859999997883,-0.7223330000001624,-0.6832094999999754
2021-09-05 17:15:00,2721.840333,2721.192285,2721.118001,-0.648048000000017,-0.7223320000002786,-0.6851900000001478
2021-09-05 17:45:00,2721.840333,2721.194164,2721.120118,-0.6461690000000999,-0.7202150000002803,-0.6831920000001901
2021-09-05 18:00:00,2721.8415,2721.193842,2721.119534,-0.6476579999998648,-0.7219660000000658,-0.6848119999999653
2021-09-05 18:15:00,2721.842083,2721.195594,2721.119645,-0.6464890000002015,-0.7224379999997836,-0.6844634999999926
2021-09-05 18:45:00,2721.840327,2721.196568,2721.120936,-0.6437590000000455,-0.7193910000000869,-0.6815750000000662
2021-09-05 19:00:00,2721.842076,2721.196568,2721.126668,-0.6455080000000635,-0.7154080000000249,-0.6804580000000442
2021-09-05 19:15:00,2721.841686,2721.195786,2721.123925,-0.6458999999999833,-0.7177610000003369,-0.6818305000001601
2021-09-05 19:30:00,2721.842656,2721.195006,2721.123145,-0.647649999999885,-0.719510999999784,-0.6835804999998345
2021-09-05 19:45:00,2721.843239,2721.196371,2721.125373,-0.646867999999813,-0.7178659999999581,-0.6823669999998856
2021-09-05 20:00:00,2721.842269,2721.19728,2721.125573,-0.6449890000003506,-0.716696000000411,-0.6808425000003808
2021-09-05 20:15:00,2721.8415,2721.195978,2721.125383,-0.6455219999998008,-0.7161169999999402,-0.6808194999998705
2021-09-05 20:30:00,2721.842666,2721.195135,2721.124329,-0.6475310000000718,-0.7183369999997922,-0.682933999999932
2021-09-05 20:45:00,2721.842276,2721.196495,2721.120772,-0.6457809999997153,-0.7215039999996407,-0.683642499999678
2021-09-05 21:00:00,2721.843832,2721.197272,2721.123498,-0.6465600000001359,-0.7203340000000935,-0.6834470000001147
2021-09-05 21:45:00,2721.843246,2721.194023,2721.121622,-0.6492229999998926,-0.7216239999997924,-0.6854234999998425
2021-09-05 22:00:00,2721.843246,2721.195454,2721.121148,-0.6477919999997539,-0.7220979999997326,-0.6849449999997432
2021-09-05 22:15:00,2721.843246,2721.197594,2721.123607,-0.6456519999996999,-0.7196389999999155,-0.6826454999998077
2021-09-05 22:30:00,2721.842276,2721.194874,2721.12311,-0.6474020000000564,-0.7191659999998592,-0.6832839999999578
2021-09-05 22:45:00,2721.84208,2721.195267,2721.12128,-0.6468129999998382,-0.7208000000000538,-0.683806499999946
2021-09-05 23:00:00,2721.843246,2721.196434,2721.122447,-0.6468119999999544,-0.7207989999997153,-0.6838054999998349
2021-09-05 23:15:00,2721.842473,2721.198961,2721.122125,-0.6435120000001007,-0.7203480000002855,-0.6819300000001931
2021-09-05 23:30:00,2721.846935,2721.196234,2721.12122,-0.6507010000000264,-0.7257150000000365,-0.6882080000000315
2021-09-06 00:00:00,2721.844995,2721.198315,2721.11928,-0.6466799999998329,-0.7257150000000365,-0.6861974999999347
2021-09-06 00:15:00,2721.843246,2721.200456,2721.11682,-0.6427899999998772,-0.7264259999997194,-0.6846079999997983
2021-09-06 00:30:00,2721.844412,2721.197731,2721.116237,-0.6466809999997167,-0.7281749999997373,-0.687427999999727
2021-09-06 00:45:00,2721.843829,2721.197407,2721.117405,-0.6464219999998022,-0.7264239999999518,-0.686422999999877
2021-09-06 01:15:00,2721.843829,2721.196368,2721.120571,-0.6474610000000212,-0.7232579999999871,-0.6853595000000041
2021-09-06 01:45:00,2721.841496,2721.198314,2721.115177,-0.643181999999797,-0.7263189999998758,-0.6847504999998364
2021-09-06 02:30:00,2721.843246,2721.196174,2721.113427,-0.6470719999997527,-0.7298190000001341,-0.6884454999999434
2021-09-06 02:45:00,2721.843829,2721.195266,2721.116943,-0.64856299999974,-0.7268859999999222,-0.6877244999998311
2021-09-06 03:00:00,2721.843246,2721.195784,2721.115178,-0.647461999999905,-0.7280679999998938,-0.6877649999998994
2021-09-06 03:15:00,2721.845382,2721.196562,2721.115564,-0.6488199999998869,-0.7298179999997956,-0.6893189999998413
2021-09-06 03:30:00,2721.843246,2721.197593,2721.116812,-0.6456530000000384,-0.7264339999996992,-0.6860434999998688
2021-09-06 03:45:00,2721.843246,2721.197203,2721.114352,-0.6460429999997359,-0.7288939999998547,-0.6874684999997953
2021-09-06 04:00:00,2721.843246,2721.195843,2721.112602,-0.6474029999999402,-0.7306439999997565,-0.6890234999998484
2021-09-06 04:15:00,2721.845572,2721.19876,2721.113769,-0.6468119999999544,-0.7318030000001272,-0.6893075000000408
2021-09-06 04:30:00,2721.845385,2721.198304,2721.113112,-0.6470810000000711,-0.7322730000000774,-0.6896770000000743
2021-09-06 05:00:00,2721.844415,2721.197205,2721.114366,-0.6472100000000864,-0.7300490000002355,-0.688629500000161
2021-09-06 05:15:00,2721.846165,2721.199345,2721.112249,-0.6468199999999342,-0.7339160000001357,-0.690368000000035
2021-09-06 05:45:00,2721.845192,2721.19636,2721.111276,-0.6488320000003114,-0.7339160000001357,-0.6913740000002235
2021-09-06 06:00:00,2721.846155,2721.196425,2721.113431,-0.6497300000000905,-0.732723999999962,-0.6912270000000262
2021-09-06 06:15:00,2721.846155,2721.196816,2721.109329,-0.6493390000000545,-0.736826000000292,-0.6930825000001732
2021-09-06 06:30:00,2721.844412,2721.195842,2721.11039,-0.648569999999836,-0.7340220000000954,-0.6912959999999657
2021-09-06 06:45:00,2721.842859,2721.195459,2721.110585,-0.6473999999998341,-0.7322739999999612,-0.6898369999998977
2021-09-06 07:00:00,2721.844995,2721.196177,2721.110854,-0.6488180000001194,-0.7341409999999087,-0.691479500000014
2021-09-06 07:15:00,2721.845578,2721.19676,2721.111318,-0.6488180000001194,-0.7342599999997219,-0.6915389999999206
2021-09-06 07:30:00,2721.843246,2721.196178,2721.110969,-0.6470679999997628,-0.7322770000000673,-0.6896724999999151
2021-09-06 07:45:00,2721.844605,2721.195788,2721.110579,-0.6488169999997808,-0.7340259999996306,-0.6914214999997057
2021-09-06 08:00:00,2721.843826,2721.192867,2721.109799,-0.6509589999996024,-0.7340269999999691,-0.6924929999997858
2021-09-06 08:15:00,2721.844995,2721.195008,2721.10734,-0.6499869999997827,-0.7376549999999042,-0.6938209999998435
2021-09-06 08:45:00,2721.844995,2721.192868,2721.10909,-0.6521269999998367,-0.7359050000000025,-0.6940159999999196
2021-09-06 09:00:00,2721.843632,2721.194815,2721.113708,-0.6488170000002356,-0.7299240000002101,-0.6893705000002228
2021-09-06 09:15:00,2721.843439,2721.192871,2721.113515,-0.6505680000000211,-0.7299240000002101,-0.6902460000001156
2021-09-06 09:30:00,2721.843632,2721.195206,2721.111249,-0.6484260000001996,-0.7323830000000271,-0.6904045000001133
2021-09-06 09:45:00,2721.842856,2721.194039,2721.112931,-0.6488170000002356,-0.7299250000000939,-0.6893710000001647
2021-09-06 10:15:00,2721.842856,2721.192289,2721.110472,-0.6505670000001373,-0.7323840000003656,-0.6914755000002515
2021-09-06 10:30:00,2721.840327,2721.189369,2721.112859,-0.6509579999997186,-0.7274680000000444,-0.6892129999998815
2021-09-06 10:45:00,2721.8413,2721.190732,2721.111375,-0.6505680000000211,-0.7299250000000939,-0.6902465000000575
2021-09-06 11:00:00,2721.841496,2721.192938,2721.113322,-0.6485579999998663,-0.7281739999998535,-0.6883659999998599
2021-09-06 11:15:00,2721.843829,2721.191381,2721.114378,-0.6524479999998221,-0.729450999999699,-0.6909494999997605
2021-09-06 11:30:00,2721.842669,2721.18995,2721.11367,-0.652719000000161,-0.7289989999999307,-0.6908590000000459
2021-09-06 11:45:00,2721.843252,2721.190924,2721.114961,-0.652328000000125,-0.7282909999998992,-0.6903095000000121
2021-09-06 12:00:00,2721.843056,2721.192868,2721.114766,-0.650188000000071,-0.7282900000000154,-0.6892390000000432
2021-09-06 12:15:00,2721.84208,2721.191762,2721.114603,-0.6503179999999702,-0.727476999999908,-0.6888974999999391
2021-09-06 12:30:00,2721.841496,2721.192928,2721.11577,-0.6485680000000684,-0.7257260000001224,-0.6871470000000954
2021-09-06 12:45:00,2721.843636,2721.193319,2721.105985,-0.6503170000000864,-0.7376509999999143,-0.6939840000000004
2021-09-06 13:00:00,2721.840527,2721.192219,2721.115274,-0.6483079999998154,-0.7252529999996113,-0.6867804999997134
2021-09-06 13:15:00,2721.842469,2721.192413,2721.117925,-0.6500559999999496,-0.7245440000001508,-0.6873000000000502
2021-09-06 13:30:00,2721.843639,2721.195333,2721.121555,-0.6483060000000478,-0.7220839999999953,-0.6851950000000215
2021-09-06 13:45:00,2721.842666,2721.19378,2721.120591,-0.6488859999999477,-0.7220750000001317,-0.6854805000000397
2021-09-06 14:00:00,2721.840333,2721.191777,2721.118364,-0.6485560000000987,-0.721969000000172,-0.6852625000001353
2021-09-06 14:15:00,2721.843053,2721.192615,2721.121792,-0.650438000000122,-0.7212610000001405,-0.6858495000001312
2021-09-06 14:30:00,2721.843239,2721.194363,2721.118231,-0.6488759999997455,-0.7250079999998889,-0.6869419999998172
2021-09-06 14:45:00,2721.840907,2721.189369,2721.113098,-0.6515379999996185,-0.7278089999999793,-0.6896734999997989
2021-09-06 15:00:00,2721.838964,2721.191706,2721.116758,-0.6472579999999653,-0.7222059999999146,-0.6847319999999399
2021-09-06 15:15:00,2721.842076,2721.191899,2721.116493,-0.6501769999999851,-0.725582999999915,-0.6878799999999501
2021-09-06 15:30:00,2721.83975,2721.190733,2721.117076,-0.6490170000001854,-0.7226740000000973,-0.6858455000001413
2021-09-06 15:45:00,2721.84014,2721.192873,2721.120633,-0.6472669999998288,-0.7195069999997941,-0.6833869999998115
2021-09-06 16:00:00,2721.843836,2721.19307,2721.118478,-0.6507660000002033,-0.7253580000001421,-0.6880620000001727
2021-09-06 16:15:00,2721.841306,2721.192158,2721.118167,-0.6491479999999683,-0.7231389999997191,-0.6861434999998437
2021-09-06 16:30:00,2721.844609,2721.193711,2721.118077,-0.6508980000003248,-0.7265320000001338,-0.6887150000002293
2021-09-06 16:45:00,2721.842086,2721.192938,2721.118947,-0.6491479999999683,-0.7231390000001738,-0.6861435000000711
2021-09-06 17:00:00,2721.843836,2721.190796,2721.117304,-0.6530400000001464,-0.7265320000001338,-0.6897860000001401
2021-09-06 17:15:00,2721.841886,2721.192548,2721.118274,-0.6493380000001707,-0.7236120000002302,-0.6864750000002005
2021-09-06 17:30:00,2721.843826,2721.190525,2721.118464,-0.6533009999998285,-0.7253619999996772,-0.6893314999997529
2021-09-06 18:00:00,2721.842086,2721.189755,2721.118012,-0.6523310000002311,-0.7240740000002006,-0.6882025000002159
2021-09-06 18:15:00,2721.841303,2721.192282,2721.11606,-0.6490210000001753,-0.7252430000003187,-0.687132000000247
2021-09-06 19:00:00,2721.84169,2721.191829,2721.120535,-0.6498610000003282,-0.7211550000001807,-0.6855080000002545
2021-09-06 19:15:00,2721.840333,2721.190602,2721.119177,-0.6497309999999743,-0.7211560000000645,-0.6854435000000194
2021-09-06 20:00:00,2721.843252,2721.192352,2721.117654,-0.6509000000000924,-0.7255979999999909,-0.6882490000000416
2021-09-06 20:15:00,2721.842863,2721.191962,2721.117973,-0.6509009999999762,-0.7248899999999594,-0.6878954999999678
2021-09-06 20:30:00,2721.842076,2721.192287,2721.117306,-0.6497890000000552,-0.7247699999998076,-0.6872794999999314
2021-09-06 20:45:00,2721.843242,2721.190922,2721.116015,-0.6523200000001452,-0.7272269999998571,-0.6897735000000011
2021-09-06 21:00:00,2721.843436,2721.190855,2721.117853,-0.6525810000002821,-0.725582999999915,-0.6890820000000986
2021-09-06 21:15:00,2721.843822,2721.191182,2721.116488,-0.652639999999792,-0.7273339999997006,-0.6899869999997463
2021-09-06 21:30:00,2721.842656,2721.193646,2721.118937,-0.6490099999996346,-0.723718999999619,-0.6863644999996268
2021-09-06 22:00:00,2721.843826,2721.189364,2721.111681,-0.6544619999999668,-0.7321449999999459,-0.6933034999999563
2021-09-06 22:30:00,2721.844409,2721.192479,2721.110147,-0.651929999999993,-0.7342619999999442,-0.6930959999999686
2021-09-06 23:00:00,2721.844405,2721.193254,2721.111314,-0.6511510000000271,-0.7330909999996038,-0.6921209999998155
2021-09-06 23:15:00,2721.842656,2721.191504,2721.111788,-0.6511519999999109,-0.7308679999996457,-0.6910099999997783
2021-09-06 23:45:00,2721.843822,2721.190921,2721.111203,-0.6529009999999289,-0.732618999999886,-0.6927599999999074
2021-09-07 00:00:00,2721.84149,2721.190337,2721.108162,-0.6511529999997947,-0.7333279999998012,-0.692240499999798
2021-09-07 00:30:00,2721.843046,2721.191504,2721.112886,-0.6515420000000631,-0.730160000000069,-0.690851000000066
2021-09-07 00:45:00,2721.843436,2721.192284,2721.114211,-0.6511519999999109,-0.7292250000000422,-0.6901884999999766
2021-09-07 01:15:00,2721.843822,2721.189099,2721.112848,-0.6547229999996489,-0.7309739999996054,-0.6928484999996272
2021-09-07 01:30:00,2721.844799,2721.192087,2721.11464,-0.652712000000065,-0.7301590000001852,-0.6914355000001251
2021-09-07 01:45:00,2721.845772,2721.191049,2721.113628,-0.6547230000001036,-0.7321440000000621,-0.6934335000000829
2021-09-07 02:00:00,2721.843239,2721.190337,2721.112264,-0.6529019999998127,-0.730974999999944,-0.6919384999998783
2021-09-07 02:30:00,2721.844795,2721.190073,2721.113821,-0.6547219999997651,-0.7309740000000602,-0.6928479999999126
2021-09-07 02:45:00,2721.843826,2721.191244,2721.112958,-0.6525819999997111,-0.7308679999996457,-0.6917249999996784
2021-09-07 03:00:00,2721.845575,2721.193065,2721.11531,-0.6525099999998929,-0.7302649999996902,-0.6913874999997915
2021-09-07 03:15:00,2721.843436,2721.191115,2721.11492,-0.652321000000029,-0.728516000000127,-0.690418500000078
2021-09-07 03:30:00,2721.844405,2721.190335,2721.11589,-0.654070000000047,-0.7285149999997884,-0.6912924999999177
2021-09-07 03:45:00,2721.844795,2721.190464,2721.11628,-0.6543310000001838,-0.7285149999997884,-0.6914229999999861
2021-09-07 04:00:00,2721.845185,2721.192285,2721.120759,-0.6529000000000451,-0.7244260000002214,-0.6886630000001333
2021-09-07 04:15:00,2721.844405,2721.187934,2721.116599,-0.6564709999997831,-0.7278059999998732,-0.6921384999998281
2021-09-07 04:45:00,2721.844795,2721.190465,2721.116281,-0.6543299999998453,-0.7285139999999046,-0.691421999999875
2021-09-07 05:00:00,2721.843826,2721.191505,2721.117769,-0.652321000000029,-0.7260569999998552,-0.6891889999999421
2021-09-07 05:15:00,2721.846355,2721.192547,2721.116671,-0.6538080000000264,-0.7296839999999065,-0.6917459999999664
2021-09-07 05:30:00,2721.846741,2721.190923,2721.116936,-0.6558179999997265,-0.7298049999999421,-0.6928114999998343
2021-09-07 05:45:00,2721.843826,2721.189756,2721.115891,-0.6540699999995923,-0.7279349999998885,-0.6910024999997404
2021-09-07 06:00:00,2721.843826,2721.189756,2721.11752,-0.6540699999995923,-0.7263060000000223,-0.6901879999998073
2021-09-07 06:15:00,2721.843242,2721.190923,2721.115307,-0.6523189999998067,-0.7279349999998885,-0.6901269999998476
2021-09-07 06:30:00,2721.845575,2721.189366,2721.113666,-0.6562089999997625,-0.7319089999996322,-0.6940589999996973
2021-09-07 06:45:00,2721.843826,2721.189495,2721.114589,-0.6543309999997291,-0.7292370000000119,-0.6917839999998705
2021-09-07 07:15:00,2721.846355,2721.192026,2721.116077,-0.6543289999999615,-0.7302779999999984,-0.69230349999998
2021-09-07 07:30:00,2721.847334,2721.191836,2721.115072,-0.6554980000000796,-0.7322619999999915,-0.6938800000000356
2021-09-07 07:45:00,2721.845002,2721.190994,2721.114018,-0.6540079999999762,-0.7309839999998076,-0.6924959999998919
2021-09-07 08:00:00,2721.845195,2721.191579,2721.114213,-0.6536160000000564,-0.73098200000004,-0.6922990000000482
2021-09-07 08:15:00,2721.844805,2721.191189,2721.11675,-0.6536160000000564,-0.7280550000000403,-0.6908355000000483
2021-09-07 09:00:00,2721.845195,2721.189438,2721.111753,-0.6557569999999942,-0.7334419999997408,-0.6945994999998675
2021-09-07 09:15:00,2721.847331,2721.189825,2721.114599,-0.6575060000000121,-0.7327319999999418,-0.695118999999977
2021-09-07 09:30:00,2721.845582,2721.189104,2721.112849,-0.6564779999998791,-0.7327329999998256,-0.6946054999998523
2021-09-07 09:45:00,2721.843442,2721.188843,2721.112352,-0.654598999999962,-0.7310899999997673,-0.6928444999998646
2021-09-07 10:00:00,2721.841886,2721.187547,2721.10259,-0.6543390000001637,-0.7392960000001949,-0.6968175000001793
2021-09-07 10:15:00,2721.843442,2721.187354,2721.104041,-0.6560879999997269,-0.7394009999998161,-0.6977444999997715
2021-09-07 10:30:00,2721.84033,2721.185731,2721.109238,-0.654598999999962,-0.7310919999999896,-0.6928454999999758
2021-09-07 10:45:00,2721.841496,2721.187158,2721.109697,-0.6543379999998251,-0.7317990000001373,-0.6930684999999812
2021-09-07 11:00:00,2721.843636,2721.187548,2721.109152,-0.6560880000001816,-0.7344840000000659,-0.6952860000001237
2021-09-07 11:15:00,2721.842666,2721.188458,2721.114033,-0.654207999999926,-0.7286330000001726,-0.6914205000000493
2021-09-07 11:45:00,2721.842276,2721.184769,2721.111894,-0.6575069999998959,-0.7303819999997359,-0.6939444999998159
2021-09-07 12:00:00,2721.84072,2721.186772,2721.112087,-0.6539480000001276,-0.7286330000001726,-0.6912905000001501
2021-09-07 12:15:00,2721.842469,2721.186392,2721.113833,-0.6560770000000957,-0.7286360000002787,-0.6923565000001872
2021-09-07 12:30:00,2721.842276,2721.186199,2721.107788,-0.656076999999641,-0.7344880000000558,-0.6952824999998484
2021-09-07 13:00:00,2721.842666,2721.186199,2721.099278,-0.6564669999997932,-0.743387999999868,-0.6999274999998306
2021-09-07 13:15:00,2721.842666,2721.184447,2721.099986,-0.6582189999999173,-0.7426799999998366,-0.7004494999998769
2021-09-07 13:30:00,2721.841886,2721.185678,2721.105532,-0.6562080000003334,-0.7363540000001194,-0.6962810000002264
2021-09-07 13:45:00,2721.842656,2721.186969,2721.114728,-0.6556869999999435,-0.7279279999997925,-0.691807499999868
2021-09-07 14:00:00,2721.842269,2721.184051,2721.116801,-0.6582180000000335,-0.7254680000000917,-0.6918430000000626
2021-09-07 14:15:00,2721.843053,2721.185804,2721.113955,-0.6572489999998652,-0.7290980000002492,-0.6931735000000572
2021-09-07 14:30:00,2721.842853,2721.186774,2721.114925,-0.656079000000318,-0.7279280000002473,-0.6920035000002827
2021-09-07 14:45:00,2721.841496,2721.187168,2721.115317,-0.6543280000000777,-0.7261790000002293,-0.6902535000001535
2021-09-07 15:00:00,2721.841496,2721.186778,2721.117778,-0.65471800000023,-0.7237180000001899,-0.6892180000002099
2021-09-07 15:15:00,2721.841496,2721.187168,2721.118486,-0.6543280000000777,-0.7230100000001585,-0.6886690000001181
2021-09-07 15:30:00,2721.842466,2721.186387,2721.119456,-0.6560789999998633,-0.7230100000001585,-0.6895445000000109
2021-09-07 15:45:00,2721.842073,2721.187744,2721.118353,-0.6543289999999615,-0.7237199999999575,-0.6890244999999595
2021-09-07 16:00:00,2721.84188,2721.189372,2721.116176,-0.6525080000001253,-0.7257039999999506,-0.689106000000038
2021-09-07 16:15:00,2721.843436,2721.190799,2721.116102,-0.6526370000001407,-0.7273340000001554,-0.689985500000148
2021-09-07 16:30:00,2721.843046,2721.189108,2721.117343,-0.6539379999999255,-0.7257030000000668,-0.6898204999999962
2021-09-07 16:45:00,2721.84052,2721.189762,2721.112476,-0.6507580000002235,-0.7280440000004091,-0.6894010000003163
2021-09-07 17:00:00,2721.838574,2721.186645,2721.115447,-0.6519289999996545,-0.7231269999997494,-0.6875279999997019
2021-09-07 17:15:00,2721.842656,2721.188326,2721.119411,-0.6543299999998453,-0.7232449999996788,-0.6887874999997621
2021-09-07 17:30:00,2721.840907,2721.188716,2721.11778,-0.6521909999996751,-0.7231269999997494,-0.6876589999997123
2021-09-07 17:45:00,2721.842073,2721.187743,2721.117197,-0.6543299999998453,-0.7248759999997674,-0.6896029999998063
2021-09-07 18:00:00,2721.842656,2721.186575,2721.11766,-0.6560809999996309,-0.7249959999999191,-0.690538499999775
2021-09-07 18:15:00,2721.83974,2721.18781,2721.116613,-0.651929999999993,-0.7231269999997494,-0.6875284999998712
2021-09-07 18:45:00,2721.840907,2721.186575,2721.120118,-0.6543319999996129,-0.7207889999999679,-0.6875604999997904
2021-09-07 19:15:00,2721.842269,2721.185797,2721.119259,-0.6564720000001216,-0.7230100000001585,-0.68974100000014
2021-09-07 19:30:00,2721.843249,2721.187819,2721.120712,-0.6554299999997966,-0.7225370000001021,-0.6889834999999493
2021-09-07 19:45:00,2721.840917,2721.186845,2721.11767,-0.6540719999998146,-0.7232469999999012,-0.6886594999998579
2021-09-07 20:00:00,2721.841693,2721.18561,2721.117973,-0.6560829999998532,-0.7237199999999575,-0.6899014999999054
2021-09-07 20:15:00,2721.842083,2721.18483,2721.114733,-0.6572529999998551,-0.727350000000115,-0.692301499999985
2021-09-07 20:30:00,2721.840527,2721.188324,2721.11903,-0.6522029999996448,-0.7214969999999994,-0.6868499999998221
2021-09-07 21:00:00,2721.842663,2721.186309,2721.116368,-0.6563539999997374,-0.7262949999999364,-0.6913244999998369
2021-09-07 21:15:00,2721.83936,2721.187156,2721.116564,-0.6522039999999834,-0.7227960000000166,-0.6875
2021-09-07 21:30:00,2721.841496,2721.186122,2721.115318,-0.655373999999938,-0.7261779999998907,-0.6907759999999143
2021-09-07 21:45:00,2721.843246,2721.185732,2721.116961,-0.6575139999999919,-0.7262849999997343,-0.6918994999998631
2021-09-07 22:00:00,2721.844412,2721.187289,2721.118128,-0.6571229999999559,-0.7262839999998505,-0.6917034999999032
2021-09-07 22:15:00,2721.843246,2721.185471,2721.114977,-0.6577750000001288,-0.7282689999997274,-0.6930219999999281
2021-09-07 22:30:00,2721.843246,2721.186122,2721.113333,-0.6571239999998397,-0.7299130000001242,-0.6935184999999819
2021-09-07 22:45:00,2721.843246,2721.187611,2721.112625,-0.6556350000000748,-0.7306209999997009,-0.6931279999998878
2021-09-07 23:00:00,2721.842856,2721.187221,2721.112233,-0.6556350000000748,-0.7306230000003779,-0.6931290000002264
2021-09-07 23:15:00,2721.842076,2721.18456,2721.111453,-0.6575159999997595,-0.7306229999999232,-0.6940694999998414
2021-09-07 23:30:00,2721.844215,2721.187092,2721.111843,-0.6571229999999559,-0.7323719999999412,-0.6947474999999486
2021-09-07 23:45:00,2721.844022,2721.186897,2721.111177,-0.6571250000001783,-0.7328449999999975,-0.6949850000000879
2021-09-08 00:00:00,2721.844409,2721.187414,2721.111458,-0.6569949999998244,-0.7329509999999573,-0.6949729999998908
2021-09-08 00:45:00,2721.843242,2721.187287,2721.110291,-0.6559549999997216,-0.7329509999999573,-0.6944529999998394
2021-09-08 01:00:00,2721.843246,2721.184689,2721.110873,-0.658556999999746,-0.732372999999825,-0.6954649999997855
2021-09-08 01:15:00,2721.843829,2721.190985,2721.110749,-0.6528439999997317,-0.7330799999999726,-0.6929619999998522
2021-09-08 01:30:00,2721.847911,2721.188779,2721.11379,-0.6591319999997722,-0.7341209999999592,-0.6966264999998657
2021-09-08 01:45:00,2721.843829,2721.188196,2721.113208,-0.6556329999998525,-0.7306209999997009,-0.6931269999997767
2021-09-08 02:00:00,2721.844412,2721.186897,2721.112041,-0.6575149999998757,-0.7323710000000574,-0.6949429999999666
2021-09-08 03:00:00,2721.843246,2721.186049,2721.110165,-0.6571969999999965,-0.7330809999998564,-0.6951389999999265
2021-09-08 03:45:00,2721.843246,2721.18748,2721.115083,-0.6557659999998577,-0.7281629999997676,-0.6919644999998127
2021-09-08 04:00:00,2721.843246,2721.18605,2721.115791,-0.6571960000001127,-0.7274549999997362,-0.6923254999999244
2021-09-08 04:45:00,2721.843829,2721.186315,2721.113442,-0.6575139999999919,-0.7303870000000643,-0.6939505000000281
2021-09-08 05:00:00,2721.843829,2721.188455,2721.119769,-0.655373999999938,-0.7240600000000086,-0.6897169999999733
2021-09-08 05:30:00,2721.844995,2721.185731,2721.116962,-0.6592639999998937,-0.7280329999998685,-0.6936484999998811
2021-09-08 05:45:00,2721.845578,2721.186315,2721.115086,-0.6592630000000099,-0.7304920000001403,-0.6948775000000751
2021-09-08 06:00:00,2721.844412,2721.18703,2721.11567,-0.6573819999998705,-0.7287419999997837,-0.6930619999998271
2021-09-08 06:15:00,2721.844605,2721.187224,2721.117045,-0.6573809999999867,-0.7275599999998121,-0.6924704999998994
2021-09-08 06:30:00,2721.845575,2721.186703,2721.117542,-0.6588719999999739,-0.7280329999998685,-0.6934524999999212
2021-09-08 07:00:00,2721.843826,2721.188194,2721.118015,-0.6556319999999687,-0.7258109999997941,-0.6907214999998814
2021-09-08 07:15:00,2721.844992,2721.187221,2721.11788,-0.6577709999996841,-0.7271120000000337,-0.6924414999998589
2021-09-08 07:30:00,2721.844992,2721.18372,2721.11613,-0.6612719999998262,-0.7288619999999355,-0.6950669999998809
2021-09-08 07:45:00,2721.844995,2721.186184,2721.118703,-0.6588109999997869,-0.7262919999998303,-0.6925514999998086
2021-09-08 08:00:00,2721.844609,2721.187938,2721.115857,-0.6566710000001876,-0.7287520000004406,-0.6927115000003141
2021-09-08 08:15:00,2721.843836,2721.187164,2721.116833,-0.6566720000000714,-0.7270029999999679,-0.6918375000000196
2021-09-08 08:30:00,2721.845002,2721.186191,2721.116959,-0.6588110000002416,-0.7280430000000706,-0.6934270000001561
2021-09-08 08:45:00,2721.843056,2721.185994,2721.115947,-0.6570620000002236,-0.7271090000003824,-0.692085500000303
2021-09-08 09:00:00,2721.844412,2721.187742,2721.119762,-0.6566699999998491,-0.7246500000001106,-0.6906599999999798
2021-09-08 09:15:00,2721.846745,2721.186575,2721.115428,-0.6601699999996526,-0.7313169999997626,-0.6957434999997076
2021-09-08 09:30:00,2721.844995,2721.186575,2721.116137,-0.6584199999997509,-0.7288579999999456,-0.6936389999998482
2021-09-08 09:45:00,2721.845775,2721.186965,2721.115167,-0.6588099999999031,-0.7306079999998474,-0.6947089999998752
2021-09-08 10:00:00,2721.843836,2721.185415,2721.114977,-0.6584210000000894,-0.7288589999998294,-0.6936399999999594
2021-09-08 10:15:00,2721.843252,2721.184571,2721.113686,-0.6586810000003425,-0.7295659999999771,-0.6941235000001598
2021-09-08 10:30:00,2721.841306,2721.182104,2721.116655,-0.6592019999998229,-0.7246509999999944,-0.6919264999999086
2021-09-08 10:45:00,2721.842859,2721.18619,2721.117501,-0.6566689999999653,-0.7253579999996873,-0.6910134999998263
2021-09-08 11:00:00,2721.842086,2721.185415,2721.117435,-0.6566710000001876,-0.7246509999999944,-0.690661000000091
2021-09-08 11:15:00,2721.844222,2721.185803,2721.115834,-0.6584190000003218,-0.7283879999999954,-0.6934035000001586
2021-09-08 11:30:00,2721.844022,2721.185283,2721.11341,-0.6587390000004234,-0.730612000000292,-0.6946755000003577
2021-09-08 12:00:00,2721.844409,2721.18528,2721.113796,-0.6591289999996661,-0.7306129999997211,-0.6948709999996936
2021-09-08 12:15:00,2721.843826,2721.186447,2721.117422,-0.6573789999997643,-0.7264040000000023,-0.6918914999998833
2021-09-08 12:30:00,2721.840717,2721.185478,2721.115353,-0.6552390000001651,-0.7253639999998995,-0.6903015000000323
2021-09-08 12:45:00,2721.84208,2721.1847,2721.111351,-0.6573800000001029,-0.7307289999998829,-0.6940544999999929
2021-09-08 13:00:00,2721.843246,2721.183727,2721.11111,-0.6595189999998183,-0.7321360000000823,-0.6958274999999503
2021-09-08 13:15:00,2721.843049,2721.183918,2721.1142,-0.6591309999998884,-0.728849000000082,-0.6939899999999852
2021-09-08 13:30:00,2721.843829,2721.184308,2721.119898,-0.6595210000000407,-0.7239309999999932,-0.6917260000000169
2021-09-08 13:45:00,2721.843246,2721.186126,2721.11767,-0.6571199999998498,-0.725575999999819,-0.6913479999998344
2021-09-08 14:00:00,2721.84208,2721.188589,2721.119189,-0.6534910000000309,-0.7228909999998905,-0.6881909999999607
2021-09-08 14:15:00,2721.842663,2721.187293,2721.123414,-0.655369999999948,-0.7192489999997633,-0.6873094999998557
2021-09-08 14:30:00,2721.843829,2721.184568,2721.12283,-0.6592609999997876,-0.7209990000001198,-0.6901299999999537
2021-09-08 14:45:00,2721.841496,2721.186516,2721.12013,-0.6549799999997958,-0.7213660000002164,-0.6881730000000061
2021-09-08 15:00:00,2721.841306,2721.185346,2721.121573,-0.6559599999995953,-0.7197329999999056,-0.6878464999997504
2021-09-08 15:15:00,2721.843246,2721.185145,2721.119305,-0.6581009999999878,-0.7239409999997406,-0.6910209999998642
2021-09-08 15:30:00,2721.843829,2721.185989,2721.122346,-0.657839999999851,-0.7214829999998074,-0.6896614999998292
2021-09-08 15:45:00,2721.843246,2721.185406,2721.122233,-0.657839999999851,-0.7210129999998571,-0.6894264999998541
2021-09-08 16:00:00,2721.84033,2721.180939,2721.116256,-0.6593910000001415,-0.7240740000002006,-0.6917325000001711
2021-09-08 16:15:00,2721.842469,2721.18535,2721.117474,-0.657118999999966,-0.7249950000000354,-0.6910570000000007
2021-09-08 16:30:00,2721.843832,2721.184832,2721.119545,-0.6590000000001055,-0.7242870000000039,-0.6916435000000547
2021-09-08 17:00:00,2721.844999,2721.182108,2721.118963,-0.662890999999945,-0.7260360000000219,-0.6944634999999835
2021-09-08 17:30:00,2721.844415,2721.183664,2721.121312,-0.6607509999998911,-0.72310299999981,-0.6919269999998505
2021-09-08 17:45:00,2721.839747,2721.185415,2721.120603,-0.6543320000000676,-0.7191440000001421,-0.6867380000001049
2021-09-08 18:00:00,2721.841496,2721.183274,2721.116027,-0.6582220000000234,-0.7254689999999755,-0.6918454999999994
2021-09-08 18:15:00,2721.841496,2721.183664,2721.118958,-0.6578319999998712,-0.7225379999999859,-0.6901849999999286
2021-09-08 18:30:00,2721.841496,2721.185415,2721.120128,-0.6560810000000856,-0.721367999999984,-0.6887245000000348
2021-09-08 19:00:00,2721.84208,2721.184638,2721.116503,-0.657441999999719,-0.7255769999997028,-0.6915094999997109
2021-09-08 19:15:00,2721.842663,2721.183081,2721.117795,-0.659581999999773,-0.7248679999997876,-0.6922249999997803
2021-09-08 19:30:00,2721.841496,2721.181523,2721.116628,-0.659972999999809,-0.7248679999997876,-0.6924204999997983
2021-09-08 20:00:00,2721.843442,2721.184831,2721.120785,-0.6586109999998371,-0.7226569999997992,-0.6906339999998181
2021-09-08 20:15:00,2721.842663,2721.181519,2721.120005,-0.6611439999996946,-0.7226579999996829,-0.6919009999996888
2021-09-08 20:30:00,2721.841496,2721.183984,2721.11766,-0.6575120000002244,-0.7238360000001194,-0.6906740000001719
2021-09-08 20:45:00,2721.844026,2721.186183,2721.120084,-0.6578430000004118,-0.7239420000000791,-0.6908925000002455
2021-09-08 21:00:00,2721.842663,2721.183398,2721.119311,-0.6592649999997775,-0.7233519999999771,-0.6913084999998773
2021-09-08 21:15:00,2721.841496,2721.182622,2721.120602,-0.6588740000001962,-0.7208940000000439,-0.6898840000001201
2021-09-08 21:30:00,2721.841496,2721.184372,2721.115685,-0.6571239999998397,-0.7258109999997941,-0.6914674999998169
2021-09-08 22:15:00,2721.841496,2721.18398,2721.118144,-0.6575160000002143,-0.7233519999999771,-0.6904340000000957
2021-09-08 22:30:00,2721.841107,2721.185732,2721.120675,-0.6553750000002765,-0.7204320000000735,-0.687903500000175
2021-09-08 22:45:00,2721.842466,2721.185342,2721.123452,-0.6571239999998397,-0.719014000000243,-0.6880690000000413
2021-09-08 23:15:00,2721.841493,2721.181837,2721.121769,-0.6596559999998135,-0.719724000000042,-0.6896899999999277
2021-09-08 23:30:00,2721.840327,2721.18281,2721.119894,-0.657517000000098,-0.7204329999999572,-0.6889750000000276
2021-09-09 00:00:00,2721.845578,2721.185273,2721.122107,-0.6603049999998802,-0.7234709999997904,-0.6918879999998353
2021-09-09 00:15:00,2721.844412,2721.185466,2721.121061,-0.6589460000000145,-0.7233510000000933,-0.6911485000000539
2021-09-09 00:30:00,2721.843826,2721.18495,2721.121525,-0.6588759999999638,-0.7223009999997885,-0.6905884999998761
2021-09-09 01:30:00,2721.843826,2721.1867,2721.123275,-0.6571259999996073,-0.7205509999998867,-0.688838499999747
2021-09-09 01:45:00,2721.843826,2721.184299,2721.121645,-0.6595269999997981,-0.7221809999996367,-0.6908539999997174
2021-09-09 02:00:00,2721.843242,2721.185856,2721.124229,-0.6573859999998604,-0.7190129999999044,-0.6881994999998824
2021-09-09 02:30:00,2721.844215,2721.18534,2721.122743,-0.65887500000008,-0.7214720000001762,-0.6901735000001281
2021-09-09 02:45:00,2721.844995,2721.18612,2721.123523,-0.65887500000008,-0.7214719999997214,-0.6901734999999007
2021-09-09 03:30:00,2721.843826,2721.1867,2721.121418,-0.6571259999996073,-0.722407999999632,-0.6897669999996197
2021-09-09 04:00:00,2721.844215,2721.187221,2721.1211,-0.6569939999999406,-0.7231150000002344,-0.6900545000000875
2021-09-09 04:15:00,2721.846165,2721.186121,2721.12188,-0.6600439999997434,-0.7242849999997816,-0.6921644999997625
2021-09-09 04:30:00,2721.842856,2721.1832,2721.122198,-0.6596560000002683,-0.720658000000185,-0.6901570000002266
2021-09-09 04:45:00,2721.844215,2721.185342,2721.120993,-0.6588729999998577,-0.723222000000078,-0.6910474999999678
2021-09-09 05:15:00,2721.845578,2721.188845,2721.124816,-0.6567329999998037,-0.7207619999999224,-0.6887474999998631
2021-09-09 05:30:00,2721.845772,2721.189039,2721.121842,-0.6567330000002585,-0.7239300000001094,-0.690331500000184
2021-09-09 05:45:00,2721.843826,2721.186702,2721.122353,-0.6571239999998397,-0.7214729999996052,-0.6892984999997225
2021-09-09 06:30:00,2721.845578,2721.188456,2721.124107,-0.6571220000000721,-0.7214709999998377,-0.6892964999999549
2021-09-09 06:45:00,2721.846941,2721.190529,2721.1243,-0.6564119999998184,-0.7226409999998396,-0.689526499999829
2021-09-09 07:15:00,2721.845578,2721.188847,2721.122228,-0.6567310000000361,-0.7233499999997548,-0.6900404999998955
2021-09-09 07:30:00,2721.844995,2721.185082,2721.119895,-0.6599129999999604,-0.7251000000001113,-0.6925065000000359
2021-09-09 08:00:00,2721.844995,2721.186123,2721.119422,-0.6588719999999739,-0.7255729999997129,-0.6922224999998434
2021-09-09 08:15:00,2721.846355,2721.187873,2721.119032,-0.6584820000002765,-0.7273230000000694,-0.692902500000173
2021-09-09 08:30:00,2721.844215,2721.185343,2721.120271,-0.6588719999999739,-0.7239440000003015,-0.6914080000001377
2021-09-09 08:45:00,2721.844995,2721.187616,2721.123509,-0.6573789999997643,-0.7214859999999135,-0.6894324999998389
2021-09-09 09:00:00,2721.847911,2721.189173,2721.123862,-0.6587379999996301,-0.7240489999999227,-0.6913934999997764
2021-09-09 09:15:00,2721.844022,2721.18515,2721.121722,-0.6588720000004287,-0.7223000000003594,-0.690586000000394
2021-09-09 09:45:00,2721.844412,2721.184112,2721.12165,-0.6603000000000065,-0.7227619999998751,-0.6915309999999408
2021-09-09 10:00:00,2721.844409,2721.185279,2721.117899,-0.6591300000000047,-0.726509999999962,-0.6928199999999833
2021-09-09 10:15:00,2721.844992,2721.185993,2721.11438,-0.658998999999767,-0.7306119999998373,-0.6948054999998021
2021-09-09 11:00:00,2721.844215,2721.185086,2721.120979,-0.6591290000001209,-0.72323600000027,-0.6911825000001954
2021-09-09 11:15:00,2721.84208,2721.184699,2721.120592,-0.6573809999999867,-0.721487999999681,-0.6894344999998339
2021-09-09 11:30:00,2721.843246,2721.183985,2721.119775,-0.6592609999997876,-0.7234709999997904,-0.691365999999789
2021-09-09 11:45:00,2721.843246,2721.183335,2721.118145,-0.6599109999997381,-0.7251009999999951,-0.6925059999998666
2021-09-09 12:00:00,2721.843829,2721.183527,2721.121066,-0.6603019999997741,-0.7227629999997589,-0.6915324999997665
2021-09-09 12:30:00,2721.841496,2721.184766,2721.120497,-0.6567300000001524,-0.7209990000001198,-0.6888645000001361
2021-09-09 12:45:00,2721.842663,2721.183532,2721.116519,-0.6591309999998884,-0.7261439999997492,-0.6926374999998188
2021-09-09 13:00:00,2721.841503,2721.185543,2721.106911,-0.6559600000000501,-0.7345920000002479,-0.695276000000149
2021-09-09 13:15:00,2721.842466,2721.186126,2721.107424,-0.6563400000000001,-0.7350420000002487,-0.6956910000001244
2021-09-09 13:30:00,2721.844019,2721.185148,2721.113535,-0.6588710000000901,-0.7304840000001604,-0.6946775000001253
2021-09-09 13:45:00,2721.843056,2721.183466,2721.120293,-0.6595900000002075,-0.7227630000002137,-0.6911765000002106
2021-09-09 14:00:00,2721.845572,2721.183073,2721.120715,-0.6624990000000253,-0.7248570000001564,-0.6936780000000908
2021-09-09 14:15:00,2721.84208,2721.181461,2721.117672,-0.6606189999997696,-0.7244080000000395,-0.6925134999999045
2021-09-09 15:00:00,2721.840717,2721.182627,2721.123911,-0.6580899999999019,-0.7168059999999059,-0.6874479999999039
2021-09-09 15:15:00,2721.84208,2721.18639,2721.122817,-0.6556900000000496,-0.7192629999999554,-0.6874765000000025
2021-09-09 15:30:00,2721.839747,2721.185806,2721.1254,-0.6539410000000316,-0.7143470000000889,-0.6841440000000603
2021-09-09 15:45:00,2721.842469,2721.1849,2721.123468,-0.6575689999999668,-0.7190010000003895,-0.6882850000001781
2021-09-09 16:15:00,2721.840333,2721.182372,2721.120729,-0.6579609999998866,-0.7196039999998902,-0.6887824999998884
2021-09-09 16:30:00,2721.840917,2721.183347,2721.121205,-0.6575699999998506,-0.7197120000000723,-0.6886409999999614
2021-09-09 16:45:00,2721.840333,2721.181331,2721.121437,-0.6590020000003278,-0.7188960000003135,-0.6889490000003207
2021-09-09 17:00:00,2721.842083,2721.184774,2721.123187,-0.6573090000001685,-0.7188959999998588,-0.6881025000000136
2021-09-09 17:15:00,2721.84033,2721.18419,2721.120145,-0.6561400000000503,-0.7201850000001286,-0.6881625000000895
2021-09-09 17:30:00,2721.839747,2721.183665,2721.12202,-0.6560819999999694,-0.7177270000001954,-0.6869045000000824
2021-09-09 17:45:00,2721.840913,2721.183081,2721.118977,-0.6578319999998712,-0.7219359999999142,-0.6898839999998927
2021-09-09 18:00:00,2721.840913,2721.181201,2721.117334,-0.6597120000001269,-0.7235789999999724,-0.6916455000000497
2021-09-09 18:15:00,2721.842663,2721.185222,2721.121198,-0.6574409999998352,-0.7214650000000802,-0.6894529999999577
2021-09-09 19:00:00,2721.842666,2721.184705,2721.125414,-0.6579609999998866,-0.7172519999999167,-0.6876064999999016
2021-09-09 19:15:00,2721.842666,2721.184704,2721.124478,-0.6579620000002251,-0.7181879999998273,-0.6880750000000262
2021-09-09 20:00:00,2721.843442,2721.184121,2721.119629,-0.6593210000000909,-0.7238130000000638,-0.6915670000000773
2021-09-09 20:15:00,2721.841496,2721.183924,2721.120142,-0.6575720000000729,-0.721353999999792,-0.6894629999999324
2021-09-09 20:30:00,2721.843246,2721.185413,2721.124691,-0.657832999999755,-0.7185549999999239,-0.6881939999998394
2021-09-09 20:45:00,2721.843249,2721.184247,2721.125984,-0.6590019999998731,-0.717265000000225,-0.688133500000049
2021-09-09 21:00:00,2721.840527,2721.183014,2721.12501,-0.6575129999996534,-0.715516999999636,-0.6865149999996447
2021-09-09 21:15:00,2721.840913,2721.18405,2721.120479,-0.6568630000001576,-0.720433999999841,-0.6886484999999993
2021-09-09 21:30:00,2721.841496,2721.186051,2721.121298,-0.6554449999998724,-0.7201979999999821,-0.6878214999999273
2021-09-09 21:45:00,2721.844405,2721.184632,2721.122941,-0.6597729999998592,-0.7214639999997416,-0.6906184999998004
2021-09-09 22:45:00,2721.842663,2721.184818,2721.124108,-0.6578449999997247,-0.7185549999999239,-0.6881999999998243
2021-09-09 23:00:00,2721.841496,2721.182622,2721.121191,-0.6588740000001962,-0.7203049999998257,-0.689589500000011
2021-09-09 23:15:00,2721.842269,2721.185405,2721.121846,-0.6568640000000414,-0.7204230000002099,-0.6886435000001256
2021-09-09 23:30:00,2721.843632,2721.184627,2721.119,-0.6590049999999792,-0.7246319999999287,-0.6918184999999539
2021-09-09 23:45:00,2721.844602,2721.187738,2721.12196,-0.6568640000000414,-0.7226420000001781,-0.6897530000001098
2021-09-10 00:00:00,2721.844799,2721.186185,2721.122156,-0.6586139999999432,-0.7226430000000619,-0.6906285000000025
2021-09-10 00:15:00,2721.842269,2721.185405,2721.121376,-0.6568640000000414,-0.7208930000001601,-0.6888785000001008
2021-09-10 00:30:00,2721.84208,2721.185215,2721.121656,-0.6568649999999252,-0.7204240000000937,-0.6886445000000094
2021-09-10 01:00:00,2721.841496,2721.183979,2721.118615,-0.657517000000098,-0.7228810000001431,-0.6901990000001206
2021-09-10 01:15:00,2721.844995,2721.18437,2721.121073,-0.6606249999999818,-0.7239220000001296,-0.6922735000000557
2021-09-10 01:30:00,2721.843829,2721.184564,2721.118728,-0.6592649999997775,-0.7251009999999951,-0.6921829999998863
2021-09-10 02:00:00,2721.845578,2721.184824,2721.121186,-0.6607539999999972,-0.7243920000000799,-0.6925730000000385
2021-09-10 02:15:00,2721.842663,2721.185798,2721.119782,-0.6568649999999252,-0.7228809999996884,-0.6898729999998068
2021-09-10 02:45:00,2721.843246,2721.184242,2721.123062,-0.6590040000000954,-0.7201839999997901,-0.6895939999999428
2021-09-10 03:15:00,2721.844995,2721.186121,2721.121879,-0.6588739999997415,-0.7231160000001182,-0.6909949999999299
2021-09-10 03:30:00,2721.846161,2721.187288,2721.126793,-0.6588729999998577,-0.7193680000000313,-0.6891204999999445
2021-09-10 03:45:00,2721.845775,2721.186121,2721.125946,-0.6596539999995912,-0.7198289999996632,-0.6897414999996272
2021-09-10 04:00:00,2721.844412,2721.184106,2721.122244,-0.660305999999764,-0.7221679999997832,-0.6912369999997736
2021-09-10 04:15:00,2721.842659,2721.185534,2721.120951,-0.6571249999997235,-0.7217080000000351,-0.6894164999998793
2021-09-10 04:30:00,2721.844995,2721.18644,2721.122118,-0.6585549999999785,-0.7228770000001532,-0.6907160000000658
2021-09-10 04:45:00,2721.843242,2721.186118,2721.121062,-0.6571239999998397,-0.7221799999997529,-0.6896519999997963
2021-09-10 05:00:00,2721.843829,2721.185534,2721.120953,-0.6582949999997254,-0.7228759999998147,-0.69058549999977
2021-09-10 05:15:00,2721.844412,2721.183978,2721.121536,-0.6604339999998956,-0.7228759999998147,-0.6916549999998551
2021-09-10 06:00:00,2721.844412,2721.183459,2721.1234,-0.6609530000000632,-0.7210119999999733,-0.6909825000000183
2021-09-10 06:15:00,2721.842856,2721.187873,2721.123594,-0.6549830000003567,-0.7192620000000716,-0.6871225000002141
2021-09-10 06:30:00,2721.845575,2721.186444,2721.125273,-0.6591309999998884,-0.7203019999997196,-0.689716499999804
2021-09-10 07:00:00,2721.845578,2721.184887,2721.122689,-0.6606910000000425,-0.7228890000001229,-0.6917900000000827
2021-09-10 07:15:00,2721.844995,2721.184693,2721.126101,-0.6603019999997741,-0.7188940000000912,-0.6895979999999327
2021-09-10 07:30:00,2721.843439,2721.184307,2721.124071,-0.659132000000227,-0.7193680000000313,-0.6892500000001291
2021-09-10 07:45:00,2721.843836,2721.185414,2721.1274,-0.6584219999999732,-0.716436000000158,-0.6874290000000656
2021-09-10 08:00:00,2721.845585,2721.187554,2721.124468,-0.6580309999999372,-0.7211170000000493,-0.6895739999999932
2021-09-10 08:15:00,2721.846751,2721.186842,2721.126343,-0.6599089999999705,-0.720408000000134,-0.6901585000000523
2021-09-10 08:30:00,2721.845002,2721.186972,2721.120717,-0.6580300000000534,-0.7242850000002363,-0.6911575000001449
2021-09-10 09:00:00,2721.843836,2721.183926,2721.120967,-0.6599099999998543,-0.7228690000001734,-0.6913895000000139
2021-09-10 09:30:00,2721.841503,2721.183082,2721.119675,-0.6584210000000894,-0.7218280000001869,-0.6901245000001381
2021-09-10 09:45:00,2721.842086,2721.179775,2721.118038,-0.6623110000000452,-0.7240480000000389,-0.693179500000042
2021-09-10 10:00:00,2721.841503,2721.180941,2721.115812,-0.6605620000000272,-0.7256910000000971,-0.6931265000000622
2021-09-10 10:15:00,2721.840337,2721.179385,2721.113936,-0.6609520000001794,-0.7264009999998962,-0.6936765000000378
2021-09-10 10:30:00,2721.839171,2721.1825,2721.116871,-0.6566710000001876,-0.7222999999999047,-0.6894855000000462
2021-09-10 10:45:00,2721.842086,2721.184056,2721.120497,-0.6580300000000534,-0.7215890000002219,-0.6898095000001376
2021-09-10 11:00:00,2721.843056,2721.185027,2721.119478,-0.6580290000001696,-0.7235780000000887,-0.6908035000001291
2021-09-10 11:15:00,2721.843826,2721.184827,2721.121419,-0.658998999999767,-0.7224069999997482,-0.6907029999997576
2021-09-10 11:30:00,2721.844022,2721.183534,2721.12068,-0.6604880000004414,-0.7233420000002297,-0.6919150000003356
2021-09-10 11:45:00,2721.841303,2721.182564,2721.122168,-0.6587389999999687,-0.7191350000002785,-0.6889370000001236
2021-09-10 12:00:00,2721.842659,2721.181781,2721.121067,-0.6608780000001389,-0.7215919999998732,-0.691235000000006
2021-09-10 12:15:00,2721.8413,2721.18074,2721.119813,-0.6605600000002596,-0.721487000000252,-0.6910235000002558
2021-09-10 12:30:00,2721.841686,2721.183728,2721.119384,-0.6579580000002352,-0.722302000000127,-0.6901300000001811
2021-09-10 12:45:00,2721.841296,2721.182164,2721.117365,-0.659132000000227,-0.7239309999999932,-0.6915315000001101
2021-09-10 13:00:00,2721.843049,2721.182168,2721.113266,-0.660881000000245,-0.729783000000225,-0.695332000000235
2021-09-10 13:15:00,2721.845192,2721.183141,2721.11424,-0.6620510000002469,-0.7309520000003431,-0.696501500000295
2021-09-10 13:30:00,2721.843632,2721.182751,2721.115494,-0.660881000000245,-0.7281379999999444,-0.6945095000000947
2021-09-10 13:45:00,2721.846161,2721.183402,2721.12119,-0.6627589999998236,-0.724971000000096,-0.6938649999999598
2021-09-10 14:00:00,2721.842663,2721.183792,2721.11944,-0.6588710000000901,-0.7232229999999618,-0.691047000000026
2021-09-10 14:15:00,2721.844995,2721.182236,2721.120131,-0.6627589999998236,-0.7248639999997977,-0.6938114999998106
2021-09-10 14:30:00,2721.844215,2721.183206,2721.119115,-0.6610089999999218,-0.7251000000001113,-0.6930545000000166
2021-09-10 14:45:00,2721.846738,2721.186381,2721.118246,-0.6603570000002037,-0.7284920000001875,-0.6944245000001956
2021-09-10 15:00:00,2721.844995,2721.183988,2721.118369,-0.6610069999996995,-0.7266260000001239,-0.6938164999999117
2021-09-10 15:15:00,2721.844995,2721.185797,2721.118131,-0.659197999999833,-0.7268639999997504,-0.6930309999997917
2021-09-10 15:30:00,2721.842469,2721.18386,2721.118423,-0.6586090000000695,-0.7240460000002713,-0.6913275000001704
2021-09-10 15:45:00,2721.842666,2721.181526,2721.118379,-0.6611400000001595,-0.7242870000000039,-0.6927135000000817
2021-09-10 16:00:00,2721.843249,2721.182499,2721.118963,-0.6607500000000073,-0.7242860000001201,-0.6925180000000637
2021-09-10 16:30:00,2721.841886,2721.182177,2721.117126,-0.6597090000000208,-0.7247600000000602,-0.6922345000000405
2021-09-10 16:45:00,2721.840527,2721.182567,2721.115766,-0.6579600000000028,-0.724760999999944,-0.6913604999999734
2021-09-10 17:00:00,2721.841886,2721.182567,2721.117834,-0.6593190000003233,-0.7240520000000288,-0.691685500000176
2021-09-10 17:15:00,2721.844609,2721.18101,2721.116349,-0.6635990000004313,-0.7282600000003185,-0.6959295000003749
2021-09-10 17:30:00,2721.844412,2721.182953,2721.118377,-0.6614589999999225,-0.7260350000001381,-0.6937470000000303
2021-09-10 17:45:00,2721.842469,2721.180358,2721.118417,-0.6621110000000954,-0.7240520000000288,-0.6930815000000621
2021-09-10 18:00:00,2721.844026,2721.184055,2721.119974,-0.6599710000000414,-0.7240520000000288,-0.6920115000000351
2021-09-10 18:15:00,2721.843246,2721.183536,2721.120838,-0.6597099999999045,-0.7224080000000868,-0.6910589999999956
2021-09-10 18:30:00,2721.842663,2721.182952,2721.118611,-0.6597109999997883,-0.7240520000000288,-0.6918814999999086
2021-09-10 18:45:00,2721.843829,2721.182369,2721.118027,-0.6614599999998063,-0.7258019999999306,-0.6936309999998684
2021-09-10 19:30:00,2721.842666,2721.178342,2721.114986,-0.6643239999998514,-0.7276799999999639,-0.6960019999999076
2021-09-10 19:45:00,2721.841496,2721.181524,2721.117444,-0.6599719999999252,-0.7240520000000288,-0.692011999999977
2021-09-10 20:00:00,2721.842276,2721.181134,2721.118698,-0.6611419999999271,-0.7235779999996339,-0.6923599999997805
2021-09-10 20:15:00,2721.843246,2721.184244,2721.117209,-0.6590019999998731,-0.7260369999999057,-0.6925194999998894
2021-09-10 20:45:00,2721.842663,2721.181651,2721.116864,-0.6610120000000279,-0.7257989999998244,-0.6934054999999262
2021-09-10 21:00:00,2721.844019,2721.183657,2721.116232,-0.6603620000000774,-0.7277870000002622,-0.6940745000001698
2021-09-10 21:15:00,2721.84208,2721.183206,2721.115334,-0.6588739999997415,-0.7267459999998209,-0.6928099999997812
2021-09-10 21:30:00,2721.841496,2721.180742,2721.115458,-0.6607539999999972,-0.7260379999997895,-0.6933959999998933
2021-09-10 21:45:00,2721.841496,2721.180742,2721.117103,-0.6607539999999972,-0.7243929999999636,-0.6925734999999804
2021-09-10 22:00:00,2721.839747,2721.180481,2721.114984,-0.659266000000116,-0.7247630000001664,-0.6920145000001412
2021-09-10 22:15:00,2721.84208,2721.181716,2721.113584,-0.660363999999845,-0.7284959999997227,-0.6944299999997838
2021-09-10 22:30:00,2721.841496,2721.180351,2721.117918,-0.6611450000000332,-0.7235780000000887,-0.6923615000000609
2021-09-10 22:45:00,2721.841496,2721.182492,2721.113,-0.6590040000000954,-0.7284960000001774,-0.6937500000001364
2021-09-10 23:00:00,2721.842663,2721.181648,2721.113693,-0.6610149999996793,-0.7289700000001176,-0.6949924999998984
2021-09-11 00:15:00,2721.843246,2721.182882,2721.116629,-0.660363999999845,-0.7266169999998056,-0.6934904999998253
2021-09-11 01:30:00,2721.843829,2721.181063,2721.115569,-0.6627659999999196,-0.7282599999998638,-0.6955129999998917
2021-09-11 01:45:00,2721.842663,2721.181908,2721.116625,-0.660754999999881,-0.7260379999997895,-0.6933964999998352
2021-09-11 02:00:00,2721.84033,2721.179184,2721.117686,-0.661145999999917,-0.7226439999999457,-0.6918949999999313
2021-09-11 02:15:00,2721.844995,2721.182491,2721.121311,-0.662503999999899,-0.7236840000000484,-0.6930939999999737
2021-09-11 02:30:00,2721.845578,2721.181064,2721.121896,-0.6645140000000538,-0.7236819999998261,-0.6940979999999399
2021-09-11 03:15:00,2721.84208,2721.183076,2721.118729,-0.6590040000000954,-0.7233510000000933,-0.6911775000000944
2021-09-11 03:45:00,2721.845382,2721.184629,2721.123448,-0.6607530000001134,-0.7219340000001466,-0.69134350000013
2021-09-11 04:00:00,2721.845185,2721.184823,2721.120793,-0.6603620000000774,-0.7243920000000799,-0.6923770000000786
2021-09-11 04:15:00,2721.843829,2721.181657,2721.119437,-0.6621719999998277,-0.7243920000000799,-0.6932819999999538
2021-09-11 04:30:00,2721.844995,2721.183853,2721.123771,-0.6611419999999271,-0.7212239999998928,-0.69118299999991
2021-09-11 04:45:00,2721.844995,2721.184243,2721.123063,-0.6607519999997749,-0.7219319999999243,-0.6913419999998496
2021-09-11 05:15:00,2721.847911,2721.185149,2721.12177,-0.6627619999999297,-0.7261409999996431,-0.6944514999997864
2021-09-11 05:30:00,2721.846161,2721.183659,2721.119546,-0.6625020000001314,-0.726615000000038,-0.6945585000000847
2021-09-11 05:45:00,2721.844995,2721.182232,2721.120839,-0.6627629999998135,-0.7241559999997662,-0.6934594999997898
2021-09-11 06:00:00,2721.845578,2721.183076,2721.121422,-0.6625020000001314,-0.7241559999997662,-0.6933289999999488
2021-09-11 06:15:00,2721.846745,2721.182824,2721.124706,-0.6639209999998457,-0.7220389999997678,-0.6929799999998068
2021-09-11 06:30:00,2721.846745,2721.182564,2721.124233,-0.664180999999644,-0.7225119999998242,-0.6933464999997341
2021-09-11 06:45:00,2721.847331,2721.184382,2721.12365,-0.662949000000026,-0.7236809999999423,-0.6933149999999841
2021-09-11 07:00:00,2721.844995,2721.180814,2721.122483,-0.6641810000000987,-0.7225119999998242,-0.6933464999999615
2021-09-11 07:15:00,2721.844995,2721.182233,2721.122589,-0.6627619999999297,-0.7224059999998644,-0.6925839999998971
2021-09-11 07:30:00,2721.847524,2721.183983,2721.119741,-0.6635409999998956,-0.7277829999998175,-0.6956619999998566
2021-09-11 07:45:00,2721.846745,2721.182813,2721.118961,-0.6639319999999316,-0.7277839999997013,-0.6958579999998165
2021-09-11 08:00:00,2721.846161,2721.18437,2721.120126,-0.6617909999999938,-0.7260350000001381,-0.693913000000066
2021-09-11 08:15:00,2721.844412,2721.184761,2721.12002,-0.6596509999999398,-0.7243920000000799,-0.6920215000000098
2021-09-11 08:30:00,2721.844995,2721.181063,2721.118381,-0.6639319999999316,-0.7266139999996994,-0.6952729999998155
2021-09-11 08:45:00,2721.846161,2721.18236,2721.120255,-0.6638010000001486,-0.7259060000001227,-0.6948535000001357
2021-09-11 09:45:00,2721.846355,2721.182164,2721.11962,-0.6641910000003008,-0.7267350000001898,-0.6954630000002453
2021-09-11 10:00:00,2721.844992,2721.18119,2721.116626,-0.6638020000000324,-0.7283659999998235,-0.696083999999928
2021-09-11 10:15:00,2721.843826,2721.181456,2721.114751,-0.6623700000000099,-0.7290749999997388,-0.6957224999998743
2021-09-11 10:30:00,2721.842659,2721.180289,2721.122248,-0.6623700000000099,-0.7204109999997854,-0.6913904999998977
2021-09-11 10:45:00,2721.84091,2721.17789,2721.120499,-0.6630199999999604,-0.7204109999997854,-0.6917154999998729
2021-09-11 11:15:00,2721.843826,2721.181456,2721.120958,-0.6623700000000099,-0.7228679999998349,-0.6926189999999224
2021-09-11 11:30:00,2721.844215,2721.180415,2721.122056,-0.6638000000002648,-0.7221589999999196,-0.6929795000000922
2021-09-11 11:45:00,2721.845188,2721.181388,2721.118927,-0.6637999999998101,-0.7262609999997949,-0.6950304999998025
2021-09-11 12:00:00,2721.843826,2721.182165,2721.122481,-0.6616609999996399,-0.7213449999999284,-0.6915029999997842
2021-09-11 12:15:00,2721.846548,2721.1834,2721.12439,-0.663148000000092,-0.7221580000000358,-0.6926530000000639
2021-09-11 12:30:00,2721.844215,2721.183987,2721.124041,-0.6602280000001883,-0.7201740000000427,-0.6902010000001155
2021-09-11 12:45:00,2721.845578,2721.18321,2721.119331,-0.6623679999997876,-0.7262470000000576,-0.6943074999999226
2021-09-11 13:00:00,2721.842273,2721.181653,2721.113672,-0.6606200000001081,-0.7286010000002534,-0.6946105000001808
2021-09-11 13:15:00,2721.8413,2721.18094,2721.111054,-0.6603599999998551,-0.7302460000000792,-0.6953029999999671
2021-09-11 13:30:00,2721.843829,2721.183861,2721.117687,-0.6599679999999353,-0.7261419999999816,-0.6930549999999585
2021-09-11 13:45:00,2721.843632,2721.181134,2721.11796,-0.6624980000001415,-0.7256720000000314,-0.6940850000000864
2021-09-11 14:00:00,2721.843246,2721.180878,2721.119442,-0.6623679999997876,-0.7238039999997454,-0.6930859999997665
2021-09-11 14:15:00,2721.840913,2721.182436,2721.119673,-0.658476999999948,-0.7212399999998524,-0.6898584999999002
2021-09-11 14:30:00,2721.843636,2721.181788,2721.120647,-0.661848000000191,-0.7229889999998704,-0.6924185000000307
2021-09-11 14:45:00,2721.843249,2721.181012,2721.115937,-0.6622370000000046,-0.7273119999999835,-0.6947744999999941
2021-09-11 15:00:00,2721.842666,2721.180037,2721.116168,-0.6626289999999244,-0.7264979999999923,-0.6945634999999584
2021-09-11 15:15:00,2721.841496,2721.180427,2721.120271,-0.6610690000002251,-0.7212250000002314,-0.6911470000002282
2021-09-11 15:45:00,2721.839164,2721.180105,2721.119687,-0.6590590000000702,-0.7194770000000972,-0.6892680000000837
2021-09-11 16:00:00,2721.839554,2721.180234,2721.120077,-0.6593200000002071,-0.7194770000000972,-0.6893985000001521
2021-09-11 16:15:00,2721.841693,2721.182635,2721.121048,-0.6590579999997317,-0.7206449999998767,-0.6898514999998042
2021-09-11 16:30:00,2721.841886,2721.180817,2721.116557,-0.6610690000002251,-0.725329000000329,-0.693199000000277
2021-09-11 16:45:00,2721.840917,2721.180427,2721.117337,-0.660490000000209,-0.7235799999998562,-0.6920350000000326
2021-09-11 17:00:00,2721.843249,2721.181011,2721.116172,-0.6622379999998884,-0.7270770000000084,-0.6946574999999484
2021-09-11 17:15:00,2721.842666,2721.183609,2721.119797,-0.6590569999998479,-0.7228690000001734,-0.6909630000000107
2021-09-11 17:30:00,2721.8415,2721.181401,2721.117922,-0.660099000000173,-0.7235780000000887,-0.6918385000001308
2021-09-11 17:45:00,2721.842666,2721.182568,2721.118154,-0.6600979999998344,-0.7245120000002316,-0.692305000000033
2021-09-11 18:15:00,2721.842083,2721.181593,2721.114403,-0.660490000000209,-0.7276799999999639,-0.6940850000000864
2021-09-11 18:30:00,2721.840917,2721.180036,2721.113235,-0.6608809999997902,-0.7276820000001862,-0.6942814999999882
2021-09-11 19:45:00,2721.844415,2721.180035,2721.116629,-0.6643800000001647,-0.7277859999999237,-0.6960830000000442
2021-09-11 20:00:00,2721.844026,2721.181786,2721.118699,-0.6622400000001107,-0.7253270000001066,-0.6937835000001087
2021-09-11 20:30:00,2721.843442,2721.182953,2721.120573,-0.6604889999998704,-0.7228689999997187,-0.6916789999997945
2021-09-11 20:45:00,2721.844412,2721.17977,2721.117335,-0.6646419999997306,-0.7270770000000084,-0.6958594999998695
2021-09-11 21:00:00,2721.843246,2721.181135,2721.117917,-0.6621110000000954,-0.7253289999998742,-0.6937199999999848
2021-09-11 21:15:00,2721.844405,2721.180744,2721.117448,-0.6636610000000474,-0.7269569999998566,-0.695308999999952
2021-09-11 21:30:00,2721.843436,2721.181656,2721.118107,-0.6617799999999079,-0.725329000000329,-0.6935545000001184
2021-09-11 21:45:00,2721.841883,2721.17822,2721.121471,-0.6636630000002697,-0.720412000000124,-0.6920375000001968
2021-09-11 22:00:00,2721.841496,2721.181134,2721.117797,-0.6603620000000774,-0.7236990000001242,-0.6920305000001008
2021-09-11 22:15:00,2721.843239,2721.181717,2721.118381,-0.6615219999998772,-0.7248579999995854,-0.6931899999997313
2021-09-11 22:30:00,2721.843246,2721.180744,2721.119548,-0.6625020000001314,-0.7236979999997857,-0.6930999999999585
2021-09-11 22:45:00,2721.844405,2721.180484,2721.122007,-0.6639209999998457,-0.7223979999998846,-0.6931594999998651
2021-09-11 23:00:00,2721.844405,2721.182625,2721.123181,-0.6617799999999079,-0.7212239999998928,-0.6915019999999004
2021-09-11 23:30:00,2721.843829,2721.179186,2721.120131,-0.6646430000000692,-0.7236979999997857,-0.6941704999999274
2021-09-11 23:45:00,2721.842663,2721.179769,2721.121423,-0.6628940000000512,-0.7212399999998524,-0.6920669999999518
2021-09-12 00:00:00,2721.84208,2721.179838,2721.12084,-0.6622419999998783,-0.7212399999998524,-0.6917409999998654
2021-09-12 00:15:00,2721.845385,2721.181393,2721.121949,-0.6639920000002348,-0.7234360000002198,-0.6937140000002273
2021-09-12 00:30:00,2721.844026,2721.181783,2721.119407,-0.6622430000002169,-0.7246190000000752,-0.693431000000146
2021-09-12 01:00:00,2721.842666,2721.182175,2721.123885,-0.6604910000000928,-0.7187810000000354,-0.6896360000000641
2021-09-12 01:15:00,2721.844999,2721.182757,2721.12038,-0.6622419999998783,-0.7246190000000752,-0.6934304999999767
2021-09-12 01:30:00,2721.843832,2721.18334,2721.120965,-0.6604919999999765,-0.7228669999999511,-0.6916794999999638
2021-09-12 01:45:00,2721.843249,2721.180617,2721.119672,-0.6626320000000305,-0.7235770000002049,-0.6931045000001177
2021-09-12 02:15:00,2721.844415,2721.180033,2721.118854,-0.6643819999999323,-0.725561000000198,-0.6949715000000651
2021-09-12 02:30:00,2721.844415,2721.181914,2721.115459,-0.6625010000002476,-0.7289559999999256,-0.6957285000000866
2021-09-12 03:00:00,2721.844999,2721.182367,2721.118028,-0.6626320000000305,-0.7269710000000487,-0.6948015000000396
2021-09-12 03:15:00,2721.845582,2721.182951,2721.116626,-0.6626310000001467,-0.7289559999999256,-0.6957935000000361
2021-09-12 03:30:00,2721.844415,2721.184315,2721.113001,-0.6601000000000568,-0.7314139999998588,-0.6957569999999578
2021-09-12 03:45:00,2721.844999,2721.182497,2721.115335,-0.6625020000001314,-0.729663999999957,-0.6960830000000442
2021-09-12 04:30:00,2721.843249,2721.182758,2721.113585,-0.6604910000000928,-0.729663999999957,-0.6950775000000249
2021-09-12 04:45:00,2721.847914,2721.183535,2721.115567,-0.6643789999998262,-0.732347000000118,-0.6983629999999721
2021-09-12 05:00:00,2721.843832,2721.181591,2721.114982,-0.6622409999999945,-0.7288499999999658,-0.6955454999999802
2021-09-12 05:15:00,2721.842666,2721.183925,2721.113815,-0.658741000000191,-0.7288509999998496,-0.6937960000000203
2021-09-12 05:30:00,2721.844999,2721.181008,2721.1144,-0.6639909999998963,-0.7305989999999838,-0.69729499999994
2021-09-12 05:45:00,2721.846165,2721.182176,2721.116275,-0.6639890000001287,-0.7298900000000685,-0.6969395000000986
2021-09-12 06:00:00,2721.846555,2721.184056,2721.115957,-0.6624990000000253,-0.7305980000001,-0.6965485000000626
2021-09-12 06:15:00,2721.847721,2721.184123,2721.115372,-0.6635980000000927,-0.7323489999998856,-0.6979734999999891
2021-09-12 06:30:00,2721.845385,2721.183536,2721.11468,-0.6618490000000747,-0.7307049999999435,-0.6962770000000091
2021-09-12 06:45:00,2721.844415,2721.182176,2721.114752,-0.662239000000227,-0.7296630000000732,-0.6959510000001501
2021-09-12 07:00:00,2721.845775,2721.183276,2721.111902,-0.6624989999995705,-0.7338729999996758,-0.6981859999996232
2021-09-12 07:15:00,2721.846745,2721.184637,2721.109005,-0.6621079999999893,-0.7377400000000307,-0.69992400000001
2021-09-12 07:30:00,2721.847321,2721.185804,2721.109357,-0.6615170000000035,-0.7379640000003747,-0.6997405000001891
2021-09-12 07:45:00,2721.845572,2721.181654,2721.110066,-0.6639180000001943,-0.7355059999999867,-0.6997120000000905
2021-09-12 08:00:00,2721.845768,2721.182241,2721.107803,-0.6635270000001583,-0.7379650000002584,-0.7007460000002084
2021-09-12 08:15:00,2721.844995,2721.181337,2721.10878,-0.6636579999999412,-0.7362149999999019,-0.6999364999999216
2021-09-12 08:30:00,2721.846548,2721.182631,2721.108584,-0.6639169999998558,-0.7379639999999199,-0.7009404999998878
2021-09-12 08:45:00,2721.844405,2721.180488,2721.10819,-0.6639169999998558,-0.7362149999999019,-0.7000659999998788
2021-09-12 09:15:00,2721.843436,2721.179777,2721.10722,-0.6636590000002798,-0.7362160000002405,-0.6999375000002601
2021-09-12 09:30:00,2721.844995,2721.179329,2721.106455,-0.6656659999998737,-0.7385399999998299,-0.7021029999998518
2021-09-12 09:45:00,2721.843246,2721.180748,2721.102821,-0.6624979999996867,-0.7404249999999593,-0.701461499999823
2021-09-12 10:00:00,2721.844995,2721.179329,2721.101642,-0.6656659999998737,-0.7433529999998427,-0.7045094999998582
2021-09-12 10:15:00,2721.844412,2721.180555,2721.105872,-0.6638570000000072,-0.7385399999998299,-0.7011984999999186
2021-09-12 10:30:00,2721.842663,2721.178414,2721.102477,-0.664248999999927,-0.7401859999999942,-0.7022174999999606
2021-09-12 10:45:00,2721.841496,2721.17583,2721.100601,-0.6656659999998737,-0.7408949999999095,-0.7032804999998916
2021-09-12 11:00:00,2721.84208,2721.176413,2721.102829,-0.6656669999997575,-0.7392509999999675,-0.7024589999998625
2021-09-12 11:15:00,2721.843829,2721.176022,2721.104579,-0.6678069999998115,-0.7392500000000837,-0.7035284999999476
2021-09-12 11:30:00,2721.844412,2721.179137,2721.105163,-0.6652749999998377,-0.7392489999997451,-0.7022619999997914
2021-09-12 11:45:00,2721.842466,2721.17894,2721.104739,-0.6635260000002745,-0.7377270000001772,-0.7006265000002259
2021-09-12 12:00:00,2721.843442,2721.179196,2721.106876,-0.6642459999998209,-0.7365660000000389,-0.7004059999999299
2021-09-12 12:15:00,2721.84014,2721.180174,2721.105322,-0.659965999999713,-0.7348179999999047,-0.6973919999998088
2021-09-12 12:30:00,2721.842663,2721.178806,2721.106566,-0.6638570000000072,-0.7360969999999725,-0.6999769999999899
2021-09-12 12:45:00,2721.843246,2721.179,2721.105505,-0.6642459999998209,-0.7377409999999145,-0.7009934999998677
2021-09-12 13:00:00,2721.845968,2721.179973,2721.10239,-0.6659950000002937,-0.7435780000000705,-0.7047865000001821
2021-09-12 13:15:00,2721.845582,2721.181598,2721.106092,-0.6639839999998003,-0.7394899999999325,-0.7017369999998664
2021-09-12 13:30:00,2721.842666,2721.17868,2721.107384,-0.6639860000000226,-0.7352820000000975,-0.69963400000006
2021-09-12 13:45:00,2721.842083,2721.178097,2721.111482,-0.6639860000000226,-0.7306010000002061,-0.6972935000001144
2021-09-12 14:00:00,2721.844219,2721.180234,2721.11129,-0.6639850000001388,-0.7329290000002402,-0.6984570000001895
2021-09-12 14:15:00,2721.843442,2721.179847,2721.108883,-0.6635949999999866,-0.7345589999999902,-0.6990769999999884
2021-09-12 14:30:00,2721.841303,2721.177317,2721.108258,-0.6639860000000226,-0.7330449999999473,-0.698515499999985
2021-09-12 14:45:00,2721.84208,2721.177123,2721.10927,-0.6649569999999585,-0.7328099999999722,-0.6988834999999654
2021-09-12 15:00:00,2721.843246,2721.178549,2721.110436,-0.6646969999997054,-0.7328099999999722,-0.6987534999998388
2021-09-12 15:15:00,2721.842466,2721.177379,2721.111876,-0.6650869999998577,-0.7305900000001202,-0.6978384999999889
2021-09-12 15:30:00,2721.842073,2721.177694,2721.113232,-0.6643789999998262,-0.7288409999996475,-0.6966099999997368
2021-09-12 15:45:00,2721.84188,2721.179322,2721.107186,-0.66255799999999,-0.734693999999763,-0.6986259999998765
2021-09-12 16:00:00,2721.840327,2721.177696,2721.109841,-0.662630999999692,-0.730485999999928,-0.69655849999981
2021-09-12 16:15:00,2721.839167,2721.172578,2721.108565,-0.6665889999999308,-0.7306020000000899,-0.6985955000000104
2021-09-12 16:30:00,2721.841493,2721.177374,2721.111717,-0.6641190000000279,-0.7297759999996742,-0.6969474999998511
2021-09-12 16:45:00,2721.83975,2721.178932,2721.110899,-0.6608180000002903,-0.7288510000003043,-0.6948345000002973
2021-09-12 17:00:00,2721.83975,2721.17718,2721.109148,-0.6625699999999597,-0.7306020000000899,-0.6965860000000248
2021-09-12 17:15:00,2721.840527,2721.177957,2721.112384,-0.6625699999999597,-0.7281429999998181,-0.6953564999998889
2021-09-12 17:30:00,2721.839747,2721.176787,2721.11113,-0.6629600000001119,-0.728617000000213,-0.6957885000001625
2021-09-12 17:45:00,2721.837414,2721.178344,2721.110547,-0.6590700000001561,-0.7268669999998565,-0.6929685000000063
2021-09-12 18:00:00,2721.837221,2721.17601,2721.110826,-0.6612110000000939,-0.7263950000001387,-0.6938030000001163
2021-09-12 18:45:00,2721.83975,2721.17705,2721.112884,-0.6627000000003136,-0.7268659999999727,-0.6947830000001431
2021-09-12 19:00:00,2721.841493,2721.177244,2721.111009,-0.664248999999927,-0.7304839999997057,-0.6973664999998164
2021-09-12 19:15:00,2721.83975,2721.178931,2721.110424,-0.6608190000001741,-0.7293260000001283,-0.6950725000001512
2021-09-12 19:30:00,2721.841493,2721.177244,2721.113467,-0.664248999999927,-0.7280259999997725,-0.6961374999998498
2021-09-12 20:00:00,2721.838777,2721.177176,2721.111201,-0.6616009999997914,-0.7275759999997717,-0.6945884999997816
2021-09-12 20:15:00,2721.840907,2721.180676,2721.110421,-0.6602309999998397,-0.730485999999928,-0.6953584999998839
2021-09-12 20:45:00,2721.840323,2721.179384,2721.109024,-0.6609389999998712,-0.7312990000000354,-0.6961189999999533
2021-09-12 21:00:00,2721.842656,2721.178216,2721.110789,-0.6644400000000132,-0.7318669999999656,-0.6981534999999894
2021-09-12 21:15:00,2721.842656,2721.179705,2721.109607,-0.6629509999997936,-0.7330489999999372,-0.6979999999998654
2021-09-12 21:30:00,2721.84169,2721.179318,2721.10875,-0.6623720000002322,-0.7329400000003261,-0.6976560000002792
2021-09-12 21:45:00,2721.841883,2721.179321,2721.110823,-0.6625619999999799,-0.7310600000000704,-0.6968110000000252
2021-09-12 22:00:00,2721.842076,2721.177955,2721.107963,-0.6641209999997955,-0.7341129999999794,-0.6991169999998874
2021-09-12 22:15:00,2721.842656,2721.177563,2721.108671,-0.6650929999996151,-0.7339849999998478,-0.6995389999997315
2021-09-12 22:30:00,2721.840907,2721.177954,2721.105503,-0.6629529999995611,-0.7354039999995621,-0.6991784999995616
2021-09-12 23:15:00,2721.842659,2721.178538,2721.103629,-0.6641209999997955,-0.7390299999997296,-0.7015754999997625
2021-09-12 23:30:00,2721.843242,2721.177951,2721.104212,-0.6652909999997974,-0.7390299999997296,-0.7021604999997635
2021-09-12 23:45:00,2721.840907,2721.176132,2721.105034,-0.6647749999997359,-0.7358729999996285,-0.7003239999996822
2021-09-13 00:15:00,2721.842073,2721.17808,2721.103291,-0.6639929999996639,-0.738781999999901,-0.7013874999997824
2021-09-13 00:30:00,2721.844409,2721.178855,2721.105379,-0.6655539999997018,-0.7390299999997296,-0.7022919999997157
2021-09-13 00:45:00,2721.84149,2721.178537,2721.106088,-0.6629530000000159,-0.7354019999997945,-0.6991774999999052
2021-09-13 01:15:00,2721.840907,2721.176523,2721.102124,-0.6643839999996999,-0.7387829999997848,-0.7015834999997423
2021-09-13 01:30:00,2721.84149,2721.176715,2721.100249,-0.6647749999997359,-0.741240999999718,-0.703007999999727
2021-09-13 01:45:00,2721.842656,2721.176393,2721.100707,-0.666262999999617,-0.7419489999997495,-0.7041059999996833
2021-09-13 02:00:00,2721.842656,2721.178534,2721.103166,-0.6641219999996792,-0.7394899999999325,-0.7018059999998059
2021-09-13 02:15:00,2721.843239,2721.179117,2721.104458,-0.6641219999996792,-0.7387810000000172,-0.7014514999998482
2021-09-13 02:30:00,2721.844405,2721.178273,2721.104347,-0.6661319999998341,-0.7400579999998627,-0.7030949999998484
2021-09-13 02:45:00,2721.843046,2721.179314,2721.104737,-0.6637319999999818,-0.7383089999998447,-0.7010204999999132
2021-09-13 03:30:00,2721.842076,2721.177954,2721.103294,-0.6641219999996792,-0.738781999999901,-0.7014519999997901
2021-09-13 03:45:00,2721.843242,2721.176979,2721.104226,-0.6662630000000718,-0.7390159999999923,-0.7026395000000321
2021-09-13 04:00:00,2721.845575,2721.179314,2721.106087,-0.6662609999998494,-0.7394879999997102,-0.7028744999997798
2021-09-13 04:15:00,2721.843242,2721.178731,2721.104567,-0.6645109999999477,-0.7386750000000575,-0.7015930000000026
2021-09-13 04:45:00,2721.844215,2721.178215,2721.104265,-0.6660000000001673,-0.7399500000001353,-0.7029750000001513
2021-09-13 05:00:00,2721.843446,2721.176465,2721.104655,-0.6669809999998506,-0.7387909999997646,-0.7028859999998076
2021-09-13 05:15:00,2721.840917,2721.178215,2721.103874,-0.6627020000000812,-0.7370430000000852,-0.6998725000000832
2021-09-13 05:30:00,2721.843056,2721.176075,2721.106724,-0.6669810000003054,-0.7363319999999476,-0.7016565000001265
2021-09-13 06:00:00,2721.843446,2721.178996,2721.107114,-0.6644499999997606,-0.7363319999999476,-0.7003909999998541
2021-09-13 06:15:00,2721.842666,2721.177826,2721.103875,-0.6648399999999128,-0.7387910000002194,-0.7018155000000661
2021-09-13 06:30:00,2721.845575,2721.179966,2721.106334,-0.6656089999996766,-0.7392409999997653,-0.702424999999721
2021-09-13 07:15:00,2721.843826,2721.175815,2721.103769,-0.6680109999997512,-0.7400569999999789,-0.704033999999865
2021-09-13 07:30:00,2721.845185,2721.175686,2721.102671,-0.6694990000000871,-0.7425140000000283,-0.7060065000000577
2021-09-13 07:45:00,2721.842656,2721.176786,2721.100246,-0.6658699999998134,-0.7424099999998361,-0.7041399999998248
2021-09-13 08:00:00,2721.844405,2721.176786,2721.099537,-0.6676189999998314,-0.7448679999997694,-0.7062434999998004
2021-09-13 08:15:00,2721.842656,2721.176395,2721.101181,-0.6662609999998494,-0.7414749999998094,-0.7038679999998294
2021-09-13 08:45:00,2721.843046,2721.176786,2721.101571,-0.6662599999999657,-0.7414749999998094,-0.7038674999998875
2021-09-13 09:00:00,2721.842853,2721.174453,2721.101151,-0.6684000000000196,-0.7417020000002594,-0.7050510000001395
2021-09-13 09:15:00,2721.843239,2721.175229,2721.09837,-0.6680099999998674,-0.7448689999996532,-0.7064394999997603
2021-09-13 09:30:00,2721.842073,2721.175813,2721.098954,-0.6662599999999657,-0.7431189999997514,-0.7046894999998585
2021-09-13 09:45:00,2721.842656,2721.174385,2721.099431,-0.6682710000000043,-0.7432249999997111,-0.7057479999998577
2021-09-13 10:15:00,2721.842656,2721.174385,2721.098957,-0.6682710000000043,-0.7436989999996513,-0.7059849999998278
2021-09-13 10:30:00,2721.842656,2721.172506,2721.097787,-0.6701499999999214,-0.7448689999996532,-0.7075094999997873
2021-09-13 10:45:00,2721.84188,2721.175621,2721.097719,-0.6662590000000819,-0.7441610000000765,-0.7052100000000792
2021-09-13 11:00:00,2721.844409,2721.176791,2721.096147,-0.6676179999999476,-0.7482619999996132,-0.7079399999997804
2021-09-13 11:15:00,2721.843242,2721.175234,2721.098374,-0.6680080000000999,-0.7448679999997694,-0.7064379999999346
2021-09-13 11:30:00,2721.8415,2721.173493,2721.098499,-0.6680070000002161,-0.7430009999998219,-0.705504000000019
2021-09-13 11:45:00,2721.843249,2721.173103,2721.10025,-0.6701459999999315,-0.7429990000000544,-0.7065724999999929
2021-09-13 12:00:00,2721.842666,2721.172519,2721.099772,-0.6701469999998153,-0.7428939999999784,-0.7065204999998969
2021-09-13 12:15:00,2721.839557,2721.175441,2721.102989,-0.6641159999999218,-0.7365679999998065,-0.7003419999998641
2021-09-13 12:45:00,2721.83975,2721.174663,2721.100958,-0.6650870000003124,-0.7387920000001031,-0.7019395000002078
2021-09-13 13:00:00,2721.841303,2721.174725,2721.096435,-0.6665780000002997,-0.7448680000002241,-0.7057230000002619
2021-09-13 13:15:00,2721.843246,2721.173358,2721.102364,-0.6698879999999008,-0.740882000000056,-0.7053849999999784
2021-09-13 13:30:00,2721.841493,2721.173036,2721.104238,-0.668456999999762,-0.7372550000000047,-0.7028559999998834
2021-09-13 13:45:00,2721.840327,2721.173228,2721.104584,-0.6670989999997801,-0.7357429999997294,-0.7014209999997547
2021-09-13 14:00:00,2721.838967,2721.171868,2721.101579,-0.6670990000002348,-0.7373880000000099,-0.7022435000001224
2021-09-13 14:15:00,2721.84208,2721.175763,2721.104125,-0.6663169999997081,-0.7379550000000563,-0.7021359999998822
2021-09-13 14:30:00,2721.841493,2721.175176,2721.104708,-0.6663169999997081,-0.7367850000000544,-0.7015509999998812
2021-09-13 14:45:00,2721.842076,2721.173228,2721.105398,-0.668847999999798,-0.7366779999997561,-0.7027629999997771
2021-09-13 15:00:00,2721.840327,2721.173618,2721.10294,-0.6667090000000826,-0.7373869999996714,-0.702047999999877
2021-09-13 15:15:00,2721.838967,2721.171868,2721.102287,-0.6670990000002348,-0.7366799999999785,-0.7018895000001066
2021-09-13 15:30:00,2721.839754,2721.174074,2721.102604,-0.6656800000000658,-0.7371499999999287,-0.7014149999999972
2021-09-13 15:45:00,2721.84189,2721.176601,2721.100298,-0.6652890000000298,-0.7415920000003098,-0.7034405000001698
2021-09-13 16:00:00,2721.841496,2721.174068,2721.099904,-0.6674280000002,-0.741591999999855,-0.7045100000000275
2021-09-13 16:15:00,2721.84033,2721.1729,2721.101197,-0.6674299999999675,-0.739133000000038,-0.7032815000000028
2021-09-13 16:30:00,2721.84208,2721.17465,2721.100595,-0.6674299999999675,-0.7414850000000115,-0.7044574999999895
2021-09-13 16:45:00,2721.841496,2721.174647,2721.102469,-0.6668490000001839,-0.7390270000000783,-0.7029380000001311
2021-09-13 17:15:00,2721.843246,2721.172506,2721.100719,-0.6707400000000234,-0.7425269999998818,-0.7066334999999526
2021-09-13 17:30:00,2721.839164,2721.171923,2721.10353,-0.6672410000001037,-0.7356340000001182,-0.701437500000111
2021-09-13 17:45:00,2721.84208,2721.171338,2721.101303,-0.670741999999791,-0.74077699999998,-0.7057594999998855
2021-09-13 18:15:00,2721.841496,2721.172505,2721.104822,-0.6689910000000054,-0.736674000000221,-0.7028325000001132
2021-09-13 19:00:00,2721.84033,2721.17562,2721.101302,-0.6647100000000137,-0.739027999999962,-0.7018689999999879
2021-09-13 19:30:00,2721.841886,2721.175035,2721.101109,-0.6668509999999515,-0.74077699999998,-0.7038139999999657
2021-09-13 19:45:00,2721.842276,2721.175686,2721.100791,-0.6665899999998146,-0.7414850000000115,-0.704037499999913
2021-09-13 20:00:00,2721.842663,2721.173672,2721.101178,-0.6689910000000054,-0.7414850000000115,-0.7052380000000085
2021-09-13 20:15:00,2721.841496,2721.173285,2721.100011,-0.6682110000001558,-0.7414850000000115,-0.7048480000000836
2021-09-13 20:30:00,2721.842663,2721.175493,2721.099426,-0.6671699999997145,-0.7432369999996808,-0.7052034999996977
2021-09-13 20:45:00,2721.839747,2721.174065,2721.101654,-0.6656819999998334,-0.7380929999999353,-0.7018874999998843
2021-09-13 21:00:00,2721.841686,2721.175235,2721.100211,-0.6664510000000519,-0.7414750000002641,-0.703963000000158
2021-09-13 21:15:00,2721.843246,2721.174654,2721.097562,-0.6685919999999896,-0.7456839999999829,-0.7071379999999863
2021-09-13 22:00:00,2721.844995,2721.174654,2721.099312,-0.6703410000000076,-0.7456830000000991,-0.7080120000000534
2021-09-13 22:30:00,2721.840913,2721.175951,2721.101188,-0.6649619999998322,-0.7397249999999076,-0.7023434999998699
2021-09-13 23:00:00,2721.842856,2721.174653,2721.097171,-0.668203000000176,-0.7456850000003215,-0.7069440000002487
2021-09-13 23:15:00,2721.842466,2721.172123,2721.099241,-0.67034300000023,-0.7432250000001659,-0.7067840000001979
2021-09-13 23:30:00,2721.841496,2721.174394,2721.095811,-0.6671019999998862,-0.7456849999998667,-0.7063934999998764
2021-09-14 00:00:00,2721.844415,2721.172903,2721.095103,-0.6715119999998933,-0.749311999999918,-0.7104119999999057
2021-09-14 00:15:00,2721.84208,2721.171345,2721.09475,-0.670734999999695,-0.7473299999996925,-0.7090324999996938
2021-09-14 00:30:00,2721.841496,2721.170762,2721.095917,-0.6707339999998112,-0.745578999999907,-0.7081564999998591
2021-09-14 00:45:00,2721.845578,2721.173876,2721.097684,-0.6717020000000957,-0.7478940000000875,-0.7097980000000916
2021-09-14 01:00:00,2721.841496,2721.176793,2721.098851,-0.6647029999999177,-0.7426449999998113,-0.7036739999998645
2021-09-14 01:30:00,2721.841496,2721.174653,2721.094274,-0.6668429999999717,-0.7472219999999652,-0.7070324999999684
2021-09-14 01:45:00,2721.843246,2721.172512,2721.097099,-0.6707339999998112,-0.7461469999998371,-0.7084404999998242
2021-09-14 02:15:00,2721.841883,2721.173289,2721.095134,-0.668594000000212,-0.7467489999999088,-0.7076715000000604
2021-09-14 02:30:00,2721.842656,2721.173933,2721.093449,-0.6687229999997726,-0.7492069999998421,-0.7089649999998073
2021-09-14 02:45:00,2721.842656,2721.175813,2721.095907,-0.6668429999999717,-0.7467489999999088,-0.7067959999999402
2021-09-14 03:30:00,2721.842656,2721.174324,2721.092976,-0.6683319999997366,-0.7496799999998984,-0.7090059999998175
2021-09-14 04:00:00,2721.843239,2721.177047,2721.094034,-0.6661919999996826,-0.7492049999996198,-0.7076984999996512
2021-09-14 04:15:00,2721.840913,2721.17523,2721.095324,-0.6656830000001719,-0.7455890000001091,-0.7056360000001405
2021-09-14 04:30:00,2721.844019,2721.172506,2721.095415,-0.6715130000002318,-0.7486040000003413,-0.7100585000002866
2021-09-14 04:45:00,2721.841883,2721.173289,2721.095028,-0.668594000000212,-0.7468549999998686,-0.7077245000000403
2021-09-14 05:00:00,2721.84208,2721.177048,2721.096385,-0.6650319999998828,-0.7456950000000688,-0.7053634999999758
2021-09-14 05:15:00,2721.843822,2721.175231,2721.09626,-0.6685909999996511,-0.7475620000000163,-0.7080764999998337
2021-09-14 05:30:00,2721.844405,2721.173673,2721.095093,-0.6707320000000436,-0.749311999999918,-0.7100219999999808
2021-09-14 05:45:00,2721.844019,2721.175688,2721.096457,-0.6683310000003075,-0.7475620000000163,-0.7079465000001619
2021-09-14 06:00:00,2721.843246,2721.176794,2721.095211,-0.6664519999999357,-0.7480350000000726,-0.7072435000000041
2021-09-14 06:15:00,2721.846745,2721.176794,2721.099312,-0.6699509999998554,-0.7474330000000009,-0.7086919999999282
2021-09-14 06:45:00,2721.844412,2721.177703,2721.096376,-0.6667090000000826,-0.7480359999999564,-0.7073725000000195
2021-09-14 07:00:00,2721.845192,2721.175173,2721.095171,-0.6700190000001385,-0.750021000000288,-0.7100200000002133
2021-09-14 07:15:00,2721.842076,2721.175366,2721.098142,-0.6667099999999664,-0.7439340000000811,-0.7053220000000238
2021-09-14 07:30:00,2721.846161,2721.176923,2721.09685,-0.6692379999999503,-0.7493110000000343,-0.7092744999999923
2021-09-14 08:15:00,2721.846161,2721.175563,2721.095547,-0.6705980000001546,-0.7506140000000414,-0.710606000000098
2021-09-14 08:30:00,2721.844995,2721.174786,2721.092751,-0.6702089999998861,-0.7522439999997914,-0.7112264999998388
2021-09-14 08:45:00,2721.845578,2721.17498,2721.094964,-0.6705980000001546,-0.7506140000000414,-0.710606000000098
2021-09-14 09:00:00,2721.842663,2721.175954,2721.096256,-0.6667090000000826,-0.7464070000000902,-0.7065580000000864
2021-09-14 09:15:00,2721.842856,2721.172966,2721.09645,-0.6698900000001231,-0.7464060000002064,-0.7081480000001648
2021-09-14 09:30:00,2721.841493,2721.171864,2721.091707,-0.6696289999999863,-0.7497859999998582,-0.7097074999999222
2021-09-14 09:45:00,2721.840327,2721.170436,2721.093919,-0.6698910000000069,-0.746407999999974,-0.7081494999999904
2021-09-14 10:00:00,2721.842076,2721.170697,2721.089831,-0.671378999999888,-0.75224500000013,-0.711812000000009
2021-09-14 10:15:00,2721.840717,2721.170826,2721.087762,-0.6698910000000069,-0.752954999999929,-0.7114229999999679
2021-09-14 10:30:00,2721.841496,2721.171606,2721.093339,-0.6698900000001231,-0.748156999999992,-0.7090235000000575
2021-09-14 10:45:00,2721.84208,2721.172189,2721.093215,-0.6698910000000069,-0.7488650000000234,-0.7093780000000152
2021-09-14 11:00:00,2721.844412,2721.173035,2721.090418,-0.6713770000001205,-0.7539939999996932,-0.7126854999999068
2021-09-14 11:15:00,2721.83994,2721.173493,2721.092377,-0.666447000000062,-0.7475629999999001,-0.707004999999981
2021-09-14 11:30:00,2721.842466,2721.171088,2721.092679,-0.6713780000000042,-0.7497870000001967,-0.7105825000001005
2021-09-14 11:45:00,2721.84208,2721.172451,2721.094043,-0.6696289999999863,-0.7480369999998402,-0.7088329999999132
2021-09-14 12:00:00,2721.842663,2721.173035,2721.094626,-0.6696280000001025,-0.7480369999998402,-0.7088324999999713
2021-09-14 12:15:00,2721.84091,2721.168819,2721.091016,-0.6720909999999094,-0.7498940000000403,-0.7109924999999748
2021-09-14 12:30:00,2721.840327,2721.171868,2721.093933,-0.6684589999999844,-0.746393999999782,-0.7074264999998832
2021-09-14 12:45:00,2721.83955,2721.170959,2721.09222,-0.6685910000001059,-0.7473300000001473,-0.7079605000001266
2021-09-14 13:00:00,2721.840523,2721.170182,2721.093195,-0.6703410000000076,-0.7473279999999249,-0.7088344999999663
2021-09-14 13:15:00,2721.840134,2721.168042,2721.09082,-0.6720920000002479,-0.7493140000001404,-0.7107030000001942
2021-09-14 13:45:00,2721.841496,2721.169396,2721.092407,-0.6721000000002277,-0.7490889999999126,-0.7105945000000702
2021-09-14 14:00:00,2721.84208,2721.169589,2721.09299,-0.672490999999809,-0.7490899999997964,-0.7107904999998027
2021-09-14 14:15:00,2721.843829,2721.169979,2721.094742,-0.6738500000001295,-0.7490869999996903,-0.7114684999999099
2021-09-14 14:30:00,2721.839747,2721.167126,2721.093236,-0.6726210000001629,-0.7465109999998276,-0.7095659999999953
2021-09-14 14:45:00,2721.84208,2721.16985,2721.093582,-0.6722299999996721,-0.7484979999999268,-0.7103639999997995
2021-09-14 15:00:00,2721.840913,2721.172574,2721.095794,-0.6683389999998326,-0.7451190000001588,-0.7067289999999957
2021-09-14 15:15:00,2721.839554,2721.166932,2721.094793,-0.6726220000000467,-0.7447609999999258,-0.7086914999999863
2021-09-14 15:30:00,2721.842666,2721.170436,2721.094167,-0.6722300000001269,-0.7484989999998106,-0.7103644999999688
2021-09-14 15:45:00,2721.84033,2721.171019,2721.094752,-0.669311000000107,-0.7455780000000232,-0.7074445000000651
2021-09-14 16:00:00,2721.839554,2721.170833,2721.094554,-0.668721000000005,-0.7450000000003456,-0.7068605000001753
2021-09-14 16:15:00,2721.838777,2721.168306,2721.091554,-0.6704709999999068,-0.747222999999849,-0.7088469999998779
2021-09-14 16:30:00,2721.841496,2721.169276,2721.094641,-0.6722199999999248,-0.7468549999998686,-0.7095374999998967
2021-09-14 16:45:00,2721.841496,2721.172835,2721.092997,-0.6686610000001565,-0.7484989999998106,-0.7085799999999836
2021-09-14 17:00:00,2721.84072,2721.171667,2721.096324,-0.6690530000000763,-0.7443960000000516,-0.7067245000000639
2021-09-14 17:15:00,2721.840917,2721.170446,2721.094876,-0.6704709999999068,-0.7460409999998774,-0.7082559999998921
2021-09-14 17:45:00,2721.84208,2721.170249,2721.09358,-0.6718310000001111,-0.7484999999996944,-0.7101654999999027
2021-09-14 18:30:00,2721.839747,2721.171415,2721.092289,-0.6683320000001913,-0.7474579999998241,-0.7078950000000077
2021-09-14 19:15:00,2721.842663,2721.170831,2721.094165,-0.6718319999999949,-0.7484979999999268,-0.7101649999999609
2021-09-14 19:30:00,2721.842083,2721.170109,2721.09194,-0.6719739999998637,-0.7501430000002074,-0.7110585000000356
2021-09-14 19:45:00,2721.842666,2721.168683,2721.092417,-0.6739830000001348,-0.7502490000001671,-0.712116000000151
2021-09-14 20:00:00,2721.842276,2721.170043,2721.091319,-0.6722329999997783,-0.7509569999997439,-0.7115949999997611
2021-09-14 20:30:00,2721.842663,2721.171211,2721.092413,-0.6714520000000448,-0.7502500000000509,-0.7108510000000479
2021-09-14 20:45:00,2721.841496,2721.169002,2721.094627,-0.6724939999999151,-0.7468690000000606,-0.7096814999999879
2021-09-14 21:00:00,2721.842269,2721.172897,2721.091312,-0.6693720000002941,-0.7509570000001986,-0.7101645000002463
2021-09-14 21:30:00,2721.84033,2721.170304,2721.091122,-0.6700259999997797,-0.7492080000001806,-0.7096169999999802
2021-09-14 22:00:00,2721.842663,2721.171539,2721.091705,-0.6711239999999634,-0.7509580000000824,-0.7110410000000229
2021-09-14 22:15:00,2721.84208,2721.168425,2721.09183,-0.6736550000000534,-0.7502500000000509,-0.7119525000000522
2021-09-14 22:30:00,2721.843246,2721.169592,2721.089829,-0.6736539999997149,-0.7534169999998994,-0.7135354999998071
2021-09-14 23:00:00,2721.843632,2721.169718,2721.09432,-0.6739139999999679,-0.749311999999918,-0.711612999999943
2021-09-14 23:15:00,2721.844019,2721.170364,2721.093062,-0.6736550000000534,-0.7509570000001986,-0.712306000000126
2021-09-15 00:30:00,2721.844412,2721.171148,2721.088538,-0.6732640000000174,-0.7558739999999489,-0.7145689999999831
2021-09-15 00:45:00,2721.843829,2721.170565,2721.087955,-0.6732640000000174,-0.7558739999999489,-0.7145689999999831
2021-09-15 01:15:00,2721.843246,2721.171471,2721.087492,-0.6717749999997977,-0.7557539999997971,-0.7137644999997974
2021-09-15 01:30:00,2721.842663,2721.169007,2721.085159,-0.6736559999999372,-0.7575039999996989,-0.715579999999818
2021-09-15 01:45:00,2721.84208,2721.168164,2721.083866,-0.6739159999997355,-0.7582139999999526,-0.7160649999998441
2021-09-15 02:00:00,2721.843246,2721.16784,2721.0882,-0.675405999999839,-0.7550459999997656,-0.7152259999998023
2021-09-15 02:15:00,2721.841496,2721.167841,2721.082348,-0.6736550000000534,-0.7591480000000956,-0.7164015000000745
2021-09-15 02:30:00,2721.842466,2721.16842,2721.084253,-0.6740460000000894,-0.7582130000000689,-0.7161295000000791
2021-09-15 02:45:00,2721.843246,2721.16861,2721.086902,-0.6746359999997367,-0.7563439999998991,-0.7154899999998179
2021-09-15 03:00:00,2721.841496,2721.170752,2721.086193,-0.6707440000000133,-0.7553029999999126,-0.713023499999963
2021-09-15 03:15:00,2721.843436,2721.16764,2721.086973,-0.6757959999999912,-0.7564630000001671,-0.7161295000000791
2021-09-15 03:30:00,2721.841883,2721.167838,2721.083197,-0.6740450000002056,-0.7586860000001252,-0.7163655000001654
2021-09-15 03:45:00,2721.843436,2721.16738,2721.08475,-0.6760560000002442,-0.7586860000001252,-0.7173710000001847
2021-09-15 04:00:00,2721.843829,2721.166023,2721.083393,-0.6778059999996913,-0.760436000000027,-0.7191209999998591
2021-09-15 04:15:00,2721.844412,2721.166607,2721.086648,-0.6778049999998075,-0.7577639999999519,-0.7177844999998797
2021-09-15 04:30:00,2721.845578,2721.168034,2721.086774,-0.6775440000001254,-0.7588040000000547,-0.71817400000009
2021-09-15 05:00:00,2721.843829,2721.168163,2721.084314,-0.675666000000092,-0.7595149999997375,-0.7175904999999148
2021-09-15 05:15:00,2721.844412,2721.168357,2721.084898,-0.6760549999999057,-0.7595139999998537,-0.7177844999998797
2021-09-15 05:30:00,2721.843246,2721.167581,2721.086189,-0.6756649999997535,-0.7570569999998042,-0.7163609999997789
2021-09-15 05:45:00,2721.844415,2721.16544,2721.085716,-0.6789749999998094,-0.7586989999999787,-0.718836999999894
2021-09-15 06:15:00,2721.844415,2721.168621,2721.088175,-0.6757940000002236,-0.7562400000001617,-0.7160170000001926
2021-09-15 06:30:00,2721.846165,2721.170504,2721.089111,-0.6756609999997636,-0.7570540000001529,-0.7163574999999582
2021-09-15 07:00:00,2721.845775,2721.172255,2721.088721,-0.6735199999998258,-0.7570539999996981,-0.715286999999762
2021-09-15 07:45:00,2721.844995,2721.169724,2721.083261,-0.6752710000000661,-0.7617339999997057,-0.7185024999998859
2021-09-15 08:00:00,2721.844605,2721.171085,2721.08533,-0.6735199999998258,-0.7592749999998887,-0.7163974999998572
2021-09-15 08:15:00,2721.845385,2721.168944,2721.082951,-0.676441000000068,-0.7624340000002121,-0.7194375000001401
2021-09-15 09:00:00,2721.843246,2721.167584,2721.083731,-0.6756620000001021,-0.7595149999997375,-0.7175884999999198
2021-09-15 09:30:00,2721.842856,2721.169336,2721.083341,-0.6735200000002806,-0.7595150000001922,-0.7165175000002364
2021-09-15 09:45:00,2721.843826,2721.166415,2721.08327,-0.6774109999996654,-0.760555999999724,-0.7189834999996947
2021-09-15 10:00:00,2721.843632,2721.168362,2721.082368,-0.6752700000001823,-0.7612640000002102,-0.7182670000001963
2021-09-15 10:15:00,2721.843246,2721.167585,2721.079523,-0.6756609999997636,-0.7637230000000272,-0.7196919999998954
2021-09-15 10:30:00,2721.845578,2721.166029,2721.080106,-0.6795489999999518,-0.7654720000000452,-0.7225104999999985
2021-09-15 10:45:00,2721.843829,2721.17031,2721.082564,-0.673518999999942,-0.761265000000094,-0.717392000000018
2021-09-15 11:00:00,2721.846745,2721.169336,2721.079629,-0.6774089999998978,-0.7671159999999873,-0.7222624999999425
2021-09-15 11:15:00,2721.843246,2721.169727,2721.082087,-0.673518999999942,-0.7611590000001343,-0.7173390000000381
2021-09-15 11:30:00,2721.844412,2721.167261,2721.081505,-0.677150999999867,-0.7629069999998137,-0.7200289999998404
2021-09-15 11:45:00,2721.84091,2721.166678,2721.07917,-0.6742319999998472,-0.7617399999999179,-0.7179859999998826
2021-09-15 12:00:00,2721.843049,2721.169208,2721.08131,-0.6738410000002659,-0.7617390000000341,-0.71779000000015
2021-09-15 12:15:00,2721.841496,2721.167584,2721.082101,-0.6739120000002004,-0.7593950000000405,-0.7166535000001204
2021-09-15 12:30:00,2721.844215,2721.168945,2721.08378,-0.6752700000001823,-0.7604350000001432,-0.7178525000001628
2021-09-15 12:45:00,2721.842269,2721.168618,2721.082874,-0.6736510000000635,-0.7593950000000405,-0.716523000000052
2021-09-15 13:00:00,2721.838974,2721.166872,2721.079802,-0.6721019999999953,-0.7591719999995803,-0.7156369999997878
2021-09-15 13:15:00,2721.84033,2721.164208,2721.079883,-0.6761219999998502,-0.7604470000001129,-0.7182844999999816
2021-09-15 13:45:00,2721.84072,2721.16493,2721.082023,-0.6757900000002337,-0.7586970000002111,-0.7172435000002224
2021-09-15 14:00:00,2721.8415,2721.165969,2721.083617,-0.6755309999998644,-0.7578830000002199,-0.7167070000000422
2021-09-15 14:15:00,2721.842666,2721.167135,2721.083504,-0.6755309999998644,-0.7591619999998329,-0.7173464999998487
2021-09-15 14:30:00,2721.841303,2721.165192,2721.082154,-0.6761110000002191,-0.7591489999999794,-0.7176300000000992
2021-09-15 14:45:00,2721.8415,2721.167009,2721.086561,-0.6744910000002164,-0.7549389999999221,-0.7147150000000693
2021-09-15 15:00:00,2721.842666,2721.166425,2721.083624,-0.6762410000001182,-0.7590420000001359,-0.717641500000127
2021-09-15 15:15:00,2721.841883,2721.167203,2721.08226,-0.6746800000000803,-0.7596229999999196,-0.7171514999999999
2021-09-15 15:30:00,2721.840907,2721.166805,2721.080576,-0.674101999999948,-0.760330999999951,-0.7172164999999495
2021-09-15 15:45:00,2721.83974,2721.16564,2721.082341,-0.6740999999997257,-0.7573990000000776,-0.7157494999999017
2021-09-15 16:00:00,2721.842656,2721.168946,2721.081391,-0.6737100000000282,-0.7612649999996393,-0.7174874999998337
2021-09-15 16:15:00,2721.84188,2721.165638,2721.081087,-0.676242000000002,-0.7607929999999214,-0.7185174999999617
2021-09-15 16:30:00,2721.841103,2721.167261,2721.081352,-0.6738420000001497,-0.7597510000000511,-0.7167965000001004
2021-09-15 16:45:00,2721.841296,2721.165445,2721.079795,-0.675850999999966,-0.7615009999999529,-0.7186759999999595
2021-09-15 17:00:00,2721.842076,2721.166225,2721.080575,-0.675850999999966,-0.7615009999999529,-0.7186759999999595
2021-09-15 17:30:00,2721.843436,2721.165444,2721.080185,-0.6779919999999038,-0.7632510000003094,-0.7206215000001066
2021-09-15 17:45:00,2721.840907,2721.164664,2721.081863,-0.6762429999998858,-0.7590439999999035,-0.7176434999998946
2021-09-15 18:00:00,2721.840907,2721.164664,2721.081389,-0.6762429999998858,-0.7595179999998436,-0.7178804999998647
2021-09-15 18:30:00,2721.842656,2721.164274,2721.083034,-0.6783819999996012,-0.759621999999581,-0.7190019999995911
2021-09-15 18:45:00,2721.842073,2721.163689,2721.080807,-0.6783839999998236,-0.7612659999999778,-0.7198249999999007
2021-09-15 19:00:00,2721.840907,2721.162522,2721.081283,-0.6783849999997074,-0.7596239999998033,-0.7190044999997554
2021-09-15 19:30:00,2721.84169,2721.166156,2721.079252,-0.6755340000004253,-0.762438000000202,-0.7189860000003137
2021-09-15 19:45:00,2721.842083,2721.16623,2721.078832,-0.6758530000001883,-0.7632509999998547,-0.7195520000000215
2021-09-15 20:00:00,2721.842666,2721.164672,2721.076483,-0.6779940000001261,-0.7661830000001828,-0.7220885000001545
2021-09-15 20:15:00,2721.843832,2721.16623,2721.07765,-0.6776020000002063,-0.7661819999998443,-0.7218920000000253
2021-09-15 20:30:00,2721.844026,2721.166161,2721.079486,-0.6778650000001107,-0.7645400000001246,-0.7212025000001177
2021-09-15 20:45:00,2721.843832,2721.166939,2721.080113,-0.6768929999998363,-0.7637190000000373,-0.7203059999999368
2021-09-15 21:00:00,2721.842666,2721.165642,2721.078946,-0.677024000000074,-0.7637199999999211,-0.7203719999999976
2021-09-15 21:15:00,2721.842083,2721.166548,2721.080821,-0.6755349999998543,-0.7612619999999879,-0.7183984999999211
2021-09-15 21:30:00,2721.840917,2721.165771,2721.076487,-0.6751460000000407,-0.7644300000001749,-0.7197880000001078
2021-09-15 22:15:00,2721.842666,2721.165381,2721.078117,-0.6772850000002109,-0.7645489999999882,-0.7209170000000995
2021-09-15 22:30:00,2721.843249,2721.165705,2721.077991,-0.6775440000001254,-0.7652579999999034,-0.7214010000000144
2021-09-15 22:45:00,2721.844415,2721.167521,2721.078237,-0.6768940000001749,-0.7661779999998544,-0.7215360000000146
2021-09-15 23:15:00,2721.843639,2721.164213,2721.075816,-0.6794260000001486,-0.7678230000001349,-0.7236245000001418
2021-09-15 23:30:00,2721.843249,2721.167134,2721.078346,-0.676115000000209,-0.7649030000002313,-0.7205090000002201
2021-09-15 23:45:00,2721.844415,2721.168562,2721.075065,-0.6758530000001883,-0.7693500000000313,-0.7226015000001098
2021-09-16 00:00:00,2721.843832,2721.167978,2721.074013,-0.6758540000000721,-0.7698190000000977,-0.7228365000000849
2021-09-16 00:15:00,2721.843249,2721.165254,2721.076357,-0.6779950000000099,-0.766892000000098,-0.722443500000054
2021-09-16 00:30:00,2721.840333,2721.166228,2721.078123,-0.6741050000000541,-0.7622100000003229,-0.7181575000001885
2021-09-16 00:45:00,2721.843836,2721.16681,2721.074023,-0.6770259999998416,-0.7698129999998855,-0.7234194999998635
2021-09-16 01:00:00,2721.843249,2721.165643,2721.074607,-0.6776060000001962,-0.7686419999999998,-0.723124000000098
2021-09-16 01:15:00,2721.842666,2721.16428,2721.076247,-0.6783860000000459,-0.7664190000000417,-0.7224025000000438
2021-09-16 01:45:00,2721.844999,2721.164863,2721.075188,-0.6801359999999477,-0.7698110000001179,-0.7249735000000328
2021-09-16 02:45:00,2721.845385,2721.165641,2721.076282,-0.6797440000000279,-0.7691030000000865,-0.7244235000000572
2021-09-16 03:00:00,2721.843439,2721.167193,2721.075378,-0.6762459999999919,-0.7680610000002162,-0.722153500000104
2021-09-16 03:15:00,2721.844415,2721.16499,2721.072266,-0.6794249999998101,-0.7721489999998994,-0.7257869999998547
2021-09-16 03:30:00,2721.844802,2721.165766,2721.07499,-0.6790359999999964,-0.7698120000000017,-0.7244239999999991
2021-09-16 03:45:00,2721.843826,2721.16466,2721.071676,-0.6791659999998956,-0.7721499999997832,-0.7256579999998394
2021-09-16 04:00:00,2721.844409,2721.165244,2721.075427,-0.6791650000000118,-0.7689819999995962,-0.724073499999804
2021-09-16 04:15:00,2721.844992,2721.165827,2721.076009,-0.6791650000000118,-0.7689829999999347,-0.7240739999999732
2021-09-16 04:30:00,2721.844409,2721.165244,2721.074718,-0.6791650000000118,-0.7696909999999662,-0.724427999999989
2021-09-16 04:45:00,2721.845575,2721.16466,2721.074134,-0.6809149999999136,-0.7714409999998679,-0.7261779999998907
2021-09-16 05:15:00,2721.845575,2721.16427,2721.073426,-0.681304999999611,-0.7721489999998994,-0.7267269999997552
2021-09-16 06:00:00,2721.843826,2721.16466,2721.074842,-0.6791659999998956,-0.7689839999998185,-0.724074999999857
2021-09-16 06:30:00,2721.843053,2721.165767,2721.074282,-0.6772860000000946,-0.7687710000000152,-0.7230285000000549
2021-09-16 07:00:00,2721.845575,2721.16615,2721.077041,-0.6794249999998101,-0.7685339999998178,-0.7239794999998139
2021-09-16 07:15:00,2721.846355,2721.166612,2721.076071,-0.6797430000001441,-0.7702840000001743,-0.7250135000001592
2021-09-16 07:45:00,2721.845585,2721.164671,2721.075067,-0.6809140000000298,-0.7705179999998109,-0.7257159999999203
2021-09-16 08:00:00,2721.843832,2721.163698,2721.072839,-0.6801340000001801,-0.7709930000000895,-0.7255635000001348
2021-09-16 08:15:00,2721.842666,2721.162531,2721.074024,-0.6801350000000639,-0.7686419999999998,-0.7243885000000319
2021-09-16 09:15:00,2721.845195,2721.161881,2721.072456,-0.6833139999998821,-0.7727390000000014,-0.7280264999999417
2021-09-16 09:30:00,2721.843832,2721.162658,2721.072843,-0.6811739999998281,-0.7709890000000996,-0.7260814999999639
2021-09-16 09:45:00,2721.843832,2721.163049,2721.07426,-0.6807830000002468,-0.7695720000001529,-0.7251775000001999
2021-09-16 10:00:00,2721.842083,2721.158767,2721.069342,-0.6833160000001044,-0.7727410000002237,-0.7280285000001641
2021-09-16 10:15:00,2721.840917,2721.159351,2721.07157,-0.6815660000002026,-0.7693469999999252,-0.7254565000000639
2021-09-16 10:30:00,2721.839167,2721.160132,2721.070634,-0.6790350000001126,-0.768532999999934,-0.7237840000000233
2021-09-16 10:45:00,2721.842083,2721.160909,2721.073445,-0.6811739999998281,-0.7686380000000099,-0.724905999999919
2021-09-16 11:00:00,2721.842666,2721.161492,2721.072384,-0.6811739999998281,-0.770281999999952,-0.72572799999989
2021-09-16 11:15:00,2721.84208,2721.162336,2721.075896,-0.6797440000000279,-0.7661840000000666,-0.7229640000000472
2021-09-16 11:30:00,2721.844415,2721.161362,2721.072145,-0.6830530000002,-0.772269999999935,-0.7276615000000675
2021-09-16 11:45:00,2721.843636,2721.160322,2721.072536,-0.6833139999998821,-0.7710999999999331,-0.7272069999999076
2021-09-16 12:15:00,2721.841886,2721.160712,2721.075702,-0.6811740000002828,-0.7661840000000666,-0.7236790000001747
2021-09-16 12:30:00,2721.842076,2721.160773,2721.075999,-0.6813029999998435,-0.7660769999997683,-0.7236899999998059
2021-09-16 12:45:00,2721.84169,2721.162527,2721.073861,-0.6791630000002442,-0.7678290000003472,-0.7234960000002957
2021-09-16 13:00:00,2721.841886,2721.160973,2721.076991,-0.680913000000146,-0.7648950000002515,-0.7229040000001987
2021-09-16 13:15:00,2721.843826,2721.161163,2721.076472,-0.682662999999593,-0.7673539999996137,-0.7250084999996034
2021-09-16 13:30:00,2721.838574,2721.16019,2721.075889,-0.6783839999998236,-0.7626849999996921,-0.7205344999997578
2021-09-16 13:45:00,2721.84149,2721.159215,2721.077764,-0.6822749999996631,-0.7637259999996786,-0.7230004999996709
2021-09-16 14:00:00,2721.842656,2721.159023,2721.078932,-0.6836329999996451,-0.763723999999911,-0.7236784999997781
2021-09-16 14:15:00,2721.84188,2721.160254,2721.080613,-0.6816260000000511,-0.7612669999998616,-0.7214464999999564
2021-09-16 14:30:00,2721.840327,2721.160192,2721.079654,-0.6801350000000639,-0.7606729999997697,-0.7204039999999168
2021-09-16 14:45:00,2721.840327,2721.160841,2721.081284,-0.6794859999999971,-0.7590430000000197,-0.7192645000000084
2021-09-16 15:00:00,2721.84091,2721.159993,2721.077779,-0.6809169999996811,-0.7631309999997029,-0.722023999999692
2021-09-16 15:30:00,2721.8415,2721.159864,2721.081415,-0.6816359999997985,-0.76008499999989,-0.7208604999998443
2021-09-16 15:45:00,2721.842083,2721.159797,2721.084458,-0.6822860000002038,-0.7576250000001892,-0.7199555000001965
2021-09-16 16:00:00,2721.8415,2721.162004,2721.083873,-0.6794960000001993,-0.7576269999999568,-0.718561500000078
2021-09-16 16:15:00,2721.842666,2721.163561,2721.080939,-0.6791050000001633,-0.7617270000000644,-0.7204160000001139
2021-09-16 16:30:00,2721.843056,2721.161421,2721.081329,-0.6816350000003695,-0.7617270000000644,-0.721681000000217
2021-09-16 16:45:00,2721.842863,2721.161617,2721.082778,-0.6812459999996463,-0.76008499999989,-0.7206654999997681
2021-09-16 17:00:00,2721.840917,2721.157529,2721.079896,-0.6833879999999226,-0.7610209999998006,-0.7222044999998616
2021-09-16 17:15:00,2721.842076,2721.161421,2721.080831,-0.6806550000001153,-0.7612449999996898,-0.7209499999999025
2021-09-16 17:45:00,2721.843242,2721.160446,2721.08129,-0.682796000000053,-0.7619519999998374,-0.7223739999999452
2021-09-16 18:00:00,2721.841493,2721.160446,2721.078831,-0.681047000000035,-0.7626620000000912,-0.7218545000000631
2021-09-16 18:15:00,2721.842076,2721.161158,2721.081753,-0.6809180000000197,-0.7603229999999712,-0.7206204999999954
2021-09-16 18:30:00,2721.841493,2721.160575,2721.0807,-0.6809180000000197,-0.7607929999999214,-0.7208554999999706
2021-09-16 18:45:00,2721.840327,2721.160449,2721.081992,-0.6798779999999169,-0.7583349999999882,-0.7191064999999526
2021-09-16 19:00:00,2721.841686,2721.159018,2721.081601,-0.6826680000003762,-0.7600850000003447,-0.7213765000003605
2021-09-16 19:15:00,2721.842656,2721.158888,2721.080112,-0.6837679999998727,-0.762543999999707,-0.7231559999997899
2021-09-16 19:30:00,2721.842073,2721.158305,2721.078821,-0.6837679999998727,-0.7632519999997385,-0.7235099999998056
2021-09-16 19:45:00,2721.84052,2721.158632,2721.079727,-0.6818880000000718,-0.7607930000003762,-0.721340500000224
2021-09-16 20:00:00,2721.840333,2721.161557,2721.07954,-0.6787760000001981,-0.7607929999999214,-0.7197845000000598
2021-09-16 20:15:00,2721.842083,2721.159025,2721.07708,-0.6830580000000737,-0.7650029999999788,-0.7240305000000262
2021-09-16 20:30:00,2721.840917,2721.161879,2721.077664,-0.679037999999764,-0.763253000000077,-0.7211454999999205
2021-09-16 20:45:00,2721.841693,2721.160514,2721.07726,-0.6811789999997018,-0.7644329999998263,-0.722805999999764
2021-09-16 21:00:00,2721.840913,2721.159734,2721.075902,-0.6811790000001565,-0.7650109999999586,-0.7230950000000576
2021-09-16 21:15:00,2721.842276,2721.159608,2721.073638,-0.6826679999999214,-0.7686380000000099,-0.7256529999999657
2021-09-16 21:30:00,2721.841496,2721.158567,2721.076946,-0.6829290000000583,-0.7645499999998719,-0.7237394999999651
2021-09-16 21:45:00,2721.844995,2721.160318,2721.076237,-0.6846769999997377,-0.768757999999707,-0.7267174999997223
2021-09-16 22:15:00,2721.841496,2721.160317,2721.074608,-0.6811790000001565,-0.7668880000001081,-0.7240335000001323
2021-09-16 22:30:00,2721.841886,2721.158567,2721.073246,-0.6833190000002105,-0.7686400000002322,-0.7259795000002214
2021-09-16 22:45:00,2721.842276,2721.161097,2721.076096,-0.6811789999997018,-0.7661800000000767,-0.7236794999998892
2021-09-16 23:00:00,2721.839747,2721.160317,2721.075317,-0.6794300000001385,-0.7644300000001749,-0.7219300000001567
2021-09-16 23:15:00,2721.842663,2721.161484,2721.076482,-0.6811789999997018,-0.7661809999999605,-0.7236799999998311
2021-09-17 00:00:00,2721.843822,2721.159475,2721.073316,-0.6843469999998888,-0.7705059999998412,-0.727426499999865
2021-09-17 00:15:00,2721.842269,2721.159671,2721.071763,-0.6825980000003256,-0.7705060000002959,-0.7265520000003107
2021-09-17 00:30:00,2721.840337,2721.158898,2721.071697,-0.6814389999999548,-0.7686400000002322,-0.7250395000000935
2021-09-17 01:00:00,2721.843246,2721.160648,2721.072145,-0.6825979999998708,-0.7711009999998168,-0.7268494999998438
2021-09-17 01:15:00,2721.843632,2721.159284,2721.072532,-0.6843480000002273,-0.7710999999999331,-0.7277240000000802
2021-09-17 01:30:00,2721.845768,2721.159281,2721.074669,-0.6864869999999428,-0.7710990000000493,-0.728792999999996
2021-09-17 01:45:00,2721.844412,2721.160064,2721.073311,-0.6843479999997726,-0.7711009999998168,-0.7277244999997947
2021-09-17 02:00:00,2721.844995,2721.156757,2721.072853,-0.6882379999997283,-0.7721419999998034,-0.7301899999997659
2021-09-17 02:30:00,2721.845192,2721.159082,2721.072107,-0.6861100000000988,-0.7730850000002647,-0.7295975000001818
2021-09-17 02:45:00,2721.843246,2721.158495,2721.07191,-0.6847509999997783,-0.771335999999792,-0.7280434999997851
2021-09-17 03:15:00,2721.843246,2721.158885,2721.074368,-0.6843610000000808,-0.7688779999998587,-0.7266194999999698
2021-09-17 03:30:00,2721.843636,2721.158885,2721.077111,-0.684751000000233,-0.7665250000000015,-0.7256380000001172
2021-09-17 03:45:00,2721.844415,2721.160056,2721.075539,-0.6843589999998585,-0.7688760000000912,-0.7266174999999748
2021-09-17 04:00:00,2721.844415,2721.160055,2721.073788,-0.684360000000197,-0.7706269999998767,-0.7274935000000369
2021-09-17 04:15:00,2721.843246,2721.157915,2721.076956,-0.6853310000001329,-0.7662900000000263,-0.7258105000000796
2021-09-17 04:30:00,2721.844999,2721.160249,2721.074372,-0.6847499999998945,-0.7706269999998767,-0.7276884999998856
2021-09-17 04:45:00,2721.847331,2721.162972,2721.076705,-0.6843589999998585,-0.7706259999999929,-0.7274924999999257
2021-09-17 05:00:00,2721.844609,2721.159989,2721.075626,-0.6846199999999953,-0.7689830000003894,-0.7268015000001924
2021-09-17 05:15:00,2721.846165,2721.158624,2721.075419,-0.6875409999997828,-0.7707460000001447,-0.7291434999999638
2021-09-17 05:30:00,2721.846941,2721.159402,2721.075486,-0.6875390000000152,-0.7714549999996052,-0.7294969999998102
2021-09-17 05:45:00,2721.844995,2721.160767,2721.072831,-0.6842280000000756,-0.7721639999999752,-0.7281960000000254
2021-09-17 06:00:00,2721.846745,2721.160377,2721.075291,-0.6863679999996748,-0.7714539999997214,-0.7289109999996981
2021-09-17 06:15:00,2721.845775,2721.159407,2721.074321,-0.6863679999996748,-0.7714539999997214,-0.7289109999996981
2021-09-17 06:30:00,2721.846751,2721.158634,2721.071554,-0.6881170000001475,-0.7751969999999346,-0.7316570000000411
2021-09-17 06:45:00,2721.847911,2721.160514,2721.069804,-0.6873969999996916,-0.7781069999996362,-0.7327519999996639
2021-09-17 07:00:00,2721.848494,2721.161098,2721.07308,-0.6873959999998078,-0.7754139999997278,-0.7314049999997678
2021-09-17 07:15:00,2721.845772,2721.159863,2721.073042,-0.6859090000002652,-0.7727300000001378,-0.7293195000002015
2021-09-17 07:30:00,2721.847324,2721.159666,2721.073553,-0.6876579999998285,-0.7737709999996696,-0.730714499999749
2021-09-17 07:45:00,2721.847521,2721.162264,2721.071164,-0.6852570000000924,-0.7763570000001891,-0.7308070000001408
2021-09-17 08:00:00,2721.844992,2721.159344,2721.072722,-0.6856479999996736,-0.772269999999935,-0.7289589999998043
2021-09-17 08:15:00,2721.844605,2721.159089,2721.072569,-0.6855159999995522,-0.7720359999998436,-0.7287759999996979
2021-09-17 08:30:00,2721.846551,2721.157146,2721.071952,-0.6894050000000789,-0.7745990000003076,-0.7320020000001932
2021-09-17 08:45:00,2721.845772,2721.158506,2721.069994,-0.6872659999999087,-0.775778000000173,-0.7315220000000409
2021-09-17 09:00:00,2721.842276,2721.156498,2721.069425,-0.6857780000000275,-0.7728509999997186,-0.7293144999998731
2021-09-17 09:15:00,2721.843832,2721.155134,2721.066883,-0.6886979999999312,-0.7769490000000587,-0.732823499999995
2021-09-17 09:30:00,2721.844999,2721.158442,2721.070402,-0.6865569999999934,-0.7745970000000852,-0.7305770000000393
2021-09-17 09:45:00,2721.844609,2721.157661,2721.06883,-0.6869480000000294,-0.7757790000000568,-0.7313635000000431
2021-09-17 10:00:00,2721.841303,2721.154354,2721.064353,-0.686949000000368,-0.7769499999999425,-0.7319495000001552
2021-09-17 10:15:00,2721.842666,2721.155387,2721.06736,-0.6872790000002169,-0.7753060000000005,-0.7312925000001087
2021-09-17 10:30:00,2721.842666,2721.155388,2721.066887,-0.6872779999998784,-0.7757790000000568,-0.7315284999999676
2021-09-17 10:45:00,2721.844026,2721.156877,2721.067205,-0.6871490000003178,-0.7768210000003819,-0.7319850000003498
2021-09-17 11:00:00,2721.845968,2721.157331,2721.069148,-0.6886370000001989,-0.7768200000000434,-0.7327285000001211
2021-09-17 11:15:00,2721.844415,2721.157138,2721.069345,-0.6872769999999946,-0.7750700000001416,-0.7311735000000681
2021-09-17 11:30:00,2721.843442,2721.156165,2721.065913,-0.6872769999999946,-0.7775289999999586,-0.7324029999999766
2021-09-17 11:45:00,2721.84072,2721.153511,2721.071486,-0.6872090000001663,-0.7692340000003242,-0.7282215000002452
2021-09-17 12:15:00,2721.843246,2721.15786,2721.073198,-0.6853860000001077,-0.7700479999998606,-0.7277169999999842
2021-09-17 12:30:00,2721.840137,2721.15436,2721.072667,-0.6857770000001437,-0.7674700000002304,-0.726623500000187
2021-09-17 12:45:00,2721.842276,2721.155011,2721.070599,-0.6872650000000249,-0.7716769999997268,-0.7294709999998759
2021-09-17 13:00:00,2721.841886,2721.15222,2721.068565,-0.6896660000002157,-0.7733210000001236,-0.7314935000001697
2021-09-17 13:15:00,2721.8415,2721.153582,2721.070636,-0.6879180000000815,-0.7708640000000742,-0.7293910000000778
2021-09-17 13:30:00,2721.843249,2721.155984,2721.072388,-0.6872650000000249,-0.770860999999968,-0.7290629999999965
2021-09-17 13:45:00,2721.844802,2721.155396,2721.072191,-0.6894059999999627,-0.7726109999998698,-0.7310084999999162
2021-09-17 14:00:00,2721.843826,2721.15403,2721.075423,-0.6897959999996601,-0.7684030000000348,-0.7290994999998475
2021-09-17 14:15:00,2721.845575,2721.156819,2721.070975,-0.6887560000000121,-0.7745999999997366,-0.7316779999998744
2021-09-17 14:30:00,2721.844022,2721.155265,2721.071172,-0.6887570000003507,-0.7728500000002896,-0.7308035000003201
2021-09-17 14:45:00,2721.841496,2721.153519,2721.07063,-0.6879770000000462,-0.7708659999998417,-0.729421499999944
2021-09-17 15:00:00,2721.842466,2721.15423,2721.073243,-0.6882359999999608,-0.7692230000002382,-0.7287295000000995
2021-09-17 15:15:00,2721.844405,2721.155388,2721.075183,-0.6890169999996942,-0.7692219999998997,-0.729119499999797
2021-09-17 15:30:00,2721.844405,2721.154998,2721.074248,-0.6894069999998464,-0.7701569999999265,-0.7297819999998865
2021-09-17 15:45:00,2721.842656,2721.155388,2721.078351,-0.6872679999996762,-0.7643049999996947,-0.7257864999996855
2021-09-17 16:15:00,2721.844992,2721.154413,2721.079517,-0.6905789999996159,-0.7654749999996966,-0.7280269999996563
2021-09-17 16:30:00,2721.842656,2721.154288,2721.079995,-0.6883679999996275,-0.7626609999997527,-0.7255144999996901
2021-09-17 16:45:00,2721.843826,2721.156428,2721.082453,-0.6873980000000302,-0.7613729999998213,-0.7243854999999257
2021-09-17 17:00:00,2721.843239,2721.156752,2721.078934,-0.6864869999999428,-0.7643049999996947,-0.7253959999998187
2021-09-17 17:15:00,2721.844605,2721.15734,2721.081483,-0.6872649999995701,-0.7631219999998393,-0.7251934999997047
2021-09-17 17:30:00,2721.843053,2721.155395,2721.075119,-0.6876579999998285,-0.7679339999999684,-0.7277959999998984
2021-09-17 18:00:00,2721.842269,2721.156041,2721.077964,-0.6862280000000283,-0.7643050000001494,-0.7252665000000889
2021-09-17 18:15:00,2721.840913,2721.154683,2721.076607,-0.6862299999997958,-0.7643060000000332,-0.7252679999999145
2021-09-17 18:30:00,2721.840333,2721.152674,2721.075792,-0.687659000000167,-0.7645410000000084,-0.7261000000000877
2021-09-17 18:45:00,2721.843249,2721.154232,2721.074739,-0.689017000000149,-0.7685099999998783,-0.7287635000000137
2021-09-17 19:00:00,2721.842666,2721.155007,2721.078833,-0.687659000000167,-0.7638329999999769,-0.725746000000072
2021-09-17 19:15:00,2721.843832,2721.154814,2721.075323,-0.6890180000000328,-0.7685089999999946,-0.7287635000000137
2021-09-17 19:30:00,2721.840917,2721.155397,2721.075906,-0.6855199999999968,-0.7650109999999586,-0.7252654999999777
2021-09-17 19:45:00,2721.842276,2721.156757,2721.076437,-0.6855189999996583,-0.7658389999996871,-0.7256789999996727
2021-09-17 20:00:00,2721.843832,2721.157274,2721.077532,-0.6865579999998772,-0.7663000000002285,-0.7264290000000528
2021-09-17 20:30:00,2721.842666,2721.156106,2721.076827,-0.6865600000000995,-0.7658390000001418,-0.7261995000001207
2021-09-17 20:45:00,2721.842276,2721.156745,2721.074085,-0.6855310000000827,-0.7681909999996606,-0.7268609999998716
2021-09-17 21:00:00,2721.843829,2721.156677,2721.0787,-0.6871519999999691,-0.765128999999888,-0.7261404999999286
2021-09-17 21:15:00,2721.842269,2721.155707,2721.075978,-0.6865620000003219,-0.7662910000003649,-0.7264265000003434
2021-09-17 21:30:00,2721.846941,2721.159342,2721.079823,-0.6875989999998637,-0.7671179999997548,-0.7273584999998093
2021-09-17 21:45:00,2721.844992,2721.156421,2721.08174,-0.6885709999996834,-0.7632519999997385,-0.7259114999997109
2021-09-17 22:00:00,2721.843242,2721.155711,2721.081634,-0.6875310000000354,-0.7616079999997964,-0.7245694999999159
2021-09-17 22:15:00,2721.841496,2721.154674,2721.079759,-0.6868220000001202,-0.7617369999998118,-0.724279499999966
2021-09-17 22:30:00,2721.843829,2721.157398,2721.083271,-0.6864310000000842,-0.7605579999999463,-0.7234945000000153
2021-09-17 22:45:00,2721.846161,2721.155711,2721.081396,-0.6904500000000553,-0.7647649999998976,-0.7276074999999764
2021-09-17 23:00:00,2721.842856,2721.154154,2721.081827,-0.6887020000003758,-0.7610290000002351,-0.7248655000003055
2021-09-17 23:15:00,2721.844799,2721.156228,2721.082021,-0.6885710000001382,-0.7627779999997983,-0.7256744999999682
2021-09-17 23:30:00,2721.846745,2721.156033,2721.083968,-0.6907119999996212,-0.7627769999999146,-0.7267444999997679
2021-09-17 23:45:00,2721.844412,2721.157591,2721.083384,-0.6868209999997816,-0.7610279999998966,-0.7239244999998391
