Date_Time,P2_WSE,P2_gw_left,P2_gw_right,P2_h_left,P2_h_right,P2_h_average
2021-08-12 00:00:00,2723.116387,2722.455665,2722.760545,-0.660722000000078,-0.3558419999999387,-0.5082820000000083
2021-08-12 00:15:00,2723.116576,2722.455855,2722.760302,-0.6607209999997394,-0.3562739999997575,-0.5084974999997485
2021-08-12 00:30:00,2723.117556,2722.459973,2722.759468,-0.6575830000001588,-0.35808799999995244,-0.5078355000000556
2021-08-12 00:45:00,2723.116586,2722.454527,2722.760982,-0.6620590000002267,-0.3556040000003122,-0.5088315000002694
2021-08-12 01:00:00,2723.114251,2722.456353,2722.758651,-0.6578979999999319,-0.3555999999998676,-0.5067489999998998
2021-08-12 01:15:00,2723.114837,2722.455303,2722.759758,-0.6595339999998941,-0.3550789999999324,-0.5073064999999133
2021-08-12 01:30:00,2723.114254,2722.454253,2722.758991,-0.660001000000193,-0.3552629999999226,-0.5076320000000578
2021-08-12 01:45:00,2723.118143,2722.456393,2722.761522,-0.661750000000211,-0.35662100000035934,-0.5091855000002852
2021-08-12 02:00:00,2723.116003,2722.458105,2722.75967,-0.6578979999999319,-0.356333000000177,-0.5071155000000545
2021-08-12 02:15:00,2723.116003,2722.458104,2722.760935,-0.6578990000002705,-0.35506800000030125,-0.5064835000002859
2021-08-12 02:30:00,2723.11542,2722.457802,2722.758655,-0.6576180000001841,-0.3567649999999958,-0.50719150000009
2021-08-12 02:45:00,2723.11717,2722.4578,2722.760405,-0.6593699999998535,-0.3567649999999958,-0.5080674999999246
2021-08-12 03:00:00,2723.117556,2722.45597,2722.760791,-0.6615860000001703,-0.3567649999999958,-0.509175500000083
2021-08-12 03:15:00,2723.11658,2722.457209,2722.760341,-0.6593709999997373,-0.3562389999997322,-0.5078049999997347
2021-08-12 03:30:00,2723.120079,2722.455726,2722.760004,-0.6643529999996645,-0.3600749999995969,-0.5122139999996307
2021-08-12 03:45:00,2723.118329,2722.457208,2722.761228,-0.6611210000000938,-0.35710100000005696,-0.5091110000000754
2021-08-12 04:15:00,2723.11541,2722.458957,2722.759815,-0.6564530000000559,-0.3555949999999939,-0.5060240000000249
2021-08-12 04:30:00,2723.11658,2722.455301,2722.759325,-0.6612789999999222,-0.3572549999998955,-0.5092669999999089
2021-08-12 05:00:00,2723.117943,2722.456818,2722.760842,-0.6611250000000837,-0.35710100000005696,-0.5091130000000703
2021-08-12 05:15:00,2723.114637,2722.454948,2722.761472,-0.6596890000000712,-0.35316499999998996,-0.5064270000000306
2021-08-12 05:30:00,2723.118329,2722.457204,2722.762731,-0.6611250000000837,-0.3555980000001,-0.5083615000000918
2021-08-12 05:45:00,2723.117943,2722.456816,2722.763361,-0.661127000000306,-0.3545820000003914,-0.5078545000003487
2021-08-12 06:00:00,2723.11717,2722.457793,2722.761571,-0.6593769999999495,-0.3555989999999838,-0.5074879999999666
2021-08-12 06:30:00,2723.117753,2722.458093,2722.762095,-0.6596599999998034,-0.3556579999999485,-0.507658999999876
2021-08-12 07:15:00,2723.117949,2722.459334,2722.761855,-0.658614999999827,-0.3560939999997572,-0.5073544999997921
2021-08-12 07:30:00,2723.118336,2722.45626,2722.761999,-0.66207600000007,-0.3563370000001669,-0.5092065000001185
2021-08-12 07:45:00,2723.120085,2722.455992,2722.760248,-0.6640929999998662,-0.35983699999997043,-0.5119649999999183
2021-08-12 08:00:00,2723.120662,2722.455408,2722.760398,-0.6652540000000045,-0.36026399999991554,-0.51275899999996
2021-08-12 08:30:00,2723.121438,2722.456648,2722.761121,-0.6647900000002664,-0.3603170000001228,-0.5125535000001946
2021-08-12 08:45:00,2723.118139,2722.456258,2722.761465,-0.661880999999994,-0.35667400000011185,-0.5092775000000529
2021-08-12 09:15:00,2723.119695,2722.457814,2722.760385,-0.661880999999994,-0.35930999999982305,-0.5105954999999085
2021-08-12 09:45:00,2723.118326,2722.457033,2722.759078,-0.6612929999996595,-0.3592479999997522,-0.5102704999997059
2021-08-12 10:15:00,2723.120658,2722.45365,2722.758591,-0.6670079999998961,-0.36206700000002456,-0.5145374999999603
2021-08-12 10:30:00,2723.121048,2722.456256,2722.758981,-0.664792000000034,-0.36206700000002456,-0.5134295000000293
2021-08-12 10:45:00,2723.120855,2722.453846,2722.758842,-0.6670090000002347,-0.3620129999999335,-0.5145110000000841
2021-08-12 11:00:00,2723.120658,2722.453649,2722.758065,-0.6670089999997799,-0.3625929999998334,-0.5148009999998067
2021-08-12 11:15:00,2723.120658,2722.451433,2722.757574,-0.669224999999642,-0.36308399999961694,-0.5161544999996295
2021-08-12 11:30:00,2723.118133,2722.452873,2722.758548,-0.6652599999997619,-0.3595850000001519,-0.5124224999999569
2021-08-12 11:45:00,2723.119106,2722.452096,2722.760012,-0.6670100000001185,-0.35909399999991365,-0.513052000000016
2021-08-12 12:00:00,2723.118716,2722.452017,2722.758942,-0.6666989999998805,-0.3597740000000158,-0.5132364999999481
2021-08-12 12:15:00,2723.119495,2722.453067,2722.759515,-0.6664279999999962,-0.3599799999997231,-0.5132039999998597
2021-08-12 12:30:00,2723.11717,2722.452367,2722.758348,-0.6648030000001199,-0.35882200000014564,-0.5118125000001328
2021-08-12 12:45:00,2723.119495,2722.453534,2722.759232,-0.6659609999996974,-0.36026300000003175,-0.5131119999998646
2021-08-12 13:15:00,2723.11717,2722.451904,2722.758308,-0.6652659999999742,-0.35886200000004465,-0.5120640000000094
2021-08-12 13:30:00,2723.117753,2722.449269,2722.758892,-0.6684839999998076,-0.35886100000016086,-0.5136724999999842
2021-08-12 13:45:00,2723.11717,2722.454588,2722.760058,-0.6625819999999294,-0.35711200000014287,-0.5098470000000361
2021-08-12 14:00:00,2723.11717,2722.453657,2722.761566,-0.6635129999999663,-0.3556039999998575,-0.5095584999999119
2021-08-12 14:15:00,2723.11717,2722.452655,2722.760548,-0.6645149999999376,-0.3566219999997884,-0.510568499999863
2021-08-12 14:30:00,2723.119309,2722.454516,2722.760449,-0.6647930000003726,-0.35886000000027707,-0.5118265000003248
2021-08-12 14:45:00,2723.118339,2722.453828,2722.760555,-0.6645109999999477,-0.3577840000002652,-0.5111475000001064
2021-08-12 15:00:00,2723.117753,2722.454878,2722.760404,-0.6628749999999854,-0.35734899999988556,-0.5101119999999355
2021-08-12 15:15:00,2723.118919,2722.454297,2722.758318,-0.6646219999997811,-0.3606009999998605,-0.5126114999998208
2021-08-12 15:30:00,2723.117753,2722.452664,2722.758222,-0.66508900000008,-0.3595310000000609,-0.5123100000000704
2021-08-12 15:45:00,2723.11717,2722.450446,2722.758656,-0.6667240000001584,-0.35851400000001377,-0.5126190000000861
2021-08-12 16:00:00,2723.114837,2722.453562,2722.758072,-0.6612749999999323,-0.3567649999999958,-0.5090199999999641
2021-08-12 16:15:00,2723.118336,2722.453716,2722.759237,-0.6646200000000135,-0.35909899999978734,-0.5118594999999004
2021-08-12 16:30:00,2723.118339,2722.454302,2722.759088,-0.6640370000000075,-0.35925100000031307,-0.5116440000001603
2021-08-12 16:45:00,2723.11678,2722.451696,2722.757681,-0.6650839999997515,-0.35909899999978734,-0.5120914999997694
2021-08-12 17:00:00,2723.11717,2722.454883,2722.760892,-0.6622870000001058,-0.35627800000020216,-0.509282500000154
2021-08-12 17:15:00,2723.117559,2722.456743,2722.761282,-0.6608159999996133,-0.3562769999998636,-0.5085464999997384
2021-08-12 17:45:00,2723.116003,2722.450923,2722.759388,-0.6650800000002164,-0.3566150000001471,-0.5108475000001818
2021-08-12 18:00:00,2723.11639,2722.453371,2722.759626,-0.6630190000000766,-0.356764000000112,-0.5098915000000943
2021-08-12 18:15:00,2723.117163,2722.450914,2722.759382,-0.6662489999998797,-0.35778099999970436,-0.512014999999792
2021-08-12 18:30:00,2723.116576,2722.452231,2722.758795,-0.6643449999996847,-0.35778099999970436,-0.5110629999996945
2021-08-12 19:00:00,2723.11716,2722.4506,2722.759379,-0.666559999999663,-0.35778099999970436,-0.5121704999996837
2021-08-12 19:15:00,2723.114441,2722.452862,2722.759579,-0.6615790000000743,-0.35486200000013923,-0.5082205000001068
2021-08-12 19:30:00,2723.116586,2722.454305,2722.758805,-0.6622809999998935,-0.3577810000001591,-0.5100310000000263
2021-08-12 19:45:00,2723.11717,2722.456059,2722.761571,-0.6611109999998916,-0.3555989999999838,-0.5083549999999377
2021-08-12 20:00:00,2723.116197,2722.45287,2722.759865,-0.6633269999997538,-0.35633199999983844,-0.5098294999997961
2021-08-12 20:15:00,2723.119502,2722.452509,2722.761415,-0.6669929999998203,-0.35808700000006866,-0.5125399999999445
2021-08-12 20:30:00,2723.11678,2722.453752,2722.759426,-0.6630279999999402,-0.35735399999975925,-0.5101909999998497
2021-08-12 20:45:00,2723.114834,2722.452821,2722.759719,-0.6620130000001154,-0.35511499999984153,-0.5085639999999785
2021-08-12 21:00:00,2723.117939,2722.452706,2722.760348,-0.6652330000001712,-0.35759100000041144,-0.5114120000002913
2021-08-12 21:15:00,2723.118336,2722.453414,2722.760309,-0.6649219999999332,-0.35802700000022014,-0.5114745000000767
2021-08-12 21:30:00,2723.113861,2722.450107,2722.758018,-0.6637539999996989,-0.3558429999998225,-0.5097984999997607
2021-08-12 21:45:00,2723.118333,2722.453102,2722.759725,-0.6652309999999488,-0.3586080000000038,-0.5119194999999763
2021-08-12 22:00:00,2723.117166,2722.452708,2722.757824,-0.6644580000001952,-0.359342000000197,-0.5119000000001961
2021-08-12 22:15:00,2723.120665,2722.455462,2722.763566,-0.6652030000000195,-0.35709899999983463,-0.5111509999999271
2021-08-12 22:30:00,2723.120668,2722.453987,2722.761908,-0.6666810000001533,-0.3587600000000748,-0.512720500000114
2021-08-12 22:45:00,2723.120082,2722.452661,2722.761475,-0.667421000000104,-0.35860700000012,-0.513014000000112
2021-08-12 23:00:00,2723.119499,2722.451076,2722.758988,-0.6684230000000753,-0.36051099999986036,-0.5144669999999678
2021-08-12 23:15:00,2723.117749,2722.451074,2722.761909,-0.6666749999999411,-0.35584000000017113,-0.5112575000000561
2021-08-12 23:30:00,2723.118916,2722.45546,2722.761999,-0.6634559999997691,-0.35691700000006676,-0.5101864999999179
2021-08-13 00:00:00,2723.117166,2722.455926,2722.760249,-0.661239999999907,-0.35691700000006676,-0.5090784999999869
2021-08-13 00:15:00,2723.119502,2722.455033,2722.761906,-0.6644689999998263,-0.3575959999998304,-0.5110324999998284
2021-08-13 00:30:00,2723.117749,2722.452075,2722.761849,-0.6656739999998535,-0.35590000000001965,-0.5107869999999366
2021-08-13 00:45:00,2723.118916,2722.455615,2722.762489,-0.6633010000000468,-0.3564269999997123,-0.5098639999998795
2021-08-13 01:15:00,2723.116583,2722.450906,2722.761416,-0.6656769999999597,-0.355167000000165,-0.5104220000000623
2021-08-13 01:45:00,2723.120279,2722.454055,2722.7637,-0.6662240000000565,-0.356579000000238,-0.5114015000001473
2021-08-13 02:00:00,2723.118333,2722.451642,2722.761753,-0.6666909999999007,-0.35657999999966705,-0.5116354999997839
2021-08-13 02:15:00,2723.119499,2722.456505,2722.76292,-0.6629939999997987,-0.35657899999978326,-0.509786499999791
2021-08-13 02:30:00,2723.118719,2722.453196,2722.762819,-0.6655230000001211,-0.35590000000001965,-0.5107115000000704
2021-08-13 02:45:00,2723.120082,2722.454868,2722.76215,-0.6652140000001054,-0.35793199999989156,-0.5115729999999985
2021-08-13 03:15:00,2723.117749,2722.452814,2722.762583,-0.6649349999997867,-0.35516599999982645,-0.5100504999998066
2021-08-13 04:00:00,2723.119499,2722.458713,2722.763317,-0.6607859999999164,-0.3561819999999898,-0.5084839999999531
2021-08-13 04:15:00,2723.120668,2722.456962,2722.764333,-0.66370599999982,-0.35633499999994456,-0.5100204999998823
2021-08-13 04:45:00,2723.119889,2722.456885,2722.762973,-0.6630040000000008,-0.356916000000183,-0.5099600000000919
2021-08-13 05:00:00,2723.121448,2722.45774,2722.761956,-0.6637080000000424,-0.35949200000004566,-0.511600000000044
2021-08-13 05:15:00,2723.119499,2722.455023,2722.761176,-0.6644759999999224,-0.35832299999992756,-0.511399499999925
2021-08-13 05:30:00,2723.119889,2722.457347,2722.762239,-0.6625420000000304,-0.3576499999999214,-0.5100959999999759
2021-08-13 05:45:00,2723.120279,2722.457271,2722.761465,-0.6630079999999907,-0.35881400000016583,-0.5109110000000783
2021-08-13 06:45:00,2723.119112,2722.45493,2722.761309,-0.6641819999999825,-0.3578029999998762,-0.5109924999999294
2021-08-13 07:00:00,2723.119499,2722.453723,2722.759946,-0.6657759999998234,-0.35955299999977797,-0.5126644999998007
2021-08-13 07:15:00,2723.120658,2722.454273,2722.762186,-0.6663849999999911,-0.35847199999989243,-0.5124284999999418
2021-08-13 07:30:00,2723.120658,2722.454738,2722.76117,-0.6659199999999146,-0.359487999999601,-0.5127039999997578
2021-08-13 08:00:00,2723.121825,2722.458119,2722.762337,-0.6637060000002748,-0.35948800000005576,-0.5115970000001653
2021-08-13 08:15:00,2723.120272,2722.454348,2722.761215,-0.6659239999999045,-0.35905700000012075,-0.5124905000000126
2021-08-13 08:30:00,2723.121248,2722.455791,2722.761706,-0.6654570000000604,-0.3595420000001468,-0.5124995000001036
2021-08-13 08:45:00,2723.122414,2722.453541,2722.761326,-0.668873000000076,-0.3610880000001089,-0.5149805000000924
2021-08-13 09:00:00,2723.122998,2722.454123,2722.761666,-0.6688749999998436,-0.3613319999999476,-0.5151034999998956
2021-08-13 09:15:00,2723.123194,2722.455365,2722.762443,-0.6678289999999834,-0.36075099999970917,-0.5142899999998463
2021-08-13 09:30:00,2723.120468,2722.453808,2722.761902,-0.6666599999998652,-0.3585659999998825,-0.5126129999998739
2021-08-13 09:45:00,2723.122028,2722.455667,2722.762292,-0.666360999999597,-0.35973599999988437,-0.5130484999997407
2021-08-13 10:00:00,2723.121248,2722.455633,2722.761512,-0.6656149999998888,-0.35973599999988437,-0.5126754999998866
2021-08-13 10:30:00,2723.124554,2722.454691,2722.762053,-0.6698630000000776,-0.3625010000000657,-0.5161820000000716
2021-08-13 10:45:00,2723.123777,2722.45023,2722.759809,-0.6735469999998713,-0.3639679999996588,-0.5187574999997651
2021-08-13 11:00:00,2723.121248,2722.44945,2722.759762,-0.6717979999998533,-0.36148599999978615,-0.5166419999998197
2021-08-13 11:15:00,2723.122998,2722.451354,2722.760442,-0.6716440000000148,-0.3625560000000405,-0.5171000000000276
2021-08-13 11:30:00,2723.118916,2722.451083,2722.759912,-0.6678329999999733,-0.3590039999999135,-0.5134184999999434
2021-08-13 11:45:00,2723.117553,2722.448361,2722.758985,-0.669191999999839,-0.3585680000001048,-0.5138799999999719
2021-08-13 12:15:00,2723.120082,2722.449722,2722.759765,-0.6703600000000733,-0.3603170000001228,-0.5153385000000981
2021-08-13 12:30:00,2723.121248,2722.452838,2722.7624,-0.668409999999767,-0.3588479999998526,-0.5136289999998098
2021-08-13 12:45:00,2723.118333,2722.451941,2722.759329,-0.6663920000000871,-0.3590039999999135,-0.5126980000000003
2021-08-13 13:00:00,2723.119885,2722.451745,2722.761373,-0.6681400000002213,-0.3585120000002462,-0.5133260000002338
2021-08-13 13:15:00,2723.120272,2722.451667,2722.760743,-0.6686050000002979,-0.3595290000002933,-0.5140670000002956
2021-08-13 13:30:00,2723.119885,2722.451282,2722.760883,-0.6686030000000756,-0.3590020000001459,-0.5138025000001107
2021-08-13 13:45:00,2723.119492,2722.45089,2722.761223,-0.668601999999737,-0.3582689999998365,-0.5134354999997868
2021-08-13 14:00:00,2723.118916,2722.451474,2722.760056,-0.6674419999999373,-0.3588599999998223,-0.5131509999998798
2021-08-13 14:15:00,2723.118333,2722.449607,2722.759472,-0.6687259999998787,-0.3588609999997061,-0.5137934999997924
2021-08-13 14:30:00,2723.118333,2722.450894,2722.760549,-0.6674389999998311,-0.3577839999998105,-0.5126114999998208
2021-08-13 14:45:00,2723.118916,2722.450462,2722.761132,-0.6684540000001107,-0.3577839999998105,-0.5131189999999606
2021-08-13 15:00:00,2723.118333,2722.449881,2722.759815,-0.6684519999998884,-0.35851800000000367,-0.513484999999946
2021-08-13 15:15:00,2723.116583,2722.447666,2722.760062,-0.6689169999999649,-0.3565210000001571,-0.512719000000061
2021-08-13 15:30:00,2723.11658,2722.4493,2722.761229,-0.6672799999996641,-0.35535099999970043,-0.5113154999996823
2021-08-13 15:45:00,2723.118139,2722.450002,2722.758699,-0.6681370000001152,-0.35944000000017695,-0.5137885000001461
2021-08-13 16:00:00,2723.120668,2722.45269,2722.760649,-0.6679779999999482,-0.36001900000019305,-0.5139985000000706
2021-08-13 16:15:00,2723.118916,2722.452698,2722.761816,-0.6662179999998443,-0.3570999999997184,-0.5116589999997814
2021-08-13 16:30:00,2723.120082,2722.452118,2722.762493,-0.6679639999997562,-0.35758899999973437,-0.5127764999997453
2021-08-13 17:00:00,2723.119499,2722.453278,2722.760496,-0.6662209999999504,-0.3590030000000297,-0.5126119999999901
2021-08-13 17:15:00,2723.116,2722.451529,2722.758745,-0.6644710000000487,-0.3572549999998955,-0.5108629999999721
2021-08-13 17:45:00,2723.117166,2722.453164,2722.759853,-0.6640019999999822,-0.35731299999997646,-0.5106574999999793
2021-08-13 18:00:00,2723.117749,2722.453014,2722.759419,-0.6647349999998369,-0.3583300000000236,-0.5115324999999302
2021-08-13 18:30:00,2723.117749,2722.451535,2722.758012,-0.6662139999998544,-0.3597370000002229,-0.5129755000000387
2021-08-13 18:45:00,2723.117363,2722.450683,2722.759766,-0.6666799999998148,-0.35759699999971417,-0.5121384999997645
2021-08-13 19:00:00,2723.114257,2722.453026,2722.761136,-0.6612310000000434,-0.35312100000010105,-0.5071760000000722
2021-08-13 19:15:00,2723.117166,2722.45256,2722.759912,-0.6646059999998215,-0.35725400000001173,-0.5109299999999166
2021-08-13 19:30:00,2723.11484,2722.45186,2722.759426,-0.6629800000000614,-0.3554140000001098,-0.5091970000000856
2021-08-13 19:45:00,2723.116776,2722.453654,2722.762443,-0.6631219999999303,-0.3543329999997695,-0.5087274999998499
2021-08-13 20:00:00,2723.115607,2722.450423,2722.758996,-0.6651840000004086,-0.3566110000001572,-0.5108975000002829
2021-08-13 20:15:00,2723.11541,2722.451696,2722.759763,-0.6637139999997999,-0.3556469999998626,-0.5096804999998312
2021-08-13 20:30:00,2723.115997,2722.452863,2722.761663,-0.6631339999999,-0.3543339999996533,-0.5087339999997766
2021-08-13 20:45:00,2723.116193,2722.45306,2722.760595,-0.6631330000000162,-0.35559799999964525,-0.5093654999998307
2021-08-13 21:00:00,2723.116003,2722.452136,2722.762587,-0.6638670000002094,-0.3534159999999247,-0.508641500000067
2021-08-13 21:15:00,2723.115617,2722.453964,2722.760746,-0.6616530000001148,-0.3548710000000028,-0.5082620000000588
2021-08-13 21:30:00,2723.11542,2722.452017,2722.760306,-0.6634030000000166,-0.35511399999995774,-0.5092584999999872
2021-08-13 21:45:00,2723.119106,2722.452329,2722.761367,-0.6667769999999109,-0.3577390000000378,-0.5122579999999743
2021-08-13 22:00:00,2723.117549,2722.45399,2722.762974,-0.6635590000000775,-0.35457499999984066,-0.5090669999999591
2021-08-13 22:15:00,2723.11619,2722.452912,2722.763364,-0.6632779999999912,-0.3528260000002774,-0.5080520000001343
2021-08-13 22:30:00,2723.11464,2722.450304,2722.761277,-0.6643359999998211,-0.35336299999971743,-0.5088494999997693
2021-08-13 23:00:00,2723.11639,2722.452986,2722.761223,-0.6634040000003552,-0.355167000000165,-0.5092855000002601
2021-08-13 23:30:00,2723.116,2722.454065,2722.762583,-0.661935000000085,-0.35341699999980847,-0.5076759999999467
2021-08-14 00:00:00,2723.116576,2722.45348,2722.763166,-0.6630959999997685,-0.35340999999971245,-0.5082529999997405
2021-08-14 00:15:00,2723.114251,2722.454064,2722.760833,-0.6601869999999508,-0.353418000000147,-0.5068025000000489
2021-08-14 00:30:00,2723.113084,2722.451963,2722.762583,-0.6611210000000938,-0.3505009999998947,-0.5058109999999942
2021-08-14 00:45:00,2723.115417,2722.453012,2722.76268,-0.6624050000000352,-0.35273700000016106,-0.5075710000000981
2021-08-14 01:00:00,2723.119492,2722.454645,2722.761903,-0.6648470000000088,-0.35758899999973437,-0.5112179999998716
2021-08-14 01:30:00,2723.11542,2722.452011,2722.762003,-0.6634090000002288,-0.3534170000002632,-0.508413000000246
2021-08-14 01:45:00,2723.114837,2722.451273,2722.761473,-0.6635639999999512,-0.35336400000005597,-0.5084640000000036
2021-08-14 02:00:00,2723.11581,2722.45298,2722.763653,-0.662829999999758,-0.35215699999980643,-0.5074934999997822
2021-08-14 02:15:00,2723.116003,2722.454343,2722.764337,-0.6616600000002109,-0.3516660000000229,-0.5066630000001169
2021-08-14 02:30:00,2723.11717,2722.455974,2722.763754,-0.6611960000000181,-0.3534159999999247,-0.5073059999999714
2021-08-14 02:45:00,2723.117756,2722.454924,2722.763904,-0.6628319999999803,-0.3538520000001881,-0.5083420000000842
2021-08-14 03:45:00,2723.116003,2722.454339,2722.765071,-0.6616640000002008,-0.35093200000028446,-0.5062980000002426
2021-08-14 04:00:00,2723.118336,2722.454922,2722.76317,-0.6634140000001025,-0.35516599999982645,-0.5092899999999645
2021-08-14 04:15:00,2723.116007,2722.455387,2722.76385,-0.6606200000001081,-0.3521570000002612,-0.5063885000001846
2021-08-14 05:15:00,2723.11659,2722.455231,2722.764037,-0.661359000000175,-0.35255300000017087,-0.5069560000001729
2021-08-14 05:30:00,2723.118922,2722.455814,2722.765017,-0.663108000000193,-0.35390499999994063,-0.5085065000000668
2021-08-14 05:45:00,2723.117366,2722.454525,2722.765547,-0.6628409999998439,-0.3518189999999777,-0.5073299999999108
2021-08-14 06:00:00,2723.119309,2722.453983,2722.76516,-0.6653260000002774,-0.3541490000002341,-0.5097375000002557
2021-08-14 06:30:00,2723.119116,2722.452306,2722.764287,-0.6668099999997139,-0.3548289999998815,-0.5108194999997977
2021-08-14 06:45:00,2723.118143,2722.455495,2722.763993,-0.6626479999999901,-0.35415000000011787,-0.508399000000054
2021-08-14 07:00:00,2723.119692,2722.453202,2722.766134,-0.6664900000000671,-0.3535580000002483,-0.5100240000001577
2021-08-14 07:15:00,2723.118329,2722.451992,2722.76302,-0.6663370000001123,-0.35530900000003385,-0.5108230000000731
2021-08-14 07:45:00,2723.121438,2722.451601,2722.76331,-0.6698369999999159,-0.3581280000003062,-0.513982500000111
2021-08-14 08:30:00,2723.123191,2722.452916,2722.763794,-0.6702749999999469,-0.35939700000017183,-0.5148360000000594
2021-08-14 09:00:00,2723.121835,2722.451826,2722.76317,-0.6700089999999363,-0.3586649999997462,-0.5143369999998413
2021-08-14 09:15:00,2723.117753,2722.452723,2722.763604,-0.6650300000001153,-0.35414899999977933,-0.5095894999999473
2021-08-14 09:45:00,2723.120472,2722.45221,2722.762823,-0.6682620000001407,-0.35764900000003763,-0.5129555000000892
2021-08-14 10:00:00,2723.120079,2722.452282,2722.763164,-0.6677969999996094,-0.35691499999984444,-0.5123559999997269
2021-08-14 10:15:00,2723.119692,2722.453377,2722.762777,-0.6663150000003952,-0.3569150000002992,-0.5116150000003472
2021-08-14 10:30:00,2723.121055,2722.450774,2722.761716,-0.6702810000001591,-0.3593390000000909,-0.514810000000125
2021-08-14 11:15:00,2723.120662,2722.449716,2722.763747,-0.6709459999997307,-0.35691499999984444,-0.5139304999997876
2021-08-14 11:30:00,2723.121245,2722.450766,2722.762433,-0.6704789999998866,-0.3588119999999435,-0.514645499999915
2021-08-14 11:45:00,2723.120662,2722.450182,2722.761323,-0.6704799999997704,-0.35933899999963614,-0.5149094999997033
2021-08-14 12:00:00,2723.118326,2722.448549,2722.761416,-0.6697769999996126,-0.35690999999997075,-0.5133434999997917
2021-08-14 12:30:00,2723.119882,2722.446423,2722.762239,-0.6734590000000935,-0.3576429999998254,-0.5155509999999595
2021-08-14 12:45:00,2723.120079,2722.451052,2722.76541,-0.6690269999999146,-0.3546689999998307,-0.5118479999998726
2021-08-14 13:00:00,2723.120079,2722.448837,2722.763903,-0.6712419999998929,-0.35617599999977756,-0.5137089999998352
2021-08-14 13:15:00,2723.118329,2722.449304,2722.76317,-0.6690249999996922,-0.35515899999973044,-0.5120919999997113
2021-08-14 13:30:00,2723.118912,2722.449888,2722.763753,-0.6690239999998084,-0.35515899999973044,-0.5120914999997694
2021-08-14 13:45:00,2723.118329,2722.447824,2722.763223,-0.6705050000000483,-0.35510599999997794,-0.5128055000000131
2021-08-14 14:00:00,2723.118329,2722.449772,2722.76249,-0.6685569999999643,-0.3558389999998326,-0.5121979999998985
2021-08-14 14:30:00,2723.118719,2722.446934,2722.760643,-0.6717849999999999,-0.35807599999998274,-0.5149304999999913
2021-08-14 14:45:00,2723.117173,2722.446082,2722.761516,-0.6710910000001604,-0.3556570000000647,-0.5133740000001126
2021-08-14 15:00:00,2723.120672,2722.450362,2722.763757,-0.6703099999999722,-0.35691499999984444,-0.5136124999999083
2021-08-14 15:15:00,2723.120672,2722.449586,2722.764,-0.671085999999832,-0.3566719999998895,-0.5138789999998608
2021-08-14 15:30:00,2723.120089,2722.449315,2722.76347,-0.670774000000165,-0.356619000000137,-0.513696500000151
2021-08-14 15:45:00,2723.118726,2722.449154,2722.76245,-0.6695720000002439,-0.35627599999997983,-0.5129240000001118
2021-08-14 16:00:00,2723.122221,2722.452654,2722.762973,-0.6695669999999154,-0.35924800000020696,-0.5144075000000612
2021-08-14 16:15:00,2723.120858,2722.449242,2722.762496,-0.6716160000000855,-0.35836200000039753,-0.5149890000002415
2021-08-14 16:30:00,2723.120662,2722.44683,2722.761506,-0.6738319999999476,-0.3591559999999845,-0.516493999999966
2021-08-14 16:45:00,2723.120468,2722.448856,2722.763123,-0.6716120000000956,-0.35734499999989566,-0.5144784999999956
2021-08-14 17:00:00,2723.119499,2722.448199,2722.761473,-0.6712999999999738,-0.3580259999998816,-0.5146629999999277
2021-08-14 17:15:00,2723.117749,2722.447734,2722.760987,-0.6700150000001486,-0.35676199999988967,-0.5133885000000191
2021-08-14 17:30:00,2723.119499,2722.448201,2722.761666,-0.6712979999997515,-0.3578330000000278,-0.5145654999998897
2021-08-14 17:45:00,2723.117749,2722.448204,2722.760253,-0.6695450000001983,-0.35749600000008286,-0.5135205000001406
2021-08-14 18:00:00,2723.118916,2722.447889,2722.762154,-0.6710269999998673,-0.35676199999988967,-0.5138944999998785
2021-08-14 18:15:00,2723.120665,2722.450108,2722.762887,-0.670556999999917,-0.357778000000053,-0.514167499999985
2021-08-14 18:30:00,2723.118912,2722.450542,2722.76157,-0.668369999999868,-0.35734199999978955,-0.5128559999998288
2021-08-14 18:45:00,2723.119495,2722.45011,2722.761137,-0.6693849999996928,-0.3583579999999529,-0.5138714999998228
2021-08-14 19:00:00,2723.117746,2722.449377,2722.76142,-0.6683689999999842,-0.35632600000008097,-0.5123475000000326
2021-08-14 19:15:00,2723.117163,2722.44926,2722.760836,-0.6679030000000239,-0.35632699999996476,-0.5121149999999943
2021-08-14 20:00:00,2723.117749,2722.45043,2722.760933,-0.6673190000001341,-0.3568159999999807,-0.5120675000000574
2021-08-14 20:15:00,2723.115607,2722.449456,2722.760693,-0.6661510000003545,-0.35491400000000795,-0.5105325000001812
2021-08-14 20:30:00,2723.11483,2722.450729,2722.760779,-0.664100999999846,-0.3540509999997994,-0.5090759999998227
2021-08-14 20:45:00,2723.116193,2722.45003,2722.762143,-0.6661629999998695,-0.3540499999999156,-0.5101064999998925
2021-08-14 21:00:00,2723.116003,2722.451591,2722.761363,-0.6644120000000839,-0.3546400000000176,-0.5095260000000508
2021-08-14 21:15:00,2723.11503,2722.449883,2722.76263,-0.6651469999997062,-0.35239999999976135,-0.5087734999997338
2021-08-14 21:30:00,2723.118919,2722.451319,2722.76185,-0.6676000000002205,-0.35706900000013775,-0.5123345000001791
2021-08-14 21:45:00,2723.119495,2722.45202,2722.763017,-0.6674749999997402,-0.3564779999996972,-0.5119764999997187
2021-08-14 22:00:00,2723.117753,2722.45097,2722.762924,-0.6667830000001231,-0.3548289999998815,-0.5108060000000023
2021-08-14 22:15:00,2723.118336,2722.451552,2722.763507,-0.6667840000000069,-0.3548289999998815,-0.5108064999999442
2021-08-14 22:30:00,2723.118143,2722.451825,2722.763314,-0.6663180000000466,-0.35482900000033624,-0.5105735000001914
2021-08-14 22:45:00,2723.117949,2722.449414,2722.762347,-0.6685349999997925,-0.3556020000000899,-0.5120684999999412
2021-08-14 23:00:00,2723.116586,2722.452017,2722.764187,-0.6645690000000286,-0.35239899999987756,-0.5084839999999531
2021-08-14 23:15:00,2723.11717,2722.45085,2722.76234,-0.6663199999998142,-0.3548299999997653,-0.5105749999997897
2021-08-14 23:30:00,2723.11717,2722.452332,2722.763074,-0.6648380000001453,-0.35409600000002683,-0.509467000000086
2021-08-15 00:00:00,2723.119302,2722.449605,2722.764048,-0.6696970000002693,-0.355254000000059,-0.5124755000001642
2021-08-15 00:15:00,2723.117366,2722.450266,2722.764287,-0.6671000000001186,-0.3530789999999797,-0.5100895000000492
2021-08-15 01:15:00,2723.118143,2722.450067,2722.761807,-0.6680759999999282,-0.3563360000002831,-0.5122060000001056
2021-08-15 01:45:00,2723.118139,2722.448,2722.76175,-0.6701390000002903,-0.3563890000000356,-0.5132640000001629
2021-08-15 02:00:00,2723.117943,2722.451303,2722.763363,-0.6666400000003705,-0.3545800000001691,-0.5106100000002698
2021-08-15 02:15:00,2723.117556,2722.449166,2722.761226,-0.6683900000002723,-0.35633000000007087,-0.5123600000001716
2021-08-15 02:30:00,2723.116387,2722.450491,2722.763011,-0.6658959999999752,-0.35337600000002567,-0.5096360000000004
2021-08-15 02:45:00,2723.119499,2722.451388,2722.76492,-0.6681109999999535,-0.35457899999983056,-0.511344999999892
2021-08-15 03:00:00,2723.11736,2722.449093,2722.763027,-0.6682670000000144,-0.3543330000002243,-0.5113000000001193
2021-08-15 03:15:00,2723.118133,2722.45119,2722.76322,-0.6669429999997192,-0.35491300000012416,-0.5109279999999217
2021-08-15 03:45:00,2723.118912,2722.449048,2722.761813,-0.6698639999999614,-0.35709899999983463,-0.513481499999898
2021-08-15 04:00:00,2723.120665,2722.451112,2722.763413,-0.6695529999997234,-0.3572519999997894,-0.5134024999997564
2021-08-15 04:15:00,2723.121831,2722.449045,2722.76351,-0.6727860000000874,-0.35832099999970524,-0.5155534999998963
2021-08-15 04:30:00,2723.119302,2722.449901,2722.764183,-0.6694010000001072,-0.3551190000002862,-0.5122600000001967
2021-08-15 04:45:00,2723.119499,2722.448614,2722.762246,-0.6708849999999984,-0.35725300000012794,-0.5140690000000632
2021-08-15 05:30:00,2723.120082,2722.449194,2722.76283,-0.6708880000001045,-0.3572519999997894,-0.514069999999947
2021-08-15 06:15:00,2723.122998,2722.450825,2722.764487,-0.6721729999999297,-0.35851099999990765,-0.5153419999999187
2021-08-15 07:15:00,2723.121248,2722.448451,2722.763263,-0.6727969999997185,-0.3579850000000988,-0.5153909999999087
2021-08-15 07:45:00,2723.121248,2722.446968,2722.76253,-0.674279999999726,-0.35871799999995346,-0.5164989999998397
2021-08-15 08:15:00,2723.122221,2722.44767,2722.762487,-0.674551000000065,-0.3597340000001168,-0.5171425000000909
2021-08-15 08:30:00,2723.120858,2722.447942,2722.761613,-0.6729160000004413,-0.35924500000010084,-0.5160805000002711
2021-08-15 08:45:00,2723.121828,2722.448912,2722.761513,-0.6729159999999865,-0.36031499999990046,-0.5166154999999435
2021-08-15 09:15:00,2723.123967,2722.447662,2722.761997,-0.6763049999999566,-0.3619699999999284,-0.5191374999999425
2021-08-15 09:30:00,2723.124937,2722.448789,2722.76195,-0.676148000000012,-0.3629869999999755,-0.5195674999999937
2021-08-15 09:45:00,2723.123967,2722.447818,2722.761466,-0.6761489999998958,-0.3625010000000657,-0.5193249999999807
2021-08-15 10:00:00,2723.122408,2722.449757,2722.76292,-0.6726510000003145,-0.35948800000005576,-0.5160695000001851
2021-08-15 10:15:00,2723.122408,2722.447851,2722.76239,-0.6745570000002772,-0.36001800000030926,-0.5172875000002932
2021-08-15 10:45:00,2723.122408,2722.446072,2722.760496,-0.676335999999992,-0.3619120000003022,-0.5191240000001471
2021-08-15 11:00:00,2723.118139,2722.445021,2722.760886,-0.6731180000001586,-0.35725300000012794,-0.5151855000001433
2021-08-15 11:15:00,2723.118919,2722.446266,2722.759916,-0.6726530000000821,-0.3590030000000297,-0.5158280000000559
2021-08-15 11:30:00,2723.120085,2722.444201,2722.761083,-0.6758840000002238,-0.3590020000001459,-0.5174430000001848
2021-08-15 11:45:00,2723.120085,2722.444514,2722.760593,-0.6755710000002182,-0.35949200000004566,-0.5175315000001319
2021-08-15 12:00:00,2723.116583,2722.443618,2722.760063,-0.6729650000002039,-0.35651999999981854,-0.5147425000000112
2021-08-15 12:15:00,2723.118139,2722.445488,2722.7623,-0.6726510000003145,-0.35583900000028734,-0.5142450000003009
2021-08-15 12:30:00,2723.11717,2722.446269,2722.762346,-0.670900999999958,-0.3548240000000078,-0.5128624999999829
2021-08-15 12:45:00,2723.117363,2722.444712,2722.761806,-0.6726509999998598,-0.35555699999986246,-0.5141039999998611
2021-08-15 13:00:00,2723.11639,2722.444475,2722.761076,-0.6719150000003538,-0.3553140000003623,-0.513614500000358
2021-08-15 13:15:00,2723.118336,2722.446423,2722.762006,-0.6719130000001314,-0.35633000000007087,-0.5141215000001012
2021-08-15 13:30:00,2723.116387,2722.445177,2722.762296,-0.6712099999999737,-0.35409100000015314,-0.5126505000000634
2021-08-15 13:45:00,2723.118326,2722.4439,2722.761321,-0.6744259999995847,-0.3570049999998446,-0.5157154999997147
2021-08-15 14:00:00,2723.119299,2722.447401,2722.762974,-0.6718980000000556,-0.35632499999974243,-0.514111499999899
2021-08-15 14:15:00,2723.119502,2722.447017,2722.762151,-0.6724850000000515,-0.3573510000001079,-0.5149180000000797
2021-08-15 14:30:00,2723.118919,2722.444952,2722.761909,-0.6739670000001752,-0.357010000000173,-0.5154885000001741
2021-08-15 14:45:00,2723.117753,2722.443786,2722.761417,-0.6739670000001752,-0.35633599999982835,-0.5151515000000018
2021-08-15 15:00:00,2723.118726,2722.443279,2722.762976,-0.6754470000000765,-0.355750000000171,-0.5155985000001237
2021-08-15 15:15:00,2723.117556,2722.444336,2722.761473,-0.6732200000001285,-0.35608300000012605,-0.5146515000001273
2021-08-15 15:45:00,2723.117746,2722.444063,2722.762681,-0.6736829999999827,-0.3550649999997404,-0.5143739999998616
2021-08-15 16:00:00,2723.11658,2722.442897,2722.760834,-0.6736829999999827,-0.35574599999972634,-0.5147144999998545
2021-08-15 16:15:00,2723.118912,2722.443483,2722.760927,-0.6754289999998946,-0.3579850000000988,-0.5167069999999967
2021-08-15 16:45:00,2723.117549,2722.445508,2722.762201,-0.672041000000263,-0.35534800000004907,-0.513694500000156
2021-08-15 17:00:00,2723.115607,2722.4443,2722.761273,-0.6713070000000698,-0.35433400000010806,-0.5128205000000889
2021-08-15 17:15:00,2723.115993,2722.446169,2722.762677,-0.6698240000000624,-0.3533159999997224,-0.5115699999998924
2021-08-15 17:30:00,2723.115993,2722.443953,2722.76166,-0.6720399999999245,-0.3543329999997695,-0.513186499999847
2021-08-15 17:45:00,2723.115803,2722.443289,2722.761223,-0.6725140000003194,-0.3545800000001691,-0.5135470000002442
2021-08-15 18:00:00,2723.116393,2722.444192,2722.761074,-0.672200999999859,-0.3553189999997812,-0.5137599999998201
2021-08-15 18:15:00,2723.116193,2722.445006,2722.762049,-0.671186999999918,-0.35414399999990565,-0.5126654999999118
2021-08-15 18:30:00,2723.116583,2722.444692,2722.760536,-0.6718909999999596,-0.35604700000021694,-0.5139690000000883
2021-08-15 19:00:00,2723.120082,2722.44921,2722.764527,-0.6708719999996902,-0.3555550000000949,-0.5132134999998925
2021-08-15 19:15:00,2723.117753,2722.443804,2722.760009,-0.6739489999999932,-0.35774399999991147,-0.5158464999999524
2021-08-15 19:30:00,2723.117363,2722.445165,2722.761026,-0.6721979999997529,-0.35633699999971213,-0.5142674999997325
2021-08-15 19:45:00,2723.119689,2722.447221,2722.761217,-0.6724680000002081,-0.35847199999989243,-0.5154700000000503
2021-08-15 20:00:00,2723.118916,2722.444233,2722.761857,-0.6746829999997317,-0.3570589999999356,-0.5158709999998337
2021-08-15 20:15:00,2723.117749,2722.447499,2722.761176,-0.6702500000001237,-0.3565730000000258,-0.5134115000000747
2021-08-15 20:45:00,2723.116776,2722.446058,2722.761953,-0.6707179999998516,-0.35482299999966926,-0.5127704999997604
2021-08-15 21:00:00,2723.118916,2722.446294,2722.76093,-0.6726220000000467,-0.3579859999999826,-0.5153040000000146
2021-08-15 21:15:00,2723.122418,2722.444815,2722.7624,-0.6776030000000901,-0.3600179999998545,-0.5188104999999723
2021-08-15 21:30:00,2723.120085,2722.44676,2722.762833,-0.6733250000002045,-0.35725200000024415,-0.5152885000002243
2021-08-15 21:45:00,2723.120475,2722.442717,2722.75957,-0.6777580000002672,-0.3609050000000025,-0.5193315000001348
2021-08-15 22:00:00,2723.124364,2722.446762,2722.763123,-0.6776019999997516,-0.3612409999996089,-0.5194214999996802
2021-08-15 22:15:00,2723.119499,2722.443644,2722.76123,-0.6758549999999559,-0.3582689999998365,-0.5170619999998962
2021-08-15 22:45:00,2723.121638,2722.445982,2722.762637,-0.6756559999998899,-0.35900100000026214,-0.517328500000076
2021-08-15 23:00:00,2723.119502,2722.447344,2722.763267,-0.6721579999998539,-0.35623500000019703,-0.5141965000000255
2021-08-15 23:30:00,2723.119889,2722.44478,2722.760396,-0.6751090000002478,-0.35949299999992945,-0.5173010000000886
2021-08-15 23:45:00,2723.120658,2722.446439,2722.761656,-0.6742189999999937,-0.3590019999996912,-0.5166104999998424
2021-08-16 00:00:00,2723.118326,2722.446602,2722.761807,-0.6717239999998128,-0.35651899999993475,-0.5141214999998738
2021-08-16 00:15:00,2723.121048,2722.445669,2722.762294,-0.6753789999997935,-0.35875399999986257,-0.517066499999828
2021-08-16 00:45:00,2723.121252,2722.444535,2722.760742,-0.6767169999998259,-0.36050999999997657,-0.5186134999999013
2021-08-16 01:00:00,2723.119309,2722.444341,2722.761076,-0.6749680000002627,-0.35823300000038216,-0.5166005000003224
2021-08-16 01:15:00,2723.119505,2722.443068,2722.761326,-0.6764370000000781,-0.3581790000002911,-0.5173080000001846
2021-08-16 01:30:00,2723.121638,2722.444463,2722.762677,-0.6771750000002612,-0.3589609999999084,-0.5180680000000848
2021-08-16 01:45:00,2723.121052,2722.446092,2722.762541,-0.6749599999998281,-0.35851099999990765,-0.5167354999998679
2021-08-16 02:15:00,2723.121828,2722.447022,2722.763601,-0.6748059999999896,-0.3582269999997152,-0.5165164999998524
2021-08-16 02:30:00,2723.120079,2722.445271,2722.761076,-0.6748079999997572,-0.3590030000000297,-0.5169054999998934
2021-08-16 03:00:00,2723.121245,2722.448187,2722.762243,-0.6730579999998554,-0.3590019999996912,-0.5160299999997733
2021-08-16 05:45:00,2723.121828,2722.447832,2722.765351,-0.6739959999999883,-0.3564769999998134,-0.5152364999999008
2021-08-16 06:00:00,2723.122218,2722.448686,2722.765251,-0.6735319999997955,-0.3569670000001679,-0.5152494999999817
2021-08-16 06:15:00,2723.122025,2722.448958,2722.765057,-0.6730670000001737,-0.3569680000000517,-0.5150175000001127
2021-08-16 06:30:00,2723.121828,2722.446545,2722.76311,-0.6752830000000358,-0.35871799999995346,-0.5170004999999946
2021-08-16 06:45:00,2723.120662,2722.444911,2722.763167,-0.6757509999997637,-0.3574949999997443,-0.516622999999754
2021-08-16 07:00:00,2723.122994,2722.445494,2722.764277,-0.6774999999997817,-0.3587169999996149,-0.5181084999996983
2021-08-16 07:15:00,2723.124164,2722.44596,2722.76375,-0.6782039999998233,-0.3604139999997642,-0.5193089999997937
2021-08-16 08:00:00,2723.122025,2722.443351,2722.761556,-0.6786740000002283,-0.3604690000001938,-0.519571500000211
2021-08-16 08:15:00,2723.122801,2722.442377,2722.760583,-0.68042400000013,-0.362217999999757,-0.5213209999999435
2021-08-16 08:30:00,2723.122608,2722.44588,2722.762193,-0.6767279999999118,-0.36041500000010274,-0.5185715000000073
2021-08-16 08:45:00,2723.121245,2722.444051,2722.760776,-0.6771939999998722,-0.360468999999739,-0.5188314999998056
2021-08-16 09:00:00,2723.120079,2722.442883,2722.760343,-0.6771959999996398,-0.35973599999988437,-0.5184659999997621
2021-08-16 10:00:00,2723.124164,2722.441832,2722.760493,-0.6823319999998603,-0.36367099999961283,-0.5230014999997366
2021-08-16 10:45:00,2723.120079,2722.442881,2722.759326,-0.6771979999998621,-0.3607529999999315,-0.5189754999998968
2021-08-16 11:00:00,2723.118329,2722.441597,2722.758593,-0.6767319999999017,-0.35973599999988437,-0.5182339999998931
2021-08-16 11:15:00,2723.118912,2722.440232,2722.758496,-0.6786799999999857,-0.3604159999999865,-0.5195479999999861
2021-08-16 11:30:00,2723.122218,2722.439572,2722.760053,-0.6826459999997496,-0.3621650000000045,-0.5224054999998771
2021-08-16 11:45:00,2723.120082,2722.441402,2722.760193,-0.6786799999999857,-0.35988899999983914,-0.5192844999999124
2021-08-16 12:30:00,2723.117553,2722.440311,2722.759909,-0.6772420000002057,-0.35764400000016394,-0.5174430000001848
2021-08-16 12:45:00,2723.118339,2722.442725,2722.760353,-0.6756140000002233,-0.3579859999999826,-0.516800000000103
2021-08-16 13:00:00,2723.11484,2722.440821,2722.760839,-0.6740190000000439,-0.354001000000153,-0.5140100000000984
2021-08-16 13:15:00,2723.117949,2722.439654,2722.760449,-0.678295000000162,-0.35750000000007276,-0.5178975000001174
2021-08-16 13:30:00,2723.11542,2722.441556,2722.761419,-0.6738639999998668,-0.354001000000153,-0.5139325000000099
2021-08-16 13:45:00,2723.118719,2722.443697,2722.762017,-0.675021999999899,-0.35670200000004115,-0.5158619999999701
2021-08-16 14:00:00,2723.125917,2722.442729,2722.763323,-0.6831879999999728,-0.3625939999997172,-0.522890999999845
2021-08-16 14:15:00,2723.125917,2722.44126,2722.761856,-0.6846569999997882,-0.36406099999976504,-0.5243589999997766
2021-08-16 14:30:00,2723.12533,2722.443314,2722.761423,-0.6820159999997486,-0.3639069999999265,-0.5229614999998375
2021-08-16 14:45:00,2723.121058,2722.444013,2722.762056,-0.677045000000362,-0.3590020000001459,-0.518023500000254
2021-08-16 15:45:00,2723.121248,2722.440943,2722.760739,-0.680304999999862,-0.3605090000000928,-0.5204069999999774
2021-08-16 16:15:00,2723.118916,2722.444058,2722.761173,-0.6748579999998583,-0.3577430000000277,-0.516300499999943
2021-08-16 16:30:00,2723.11561,2722.442035,2722.76084,-0.6735749999998006,-0.35476999999991676,-0.5141724999998587
2021-08-16 16:45:00,2723.117553,2722.438532,2722.760542,-0.6790209999999206,-0.3570110000000568,-0.5180159999999887
2021-08-16 17:00:00,2723.118722,2722.443399,2722.761996,-0.6753229999999348,-0.35672599999998056,-0.5160244999999577
2021-08-16 17:30:00,2723.119109,2722.440102,2722.762387,-0.6790070000001833,-0.35672199999999066,-0.517864500000087
2021-08-16 17:45:00,2723.120082,2722.441528,2722.761606,-0.6785540000000765,-0.35847599999988233,-0.5185149999999794
2021-08-16 18:00:00,2723.119109,2722.442036,2722.759899,-0.6770730000002914,-0.3592100000000755,-0.5181415000001834
2021-08-16 18:15:00,2723.120079,2722.444023,2722.762093,-0.6760559999997895,-0.3579859999999826,-0.517020999999886
2021-08-16 18:30:00,2723.117553,2722.441764,2722.76156,-0.6757889999998952,-0.3559930000001259,-0.5158910000000105
2021-08-16 18:45:00,2723.11658,2722.441962,2722.762773,-0.6746180000000095,-0.3538069999999607,-0.5142124999999851
2021-08-16 19:15:00,2723.11522,2722.441182,2722.76166,-0.6740380000001096,-0.35356000000001586,-0.5137990000000627
2021-08-16 19:30:00,2723.116,2722.444177,2722.76176,-0.6718230000001313,-0.354240000000118,-0.5130315000001247
2021-08-16 19:45:00,2723.114834,2722.440795,2722.76229,-0.6740389999999934,-0.35254399999985253,-0.513291499999923
2021-08-16 20:00:00,2723.116776,2722.444954,2722.76472,-0.6718219999997928,-0.35205599999972037,-0.5119389999997566
2021-08-16 20:15:00,2723.115024,2722.444837,2722.76438,-0.6701870000001691,-0.3506440000001021,-0.5104155000001356
2021-08-16 20:30:00,2723.11522,2722.443397,2722.763163,-0.6718230000001313,-0.3520570000000589,-0.5119400000000951
2021-08-16 20:45:00,2723.112691,2722.443321,2722.764287,-0.669369999999617,-0.34840399999984584,-0.5088869999997314
2021-08-16 21:00:00,2723.112495,2722.44184,2722.76234,-0.670654999999897,-0.3501549999996314,-0.5104049999997642
2021-08-16 21:15:00,2723.113861,2722.440837,2722.763701,-0.6730239999997139,-0.35015999999995984,-0.5115919999998368
2021-08-16 21:45:00,2723.117756,2722.44297,2722.763697,-0.6747860000000401,-0.35405900000023394,-0.514422500000137
2021-08-16 22:15:00,2723.115424,2722.440917,2722.76458,-0.674507000000176,-0.3508440000000519,-0.512675500000114
2021-08-16 22:30:00,2723.11484,2722.444019,2722.76428,-0.67082100000016,-0.3505600000003142,-0.5106905000002371
2021-08-16 22:45:00,2723.113671,2722.441803,2722.762777,-0.671867999999904,-0.35089400000015303,-0.5113810000000285
2021-08-16 23:15:00,2723.116007,2722.443435,2722.763211,-0.6725719999999455,-0.3527960000001258,-0.5126840000000357
2021-08-16 23:45:00,2723.113674,2722.442385,2722.763113,-0.6712890000003426,-0.35056100000019796,-0.5109250000002703
2021-08-17 00:15:00,2723.116007,2722.442502,2722.764961,-0.6735050000002047,-0.351046000000224,-0.5122755000002144
2021-08-17 00:30:00,2723.11484,2722.44355,2722.763794,-0.6712900000002264,-0.351046000000224,-0.5111680000002252
2021-08-17 00:45:00,2723.114254,2722.444599,2722.763361,-0.669655000000148,-0.35089300000026924,-0.5102740000002086
2021-08-17 01:00:00,2723.115807,2722.442934,2722.764384,-0.6728729999999814,-0.351423000000068,-0.5121480000000247
2021-08-17 01:15:00,2723.11658,2722.445487,2722.766173,-0.671092999999928,-0.35040699999990466,-0.5107499999999163
2021-08-17 01:30:00,2723.11483,2722.441801,2722.764671,-0.6730290000000423,-0.35015900000007605,-0.5115940000000592
2021-08-17 01:45:00,2723.113664,2722.44285,2722.765254,-0.670814000000064,-0.34841000000005806,-0.509612000000061
2021-08-17 02:00:00,2723.117163,2722.440902,2722.765597,-0.6762610000000677,-0.35156599999982063,-0.5139134999999442
2021-08-17 02:15:00,2723.115997,2722.442967,2722.76618,-0.6730299999999261,-0.34981699999980265,-0.5114234999998644
2021-08-17 02:30:00,2723.115803,2722.441757,2722.765497,-0.6740460000000894,-0.35030600000027334,-0.5121760000001814
2021-08-17 02:45:00,2723.11736,2722.443779,2722.763607,-0.6735810000000129,-0.3537530000003244,-0.5136670000001686
2021-08-17 03:00:00,2723.114247,2722.441948,2722.763993,-0.672298999999839,-0.3502539999999499,-0.5112764999998944
2021-08-17 03:15:00,2723.112884,2722.441754,2722.7638,-0.6711300000001756,-0.349083999999948,-0.5101070000000618
2021-08-17 03:30:00,2723.114441,2722.443777,2722.76434,-0.6706640000002153,-0.3501009999999951,-0.5103825000001052
2021-08-17 03:45:00,2723.114051,2722.443852,2722.763217,-0.6701990000001388,-0.35083399999984977,-0.5105164999999943
2021-08-17 04:15:00,2723.113081,2722.440933,2722.761756,-0.6721480000001065,-0.35132500000008804,-0.5117365000000973
2021-08-17 04:30:00,2723.112888,2722.443506,2722.765064,-0.6693820000000414,-0.34782399999994595,-0.5086029999999937
2021-08-17 04:45:00,2723.117943,2722.444046,2722.765603,-0.6738970000001245,-0.3523400000003676,-0.5131185000002461
2021-08-17 05:00:00,2723.115414,2722.441049,2722.763356,-0.6743649999998524,-0.3520579999999427,-0.5132114999998976
2021-08-17 05:15:00,2723.11658,2722.443696,2722.765257,-0.6728840000000673,-0.3513229999998657,-0.5121034999999665
2021-08-17 05:30:00,2723.115997,2722.443578,2722.763939,-0.6724189999999908,-0.3520579999999427,-0.5122384999999667
2021-08-17 05:45:00,2723.11483,2722.442411,2722.763507,-0.6724189999999908,-0.3513229999998657,-0.5118709999999282
2021-08-17 06:00:00,2723.11483,2722.444161,2722.764523,-0.670669000000089,-0.35030700000015713,-0.5104880000001231
2021-08-17 06:15:00,2723.11483,2722.44416,2722.765013,-0.6706699999999728,-0.34981699999980265,-0.5102434999998877
2021-08-17 06:30:00,2723.115607,2722.443185,2722.76579,-0.6724220000000969,-0.3498170000002574,-0.5111195000001771
2021-08-17 06:45:00,2723.117746,2722.443887,2722.763259,-0.6738589999999931,-0.35448700000006284,-0.514173000000028
2021-08-17 07:00:00,2723.115414,2722.442837,2722.76409,-0.6725769999998192,-0.3513239999997495,-0.5119504999997844
2021-08-17 08:00:00,2723.117163,2722.442834,2722.76458,-0.6743289999999433,-0.35258299999986775,-0.5134559999999055
2021-08-17 08:15:00,2723.116193,2722.440114,2722.764626,-0.6760789999998451,-0.3515669999997044,-0.5138229999997748
2021-08-17 08:30:00,2723.11542,2722.441089,2722.762103,-0.6743310000001657,-0.35331700000006094,-0.5138240000001133
2021-08-17 08:45:00,2723.115807,2722.441476,2722.764726,-0.6743310000001657,-0.35108100000024933,-0.5127060000002075
2021-08-17 09:00:00,2723.11658,2722.444183,2722.76467,-0.672396999999819,-0.3519099999998616,-0.5121534999998403
2021-08-17 09:15:00,2723.117749,2722.442713,2722.761566,-0.675036000000091,-0.3561829999998736,-0.5156094999999823
2021-08-17 09:30:00,2723.118333,2722.440065,2722.762622,-0.6782680000001164,-0.355710999999701,-0.5169894999999087
2021-08-17 09:45:00,2723.11658,2722.441231,2722.762827,-0.6753490000000966,-0.35375299999986964,-0.5145509999999831
2021-08-17 10:00:00,2723.121248,2722.444462,2722.764523,-0.6767859999999928,-0.35672500000009677,-0.5167555000000448
2021-08-17 10:30:00,2723.120862,2722.43816,2722.76186,-0.682702000000063,-0.3590020000001459,-0.5208520000001045
2021-08-17 10:45:00,2723.123384,2722.43602,2722.759515,-0.6873639999998886,-0.36386899999979505,-0.5256164999998418
2021-08-17 11:00:00,2723.119499,2722.436793,2722.760288,-0.6827060000000529,-0.3592109999999593,-0.5209585000000061
2021-08-17 11:15:00,2723.120082,2722.437376,2722.759855,-0.6827060000000529,-0.36022700000012264,-0.5214665000000878
2021-08-17 11:30:00,2723.122414,2722.438425,2722.760439,-0.6839890000001105,-0.3619749999998021,-0.5229819999999563
2021-08-17 11:45:00,2723.118722,2722.436482,2722.759754,-0.6822400000000926,-0.3589680000000044,-0.5206040000000485
2021-08-17 12:00:00,2723.119499,2722.436947,2722.759951,-0.6825519999997596,-0.3595479999999043,-0.5210499999998319
2021-08-17 12:15:00,2723.120082,2722.43753,2722.760535,-0.6825519999997596,-0.3595470000000205,-0.52104949999989
2021-08-17 12:30:00,2723.118722,2722.435706,2722.761995,-0.6830159999999523,-0.3567270000003191,-0.5198715000001357
2021-08-17 12:45:00,2723.120279,2722.43626,2722.761802,-0.6840190000002622,-0.35847700000022087,-0.5212480000002415
2021-08-17 13:00:00,2723.11697,2722.433655,2722.760926,-0.6833150000002206,-0.3560440000001108,-0.5196795000001657
2021-08-17 13:15:00,2723.116,2722.43568,2722.759276,-0.6803199999999379,-0.35672399999975823,-0.518521999999848
2021-08-17 13:30:00,2723.119302,2722.435018,2722.760339,-0.6842839999999342,-0.3589630000001307,-0.5216235000000324
2021-08-17 13:45:00,2723.118909,2722.437111,2722.760679,-0.6817979999996169,-0.3582299999998213,-0.5200139999997191
2021-08-17 14:15:00,2723.116583,2722.435948,2722.761262,-0.6806350000001657,-0.35532100000000355,-0.5179780000000846
2021-08-17 14:30:00,2723.118909,2722.434899,2722.760739,-0.6840099999999438,-0.3581699999999728,-0.5210899999999583
2021-08-17 14:45:00,2723.118333,2722.436259,2722.760589,-0.6820739999998295,-0.35774399999991147,-0.5199089999998705
2021-08-17 15:15:00,2723.121252,2722.438168,2722.761268,-0.6830839999997806,-0.359983999999713,-0.5215339999997468
2021-08-17 15:30:00,2723.120668,2722.437587,2722.761269,-0.6830810000001293,-0.3593989999999394,-0.5212400000000343
2021-08-17 15:45:00,2723.118333,2722.436702,2722.759612,-0.6816309999999248,-0.3587210000000596,-0.5201759999999922
2021-08-17 16:00:00,2723.121638,2722.438728,2722.762185,-0.6829099999999926,-0.35945300000003044,-0.5211815000000115
2021-08-17 16:15:00,2723.117753,2722.437877,2722.761515,-0.6798760000001494,-0.3562379999998484,-0.5180569999999989
2021-08-17 16:30:00,2723.120668,2722.437607,2722.760932,-0.6830610000001798,-0.35973599999988437,-0.5213985000000321
2021-08-17 17:00:00,2723.112311,2722.434882,2722.761169,-0.6774289999998473,-0.35114199999998164,-0.5142854999999145
2021-08-17 17:15:00,2723.114441,2722.437336,2722.762139,-0.6771050000002106,-0.35230200000023615,-0.5147035000002234
2021-08-17 17:45:00,2723.111728,2722.433839,2722.759415,-0.6778890000000501,-0.3523129999998673,-0.5151009999999587
2021-08-17 18:00:00,2723.114834,2722.435663,2722.760772,-0.6791709999997693,-0.3540619999998853,-0.5166164999998273
2021-08-17 18:15:00,2723.110169,2722.436714,2722.760869,-0.6734550000001036,-0.3492999999998574,-0.5113774999999805
2021-08-17 18:45:00,2723.114251,2722.436284,2722.760922,-0.6779670000000806,-0.35332900000003065,-0.5156480000000556
2021-08-17 19:00:00,2723.116,2722.439051,2722.761939,-0.6769490000001497,-0.3540610000000015,-0.5155050000000756
2021-08-17 19:15:00,2723.116,2722.43637,2722.762672,-0.6796300000000883,-0.35332800000014686,-0.5164790000001176
2021-08-17 19:30:00,2723.116576,2722.438004,2722.762579,-0.6785719999998037,-0.35399699999970835,-0.516284499999756
2021-08-17 19:45:00,2723.116773,2722.436452,2722.761705,-0.6803210000002764,-0.35506800000030125,-0.5176945000002888
2021-08-17 20:00:00,2723.118916,2722.437,2722.760348,-0.6819160000000011,-0.3585680000001048,-0.5202420000000529
2021-08-17 20:15:00,2723.117166,2722.43525,2722.760403,-0.6819160000000011,-0.35676299999977346,-0.5193394999998873
2021-08-17 20:30:00,2723.11561,2722.434709,2722.758791,-0.6809009999997215,-0.35681899999963207,-0.5188599999996768
2021-08-17 20:45:00,2723.117166,2722.435097,2722.758445,-0.6820689999999558,-0.3587210000000596,-0.5203950000000077
2021-08-17 21:00:00,2723.116583,2722.435983,2722.760102,-0.6806000000001404,-0.3564809999998033,-0.5185404999999719
2021-08-17 21:15:00,2723.11678,2722.434543,2722.760011,-0.6822369999999864,-0.3567689999999857,-0.5195029999999861
2021-08-17 21:30:00,2723.117166,2722.436837,2722.761172,-0.6803289999998015,-0.3559940000000097,-0.5181614999999056
2021-08-17 21:45:00,2723.115613,2722.435284,2722.760292,-0.6803289999998015,-0.35532100000000355,-0.5178249999999025
2021-08-17 22:00:00,2723.116007,2722.435409,2722.759669,-0.6805979999999181,-0.35633800000005067,-0.5184679999999844
2021-08-17 22:15:00,2723.116,2722.434242,2722.759236,-0.6817580000001726,-0.356764000000112,-0.5192610000001423
2021-08-17 23:00:00,2723.117166,2722.437623,2722.760685,-0.6795430000001943,-0.3564809999998033,-0.5180119999999988
2021-08-17 23:15:00,2723.11736,2722.437082,2722.761369,-0.6802780000002713,-0.3559910000003583,-0.5181345000003148
2021-08-17 23:30:00,2723.11522,2722.438908,2722.759229,-0.6763120000000526,-0.3559910000003583,-0.5161515000002055
2021-08-17 23:45:00,2723.11736,2722.436616,2722.762535,-0.6807440000002316,-0.35482500000034634,-0.517784500000289
2021-08-18 00:00:00,2723.118719,2722.436225,2722.762145,-0.6824940000001334,-0.3565739999999096,-0.5195340000000215
2021-08-18 00:15:00,2723.119499,2722.435253,2722.761422,-0.6842459999998027,-0.35807699999986653,-0.5211614999998346
2021-08-18 00:30:00,2723.113861,2722.437079,2722.761315,-0.6767820000000029,-0.3525459999996201,-0.5146639999998115
2021-08-18 00:45:00,2723.118329,2722.438049,2722.762772,-0.6802800000000389,-0.35555699999986246,-0.5179184999999507
2021-08-18 01:00:00,2723.11658,2722.435366,2722.762488,-0.6812139999997271,-0.35409200000003693,-0.517652999999882
2021-08-18 01:15:00,2723.118719,2722.438438,2722.762676,-0.6802809999999226,-0.35604300000022704,-0.5181620000000748
2021-08-18 01:30:00,2723.118333,2722.439801,2722.762289,-0.6785319999999047,-0.3560440000001108,-0.5172880000000077
2021-08-18 01:45:00,2723.119499,2722.437734,2722.761949,-0.6817649999998139,-0.35754999999971915,-0.5196574999997665
2021-08-18 02:00:00,2723.119499,2722.437464,2722.760932,-0.6820349999998143,-0.35856699999976627,-0.5203009999997903
2021-08-18 02:15:00,2723.120082,2722.436566,2722.761798,-0.6835160000000542,-0.35828399999991234,-0.5208999999999833
2021-08-18 02:30:00,2723.118136,2722.438584,2722.761655,-0.6795520000000579,-0.35648100000025806,-0.518016500000158
2021-08-18 02:45:00,2723.122408,2722.434924,2722.762429,-0.6874840000000404,-0.35997900000029404,-0.5237315000001672
2021-08-18 03:00:00,2723.120272,2722.438969,2722.762722,-0.6813030000002982,-0.3575500000001739,-0.519426500000236
2021-08-18 03:15:00,2723.120468,2722.436483,2722.762239,-0.6839850000001206,-0.3582289999999375,-0.5211070000000291
2021-08-18 03:30:00,2723.119499,2722.437138,2722.760921,-0.6823610000001281,-0.3585779999998522,-0.5204694999999901
2021-08-18 03:45:00,2723.119889,2722.436354,2722.762329,-0.6835350000001199,-0.3575599999999213,-0.5205475000000206
2021-08-18 04:00:00,2723.118919,2722.437598,2722.763109,-0.6813210000000254,-0.3558100000000195,-0.5185655000000224
2021-08-18 04:15:00,2723.118919,2722.439079,2722.761358,-0.6798399999997855,-0.35756099999980506,-0.5187004999997953
2021-08-18 04:30:00,2723.121252,2722.439662,2722.761208,-0.6815899999996873,-0.36004400000001624,-0.5208169999998518
2021-08-18 04:45:00,2723.121835,2722.439778,2722.763541,-0.6820569999999861,-0.35829400000011447,-0.5201755000000503
2021-08-18 05:15:00,2723.120279,2722.438685,2722.761701,-0.6815940000001319,-0.35857800000030693,-0.5200860000002194
2021-08-18 05:30:00,2723.119889,2722.440511,2722.761595,-0.6793780000002698,-0.35829400000011447,-0.5188360000001921
2021-08-18 06:00:00,2723.120658,2722.437436,2722.761264,-0.6832219999996596,-0.35939399999961097,-0.5213079999996353
2021-08-18 06:30:00,2723.121825,2722.440818,2722.761845,-0.681007000000136,-0.3599800000001778,-0.5204935000001569
2021-08-18 06:45:00,2723.118909,2722.440824,2722.761695,-0.67808500000001,-0.35721399999965797,-0.517649499999834
2021-08-18 07:00:00,2723.119689,2722.439852,2722.763208,-0.6798370000001341,-0.35648100000025806,-0.5181590000001961
2021-08-18 07:15:00,2723.117749,2722.437911,2722.760252,-0.6798380000000179,-0.35749699999996665,-0.5186674999999923
2021-08-18 07:30:00,2723.120082,2722.438028,2722.761851,-0.68205399999988,-0.3582309999997051,-0.5201424999997926
2021-08-18 07:45:00,2723.12475,2722.440244,2722.762869,-0.6845060000000558,-0.36188099999981205,-0.5231934999999339
2021-08-18 08:00:00,2723.124167,2722.437444,2722.759518,-0.6867229999998017,-0.3646490000000995,-0.5256859999999506
2021-08-18 08:15:00,2723.122028,2722.437053,2722.760635,-0.6849749999996675,-0.3613929999996799,-0.5231839999996737
2021-08-18 08:30:00,2723.119499,2722.436271,2722.760535,-0.6832279999998718,-0.3589640000000145,-0.5210959999999432
2021-08-18 08:45:00,2723.122998,2722.438021,2722.761268,-0.6849769999998898,-0.36172999999962485,-0.5233534999997573
2021-08-18 09:00:00,2723.124747,2722.43802,2722.761754,-0.6867269999997916,-0.362992999999733,-0.5248599999997623
2021-08-18 09:30:00,2723.125333,2722.437436,2722.761171,-0.6878969999997935,-0.3641619999998511,-0.5260294999998223
2021-08-18 09:45:00,2723.123584,2722.436377,2722.760438,-0.687206999999944,-0.3631460000001425,-0.5251765000000432
2021-08-18 10:00:00,2723.125917,2722.437426,2722.759271,-0.6884909999998854,-0.36664599999994607,-0.5275684999999157
2021-08-18 10:15:00,2723.125527,2722.437035,2722.760631,-0.6884920000002239,-0.3648960000000443,-0.5266940000001341
2021-08-18 11:00:00,2723.127656,2722.436254,2722.761074,-0.6914019999999255,-0.36658200000010766,-0.5289920000000166
2021-08-18 11:15:00,2723.124164,2722.435205,2722.760491,-0.6889589999996133,-0.36367299999983516,-0.5263159999997242
2021-08-18 11:30:00,2723.115803,2722.432795,2722.758791,-0.6830079999999725,-0.3570119999999406,-0.5200099999999566
2021-08-18 11:45:00,2723.119499,2722.435208,2722.760738,-0.6842910000000302,-0.3587609999999586,-0.5215259999999944
2021-08-18 12:15:00,2723.116,2722.434051,2722.761021,-0.6819489999998041,-0.3549790000001849,-0.5184639999999945
2021-08-18 12:45:00,2723.119499,2722.434052,2722.760737,-0.68544699999984,-0.3587619999998424,-0.5221044999998412
2021-08-18 13:00:00,2723.115414,2722.430669,2722.758837,-0.6847450000000208,-0.3565770000000157,-0.5206610000000182
2021-08-18 13:15:00,2723.117553,2722.433276,2722.759812,-0.6842769999998382,-0.3577410000002601,-0.5210090000000491
2021-08-18 13:30:00,2723.116,2722.435224,2722.760741,-0.6807760000001508,-0.3552589999999327,-0.5180175000000418
2021-08-18 13:45:00,2723.120082,2722.434793,2722.760101,-0.6852890000000116,-0.3599810000000616,-0.5226350000000366
2021-08-18 14:00:00,2723.116387,2722.434597,2722.760638,-0.6817900000000918,-0.35574899999983245,-0.5187694999999621
2021-08-18 14:15:00,2723.116773,2722.434986,2722.761025,-0.6817869999999857,-0.3557480000004034,-0.5187675000001946
2021-08-18 14:30:00,2723.117553,2722.434017,2722.761805,-0.6835360000000037,-0.35574799999994866,-0.5196419999999762
2021-08-18 14:45:00,2723.119499,2722.431986,2722.760247,-0.6875129999998535,-0.3592519999997421,-0.5233824999997978
2021-08-18 15:00:00,2723.116973,2722.432961,2722.76122,-0.6840120000001662,-0.3557530000002771,-0.5198825000002216
2021-08-18 15:15:00,2723.118336,2722.432575,2722.7601,-0.6857610000001841,-0.3582360000000335,-0.5219985000001088
2021-08-18 15:30:00,2723.117166,2722.433325,2722.760833,-0.6838410000000295,-0.356333000000177,-0.5200870000001032
2021-08-18 15:45:00,2723.118333,2722.434493,2722.762531,-0.6838399999996909,-0.3558020000000397,-0.5198209999998653
2021-08-18 16:00:00,2723.119499,2722.433911,2722.762434,-0.6855879999998251,-0.3570649999996931,-0.5213264999997591
2021-08-18 16:45:00,2723.118333,2722.434035,2722.763017,-0.6842979999996714,-0.3553159999996751,-0.5198069999996733
2021-08-18 17:00:00,2723.117749,2722.434851,2722.760683,-0.6828980000000229,-0.35706600000003164,-0.5199820000000273
2021-08-18 17:15:00,2723.117749,2722.435855,2722.761417,-0.6818939999998292,-0.35633199999983844,-0.5191129999998338
2021-08-18 18:00:00,2723.119112,2722.433837,2722.762627,-0.6852749999998196,-0.3564849999997932,-0.5208799999998064
2021-08-18 18:15:00,2723.118522,2722.43532,2722.762101,-0.6832020000001648,-0.35642100000040955,-0.5198115000002872
2021-08-18 18:30:00,2723.117749,2722.436298,2722.760594,-0.6814509999999245,-0.357155000000148,-0.5193030000000363
2021-08-18 18:45:00,2723.115424,2722.435132,2722.762401,-0.6802920000000086,-0.3530230000001211,-0.5166575000000648
2021-08-18 19:00:00,2723.11736,2722.433851,2722.761369,-0.6835090000004129,-0.3559910000003583,-0.5197500000003856
2021-08-18 19:15:00,2723.118136,2722.43611,2722.763364,-0.6820259999999507,-0.3547720000001391,-0.5183990000000449
2021-08-18 19:30:00,2723.117749,2722.436768,2722.761817,-0.6809809999999743,-0.35593199999993885,-0.5184564999999566
2021-08-18 19:45:00,2723.116007,2722.436185,2722.762251,-0.6798220000000583,-0.35375599999997576,-0.516789000000017
2021-08-18 20:00:00,2723.115417,2722.436186,2722.760501,-0.6792310000000725,-0.3549159999997755,-0.517073499999924
2021-08-18 20:30:00,2723.118333,2722.43751,2722.761324,-0.6808229999996911,-0.3570089999998345,-0.5189159999997628
2021-08-18 20:45:00,2723.116776,2722.437704,2722.763021,-0.6790719999999055,-0.3537549999996372,-0.5164134999997714
2021-08-18 21:00:00,2723.118329,2722.436307,2722.762824,-0.6820219999999608,-0.35550499999999374,-0.5187634999999773
2021-08-18 21:15:00,2723.118329,2722.438524,2722.762091,-0.6798049999997602,-0.3562379999998484,-0.5180214999998043
2021-08-18 21:30:00,2723.118329,2722.438058,2722.764238,-0.6802709999997205,-0.3540909999996984,-0.5171809999997095
2021-08-18 22:00:00,2723.117746,2722.43794,2722.763654,-0.6798060000000987,-0.35409200000003693,-0.5169490000000678
2021-08-18 22:15:00,2723.117749,2722.438523,2722.764728,-0.6792260000001988,-0.3530209999998988,-0.5161235000000488
2021-08-18 22:45:00,2723.117163,2722.437893,2722.765257,-0.6792700000000877,-0.3519059999998717,-0.5155879999999797
2021-08-18 23:00:00,2723.118329,2722.439526,2722.766424,-0.6788029999997889,-0.3519049999999879,-0.5153539999998884
2021-08-18 23:15:00,2723.118916,2722.438476,2722.766575,-0.6804400000000896,-0.3523409999997966,-0.5163904999999431
2021-08-18 23:30:00,2723.118916,2722.438942,2722.765841,-0.6799739999996746,-0.3530749999999898,-0.5165244999998322
2021-08-18 23:45:00,2723.116,2722.437773,2722.764391,-0.6782269999998789,-0.35160899999982576,-0.5149179999998523
2021-08-26 00:30:00,2723.117749,2722.40712,2722.75741,-0.7106290000001536,-0.36033899999983987,-0.5354839999999967
2021-08-26 00:45:00,2723.117363,2722.408668,2722.7558,-0.7086949999998069,-0.3615629999999328,-0.5351289999998698
2021-08-26 01:00:00,2723.118726,2722.406812,2722.755413,-0.7119139999999788,-0.3633130000002893,-0.5376135000001341
2021-08-26 01:15:00,2723.117749,2722.407119,2722.756186,-0.7106300000000374,-0.3615629999999328,-0.5360964999999851
2021-08-26 01:45:00,2723.118333,2722.406418,2722.75502,-0.7119149999998626,-0.3633129999998346,-0.5376139999998486
2021-08-26 02:30:00,2723.118722,2722.408556,2722.75716,-0.7101660000002994,-0.361562000000049,-0.5358640000001742
2021-08-26 02:45:00,2723.118916,2722.410385,2722.75702,-0.7085309999997662,-0.36189599999988786,-0.535213499999827
2021-08-26 03:00:00,2723.116583,2722.407585,2722.756437,-0.7089980000000651,-0.3601459999999861,-0.5345720000000256
2021-08-26 03:15:00,2723.117749,2722.406803,2722.757604,-0.7109460000001491,-0.3601450000001023,-0.5355455000001257
2021-08-26 03:30:00,2723.119499,2722.408751,2722.75741,-0.7107479999999669,-0.36208899999974165,-0.5364184999998542
2021-08-26 03:45:00,2723.116,2722.406999,2722.756677,-0.7090010000001712,-0.3593230000001313,-0.5341620000001512
2021-08-26 04:00:00,2723.11736,2722.406877,2722.75702,-0.7104830000002949,-0.3603400000001784,-0.5354115000002366
2021-08-26 04:15:00,2723.11697,2722.406953,2722.75731,-0.7100169999998798,-0.35966000000007625,-0.534838499999978
2021-08-26 04:30:00,2723.118722,2722.409171,2722.757164,-0.7095510000003742,-0.3615580000000591,-0.5355545000002166
2021-08-26 04:45:00,2723.120279,2722.409527,2722.757988,-0.7107520000004115,-0.3622910000003685,-0.53652150000039
2021-08-26 05:00:00,2723.118916,2722.410378,2722.756624,-0.7085379999998622,-0.36229199999979755,-0.5354149999998299
2021-08-26 05:15:00,2723.118333,2722.408779,2722.757994,-0.7095540000000256,-0.36033899999983987,-0.5349464999999327
2021-08-26 05:30:00,2723.117166,2722.410843,2722.758524,-0.7063229999998839,-0.35864200000014534,-0.5324825000000146
2021-08-26 05:45:00,2723.116,2722.409983,2722.756871,-0.7060169999999744,-0.35912899999993897,-0.5325729999999567
2021-08-26 06:00:00,2723.117749,2722.410958,2722.758621,-0.7067910000000666,-0.3591280000000552,-0.5329595000000609
2021-08-26 06:15:00,2723.11736,2722.407885,2722.7577,-0.7094750000001113,-0.35966000000007625,-0.5345675000000938
2021-08-26 06:30:00,2723.118916,2722.410672,2722.757884,-0.7082439999999224,-0.3610319999997955,-0.534637999999859
2021-08-26 06:45:00,2723.117749,2722.409786,2722.757204,-0.707962999999836,-0.3605450000000019,-0.534253999999919
2021-08-26 07:15:00,2723.117749,2722.408033,2722.758954,-0.7097159999998439,-0.3587950000001001,-0.534255499999972
2021-08-26 07:30:00,2723.118916,2722.406517,2722.75837,-0.7123990000000049,-0.3605459999998857,-0.5364724999999453
2021-08-26 07:45:00,2723.119499,2722.407565,2722.756471,-0.7119339999999283,-0.3630279999997583,-0.5374809999998433
2021-08-26 08:00:00,2723.120082,2722.408147,2722.758521,-0.7119349999998121,-0.3615609999997105,-0.5367479999997613
2021-08-26 08:15:00,2723.120665,2722.40873,2722.757637,-0.7119349999998121,-0.3630279999997583,-0.5374814999997852
2021-08-26 08:30:00,2723.117749,2722.409032,2722.757938,-0.7087169999999787,-0.3598109999998087,-0.5342639999998937
2021-08-26 08:45:00,2723.118916,2722.408448,2722.757354,-0.7104679999997643,-0.361562000000049,-0.5360149999999066
2021-08-26 09:00:00,2723.119492,2722.407864,2722.756037,-0.7116280000000188,-0.36345499999970343,-0.5375414999998611
2021-08-26 09:15:00,2723.117166,2722.408445,2722.75662,-0.7087209999999686,-0.3605459999998857,-0.5346334999999272
2021-08-26 09:45:00,2723.119499,2722.409494,2722.756187,-0.7100049999999101,-0.3633119999999508,-0.5366584999999304
2021-08-26 10:45:00,2723.122991,2722.407858,2722.755021,-0.7151330000001508,-0.36797000000024127,-0.541551500000196
2021-08-26 11:00:00,2723.121242,2722.404357,2722.754003,-0.7168850000002749,-0.3672390000001542,-0.5420620000002145
2021-08-26 11:15:00,2723.121242,2722.406107,2722.754737,-0.7151350000003731,-0.366504999999961,-0.5408200000001671
2021-08-26 11:30:00,2723.121248,2722.406271,2722.754491,-0.7149770000000899,-0.3667569999997795,-0.5408669999999347
2021-08-26 11:45:00,2723.123971,2722.405494,2722.754448,-0.7184769999998935,-0.3695229999998446,-0.543999999999869
2021-08-26 12:00:00,2723.123584,2722.406857,2722.755077,-0.7167269999999917,-0.36850700000013603,-0.5426170000000639
2021-08-26 12:15:00,2723.121835,2722.406151,2722.754591,-0.7156839999997828,-0.3672440000000279,-0.5414639999999054
2021-08-26 12:30:00,2723.122808,2722.406659,2722.754885,-0.7161489999998594,-0.36792300000024625,-0.5420360000000528
2021-08-26 12:45:00,2723.124171,2722.408489,2722.754498,-0.7156820000000153,-0.369673000000148,-0.5426775000000816
2021-08-26 13:00:00,2723.122418,2722.407905,2722.754158,-0.7145129999998971,-0.36825999999973646,-0.5413864999998168
2021-08-26 13:15:00,2723.119502,2722.405257,2722.752317,-0.714245000000119,-0.36718500000006316,-0.5407150000000911
2021-08-26 13:30:00,2723.121055,2722.407277,2722.753871,-0.7137780000002749,-0.36718400000017937,-0.5404810000002271
2021-08-26 13:45:00,2723.121245,2722.407001,2722.755751,-0.7142439999997805,-0.36549399999967136,-0.5398689999997259
2021-08-26 14:00:00,2723.122798,2722.40682,2722.754543,-0.7159779999997227,-0.3682549999998628,-0.5421164999997927
2021-08-26 14:15:00,2723.119689,2722.405926,2722.753767,-0.7137630000001991,-0.365921999999955,-0.539842500000077
2021-08-26 14:30:00,2723.119882,2722.403904,2722.752211,-0.7159780000001774,-0.367670999999973,-0.5418245000000752
2021-08-26 14:45:00,2723.118529,2722.404445,2722.750847,-0.7140839999997297,-0.3676820000000589,-0.5408829999998943
2021-08-26 15:00:00,2723.120855,2722.405148,2722.753428,-0.7157070000002932,-0.3674270000001343,-0.5415670000002137
2021-08-26 15:15:00,2723.121838,2722.404527,2722.751917,-0.7173109999998815,-0.36992099999997663,-0.543615999999929
2021-08-26 15:30:00,2723.122808,2722.405809,2722.753621,-0.7169990000002144,-0.3691870000002382,-0.5430930000002263
2021-08-26 15:45:00,2723.121828,2722.408216,2722.753811,-0.7136120000000119,-0.36801699999978155,-0.5408144999998967
2021-08-26 16:00:00,2723.123194,2722.407129,2722.751097,-0.7160649999996167,-0.3720969999999397,-0.5440809999997782
2021-08-26 16:15:00,2723.123974,2722.405976,2722.752364,-0.7179980000000796,-0.3716100000001461,-0.5448040000001129
2021-08-26 16:30:00,2723.121441,2722.405617,2722.752264,-0.7158239999998841,-0.3691769999995813,-0.5425004999997327
2021-08-26 16:45:00,2723.121055,2722.405979,2722.753097,-0.7150759999999536,-0.36795800000027157,-0.5415170000001126
2021-08-26 17:00:00,2723.121828,2722.405004,2722.75387,-0.7168239999996331,-0.3679579999998168,-0.542390999999725
2021-08-26 17:15:00,2723.118329,2722.407687,2722.752403,-0.7106420000000071,-0.3659259999999449,-0.538283999999976
2021-08-26 17:30:00,2723.122611,2722.407839,2722.754991,-0.7147719999998117,-0.36761999999998807,-0.5411959999998999
2021-08-26 17:45:00,2723.121255,2722.406018,2722.754308,-0.7152369999998882,-0.3669469999999819,-0.5410919999999351
2021-08-26 18:00:00,2723.119502,2722.407186,2722.755475,-0.7123160000001008,-0.36402700000007826,-0.5381715000000895
2021-08-26 18:15:00,2723.119502,2722.409404,2722.754741,-0.7100980000000163,-0.3647609999998167,-0.5374294999999165
2021-08-26 18:30:00,2723.118139,2722.406757,2722.752947,-0.7113819999999578,-0.36519200000020646,-0.5382870000000821
2021-08-26 18:45:00,2723.118909,2722.407538,2722.754401,-0.7113709999998719,-0.36450799999965966,-0.5379394999997658
2021-08-26 19:00:00,2723.117743,2722.407349,2722.753967,-0.7103939999997237,-0.3637759999996888,-0.5370849999997063
2021-08-26 19:15:00,2723.119885,2722.408042,2722.753617,-0.7118430000000444,-0.3662680000002183,-0.5390555000001314
2021-08-26 19:30:00,2723.117753,2722.407193,2722.754984,-0.7105599999999868,-0.3627689999998438,-0.5366644999999153
2021-08-26 19:45:00,2723.118919,2722.408093,2722.754891,-0.7108259999999973,-0.36402799999996205,-0.5374269999999797
2021-08-26 20:00:00,2723.117363,2722.408287,2722.755517,-0.7090759999996408,-0.3618459999997867,-0.5354609999997137
2021-08-26 20:15:00,2723.118909,2722.408082,2722.75611,-0.7108269999998811,-0.36279899999999543,-0.5368129999999383
2021-08-26 20:30:00,2723.118522,2722.406539,2722.754257,-0.7119830000001457,-0.3642650000001595,-0.5381240000001526
2021-08-26 20:45:00,2723.118916,2722.40634,2722.75465,-0.7125759999998991,-0.3642660000000433,-0.5384209999999712
2021-08-26 21:00:00,2723.117749,2722.406924,2722.755234,-0.7108250000001135,-0.36251499999980297,-0.5366699999999582
2021-08-26 21:15:00,2723.117166,2722.411789,2722.756548,-0.7053769999997712,-0.36061800000015864,-0.5329974999999649
2021-08-26 21:30:00,2723.117363,2722.406383,2722.75552,-0.7109799999998359,-0.3618429999996806,-0.5364114999997582
2021-08-26 21:45:00,2723.117166,2722.409886,2722.753911,-0.7072800000000825,-0.3632550000002084,-0.5352675000001454
2021-08-26 22:00:00,2723.119499,2722.40529,2722.755228,-0.7142089999997552,-0.36427099999991697,-0.5392399999998361
2021-08-26 22:15:00,2723.116973,2722.408211,2722.754978,-0.7087620000002062,-0.36199500000020635,-0.5353785000002063
2021-08-26 22:30:00,2723.118333,2722.409726,2722.755817,-0.7086070000000291,-0.36251599999968676,-0.5355614999998579
2021-08-26 22:45:00,2723.118719,2722.411594,2722.757221,-0.7071249999999054,-0.3614980000002106,-0.534311500000058
2021-08-26 23:00:00,2723.120658,2722.412364,2722.757654,-0.7082940000000235,-0.3630039999998189,-0.5356489999999212
2021-08-26 23:15:00,2723.120075,2722.411781,2722.75707,-0.7082940000000235,-0.3630049999997027,-0.5356494999998631
2021-08-26 23:30:00,2723.11716,2722.412096,2722.755904,-0.7050639999997657,-0.3612559999996847,-0.5331599999997252
2021-08-27 00:00:00,2723.116773,2722.4077,2722.755274,-0.7090729999999894,-0.3614990000000944,-0.5352860000000419
2021-08-27 00:15:00,2723.11697,2722.407896,2722.756204,-0.7090739999998732,-0.36076600000023973,-0.5349200000000565
2021-08-27 00:30:00,2723.11716,2722.408678,2722.757594,-0.7084820000000036,-0.35956599999963146,-0.5340239999998175
2021-08-27 00:45:00,2723.117743,2722.409728,2722.756487,-0.7080149999997047,-0.3612559999996847,-0.5346354999996947
2021-08-27 01:15:00,2723.117749,2722.41136,2722.756921,-0.7063889999999446,-0.3608279999998558,-0.5336084999999002
2021-08-27 01:30:00,2723.118722,2722.410117,2722.757894,-0.7086050000002615,-0.36082800000031057,-0.534716500000286
2021-08-27 01:45:00,2723.11717,2722.413999,2722.757807,-0.7031710000001112,-0.3593630000000303,-0.5312670000000708
2021-08-27 02:00:00,2723.11542,2722.408831,2722.755175,-0.7065889999998944,-0.36024500000030457,-0.5334170000000995
2021-08-27 02:15:00,2723.114834,2722.40813,2722.754251,-0.7067040000001725,-0.3605830000001333,-0.5336435000001529
2021-08-27 02:30:00,2723.117559,2722.409687,2722.757504,-0.7078719999999521,-0.3600549999996474,-0.5339634999997998
2021-08-27 02:45:00,2723.11717,2722.410778,2722.758338,-0.7063920000000508,-0.358831999999893,-0.5326119999999719
2021-08-27 03:00:00,2723.116003,2722.407663,2722.756438,-0.7083400000001348,-0.3595650000002024,-0.5339525000001686
2021-08-27 03:15:00,2723.118336,2722.409727,2722.757021,-0.7086089999997967,-0.3613150000001042,-0.5349619999999504
2021-08-27 03:30:00,2723.116003,2722.409144,2722.755268,-0.7068589999998949,-0.3607350000002043,-0.5337970000000496
2021-08-27 03:45:00,2723.117753,2722.409877,2722.756491,-0.707875999999942,-0.36126199999989694,-0.5345689999999195
2021-08-27 04:00:00,2723.117556,2722.411431,2722.756821,-0.7061250000001564,-0.3607350000002043,-0.5334300000001804
2021-08-27 04:15:00,2723.119692,2722.410533,2722.757208,-0.7091589999999997,-0.3624840000002223,-0.535821500000111
2021-08-27 04:30:00,2723.115807,2722.409679,2722.755804,-0.7061280000002625,-0.36000300000023344,-0.533065500000248
2021-08-27 04:45:00,2723.118912,2722.411035,2722.757161,-0.7078769999998258,-0.3617509999999129,-0.5348139999998693
2021-08-27 05:00:00,2723.119302,2722.411425,2722.758568,-0.7078770000002805,-0.3607339999998658,-0.5343055000000732
2021-08-27 05:15:00,2723.119689,2722.412981,2722.759108,-0.7067080000001624,-0.360580999999911,-0.5336445000000367
2021-08-27 05:30:00,2723.120079,2722.411197,2722.758859,-0.7088819999999032,-0.3612199999997756,-0.5350509999998394
2021-08-27 05:45:00,2723.11716,2722.40898,2722.757842,-0.7081799999996292,-0.35931799999980285,-0.533748999999716
2021-08-27 06:00:00,2723.118909,2722.412198,2722.757842,-0.7067109999998138,-0.36106699999982084,-0.5338889999998173
2021-08-27 06:15:00,2723.118326,2722.413831,2722.757259,-0.7044949999999517,-0.36106699999982084,-0.5327809999998863
2021-08-27 06:30:00,2723.118912,2722.411031,2722.757162,-0.7078809999998157,-0.3617500000000291,-0.5348154999999224
2021-08-27 07:00:00,2723.118326,2722.412079,2722.758762,-0.706246999999621,-0.3595639999998639,-0.5329054999997425
2021-08-27 07:15:00,2723.117746,2722.409862,2722.758235,-0.7078839999999218,-0.3595110000001114,-0.5336975000000166
2021-08-27 07:30:00,2723.118329,2722.409979,2722.756862,-0.7083499999998821,-0.36146699999972043,-0.5349084999998013
2021-08-27 07:45:00,2723.11658,2722.41266,2722.757595,-0.7039199999999255,-0.3589849999998478,-0.5314524999998866
2021-08-27 08:00:00,2723.118329,2722.410909,2722.755845,-0.707419999999729,-0.36248399999976755,-0.5349519999997483
2021-08-27 08:15:00,2723.117943,2722.410521,2722.755458,-0.7074220000004061,-0.3624850000001061,-0.5349535000002561
2021-08-27 08:30:00,2723.118919,2722.410296,2722.756925,-0.7086229999999887,-0.3619939999998678,-0.5353084999999282
2021-08-27 08:45:00,2723.11717,2722.411496,2722.755909,-0.7056739999998172,-0.36126100000001315,-0.5334674999999152
2021-08-27 09:00:00,2723.118919,2722.412977,2722.756926,-0.70594200000005,-0.361992999999984,-0.533967500000017
2021-08-27 09:45:00,2723.120085,2722.412857,2722.755325,-0.7072280000002138,-0.3647599999999329,-0.5359940000000734
2021-08-27 10:00:00,2723.114837,2722.411106,2722.754101,-0.7037310000000616,-0.3607360000000881,-0.5322335000000749
2021-08-27 10:15:00,2723.117753,2722.410055,2722.754742,-0.707698000000164,-0.36301099999991493,-0.5353545000000395
2021-08-27 10:30:00,2723.118919,2722.411222,2722.754685,-0.7076969999998255,-0.36423400000012407,-0.5359654999999748
2021-08-27 10:45:00,2723.120089,2722.409274,2722.755419,-0.7108149999999114,-0.36466999999993277,-0.5377424999999221
2021-08-27 11:00:00,2723.121838,2722.409004,2722.756098,-0.7128339999999298,-0.36574000000018714,-0.5392870000000585
2021-08-27 11:15:00,2723.121058,2722.406741,2722.754639,-0.714317000000392,-0.36641899999995076,-0.5403680000001714
2021-08-27 11:30:00,2723.121828,2722.409147,2722.755562,-0.712680999999975,-0.366265999999996,-0.5394734999999855
2021-08-27 12:00:00,2723.119495,2722.407403,2722.753759,-0.7120919999997568,-0.3657359999997425,-0.5389139999997496
2021-08-27 12:15:00,2723.117746,2722.405653,2722.752742,-0.7120930000000953,-0.3650039999997716,-0.5385484999999335
2021-08-27 12:30:00,2723.120468,2722.405612,2722.753042,-0.7148560000000543,-0.3674260000002505,-0.5411410000001524
2021-08-27 12:45:00,2723.121055,2722.408414,2722.753628,-0.712641000000076,-0.3674270000001343,-0.5400340000001052
2021-08-27 13:00:00,2723.117749,2722.405657,2722.752805,-0.7120920000002116,-0.3649439999999231,-0.5385180000000673
2021-08-27 13:15:00,2723.117749,2722.406857,2722.753331,-0.710892000000058,-0.36441800000011426,-0.5376550000000861
2021-08-27 13:30:00,2723.118526,2722.408804,2722.753528,-0.7097220000000561,-0.36499800000001414,-0.5373600000000351
2021-08-27 13:45:00,2723.11619,2722.4097,2722.753958,-0.7064900000000307,-0.3622320000004038,-0.5343610000002172
2021-08-27 14:00:00,2723.119495,2722.410087,2722.754835,-0.709407999999712,-0.36465999999973064,-0.5370339999997213
2021-08-27 14:15:00,2723.113468,2722.40678,2722.753192,-0.7066880000002129,-0.36027599999988524,-0.5334820000000491
2021-08-27 14:45:00,2723.117553,2722.409584,2722.755038,-0.7079690000000483,-0.3625150000002577,-0.535242000000153
2021-08-27 15:00:00,2723.117756,2722.407562,2722.754498,-0.7101940000002287,-0.3632580000003145,-0.5367260000002716
2021-08-27 15:15:00,2723.11659,2722.410051,2722.753579,-0.706539000000248,-0.36301099999991493,-0.5347750000000815
2021-08-27 15:30:00,2723.115807,2722.409,2722.753965,-0.7068070000000262,-0.3618420000002516,-0.5343245000001389
2021-08-27 15:45:00,2723.117749,2722.407558,2722.752592,-0.7101910000001226,-0.36515700000018114,-0.5376740000001519
2021-08-27 16:00:00,2723.117746,2722.409192,2722.754492,-0.7085539999998218,-0.36325399999986985,-0.5359039999998458
2021-08-27 16:15:00,2723.11658,2722.408774,2722.753569,-0.7078059999998914,-0.36301099999991493,-0.5354084999999031
2021-08-27 16:30:00,2723.117553,2722.4078,2722.755559,-0.7097530000000916,-0.3619939999998678,-0.5358734999999797
2021-08-27 16:45:00,2723.120275,2722.410722,2722.755859,-0.7095530000001418,-0.3644160000003467,-0.5369845000002442
2021-08-27 17:00:00,2723.11658,2722.40831,2722.754586,-0.7082700000000841,-0.3619939999998678,-0.535131999999976
2021-08-27 17:15:00,2723.11697,2722.410917,2722.755466,-0.7060529999998835,-0.3615039999999681,-0.5337784999999258
2021-08-27 17:30:00,2723.119499,2722.41201,2722.756246,-0.7074889999998959,-0.36325299999998606,-0.535370999999941
2021-08-27 17:45:00,2723.119109,2722.408627,2722.755366,-0.7104820000004111,-0.36374300000034054,-0.5371125000003758
2021-08-27 18:00:00,2723.120079,2722.411533,2722.756093,-0.708545999999842,-0.3639859999998407,-0.5362659999998414
2021-08-27 18:15:00,2723.115997,2722.407731,2722.753269,-0.7082660000000942,-0.362728000000061,-0.5354970000000776
2021-08-27 18:30:00,2723.118329,2722.409784,2722.755022,-0.7085449999999582,-0.3633070000000771,-0.5359260000000177
2021-08-27 18:45:00,2723.118916,2722.409201,2722.754492,-0.7097149999999601,-0.36442399999987174,-0.5370694999999159
2021-08-27 19:00:00,2723.117363,2722.407183,2722.755176,-0.7101800000000367,-0.3621869999997216,-0.5361834999998791
2021-08-27 19:15:00,2723.115424,2722.407459,2722.752749,-0.7079650000000584,-0.36267499999985375,-0.535319999999956
2021-08-27 19:30:00,2723.114451,2722.406486,2722.752941,-0.7079650000000584,-0.36150999999972555,-0.534737499999892
2021-08-27 20:00:00,2723.117746,2722.411545,2722.756249,-0.7062009999999646,-0.36149699999987206,-0.5338489999999183
2021-08-27 20:15:00,2723.115997,2722.410345,2722.756005,-0.7056520000001001,-0.3599919999996928,-0.5328219999998964
2021-08-27 20:30:00,2723.116387,2722.409451,2722.755379,-0.7069360000000415,-0.3610079999998561,-0.5339719999999488
2021-08-27 20:45:00,2723.11717,2722.410691,2722.756436,-0.7064789999999448,-0.3607339999998658,-0.5336064999999053
2021-08-27 21:00:00,2723.113864,2722.410884,2722.754879,-0.702980000000025,-0.3589849999998478,-0.5309824999999364
2021-08-27 21:15:00,2723.115417,2722.409954,2722.755852,-0.7054629999997815,-0.3595650000002024,-0.5325139999999919
2021-08-27 21:45:00,2723.116976,2722.410344,2722.756976,-0.7066319999998996,-0.3599999999996726,-0.5333159999997861
2021-08-27 22:00:00,2723.116003,2722.409367,2722.756002,-0.7066359999998895,-0.3600010000000111,-0.5333184999999503
2021-08-27 22:15:00,2723.115803,2722.409334,2722.755222,-0.7064690000001974,-0.36058100000036575,-0.5335250000002816
2021-08-27 22:30:00,2723.114051,2722.409331,2722.755075,-0.7047200000001794,-0.3589759999999842,-0.5318480000000818
2021-08-27 22:45:00,2723.114254,2722.407463,2722.754932,-0.7067910000000666,-0.3593220000002475,-0.533056500000157
2021-08-27 23:00:00,2723.115227,2722.408437,2722.755225,-0.706789999999728,-0.3600019999998949,-0.5333959999998115
2021-08-28 00:15:00,2723.115617,2722.411042,2722.756295,-0.7045749999997497,-0.35932199999979275,-0.5319484999997712
2021-08-28 00:30:00,2723.115997,2722.409796,2722.757022,-0.7062009999999646,-0.3589750000001004,-0.5325880000000325
2021-08-28 00:45:00,2723.11619,2722.411004,2722.757216,-0.7051860000001398,-0.3589740000002166,-0.5320800000001782
2021-08-28 01:00:00,2723.116576,2722.409641,2722.75726,-0.706934999999703,-0.3593160000000353,-0.5331254999998691
2021-08-28 01:30:00,2723.114634,2722.412595,2722.755659,-0.7020390000002408,-0.3589750000001004,-0.5305070000001706
2021-08-28 01:45:00,2723.115414,2722.411159,2722.756439,-0.7042549999996481,-0.3589750000001004,-0.5316149999998743
2021-08-28 02:15:00,2723.11658,2722.412325,2722.756589,-0.7042550000001029,-0.359990999999809,-0.5321229999999559
2021-08-28 02:30:00,2723.11658,2722.411858,2722.757116,-0.704721999999947,-0.3594639999996616,-0.5320929999998043
2021-08-28 02:45:00,2723.116003,2722.414657,2722.757173,-0.7013460000002851,-0.35883000000012544,-0.5300880000002053
2021-08-28 03:15:00,2723.11581,2722.410766,2722.755756,-0.7050439999998162,-0.3600539999997636,-0.5325489999997899
2021-08-28 03:30:00,2723.117949,2722.413372,2722.756879,-0.704576999999972,-0.36106999999992695,-0.5328234999999495
2021-08-28 03:45:00,2723.11542,2722.414538,2722.756832,-0.7008820000000924,-0.3585880000000543,-0.5297350000000733
2021-08-28 04:00:00,2723.117559,2722.41298,2722.756489,-0.7045789999997396,-0.36106999999992695,-0.5328244999998333
2021-08-28 04:30:00,2723.11484,2722.412787,2722.754839,-0.7020529999999781,-0.3600010000000111,-0.5310269999999946
2021-08-28 05:00:00,2723.115424,2722.413369,2722.756682,-0.7020550000002004,-0.35874199999989287,-0.5303985000000466
2021-08-28 05:30:00,2723.118339,2722.414069,2722.756832,-0.7042700000001787,-0.3615070000000742,-0.5328885000001264
2021-08-28 06:00:00,2723.11659,2722.412586,2722.757849,-0.7040040000001682,-0.3587410000000091,-0.5313725000000886
2021-08-28 06:15:00,2723.116007,2722.415389,2722.757265,-0.7006180000003042,-0.35874199999989287,-0.5296800000000985
2021-08-28 06:30:00,2723.113867,2722.411032,2722.756875,-0.7028350000000501,-0.3569919999999911,-0.5299135000000206
2021-08-28 06:45:00,2723.114837,2722.412001,2722.755515,-0.7028359999999338,-0.3593220000002475,-0.5310790000000907
2021-08-28 07:00:00,2723.11542,2722.412315,2722.756589,-0.7031050000000505,-0.3588310000000092,-0.5309680000000299
2021-08-28 07:45:00,2723.117746,2722.413947,2722.754836,-0.7037989999998899,-0.36290999999982887,-0.5333544999998594
2021-08-28 08:00:00,2723.114441,2722.413674,2722.754786,-0.700767000000269,-0.35965500000020256,-0.5302110000002358
2021-08-28 08:15:00,2723.1158,2722.409317,2722.754396,-0.7064829999999347,-0.36140400000022055,-0.5339435000000776
2021-08-28 08:30:00,2723.114441,2722.413673,2722.755465,-0.7007680000001528,-0.3589759999999842,-0.5298720000000685
2021-08-28 09:00:00,2723.116576,2722.413311,2722.755569,-0.7032650000001013,-0.3610069999999723,-0.5321360000000368
2021-08-28 09:15:00,2723.11541,2722.413075,2722.753669,-0.7023349999999482,-0.36174099999971077,-0.5320379999998295
2021-08-28 09:45:00,2723.114827,2722.411559,2722.753819,-0.7032679999997526,-0.3610079999998561,-0.5321379999998044
2021-08-28 10:15:00,2723.11658,2722.412608,2722.752652,-0.7039719999997942,-0.3639279999997598,-0.533949999999777
2021-08-28 10:30:00,2723.117746,2722.410273,2722.753572,-0.7074729999999363,-0.3641739999998208,-0.5358234999998785
2021-08-28 10:45:00,2723.115414,2722.409689,2722.752989,-0.7057249999998021,-0.3624249999998028,-0.5340749999998025
2021-08-28 11:00:00,2723.120662,2722.410973,2722.754739,-0.7096889999997984,-0.3659229999998388,-0.5378059999998186
2021-08-28 11:15:00,2723.120079,2722.411136,2722.754403,-0.7089429999996355,-0.365675999999894,-0.5373094999997647
2021-08-28 11:30:00,2723.120079,2722.409386,2722.752989,-0.710692999999992,-0.3670899999997346,-0.5388914999998633
2021-08-28 12:00:00,2723.120468,2722.408025,2722.753379,-0.7124429999998938,-0.3670889999998508,-0.5397659999998723
2021-08-28 12:15:00,2723.119689,2722.410165,2722.754503,-0.7095240000003287,-0.36518599999999424,-0.5373550000001615
2021-08-28 12:30:00,2723.118719,2722.407559,2722.754113,-0.7111599999998361,-0.36460600000009435,-0.5378829999999653
2021-08-28 12:45:00,2723.118329,2722.409271,2722.751919,-0.7090579999999136,-0.36641000000008717,-0.5377340000000004
2021-08-28 13:00:00,2723.115414,2722.406157,2722.753673,-0.7092569999999796,-0.36174099999971077,-0.5354989999998452
2021-08-28 13:15:00,2723.117553,2722.408764,2722.752892,-0.7087890000002517,-0.3646610000000692,-0.5367250000001604
2021-08-28 13:30:00,2723.118333,2722.405692,2722.752502,-0.712641000000076,-0.36583100000007107,-0.5392360000000735
2021-08-28 13:45:00,2723.117173,2722.412072,2722.755423,-0.7051010000000133,-0.3617500000000291,-0.5334255000000212
2021-08-28 14:00:00,2723.117756,2722.408959,2722.754499,-0.7087970000002315,-0.36325699999997596,-0.5360270000001037
2021-08-28 14:15:00,2723.119505,2722.411175,2722.75499,-0.7083299999999326,-0.3645150000002104,-0.5364225000000715
2021-08-28 14:30:00,2723.116007,2722.406743,2722.754553,-0.7092640000000756,-0.36145399999986694,-0.5353589999999713
2021-08-28 14:45:00,2723.115224,2722.40713,2722.75372,-0.7080940000000737,-0.3615039999999681,-0.5347990000000209
2021-08-28 15:00:00,2723.118329,2722.410013,2722.75581,-0.7083159999997406,-0.36251899999979287,-0.5354174999997667
2021-08-28 15:30:00,2723.119302,2722.408771,2722.753809,-0.7105310000001737,-0.3654930000002423,-0.538012000000208
2021-08-28 15:45:00,2723.118526,2722.411963,2722.754783,-0.7065630000001875,-0.36374300000034054,-0.535153000000264
2021-08-28 16:00:00,2723.118329,2722.409238,2722.75406,-0.7090909999997166,-0.36426899999969464,-0.5366799999997056
2021-08-28 16:30:00,2723.113664,2722.41029,2722.752745,-0.7033740000001671,-0.3609190000001945,-0.5321465000001808
2021-08-28 16:45:00,2723.11697,2722.409944,2722.754302,-0.7070260000000417,-0.3626680000002125,-0.5348470000001271
2021-08-28 17:00:00,2723.116,2722.407492,2722.754066,-0.7085080000001653,-0.3619340000000193,-0.5352210000000923
2021-08-28 17:45:00,2723.116193,2722.411386,2722.754016,-0.7048069999996187,-0.3621769999999742,-0.5334919999997965
2021-08-28 18:00:00,2723.117363,2722.412079,2722.755176,-0.705283999999665,-0.3621869999997216,-0.5337354999996933
2021-08-28 18:15:00,2723.115424,2722.410605,2722.753236,-0.7048190000000432,-0.36218800000006013,-0.5335035000000516
2021-08-28 18:30:00,2723.116007,2722.410723,2722.755233,-0.7052840000001197,-0.36077400000021953,-0.5330290000001696
2021-08-28 18:45:00,2723.116973,2722.411578,2722.754453,-0.7053949999999531,-0.3625200000001314,-0.5339575000000423
2021-08-28 19:00:00,2723.117746,2722.410882,2722.755227,-0.7068639999997686,-0.36251899999979287,-0.5346914999997807
2021-08-28 19:30:00,2723.11658,2722.407966,2722.752593,-0.7086139999996703,-0.3639869999997245,-0.5363004999996974
2021-08-28 19:45:00,2723.117749,2722.40897,2722.753326,-0.7087790000000496,-0.36442299999998795,-0.5366010000000188
2021-08-28 20:00:00,2723.117556,2722.411771,2722.756049,-0.7057850000001054,-0.3615070000000742,-0.5336460000000898
2021-08-28 20:15:00,2723.117559,2722.409248,2722.754059,-0.7083109999998669,-0.3634999999999309,-0.5359054999998989
2021-08-28 20:30:00,2723.1162,2722.410653,2722.754449,-0.7055470000000241,-0.3617509999999129,-0.5336489999999685
2021-08-28 20:45:00,2723.116003,2722.414156,2722.754252,-0.7018470000002708,-0.3617509999999129,-0.5317990000000918
2021-08-28 21:00:00,2723.115607,2722.410071,2722.753866,-0.705536000000393,-0.3617410000001655,-0.5336385000002792
2021-08-28 21:15:00,2723.117746,2722.412044,2722.755996,-0.7057019999997465,-0.3617500000000291,-0.5337259999998878
2021-08-28 21:30:00,2723.11541,2722.411344,2722.754343,-0.7040659999997843,-0.36106699999982084,-0.5325664999998025
2021-08-28 21:45:00,2723.116193,2722.410492,2722.754442,-0.7057009999998627,-0.3617509999999129,-0.5337259999998878
2021-08-28 22:00:00,2723.115807,2722.410572,2722.755806,-0.7052350000003571,-0.3600010000000111,-0.5326180000001841
2021-08-28 22:45:00,2723.11717,2722.413417,2722.755419,-0.7037529999997787,-0.3617509999999129,-0.5327519999998458
2021-08-28 23:00:00,2723.114837,2722.412833,2722.753086,-0.7020040000002155,-0.3617509999999129,-0.5318775000000642
2021-08-28 23:15:00,2723.114837,2722.410617,2722.75382,-0.7042200000000776,-0.36101700000017445,-0.532618500000126
2021-08-28 23:30:00,2723.116003,2722.41225,2722.754743,-0.7037530000002334,-0.36126000000012937,-0.5325065000001814
2021-08-29 00:00:00,2723.114837,2722.412367,2722.754836,-0.7024700000001758,-0.3600010000000111,-0.5312355000000935
2021-08-29 00:15:00,2723.114254,2722.411783,2722.75576,-0.7024710000000596,-0.35849400000006426,-0.5304825000000619
2021-08-29 00:30:00,2723.116003,2722.413533,2722.756493,-0.7024700000001758,-0.3595100000002276,-0.5309900000002017
2021-08-29 00:45:00,2723.118919,2722.41415,2722.75717,-0.704768999999942,-0.3617490000001453,-0.5332590000000437
2021-08-29 02:00:00,2723.114251,2722.415081,2722.754686,-0.6991699999998673,-0.35956499999974767,-0.5293674999998075
2021-08-29 02:15:00,2723.11522,2722.413368,2722.754639,-0.7018520000001445,-0.360580999999911,-0.5312165000000277
2021-08-29 02:30:00,2723.117743,2722.412672,2722.756003,-0.7050709999998617,-0.361739999999827,-0.5334054999998443
2021-08-29 02:45:00,2723.118909,2722.413373,2722.75833,-0.7055359999999382,-0.3605789999996887,-0.5330574999998134
2021-08-29 03:00:00,2723.116576,2722.414723,2722.75726,-0.7018530000000283,-0.3593160000000353,-0.5305845000000318
2021-08-29 03:15:00,2723.115993,2722.41589,2722.756677,-0.7001029999996717,-0.3593160000000353,-0.5297094999998535
2021-08-29 04:00:00,2723.117549,2722.414692,2722.757501,-0.7028570000002219,-0.36004800000000614,-0.531452500000114
2021-08-29 04:15:00,2723.118329,2722.413721,2722.756873,-0.7046080000000075,-0.36145600000008926,-0.5330320000000484
2021-08-29 04:30:00,2723.117939,2722.41508,2722.75795,-0.7028589999999895,-0.3599890000000414,-0.5314240000000154
2021-08-29 04:45:00,2723.118909,2722.413086,2722.757844,-0.705822999999782,-0.3610649999995985,-0.5334439999996903
2021-08-29 05:00:00,2723.117549,2722.415155,2722.756826,-0.7023939999999129,-0.3607230000002346,-0.5315585000000738
2021-08-29 05:15:00,2723.117163,2722.412397,2722.75644,-0.7047659999998359,-0.36072299999977986,-0.5327444999998079
2021-08-29 05:30:00,2723.117746,2722.414884,2722.757023,-0.7028620000000956,-0.36072299999977986,-0.5317924999999377
2021-08-29 05:45:00,2723.118912,2722.413834,2722.758924,-0.7050779999999577,-0.3599879999997029,-0.5325329999998303
2021-08-29 06:00:00,2723.119495,2722.414728,2722.760181,-0.7047669999997197,-0.35931399999981295,-0.5320404999997663
2021-08-29 06:15:00,2723.120079,2722.413561,2722.758281,-0.70651799999996,-0.3617979999999079,-0.534157999999934
2021-08-29 06:45:00,2723.118326,2722.414248,2722.757261,-0.704077999999754,-0.3610649999995985,-0.5325714999996762
2021-08-29 07:00:00,2723.116576,2722.413429,2722.75551,-0.7031469999997171,-0.36106599999993705,-0.5321064999998271
2021-08-29 07:15:00,2723.118329,2722.415027,2722.756863,-0.7033019999998942,-0.36146599999983664,-0.5323839999998654
2021-08-29 07:30:00,2723.11541,2722.41401,2722.755846,-0.7013999999999214,-0.3595639999998639,-0.5304819999998927
2021-08-29 07:45:00,2723.118329,2722.415024,2722.757596,-0.7033050000000003,-0.360732999999982,-0.5320189999999911
2021-08-29 08:00:00,2723.118329,2722.416774,2722.758087,-0.7015550000000985,-0.3602419999997437,-0.5308984999999211
2021-08-29 08:15:00,2723.11736,2722.415803,2722.758134,-0.7015570000003208,-0.35922600000003513,-0.530391500000178
2021-08-29 08:30:00,2723.117753,2722.414446,2722.756777,-0.7033069999997679,-0.3609759999999369,-0.5321414999998524
2021-08-29 08:45:00,2723.116586,2722.415495,2722.75736,-0.7010909999999058,-0.35922600000003513,-0.5301584999999704
2021-08-29 09:15:00,2723.118336,2722.413742,2722.75561,-0.7045939999998154,-0.3627259999998387,-0.533659999999827
2021-08-29 09:30:00,2723.11717,2722.414325,2722.754443,-0.7028449999997974,-0.3627270000001772,-0.5327859999999873
2021-08-29 09:45:00,2723.118339,2722.411642,2722.755177,-0.7066970000000765,-0.3631620000001021,-0.5349295000000893
2021-08-29 10:15:00,2723.117949,2722.413467,2722.754733,-0.7044820000000982,-0.3632159999997384,-0.5338489999999183
2021-08-29 10:30:00,2723.118336,2722.409421,2722.75337,-0.7089150000001609,-0.36496600000009494,-0.5369405000001279
2021-08-29 10:45:00,2723.11581,2722.408643,2722.752593,-0.707166999999572,-0.3632169999996222,-0.5351919999995971
2021-08-29 11:00:00,2723.11659,2722.409421,2722.752693,-0.7071690000002491,-0.3638970000001791,-0.5355330000002141
2021-08-29 11:15:00,2723.118339,2722.410353,2722.753427,-0.7079859999998916,-0.3649120000000039,-0.5364489999999478
2021-08-29 11:30:00,2723.118922,2722.410936,2722.75401,-0.7079859999998916,-0.3649120000000039,-0.5364489999999478
2021-08-29 11:45:00,2723.119505,2722.411053,2722.755327,-0.7084520000003067,-0.36417800000026546,-0.5363150000002861
2021-08-29 12:15:00,2723.120089,2722.40887,2722.75416,-0.7112189999998009,-0.365929000000051,-0.538573999999926
2021-08-29 12:30:00,2723.118922,2722.410936,2722.753727,-0.7079859999998916,-0.3651950000003126,-0.5365905000001021
2021-08-29 14:00:00,2723.11717,2722.412106,2722.75591,-0.7050639999997657,-0.36126000000012937,-0.5331619999999475
2021-08-29 14:30:00,2723.117556,2722.411323,2722.755073,-0.7062330000003385,-0.3624830000003385,-0.5343580000003385
2021-08-29 14:45:00,2723.118912,2722.41093,2722.755413,-0.7079819999999017,-0.3634990000000471,-0.5357404999999744
2021-08-29 15:00:00,2723.118133,2722.412068,2722.753627,-0.7060649999998532,-0.3645059999998921,-0.5352854999998726
2021-08-29 15:15:00,2723.117163,2722.409617,2722.755423,-0.707546000000093,-0.361739999999827,-0.53464299999996
2021-08-29 16:00:00,2723.121828,2722.408839,2722.7561,-0.7129889999996522,-0.3657279999997627,-0.5393584999997074
2021-08-29 16:15:00,2723.120468,2722.411178,2722.75581,-0.7092900000002373,-0.36465799999996307,-0.5369740000001002
2021-08-29 16:30:00,2723.118526,2722.410985,2722.755126,-0.7075410000002194,-0.36340000000018335,-0.5354705000002014
2021-08-29 16:45:00,2723.120662,2722.409622,2722.754987,-0.7110399999996844,-0.3656750000000102,-0.5383574999998473
2021-08-29 17:15:00,2723.11658,2722.409042,2722.752653,-0.7075379999996585,-0.363926999999876,-0.5357324999997672
2021-08-29 17:30:00,2723.11542,2722.409353,2722.754403,-0.7060670000000755,-0.36101700000017445,-0.533542000000125
2021-08-29 17:45:00,2723.117746,2722.407994,2722.753086,-0.709751999999753,-0.36465999999973064,-0.5372059999997418
2021-08-29 18:00:00,2723.118329,2722.409044,2722.753823,-0.7092849999999089,-0.3645059999998921,-0.5368954999999005
2021-08-29 18:15:00,2723.115607,2722.408072,2722.75285,-0.7075350000000071,-0.36275700000032884,-0.535146000000168
2021-08-29 19:15:00,2723.11678,2722.411184,2722.753036,-0.7055959999997867,-0.3637439999997696,-0.5346699999997782
2021-08-29 19:30:00,2723.118143,2722.414611,2722.753963,-0.7035319999999956,-0.36418000000003303,-0.5338560000000143
2021-08-29 19:45:00,2723.115224,2722.410914,2722.755223,-0.7043100000000777,-0.3600010000000111,-0.5321555000000444
2021-08-29 20:15:00,2723.115993,2722.411852,2722.754253,-0.7041409999997086,-0.361739999999827,-0.5329404999997678
2021-08-29 20:45:00,2723.115024,2722.412352,2722.754974,-0.7026720000003479,-0.36005000000022847,-0.5313610000002882
2021-08-29 21:00:00,2723.11542,2722.414107,2722.7542,-0.7013130000000274,-0.36122000000023036,-0.5312665000001289
2021-08-29 21:15:00,2723.118529,2722.413956,2722.75795,-0.7045729999999821,-0.3605789999996887,-0.5325759999998354
2021-08-29 21:30:00,2723.114837,2722.411858,2722.755326,-0.7029790000001412,-0.3595110000001114,-0.5312450000001263
2021-08-29 21:45:00,2723.11542,2722.412442,2722.754443,-0.7029780000002575,-0.36097700000027544,-0.5319775000002664
2021-08-29 22:30:00,2723.115417,2722.410689,2722.754103,-0.7047280000001592,-0.36131399999976566,-0.5330209999999624
2021-08-29 22:45:00,2723.114834,2722.412322,2722.755756,-0.7025119999998424,-0.35907799999995405,-0.5307949999998982
2021-08-29 23:15:00,2723.11542,2722.411428,2722.754159,-0.7039920000001985,-0.36126100000001315,-0.5326265000001058
2021-08-29 23:45:00,2723.11717,2722.414659,2722.755177,-0.7025109999999586,-0.361992999999984,-0.5322519999999713
2021-08-30 00:30:00,2723.11639,2722.413567,2722.7563,-0.7028230000000804,-0.3600900000001275,-0.5314565000001039
2021-08-30 00:45:00,2723.112698,2722.411623,2722.754203,-0.7010749999999462,-0.35849499999994805,-0.5297849999999471
2021-08-30 01:15:00,2723.116003,2722.41201,2722.75527,-0.7039930000000822,-0.360732999999982,-0.5323630000000321
2021-08-30 01:30:00,2723.11464,2722.414031,2722.753663,-0.7006089999999858,-0.3609769999998207,-0.5307929999999033
2021-08-30 01:45:00,2723.116586,2722.412747,2722.75561,-0.7038390000002437,-0.3609759999999369,-0.5324075000000903
2021-08-30 02:00:00,2723.117556,2722.414183,2722.756823,-0.7033730000002834,-0.360732999999982,-0.5320530000001327
2021-08-30 02:15:00,2723.117163,2722.413323,2722.75643,-0.7038399999996727,-0.360732999999982,-0.5322864999998274
2021-08-30 02:30:00,2723.115993,2722.414381,2722.755944,-0.7016119999998409,-0.36004899999988993,-0.5308304999998654
2021-08-30 02:45:00,2723.114827,2722.410531,2722.757261,-0.7042959999998857,-0.35756599999967875,-0.5309309999997822
2021-08-30 03:00:00,2723.118133,2722.415236,2722.757067,-0.7028970000001209,-0.36106599999993705,-0.531981500000029
2021-08-30 03:15:00,2723.118329,2722.414501,2722.757607,-0.703827999999703,-0.36072199999989607,-0.5322749999997995
2021-08-30 04:00:00,2723.115414,2722.413094,2722.75595,-0.7023199999998724,-0.3594639999996616,-0.530891999999767
2021-08-30 04:15:00,2723.11542,2722.415276,2722.75659,-0.7001439999999093,-0.35883000000012544,-0.5294870000000174
2021-08-30 04:30:00,2723.117163,2722.412627,2722.756683,-0.7045359999997345,-0.36047999999982494,-0.5325079999997797
2021-08-30 04:45:00,2723.11717,2722.413481,2722.756626,-0.7036889999999403,-0.3605440000001181,-0.5321165000000292
2021-08-30 05:00:00,2723.117559,2722.418036,2722.757507,-0.6995229999997719,-0.36005199999999604,-0.529787499999884
2021-08-30 05:15:00,2723.11484,2722.416599,2722.75678,-0.6982410000000527,-0.35806000000002314,-0.5281505000000379
2021-08-30 05:30:00,2723.11484,2722.417333,2722.757796,-0.6975070000003143,-0.35704400000031455,-0.5272755000003144
2021-08-30 05:45:00,2723.117173,2722.4157,2722.757853,-0.7014730000000782,-0.3593200000000252,-0.5303965000000517
2021-08-30 06:00:00,2723.116007,2722.417299,2722.759454,-0.6987079999998969,-0.3565530000000763,-0.5276304999999866
2021-08-30 06:15:00,2723.11659,2722.41465,2722.758287,-0.7019399999999223,-0.35830299999997806,-0.5301214999999502
2021-08-30 06:30:00,2723.114451,2722.414725,2722.757614,-0.6997259999998278,-0.356836999999814,-0.5282814999998209
2021-08-30 06:45:00,2723.118329,2722.417176,2722.75785,-0.7011529999999766,-0.36047899999994115,-0.5308159999999589
2021-08-30 07:00:00,2723.120079,2722.415227,2722.759357,-0.7048519999998462,-0.36072199999989607,-0.5327869999998711
2021-08-30 07:15:00,2723.117163,2722.415542,2722.75819,-0.7016209999997045,-0.3589729999998781,-0.5302969999997913
2021-08-30 07:45:00,2723.115997,2722.412893,2722.758041,-0.703103999999712,-0.35795599999983096,-0.5305299999997715
2021-08-30 08:00:00,2723.114254,2722.41379,2722.754933,-0.7004640000000109,-0.35932099999990896,-0.5298924999999599
2021-08-30 08:30:00,2723.115997,2722.414372,2722.756534,-0.7016249999996944,-0.3594629999997778,-0.5305439999997361
2021-08-30 08:45:00,2723.11483,2722.412035,2722.755367,-0.702795000000151,-0.3594629999997778,-0.5311289999999644
2021-08-30 09:00:00,2723.115414,2722.414099,2722.75644,-0.701314999999795,-0.3589739999997619,-0.5301444999997784
2021-08-30 09:30:00,2723.11483,2722.409505,2722.753617,-0.7053249999999025,-0.36121300000013434,-0.5332690000000184
2021-08-30 09:45:00,2723.11658,2722.412187,2722.75435,-0.7043929999999818,-0.3622299999997267,-0.5333114999998543
2021-08-30 10:00:00,2723.114254,2722.412035,2722.7542,-0.7022190000002411,-0.36005400000021837,-0.5311365000002297
2021-08-30 10:15:00,2723.115997,2722.412618,2722.755516,-0.7033790000000408,-0.36048099999970873,-0.5319299999998748
2021-08-30 10:30:00,2723.11483,2722.408218,2722.751866,-0.7066119999999501,-0.3629639999999199,-0.534787999999935
2021-08-30 10:45:00,2723.118329,2722.409968,2722.752883,-0.708360999999968,-0.36544599999979255,-0.5369034999998803
2021-08-30 11:00:00,2723.117553,2722.408724,2722.75284,-0.7088290000001507,-0.3647129999999379,-0.5367710000000443
2021-08-30 11:15:00,2723.11659,2722.411449,2722.754296,-0.7051409999999123,-0.3622940000000199,-0.5337174999999661
2021-08-30 11:30:00,2723.11736,2722.40736,2722.753716,-0.7100000000000364,-0.36364400000002206,-0.5368220000000292
2021-08-30 11:45:00,2723.118136,2722.408603,2722.752986,-0.7095330000001923,-0.36515000000008513,-0.5373415000001387
2021-08-30 12:00:00,2723.120475,2722.412569,2722.755753,-0.7079060000000936,-0.36472200000025623,-0.5363140000001749
2021-08-30 12:15:00,2723.120862,2722.411206,2722.755123,-0.7096559999999954,-0.36573900000030335,-0.5376975000001494
2021-08-30 12:30:00,2723.119892,2722.410236,2722.752987,-0.7096559999999954,-0.36690500000031534,-0.5382805000001554
2021-08-30 12:45:00,2723.117746,2722.411756,2722.754103,-0.7059899999999288,-0.3636429999996835,-0.5348164999998062
2021-08-30 13:00:00,2723.117553,2722.408881,2722.752893,-0.708672000000206,-0.3646600000001854,-0.5366660000001957
2021-08-30 13:15:00,2723.117943,2722.411796,2722.75206,-0.7061470000003283,-0.36588300000039453,-0.5360150000003614
2021-08-30 13:30:00,2723.115803,2722.40946,2722.754153,-0.7063430000002882,-0.3616500000002816,-0.5339965000002849
2021-08-30 14:00:00,2723.115997,2722.411756,2722.7545,-0.7042409999999109,-0.36149699999987206,-0.5328689999998915
2021-08-30 14:30:00,2723.116776,2722.41032,2722.75357,-0.7064559999998892,-0.36320599999999104,-0.5348309999999401
2021-08-30 15:00:00,2723.115414,2722.412924,2722.753763,-0.7024899999996705,-0.3616509999997106,-0.5320704999996906
2021-08-30 15:15:00,2723.114054,2722.410084,2722.75265,-0.7039700000000266,-0.36140400000022055,-0.5326870000001236
2021-08-30 15:30:00,2723.11581,2722.411251,2722.755567,-0.7045589999997901,-0.3602429999996275,-0.5324009999997088
2021-08-30 15:45:00,2723.117749,2722.413504,2722.754344,-0.7042449999999008,-0.36340500000005704,-0.5338249999999789
2021-08-30 16:00:00,2723.116583,2722.411872,2722.75342,-0.7047109999998611,-0.3631629999999859,-0.5339369999999235
2021-08-30 16:15:00,2723.11483,2722.410286,2722.755077,-0.704544000000169,-0.3597530000001825,-0.5321485000001758
2021-08-30 16:30:00,2723.116,2722.413505,2722.75357,-0.702494999999999,-0.36243000000013126,-0.5324625000000651
2021-08-30 16:45:00,2723.116,2722.412503,2722.752837,-0.7034969999999703,-0.3631629999999859,-0.5333299999999781
2021-08-30 17:00:00,2723.11483,2722.410754,2722.752163,-0.7040759999999864,-0.36266699999987395,-0.5333714999999302
2021-08-30 17:15:00,2723.116973,2722.411262,2722.754827,-0.7057110000000648,-0.3621459999999388,-0.5339285000000018
2021-08-30 17:30:00,2723.117749,2722.41266,2722.755083,-0.7050890000000436,-0.36266599999999016,-0.5338775000000169
2021-08-30 17:45:00,2723.117166,2722.413093,2722.7545,-0.7040729999998803,-0.36266599999999016,-0.5333694999999352
2021-08-30 18:00:00,2723.116583,2722.41251,2722.753426,-0.7040729999998803,-0.3631569999997737,-0.533614999999827
2021-08-30 18:15:00,2723.117166,2722.41356,2722.753276,-0.7036060000000361,-0.3638900000000831,-0.5337480000000596
2021-08-30 18:45:00,2723.117166,2722.413561,2722.754156,-0.7036050000001524,-0.36301000000003114,-0.5333075000000917
2021-08-30 19:15:00,2723.117166,2722.413097,2722.755174,-0.7040689999998904,-0.36199200000010023,-0.5330304999999953
2021-08-30 19:30:00,2723.11561,2722.408858,2722.753617,-0.7067520000000513,-0.361992999999984,-0.5343725000000177
2021-08-30 19:45:00,2723.11483,2722.412044,2722.754587,-0.7027859999998327,-0.36024300000008225,-0.5315144999999575
2021-08-30 20:00:00,2723.115417,2722.415147,2722.75619,-0.7002699999998185,-0.3592269999999189,-0.5297484999998687
2021-08-30 20:15:00,2723.114251,2722.411764,2722.754533,-0.7024870000000192,-0.3597180000001572,-0.5311025000000882
2021-08-30 20:30:00,2723.11678,2722.412545,2722.75507,-0.7042349999996986,-0.36170999999967535,-0.532972499999687
2021-08-30 20:45:00,2723.11484,2722.412821,2722.75488,-0.7020190000002913,-0.3599600000002283,-0.5309895000002598
2021-08-30 21:00:00,2723.116,2722.413991,2722.755614,-0.7020090000000891,-0.3603859999998349,-0.531197499999962
2021-08-30 21:15:00,2723.117166,2722.41372,2722.756929,-0.7034459999999854,-0.36023699999987,-0.5318414999999277
2021-08-30 21:30:00,2723.117749,2722.414459,2722.756046,-0.7032899999999245,-0.3617030000000341,-0.5324964999999793
2021-08-30 21:45:00,2723.11561,2722.413602,2722.75639,-0.7020079999997506,-0.3592199999998229,-0.5306139999997868
2021-08-30 22:00:00,2723.11697,2722.413679,2722.755266,-0.703291000000263,-0.36170399999991787,-0.5324975000000904
2021-08-30 22:30:00,2723.114251,2722.413993,2722.755763,-0.7002579999998488,-0.35848799999985204,-0.5293729999998504
2021-08-30 22:45:00,2723.11561,2722.416835,2722.755656,-0.6987749999998414,-0.3599540000000161,-0.5293644999999287
2021-08-30 23:00:00,2723.11658,2722.415039,2722.754593,-0.7015409999999065,-0.3619869999997718,-0.5317639999998391
2021-08-31 00:30:00,2723.11658,2722.416055,2722.754876,-0.7005249999997432,-0.36170399999991787,-0.5311144999998305
2021-08-31 01:15:00,2723.11522,2722.413213,2722.754983,-0.7020070000003216,-0.36023700000032477,-0.5311220000003232
2021-08-31 01:30:00,2723.114834,2722.412826,2722.755613,-0.7020079999997506,-0.35922100000016144,-0.530614499999956
2021-08-31 01:45:00,2723.114257,2722.412238,2722.75571,-0.7020190000002913,-0.3585470000002715,-0.5302830000002814
2021-08-31 02:15:00,2723.115424,2722.41387,2722.755666,-0.7015540000002147,-0.3597580000000562,-0.5306560000001355
2021-08-31 03:00:00,2723.11659,2722.413286,2722.756347,-0.7033040000001165,-0.36024300000008225,-0.5317735000000994
2021-08-31 03:15:00,2723.115227,2722.413672,2722.75425,-0.7015549999996438,-0.3609769999998207,-0.5312659999997322
2021-08-31 03:30:00,2723.114834,2722.411809,2722.75459,-0.7030249999997977,-0.36024399999996604,-0.5316344999998819
2021-08-31 03:45:00,2723.116,2722.413979,2722.756284,-0.7020210000000588,-0.35971599999993487,-0.5308684999999969
2021-08-31 04:00:00,2723.11639,2722.4129,2722.755657,-0.703490000000329,-0.360732999999982,-0.5321115000001555
2021-08-31 04:15:00,2723.116583,2722.412513,2722.755607,-0.7040699999997742,-0.3609759999999369,-0.5325229999998555
2021-08-31 04:45:00,2723.116583,2722.414727,2722.757357,-0.7018560000001344,-0.35922600000003513,-0.5305410000000848
2021-08-31 05:00:00,2723.116,2722.414143,2722.756774,-0.7018570000000182,-0.35922600000003513,-0.5305415000000266
2021-08-31 05:15:00,2723.116583,2722.413244,2722.758373,-0.7033390000001418,-0.3582099999998718,-0.5307745000000068
2021-08-31 05:30:00,2723.115417,2722.411612,2722.757941,-0.7038050000001022,-0.35747600000013335,-0.5306405000001178
2021-08-31 06:45:00,2723.11678,2722.414215,2722.756047,-0.7025650000000496,-0.360732999999982,-0.5316490000000158
2021-08-31 07:00:00,2723.11483,2722.412969,2722.7573,-0.7018610000000081,-0.35752999999976964,-0.5296954999998889
2021-08-31 07:15:00,2723.11503,2722.413467,2722.755804,-0.7015630000000783,-0.35922600000003513,-0.5303945000000567
2021-08-31 07:45:00,2723.116976,2722.413663,2722.756284,-0.7033129999999801,-0.36069199999974444,-0.5320024999998623
2021-08-31 08:00:00,2723.117749,2722.41222,2722.75604,-0.7055289999998422,-0.36170899999979156,-0.5336189999998169
2021-08-31 08:15:00,2723.117363,2722.414514,2722.756387,-0.7028489999997873,-0.3609759999999369,-0.5319124999998621
2021-08-31 08:45:00,2723.11484,2722.412807,2722.75488,-0.7020330000000286,-0.3599600000002283,-0.5309965000001284
2021-08-31 09:15:00,2723.116007,2722.410473,2722.756047,-0.7055340000001706,-0.3599600000002283,-0.5327470000001995
2021-08-31 09:45:00,2723.115424,2722.413855,2722.756877,-0.7015690000002905,-0.3585470000002715,-0.530058000000281
2021-08-31 10:00:00,2723.116583,2722.411637,2722.755463,-0.7049459999998362,-0.3611200000000281,-0.5330329999999321
2021-08-31 10:15:00,2723.114251,2722.413,2722.75503,-0.7012509999999565,-0.35922100000016144,-0.530236000000059
2021-08-31 10:30:00,2723.118333,2722.410352,2722.754447,-0.707981000000018,-0.3638860000000932,-0.5359335000000556
2021-08-31 10:45:00,2723.118916,2722.413617,2722.754976,-0.7052989999997408,-0.3639399999997295,-0.5346194999997351
2021-08-31 11:00:00,2723.116583,2722.408601,2722.753713,-0.7079819999999017,-0.36286999999992986,-0.5354259999999158
2021-08-31 11:15:00,2723.119499,2722.410233,2722.753864,-0.7092659999998432,-0.3656350000001112,-0.5374504999999772
2021-08-31 11:30:00,2723.118719,2722.409734,2722.753083,-0.7089850000002116,-0.36563599999999497,-0.5373105000001033
2021-08-31 12:00:00,2723.122798,2722.411909,2722.756484,-0.7108889999999519,-0.3663139999998748,-0.5386014999999134
2021-08-31 12:15:00,2723.120668,2722.411405,2722.755757,-0.7092630000001918,-0.3649110000001201,-0.537087000000156
2021-08-31 13:15:00,2723.117749,2722.409925,2722.752843,-0.7078240000000733,-0.3649059999997917,-0.5363649999999325
2021-08-31 13:30:00,2723.116583,2722.410974,2722.751923,-0.705609000000095,-0.3646600000001854,-0.5351345000001402
2021-08-31 13:45:00,2723.11639,2722.408834,2722.7528,-0.7075560000002952,-0.363589999999931,-0.5355730000001131
2021-08-31 14:00:00,2723.118529,2722.411441,2722.753136,-0.7070879999996578,-0.36539300000004005,-0.5362404999998489
2021-08-31 14:15:00,2723.118139,2722.412533,2722.7547,-0.7056059999999889,-0.3634390000001986,-0.5345225000000937
2021-08-31 14:30:00,2723.11678,2722.409226,2722.754356,-0.7075539999996181,-0.36242399999991903,-0.5349889999997686
2021-08-31 14:45:00,2723.117749,2722.410196,2722.755326,-0.7075530000001891,-0.36242300000003524,-0.5349880000001122
2021-08-31 15:00:00,2723.114054,2722.409886,2722.753383,-0.7041680000002088,-0.36067099999991115,-0.53241950000006
2021-08-31 15:15:00,2723.115417,2722.413466,2722.75396,-0.7019510000000082,-0.36145699999997305,-0.5317039999999906
2021-08-31 15:30:00,2723.116,2722.411835,2722.754746,-0.7041650000001027,-0.36125399999991714,-0.5327095000000099
2021-08-31 15:45:00,2723.116,2722.411369,2722.75548,-0.7046310000000631,-0.3605200000001787,-0.5325755000001209
2021-08-31 16:15:00,2723.117553,2722.411174,2722.755133,-0.7063790000001973,-0.36241999999992913,-0.5343995000000632
2021-08-31 16:30:00,2723.118522,2722.41436,2722.75537,-0.7041619999999966,-0.36315200000035475,-0.5336570000001757
2021-08-31 16:45:00,2723.119885,2722.413974,2722.756734,-0.7059110000000146,-0.3631510000000162,-0.5345310000000154
2021-08-31 17:15:00,2723.116,2722.410679,2722.75533,-0.7053209999999126,-0.36067000000002736,-0.53299549999997
2021-08-31 17:30:00,2723.116387,2722.411066,2722.753287,-0.7053209999999126,-0.3631000000000313,-0.5342104999999719
2021-08-31 18:00:00,2723.114251,2722.409624,2722.754096,-0.7046270000000732,-0.3601549999998497,-0.5323909999999614
2021-08-31 18:15:00,2723.114834,2722.412424,2722.753663,-0.7024099999998725,-0.361171000000013,-0.5317904999999428
2021-08-31 18:30:00,2723.116,2722.412577,2722.75551,-0.7034229999999297,-0.36049000000002707,-0.5319564999999784
2021-08-31 18:45:00,2723.117166,2722.410792,2722.755754,-0.7063739999998688,-0.36141200000020035,-0.5338930000000346
2021-08-31 19:15:00,2723.116,2722.409895,2722.755266,-0.7061050000002069,-0.3607339999998658,-0.5334195000000364
2021-08-31 19:30:00,2723.116,2722.411844,2722.754587,-0.7041559999997844,-0.36141300000008414,-0.5327844999999343
2021-08-31 19:45:00,2723.116576,2722.410795,2722.754683,-0.7057810000001155,-0.36189299999978175,-0.5338369999999486
2021-08-31 20:00:00,2723.11541,2722.41231,2722.75425,-0.7030999999997221,-0.3611599999999271,-0.5321299999998246
2021-08-31 20:30:00,2723.118916,2722.411851,2722.754014,-0.7070650000000569,-0.3649019999998018,-0.5359834999999293
2021-08-31 20:45:00,2723.117749,2722.414061,2722.757027,-0.7036880000000565,-0.36072199999989607,-0.5322049999999763
2021-08-31 21:15:00,2723.118336,2722.413012,2722.755427,-0.7053240000000187,-0.3629089999999451,-0.5341164999999819
2021-08-31 21:30:00,2723.114251,2722.409629,2722.75426,-0.7046219999997447,-0.359990999999809,-0.5323064999997769
2021-08-31 22:00:00,2723.115417,2722.409626,2722.752506,-0.7057909999998628,-0.3629110000001674,-0.5343510000000151
2021-08-31 22:15:00,2723.116583,2722.410059,2722.754833,-0.7065240000001722,-0.3617500000000291,-0.5341370000001007
2021-08-31 22:45:00,2723.11717,2722.411846,2722.756437,-0.7053240000000187,-0.360732999999982,-0.5330285000000003
2021-08-31 23:15:00,2723.11639,2722.412548,2722.755716,-0.7038420000003498,-0.36067400000001726,-0.5322580000001835
2021-09-01 00:00:00,2723.11483,2722.412467,2722.75478,-0.7023629999998775,-0.3600499999997737,-0.5312064999998256
2021-09-01 00:30:00,2723.114251,2722.413637,2722.755951,-0.7006139999998595,-0.35829999999987194,-0.5294569999998657
2021-09-01 01:00:00,2723.116583,2722.410522,2722.75586,-0.7060609999998633,-0.36072299999977986,-0.5333919999998216
2021-09-01 01:45:00,2723.116387,2722.413007,2722.755663,-0.7033799999999246,-0.3607240000001184,-0.5320520000000215
2021-09-01 02:00:00,2723.115024,2722.41414,2722.756576,-0.7008840000003147,-0.358447999999953,-0.5296660000001339
2021-09-01 02:30:00,2723.11716,2722.41553,2722.756963,-0.7016299999995681,-0.360196999999971,-0.5309134999997696
2021-09-01 02:45:00,2723.114251,2722.41231,2722.755947,-0.7019409999998061,-0.35830399999986184,-0.530122499999834
2021-09-01 03:00:00,2723.11541,2722.413313,2722.755267,-0.702096999999867,-0.36014299999988,-0.5311199999998735
2021-09-01 03:15:00,2723.117743,2722.412427,2722.75634,-0.7053159999995842,-0.361402999999882,-0.5333594999997331
2021-09-01 03:30:00,2723.118909,2722.415529,2722.756,-0.7033799999999246,-0.3629089999999451,-0.5331444999999349
2021-09-01 03:45:00,2723.116,2722.412309,2722.753759,-0.7036910000001626,-0.36224099999981263,-0.5329659999999876
2021-09-01 04:15:00,2723.117743,2722.412426,2722.75585,-0.7053169999999227,-0.36189299999978175,-0.5336049999998522
2021-09-01 04:30:00,2723.11639,2722.412231,2722.755166,-0.7041590000003453,-0.36122400000022026,-0.5326915000002828
2021-09-01 04:45:00,2723.118919,2722.415227,2722.75668,-0.7036920000000464,-0.36223900000004505,-0.5329655000000457
2021-09-01 05:00:00,2723.116003,2722.410828,2722.755513,-0.7051750000000538,-0.36049000000002707,-0.5328325000000405
2021-09-01 05:30:00,2723.116586,2722.41316,2722.756096,-0.7034260000000359,-0.36049000000002707,-0.5319580000000315
2021-09-01 05:45:00,2723.11542,2722.411993,2722.75493,-0.7034269999999196,-0.36049000000002707,-0.5319584999999734
2021-09-01 06:00:00,2723.11503,2722.409852,2722.75454,-0.70517800000016,-0.36049000000002707,-0.5328340000000935
2021-09-01 06:15:00,2723.116,2722.413038,2722.754777,-0.7029619999998431,-0.3612229999998817,-0.5320924999998624
2021-09-01 06:30:00,2723.117749,2722.414519,2722.756527,-0.703230000000076,-0.36122199999999793,-0.532226000000037
2021-09-01 07:00:00,2723.117743,2722.412419,2722.75828,-0.705323999999564,-0.3594629999997778,-0.5323934999996709
2021-09-01 07:15:00,2723.116773,2722.412918,2722.756784,-0.7038550000002033,-0.3599890000000414,-0.5319220000001224
2021-09-01 07:30:00,2723.117749,2722.41261,2722.754107,-0.7051390000001447,-0.36364199999979974,-0.5343904999999722
2021-09-01 07:45:00,2723.116,2722.41114,2722.754597,-0.704859999999826,-0.361402999999882,-0.533131499999854
2021-09-01 08:00:00,2723.118916,2722.411094,2722.755764,-0.707821999999851,-0.3631519999999,-0.5354869999998755
2021-09-01 08:30:00,2723.118136,2722.412062,2722.75668,-0.7060740000001715,-0.36145600000008926,-0.5337650000001304
2021-09-01 09:00:00,2723.11619,2722.411864,2722.757217,-0.7043260000000373,-0.35897300000033283,-0.5316495000001851
2021-09-01 09:15:00,2723.116,2722.41214,2722.754053,-0.703860000000077,-0.3619469999998728,-0.5329034999999749
2021-09-01 09:30:00,2723.117166,2722.409778,2722.75328,-0.7073879999998098,-0.3638860000000932,-0.5356369999999515
2021-09-01 10:00:00,2723.118529,2722.412921,2722.755904,-0.7056079999997564,-0.3626249999997526,-0.5341164999997545
2021-09-01 10:15:00,2723.119499,2722.413891,2722.756343,-0.7056079999997564,-0.3631559999998899,-0.5343819999998232
2021-09-01 10:30:00,2723.117166,2722.413307,2722.756777,-0.7038590000001932,-0.360388999999941,-0.5321240000000671
2021-09-01 10:45:00,2723.116973,2722.411363,2722.754833,-0.7056099999999788,-0.3621400000001813,-0.53387500000008
2021-09-01 11:15:00,2723.118722,2722.411631,2722.756097,-0.7070910000002186,-0.36262500000020736,-0.534858000000213
2021-09-01 11:45:00,2723.120668,2722.410358,2722.754543,-0.7103099999999358,-0.3661250000000109,-0.5382174999999734
2021-09-01 12:30:00,2723.119889,2722.41089,2722.754833,-0.7089989999999489,-0.3650560000000951,-0.537027500000022
2021-09-01 13:00:00,2723.119885,2722.409303,2722.75376,-0.7105820000001586,-0.3661250000000109,-0.5383535000000848
2021-09-01 13:15:00,2723.121242,2722.412876,2722.7541,-0.7083660000002965,-0.36714200000005803,-0.5377540000001773
2021-09-01 13:45:00,2723.118139,2722.408986,2722.755503,-0.7091530000002422,-0.3626360000002933,-0.5358945000002677
2021-09-01 14:15:00,2723.118726,2722.410619,2722.754587,-0.7081069999999272,-0.36413900000025023,-0.5361230000000887
2021-09-01 14:45:00,2723.120668,2722.411982,2722.753769,-0.7086859999999433,-0.3668990000001031,-0.5377925000000232
2021-09-01 15:00:00,2723.118722,2722.412533,2722.75634,-0.7061889999999948,-0.36238200000025245,-0.5342855000001236
2021-09-01 15:15:00,2723.120662,2722.410507,2722.75536,-0.7101549999997587,-0.36530199999970137,-0.53772849999973
2021-09-01 15:30:00,2723.118329,2722.408173,2722.753516,-0.7101560000000973,-0.3648129999996854,-0.5374844999998913
2021-09-01 15:45:00,2723.116193,2722.411753,2722.75556,-0.7044399999999769,-0.3606329999997797,-0.5325364999998783
2021-09-01 16:15:00,2723.116003,2722.408063,2722.752602,-0.7079400000002352,-0.36340100000006714,-0.5356705000001512
2021-09-01 16:30:00,2723.118339,2722.413932,2722.755276,-0.7044070000001739,-0.3630630000002384,-0.5337350000002061
2021-09-01 17:00:00,2723.120475,2722.413853,2722.756397,-0.7066220000001522,-0.3640780000000632,-0.5353500000001077
2021-09-01 17:15:00,2723.11678,2722.409379,2722.754886,-0.7074009999996633,-0.36189399999966554,-0.5346474999996644
2021-09-01 17:30:00,2723.116197,2722.411011,2722.754293,-0.705185999999685,-0.36190399999986766,-0.5335449999997763
2021-09-01 17:45:00,2723.116973,2722.41272,2722.75507,-0.7042530000003353,-0.3619029999999839,-0.5330780000001596
2021-09-01 18:15:00,2723.11717,2722.412452,2722.75649,-0.7047179999999571,-0.36067999999977474,-0.5326989999998659
2021-09-01 19:00:00,2723.119309,2722.408991,2722.75639,-0.7103180000003704,-0.3629190000001472,-0.5366185000002588
2021-09-01 19:15:00,2723.11678,2722.409847,2722.756294,-0.7069329999999354,-0.36048600000003717,-0.5337094999999863
2021-09-01 19:30:00,2723.119502,2722.413349,2722.755363,-0.7061530000000857,-0.3641389999997955,-0.5351459999999406
2021-09-01 19:45:00,2723.11503,2722.409143,2722.754876,-0.7058870000000752,-0.3601539999999659,-0.5330205000000205
2021-09-01 20:00:00,2723.119299,2722.411673,2722.756236,-0.7076259999998911,-0.36306299999978364,-0.5353444999998374
2021-09-01 20:15:00,2723.119689,2722.41308,2722.757797,-0.7066090000002987,-0.36189199999989796,-0.5342505000000983
2021-09-01 20:30:00,2723.118326,2722.4107,2722.755943,-0.7076259999998911,-0.3623829999996815,-0.5350044999997863
2021-09-01 20:45:00,2723.118909,2722.414516,2722.756,-0.7043929999999818,-0.3629089999999451,-0.5336509999999635
2021-09-01 21:00:00,2723.119492,2722.411133,2722.755849,-0.7083589999997457,-0.3636429999996835,-0.5360009999997146
2021-09-01 21:30:00,2723.116576,2722.411717,2722.756433,-0.7048589999999422,-0.36014299999988,-0.5325009999999111
2021-09-01 21:45:00,2723.117743,2722.408917,2722.754099,-0.7088259999995898,-0.3636439999995673,-0.5362349999995786
2021-09-01 22:00:00,2723.119106,2722.412497,2722.755746,-0.7066090000002987,-0.36336000000028434,-0.5349845000002915
2021-09-01 22:15:00,2723.11697,2722.413113,2722.755513,-0.7038569999999709,-0.36145699999997305,-0.532656999999972
2021-09-01 22:30:00,2723.118522,2722.412916,2722.758083,-0.7056059999999889,-0.36043900000004214,-0.5330225000000155
2021-09-01 22:45:00,2723.117749,2722.412143,2722.757026,-0.7056059999999889,-0.36072299999977986,-0.5331644999998844
2021-09-01 23:00:00,2723.117749,2722.413893,2722.75731,-0.7038560000000871,-0.36043900000004214,-0.5321475000000646
2021-09-01 23:15:00,2723.118916,2722.41331,2722.75746,-0.7056059999999889,-0.36145600000008926,-0.5335310000000391
2021-09-01 23:45:00,2723.116776,2722.413386,2722.757353,-0.703389999999672,-0.3594229999998788,-0.5314064999997754
2021-09-02 00:00:00,2723.113081,2722.411129,2722.754389,-0.701951999999892,-0.35869199999979173,-0.5303219999998419
2021-09-02 00:15:00,2723.113081,2722.412612,2722.75614,-0.7004689999998845,-0.35694100000000617,-0.5287049999999454
2021-09-02 00:30:00,2723.11483,2722.412879,2722.756626,-0.7019510000000082,-0.3582040000001143,-0.5300775000000613
2021-09-02 00:45:00,2723.113081,2722.41436,2722.7573,-0.6987209999997503,-0.35578099999975166,-0.527250999999751
2021-09-02 01:00:00,2723.117166,2722.415993,2722.75745,-0.7011729999999261,-0.35971599999993487,-0.5304444999999305
2021-09-02 01:45:00,2723.115224,2722.415799,2722.755849,-0.6994250000002467,-0.359375,-0.5294000000001233
2021-09-02 02:00:00,2723.114834,2722.414363,2722.756877,-0.7004710000001069,-0.3579570000001695,-0.5292140000001382
2021-09-02 02:45:00,2723.115417,2722.413772,2722.756443,-0.7016450000000987,-0.3589739999997619,-0.5303094999999303
2021-09-02 03:00:00,2723.113861,2722.413388,2722.757406,-0.7004729999998744,-0.3564549999996416,-0.528463999999758
2021-09-02 03:30:00,2723.11561,2722.413697,2722.756389,-0.7019129999998768,-0.3592209999997067,-0.5305669999997917
2021-09-02 03:45:00,2723.116,2722.41365,2722.758033,-0.702350000000024,-0.3579669999999169,-0.5301584999999704
2021-09-02 04:15:00,2723.114247,2722.414238,2722.755556,-0.7000090000001364,-0.35869099999990794,-0.5293500000000222
2021-09-02 04:30:00,2723.116583,2722.413656,2722.754442,-0.7029269999998178,-0.3621410000000651,-0.5325339999999414
2021-09-02 04:45:00,2723.116583,2722.413654,2722.756133,-0.7029290000000401,-0.36045000000012806,-0.5316895000000841
2021-09-02 05:30:00,2723.115417,2722.413501,2722.75619,-0.7019159999999829,-0.3592269999999189,-0.5305714999999509
2021-09-02 05:45:00,2723.116,2722.412334,2722.754816,-0.7036659999998847,-0.3611839999998665,-0.5324249999998756
2021-09-02 06:00:00,2723.11561,2722.413694,2722.75565,-0.7019159999999829,-0.35995999999977357,-0.5309379999998782
2021-09-02 06:15:00,2723.118139,2722.413303,2722.75769,-0.7048360000003413,-0.36044900000024427,-0.5326425000002928
2021-09-02 06:30:00,2723.11678,2722.413227,2722.75808,-0.7035529999998289,-0.35869999999977153,-0.5311264999998002
2021-09-02 06:45:00,2723.118916,2722.414079,2722.757207,-0.7048369999997703,-0.36170899999979156,-0.533272999999781
2021-09-02 07:00:00,2723.117363,2722.412752,2722.75667,-0.7046109999996588,-0.3606929999996282,-0.5326519999996435
2021-09-02 07:15:00,2723.117166,2722.414076,2722.757797,-0.7030899999999747,-0.3593689999997878,-0.5312294999998812
2021-09-02 07:30:00,2723.116776,2722.411469,2722.756336,-0.7053069999997206,-0.36043999999992593,-0.5328734999998233
2021-09-02 07:45:00,2723.11658,2722.412754,2722.755892,-0.7038259999999354,-0.36068799999975454,-0.532256999999845
2021-09-02 08:15:00,2723.118329,2722.412752,2722.756909,-0.705576999999721,-0.3614199999997254,-0.5334984999997232
2021-09-02 08:30:00,2723.118916,2722.413919,2722.756042,-0.7049969999998211,-0.36287399999991976,-0.5339354999998704
2021-09-02 09:00:00,2723.119499,2722.414501,2722.7574,-0.7049979999997049,-0.36209899999994377,-0.5335484999998243
2021-09-02 09:30:00,2723.122414,2722.413917,2722.757549,-0.7084970000000794,-0.3648650000000089,-0.5366810000000442
2021-09-02 09:45:00,2723.11736,2722.41061,2722.755709,-0.7067500000002838,-0.36165100000016537,-0.5342005000002246
2021-09-02 10:00:00,2723.118329,2722.41251,2722.755212,-0.7058189999997921,-0.3631169999998747,-0.5344679999998334
2021-09-02 10:45:00,2723.117746,2722.412942,2722.754629,-0.7048039999999673,-0.3631169999998747,-0.533960499999921
2021-09-02 11:00:00,2723.119499,2722.41131,2722.756377,-0.7081889999999476,-0.36312199999974837,-0.535655499999848
2021-09-02 11:30:00,2723.118912,2722.414109,2722.756677,-0.7048030000000836,-0.36223500000005515,-0.5335190000000694
2021-09-02 11:45:00,2723.119495,2722.41146,2722.756527,-0.708035000000109,-0.3629679999999098,-0.5355015000000094
2021-09-02 12:00:00,2723.119499,2722.411309,2722.75536,-0.7081899999998313,-0.3641389999997955,-0.5361644999998134
2021-09-02 12:45:00,2723.117163,2722.409946,2722.755454,-0.7072169999996731,-0.36170899999979156,-0.5344629999997323
2021-09-02 13:00:00,2723.11658,2722.411579,2722.75662,-0.705000999999811,-0.35995999999977357,-0.5324804999997923
2021-09-02 13:15:00,2723.117746,2722.410996,2722.755303,-0.706749999999829,-0.36244299999998475,-0.5345964999999069
2021-09-02 13:30:00,2723.119302,2722.410803,2722.755844,-0.708498999999847,-0.3634580000002643,-0.5359785000000556
2021-09-02 13:45:00,2723.119109,2722.41236,2722.7574,-0.7067490000004,-0.3617090000002463,-0.5342290000003231
2021-09-02 14:15:00,2723.11697,2722.410221,2722.755602,-0.7067489999999452,-0.3613679999998567,-0.534058499999901
2021-09-02 14:30:00,2723.117749,2722.408319,2722.754632,-0.7094299999998839,-0.3631169999998747,-0.5362734999998793
2021-09-02 14:45:00,2723.118333,2722.40937,2722.756233,-0.7089630000000398,-0.36209999999982756,-0.5355314999999337
2021-09-02 15:00:00,2723.117749,2722.409521,2722.756382,-0.7082279999999628,-0.3613669999999729,-0.5347974999999678
2021-09-02 15:15:00,2723.118333,2722.410571,2722.755459,-0.7077620000000024,-0.36287399999991976,-0.5353179999999611
2021-09-02 15:30:00,2723.118916,2722.408938,2722.755026,-0.7099779999998646,-0.3638900000000831,-0.5369339999999738
2021-09-02 15:45:00,2723.118722,2722.408745,2722.753419,-0.7099769999999808,-0.3653030000000399,-0.5376400000000103
2021-09-02 16:00:00,2723.120668,2722.411937,2722.755366,-0.7087310000001708,-0.3653020000001561,-0.5370165000001634
2021-09-02 16:30:00,2723.118333,2722.412521,2722.75473,-0.7058119999996961,-0.3636029999997845,-0.5347074999997403
2021-09-02 16:45:00,2723.117749,2722.411472,2722.755896,-0.7062770000002274,-0.36185299999988274,-0.5340650000000551
2021-09-02 17:15:00,2723.117749,2722.411474,2722.755613,-0.7062750000000051,-0.3621360000001914,-0.5342055000000983
2021-09-02 17:30:00,2723.118916,2722.409422,2722.756046,-0.7094939999997223,-0.36286999999992986,-0.5361819999998261
2021-09-02 17:45:00,2723.117749,2722.409725,2722.754146,-0.7080240000000231,-0.3636029999997845,-0.5358134999999038
2021-09-02 18:00:00,2723.11561,2722.409335,2722.75449,-0.7062750000000051,-0.3611200000000281,-0.5336975000000166
2021-09-02 18:15:00,2723.11658,2722.410306,2722.754875,-0.7062739999996666,-0.36170499999980166,-0.5339894999997341
2021-09-02 18:30:00,2723.118329,2722.407779,2722.755892,-0.7105499999997846,-0.3624369999997725,-0.5364934999997786
2021-09-02 18:45:00,2723.11658,2722.410308,2722.754195,-0.706271999999899,-0.3623849999999038,-0.5343284999999014
2021-09-02 19:00:00,2723.11522,2722.410698,2722.755265,-0.7045219999999972,-0.35995500000035463,-0.5322385000001759
2021-09-02 19:15:00,2723.115027,2722.408289,2722.755072,-0.7067379999998593,-0.3599549999998999,-0.5333464999998796
2021-09-02 20:00:00,2723.115997,2722.409415,2722.755309,-0.7065819999997984,-0.36068799999975454,-0.5336349999997765
2021-09-02 20:15:00,2723.11561,2722.40934,2722.754426,-0.7062699999996767,-0.3611839999998665,-0.5337269999997716
2021-09-02 20:30:00,2723.11483,2722.408829,2722.757636,-0.7060010000000148,-0.3571940000001632,-0.531597500000089
2021-09-02 20:45:00,2723.118912,2722.410895,2722.757149,-0.7080169999999271,-0.3617629999998826,-0.5348899999999048
2021-09-02 21:00:00,2723.114444,2722.40919,2722.755936,-0.7052539999999681,-0.35850799999980154,-0.5318809999998848
2021-09-02 21:15:00,2723.116007,2722.409584,2722.757063,-0.7064230000000862,-0.358944000000065,-0.5326835000000756
2021-09-02 21:30:00,2723.116007,2722.409273,2722.755799,-0.7067339999998694,-0.3602080000000569,-0.5334709999999632
2021-09-02 21:45:00,2723.113674,2722.410625,2722.754729,-0.7030490000001919,-0.3589449999999488,-0.5309970000000703
2021-09-02 22:00:00,2723.115424,2722.40869,2722.756479,-0.7067339999998694,-0.3589449999999488,-0.5328394999999091
2021-09-02 22:15:00,2723.114837,2722.409586,2722.75633,-0.705250999999862,-0.35850699999991775,-0.5318789999998899
2021-09-02 22:30:00,2723.11484,2722.408107,2722.755896,-0.7067329999999856,-0.358944000000065,-0.5328385000000253
2021-09-02 22:45:00,2723.11484,2722.410323,2722.756382,-0.7045170000001235,-0.35845800000015515,-0.5314875000001393
2021-09-03 00:15:00,2723.117756,2722.409274,2722.755993,-0.7084820000000036,-0.3617629999998826,-0.5351224999999431
2021-09-03 00:30:00,2723.115424,2722.40869,2722.755409,-0.7067339999998694,-0.36001500000020314,-0.5333745000000363
2021-09-03 01:15:00,2723.11659,2722.409857,2722.757062,-0.7067329999999856,-0.3595279999999548,-0.5331304999999702
2021-09-03 01:30:00,2723.117173,2722.411909,2722.757645,-0.7052640000001702,-0.3595279999999548,-0.5323960000000625
2021-09-03 01:45:00,2723.116007,2722.412958,2722.757548,-0.7030490000001919,-0.35845900000003894,-0.5307540000001154
2021-09-03 02:00:00,2723.118922,2722.412374,2722.756965,-0.7065480000001116,-0.3619570000000749,-0.5342525000000933
2021-09-03 02:15:00,2723.118339,2722.409855,2722.758132,-0.7084840000002259,-0.36020700000017314,-0.5343455000001995
2021-09-03 02:45:00,2723.118726,2722.413926,2722.759199,-0.7047999999999774,-0.359527000000071,-0.5321635000000242
2021-09-03 03:00:00,2723.119499,2722.411325,2722.758806,-0.7081739999998717,-0.360693000000083,-0.5344334999999774
2021-09-03 03:15:00,2723.11678,2722.412571,2722.759002,-0.7042089999999916,-0.357778000000053,-0.5309935000000223
2021-09-03 03:30:00,2723.116007,2722.407519,2722.755992,-0.7084880000002158,-0.36001500000020314,-0.5342515000002095
2021-09-03 03:45:00,2723.116007,2722.409735,2722.756478,-0.706271999999899,-0.3595290000002933,-0.5329005000000961
2021-09-03 04:00:00,2723.117756,2722.411018,2722.758228,-0.7067380000003141,-0.3595279999999548,-0.5331330000001344
2021-09-03 04:15:00,2723.118339,2722.41132,2722.758812,-0.7070189999999457,-0.359527000000071,-0.5332730000000083
2021-09-03 04:45:00,2723.11659,2722.410316,2722.758078,-0.7062740000001213,-0.3585120000002462,-0.5323930000001837
2021-09-03 05:15:00,2723.11659,2722.411783,2722.756328,-0.7048070000000735,-0.36026200000014796,-0.5325345000001107
2021-09-03 05:30:00,2723.114451,2722.411858,2722.755938,-0.7025929999999789,-0.35851300000013,-0.5305530000000545
2021-09-03 05:45:00,2723.11542,2722.410612,2722.756908,-0.7048079999999572,-0.3585120000002462,-0.5316600000001017
2021-09-03 06:00:00,2723.11717,2722.412826,2722.757642,-0.7043439999997645,-0.3595279999999548,-0.5319359999998596
2021-09-03 06:15:00,2723.116586,2722.412242,2722.758075,-0.7043440000002192,-0.35851099999990765,-0.5314275000000634
2021-09-03 07:00:00,2723.117356,2722.410651,2722.757099,-0.7067050000000563,-0.3602570000002743,-0.5334810000001653
2021-09-03 07:15:00,2723.117549,2722.410842,2722.757783,-0.7067070000002786,-0.359766000000036,-0.5332365000001573
2021-09-03 07:30:00,2723.119106,2722.412865,2722.757589,-0.7062410000003183,-0.3615170000002763,-0.5338790000002973
2021-09-03 07:45:00,2723.11716,2722.413133,2722.757393,-0.704026999999769,-0.3597669999999198,-0.5318969999998444
2021-09-03 08:00:00,2723.11716,2722.410917,2722.756376,-0.7062429999996311,-0.3607839999999669,-0.533513499999799
2021-09-03 08:15:00,2723.11716,2722.410916,2722.75666,-0.7062439999999697,-0.36049999999977445,-0.5333719999998721
2021-09-03 08:45:00,2723.11619,2722.41096,2722.758173,-0.7052300000000287,-0.358017000000018,-0.5316235000000233
2021-09-03 09:00:00,2723.11542,2722.409753,2722.756233,-0.7056670000001759,-0.3591870000000199,-0.5324270000000979
2021-09-03 09:15:00,2723.117556,2722.409404,2722.757299,-0.7081520000001547,-0.3602570000002743,-0.5342045000002145
2021-09-03 09:30:00,2723.117943,2722.411697,2722.755989,-0.706246000000192,-0.3619539999999688,-0.5341000000000804
2021-09-03 09:45:00,2723.116586,2722.409168,2722.754633,-0.7074179999999615,-0.361953000000085,-0.5346855000000232
2021-09-03 10:00:00,2723.11542,2722.409172,2722.753466,-0.7062479999999596,-0.3619539999999688,-0.5341009999999642
2021-09-03 10:15:00,2723.11717,2722.411388,2722.755162,-0.7057819999999992,-0.36200800000005984,-0.5338950000000295
2021-09-03 10:30:00,2723.118336,2722.410338,2722.754579,-0.7079979999998613,-0.3637570000000778,-0.5358774999999696
2021-09-03 10:45:00,2723.117753,2722.408003,2722.752299,-0.7097499999999854,-0.36545399999977235,-0.5376019999998789
2021-09-03 11:00:00,2723.116586,2722.408895,2722.752208,-0.707691000000068,-0.36437800000021525,-0.5360345000001416
2021-09-03 11:15:00,2723.118139,2722.406908,2722.754188,-0.7112310000002253,-0.36395100000027014,-0.5375910000002477
2021-09-03 11:30:00,2723.120275,2722.410835,2722.755106,-0.709440000000086,-0.36516900000015085,-0.5373045000001184
2021-09-03 11:45:00,2723.118336,2722.406947,2722.755649,-0.7113890000000538,-0.36268699999982346,-0.5370379999999386
2021-09-03 12:00:00,2723.119889,2722.407681,2722.753702,-0.7122079999999187,-0.36618700000008175,-0.5391975000000002
2021-09-03 12:15:00,2723.120079,2722.406941,2722.754968,-0.713137999999617,-0.36511099999961516,-0.5391244999996161
2021-09-03 12:30:00,2723.117943,2722.406554,2722.753565,-0.7113890000000538,-0.36437800000021525,-0.5378835000001345
2021-09-03 12:45:00,2723.117556,2722.406168,2722.754195,-0.71138800000017,-0.36336100000016813,-0.5373745000001691
2021-09-03 13:00:00,2723.117163,2722.407525,2722.755493,-0.7096379999998135,-0.36166999999977634,-0.5356539999997949
2021-09-03 13:15:00,2723.118329,2722.407676,2722.753744,-0.710653000000093,-0.3645849999998063,-0.5376189999999497
2021-09-03 13:30:00,2723.118329,2722.407678,2722.751504,-0.7106509999998707,-0.3668250000000626,-0.5387379999999666
2021-09-03 13:45:00,2723.117746,2722.407095,2722.751411,-0.7106509999998707,-0.3663349999997081,-0.5384929999997894
2021-09-03 14:00:00,2723.117163,2722.405777,2722.750544,-0.7113859999999477,-0.36661899999990055,-0.5390024999999241
2021-09-03 14:30:00,2723.118133,2722.404687,2722.75146,-0.7134459999997489,-0.3666729999999916,-0.5400594999998702
2021-09-03 14:45:00,2723.11658,2722.407568,2722.751508,-0.7090119999998024,-0.3650720000000547,-0.5370419999999285
2021-09-03 15:00:00,2723.117163,2722.405934,2722.750341,-0.711229000000003,-0.36682199999995646,-0.5390254999999797
2021-09-03 15:15:00,2723.117553,2722.405169,2722.750731,-0.7123839999999291,-0.36682199999995646,-0.5396029999999428
2021-09-03 15:30:00,2723.118922,2722.4077,2722.752245,-0.711221999999907,-0.3666769999999815,-0.5389494999999442
2021-09-03 15:45:00,2723.122414,2722.40875,2722.753368,-0.7136639999998806,-0.36904599999979837,-0.5413549999998395
2021-09-03 16:00:00,2723.118922,2722.405485,2722.752978,-0.7134369999998853,-0.36594400000012683,-0.5396905000000061
2021-09-03 16:15:00,2723.120089,2722.407118,2722.752921,-0.712970999999925,-0.36716800000021976,-0.5400695000000724
2021-09-03 16:30:00,2723.11659,2722.407119,2722.753465,-0.7094710000001214,-0.36312500000030923,-0.5362980000002153
2021-09-03 16:45:00,2723.117173,2722.406221,2722.754049,-0.7109519999999065,-0.3631239999999707,-0.5370379999999386
2021-09-03 17:00:00,2723.117559,2722.407075,2722.753419,-0.7104839999997239,-0.3641399999996793,-0.5373119999997016
2021-09-03 17:15:00,2723.118529,2722.408046,2722.755122,-0.7104829999998401,-0.3634069999998246,-0.5369449999998324
2021-09-03 17:30:00,2723.116393,2722.405909,2722.752985,-0.7104839999997239,-0.3634079999997084,-0.5369459999997162
2021-09-03 17:45:00,2723.115414,2722.406101,2722.753175,-0.7093129999998382,-0.36223900000004505,-0.5357759999999416
2021-09-03 18:00:00,2723.117749,2722.407268,2722.754342,-0.7104810000000725,-0.3634069999998246,-0.5369439999999486
2021-09-03 18:30:00,2723.11658,2722.407736,2722.753668,-0.7088439999997718,-0.3629120000000512,-0.5358779999999115
2021-09-03 18:45:00,2723.11658,2722.40552,2722.753609,-0.7110600000000886,-0.3629710000000159,-0.5370155000000523
2021-09-03 19:15:00,2723.117363,2722.408636,2722.754972,-0.7087269999997261,-0.3623909999996613,-0.5355589999996937
2021-09-03 19:30:00,2723.118339,2722.406113,2722.754199,-0.7122260000001006,-0.364140000000134,-0.5381830000001173
2021-09-03 19:45:00,2723.116007,2722.40728,2722.753615,-0.7087270000001809,-0.3623919999999998,-0.5355595000000903
2021-09-03 20:00:00,2723.116007,2722.405531,2722.752544,-0.7104760000001988,-0.363463000000138,-0.5369695000001684
2021-09-03 20:15:00,2723.1162,2722.407206,2722.752545,-0.7089940000000752,-0.363655000000108,-0.5363245000000916
2021-09-03 20:30:00,2723.11717,2722.40918,2722.754873,-0.7079899999998815,-0.362297000000126,-0.5351435000000038
2021-09-03 20:45:00,2723.117746,2722.408597,2722.755797,-0.7091489999997975,-0.3619490000000951,-0.5355489999999463
2021-09-03 21:15:00,2723.119106,2722.41089,2722.756081,-0.7082159999999931,-0.36302500000010696,-0.53562050000005
2021-09-03 21:30:00,2723.117743,2722.406534,2722.753985,-0.7112089999995987,-0.3637579999999616,-0.5374834999997802
2021-09-03 21:45:00,2723.119495,2722.409065,2722.756808,-0.7104300000000876,-0.36268699999982346,-0.5365584999999555
2021-09-03 22:00:00,2723.120079,2722.409648,2722.755642,-0.7104309999999714,-0.36443699999972523,-0.5374339999998483
2021-09-03 22:15:00,2723.117746,2722.40685,2722.755792,-0.7108960000000479,-0.3619539999999688,-0.5364250000000084
2021-09-03 22:30:00,2723.11658,2722.407433,2722.753401,-0.70914700000003,-0.3631789999999455,-0.5361629999999877
2021-09-03 22:45:00,2723.11658,2722.407898,2722.752667,-0.7086819999999534,-0.36391299999968396,-0.5362974999998187
2021-09-03 23:30:00,2723.117163,2722.404785,2722.753251,-0.7123779999997168,-0.3639119999998002,-0.5381449999997585
2021-09-03 23:45:00,2723.116576,2722.407118,2722.754568,-0.7094579999998132,-0.36200800000005984,-0.5357329999999365
2021-09-04 00:00:00,2723.116576,2722.405368,2722.753551,-0.711207999999715,-0.36302500000010696,-0.537116499999911
2021-09-04 00:15:00,2723.11716,2722.408168,2722.755884,-0.7089919999998529,-0.3612759999996342,-0.5351339999997435
2021-09-04 00:45:00,2723.1158,2722.410774,2722.755541,-0.705026000000089,-0.36025900000004185,-0.5326425000000654
2021-09-04 01:00:00,2723.117939,2722.409413,2722.754424,-0.7085260000003473,-0.3635150000000067,-0.536020500000177
2021-09-04 01:15:00,2723.117549,2722.408557,2722.75505,-0.7089919999998529,-0.36249899999984336,-0.5357454999998481
2021-09-04 01:30:00,2723.11619,2722.407197,2722.75544,-0.7089930000001914,-0.3607500000002801,-0.5348715000002358
2021-09-04 01:45:00,2723.11541,2722.408167,2722.75466,-0.7072429999998349,-0.3607499999998254,-0.5339964999998301
2021-09-04 02:00:00,2723.118909,2722.410383,2722.753927,-0.7085259999998925,-0.3649819999995998,-0.5367539999997462
2021-09-04 03:00:00,2723.120468,2722.410503,2722.754317,-0.7099650000000111,-0.36615100000017264,-0.5380580000000919
2021-09-04 03:15:00,2723.120858,2722.411628,2722.754707,-0.7092300000003888,-0.36615100000017264,-0.5376905000002807
2021-09-04 03:30:00,2723.118909,2722.408631,2722.755677,-0.7102780000000166,-0.363231999999698,-0.5367549999998573
2021-09-04 04:00:00,2723.119106,2722.408361,2722.754857,-0.7107450000003155,-0.3642490000001999,-0.5374970000002577
2021-09-04 04:15:00,2723.118329,2722.410111,2722.754417,-0.7082179999997607,-0.3639119999998002,-0.5360649999997804
2021-09-04 04:30:00,2723.119495,2722.409061,2722.754514,-0.7104340000000775,-0.364980999999716,-0.5377074999998968
2021-09-04 04:45:00,2723.11658,2722.406412,2722.753347,-0.710168000000067,-0.36323300000003655,-0.5367005000000518
2021-09-04 05:00:00,2723.118329,2722.407892,2722.752857,-0.7104369999997289,-0.3654719999999543,-0.5379544999998416
2021-09-04 05:45:00,2723.117943,2722.407504,2722.75228,-0.7104390000004059,-0.3656630000000405,-0.5380510000002232
2021-09-04 06:00:00,2723.117556,2722.407117,2722.753798,-0.7104389999999512,-0.3637579999999616,-0.5370984999999564
2021-09-04 06:15:00,2723.118329,2722.410107,2722.755097,-0.7082219999997506,-0.363231999999698,-0.5357269999997243
2021-09-04 06:45:00,2723.117943,2722.409253,2722.753014,-0.708690000000388,-0.36492900000030204,-0.536809500000345
2021-09-04 07:00:00,2723.118336,2722.407896,2722.751657,-0.710439999999835,-0.3666790000002038,-0.5385595000000194
2021-09-04 07:15:00,2723.118919,2722.407743,2722.753014,-0.7111759999997957,-0.3659050000001116,-0.5385404999999537
2021-09-04 07:30:00,2723.117946,2722.410427,2722.753454,-0.7075190000000475,-0.36449199999970006,-0.5360054999998738
2021-09-04 07:45:00,2723.118919,2722.406263,2722.754477,-0.7126560000001518,-0.36444200000005367,-0.5385490000001028
2021-09-04 08:15:00,2723.116586,2722.407894,2722.753893,-0.7086920000001555,-0.3626930000000357,-0.5356925000000956
2021-09-04 08:30:00,2723.116586,2722.40836,2722.752633,-0.7082260000001952,-0.3639530000000377,-0.5360895000001165
2021-09-04 08:45:00,2723.118529,2722.407339,2722.751603,-0.7111899999999878,-0.3669259999996939,-0.5390579999998408
2021-09-04 09:00:00,2723.118326,2722.406749,2722.75073,-0.7115769999995791,-0.3675959999995939,-0.5395864999995865
2021-09-04 09:15:00,2723.116576,2722.40644,2722.752143,-0.710135999999693,-0.36443299999973533,-0.5372844999997142
2021-09-04 09:30:00,2723.113864,2722.406368,2722.75059,-0.7074959999999919,-0.36327399999981935,-0.5353849999999056
2021-09-04 09:45:00,2723.116,2722.406413,2722.750833,-0.7095869999998285,-0.3651669999999285,-0.5373769999998785
2021-09-04 10:00:00,2723.117166,2722.406295,2722.751266,-0.7108710000002247,-0.3658999999997832,-0.538385500000004
2021-09-04 10:15:00,2723.115417,2722.402328,2722.747766,-0.7130889999998544,-0.3676510000000235,-0.540369999999939
2021-09-04 10:30:00,2723.116583,2722.402944,2722.747916,-0.7136390000000574,-0.3686670000001868,-0.5411530000001221
2021-09-04 10:45:00,2723.118136,2722.404031,2722.749753,-0.7141050000000178,-0.36838299999999435,-0.541244000000006
2021-09-04 11:00:00,2723.118909,2722.404804,2722.749509,-0.7141050000000178,-0.3693999999995867,-0.5417524999998022
2021-09-04 11:15:00,2723.119492,2722.405388,2722.74981,-0.7141039999996792,-0.3696820000000116,-0.5418929999998454
2021-09-04 11:45:00,2723.117743,2722.403171,2722.751034,-0.7145719999998619,-0.3667089999999007,-0.5406404999998813
2021-09-04 12:15:00,2723.118909,2722.405551,2722.752046,-0.7133579999999711,-0.36686299999973926,-0.5401104999998552
2021-09-04 12:30:00,2723.118139,2722.406407,2722.75317,-0.711732000000211,-0.36496900000020105,-0.538350500000206
2021-09-04 12:45:00,2723.118919,2722.407188,2722.7522,-0.7117309999998724,-0.3667190000001028,-0.5392249999999876
2021-09-04 13:00:00,2723.118143,2722.405945,2722.75195,-0.7121980000001713,-0.366193000000294,-0.5391955000002326
2021-09-04 13:15:00,2723.117949,2722.406061,2722.747846,-0.7118879999998171,-0.3701029999997445,-0.5409954999997808
2021-09-04 13:30:00,2723.116393,2722.404772,2722.746343,-0.7116209999999228,-0.370049999999992,-0.5408354999999574
2021-09-04 13:45:00,2723.117753,2722.406018,2722.749324,-0.7117349999998623,-0.3684290000001056,-0.540081999999984
2021-09-04 14:00:00,2723.120089,2722.407187,2722.751998,-0.7129020000002129,-0.3680909999998221,-0.5404965000000175
2021-09-04 14:15:00,2723.118919,2722.404971,2722.749473,-0.7139480000000731,-0.3694460000001527,-0.5416970000001129
2021-09-04 14:30:00,2723.119502,2722.40602,2722.75209,-0.7134820000001127,-0.36741200000005847,-0.5404470000000856
2021-09-04 14:45:00,2723.121638,2722.405942,2722.75097,-0.7156960000002073,-0.3706680000000233,-0.5431820000001153
2021-09-04 15:00:00,2723.120662,2722.405545,2722.750786,-0.7151169999997364,-0.3698759999997492,-0.5424964999997428
2021-09-04 15:15:00,2723.117549,2722.403883,2722.750592,-0.7136660000001029,-0.36695700000018405,-0.5403115000001435
2021-09-04 15:30:00,2723.121245,2722.406762,2722.75064,-0.7144829999997455,-0.37060499999961394,-0.5425439999996797
2021-09-04 15:45:00,2723.120662,2722.403963,2722.75079,-0.7166989999996076,-0.3698719999997593,-0.5432854999996835
2021-09-04 16:00:00,2723.117163,2722.402213,2722.748306,-0.7149500000000444,-0.3688569999999345,-0.5419034999999894
2021-09-04 16:30:00,2723.119495,2722.405015,2722.749624,-0.7144800000000942,-0.3698709999998755,-0.5421754999999848
2021-09-04 16:45:00,2723.120662,2722.403966,2722.749526,-0.7166959999999563,-0.3711359999997512,-0.5439159999998537
2021-09-04 17:00:00,2723.119495,2722.402333,2722.750843,-0.7171619999999166,-0.368652000000111,-0.5429070000000138
2021-09-04 17:30:00,2723.120079,2722.404668,2722.752933,-0.7154109999996763,-0.3671459999995932,-0.5412784999996347
2021-09-04 17:45:00,2723.119495,2722.405017,2722.751333,-0.7144779999998718,-0.3681619999997565,-0.5413199999998142
2021-09-04 18:00:00,2723.120662,2722.403968,2722.750259,-0.7166939999997339,-0.37040299999989656,-0.5435484999998152
2021-09-04 18:15:00,2723.117163,2722.40397,2722.750993,-0.7131930000000466,-0.3661699999997836,-0.5396814999999151
2021-09-04 18:30:00,2723.116003,2722.406187,2722.75201,-0.7098160000000462,-0.36399299999993673,-0.5369044999999915
2021-09-04 18:45:00,2723.118329,2722.403854,2722.750166,-0.7144749999997657,-0.36816300000009505,-0.5413189999999304
2021-09-04 19:00:00,2723.117939,2722.405214,2722.748553,-0.7127250000003187,-0.3693860000003042,-0.5410555000003114
2021-09-04 19:15:00,2723.115993,2722.402336,2722.749035,-0.7136569999997846,-0.36695800000006784,-0.5403074999999262
2021-09-04 19:30:00,2723.11658,2722.403222,2722.749959,-0.7133579999999711,-0.36662099999966813,-0.5399894999998196
2021-09-04 19:45:00,2723.116776,2722.401358,2722.749139,-0.7154179999997723,-0.36763699999983146,-0.5415274999998019
2021-09-04 20:00:00,2723.11717,2722.403234,2722.74923,-0.7139360000001034,-0.36794000000008964,-0.5409380000000965
2021-09-04 20:15:00,2723.117366,2722.404011,2722.749724,-0.713354999999865,-0.3676420000001599,-0.5404985000000124
2021-09-04 20:30:00,2723.11542,2722.401599,2722.74981,-0.71382100000028,-0.365610000000288,-0.539715500000284
2021-09-04 20:45:00,2723.116197,2722.403549,2722.750003,-0.7126479999997173,-0.366193999999723,-0.5394209999997202
2021-09-04 21:00:00,2723.118326,2722.404239,2722.75073,-0.7140869999998358,-0.3675959999995939,-0.5408414999997149
2021-09-04 21:45:00,2723.116773,2722.404436,2722.748839,-0.7123370000003888,-0.36793400000033216,-0.5401355000003605
2021-09-04 22:00:00,2723.116,2722.405879,2722.749082,-0.710121000000072,-0.36691800000016883,-0.5385195000001204
2021-09-04 22:30:00,2723.115417,2722.404562,2722.749723,-0.7108549999998104,-0.3656940000000759,-0.5382744999999431
2021-09-04 22:45:00,2723.118333,2722.404247,2722.75083,-0.714085999999952,-0.3675029999999424,-0.5407944999999472
2021-09-04 23:15:00,2723.117749,2722.404129,2722.750247,-0.7136199999999917,-0.3675020000000586,-0.5405610000000252
2021-09-04 23:30:00,2723.116583,2722.406195,2722.750339,-0.7103879999999663,-0.36624399999982415,-0.5383159999998952
2021-09-04 23:45:00,2723.119499,2722.407827,2722.751506,-0.7116719999999077,-0.36799299999984214,-0.5398324999998749
2021-09-05 00:00:00,2723.117166,2722.406779,2722.750923,-0.7103870000000825,-0.36624299999994037,-0.5383150000000114
2021-09-05 00:30:00,2723.119885,2722.408215,2722.752384,-0.7116700000001401,-0.3675010000001748,-0.5395855000001575
2021-09-05 00:45:00,2723.118909,2722.408987,2722.75165,-0.7099220000000059,-0.36725899999964895,-0.5385904999998274
2021-09-05 01:00:00,2723.118909,2722.408522,2722.753157,-0.7103869999996277,-0.3657519999997021,-0.5380694999996649
2021-09-05 01:15:00,2723.117743,2722.408089,2722.7515,-0.7096539999997731,-0.36624299999994037,-0.5379484999998567
2021-09-05 01:30:00,2723.118909,2722.404823,2722.751933,-0.714085999999952,-0.366975999999795,-0.5405309999998735
2021-09-05 01:45:00,2723.117743,2722.408088,2722.751352,-0.7096549999996569,-0.3663909999995667,-0.5380229999996118
2021-09-05 02:00:00,2723.118139,2722.406426,2722.751159,-0.7117130000001453,-0.36698000000023967,-0.5393465000001925
2021-09-05 02:15:00,2723.117753,2722.405882,2722.750286,-0.7118709999999737,-0.3674670000000333,-0.5396690000000035
2021-09-05 02:30:00,2723.11717,2722.407048,2722.750719,-0.7101219999999557,-0.36645099999986996,-0.5382864999999128
2021-09-05 03:00:00,2723.11717,2722.405296,2722.750773,-0.7118740000000798,-0.3663969999997789,-0.5391354999999294
2021-09-05 03:30:00,2723.118919,2722.404831,2722.751453,-0.7140880000001744,-0.3674660000001495,-0.5407770000001619
2021-09-05 03:45:00,2723.118336,2722.408678,2722.751886,-0.7096580000002177,-0.3664499999999862,-0.538054000000102
2021-09-05 04:15:00,2723.11717,2722.40576,2722.749703,-0.7114099999998871,-0.3674670000000333,-0.5394384999999602
2021-09-05 04:30:00,2723.11678,2722.40712,2722.750329,-0.7096599999999853,-0.36645099999986996,-0.5380554999999276
2021-09-05 04:45:00,2723.118909,2722.40634,2722.748533,-0.712568999999803,-0.37037599999985105,-0.541472499999827
2021-09-05 05:00:00,2723.118139,2722.407888,2722.750956,-0.7102509999999711,-0.3671830000002956,-0.5387170000001333
2021-09-05 05:30:00,2723.118529,2722.408277,2722.751063,-0.7102519999998549,-0.36746599999969476,-0.5388589999997748
2021-09-05 05:45:00,2723.119299,2722.407421,2722.751689,-0.7118780000000697,-0.36760999999978594,-0.5397439999999278
2021-09-05 06:00:00,2723.119106,2722.409909,2722.75217,-0.7091970000001311,-0.366935999999896,-0.5380665000000135
2021-09-05 06:15:00,2723.11716,2722.407962,2722.749549,-0.7091979999995601,-0.36761099999966973,-0.5384044999996149
2021-09-05 06:30:00,2723.118909,2722.408976,2722.752459,-0.7099329999996371,-0.3664499999999862,-0.5381914999998116
2021-09-05 06:45:00,2723.120858,2722.408275,2722.751489,-0.7125830000004498,-0.36936900000000605,-0.5409760000002279
2021-09-05 07:00:00,2723.118916,2722.406766,2722.751207,-0.7121499999998377,-0.3677090000001044,-0.5399294999999711
2021-09-05 07:15:00,2723.118719,2722.408784,2722.752026,-0.7099349999998594,-0.3666929999999411,-0.5383139999999003
2021-09-05 07:30:00,2723.119299,2722.408898,2722.75159,-0.7104009999998198,-0.3677090000001044,-0.5390549999999621
2021-09-05 08:00:00,2723.117946,2722.405906,2722.751496,-0.7120399999998881,-0.3664499999999862,-0.5392449999999371
2021-09-05 08:15:00,2723.116,2722.406175,2722.75004,-0.7098249999999098,-0.36596000000008644,-0.5378924999999981
2021-09-05 08:30:00,2723.118722,2722.406102,2722.751014,-0.7126200000002427,-0.36770800000022064,-0.5401640000002317
2021-09-05 08:45:00,2723.117946,2722.405905,2722.750817,-0.7120409999997719,-0.3671289999997498,-0.5395849999997608
2021-09-05 09:00:00,2723.118916,2722.407071,2722.749457,-0.711844999999812,-0.3694590000000062,-0.5406519999999091
2021-09-05 09:15:00,2723.116583,2722.406487,2722.748382,-0.710095999999794,-0.36820099999977174,-0.5391484999997829
2021-09-05 09:30:00,2723.118916,2722.40707,2722.748233,-0.7118459999996958,-0.3706830000000991,-0.5412644999998975
2021-09-05 09:45:00,2723.119499,2722.405903,2722.749833,-0.7135960000000523,-0.369666000000052,-0.5416310000000522
2021-09-05 10:00:00,2723.118526,2722.404617,2722.747109,-0.7139090000000579,-0.3714170000002923,-0.5426630000001751
2021-09-05 10:15:00,2723.116387,2722.405003,2722.747453,-0.7113840000001801,-0.36893400000008114,-0.5401590000001306
2021-09-05 10:30:00,2723.116583,2722.405199,2722.747649,-0.7113840000001801,-0.36893400000008114,-0.5401590000001306
2021-09-05 10:45:00,2723.120668,2722.403683,2722.74829,-0.7169850000000224,-0.3723780000000261,-0.5446815000000242
2021-09-05 11:00:00,2723.120668,2722.402668,2722.746049,-0.7179999999998472,-0.3746190000001661,-0.5463095000000067
2021-09-05 11:15:00,2723.120668,2722.404148,2722.747273,-0.7165199999999459,-0.3733950000000732,-0.5449575000000095
2021-09-05 11:30:00,2723.123001,2722.401033,2722.746632,-0.7219679999998334,-0.3763690000000679,-0.5491684999999507
2021-09-05 11:45:00,2723.120085,2722.401348,2722.747216,-0.7187370000001465,-0.3728689999998096,-0.5458029999999781
2021-09-05 12:00:00,2723.119502,2722.400765,2722.744203,-0.7187370000001465,-0.37529899999981353,-0.54701799999998
2021-09-05 12:15:00,2723.119889,2722.402322,2722.745269,-0.7175670000001446,-0.3746200000000499,-0.5460935000000973
2021-09-05 12:30:00,2723.119502,2722.400722,2722.746916,-0.7187800000001516,-0.3725859999999557,-0.5456830000000537
2021-09-05 12:45:00,2723.117753,2722.403403,2722.745696,-0.714350000000195,-0.3720570000000407,-0.5432035000001179
2021-09-05 13:00:00,2723.118919,2722.40337,2722.747066,-0.71554900000001,-0.371853000000101,-0.5437010000000555
2021-09-05 13:15:00,2723.117749,2722.400605,2722.745563,-0.7171440000001894,-0.3721860000000561,-0.5446650000001227
2021-09-05 13:30:00,2723.115417,2722.398272,2722.744305,-0.7171450000000732,-0.3711119999998118,-0.5441284999999425
2021-09-05 13:45:00,2723.11697,2722.399826,2722.744595,-0.7171440000001894,-0.37237499999991996,-0.5447595000000547
2021-09-05 14:00:00,2723.11716,2722.402233,2722.746535,-0.7149269999999888,-0.37062499999956344,-0.5427759999997761
2021-09-05 14:15:00,2723.116773,2722.39963,2722.746148,-0.7171430000003056,-0.3706250000000182,-0.5438840000001619
2021-09-05 14:30:00,2723.119302,2722.397036,2722.744409,-0.7222660000002179,-0.37489300000015646,-0.5485795000001872
2021-09-05 14:45:00,2723.121631,2722.401583,2722.747809,-0.7200480000001335,-0.3738220000000183,-0.5469350000000759
2021-09-05 15:00:00,2723.119689,2722.403606,2722.749852,-0.7160830000002534,-0.3698370000001887,-0.542960000000221
2021-09-05 15:15:00,2723.118139,2722.399518,2722.747712,-0.7186209999999846,-0.3704270000002907,-0.5445240000001377
2021-09-05 15:30:00,2723.116003,2722.399599,2722.748589,-0.7164040000002387,-0.3674140000002808,-0.5419090000002598
2021-09-05 15:45:00,2723.118919,2722.402517,2722.74806,-0.7164020000000164,-0.3708590000001095,-0.543630500000063
2021-09-05 16:00:00,2723.11717,2722.401233,2722.74699,-0.7159369999999399,-0.37017999999989115,-0.5430584999999155
2021-09-05 16:15:00,2723.114834,2722.39812,2722.747573,-0.7167140000001382,-0.3672609999998713,-0.5419875000000047
2021-09-05 16:30:00,2723.117559,2722.401894,2722.74845,-0.7156649999997171,-0.369108999999753,-0.542386999999735
2021-09-05 16:45:00,2723.117949,2722.401551,2722.74952,-0.7163980000000265,-0.3684290000001056,-0.542413500000066
2021-09-05 17:00:00,2723.11717,2722.399289,2722.748249,-0.717881000000034,-0.3689209999997729,-0.5434009999999034
2021-09-05 17:15:00,2723.115417,2722.401701,2722.747666,-0.7137160000002041,-0.367750999999771,-0.5407334999999875
2021-09-05 17:45:00,2723.116586,2722.402719,2722.747477,-0.7138669999999365,-0.36910900000020774,-0.5414880000000721
2021-09-05 18:00:00,2723.116003,2722.400655,2722.746893,-0.7153480000001764,-0.36911000000009153,-0.542229000000134
2021-09-05 18:15:00,2723.118336,2722.402409,2722.748156,-0.7159270000001925,-0.37017999999989115,-0.5430535000000418
2021-09-05 18:45:00,2723.112501,2722.400778,2722.747723,-0.7117229999998926,-0.36477800000011484,-0.5382505000000037
2021-09-05 19:00:00,2723.11717,2722.40078,2722.749433,-0.7163900000000467,-0.36773700000003373,-0.5420635000000402
2021-09-05 19:15:00,2723.11678,2722.402607,2722.749569,-0.7141729999998461,-0.36721099999977014,-0.5406919999998081
2021-09-05 19:30:00,2723.116,2722.401827,2722.748789,-0.7141729999998461,-0.36721099999977014,-0.5406919999998081
2021-09-05 19:45:00,2723.114834,2722.397979,2722.749863,-0.7168550000001233,-0.3649709999999686,-0.5409130000000459
2021-09-05 20:00:00,2723.116773,2722.398025,2722.750063,-0.7187480000002324,-0.36671000000023923,-0.5427290000002358
2021-09-05 20:15:00,2723.116583,2722.400209,2722.749873,-0.7163740000000871,-0.3667099999997845,-0.5415419999999358
2021-09-05 20:30:00,2723.11717,2722.401095,2722.749963,-0.7160749999998188,-0.36720699999978024,-0.5416409999997995
2021-09-05 20:45:00,2723.11561,2722.402456,2722.749857,-0.7131540000000314,-0.36575300000004063,-0.539453500000036
2021-09-05 21:00:00,2723.115417,2722.400627,2722.749712,-0.7147899999999936,-0.3657050000001618,-0.5402475000000777
2021-09-05 21:45:00,2723.11483,2722.40347,2722.749563,-0.7113599999997859,-0.3652670000001308,-0.5383134999999584
2021-09-05 22:00:00,2723.116,2722.40316,2722.750242,-0.712840000000142,-0.3657579999999143,-0.5392990000000282
2021-09-05 22:15:00,2723.116,2722.402694,2722.750976,-0.7133060000001024,-0.3650240000001759,-0.5391650000001391
2021-09-05 22:30:00,2723.11503,2722.399974,2722.749326,-0.7150560000000041,-0.3657039999998233,-0.5403799999999137
2021-09-05 22:45:00,2723.115424,2722.400367,2722.748649,-0.7150569999998879,-0.36677499999996144,-0.5409159999999247
2021-09-05 23:00:00,2723.11484,2722.401534,2722.749816,-0.7133060000001024,-0.3650240000001759,-0.5391650000001391
2021-09-05 23:15:00,2723.115227,2722.401456,2722.751219,-0.7137709999997242,-0.3640079999995578,-0.538889499999641
2021-09-05 23:30:00,2723.11678,2722.403942,2722.752039,-0.7128379999999197,-0.3647409999998672,-0.5387894999998935
2021-09-06 00:00:00,2723.11659,2722.402539,2722.750099,-0.7140509999999267,-0.3664910000002237,-0.5402710000000752
2021-09-06 00:15:00,2723.11659,2722.402073,2722.749365,-0.714516999999887,-0.36722499999996217,-0.5408709999999246
2021-09-06 00:30:00,2723.117756,2722.401955,2722.748782,-0.7158010000002832,-0.36897399999998015,-0.5423875000001317
2021-09-06 00:45:00,2723.116583,2722.399903,2722.749949,-0.7166799999999967,-0.36663399999997637,-0.5416569999999865
2021-09-06 01:15:00,2723.115424,2722.405803,2722.749665,-0.7096209999999701,-0.36575900000025285,-0.5376900000001115
2021-09-06 01:45:00,2723.11484,2722.402538,2722.748875,-0.7123020000003635,-0.3659649999999601,-0.5391335000001618
2021-09-06 02:30:00,2723.11659,2722.403002,2722.747125,-0.7135880000000725,-0.3694650000002184,-0.5415265000001455
2021-09-06 02:45:00,2723.115424,2722.400366,2722.747762,-0.7150580000002265,-0.3676620000001094,-0.5413600000001679
2021-09-06 03:00:00,2723.11659,2722.405218,2722.748875,-0.7113720000002104,-0.3677149999998619,-0.5395435000000361
2021-09-06 03:15:00,2723.116976,2722.403388,2722.749262,-0.7135879999996178,-0.3677139999999781,-0.5406509999997979
2021-09-06 03:30:00,2723.116,2722.402692,2722.749356,-0.7133079999998699,-0.3666440000001785,-0.5399760000000242
2021-09-06 03:45:00,2723.116,2722.404908,2722.748622,-0.7110920000000078,-0.36737799999991694,-0.5392349999999624
2021-09-06 04:00:00,2723.116,2722.400941,2722.746871,-0.7150590000001102,-0.36912900000015725,-0.5420940000001337
2021-09-06 04:15:00,2723.117166,2722.403858,2722.748039,-0.7133079999998699,-0.3691269999999349,-0.5412174999999024
2021-09-06 04:30:00,2723.11697,2722.405142,2722.748526,-0.7118279999999686,-0.3684440000001814,-0.540136000000075
2021-09-06 05:00:00,2723.114251,2722.404905,2722.748626,-0.709346000000096,-0.36562499999990905,-0.5374855000000025
2021-09-06 05:15:00,2723.118919,2722.404438,2722.748816,-0.7144809999999779,-0.37010300000019924,-0.5422920000000886
2021-09-06 05:45:00,2723.119695,2722.403196,2722.747842,-0.7164989999996578,-0.37185299999964627,-0.544175999999652
2021-09-06 06:00:00,2723.11658,2722.401517,2722.747119,-0.7150630000001001,-0.3694609999997738,-0.542261999999937
2021-09-06 06:15:00,2723.11483,2722.3993,2722.745895,-0.7155299999999443,-0.36893499999996493,-0.5422324999999546
2021-09-06 06:30:00,2723.117166,2722.400932,2722.745802,-0.7162339999999858,-0.37136400000008507,-0.5437990000000354
2021-09-06 06:45:00,2723.117363,2722.400547,2722.745999,-0.7168159999996533,-0.3713639999996303,-0.5440899999996418
2021-09-06 07:00:00,2723.11659,2722.402993,2722.747992,-0.7135969999999361,-0.36859800000001997,-0.541097499999978
2021-09-06 07:15:00,2723.117173,2722.403575,2722.747312,-0.7135980000002746,-0.3698610000001281,-0.5417295000002014
2021-09-06 07:30:00,2723.117749,2722.402991,2722.746391,-0.7147580000000744,-0.37135799999987285,-0.5430579999999736
2021-09-06 07:45:00,2723.11736,2722.402601,2722.746001,-0.7147590000004129,-0.3713590000002114,-0.5430590000003122
2021-09-06 08:00:00,2723.11658,2722.402285,2722.745221,-0.7142949999997654,-0.37135899999975663,-0.542826999999761
2021-09-06 08:15:00,2723.11542,2722.401818,2722.744488,-0.7136020000002645,-0.37093200000026627,-0.5422670000002654
2021-09-06 08:45:00,2723.11542,2722.402284,2722.746238,-0.7131360000003042,-0.36918199999990975,-0.541159000000107
2021-09-06 09:00:00,2723.113478,2722.401624,2722.746252,-0.7118540000001303,-0.3672260000003007,-0.5395400000002155
2021-09-06 09:15:00,2723.115034,2722.399678,2722.746059,-0.7153559999997015,-0.36897499999986394,-0.5421654999997827
2021-09-06 09:30:00,2723.116387,2722.399405,2722.745518,-0.7169819999999163,-0.3708689999998569,-0.5439254999998866
2021-09-06 09:45:00,2723.114451,2722.400844,2722.745475,-0.7136070000001382,-0.36897599999974773,-0.541291499999943
2021-09-06 10:15:00,2723.113861,2722.399093,2722.744741,-0.7147679999998218,-0.3691199999998389,-0.5419439999998303
2021-09-06 10:30:00,2723.11658,2722.398777,2722.743678,-0.7178030000000035,-0.37290200000006735,-0.5453525000000354
2021-09-06 10:45:00,2723.115803,2722.397535,2722.743918,-0.7182680000000801,-0.3718850000000202,-0.5450765000000501
2021-09-06 11:00:00,2723.117749,2722.398012,2722.745865,-0.7197369999998955,-0.37188400000013644,-0.545810500000016
2021-09-06 11:15:00,2723.118333,2722.39906,2722.745769,-0.7192729999997027,-0.37256399999978385,-0.5459184999997433
2021-09-06 11:30:00,2723.120082,2722.399372,2722.746786,-0.7207100000000537,-0.3732959999997547,-0.5470029999999042
2021-09-06 11:45:00,2723.117756,2722.397739,2722.746352,-0.720017000000098,-0.3714039999999841,-0.5457105000000411
2021-09-06 12:00:00,2723.119309,2722.397076,2722.746155,-0.7222329999999602,-0.3731540000003406,-0.5476935000001504
2021-09-06 12:15:00,2723.118333,2722.396833,2722.745421,-0.7215000000001055,-0.3729119999998147,-0.5472059999999601
2021-09-06 12:30:00,2723.11483,2722.398,2722.746588,-0.7168299999998453,-0.3682420000000093,-0.5425359999999273
2021-09-06 12:45:00,2723.11522,2722.39839,2722.743122,-0.7168300000003001,-0.37209800000027826,-0.5444640000002892
2021-09-06 13:00:00,2723.118529,2722.395549,2722.744939,-0.7229800000000068,-0.37358999999969456,-0.5482849999998507
2021-09-06 13:15:00,2723.116973,2722.395743,2722.745865,-0.7212300000001051,-0.37110800000027666,-0.5461690000001909
2021-09-06 13:30:00,2723.118722,2722.398664,2722.747769,-0.7200580000003356,-0.37095300000009956,-0.5455055000002176
2021-09-06 13:45:00,2723.11717,2722.39711,2722.746805,-0.7200600000001032,-0.37036499999976513,-0.5452124999999342
2021-09-06 14:00:00,2723.118336,2722.396836,2722.745732,-0.7215000000001055,-0.3726040000001376,-0.5470520000001216
2021-09-06 14:15:00,2723.118136,2722.398554,2722.747435,-0.7195820000001731,-0.3707009999998263,-0.5451414999999997
2021-09-06 14:30:00,2723.117743,2722.397695,2722.747325,-0.7200479999996787,-0.3704179999999724,-0.5452329999998256
2021-09-06 14:45:00,2723.116,2722.398779,2722.743335,-0.7172209999998813,-0.3726649999998699,-0.5449429999998756
2021-09-06 15:00:00,2723.115807,2722.395904,2722.744699,-0.7199030000001585,-0.37110800000027666,-0.5455055000002176
2021-09-06 15:15:00,2723.11542,2722.396098,2722.745576,-0.7193219999999201,-0.3698440000002847,-0.5445830000001024
2021-09-06 15:30:00,2723.116003,2722.394932,2722.746159,-0.7210709999999381,-0.3698440000002847,-0.5454575000001114
2021-09-06 15:45:00,2723.119892,2722.397072,2722.746266,-0.722819999999956,-0.3736260000000584,-0.5482230000000072
2021-09-06 16:00:00,2723.118339,2722.397271,2722.746989,-0.7210680000002867,-0.37134999999989304,-0.5462090000000899
2021-09-06 16:15:00,2723.118139,2722.397238,2722.745535,-0.7209010000001399,-0.3726040000001376,-0.5467525000001388
2021-09-06 16:30:00,2723.117943,2722.398792,2722.746598,-0.7191510000002381,-0.37134500000001935,-0.5452480000001287
2021-09-06 16:45:00,2723.11717,2722.398019,2722.746315,-0.7191509999997834,-0.3708550000001196,-0.5450029999999515
2021-09-06 17:00:00,2723.118919,2722.398486,2722.745825,-0.7204329999999572,-0.37309400000003734,-0.5467634999999973
2021-09-06 17:15:00,2723.118139,2722.395024,2722.746795,-0.7231150000002344,-0.37134400000013557,-0.547229500000185
2021-09-06 17:30:00,2723.118329,2722.399959,2722.746985,-0.7183700000000499,-0.3713439999996808,-0.5448569999998654
2021-09-06 18:00:00,2723.11542,2722.396584,2722.744808,-0.7188360000000102,-0.3706120000001647,-0.5447240000000875
2021-09-06 18:15:00,2723.117556,2722.396507,2722.745725,-0.721049000000221,-0.3718309999999292,-0.5464400000000751
2021-09-06 19:00:00,2723.116193,2722.397785,2722.747331,-0.7184079999997266,-0.3688619999998082,-0.5436349999997674
2021-09-06 19:15:00,2723.114837,2722.395694,2722.745975,-0.7191430000002583,-0.3688620000002629,-0.5440025000002606
2021-09-06 20:00:00,2723.114837,2722.397446,2722.746748,-0.7173910000001342,-0.3680890000000545,-0.5427400000000944
2021-09-06 20:15:00,2723.116197,2722.397058,2722.745342,-0.7191389999998137,-0.37085499999966487,-0.5449969999997393
2021-09-06 20:30:00,2723.114251,2722.393898,2722.745819,-0.7203530000001592,-0.36843199999975695,-0.5443924999999581
2021-09-06 20:45:00,2723.114837,2722.397748,2722.746252,-0.7170890000002146,-0.3685850000001665,-0.5428370000001905
2021-09-06 21:00:00,2723.11678,2722.399423,2722.746936,-0.7173569999999927,-0.36984399999983,-0.5436004999999113
2021-09-06 21:15:00,2723.115417,2722.396266,2722.745573,-0.7191509999997834,-0.36984399999983,-0.5444974999998067
2021-09-06 21:30:00,2723.116,2722.397866,2722.746305,-0.718134000000191,-0.3696949999998651,-0.5439145000000281
2021-09-06 22:00:00,2723.11716,2722.398799,2722.745369,-0.7183609999997316,-0.37179099999957543,-0.5450759999996535
2021-09-06 22:30:00,2723.116583,2722.3967,2722.746141,-0.719883000000209,-0.3704419999999118,-0.5451625000000604
2021-09-06 23:00:00,2723.118909,2722.400085,2722.747308,-0.7188239999995858,-0.37160099999982776,-0.5452124999997068
2021-09-06 23:15:00,2723.117749,2722.398335,2722.746628,-0.7194140000001426,-0.37112100000013015,-0.5452675000001364
2021-09-06 23:45:00,2723.115417,2722.39775,2722.746045,-0.7176669999998921,-0.36937200000011217,-0.5435195000000022
2021-09-07 00:00:00,2723.114834,2722.397168,2722.744728,-0.7176660000000084,-0.3701059999998506,-0.5438859999999295
2021-09-07 00:30:00,2723.11639,2722.400941,2722.746002,-0.7154490000002625,-0.3703880000002755,-0.542918500000269
2021-09-07 00:45:00,2723.11678,2722.399113,2722.747899,-0.7176669999998921,-0.3688809999998739,-0.543273999999883
2021-09-07 01:15:00,2723.117166,2722.400278,2722.746536,-0.7168879999999263,-0.3706299999998919,-0.5437589999999091
2021-09-07 01:30:00,2723.116973,2722.401522,2722.747755,-0.71545100000003,-0.3692180000002736,-0.5423345000001518
2021-09-07 01:45:00,2723.119106,2722.402227,2722.747316,-0.7168790000000627,-0.3717900000001464,-0.5443345000001045
2021-09-07 02:00:00,2723.116583,2722.397165,2722.745952,-0.7194180000001325,-0.37063099999977567,-0.5450244999999541
2021-09-07 02:30:00,2723.11464,2722.401248,2722.747509,-0.7133919999996579,-0.3671309999999721,-0.540261499999815
2021-09-07 02:45:00,2723.11542,2722.399812,2722.747798,-0.7156079999999747,-0.3676220000002104,-0.5416150000000926
2021-09-07 03:00:00,2723.11717,2722.397284,2722.747272,-0.7198859999998604,-0.369897999999921,-0.5448919999998907
2021-09-07 03:15:00,2723.11503,2722.39794,2722.746882,-0.7170900000000984,-0.36814800000001924,-0.5426190000000588
2021-09-07 03:30:00,2723.117749,2722.397158,2722.747852,-0.7205909999997857,-0.3698970000000372,-0.5452439999999115
2021-09-07 03:45:00,2723.11639,2722.39903,2722.748242,-0.7173600000000988,-0.36814800000001924,-0.542754000000059
2021-09-07 04:00:00,2723.11678,2722.399108,2722.749852,-0.7176719999997658,-0.3669279999999162,-0.542299999999841
2021-09-07 04:15:00,2723.116,2722.399104,2722.746836,-0.716895999999906,-0.36916400000018257,-0.5430300000000443
2021-09-07 04:45:00,2723.11639,2722.399027,2722.748242,-0.7173630000002049,-0.36814800000001924,-0.5427555000001121
2021-09-07 05:00:00,2723.118919,2722.398326,2722.748006,-0.720593000000008,-0.37091300000020055,-0.5457530000001043
2021-09-07 05:15:00,2723.11678,2722.397623,2722.748632,-0.7191569999999956,-0.36814800000001924,-0.5436525000000074
2021-09-07 05:30:00,2723.117166,2722.39774,2722.747755,-0.7194260000001123,-0.3694110000001274,-0.5444185000001198
2021-09-07 05:45:00,2723.116,2722.396573,2722.747852,-0.719426999999996,-0.36814800000001924,-0.5437875000000076
2021-09-07 06:00:00,2723.11716,2722.396572,2722.748338,-0.7205879999996796,-0.36882199999990917,-0.5447049999997944
2021-09-07 06:15:00,2723.116576,2722.397738,2722.747268,-0.7188379999997778,-0.369307999999819,-0.5440729999997984
2021-09-07 06:30:00,2723.11541,2722.398787,2722.746782,-0.7166229999997995,-0.36862799999971685,-0.5426254999997582
2021-09-07 06:45:00,2723.11716,2722.398052,2722.748285,-0.7191079999997783,-0.36887499999966167,-0.54399149999972
2021-09-07 07:15:00,2723.11619,2722.40058,2722.748048,-0.715610000000197,-0.36814200000026176,-0.5418760000002294
2021-09-07 07:30:00,2723.116,2722.40039,2722.747615,-0.715610000000197,-0.36838499999976193,-0.5419974999999795
2021-09-07 07:45:00,2723.117166,2722.401274,2722.747706,-0.7158920000001672,-0.36945999999989,-0.5426760000000286
2021-09-07 08:00:00,2723.11561,2722.39925,2722.747899,-0.7163599999998951,-0.367710999999872,-0.5420354999998835
2021-09-07 08:15:00,2723.11639,2722.39886,2722.747568,-0.7175300000003517,-0.3688220000003639,-0.5431760000003578
2021-09-07 09:00:00,2723.11678,2722.399713,2722.747165,-0.7170670000000428,-0.36961499999961234,-0.5433409999998275
2021-09-07 09:15:00,2723.118916,2722.400099,2722.748285,-0.7188169999999445,-0.37063099999977567,-0.5447239999998601
2021-09-07 09:30:00,2723.117166,2722.400256,2722.746535,-0.7169100000000981,-0.37063099999977567,-0.5437704999999369
2021-09-07 09:45:00,2723.115027,2722.399131,2722.744885,-0.7158959999997023,-0.3701419999997597,-0.543018999999731
2021-09-07 10:00:00,2723.113471,2722.396092,2722.740881,-0.7173790000001645,-0.3725899999999456,-0.544984500000055
2021-09-07 10:15:00,2723.116197,2722.395898,2722.741178,-0.7202989999996134,-0.37501899999961097,-0.5476589999996122
2021-09-07 10:30:00,2723.114834,2722.396015,2722.741771,-0.7188190000001669,-0.3730630000000019,-0.5459410000000844
2021-09-07 10:45:00,2723.117749,2722.3957,2722.743955,-0.72204899999997,-0.373794000000089,-0.5479215000000295
2021-09-07 11:00:00,2723.119889,2722.39609,2722.742838,-0.7237989999998717,-0.37705099999993763,-0.5504249999999047
2021-09-07 11:15:00,2723.120668,2722.396135,2722.744842,-0.7245330000000649,-0.3758259999999609,-0.5501795000000129
2021-09-07 11:45:00,2723.118529,2722.395037,2722.742702,-0.7234920000000784,-0.3758269999998447,-0.5496594999999616
2021-09-07 12:00:00,2723.117553,2722.392705,2722.742895,-0.7248479999998381,-0.37465800000018135,-0.5497530000000097
2021-09-07 12:15:00,2723.119892,2722.394932,2722.744651,-0.72496000000001,-0.37524100000018734,-0.5501005000000987
2021-09-07 12:30:00,2723.118529,2722.394738,2722.741484,-0.7237909999998919,-0.3770449999997254,-0.5504179999998087
2021-09-07 13:00:00,2723.118919,2722.397345,2722.740448,-0.721574000000146,-0.37847099999999045,-0.5500225000000682
2021-09-07 13:15:00,2723.11717,2722.395595,2722.739431,-0.7215750000000298,-0.3777390000000196,-0.5496570000000247
2021-09-07 13:30:00,2723.11697,2722.395084,2722.740944,-0.7218859999998131,-0.3760259999999107,-0.5489559999998619
2021-09-07 13:45:00,2723.118909,2722.392903,2722.743821,-0.7260059999998703,-0.3750879999997778,-0.550546999999824
2021-09-07 14:00:00,2723.116773,2722.395199,2722.744167,-0.721574000000146,-0.3726060000003599,-0.547090000000253
2021-09-07 14:15:00,2723.118136,2722.394348,2722.743048,-0.7237880000002406,-0.37508800000023257,-0.5494380000002366
2021-09-07 14:30:00,2723.119106,2722.395319,2722.744018,-0.723786999999902,-0.37508800000023257,-0.5494375000000673
2021-09-07 14:45:00,2723.117749,2722.395712,2722.744411,-0.7220370000000003,-0.37333799999987605,-0.5476874999999382
2021-09-07 15:00:00,2723.119499,2722.397929,2722.745144,-0.7215699999997014,-0.37435499999992317,-0.5479624999998123
2021-09-07 15:15:00,2723.116,2722.395713,2722.744128,-0.7202870000000985,-0.37187200000016674,-0.5460795000001326
2021-09-07 15:30:00,2723.11522,2722.394935,2722.745098,-0.7202850000003309,-0.37012200000026496,-0.5452035000002979
2021-09-07 15:45:00,2723.116576,2722.396292,2722.745721,-0.7202839999999924,-0.3708550000001196,-0.545569500000056
2021-09-07 16:00:00,2723.118133,2722.393571,2722.744114,-0.724561999999878,-0.374018999999862,-0.54929049999987
2021-09-07 16:15:00,2723.117939,2722.395864,2722.745185,-0.7220750000001317,-0.37275399999998626,-0.547414500000059
2021-09-07 16:30:00,2723.117549,2722.395051,2722.745281,-0.7224980000000869,-0.3722680000000764,-0.5473830000000817
2021-09-07 16:45:00,2723.118522,2722.393964,2722.743285,-0.7245580000003429,-0.37523700000019744,-0.5498975000002702
2021-09-07 17:00:00,2723.116576,2722.390847,2722.742805,-0.7257289999997738,-0.3737710000000334,-0.5497499999999036
2021-09-07 17:15:00,2723.118909,2722.39688,2722.745625,-0.7220290000000205,-0.373283999999785,-0.5476564999999027
2021-09-07 17:30:00,2723.118909,2722.394664,2722.745138,-0.7242449999998826,-0.37377099999957863,-0.5490079999997306
2021-09-07 17:45:00,2723.116576,2722.396298,2722.744555,-0.7202779999997801,-0.37202099999967686,-0.5461494999997285
2021-09-07 18:00:00,2723.11716,2722.395132,2722.743874,-0.7220279999996819,-0.37328600000000733,-0.5476569999998446
2021-09-07 18:15:00,2723.114834,2722.392018,2722.743971,-0.7228159999999662,-0.3708630000000994,-0.5468395000000328
2021-09-07 18:45:00,2723.11541,2722.395135,2722.744608,-0.720274999999674,-0.37080199999991237,-0.5455384999997932
2021-09-07 19:15:00,2723.115024,2722.396965,2722.744901,-0.7180590000002667,-0.37012300000014875,-0.5440910000002077
2021-09-07 19:30:00,2723.114834,2722.392032,2722.745201,-0.7228019999997741,-0.36963299999979427,-0.5462174999997842
2021-09-07 19:45:00,2723.114251,2722.393666,2722.743884,-0.7205850000000282,-0.37036699999998746,-0.5454760000000078
2021-09-07 20:00:00,2723.115027,2722.394175,2722.745341,-0.7208519999999226,-0.3696860000000015,-0.545268999999962
2021-09-07 20:15:00,2723.112498,2722.393395,2722.743827,-0.7191029999999046,-0.3686710000001767,-0.5438870000000406
2021-09-07 20:30:00,2723.113861,2722.394284,2722.745244,-0.7195769999998447,-0.36861699999963093,-0.5440969999997378
2021-09-07 21:00:00,2723.115417,2722.396619,2722.744308,-0.7187979999998788,-0.37110900000016045,-0.5449535000000196
2021-09-07 21:15:00,2723.115613,2722.393119,2722.744504,-0.722494000000097,-0.37110900000016045,-0.5468015000001287
2021-09-07 21:30:00,2723.11659,2722.393827,2722.744411,-0.7227630000002137,-0.37217899999996007,-0.5474710000000869
2021-09-07 21:45:00,2723.11659,2722.396043,2722.744901,-0.7205469999998968,-0.37168900000006033,-0.5461179999999786
2021-09-07 22:00:00,2723.117756,2722.394994,2722.746068,-0.7227619999998751,-0.37168800000017654,-0.5472250000000258
2021-09-07 22:15:00,2723.11484,2722.397526,2722.743488,-0.7173139999999876,-0.37135200000011537,-0.5443330000000515
2021-09-07 22:30:00,2723.113091,2722.393828,2722.742998,-0.7192629999999554,-0.3700929999999971,-0.5446779999999762
2021-09-07 22:45:00,2723.11659,2722.397061,2722.744014,-0.7195289999999659,-0.3725760000002083,-0.5460525000000871
2021-09-07 23:00:00,2723.1162,2722.396671,2722.743624,-0.7195289999999659,-0.37257599999975355,-0.5460524999998597
2021-09-07 23:15:00,2723.11542,2722.394876,2722.742844,-0.7205440000002454,-0.3725760000002083,-0.5465600000002269
2021-09-07 23:30:00,2723.11697,2722.3948,2722.743234,-0.7221700000000055,-0.37373600000000806,-0.5479530000000068
2021-09-07 23:45:00,2723.116776,2722.394607,2722.74372,-0.722168999999667,-0.3730559999999059,-0.5476124999997865
2021-09-08 00:00:00,2723.115414,2722.394258,2722.742847,-0.7211560000000645,-0.37256699999988996,-0.5468614999999772
2021-09-08 00:45:00,2723.115997,2722.394997,2722.74168,-0.7210000000000036,-0.37431699999979173,-0.5476584999998977
2021-09-08 01:00:00,2723.11483,2722.394141,2722.742264,-0.7206889999997657,-0.37256600000000617,-0.5466274999998859
2021-09-08 01:15:00,2723.117163,2722.393481,2722.743864,-0.7236819999998261,-0.3732989999998608,-0.5484904999998435
2021-09-08 01:30:00,2723.117746,2722.398216,2722.745181,-0.7195299999998497,-0.3725650000001224,-0.546047499999986
2021-09-08 01:45:00,2723.117163,2722.397631,2722.744597,-0.719532000000072,-0.37256600000000617,-0.5460490000000391
2021-09-08 02:00:00,2723.115997,2722.397211,2722.74343,-0.7187859999999091,-0.37256699999988996,-0.5456764999998995
2021-09-08 03:00:00,2723.11483,2722.398106,2722.743281,-0.7167239999998856,-0.37154899999995905,-0.5441364999999223
2021-09-08 03:45:00,2723.11483,2722.397793,2722.744748,-0.7170369999998911,-0.3700819999999112,-0.5435594999999012
2021-09-08 04:00:00,2723.118329,2722.398105,2722.743731,-0.7202239999996891,-0.3745979999998781,-0.5474109999997836
2021-09-08 04:45:00,2723.115414,2722.396625,2722.74426,-0.7187890000000152,-0.37115399999993315,-0.5449714999999742
2021-09-08 05:00:00,2723.117163,2722.396159,2722.746555,-0.7210039999999935,-0.37060799999972005,-0.5458059999998568
2021-09-08 05:30:00,2723.113081,2722.396039,2722.7449,-0.7170419999997648,-0.36818099999982223,-0.5426114999997935
2021-09-08 05:45:00,2723.115414,2722.396623,2722.744751,-0.7187909999997828,-0.3706629999996949,-0.5447269999997388
2021-09-08 06:00:00,2723.117746,2722.396458,2722.745334,-0.7212879999997313,-0.37241199999971286,-0.5468499999997221
2021-09-08 06:15:00,2723.11619,2722.396651,2722.743831,-0.719539000000168,-0.3723590000004151,-0.5459490000002916
2021-09-08 06:30:00,2723.11658,2722.394402,2722.74548,-0.7221779999999853,-0.3710999999998421,-0.5466389999999137
2021-09-08 07:00:00,2723.11541,2722.397619,2722.744801,-0.7177910000000338,-0.3706090000000586,-0.5442000000000462
2021-09-08 07:15:00,2723.115997,2722.399251,2722.7464,-0.7167460000000574,-0.36959699999988516,-0.5431714999999713
2021-09-08 07:30:00,2723.115997,2722.395751,2722.74465,-0.7202459999998609,-0.37134699999978693,-0.5457964999998239
2021-09-08 07:45:00,2723.11658,2722.39735,2722.746641,-0.7192299999996976,-0.3699389999997038,-0.5445844999997007
2021-09-08 08:00:00,2723.114444,2722.396497,2722.745521,-0.71794699999964,-0.3689229999999952,-0.5434349999998176
2021-09-08 08:15:00,2723.11542,2722.395723,2722.746498,-0.7196969999999965,-0.36892200000011144,-0.544309500000054
2021-09-08 08:30:00,2723.114837,2722.397354,2722.744897,-0.717482999999902,-0.36994000000004235,-0.5437114999999721
2021-09-08 08:45:00,2723.11464,2722.397157,2722.744457,-0.717482999999902,-0.37018299999999726,-0.5438329999999496
2021-09-08 09:00:00,2723.117746,2722.396297,2722.746548,-0.7214490000001206,-0.37119799999982206,-0.5463234999999713
2021-09-08 09:15:00,2723.11658,2722.39513,2722.745665,-0.7214500000000044,-0.37091499999996813,-0.5461824999999862
2021-09-08 09:30:00,2723.11483,2722.395129,2722.744647,-0.7197009999999864,-0.37018299999999726,-0.5449419999999918
2021-09-08 09:45:00,2723.11561,2722.398125,2722.743677,-0.7174849999996695,-0.37193299999989904,-0.5447089999997843
2021-09-08 10:00:00,2723.113671,2722.393967,2722.743487,-0.7197040000000925,-0.37018399999988105,-0.5449439999999868
2021-09-08 10:15:00,2723.116007,2722.394866,2722.743921,-0.7211409999999887,-0.37208600000030856,-0.5466135000001486
2021-09-08 10:30:00,2723.117559,2722.395869,2722.743441,-0.7216899999998532,-0.3741179999997257,-0.5479039999997894
2021-09-08 10:45:00,2723.117363,2722.394739,2722.746011,-0.7226239999999962,-0.3713519999996606,-0.5469879999998284
2021-09-08 11:00:00,2723.120089,2722.393966,2722.744221,-0.7261229999999159,-0.37586800000008225,-0.5509954999999991
2021-09-08 11:15:00,2723.120475,2722.394352,2722.7432,-0.7261230000003707,-0.3772750000002816,-0.5516990000003261
2021-09-08 11:30:00,2723.121445,2722.39209,2722.74193,-0.7293550000003961,-0.3795150000000831,-0.5544350000002396
2021-09-08 12:00:00,2723.120662,2722.394692,2722.742317,-0.7259699999999611,-0.37834499999962645,-0.5521574999997938
2021-09-08 12:15:00,2723.120079,2722.395859,2722.744218,-0.7242199999996046,-0.37586099999998623,-0.5500404999997954
2021-09-08 12:30:00,2723.118719,2722.392283,2722.743873,-0.7264359999999215,-0.37484600000016144,-0.5506410000000415
2021-09-08 12:45:00,2723.120082,2722.394112,2722.741588,-0.7259699999999611,-0.37849400000004607,-0.5522320000000036
2021-09-08 13:00:00,2723.121248,2722.395745,2722.741927,-0.725503000000117,-0.3793209999998908,-0.5524120000000039
2021-09-08 13:15:00,2723.120472,2722.393345,2722.742711,-0.7271270000001095,-0.3777610000001914,-0.5524440000001505
2021-09-08 13:30:00,2723.120082,2722.396342,2722.744958,-0.723739999999907,-0.37512399999968693,-0.549431999999797
2021-09-08 13:45:00,2723.119499,2722.39381,2722.743884,-0.7256889999998748,-0.3756149999999252,-0.5506519999999
2021-09-08 14:00:00,2723.121831,2722.39541,2722.745975,-0.7264209999998457,-0.37585600000011254,-0.5511384999999791
2021-09-08 14:15:00,2723.120665,2722.394979,2722.745595,-0.7256859999997687,-0.37507000000005064,-0.5503779999999097
2021-09-08 14:30:00,2723.118333,2722.394862,2722.745012,-0.7234709999997904,-0.37332100000003265,-0.5483959999999115
2021-09-08 14:45:00,2723.119499,2722.391596,2722.744618,-0.7279029999999693,-0.374880999999732,-0.5513919999998507
2021-09-08 15:00:00,2723.118719,2722.393033,2722.744908,-0.7256860000002234,-0.3738109999999324,-0.5497485000000779
2021-09-08 15:15:00,2723.119499,2722.39544,2722.744364,-0.7240590000001248,-0.37513499999977284,-0.5495969999999488
2021-09-08 15:30:00,2723.121242,2722.394541,2722.745681,-0.7267010000000482,-0.3755610000002889,-0.5511310000001686
2021-09-08 15:45:00,2723.119499,2722.393958,2722.744424,-0.7255409999997937,-0.37507499999992433,-0.550307999999859
2021-09-08 16:00:00,2723.118333,2722.392097,2722.74305,-0.7262359999999717,-0.37528299999985393,-0.5507594999999128
2021-09-08 16:15:00,2723.118722,2722.393026,2722.743688,-0.7256959999999708,-0.37503400000014153,-0.5503650000000562
2021-09-08 16:30:00,2723.118916,2722.393387,2722.744034,-0.725528999999824,-0.37488200000007055,-0.5502054999999473
2021-09-08 17:00:00,2723.119502,2722.39327,2722.743451,-0.7262319999999818,-0.37605100000018865,-0.5511415000000852
2021-09-08 17:30:00,2723.120668,2722.392223,2722.742921,-0.7284450000001925,-0.3777469999999994,-0.553096000000096
2021-09-08 17:45:00,2723.119499,2722.393974,2722.743938,-0.7255249999998341,-0.37556099999983417,-0.5505429999998341
2021-09-08 18:00:00,2723.119499,2722.39444,2722.743393,-0.7250589999998738,-0.37610599999970873,-0.5505824999997913
2021-09-08 18:15:00,2723.119499,2722.392224,2722.743447,-0.7272749999997359,-0.37605200000007244,-0.5516634999999042
2021-09-08 18:30:00,2723.119499,2722.393975,2722.744617,-0.7255239999999503,-0.37488200000007055,-0.5502030000000104
2021-09-08 19:00:00,2723.116583,2722.390593,2722.742717,-0.7259899999999107,-0.3738659999999072,-0.5499279999999089
2021-09-08 19:15:00,2723.117166,2722.391643,2722.742284,-0.7255230000000665,-0.37488200000007055,-0.5502025000000685
2021-09-08 19:30:00,2723.117749,2722.392693,2722.741117,-0.7250560000002224,-0.3766319999999723,-0.5508440000000974
2021-09-08 20:00:00,2723.119695,2722.390789,2722.74413,-0.7289059999998244,-0.37556499999982407,-0.5522354999998242
2021-09-08 20:15:00,2723.118916,2722.392692,2722.74335,-0.726224000000002,-0.37556599999970786,-0.5508949999998549
2021-09-08 20:30:00,2723.119499,2722.394279,2722.743874,-0.7252199999998084,-0.37562500000012733,-0.5504224999999678
2021-09-08 20:45:00,2723.120279,2722.39475,2722.745144,-0.7255290000002788,-0.3751350000002276,-0.5503320000002532
2021-09-08 21:00:00,2723.118916,2722.393709,2722.744371,-0.7252069999999549,-0.3745450000001256,-0.5498760000000402
2021-09-08 21:15:00,2723.117749,2722.390326,2722.743937,-0.727422999999817,-0.3738119999998162,-0.5506174999998166
2021-09-08 21:30:00,2723.117749,2722.392077,2722.742471,-0.7256720000000314,-0.37527799999998024,-0.5504750000000058
2021-09-08 22:15:00,2723.119499,2722.394294,2722.743204,-0.7252049999997325,-0.37629500000002736,-0.55074999999988
2021-09-08 22:30:00,2723.119109,2722.39344,2722.745734,-0.72566900000038,-0.3733750000001237,-0.5495220000002519
2021-09-08 22:45:00,2723.11697,2722.39305,2722.745061,-0.7239199999999073,-0.37190899999995963,-0.5479144999999335
2021-09-08 23:15:00,2723.115997,2722.394758,2722.745104,-0.7212389999999687,-0.3708929999997963,-0.5460659999998825
2021-09-08 23:30:00,2723.11658,2722.393126,2722.744954,-0.723453999999947,-0.3716260000001057,-0.5475400000000263
2021-09-09 00:00:00,2723.117163,2722.394725,2722.746024,-0.7224379999997836,-0.37113899999985733,-0.5467884999998205
2021-09-09 00:15:00,2723.119495,2722.397525,2722.746121,-0.7219700000000557,-0.37337399999978516,-0.5476719999999204
2021-09-09 00:30:00,2723.118329,2722.392661,2722.745441,-0.7256680000000415,-0.3728879999998753,-0.5492779999999584
2021-09-09 01:30:00,2723.118329,2722.394411,2722.747191,-0.723917999999685,-0.37113799999997354,-0.5475279999998293
2021-09-09 01:45:00,2723.120079,2722.396358,2722.746704,-0.7237209999998413,-0.37337499999966894,-0.5485479999997551
2021-09-09 02:00:00,2723.117746,2722.395308,2722.745838,-0.7224379999997836,-0.37190800000007584,-0.5471729999999297
2021-09-09 02:30:00,2723.11697,2722.39305,2722.746078,-0.7239199999999073,-0.3708919999999125,-0.5474059999999099
2021-09-09 02:45:00,2723.11659,2722.39383,2722.746858,-0.7227600000001075,-0.36973200000011275,-0.5462460000001101
2021-09-09 03:30:00,2723.11658,2722.39441,2722.744181,-0.7221700000000055,-0.37239899999985937,-0.5472844999999325
2021-09-09 04:00:00,2723.11697,2722.394065,2722.745588,-0.7229050000000825,-0.37138199999981225,-0.5471434999999474
2021-09-09 04:15:00,2723.116,2722.393829,2722.746368,-0.7221709999998893,-0.3696319999999105,-0.5459014999998999
2021-09-09 04:30:00,2723.11561,2722.39612,2722.744961,-0.7194899999999507,-0.3706489999999576,-0.5450694999999541
2021-09-09 04:45:00,2723.114061,2722.393048,2722.744328,-0.7210130000003119,-0.36973299999999654,-0.5453730000001542
2021-09-09 05:15:00,2723.115424,2722.393945,2722.746425,-0.7214790000002722,-0.3689990000002581,-0.5452390000002652
2021-09-09 05:30:00,2723.118526,2722.394138,2722.746901,-0.72438800000009,-0.3716250000002219,-0.5480065000001559
2021-09-09 05:45:00,2723.11658,2722.394407,2722.745688,-0.7221730000001116,-0.3708919999999125,-0.5465325000000121
2021-09-09 06:30:00,2723.118333,2722.39616,2722.747442,-0.7221730000001116,-0.3708910000000287,-0.5465320000000702
2021-09-09 06:45:00,2723.118526,2722.397368,2722.747635,-0.7211580000002868,-0.3708910000000287,-0.5460245000001578
2021-09-09 07:15:00,2723.117163,2722.393941,2722.747288,-0.723222000000078,-0.3698749999998654,-0.5465484999999717
2021-09-09 07:30:00,2723.11483,2722.391919,2722.744954,-0.72291099999984,-0.36987600000020393,-0.546393500000022
2021-09-09 08:00:00,2723.11658,2722.393822,2722.745634,-0.7227579999998852,-0.37094600000000355,-0.5468519999999444
2021-09-09 08:15:00,2723.11619,2722.392966,2722.745244,-0.7232240000003003,-0.37094600000000355,-0.5470850000001519
2021-09-09 08:30:00,2723.1158,2722.393041,2722.74534,-0.7227590000002238,-0.3704600000000937,-0.5466095000001587
2021-09-09 08:45:00,2723.117749,2722.397039,2722.746854,-0.7207100000000537,-0.3708950000000186,-0.5458025000000362
2021-09-09 09:00:00,2723.115997,2722.395989,2722.747778,-0.7200079999997797,-0.36821899999995367,-0.5441134999998667
2021-09-09 09:15:00,2723.115607,2722.392846,2722.745638,-0.7227609999999913,-0.3699690000003102,-0.5463650000001508
2021-09-09 09:45:00,2723.115997,2722.393534,2722.743841,-0.7224630000000616,-0.37215599999990445,-0.547309499999983
2021-09-09 10:00:00,2723.117163,2722.3947,2722.74354,-0.7224630000000616,-0.3736229999999523,-0.5480430000000069
2021-09-09 10:15:00,2723.115997,2722.394548,2722.7429,-0.7214489999996658,-0.3730969999996887,-0.5472729999996773
2021-09-09 11:00:00,2723.120468,2722.394504,2722.744324,-0.7259640000002037,-0.3761440000002949,-0.5510540000002493
2021-09-09 11:15:00,2723.121831,2722.394117,2722.743937,-0.7277140000001054,-0.37789399999974194,-0.5528039999999237
2021-09-09 11:30:00,2723.122998,2722.39428,2722.743691,-0.7287179999998443,-0.37930699999969875,-0.5540124999997715
2021-09-09 11:45:00,2723.124167,2722.390158,2722.743204,-0.7340089999997872,-0.3809630000000652,-0.5574859999999262
2021-09-09 12:00:00,2723.123581,2722.392958,2722.743257,-0.7306229999999232,-0.38032399999974587,-0.5554734999998345
2021-09-09 12:30:00,2723.120668,2722.389847,2722.742678,-0.7308210000001054,-0.3779899999999543,-0.5544055000000299
2021-09-09 12:45:00,2723.120665,2722.392961,2722.739854,-0.7277039999999033,-0.38081099999999424,-0.5542574999999488
2021-09-09 13:00:00,2723.122414,2722.39323,2722.739444,-0.7291839999998047,-0.38297000000011394,-0.5560769999999593
2021-09-09 13:15:00,2723.122218,2722.388601,2722.738231,-0.7336169999998674,-0.38398700000016106,-0.5588020000000142
2021-09-09 13:30:00,2723.120272,2722.392837,2722.740331,-0.7274350000002414,-0.3799410000001444,-0.5536880000001929
2021-09-09 13:45:00,2723.120468,2722.392017,2722.742484,-0.72845099999995,-0.37798400000019683,-0.5532175000000734
2021-09-09 14:00:00,2723.121825,2722.391624,2722.742334,-0.7302010000003065,-0.3794910000001437,-0.5548460000002251
2021-09-09 14:15:00,2723.118333,2722.389134,2722.741017,-0.7291989999998805,-0.3773160000000644,-0.5532574999999724
2021-09-09 15:00:00,2723.119889,2722.392908,2722.744377,-0.7269810000002508,-0.37551200000007157,-0.5512465000001612
2021-09-09 15:15:00,2723.121252,2722.392337,2722.745008,-0.728914999999688,-0.37624400000004243,-0.5525794999998652
2021-09-09 15:30:00,2723.120668,2722.391754,2722.744141,-0.7289139999998042,-0.37652699999989636,-0.5527204999998503
2021-09-09 15:45:00,2723.116973,2722.391713,2722.742198,-0.7252600000001621,-0.374775000000227,-0.5500175000001946
2021-09-09 16:15:00,2723.121835,2722.391793,2722.742338,-0.7300420000001395,-0.37949699999990116,-0.5547695000000203
2021-09-09 16:30:00,2723.120668,2722.39016,2722.741661,-0.7305080000000999,-0.3790070000000014,-0.5547575000000506
2021-09-09 16:45:00,2723.120085,2722.389888,2722.741321,-0.7301969999998619,-0.3787640000000465,-0.5544804999999542
2021-09-09 17:00:00,2723.121835,2722.389846,2722.743071,-0.731988999999885,-0.3787640000000465,-0.5553764999999657
2021-09-09 17:15:00,2723.119502,2722.389264,2722.741754,-0.7302380000000994,-0.3777479999998832,-0.5539929999999913
2021-09-09 17:30:00,2723.120668,2722.392224,2722.741904,-0.728443999999854,-0.3787640000000465,-0.5536039999999502
2021-09-09 17:45:00,2723.118336,2722.391641,2722.740588,-0.726694999999836,-0.3777479999998832,-0.5522214999998596
2021-09-09 18:00:00,2723.118336,2722.390626,2722.740097,-0.7277100000001155,-0.37823900000012145,-0.5529745000001185
2021-09-09 18:15:00,2723.118916,2722.391176,2722.741664,-0.7277399999998124,-0.3772519999997712,-0.5524959999997918
2021-09-09 19:00:00,2723.117749,2722.394132,2722.744145,-0.7236170000001039,-0.3736039999998866,-0.5486104999999952
2021-09-09 19:15:00,2723.118919,2722.394133,2722.742638,-0.724786000000222,-0.37628099999983533,-0.5505335000000287
2021-09-09 20:00:00,2723.117946,2722.390946,2722.742964,-0.7269999999998618,-0.37498199999981807,-0.5509909999998399
2021-09-09 20:15:00,2723.116,2722.39075,2722.741751,-0.72524999999996,-0.3742489999999634,-0.5497494999999617
2021-09-09 20:30:00,2723.117749,2722.393981,2722.745157,-0.7237679999998363,-0.3725920000001679,-0.5481800000000021
2021-09-09 20:45:00,2723.120082,2722.392815,2722.744725,-0.7272669999997561,-0.37535699999989447,-0.5513119999998253
2021-09-09 21:00:00,2723.11561,2722.393311,2722.743751,-0.7222990000000209,-0.3718589999998585,-0.5470789999999397
2021-09-09 21:15:00,2723.117166,2722.390014,2722.74267,-0.7271519999999327,-0.37449599999990824,-0.5508239999999205
2021-09-09 21:30:00,2723.117749,2722.390289,2722.742917,-0.7274600000000646,-0.3748319999999694,-0.551146000000017
2021-09-09 21:45:00,2723.117749,2722.390598,2722.743407,-0.727151000000049,-0.3743420000000697,-0.5507465000000593
2021-09-09 22:45:00,2723.117166,2722.393392,2722.744574,-0.7237740000000485,-0.3725920000001679,-0.5481830000001082
2021-09-09 23:00:00,2723.116,2722.390318,2722.741657,-0.7256819999997788,-0.37434299999995346,-0.5500124999998661
2021-09-09 23:15:00,2723.117363,2722.391374,2722.744037,-0.7259890000000269,-0.37332599999990634,-0.5496574999999666
2021-09-09 23:30:00,2723.118136,2722.393204,2722.742917,-0.7249320000000807,-0.3752190000000155,-0.5500755000000481
2021-09-09 23:45:00,2723.117946,2722.393708,2722.745295,-0.7242379999997866,-0.3726509999996779,-0.5484444999997322
2021-09-10 00:00:00,2723.116393,2722.392155,2722.745491,-0.7242379999997866,-0.3709019999996599,-0.5475699999997232
2021-09-10 00:15:00,2723.115613,2722.391375,2722.744711,-0.7242379999997866,-0.37090200000011464,-0.5475699999999506
2021-09-10 00:30:00,2723.117173,2722.391185,2722.743847,-0.7259880000001431,-0.37332599999990634,-0.5496570000000247
2021-09-10 01:00:00,2723.11659,2722.394299,2722.742531,-0.7222910000000411,-0.37405900000021575,-0.5481750000001284
2021-09-10 01:15:00,2723.11659,2722.392084,2722.743264,-0.7245060000000194,-0.37332599999990634,-0.5489159999999629
2021-09-10 01:30:00,2723.117173,2722.394882,2722.743788,-0.7222910000000411,-0.37338499999987107,-0.5478379999999561
2021-09-10 02:00:00,2723.117173,2722.393401,2722.744521,-0.723772000000281,-0.3726520000000164,-0.5482120000001487
2021-09-10 02:15:00,2723.118916,2722.391768,2722.743698,-0.7271479999999428,-0.375217999999677,-0.5511829999998099
2021-09-10 02:45:00,2723.11659,2722.392816,2722.744671,-0.7237740000000485,-0.37191900000016176,-0.5478465000001052
2021-09-10 03:15:00,2723.11659,2722.393832,2722.746368,-0.7227579999998852,-0.3702220000000125,-0.5464899999999489
2021-09-10 03:30:00,2723.118916,2722.394999,2722.747831,-0.7239169999998012,-0.3710849999997663,-0.5475009999997837
2021-09-10 03:45:00,2723.11736,2722.391226,2722.745258,-0.7261340000000018,-0.37210200000026816,-0.549118000000135
2021-09-10 04:00:00,2723.115997,2722.393559,2722.744425,-0.7224379999997836,-0.37157200000001467,-0.5470049999998992
2021-09-10 04:15:00,2723.117163,2722.393245,2722.744858,-0.723917999999685,-0.3723049999998693,-0.5481114999997772
2021-09-10 04:30:00,2723.118329,2722.395892,2722.746025,-0.7224369999998999,-0.37230399999998554,-0.5473704999999427
2021-09-10 04:45:00,2723.120665,2722.393828,2722.746121,-0.7268369999997049,-0.37454399999978705,-0.550690499999746
2021-09-10 05:00:00,2723.115414,2722.393244,2722.744859,-0.7221700000000055,-0.37055499999996755,-0.5463624999999865
2021-09-10 05:15:00,2723.115997,2722.394292,2722.745442,-0.721704999999929,-0.37055499999996755,-0.5461299999999483
2021-09-10 06:00:00,2723.115997,2722.397243,2722.745591,-0.7187539999999899,-0.3704060000000027,-0.5445799999999963
2021-09-10 06:15:00,2723.11619,2722.392972,2722.745785,-0.7232180000000881,-0.3704050000001189,-0.5468115000001035
2021-09-10 06:30:00,2723.11658,2722.395877,2722.745738,-0.7207029999999577,-0.3708419999998114,-0.5457724999998845
2021-09-10 07:00:00,2723.117163,2722.396926,2722.746605,-0.7202369999999974,-0.37055800000007366,-0.5453975000000355
2021-09-10 07:15:00,2723.11483,2722.394126,2722.745985,-0.7207039999998415,-0.3688449999999648,-0.5447744999999031
2021-09-10 07:30:00,2723.116193,2722.393738,2722.745108,-0.722454999999627,-0.3710849999997663,-0.5467699999996967
2021-09-10 07:45:00,2723.11542,2722.39398,2722.745558,-0.721440000000257,-0.3698620000000119,-0.5456510000001344
2021-09-10 08:00:00,2723.11717,2722.393514,2722.745505,-0.7236560000001191,-0.3716650000001209,-0.54766050000012
2021-09-10 08:15:00,2723.116586,2722.393664,2722.745655,-0.7229219999999259,-0.37093099999992774,-0.5469264999999268
2021-09-10 08:30:00,2723.117756,2722.392928,2722.745205,-0.7248279999998886,-0.37255099999993035,-0.5486894999999095
2021-09-10 09:00:00,2723.11542,2722.390745,2722.742004,-0.7246749999999338,-0.3734159999999065,-0.5490454999999201
2021-09-10 09:30:00,2723.117756,2722.391642,2722.742438,-0.7261140000000523,-0.37531799999987925,-0.5507159999999658
2021-09-10 09:45:00,2723.11484,2722.390939,2722.741945,-0.7239010000002963,-0.37289499999997133,-0.5483980000001338
2021-09-10 10:00:00,2723.117756,2722.392107,2722.740871,-0.7256489999999758,-0.37688500000012937,-0.5512670000000526
2021-09-10 10:15:00,2723.11659,2722.393155,2722.740722,-0.7234349999998813,-0.37586800000008225,-0.5496514999999818
2021-09-10 10:30:00,2723.117173,2722.391055,2722.740778,-0.7261180000000422,-0.37639500000022963,-0.5512565000001359
2021-09-10 10:45:00,2723.118339,2722.390006,2722.742679,-0.7283330000000205,-0.37566000000015265,-0.5519965000000866
2021-09-10 11:00:00,2723.121058,2722.390975,2722.742241,-0.7300830000003771,-0.37881700000025376,-0.5544500000003154
2021-09-10 11:15:00,2723.122998,2722.393381,2722.744182,-0.729616999999962,-0.3788159999999152,-0.5542164999999386
2021-09-10 11:30:00,2723.119695,2722.390345,2722.742871,-0.7293500000000677,-0.3768239999999423,-0.553087000000005
2021-09-10 11:45:00,2723.122225,2722.389375,2722.742634,-0.7328499999998712,-0.3795909999998912,-0.5562204999998812
2021-09-10 12:00:00,2723.121831,2722.391197,2722.743258,-0.7306340000000091,-0.3785729999999603,-0.5546034999999847
2021-09-10 12:15:00,2723.121052,2722.391898,2722.743158,-0.7291540000001078,-0.37789399999974194,-0.5535239999999249
2021-09-10 12:30:00,2723.122608,2722.393144,2722.743301,-0.7294640000000072,-0.3793070000001535,-0.5543855000000804
2021-09-10 12:45:00,2723.120468,2722.391597,2722.742425,-0.7288710000002538,-0.37804300000016156,-0.5534570000002077
2021-09-10 13:00:00,2723.120472,2722.391599,2722.741204,-0.7288730000000214,-0.3792680000001383,-0.5540705000000798
2021-09-10 13:15:00,2723.121445,2722.392574,2722.742178,-0.7288710000002538,-0.3792670000002545,-0.5540690000002542
2021-09-10 13:30:00,2723.121055,2722.392184,2722.742278,-0.7288710000002538,-0.3787769999999,-0.5538240000000769
2021-09-10 13:45:00,2723.120665,2722.393698,2722.744525,-0.7269670000000588,-0.37613999999985026,-0.5515534999999545
2021-09-10 14:00:00,2723.123584,2722.391482,2722.742775,-0.7321019999999407,-0.3808089999997719,-0.5564554999998563
2021-09-10 14:15:00,2723.122998,2722.392532,2722.744619,-0.7304659999999785,-0.378378999999768,-0.5544224999998733
2021-09-10 14:30:00,2723.123967,2722.393502,2722.744175,-0.7304650000000947,-0.37979200000017954,-0.5551285000001371
2021-09-10 14:45:00,2723.122991,2722.392329,2722.744458,-0.7306620000003932,-0.3785330000000613,-0.5545975000002272
2021-09-10 15:00:00,2723.124157,2722.394271,2722.742858,-0.7298860000000786,-0.3812990000001264,-0.5555925000001025
2021-09-10 15:15:00,2723.122408,2722.391746,2722.743201,-0.7306620000003932,-0.3792069999999512,-0.5549345000001722
2021-09-10 15:30:00,2723.122221,2722.389809,2722.742329,-0.7324120000002949,-0.37989199999992707,-0.556152000000111
2021-09-10 15:45:00,2723.120668,2722.392688,2722.742868,-0.727980000000116,-0.37780000000020664,-0.5528900000001613
2021-09-10 16:00:00,2723.12475,2722.391056,2722.743452,-0.7336940000000141,-0.38129799999978786,-0.557495999999901
2021-09-10 16:30:00,2723.122808,2722.391598,2722.742768,-0.7312099999999191,-0.38004000000000815,-0.5556249999999636
2021-09-10 16:45:00,2723.121448,2722.391988,2722.741408,-0.7294600000000173,-0.38004000000000815,-0.5547500000000127
2021-09-10 17:00:00,2723.121058,2722.389382,2722.741751,-0.7316760000003342,-0.3793070000001535,-0.5554915000002438
2021-09-10 17:15:00,2723.120862,2722.393038,2722.741991,-0.7278240000000551,-0.3788710000003448,-0.5533475000001999
2021-09-10 17:30:00,2723.120665,2722.392376,2722.742865,-0.7282890000001316,-0.3777999999997519,-0.5530444999999418
2021-09-10 17:45:00,2723.120472,2722.39413,2722.742334,-0.7263419999999314,-0.3781380000000354,-0.5522399999999834
2021-09-10 18:00:00,2723.122028,2722.395223,2722.743891,-0.7268049999997857,-0.37813699999969685,-0.5524709999997413
2021-09-10 18:15:00,2723.121248,2722.392961,2722.743601,-0.7282869999999093,-0.3776469999997971,-0.5529669999998532
2021-09-10 18:30:00,2723.120665,2722.392379,2722.742528,-0.7282860000000255,-0.37813699999969685,-0.5532114999998612
2021-09-10 18:45:00,2723.118333,2722.391796,2722.741944,-0.7265370000000075,-0.3763890000000174,-0.5514630000000125
2021-09-10 19:30:00,2723.117749,2722.391257,2722.740628,-0.7264919999997801,-0.37712099999998827,-0.5518064999998842
2021-09-10 19:45:00,2723.117749,2722.392697,2722.741361,-0.7250519999997778,-0.3763880000001336,-0.5507199999999557
2021-09-10 20:00:00,2723.11736,2722.392307,2722.741461,-0.7250530000001163,-0.37589900000011767,-0.550476000000117
2021-09-10 20:15:00,2723.119499,2722.392812,2722.741698,-0.7266869999998562,-0.3778010000000904,-0.5522439999999733
2021-09-10 20:45:00,2723.118916,2722.391948,2722.740772,-0.7269679999999425,-0.37814399999979287,-0.5525559999998677
2021-09-10 21:00:00,2723.117363,2722.389621,2722.740721,-0.7277420000000347,-0.3766419999997197,-0.5521919999998772
2021-09-10 21:15:00,2723.118333,2722.390912,2722.741548,-0.7274210000000494,-0.3767849999999271,-0.5521029999999882
2021-09-10 21:30:00,2723.117749,2722.389314,2722.739948,-0.7284349999999904,-0.3778010000000904,-0.5531180000000404
2021-09-10 21:45:00,2723.117749,2722.389315,2722.740438,-0.7284340000001066,-0.3773110000001907,-0.5528725000001486
2021-09-10 22:00:00,2723.116,2722.390797,2722.740627,-0.725202999999965,-0.3753729999998541,-0.5502879999999095
2021-09-10 22:15:00,2723.120082,2722.387682,2722.739798,-0.7323999999998705,-0.38028399999984686,-0.5563419999998587
2021-09-10 22:30:00,2723.119499,2722.391532,2722.740681,-0.7279669999998077,-0.3788179999996828,-0.5533924999997453
2021-09-10 22:45:00,2723.117749,2722.391066,2722.739214,-0.7266829999998663,-0.37853499999982887,-0.5526089999998476
2021-09-10 23:00:00,2723.117166,2722.391965,2722.741061,-0.7252010000001974,-0.37610499999982494,-0.5506530000000112
2021-09-11 00:15:00,2723.117749,2722.388852,2722.741118,-0.7288969999999608,-0.37663100000008853,-0.5527640000000247
2021-09-11 01:30:00,2723.120082,2722.391383,2722.741211,-0.7286989999997786,-0.37887099999989005,-0.5537849999998343
2021-09-11 01:45:00,2723.118916,2722.390485,2722.741115,-0.7284310000000005,-0.3778010000000904,-0.5531160000000455
2021-09-11 02:00:00,2723.116583,2722.390367,2722.741021,-0.7262160000000222,-0.3755620000001727,-0.5508890000000974
2021-09-11 02:15:00,2723.11659,2722.391068,2722.742922,-0.7255220000001827,-0.37366800000017975,-0.5495950000001812
2021-09-11 02:30:00,2723.118333,2722.391382,2722.743505,-0.7269510000000992,-0.3748279999999795,-0.5508895000000393
2021-09-11 03:15:00,2723.118333,2722.39165,2722.743789,-0.7266829999998663,-0.37454399999978705,-0.5506134999998267
2021-09-11 03:45:00,2723.118726,2722.393203,2722.745059,-0.7255230000000665,-0.37366700000029596,-0.5495950000001812
2021-09-11 04:00:00,2723.11678,2722.39079,2722.744128,-0.7259899999999107,-0.3726520000000164,-0.5493209999999635
2021-09-11 04:15:00,2723.118333,2722.391959,2722.742772,-0.7263739999998506,-0.37556099999983417,-0.5509674999998424
2021-09-11 04:30:00,2723.118339,2722.395032,2722.743655,-0.7233070000002044,-0.37468399999988833,-0.5489955000000464
2021-09-11 04:45:00,2723.118339,2722.392816,2722.744672,-0.7255230000000665,-0.37366700000029596,-0.5495950000001812
2021-09-11 05:15:00,2723.117756,2722.395465,2722.745105,-0.7222910000000411,-0.3726510000001326,-0.5474710000000869
2021-09-11 05:30:00,2723.116007,2722.392232,2722.744035,-0.7237749999999323,-0.37197199999991426,-0.5478734999999233
2021-09-11 05:45:00,2723.116,2722.392546,2722.743602,-0.723453999999947,-0.3723979999999756,-0.5479259999999613
2021-09-11 06:00:00,2723.118333,2722.391648,2722.744185,-0.7266850000000886,-0.37414799999987736,-0.550416499999983
2021-09-11 06:15:00,2723.11659,2722.393124,2722.745162,-0.7234659999999167,-0.3714279999999235,-0.5474469999999201
2021-09-11 06:30:00,2723.117749,2722.394604,2722.745842,-0.7231449999999313,-0.37190700000019206,-0.5475260000000617
2021-09-11 06:45:00,2723.117166,2722.392074,2722.745259,-0.7250920000001315,-0.37190700000019206,-0.5484995000001618
2021-09-11 07:00:00,2723.117749,2722.392854,2722.744092,-0.7248949999998331,-0.37365700000009383,-0.5492759999999635
2021-09-11 07:15:00,2723.116,2722.392544,2722.745352,-0.7234560000001693,-0.3706480000000738,-0.5470520000001216
2021-09-11 07:30:00,2723.11736,2722.391688,2722.744229,-0.7256720000000314,-0.373131000000285,-0.5494015000001582
2021-09-11 07:45:00,2723.11658,2722.393124,2722.743449,-0.7234559999997145,-0.37313099999983024,-0.5482934999997724
2021-09-11 08:00:00,2723.117746,2722.392074,2722.744615,-0.7256720000000314,-0.37313099999983024,-0.5494014999999308
2021-09-11 08:15:00,2723.117746,2722.389857,2722.743355,-0.7278889999997773,-0.3743909999998323,-0.5511399999998048
2021-09-11 08:30:00,2723.11483,2722.391371,2722.742869,-0.7234589999998207,-0.37196099999982835,-0.5477099999998245
2021-09-11 08:45:00,2723.117166,2722.391803,2722.743018,-0.7253630000000157,-0.37414799999987736,-0.5497554999999466
2021-09-11 09:45:00,2723.119109,2722.39421,2722.742965,-0.7248990000002777,-0.3761440000002949,-0.5505215000002863
2021-09-11 10:00:00,2723.117746,2722.39063,2722.741115,-0.7271160000000236,-0.37663100000008853,-0.5518735000000561
2021-09-11 10:15:00,2723.11658,2722.38915,2722.740965,-0.727429999999913,-0.3756149999999252,-0.5515224999999191
2021-09-11 10:30:00,2723.118912,2722.387983,2722.741562,-0.7309289999998327,-0.37734999999975116,-0.554139499999792
2021-09-11 10:45:00,2723.118333,2722.389918,2722.739812,-0.7284150000000409,-0.3785210000000916,-0.5534680000000662
2021-09-11 11:15:00,2723.121248,2722.389149,2722.741995,-0.7320989999998346,-0.37925300000006246,-0.5556759999999485
2021-09-11 11:30:00,2723.122218,2722.389849,2722.741369,-0.7323689999998351,-0.38084900000012567,-0.5566089999999804
2021-09-11 11:45:00,2723.123191,2722.390822,2722.741118,-0.7323690000002898,-0.3820730000002186,-0.5572210000002542
2021-09-11 12:00:00,2723.122998,2722.388993,2722.741222,-0.7340049999997973,-0.3817759999997179,-0.5578904999997576
2021-09-11 12:15:00,2723.12455,2722.388484,2722.743703,-0.736065999999937,-0.38084699999990335,-0.5584564999999202
2021-09-11 12:30:00,2723.123387,2722.389071,2722.742782,-0.7343160000000353,-0.38060500000028696,-0.5574605000001611
2021-09-11 12:45:00,2723.123001,2722.3909,2722.741513,-0.732101000000057,-0.3814879999999903,-0.5567945000000236
2021-09-11 13:00:00,2723.123194,2722.389343,2722.738732,-0.7338509999999587,-0.384461999999985,-0.5591564999999719
2021-09-11 13:15:00,2723.120472,2722.386889,2722.737268,-0.7335830000001806,-0.38320400000020527,-0.5583935000001929
2021-09-11 13:30:00,2723.121831,2722.387203,2722.741022,-0.7346279999997023,-0.3808089999997719,-0.5577184999997371
2021-09-11 13:45:00,2723.124554,2722.389688,2722.740151,-0.7348659999997835,-0.38440300000002026,-0.5596344999999019
2021-09-11 14:00:00,2723.118909,2722.388555,2722.739908,-0.7303539999998065,-0.3790009999997892,-0.5546774999997979
2021-09-11 14:15:00,2723.120075,2722.387505,2722.739568,-0.7325699999996687,-0.38050699999985227,-0.5565384999997605
2021-09-11 14:30:00,2723.121638,2722.385995,2722.740541,-0.7356429999999818,-0.3810969999999543,-0.5583699999999681
2021-09-11 14:45:00,2723.121252,2722.387825,2722.739272,-0.7334270000001197,-0.38198000000011234,-0.557703500000116
2021-09-11 15:00:00,2723.124167,2722.389458,2722.738931,-0.7347089999998389,-0.3852360000000772,-0.559972499999958
2021-09-11 15:15:00,2723.120668,2722.387242,2722.740155,-0.733426000000236,-0.3805130000000645,-0.5569695000001502
2021-09-11 15:45:00,2723.120085,2722.385176,2722.739572,-0.7349090000002434,-0.3805130000000645,-0.557711000000154
2021-09-11 16:00:00,2723.120475,2722.387049,2722.739962,-0.733426000000236,-0.3805130000000645,-0.5569695000001502
2021-09-11 16:15:00,2723.121445,2722.387707,2722.740932,-0.7337380000003577,-0.3805130000000645,-0.5571255000002111
2021-09-11 16:30:00,2723.121058,2722.387633,2722.739322,-0.7334250000003522,-0.38173600000027363,-0.5575805000003129
2021-09-11 16:45:00,2723.120668,2722.387243,2722.740102,-0.7334249999998974,-0.380565999999817,-0.5569954999998572
2021-09-11 17:00:00,2723.121252,2722.387827,2722.738935,-0.7334249999998974,-0.3823170000000573,-0.5578709999999774
2021-09-11 17:15:00,2723.120668,2722.388683,2722.740836,-0.7319849999998951,-0.37983200000007855,-0.5559084999999868
2021-09-11 17:30:00,2723.117753,2722.385613,2722.740685,-0.7321400000000722,-0.377067999999781,-0.5546039999999266
2021-09-11 17:45:00,2723.120668,2722.38678,2722.740345,-0.7338880000002064,-0.3803229999998621,-0.5571055000000342
2021-09-11 18:15:00,2723.120085,2722.388414,2722.740045,-0.7316710000000057,-0.38004000000000815,-0.5558555000000069
2021-09-11 18:30:00,2723.11717,2722.389464,2722.738878,-0.7277060000001256,-0.37829199999987395,-0.5529989999999998
2021-09-11 19:45:00,2723.118919,2722.389466,2722.741119,-0.7294529999999213,-0.37780000000020664,-0.553626500000064
2021-09-11 20:00:00,2723.11678,2722.388611,2722.741462,-0.7281689999999799,-0.37531799999987925,-0.5517434999999296
2021-09-11 20:30:00,2723.119695,2722.389779,2722.741612,-0.7299159999997755,-0.37808300000006057,-0.553999499999918
2021-09-11 20:45:00,2723.118916,2722.390948,2722.740098,-0.7279679999996915,-0.3788179999996828,-0.5533929999996872
2021-09-11 21:00:00,2723.117749,2722.387099,2722.740682,-0.7306499999999687,-0.37706699999989723,-0.553858499999933
2021-09-11 21:15:00,2723.116,2722.389316,2722.741356,-0.7266840000002048,-0.3746439999999893,-0.5506640000000971
2021-09-11 21:30:00,2723.11678,2722.389349,2722.740872,-0.7274309999997968,-0.37590799999998126,-0.551669499999889
2021-09-11 21:45:00,2723.115227,2722.386793,2722.740785,-0.7284339999996519,-0.3744419999998172,-0.5514379999997345
2021-09-11 22:00:00,2723.116,2722.387101,2722.739418,-0.7288990000001832,-0.3765819999998712,-0.5527405000000272
2021-09-11 22:15:00,2723.116583,2722.387684,2722.740002,-0.7288990000001832,-0.3765809999999874,-0.5527400000000853
2021-09-11 22:30:00,2723.117749,2722.389318,2722.741169,-0.7284310000000005,-0.3765800000001036,-0.552505500000052
2021-09-11 22:45:00,2723.117749,2722.390787,2722.741902,-0.7269620000001851,-0.3758469999997942,-0.5514044999999896
2021-09-11 23:00:00,2723.117749,2722.390321,2722.743066,-0.7274280000001454,-0.37468300000000454,-0.551055500000075
2021-09-11 23:30:00,2723.115414,2722.390369,2722.741752,-0.7250449999996817,-0.3736619999999675,-0.5493534999998246
2021-09-11 23:45:00,2723.115997,2722.390952,2722.741318,-0.7250449999996817,-0.37467900000001464,-0.5498619999998482
2021-09-12 00:00:00,2723.115414,2722.38667,2722.740735,-0.728744000000006,-0.37467900000001464,-0.5517115000000103
2021-09-12 00:15:00,2723.11697,2722.388227,2722.740109,-0.7287430000001223,-0.37686100000018996,-0.5528020000001561
2021-09-12 00:30:00,2723.113861,2722.388617,2722.740446,-0.7252439999997478,-0.3734150000000227,-0.5493294999998852
2021-09-12 01:00:00,2723.117749,2722.389007,2722.742055,-0.7287419999997837,-0.37569399999983943,-0.5522179999998116
2021-09-12 01:15:00,2723.118333,2722.389591,2722.741419,-0.7287419999997837,-0.37691399999994246,-0.5528279999998631
2021-09-12 01:30:00,2723.118916,2722.390174,2722.742002,-0.7287419999997837,-0.37691399999994246,-0.5528279999998631
2021-09-12 01:45:00,2723.118333,2722.390057,2722.742435,-0.7282759999998234,-0.37589799999977913,-0.5520869999998013
2021-09-12 02:15:00,2723.116,2722.389473,2722.742189,-0.7265269999998054,-0.3738109999999324,-0.5501689999998689
2021-09-12 02:30:00,2723.116,2722.390488,2722.739949,-0.7255119999999806,-0.37605100000018865,-0.5507815000000846
2021-09-12 03:00:00,2723.118333,2722.391806,2722.741945,-0.7265269999998054,-0.37638799999967887,-0.5514574999997421
2021-09-12 03:15:00,2723.118916,2722.39239,2722.741116,-0.7265259999999216,-0.3777999999997519,-0.5521629999998368
2021-09-12 03:30:00,2723.116,2722.38854,2722.739215,-0.7274600000000646,-0.3767849999999271,-0.5521224999999959
2021-09-12 03:45:00,2723.118333,2722.39107,2722.741549,-0.7272629999997662,-0.3767840000000433,-0.5520234999999047
2021-09-12 04:30:00,2723.116583,2722.389587,2722.739799,-0.7269959999998719,-0.3767840000000433,-0.5518899999999576
2021-09-12 04:45:00,2723.117749,2722.39297,2722.741209,-0.724779000000126,-0.3765400000002046,-0.5506595000001653
2021-09-12 05:00:00,2723.118916,2722.38842,2722.740625,-0.7304959999996754,-0.37829099999999016,-0.5543934999998328
2021-09-12 05:15:00,2723.116,2722.390753,2722.739458,-0.7252469999998539,-0.3765419999999722,-0.550894499999913
2021-09-12 05:30:00,2723.114834,2722.387836,2722.740042,-0.7269980000000942,-0.3747920000000704,-0.5508950000000823
2021-09-12 05:45:00,2723.116,2722.389002,2722.740192,-0.7269980000000942,-0.375807999999779,-0.5514029999999366
2021-09-12 06:00:00,2723.118139,2722.392623,2722.741599,-0.7255159999999705,-0.3765400000002046,-0.5510280000000876
2021-09-12 06:15:00,2723.115807,2722.388342,2722.741015,-0.7274649999999383,-0.3747920000000704,-0.5511285000000044
2021-09-12 06:30:00,2723.11697,2722.387755,2722.739169,-0.7292149999998401,-0.3778010000000904,-0.5535079999999653
2021-09-12 06:45:00,2723.116,2722.389001,2722.740966,-0.726998999999978,-0.37503400000014153,-0.5510165000000598
2021-09-12 07:00:00,2723.11561,2722.391841,2722.739842,-0.7237689999997201,-0.37576799999988,-0.5497684999998
2021-09-12 07:15:00,2723.11658,2722.390595,2722.739251,-0.725985000000037,-0.37732899999991787,-0.5516569999999774
2021-09-12 07:30:00,2723.118916,2722.39176,2722.740175,-0.7271559999999226,-0.3787409999999909,-0.5529484999999568
2021-09-12 07:45:00,2723.115997,2722.391944,2722.739159,-0.7240529999999126,-0.3768379999996796,-0.5504454999997961
2021-09-12 08:00:00,2723.117363,2722.389924,2722.738622,-0.7274389999997766,-0.3787409999999909,-0.5530899999998837
2021-09-12 08:15:00,2723.11484,2722.389897,2722.739598,-0.7249430000001666,-0.37524200000007113,-0.5500925000001189
2021-09-12 08:30:00,2723.118143,2722.39292,2722.739402,-0.7252230000003692,-0.3787409999999909,-0.55198200000018
2021-09-12 08:45:00,2723.116,2722.390774,2722.739008,-0.7252260000000206,-0.3769919999999729,-0.5511089999999967
2021-09-12 09:15:00,2723.11678,2722.388334,2722.738038,-0.7284459999996216,-0.3787419999998747,-0.5535939999997481
2021-09-12 09:30:00,2723.117749,2722.389612,2722.737263,-0.7281370000000607,-0.380486000000019,-0.5543115000000398
2021-09-12 09:45:00,2723.117749,2722.389303,2722.735365,-0.7284460000000763,-0.38238400000000183,-0.5554150000000391
2021-09-12 10:00:00,2723.117749,2722.38961,2722.737056,-0.7281389999998282,-0.3806930000000648,-0.5544159999999465
2021-09-12 10:15:00,2723.117166,2722.386502,2722.73668,-0.7306640000001607,-0.380486000000019,-0.5555750000000899
2021-09-12 10:30:00,2723.120665,2722.386966,2722.734438,-0.7336989999998877,-0.3862269999999626,-0.5599629999999252
2021-09-12 10:45:00,2723.119499,2722.386108,2722.734289,-0.7333909999997559,-0.38520999999991545,-0.5593004999998357
2021-09-12 11:00:00,2723.120082,2722.386691,2722.735363,-0.7333909999997559,-0.3847190000001319,-0.5590549999999439
2021-09-12 11:15:00,2723.121831,2722.388907,2722.737113,-0.7329239999999118,-0.3847179999997934,-0.5588209999998526
2021-09-12 11:30:00,2723.122414,2722.386808,2722.737696,-0.7356059999997342,-0.3847179999997934,-0.5601619999997638
2021-09-12 11:45:00,2723.123967,2722.386611,2722.734976,-0.7373560000000907,-0.38899099999980535,-0.563173499999948
2021-09-12 12:00:00,2723.122604,2722.387744,2722.737113,-0.734860000000026,-0.3854910000000018,-0.5601755000000139
2021-09-12 12:15:00,2723.122801,2722.383508,2722.735559,-0.7392930000000888,-0.38724199999978737,-0.5632674999999381
2021-09-12 12:30:00,2723.121825,2722.384747,2722.735659,-0.7370780000001105,-0.38616600000023027,-0.5616220000001704
2021-09-12 12:45:00,2723.124157,2722.387546,2722.735751,-0.7366110000002664,-0.3884060000000318,-0.5625085000001491
2021-09-12 13:00:00,2723.122221,2722.388519,2722.735506,-0.7337019999999939,-0.38671500000009473,-0.5602085000000443
2021-09-12 13:15:00,2723.123584,2722.388402,2722.736338,-0.7351819999998952,-0.38724599999977727,-0.5612139999998362
2021-09-12 13:30:00,2723.120668,2722.385485,2722.735905,-0.7351830000002337,-0.38476300000002084,-0.5599730000001273
2021-09-12 13:45:00,2723.120085,2722.384902,2722.737125,-0.7351830000002337,-0.3829599999999118,-0.5590715000000728
2021-09-12 14:00:00,2723.120472,2722.387039,2722.736932,-0.7334329999998772,-0.38354000000026645,-0.5584865000000718
2021-09-12 14:15:00,2723.119695,2722.384046,2722.735669,-0.7356489999997393,-0.38402599999972153,-0.5598374999997304
2021-09-12 14:30:00,2723.117556,2722.384122,2722.735616,-0.7334340000002157,-0.38194000000021333,-0.5576870000002145
2021-09-12 14:45:00,2723.123001,2722.386536,2722.736056,-0.7364649999999529,-0.3869449999997414,-0.5617049999998471
2021-09-12 15:00:00,2723.122418,2722.386233,2722.737223,-0.7361849999997503,-0.38519499999983964,-0.560689999999795
2021-09-12 15:15:00,2723.120468,2722.38767,2722.737519,-0.7327980000000025,-0.38294900000028065,-0.5578735000001416
2021-09-12 15:30:00,2723.121825,2722.387123,2722.738875,-0.7347020000001976,-0.38295000000016444,-0.558826000000181
2021-09-12 15:45:00,2723.119882,2722.384403,2722.735708,-0.7354789999999412,-0.3841739999998026,-0.5598264999998719
2021-09-12 16:00:00,2723.121828,2722.387127,2722.736639,-0.734700999999859,-0.3851889999996274,-0.5599449999997432
2021-09-12 16:15:00,2723.11717,2722.38113,2722.734208,-0.7360399999997753,-0.38296200000013414,-0.5595009999999547
2021-09-12 16:30:00,2723.119495,2722.385063,2722.736788,-0.7344319999997424,-0.38270699999975477,-0.5585694999997486
2021-09-12 16:45:00,2723.119502,2722.384014,2722.736542,-0.7354879999998047,-0.3829599999999118,-0.5592239999998583
2021-09-12 17:00:00,2723.117753,2722.382264,2722.734792,-0.7354890000001433,-0.3829609999997956,-0.5592249999999694
2021-09-12 17:15:00,2723.119689,2722.383043,2722.736302,-0.7366460000002917,-0.3833870000003117,-0.5600165000003017
2021-09-12 17:30:00,2723.118909,2722.384479,2722.736201,-0.7344299999999748,-0.38270799999963856,-0.5585689999998067
2021-09-12 17:45:00,2723.118326,2722.38343,2722.735618,-0.7348959999999352,-0.38270799999963856,-0.5588019999997869
2021-09-12 18:00:00,2723.118133,2722.383703,2722.734745,-0.7344299999999748,-0.3833879999997407,-0.5589089999998578
2021-09-12 18:45:00,2723.119502,2722.383004,2722.737955,-0.7364980000002106,-0.381546999999955,-0.5590225000000828
2021-09-12 19:00:00,2723.116586,2722.385804,2722.737805,-0.7307820000000902,-0.3787809999998899,-0.55478149999999
2021-09-12 19:15:00,2723.119502,2722.384021,2722.737222,-0.7354810000001635,-0.38227999999980966,-0.5588804999999866
2021-09-12 19:30:00,2723.116586,2722.385805,2722.738538,-0.7307810000002064,-0.37804800000003524,-0.5544145000001208
2021-09-12 20:00:00,2723.11678,2722.387481,2722.737999,-0.729298999999628,-0.3787809999998899,-0.554039999999759
2021-09-12 20:15:00,2723.117749,2722.38577,2722.737219,-0.7319790000001376,-0.3805299999999079,-0.5562545000000227
2021-09-12 20:45:00,2723.118326,2722.385342,2722.736392,-0.7329839999997603,-0.3819340000000011,-0.5574589999998807
2021-09-12 21:00:00,2723.11541,2722.384176,2722.735279,-0.7312339999998585,-0.3801309999998921,-0.5556824999998753
2021-09-12 21:15:00,2723.11716,2722.387409,2722.736976,-0.729750999999851,-0.3801839999996446,-0.5549674999997478
2021-09-12 21:30:00,2723.116773,2722.387022,2722.737263,-0.7297510000003058,-0.3795100000002094,-0.5546305000002576
2021-09-12 21:45:00,2723.118136,2722.38442,2722.737609,-0.7337160000001859,-0.3805270000002565,-0.5571215000002212
2021-09-12 22:00:00,2723.11716,2722.385659,2722.736485,-0.7315009999997528,-0.38067499999988286,-0.5560879999998178
2021-09-12 22:15:00,2723.11716,2722.387876,2722.735469,-0.7292840000000069,-0.38169099999959144,-0.5554874999997992
2021-09-12 22:30:00,2723.11716,2722.38566,2722.735752,-0.731499999999869,-0.3814079999997375,-0.5564539999998033
2021-09-12 23:15:00,2723.117743,2722.386244,2722.735602,-0.7314989999999852,-0.38214099999959217,-0.5568199999997887
2021-09-12 23:30:00,2723.115417,2722.385657,2722.736185,-0.7297600000001694,-0.3792319999997744,-0.5544959999999719
2021-09-12 23:45:00,2723.11541,2722.388189,2722.736426,-0.7272210000000996,-0.3789839999999458,-0.5531025000000227
2021-09-13 00:15:00,2723.115417,2722.384923,2722.734683,-0.7304939999999078,-0.3807339999998476,-0.5556139999998777
2021-09-13 00:30:00,2723.117743,2722.388307,2722.737352,-0.7294359999996232,-0.3803909999996904,-0.5549134999996568
2021-09-13 00:45:00,2723.114834,2722.386245,2722.736335,-0.728588999999829,-0.37849899999991976,-0.5535439999998744
2021-09-13 01:15:00,2723.114251,2722.385973,2722.733516,-0.7282780000000457,-0.3807350000001861,-0.5545065000001159
2021-09-13 01:30:00,2723.115993,2722.388772,2722.733365,-0.7272210000000996,-0.38262799999984054,-0.5549244999999701
2021-09-13 01:45:00,2723.114251,2722.386707,2722.735549,-0.7275439999998525,-0.37870199999997567,-0.5531229999999141
2021-09-13 02:00:00,2723.116,2722.386242,2722.736282,-0.7297579999999471,-0.379718000000139,-0.554738000000043
2021-09-13 02:15:00,2723.116583,2722.386825,2722.735849,-0.7297579999999471,-0.3807339999998476,-0.5552459999998973
2021-09-13 02:30:00,2723.116,2722.387722,2722.734586,-0.7282780000000457,-0.38141399999994974,-0.5548459999999977
2021-09-13 02:45:00,2723.11464,2722.384414,2722.734976,-0.730225999999675,-0.3796639999995932,-0.5549449999996341
2021-09-13 03:30:00,2723.113671,2722.385659,2722.734686,-0.7280120000000352,-0.37898500000028434,-0.5534985000001598
2021-09-13 03:45:00,2723.114837,2722.387292,2722.736189,-0.7275450000001911,-0.37864799999988463,-0.5530965000000378
2021-09-13 04:00:00,2723.118919,2722.389625,2722.739203,-0.729294000000209,-0.3797159999999167,-0.5545050000000629
2021-09-13 04:15:00,2723.115417,2722.389041,2722.737112,-0.726376000000073,-0.3783050000001822,-0.5523405000001276
2021-09-13 04:45:00,2723.11639,2722.386782,2722.735656,-0.7296080000000984,-0.38073400000030233,-0.5551710000002004
2021-09-13 05:00:00,2723.11678,2722.387638,2722.736046,-0.7291419999996833,-0.3807339999998476,-0.5549379999997655
2021-09-13 05:15:00,2723.116,2722.384175,2722.735266,-0.7318249999998443,-0.3807339999998476,-0.5562794999998459
2021-09-13 05:30:00,2723.11639,2722.387247,2722.736389,-0.7291430000000219,-0.38000099999999293,-0.5545720000000074
2021-09-13 06:00:00,2723.11678,2722.384954,2722.736779,-0.7318259999997281,-0.38000099999999293,-0.5559134999998605
2021-09-13 06:15:00,2723.114251,2722.386388,2722.735266,-0.7278630000000703,-0.3789849999998296,-0.55342399999995
2021-09-13 06:30:00,2723.116,2722.385922,2722.735999,-0.7300780000000486,-0.38000099999999293,-0.5550395000000208
2021-09-13 07:15:00,2723.11542,2722.386117,2722.734006,-0.7293030000000726,-0.38141399999994974,-0.5553585000000112
2021-09-13 07:30:00,2723.113281,2722.384245,2722.734633,-0.7290359999997236,-0.37864799999988463,-0.5538419999998041
2021-09-13 07:45:00,2723.112501,2722.38448,2722.733362,-0.7280209999998988,-0.3791390000001229,-0.5535800000000108
2021-09-13 08:00:00,2723.114251,2722.384479,2722.734379,-0.7297720000001391,-0.37987199999997756,-0.5548220000000583
2021-09-13 08:15:00,2723.116,2722.386695,2722.734869,-0.7293049999998402,-0.3811310000000958,-0.555217999999968
2021-09-13 08:45:00,2723.11464,2722.387083,2722.735259,-0.727556999999706,-0.3793809999997393,-0.5534689999997227
2021-09-13 09:00:00,2723.112698,2722.387355,2722.732542,-0.7253430000000662,-0.3801559999997153,-0.5527494999998908
2021-09-13 09:15:00,2723.113084,2722.385525,2722.733212,-0.7275589999999283,-0.37987199999997756,-0.553715499999953
2021-09-13 09:30:00,2723.115417,2722.386108,2722.733796,-0.7293089999998301,-0.38162099999999555,-0.5554649999999128
2021-09-13 09:45:00,2723.116,2722.386422,2722.733119,-0.7295779999999468,-0.3828809999999976,-0.5562294999999722
2021-09-13 10:15:00,2723.116,2722.386421,2722.733799,-0.7295789999998306,-0.38220099999989543,-0.555889999999863
2021-09-13 10:30:00,2723.11716,2722.385404,2722.732629,-0.7317559999996774,-0.3845309999996971,-0.5581434999996873
2021-09-13 10:45:00,2723.118133,2722.385911,2722.730835,-0.7322220000000925,-0.38729800000010073,-0.5597600000000966
2021-09-13 11:00:00,2723.120662,2722.384475,2722.732142,-0.7361869999999726,-0.38851999999997133,-0.562353499999972
2021-09-13 11:15:00,2723.120085,2722.385523,2722.733216,-0.7345620000000963,-0.3868689999999333,-0.5607155000000148
2021-09-13 11:30:00,2723.119502,2722.383767,2722.731615,-0.7357350000002043,-0.3878869999998642,-0.5618110000000343
2021-09-13 11:45:00,2723.123001,2722.385983,2722.733366,-0.7370179999998072,-0.3896349999999984,-0.5633264999999028
2021-09-13 12:00:00,2723.122418,2722.385399,2722.734042,-0.7370190000001458,-0.38837599999988015,-0.562697500000013
2021-09-13 12:15:00,2723.121058,2722.383107,2722.733226,-0.7379510000000664,-0.3878320000003441,-0.5628915000002053
2021-09-13 12:45:00,2723.120672,2722.384936,2722.732349,-0.7357360000000881,-0.38832300000012765,-0.5620295000001079
2021-09-13 13:00:00,2723.119306,2722.38327,2722.731275,-0.7360360000002402,-0.3880309999999554,-0.5620335000000978
2021-09-13 13:15:00,2723.118329,2722.38451,2722.733173,-0.7338190000000395,-0.3851559999998244,-0.559487499999932
2021-09-13 13:30:00,2723.117746,2722.382446,2722.733323,-0.7352999999998246,-0.38442299999996976,-0.5598614999998972
2021-09-13 13:45:00,2723.118329,2722.385246,2722.734249,-0.7330830000000788,-0.38407999999981257,-0.5585814999999457
2021-09-13 14:00:00,2723.118719,2722.383886,2722.732399,-0.7348329999999805,-0.38632000000006883,-0.5605765000000247
2021-09-13 14:15:00,2723.120082,2722.382567,2722.732066,-0.737514999999803,-0.38801599999987957,-0.5627654999998413
2021-09-13 14:30:00,2723.119495,2722.381981,2722.732649,-0.7375139999999192,-0.3868459999998777,-0.5621799999998984
2021-09-13 14:45:00,2723.120079,2722.385247,2722.734492,-0.734831999999642,-0.3855869999997594,-0.5602094999997007
2021-09-13 15:00:00,2723.120079,2722.383031,2722.733759,-0.7370479999999588,-0.3863199999996141,-0.5616839999997865
2021-09-13 15:15:00,2723.118719,2722.383887,2722.731382,-0.7348320000000967,-0.38733700000011595,-0.5610845000001063
2021-09-13 15:30:00,2723.119505,2722.384365,2722.732843,-0.7351400000002286,-0.38666200000034223,-0.5609010000002854
2021-09-13 15:45:00,2723.119892,2722.384287,2722.732833,-0.7356050000003052,-0.3870590000001357,-0.5613320000002204
2021-09-13 16:00:00,2723.121248,2722.384359,2722.732439,-0.7368889999997918,-0.3888090000000375,-0.5628489999999147
2021-09-13 16:15:00,2723.118333,2722.383194,2722.732006,-0.7351389999998901,-0.3863269999997101,-0.5607329999998001
2021-09-13 16:30:00,2723.118333,2722.384944,2722.734283,-0.7333889999999883,-0.3840500000001157,-0.558719500000052
2021-09-13 16:45:00,2723.119499,2722.384941,2722.734432,-0.7345580000001064,-0.38506699999970806,-0.5598124999999072
2021-09-13 17:15:00,2723.118329,2722.385408,2722.732682,-0.7329209999998056,-0.3856470000000627,-0.5592839999999342
2021-09-13 17:30:00,2723.118916,2722.384825,2722.73434,-0.7340909999998075,-0.38457599999992453,-0.559333499999866
2021-09-13 17:45:00,2723.118333,2722.384242,2722.733266,-0.7340909999998075,-0.38506699999970806,-0.5595789999997578
2021-09-13 18:15:00,2723.118329,2722.385411,2722.733907,-0.7329179999996995,-0.384422000000086,-0.5586699999998928
2021-09-13 19:00:00,2723.117163,2722.383313,2722.733266,-0.7338500000000749,-0.38389699999970617,-0.5588734999998906
2021-09-13 19:30:00,2723.11522,2722.385337,2722.733072,-0.7298829999999725,-0.38214800000014293,-0.5560155000000577
2021-09-13 19:45:00,2723.11736,2722.384246,2722.734479,-0.7331140000001142,-0.3828809999999976,-0.5579975000000559
2021-09-13 20:00:00,2723.115997,2722.386581,2722.734866,-0.7294159999996737,-0.3811310000000958,-0.5552734999998847
2021-09-13 20:15:00,2723.118329,2722.380983,2722.733699,-0.7373459999998886,-0.38463000000001557,-0.5609879999999521
2021-09-13 20:30:00,2723.117746,2722.384054,2722.733116,-0.7336919999997917,-0.38463000000001557,-0.5591609999999037
2021-09-13 20:45:00,2723.113081,2722.38437,2722.734189,-0.7287109999997483,-0.3788920000001781,-0.5538014999999632
2021-09-13 21:00:00,2723.113861,2722.382934,2722.733899,-0.7309269999996104,-0.3799619999999777,-0.5554444999997941
2021-09-13 21:15:00,2723.11484,2722.384961,2722.732976,-0.7298789999999826,-0.3818640000004052,-0.5558715000001939
2021-09-13 22:00:00,2723.11659,2722.384962,2722.734726,-0.7316280000000006,-0.38186399999995047,-0.5567459999999755
2021-09-13 22:30:00,2723.117756,2722.385382,2722.734876,-0.7323740000001635,-0.3828800000001138,-0.5576270000001387
2021-09-13 23:00:00,2723.117949,2722.382358,2722.732585,-0.7355910000001131,-0.385363999999754,-0.5604774999999336
2021-09-13 23:15:00,2723.11581,2722.382434,2722.732929,-0.7333759999996801,-0.3828809999999976,-0.5581284999998388
2021-09-13 23:30:00,2723.11659,2722.386433,2722.731225,-0.7301569999999629,-0.38536500000009255,-0.5577610000000277
2021-09-14 00:00:00,2723.11484,2722.383214,2722.732242,-0.731626000000233,-0.38259800000014366,-0.5571120000001883
2021-09-14 00:15:00,2723.115424,2722.384263,2722.731319,-0.7311610000001565,-0.3841050000000905,-0.5576330000001235
2021-09-14 00:30:00,2723.113671,2722.38368,2722.732485,-0.7299910000001546,-0.38118600000007063,-0.5555885000001126
2021-09-14 00:45:00,2723.115424,2722.381581,2722.731372,-0.7338429999999789,-0.38405199999988326,-0.5589474999999311
2021-09-14 01:00:00,2723.11659,2722.384498,2722.732539,-0.7320920000001934,-0.3840509999999995,-0.5580715000000964
2021-09-14 01:30:00,2723.11659,2722.384964,2722.731995,-0.731626000000233,-0.38459499999999025,-0.5581105000001116
2021-09-14 01:45:00,2723.11659,2722.38543,2722.730789,-0.7311600000002727,-0.38580099999990125,-0.558480500000087
2021-09-14 02:15:00,2723.114057,2722.3836,2722.731702,-0.7304569999996602,-0.382354999999734,-0.5564059999996971
2021-09-14 02:30:00,2723.11483,2722.385108,2722.731742,-0.729722000000038,-0.3830880000000434,-0.5564050000000407
2021-09-14 02:45:00,2723.117749,2722.386124,2722.732475,-0.7316249999998945,-0.3852740000002086,-0.5584495000000516
2021-09-14 03:30:00,2723.11483,2722.382891,2722.732421,-0.7319389999997838,-0.38240899999982503,-0.5571739999998044
2021-09-14 04:00:00,2723.117163,2722.383007,2722.732325,-0.7341559999999845,-0.38483799999994517,-0.5594969999999648
2021-09-14 04:15:00,2723.115997,2722.385538,2722.731892,-0.7304589999998825,-0.3841050000000905,-0.5572819999999865
2021-09-14 04:30:00,2723.112694,2722.382814,2722.730829,-0.7298799999998664,-0.38186499999983425,-0.5558724999998503
2021-09-14 04:45:00,2723.112308,2722.383597,2722.730442,-0.7287110000002031,-0.3818660000001728,-0.5552885000001879
2021-09-14 05:00:00,2723.113664,2722.383006,2722.731799,-0.7306579999999485,-0.38186499999983425,-0.5562614999998914
2021-09-14 05:15:00,2723.117746,2722.385536,2722.733399,-0.7322100000001228,-0.3843469999997069,-0.5582784999999149
2021-09-14 05:30:00,2723.11658,2722.386585,2722.732232,-0.7299949999996898,-0.38434800000004543,-0.5571714999998676
2021-09-14 05:45:00,2723.117363,2722.38425,2722.733595,-0.7331129999997756,-0.3837679999996908,-0.5584404999997332
2021-09-14 06:00:00,2723.118339,2722.384493,2722.733502,-0.733846000000085,-0.3848370000000614,-0.5593415000000732
2021-09-14 06:15:00,2723.11659,2722.384492,2722.734726,-0.7320979999999508,-0.38186399999995047,-0.5569809999999507
2021-09-14 06:45:00,2723.117756,2722.387126,2722.734669,-0.7306300000000192,-0.3830870000001596,-0.5568585000000894
2021-09-14 07:00:00,2723.113867,2722.387201,2722.734036,-0.7266660000000229,-0.37983100000019476,-0.5532485000001088
2021-09-14 07:15:00,2723.11542,2722.384788,2722.733556,-0.7306320000002415,-0.38186399999995047,-0.556248000000096
2021-09-14 07:30:00,2723.116586,2722.383738,2722.733989,-0.7328480000001036,-0.38259700000025987,-0.5577225000001818
2021-09-14 08:15:00,2723.117746,2722.387587,2722.734422,-0.7301589999997304,-0.3833239999999023,-0.5567414999998164
2021-09-14 08:30:00,2723.11483,2722.384204,2722.732768,-0.7306260000000293,-0.3820620000001327,-0.556344000000081
2021-09-14 08:45:00,2723.115414,2722.387003,2722.733839,-0.728411000000051,-0.3815749999998843,-0.5549929999999677
2021-09-14 09:00:00,2723.115997,2722.38537,2722.733405,-0.7306269999999131,-0.38259199999993143,-0.5566094999999223
2021-09-14 09:15:00,2723.114441,2722.384123,2722.733598,-0.7303180000003522,-0.3808430000003682,-0.5555805000003602
2021-09-14 09:30:00,2723.114827,2722.381277,2722.729998,-0.7335499999999229,-0.3848290000000816,-0.5591895000000022
2021-09-14 09:45:00,2723.111911,2722.381592,2722.731068,-0.7303189999997812,-0.38084299999991345,-0.5555809999998473
2021-09-14 10:00:00,2723.113661,2722.38011,2722.729848,-0.7335509999998067,-0.38381299999991825,-0.5586819999998625
2021-09-14 10:15:00,2723.114051,2722.381982,2722.729505,-0.7320690000001377,-0.38454600000022765,-0.5583075000001827
2021-09-14 10:30:00,2723.118329,2722.38276,2722.730488,-0.7355689999999413,-0.38784099999975297,-0.5617049999998471
2021-09-14 10:45:00,2723.118912,2722.383343,2722.732088,-0.7355689999999413,-0.38682399999970585,-0.5611964999998236
2021-09-14 11:00:00,2723.120665,2722.382445,2722.730435,-0.7382199999997283,-0.3902299999999741,-0.5642249999998512
2021-09-14 11:15:00,2723.120272,2722.381159,2722.729515,-0.7391130000000885,-0.3907570000001215,-0.564935000000105
2021-09-14 11:30:00,2723.120468,2722.380496,2722.730972,-0.7399719999998524,-0.38949600000023565,-0.564734000000044
2021-09-14 11:45:00,2723.120662,2722.381859,2722.732336,-0.7388029999997343,-0.388325999999779,-0.5635644999997567
2021-09-14 12:00:00,2723.121245,2722.382443,2722.732919,-0.7388019999998505,-0.388325999999779,-0.5635639999998148
2021-09-14 12:15:00,2723.118912,2722.379107,2722.728155,-0.7398049999997056,-0.3907570000001215,-0.5652809999999135
2021-09-14 12:30:00,2723.121828,2722.381276,2722.731072,-0.7405519999997523,-0.39075599999978294,-0.5656539999997676
2021-09-14 12:45:00,2723.117553,2722.381247,2722.728788,-0.7363060000002406,-0.3887650000001486,-0.5625355000001946
2021-09-14 13:00:00,2723.118526,2722.38047,2722.729762,-0.7380560000001424,-0.3887640000002648,-0.5634100000002036
2021-09-14 13:15:00,2723.116976,2722.37833,2722.727958,-0.7386459999997896,-0.38901799999985087,-0.5638319999998203
2021-09-14 13:45:00,2723.11483,2722.379684,2722.728975,-0.7351459999999861,-0.3858549999999923,-0.5605004999999892
2021-09-14 14:00:00,2723.118333,2722.382484,2722.729558,-0.7358489999996891,-0.38877499999989595,-0.5623119999997925
2021-09-14 14:15:00,2723.120082,2722.380268,2722.731309,-0.739814000000024,-0.3887730000001284,-0.5642935000000762
2021-09-14 14:30:00,2723.11658,2722.380885,2722.729222,-0.7356949999998506,-0.38735799999994924,-0.5615264999998999
2021-09-14 14:45:00,2723.120082,2722.381002,2722.730149,-0.7390799999998308,-0.38993299999992814,-0.5645064999998795
2021-09-14 15:00:00,2723.119495,2722.38112,2722.731218,-0.7383749999999054,-0.3882770000000164,-0.5633259999999609
2021-09-14 15:15:00,2723.118136,2722.380692,2722.730779,-0.7374439999998685,-0.38735700000006545,-0.562400499999967
2021-09-14 15:30:00,2723.119499,2722.38159,2722.730735,-0.7379089999999451,-0.38876399999981004,-0.5633364999998776
2021-09-14 15:45:00,2723.120082,2722.382175,2722.731319,-0.7379069999997228,-0.38876299999992625,-0.5633349999998245
2021-09-14 16:00:00,2723.118136,2722.381989,2722.731122,-0.7361470000000736,-0.38701399999990826,-0.5615804999999909
2021-09-14 16:15:00,2723.11736,2722.379462,2722.729275,-0.7378980000003139,-0.3880850000000464,-0.5629915000001802
2021-09-14 16:30:00,2723.117749,2722.380433,2722.730055,-0.7373160000001917,-0.3876940000000104,-0.5625050000001011
2021-09-14 16:45:00,2723.117749,2722.37966,2722.729565,-0.7380889999999454,-0.38818399999991016,-0.5631364999999278
2021-09-14 17:00:00,2723.117553,2722.3811,2722.730012,-0.7364529999999831,-0.38754100000005565,-0.5619970000000194
2021-09-14 17:15:00,2723.119499,2722.381606,2722.729718,-0.7378929999999855,-0.38978099999985716,-0.5638369999999213
2021-09-14 17:45:00,2723.118333,2722.378804,2722.730148,-0.7395289999999477,-0.38818499999979394,-0.5638569999998708
2021-09-14 18:30:00,2723.118329,2722.379972,2722.730582,-0.7383569999997235,-0.3877469999997629,-0.5630519999997432
2021-09-14 19:15:00,2723.118916,2722.379391,2722.730732,-0.7395249999999578,-0.38818399999991016,-0.563854499999934
2021-09-14 19:30:00,2723.117166,2722.379548,2722.729661,-0.7376180000001114,-0.38750500000014654,-0.562561500000129
2021-09-14 19:45:00,2723.11483,2722.379851,2722.728985,-0.7349789999998393,-0.38584499999979016,-0.5604119999998147
2021-09-14 20:00:00,2723.11736,2722.381212,2722.729612,-0.7361480000004121,-0.38774800000010146,-0.5619480000002568
2021-09-14 20:30:00,2723.115997,2722.377167,2722.728981,-0.7388299999997798,-0.38701599999967584,-0.5629229999997278
2021-09-14 20:45:00,2723.11658,2722.381915,2722.730051,-0.7346649999999499,-0.3865289999998822,-0.5605969999999161
2021-09-14 21:00:00,2723.116193,2722.380596,2722.729605,-0.7355969999998706,-0.38658799999984694,-0.5610924999998588
2021-09-14 21:30:00,2723.117173,2722.382355,2722.729415,-0.7348179999999047,-0.3877580000003036,-0.5612880000001041
2021-09-14 22:00:00,2723.114837,2722.379241,2722.729998,-0.7355959999999868,-0.3848390000002837,-0.5602175000001353
2021-09-14 22:15:00,2723.114254,2722.38134,2722.728398,-0.7329140000001644,-0.3858559999998761,-0.5593850000000202
2021-09-14 22:30:00,2723.11542,2722.382507,2722.729848,-0.7329130000002806,-0.38557200000013836,-0.5592425000002095
2021-09-14 23:00:00,2723.115807,2722.384376,2722.731459,-0.7314310000001569,-0.38434800000004543,-0.5578895000001012
2021-09-14 23:15:00,2723.117363,2722.383282,2722.731355,-0.7340810000000602,-0.38600799999994706,-0.5600445000000036
2021-09-15 00:30:00,2723.114837,2722.381459,2722.730282,-0.7333779999999024,-0.38455500000009124,-0.5589664999999968
2021-09-15 00:45:00,2723.115424,2722.380875,2722.729698,-0.7345490000002428,-0.3857259999999769,-0.5601375000001099
2021-09-15 01:15:00,2723.11659,2722.383523,2722.730379,-0.7330670000001192,-0.38621100000000297,-0.5596390000000611
2021-09-15 01:30:00,2723.116007,2722.381925,2722.728045,-0.734081999999944,-0.3879620000002433,-0.5610220000000936
2021-09-15 01:45:00,2723.115424,2722.382822,2722.728478,-0.7326020000000426,-0.38694600000007995,-0.5597740000000613
2021-09-15 02:00:00,2723.118339,2722.380758,2722.729362,-0.7375810000003185,-0.3889770000000681,-0.5632790000001933
2021-09-15 02:15:00,2723.11542,2722.380756,2722.726388,-0.7346640000000662,-0.3890320000000429,-0.5618480000000545
2021-09-15 02:30:00,2723.11464,2722.383943,2722.728865,-0.7306969999999637,-0.3857749999997395,-0.5582359999998516
2021-09-15 02:45:00,2723.11483,2722.384132,2722.729789,-0.7306979999998475,-0.3850410000000011,-0.5578694999999243
2021-09-15 03:00:00,2723.118329,2722.383666,2722.730805,-0.7346629999997276,-0.3875239999997575,-0.5610934999997426
2021-09-15 03:15:00,2723.11736,2722.383162,2722.731585,-0.7341980000001058,-0.38577500000019427,-0.55998650000015
2021-09-15 03:30:00,2723.114057,2722.383358,2722.728961,-0.7306989999997313,-0.3850959999999759,-0.5578974999998536
2021-09-15 03:45:00,2723.11678,2722.384642,2722.730515,-0.7321379999998499,-0.38626499999963926,-0.5592014999997446
2021-09-15 04:00:00,2723.114254,2722.383285,2722.729158,-0.7309690000001865,-0.3850959999999759,-0.5580325000000812
2021-09-15 04:15:00,2723.116007,2722.383868,2722.732995,-0.7321390000001884,-0.3830120000002353,-0.5575755000002118
2021-09-15 04:30:00,2723.117173,2722.383554,2722.731394,-0.7336190000000897,-0.38577900000018417,-0.559699000000137
2021-09-15 05:00:00,2723.115424,2722.382818,2722.730661,-0.7326060000000325,-0.38476300000002084,-0.5586845000000267
2021-09-15 05:15:00,2723.117756,2722.385617,2722.731245,-0.7321390000001884,-0.38651100000015504,-0.5593250000001717
2021-09-15 05:30:00,2723.11484,2722.382233,2722.730811,-0.732607000000371,-0.3840290000002824,-0.5583180000003267
2021-09-15 05:45:00,2723.11484,2722.382699,2722.731491,-0.7321410000004107,-0.38334900000018024,-0.5577450000002955
2021-09-15 06:15:00,2723.118339,2722.384136,2722.732225,-0.7342029999999795,-0.3861139999999068,-0.5601584999999432
2021-09-15 06:30:00,2723.11659,2722.385139,2722.733731,-0.7314510000001064,-0.3828590000002805,-0.5571550000001935
2021-09-15 07:00:00,2723.117949,2722.38428,2722.733341,-0.7336689999997361,-0.38460799999984374,-0.5591384999997899
2021-09-15 07:45:00,2723.11483,2722.381748,2722.730752,-0.733082000000195,-0.384078000000045,-0.55858000000012
2021-09-15 08:00:00,2723.114441,2722.383108,2722.731095,-0.731333000000177,-0.3833460000000741,-0.5573395000001256
2021-09-15 08:15:00,2723.1158,2722.380967,2722.729298,-0.7348329999999805,-0.3865019999998367,-0.5606674999999086
2021-09-15 09:00:00,2723.11483,2722.382211,2722.730078,-0.732618999999886,-0.3847519999999349,-0.5586854999999105
2021-09-15 09:30:00,2723.11619,2722.381354,2722.729688,-0.7348360000000866,-0.38650200000029145,-0.560669000000189
2021-09-15 09:45:00,2723.113661,2722.38104,2722.72789,-0.7326209999996536,-0.3857709999997496,-0.5591959999997016
2021-09-15 10:00:00,2723.115217,2722.38038,2722.728714,-0.7348369999999704,-0.38650300000017523,-0.5606700000000728
2021-09-15 10:15:00,2723.11483,2722.382209,2722.727594,-0.7326210000001083,-0.3872360000000299,-0.5599285000000691
2021-09-15 10:30:00,2723.118912,2722.383257,2722.728177,-0.7356549999999515,-0.39073499999994965,-0.5631949999999506
2021-09-15 10:45:00,2723.120662,2722.382324,2722.728911,-0.7383379999996578,-0.39175099999965823,-0.565044499999658
2021-09-15 11:00:00,2723.120079,2722.383957,2722.728854,-0.7361219999997957,-0.3912249999998494,-0.5636734999998225
2021-09-15 11:15:00,2723.122998,2722.38174,2722.729587,-0.7412580000000162,-0.3934110000000146,-0.5673345000000154
2021-09-15 11:30:00,2723.121245,2722.380154,2722.729004,-0.7410909999998694,-0.3922410000000127,-0.566665999999941
2021-09-15 11:45:00,2723.121831,2722.37957,2722.72667,-0.7422609999998713,-0.3951609999999164,-0.5687109999998938
2021-09-15 12:00:00,2723.123971,2722.379494,2722.72881,-0.7444770000001881,-0.3951609999999164,-0.5698190000000523
2021-09-15 12:15:00,2723.122998,2722.382217,2722.729592,-0.7407809999999699,-0.3934059999996862,-0.567093499999828
2021-09-15 12:30:00,2723.123967,2722.380971,2722.729545,-0.7429959999999483,-0.3944219999998495,-0.5687089999998989
2021-09-15 12:45:00,2723.122021,2722.381509,2722.730365,-0.740512000000308,-0.39165600000023915,-0.5660840000002736
2021-09-15 13:00:00,2723.118726,2722.377156,2722.726721,-0.741570000000138,-0.3920050000001538,-0.5667875000001459
2021-09-15 13:15:00,2723.116583,2722.377963,2722.725648,-0.7386200000000827,-0.39093499999989945,-0.564777499999991
2021-09-15 13:45:00,2723.119302,2722.380412,2722.727788,-0.7388900000000831,-0.39151399999991554,-0.5652019999999993
2021-09-15 14:00:00,2723.118333,2722.379723,2722.728811,-0.7386099999998805,-0.38952199999994264,-0.5640659999999116
2021-09-15 14:15:00,2723.121248,2722.38089,2722.727554,-0.7403580000000147,-0.39369399999986854,-0.5670259999999416
2021-09-15 14:30:00,2723.118136,2722.378947,2722.726194,-0.7391889999998966,-0.3919420000001992,-0.5655655000000479
2021-09-15 14:45:00,2723.121831,2722.381629,2722.728875,-0.7402019999999538,-0.3929560000001402,-0.566579000000047
2021-09-15 15:00:00,2723.122998,2722.381046,2722.728818,-0.7419519999998556,-0.3941799999997784,-0.568065999999817
2021-09-15 15:15:00,2723.121635,2722.379217,2722.727454,-0.742417999999816,-0.3941810000001169,-0.5682994999999664
2021-09-15 15:30:00,2723.122408,2722.378822,2722.727495,-0.7435860000000503,-0.3949130000000878,-0.569249500000069
2021-09-15 15:45:00,2723.119492,2722.377654,2722.726381,-0.7418379999999161,-0.39311099999986254,-0.5674744999998893
2021-09-15 16:00:00,2723.122408,2722.378356,2722.727738,-0.7440520000000106,-0.39467000000013286,-0.5693610000000717
2021-09-15 16:15:00,2723.123381,2722.380262,2722.726281,-0.7431189999997514,-0.39709999999968204,-0.5701094999997167
2021-09-15 16:30:00,2723.122604,2722.37755,2722.728271,-0.7450539999999819,-0.3943330000001879,-0.5696935000000849
2021-09-15 16:45:00,2723.119889,2722.377463,2722.726714,-0.7424260000002505,-0.3931750000001557,-0.5678005000002031
2021-09-15 17:00:00,2723.120668,2722.378244,2722.727494,-0.7424240000000282,-0.39317399999981717,-0.5677989999999227
2021-09-15 17:30:00,2723.120279,2722.380071,2722.727104,-0.7402080000001661,-0.3931750000001557,-0.5666915000001609
2021-09-15 17:45:00,2723.119499,2722.379291,2722.727057,-0.7402079999997113,-0.3924419999998463,-0.5663249999997788
2021-09-15 18:00:00,2723.119499,2722.379292,2722.727737,-0.7402069999998275,-0.39176199999974415,-0.5659844999997858
2021-09-15 18:30:00,2723.120658,2722.38151,2722.728228,-0.7391479999996591,-0.3924299999998766,-0.5657889999997678
2021-09-15 18:45:00,2723.118916,2722.380927,2722.727154,-0.7379889999997431,-0.39176199999974415,-0.5648754999997436
2021-09-15 19:00:00,2723.117749,2722.37976,2722.726477,-0.7379890000001978,-0.3912719999998444,-0.5646305000000211
2021-09-15 19:30:00,2723.117363,2722.379925,2722.7256,-0.7374379999996563,-0.39176299999962794,-0.5646004999996421
2021-09-15 19:45:00,2723.116007,2722.378256,2722.725751,-0.7377510000001166,-0.3902560000001358,-0.5640035000001262
2021-09-15 20:00:00,2723.117749,2722.379307,2722.72628,-0.7384419999998499,-0.39146900000014284,-0.5649554999999964
2021-09-15 20:15:00,2723.118916,2722.378258,2722.727447,-0.740657999999712,-0.3914689999996881,-0.5660634999997001
2021-09-15 20:30:00,2723.119109,2722.379933,2722.728131,-0.7391760000000431,-0.3909780000003593,-0.5650770000002012
2021-09-15 20:45:00,2723.117746,2722.378105,2722.728175,-0.7396410000001197,-0.38957099999970524,-0.5646059999999125
2021-09-15 21:00:00,2723.11658,2722.377672,2722.727008,-0.7389079999998103,-0.38957200000004377,-0.564239999999927
2021-09-15 21:15:00,2723.117166,2722.38032,2722.727158,-0.7368459999997867,-0.3900079999998525,-0.5634269999998196
2021-09-15 21:30:00,2723.11483,2722.376939,2722.726274,-0.7378909999997632,-0.38855599999988044,-0.5632234999998218
2021-09-15 22:15:00,2723.117749,2722.379156,2722.72676,-0.7385930000000371,-0.3909889999999905,-0.5647910000000138
2021-09-15 22:30:00,2723.116583,2722.381208,2722.728361,-0.7353750000002037,-0.3882220000000416,-0.5617985000001227
2021-09-15 22:45:00,2723.117749,2722.37869,2722.728024,-0.7390589999999975,-0.38972499999999854,-0.564391999999998
2021-09-15 23:15:00,2723.115803,2722.380596,2722.726758,-0.7352070000001731,-0.38904500000035114,-0.5621260000002621
2021-09-15 23:30:00,2723.120082,2722.38091,2722.729288,-0.7391720000000532,-0.3907939999999144,-0.5649829999999838
2021-09-15 23:45:00,2723.117749,2722.380596,2722.728313,-0.7371530000000348,-0.3894359999999324,-0.5632944999999836
2021-09-16 00:00:00,2723.118916,2722.380012,2722.728404,-0.7389039999998204,-0.39051199999994424,-0.5647079999998823
2021-09-16 00:15:00,2723.118333,2722.379895,2722.72788,-0.73843799999986,-0.3904529999999795,-0.5644454999999198
2021-09-16 00:30:00,2723.117166,2722.378262,2722.726766,-0.7389039999998204,-0.39039999999977226,-0.5646519999997963
2021-09-16 00:45:00,2723.119499,2722.378846,2722.725546,-0.7406529999998384,-0.39395299999978306,-0.5673029999998107
2021-09-16 01:00:00,2723.116583,2722.377679,2722.72613,-0.7389039999998204,-0.3904529999999795,-0.5646784999998999
2021-09-16 01:15:00,2723.117749,2722.381528,2722.726617,-0.7362210000001141,-0.3911320000001979,-0.563676500000156
2021-09-16 01:45:00,2723.118333,2722.382111,2722.72671,-0.7362219999999979,-0.3916229999999814,-0.5639224999999897
2021-09-16 02:45:00,2723.11581,2722.380279,2722.72608,-0.7355309999998099,-0.38972999999987223,-0.562630499999841
2021-09-16 03:00:00,2723.117363,2722.381834,2722.7269,-0.7355290000000423,-0.3904629999997269,-0.5629959999998846
2021-09-16 03:15:00,2723.11659,2722.381371,2722.726657,-0.7352190000001428,-0.38993299999992814,-0.5625760000000355
2021-09-16 03:30:00,2723.116976,2722.379541,2722.726513,-0.737435000000005,-0.3904629999997269,-0.5639489999998659
2021-09-16 03:45:00,2723.117749,2722.379298,2722.726067,-0.7384510000001683,-0.39168199999994613,-0.5650665000000572
2021-09-16 04:00:00,2723.118333,2722.379881,2722.726367,-0.7384520000000521,-0.39196599999968385,-0.565208999999868
2021-09-16 04:15:00,2723.118916,2722.380464,2722.726951,-0.7384520000000521,-0.39196499999980006,-0.5652084999999261
2021-09-16 04:30:00,2723.116583,2722.37988,2722.727384,-0.7367030000000341,-0.3891990000001897,-0.5629510000001119
2021-09-16 04:45:00,2723.117749,2722.379296,2722.7268,-0.7384529999999359,-0.3909490000000915,-0.5647010000000137
2021-09-16 05:15:00,2723.116,2722.381512,2722.727817,-0.7344880000000558,-0.38818300000002637,-0.5613355000000411
2021-09-16 06:00:00,2723.116,2722.379293,2722.725784,-0.736707000000024,-0.39021599999978207,-0.563461499999903
2021-09-16 06:30:00,2723.118136,2722.379535,2722.72753,-0.7386010000000169,-0.3906059999999343,-0.5646034999999756
2021-09-16 07:00:00,2723.117749,2722.382522,2722.729716,-0.7352270000001226,-0.3880330000001777,-0.5616300000001502
2021-09-16 07:15:00,2723.117939,2722.38124,2722.728746,-0.7366990000000442,-0.3891930000004322,-0.5629460000002382
2021-09-16 07:45:00,2723.117749,2722.379298,2722.728313,-0.7384510000001683,-0.3894359999999324,-0.5639435000000503
2021-09-16 08:00:00,2723.117166,2722.38093,2722.727239,-0.73623600000019,-0.38992700000017066,-0.5630815000001803
2021-09-16 08:15:00,2723.116,2722.379763,2722.725546,-0.7362370000000737,-0.3904539999998633,-0.5633454999999685
2021-09-16 09:15:00,2723.11736,2722.380852,2722.726847,-0.7365080000004127,-0.3905130000002828,-0.5635105000003477
2021-09-16 09:30:00,2723.117746,2722.379022,2722.727233,-0.7387239999998201,-0.390512999999828,-0.564618499999824
2021-09-16 09:45:00,2723.117166,2722.376806,2722.7252,-0.7403599999997823,-0.3919660000001386,-0.5661629999999604
2021-09-16 10:00:00,2723.117166,2722.377736,2722.723733,-0.739430000000084,-0.39343300000018644,-0.5664315000001352
2021-09-16 10:15:00,2723.117749,2722.378319,2722.724807,-0.739430000000084,-0.39294199999994817,-0.5661860000000161
2021-09-16 10:30:00,2723.116,2722.373887,2722.7233,-0.7421129999997902,-0.39269999999987704,-0.5674064999998336
2021-09-16 10:45:00,2723.118916,2722.377269,2722.724957,-0.7416469999998299,-0.3939589999999953,-0.5678029999999126
2021-09-16 11:00:00,2723.124167,2722.377852,2722.72505,-0.7463149999998677,-0.3991169999999329,-0.5727159999999003
2021-09-16 11:15:00,2723.121831,2722.376954,2722.725693,-0.7448770000000877,-0.3961380000000645,-0.5705075000000761
2021-09-16 11:30:00,2723.122998,2722.378586,2722.725392,-0.7444120000000112,-0.39760599999999613,-0.5710090000000037
2021-09-16 11:45:00,2723.123387,2722.379287,2722.725782,-0.7440999999998894,-0.39760500000011234,-0.5708525000000009
2021-09-16 12:15:00,2723.120468,2722.377071,2722.725499,-0.7433970000001864,-0.3949689999999464,-0.5691830000000664
2021-09-16 12:30:00,2723.124157,2722.377995,2722.726949,-0.7461620000003677,-0.39720800000031886,-0.5716850000003433
2021-09-16 12:45:00,2723.123771,2722.377142,2722.724812,-0.7466290000002118,-0.3989590000001044,-0.5727940000001581
2021-09-16 13:00:00,2723.123387,2722.375589,2722.725062,-0.7477979999998752,-0.3983250000001135,-0.5730614999999943
2021-09-16 13:15:00,2723.120658,2722.375779,2722.726269,-0.7448789999998553,-0.3943890000000465,-0.5696339999999509
2021-09-16 13:30:00,2723.120075,2722.377412,2722.725686,-0.7426629999999932,-0.39438899999959176,-0.5685259999997925
2021-09-16 13:45:00,2723.119492,2722.379044,2722.725836,-0.7404480000000149,-0.3936559999997371,-0.567051999999876
2021-09-16 14:00:00,2723.118909,2722.376245,2722.727003,-0.742663999999877,-0.39190599999983533,-0.5672849999998562
2021-09-16 14:15:00,2723.121631,2722.375751,2722.72696,-0.7458799999999428,-0.39467100000001665,-0.5702754999999797
2021-09-16 14:30:00,2723.120668,2722.377416,2722.72599,-0.7432520000002114,-0.39467800000011266,-0.568965000000162
2021-09-16 14:45:00,2723.120668,2722.373732,2722.726476,-0.7469360000000052,-0.3941920000002028,-0.570564000000104
2021-09-16 15:00:00,2723.121252,2722.374628,2722.725841,-0.7466239999998834,-0.3954109999999673,-0.5710174999999253
2021-09-16 15:30:00,2723.121252,2722.375362,2722.724883,-0.7458899999996902,-0.3963690000000497,-0.57112949999987
2021-09-16 15:45:00,2723.120665,2722.379643,2722.7262,-0.7410219999997025,-0.3944649999998546,-0.5677434999997786
2021-09-16 16:00:00,2723.121252,2722.374897,2722.725616,-0.7463549999997667,-0.3956359999997403,-0.5709954999997535
2021-09-16 16:15:00,2723.119499,2722.373849,2722.725559,-0.7456499999998414,-0.39393999999992957,-0.5697949999998855
2021-09-16 16:30:00,2723.121638,2722.37692,2722.725949,-0.7447179999999207,-0.39568899999994755,-0.5702034999999341
2021-09-16 16:45:00,2723.119695,2722.374512,2722.726246,-0.7451829999999973,-0.3934489999996913,-0.5693159999998443
2021-09-16 17:00:00,2723.117749,2722.373032,2722.722792,-0.7447170000000369,-0.3949569999999767,-0.5698370000000068
2021-09-16 17:15:00,2723.119499,2722.374316,2722.724299,-0.7451829999999973,-0.3951999999999316,-0.5701914999999644
2021-09-16 17:45:00,2723.120665,2722.37595,2722.726482,-0.7447149999998146,-0.3941829999998845,-0.5694489999998495
2021-09-16 18:00:00,2723.118916,2722.375951,2722.725749,-0.7429649999999128,-0.39316699999972116,-0.568065999999817
2021-09-16 18:15:00,2723.122418,2722.3758,2722.725803,-0.7466180000001259,-0.39661500000011074,-0.5716165000001183
2021-09-16 18:30:00,2723.117166,2722.375218,2722.725892,-0.7419479999998657,-0.39127400000006674,-0.5666109999999662
2021-09-16 18:45:00,2723.11717,2722.375956,2722.72546,-0.7412140000001273,-0.39170999999987544,-0.5664620000000014
2021-09-16 19:00:00,2723.11678,2722.373661,2722.725069,-0.7431189999997514,-0.3917109999997592,-0.5674149999997553
2021-09-16 19:15:00,2723.116,2722.377003,2722.725306,-0.7389969999999266,-0.39069400000016685,-0.5648455000000467
2021-09-16 19:30:00,2723.115417,2722.37642,2722.725739,-0.7389969999999266,-0.3896780000000035,-0.5643374999999651
2021-09-16 19:45:00,2723.117363,2722.37587,2722.724919,-0.7414929999999913,-0.3924439999996139,-0.5669684999998026
2021-09-16 20:00:00,2723.116007,2722.373582,2722.724732,-0.742424999999912,-0.3912749999999505,-0.5668499999999312
2021-09-16 20:15:00,2723.115417,2722.376264,2722.723999,-0.7391529999999875,-0.3914180000001579,-0.5652855000000727
2021-09-16 20:30:00,2723.116,2722.375648,2722.724583,-0.7403519999998025,-0.3914169999998194,-0.5658844999998109
2021-09-16 20:45:00,2723.118526,2722.376891,2722.727055,-0.7416350000003149,-0.39147100000036517,-0.56655300000034
2021-09-16 21:00:00,2723.115997,2722.376111,2722.725689,-0.7398859999998422,-0.39030800000000454,-0.5650969999999234
2021-09-16 21:15:00,2723.11736,2722.374244,2722.72515,-0.7431160000001,-0.3922099999999773,-0.5676630000000387
2021-09-16 21:30:00,2723.118329,2722.374945,2722.725589,-0.7433839999998781,-0.39273999999977605,-0.5680619999998271
2021-09-16 21:45:00,2723.11658,2722.376695,2722.726606,-0.7398849999999584,-0.38997399999971094,-0.5649294999998347
2021-09-16 22:15:00,2723.11658,2722.376697,2722.72612,-0.7398829999997361,-0.3904600000000755,-0.5651714999999058
2021-09-16 22:30:00,2723.11522,2722.377552,2722.72476,-0.7376680000002125,-0.3904600000000755,-0.564064000000144
2021-09-16 22:45:00,2723.11561,2722.377478,2722.725883,-0.7381319999999505,-0.3897269999997661,-0.5639294999998583
2021-09-16 23:00:00,2723.11658,2722.376698,2722.725103,-0.7398819999998523,-0.3914769999996679,-0.5656794999997601
2021-09-16 23:15:00,2723.117746,2722.377865,2722.726269,-0.7398809999999685,-0.39147700000012264,-0.5656790000000456
2021-09-17 00:00:00,2723.117746,2722.377584,2722.726553,-0.7401620000000548,-0.3911929999999302,-0.5656774999999925
2021-09-17 00:15:00,2723.116193,2722.37778,2722.725,-0.7384130000000368,-0.3911929999999302,-0.5648029999999835
2021-09-17 00:30:00,2723.11542,2722.377007,2722.723209,-0.7384130000000368,-0.3922109999998611,-0.565311999999949
2021-09-17 01:00:00,2723.118339,2722.378757,2722.725391,-0.739582000000155,-0.3929480000001604,-0.5662650000001577
2021-09-17 01:15:00,2723.118726,2722.377393,2722.725778,-0.7413329999999405,-0.3929480000001604,-0.5671405000000505
2021-09-17 01:30:00,2723.120862,2722.379995,2722.727915,-0.7408670000004349,-0.3929470000002766,-0.5669070000003558
2021-09-17 01:45:00,2723.117756,2722.378173,2722.726558,-0.7395830000000387,-0.3911980000002586,-0.5653905000001487
2021-09-17 02:00:00,2723.11659,2722.377471,2722.724375,-0.7391190000003007,-0.39221500000030574,-0.5656670000003032
2021-09-17 02:30:00,2723.117366,2722.377204,2722.725925,-0.7401620000000548,-0.3914409999997588,-0.5658014999999068
2021-09-17 02:45:00,2723.11717,2722.379223,2722.725728,-0.7379470000000765,-0.3914420000000973,-0.5646945000000869
2021-09-17 03:15:00,2723.118329,2722.377007,2722.726462,-0.7413219999998546,-0.3918669999998201,-0.5665944999998374
2021-09-17 03:30:00,2723.118719,2722.379613,2722.726326,-0.7391059999999925,-0.3923930000000837,-0.5657495000000381
2021-09-17 03:45:00,2723.118339,2722.378175,2722.727632,-0.7401640000002772,-0.39070700000002034,-0.5654355000001487
2021-09-17 04:00:00,2723.118339,2722.378176,2722.725882,-0.7401629999999386,-0.3924569999999221,-0.5663099999999304
2021-09-17 04:15:00,2723.11659,2722.378642,2722.725599,-0.7379479999999603,-0.3909910000002128,-0.5644695000000866
2021-09-17 04:30:00,2723.118922,2722.380974,2722.726465,-0.7379479999999603,-0.3924569999999221,-0.5652024999999412
2021-09-17 04:45:00,2723.119505,2722.381091,2722.728799,-0.7384139999999206,-0.39070600000013656,-0.5645600000000286
2021-09-17 05:00:00,2723.117943,2722.379849,2722.726565,-0.7380940000002738,-0.3913780000002589,-0.5647360000002664
2021-09-17 05:15:00,2723.11658,2722.378486,2722.726368,-0.7380939999998191,-0.39021199999979217,-0.5641529999998056
2021-09-17 05:30:00,2723.117356,2722.379262,2722.728161,-0.7380940000002738,-0.3891950000001998,-0.5636445000002368
2021-09-17 05:45:00,2723.11716,2722.378006,2722.727231,-0.7391539999998713,-0.38992899999993824,-0.5645414999999048
2021-09-17 06:00:00,2723.118329,2722.380221,2722.727965,-0.7381080000000111,-0.39036399999986315,-0.5642359999999371
2021-09-17 06:15:00,2723.119109,2722.379251,2722.726995,-0.7398580000003676,-0.3921140000002197,-0.5659860000002936
2021-09-17 06:30:00,2723.116586,2722.378476,2722.727669,-0.7381100000002334,-0.38891700000021956,-0.5635135000002265
2021-09-17 06:45:00,2723.119505,2722.379492,2722.725919,-0.74001300000009,-0.3935860000001412,-0.5667995000001156
2021-09-17 07:00:00,2723.118339,2722.380075,2722.726898,-0.738264000000072,-0.39144100000021353,-0.5648525000001428
2021-09-17 07:15:00,2723.119116,2722.380582,2722.727432,-0.7385340000000724,-0.3916839999997137,-0.5651089999998931
2021-09-17 07:30:00,2723.118919,2722.380385,2722.726219,-0.7385340000000724,-0.39269999999987704,-0.5656169999999747
2021-09-17 07:45:00,2723.117946,2722.378634,2722.727279,-0.7393119999996998,-0.3906669999996666,-0.5649894999996832
2021-09-17 08:00:00,2723.117166,2722.378319,2722.725968,-0.738847000000078,-0.39119799999980387,-0.5650224999999409
2021-09-17 08:15:00,2723.11619,2722.377185,2722.725244,-0.7390050000003612,-0.39094599999998536,-0.5649755000001733
2021-09-17 08:30:00,2723.116387,2722.377847,2722.725198,-0.7385399999998299,-0.3911889999999403,-0.5648644999998851
2021-09-17 08:45:00,2723.119106,2722.376601,2722.726108,-0.7425050000001647,-0.3929980000002615,-0.5677515000002131
2021-09-17 09:00:00,2723.11561,2722.376336,2722.722671,-0.7392740000000231,-0.39293899999984205,-0.5661064999999326
2021-09-17 09:15:00,2723.115417,2722.374972,2722.722998,-0.7404449999999088,-0.3924189999997907,-0.5664319999998497
2021-09-17 09:30:00,2723.116583,2722.375672,2722.723639,-0.7409109999998691,-0.3929440000001705,-0.5669275000000198
2021-09-17 09:45:00,2723.116193,2722.377497,2722.724945,-0.7386959999998908,-0.391247999999905,-0.5649719999998979
2021-09-17 10:00:00,2723.114637,2722.374189,2722.720468,-0.7404480000000149,-0.3941690000001472,-0.567308500000081
2021-09-17 10:15:00,2723.116,2722.373493,2722.722322,-0.7425069999999323,-0.39367799999990893,-0.5680924999999206
2021-09-17 10:30:00,2723.118919,2722.373492,2722.723001,-0.745426999999836,-0.3959180000001652,-0.5706725000000006
2021-09-17 10:45:00,2723.122028,2722.374116,2722.721595,-0.7479119999998147,-0.40043299999979354,-0.5741724999998041
2021-09-17 11:00:00,2723.122221,2722.372828,2722.723538,-0.7493930000000546,-0.39868299999989176,-0.5740379999999732
2021-09-17 11:15:00,2723.122418,2722.375239,2722.723735,-0.7471789999999601,-0.39868299999989176,-0.5729309999999259
2021-09-17 11:30:00,2723.121445,2722.374265,2722.722028,-0.7471800000002986,-0.39941700000008495,-0.5732985000001918
2021-09-17 11:45:00,2723.122221,2722.375082,2722.723007,-0.7471390000000611,-0.39921400000002905,-0.573176500000045
2021-09-17 12:15:00,2723.124167,2722.375081,2722.725291,-0.7490859999998065,-0.39887599999974555,-0.573980999999776
2021-09-17 12:30:00,2723.121638,2722.374185,2722.724178,-0.7474529999999504,-0.39746000000013737,-0.5724565000000439
2021-09-17 12:45:00,2723.122028,2722.373094,2722.723835,-0.7489339999997355,-0.398192999999992,-0.5735634999998638
2021-09-17 13:00:00,2723.119889,2722.374651,2722.722955,-0.7452379999999721,-0.3969339999998738,-0.5710859999999229
2021-09-17 13:15:00,2723.121252,2722.376016,2722.723302,-0.7452359999997498,-0.3979500000000371,-0.5715929999998934
2021-09-17 13:30:00,2723.117753,2722.374068,2722.725052,-0.743684999999914,-0.39270100000021557,-0.5681930000000648
2021-09-17 13:45:00,2723.121055,2722.376087,2722.724855,-0.7449679999999717,-0.39620000000013533,-0.5705840000000535
2021-09-17 14:00:00,2723.120079,2722.377327,2722.726362,-0.7427519999996548,-0.39371699999992416,-0.5682344999997895
2021-09-17 14:15:00,2723.123577,2722.373177,2722.724221,-0.7503999999998996,-0.3993559999998979,-0.5748779999998987
2021-09-17 14:30:00,2723.120275,2722.371624,2722.724418,-0.7486510000003364,-0.3958570000004329,-0.5722540000003846
2021-09-17 14:45:00,2723.117749,2722.372482,2722.723304,-0.7452669999997852,-0.3944449999999051,-0.5698559999998452
2021-09-17 15:00:00,2723.118719,2722.374922,2722.724764,-0.743797000000086,-0.3939550000000054,-0.5688760000000457
2021-09-17 15:15:00,2723.122408,2722.373489,2722.726705,-0.7489190000001145,-0.3957030000001396,-0.572311000000127
2021-09-17 15:30:00,2723.118909,2722.375705,2722.725197,-0.7432039999998779,-0.3937119999995957,-0.5684579999997368
2021-09-17 15:45:00,2723.120658,2722.37349,2722.726421,-0.7471679999998742,-0.3942369999999755,-0.5707024999999248
2021-09-17 16:15:00,2723.120075,2722.375124,2722.727588,-0.7449509999996735,-0.392486999999619,-0.5687189999996463
2021-09-17 16:30:00,2723.118909,2722.375862,2722.726912,-0.7430469999999332,-0.39199699999971926,-0.5675219999998262
2021-09-17 16:45:00,2723.118909,2722.375396,2722.727645,-0.7435129999998935,-0.3912639999998646,-0.5673884999998791
2021-09-17 17:00:00,2723.117743,2722.377449,2722.727005,-0.7402939999997216,-0.390737999999601,-0.5655159999996613
2021-09-17 17:15:00,2723.117939,2722.37543,2722.726675,-0.7425090000001546,-0.39126400000031936,-0.566886500000237
2021-09-17 17:30:00,2723.116387,2722.376095,2722.724914,-0.740291999999954,-0.39147300000013274,-0.5658825000000434
2021-09-17 18:00:00,2723.118522,2722.375013,2722.726035,-0.7435090000003584,-0.39248700000007375,-0.567998000000216
2021-09-17 18:15:00,2723.117166,2722.373657,2722.724678,-0.7435089999999036,-0.39248799999995754,-0.5679984999999306
2021-09-17 18:30:00,2723.115417,2722.373377,2722.724435,-0.7420400000000882,-0.39098199999989447,-0.5665109999999913
2021-09-17 18:45:00,2723.114834,2722.372328,2722.724525,-0.7425060000000485,-0.39030899999988833,-0.5664074999999684
2021-09-17 19:00:00,2723.117749,2722.375712,2722.725751,-0.7420369999999821,-0.3919980000000578,-0.5670175000000199
2021-09-17 19:15:00,2723.118336,2722.372913,2722.725109,-0.7454229999998461,-0.3932270000000244,-0.5693249999999352
2021-09-17 19:30:00,2723.116,2722.373497,2722.725692,-0.7425029999999424,-0.39030800000000454,-0.5664054999999735
2021-09-17 19:45:00,2723.11678,2722.374857,2722.726804,-0.7419230000000425,-0.38997599999993326,-0.5659494999999879
2021-09-17 20:00:00,2723.117166,2722.37451,2722.726175,-0.7426559999998972,-0.3909910000002128,-0.566823500000055
2021-09-17 20:30:00,2723.117749,2722.373344,2722.727194,-0.7444049999999152,-0.39055499999994936,-0.5674799999999323
2021-09-17 20:45:00,2723.11736,2722.374862,2722.727331,-0.7424980000000687,-0.3900290000001405,-0.5662635000001046
2021-09-17 21:00:00,2723.116583,2722.373931,2722.727341,-0.7426519999999073,-0.3892420000001948,-0.565947000000051
2021-09-17 21:15:00,2723.115613,2722.372962,2722.724621,-0.7426510000000235,-0.3909920000000966,-0.56682150000006
2021-09-17 21:30:00,2723.118526,2722.375719,2722.729048,-0.7428070000000844,-0.3894780000000537,-0.566142500000069
2021-09-17 21:45:00,2723.117746,2722.375405,2722.728658,-0.742341000000124,-0.3890879999999015,-0.5657145000000128
2021-09-17 22:00:00,2723.117746,2722.375559,2722.727398,-0.7421869999998307,-0.39034799999990355,-0.5662674999998671
2021-09-17 22:15:00,2723.11658,2722.373658,2722.727248,-0.7429219999999077,-0.3893319999997402,-0.566126999999824
2021-09-17 22:30:00,2723.117163,2722.373776,2722.727891,-0.7433869999999843,-0.3892719999998917,-0.566329499999938
2021-09-17 22:45:00,2723.115997,2722.375561,2722.727741,-0.7404360000000452,-0.3882559999997284,-0.5643459999998868
2021-09-17 23:00:00,2723.117939,2722.374004,2722.727591,-0.7439350000004197,-0.3903480000003583,-0.567141500000389
2021-09-17 23:15:00,2723.116383,2722.375213,2722.727785,-0.7411700000002384,-0.3885980000000018,-0.5648840000001201
2021-09-17 23:30:00,2723.118329,2722.377626,2722.729732,-0.7407029999999395,-0.388597000000118,-0.5646500000000287
2021-09-17 23:45:00,2723.118916,2722.376576,2722.729148,-0.7423399999997855,-0.38976800000000367,-0.5660539999998946
