Date_Time,P2_WSE,P2_gw_left,P2_gw_right,P2_h_left,P2_h_right,P2_h_average
2022-03-02 00:15:00,2723.122414,2722.310479,2722.669135,-0.8119349999997212,-0.45327899999983856,-0.6326069999997799
2022-03-02 00:30:00,2723.122998,2722.308846,2722.667236,-0.8141519999999218,-0.45576200000004974,-0.6349569999999858
2022-03-02 00:45:00,2723.123581,2722.312111,2722.667819,-0.8114699999996446,-0.45576200000004974,-0.6336159999998472
2022-03-02 01:00:00,2723.120665,2722.312694,2722.668118,-0.8079709999997249,-0.4525469999998677,-0.6302589999997963
2022-03-02 01:30:00,2723.121831,2722.313127,2722.670302,-0.8087040000000343,-0.4515289999999368,-0.6301164999999855
2022-03-02 01:45:00,2723.124164,2722.31371,2722.670885,-0.8104539999999361,-0.45327899999983856,-0.6318664999998873
2022-03-02 02:15:00,2723.12533,2722.31441,2722.672051,-0.8109199999998964,-0.45327899999983856,-0.6320994999998675
2022-03-02 02:30:00,2723.124157,2722.314292,2722.670398,-0.8098650000001726,-0.4537589999999909,-0.6318120000000818
2022-03-02 03:00:00,2723.121248,2722.312542,2722.670735,-0.8087059999998019,-0.45051299999977346,-0.6296094999997877
2022-03-02 03:15:00,2723.124747,2722.310596,2722.668702,-0.814151000000038,-0.45604499999990367,-0.6350979999999709
2022-03-02 03:45:00,2723.120468,2722.311452,2722.668413,-0.809016000000156,-0.4520550000002004,-0.6305355000001782
2022-03-02 04:00:00,2723.121831,2722.311065,2722.669568,-0.8107660000000578,-0.45226300000013,-0.6315145000000939
2022-03-02 04:15:00,2723.122998,2722.310751,2722.669045,-0.812246999999843,-0.4539529999997285,-0.6330999999997857
2022-03-02 05:00:00,2723.123584,2722.311648,2722.670151,-0.8119360000000597,-0.45343300000013187,-0.6326845000000958
2022-03-02 05:15:00,2723.123001,2722.312815,2722.670791,-0.810186000000158,-0.45220999999992273,-0.6311980000000403
2022-03-02 05:30:00,2723.122998,2722.311765,2722.669778,-0.811232999999902,-0.45321999999987383,-0.6322264999998879
2022-03-02 06:30:00,2723.131741,2722.311182,2722.668461,-0.8205590000002303,-0.46327999999994063,-0.6419195000000855
2022-03-02 07:00:00,2723.133494,2722.314447,2722.670208,-0.819046999999955,-0.46328600000015285,-0.6411665000000539
2022-03-02 07:30:00,2723.138939,2722.313474,2722.669235,-0.8254649999998946,-0.4697040000000925,-0.6475844999999936
2022-03-02 07:45:00,2723.140492,2722.311062,2722.669039,-0.8294299999997747,-0.4714530000001105,-0.6504414999999426
2022-03-02 08:45:00,2723.149432,2722.311691,2722.667583,-0.8377410000002783,-0.48184900000023845,-0.6597950000002584
2022-03-02 09:00:00,2723.146326,2722.310799,2722.666959,-0.8355270000001838,-0.47936699999991106,-0.6574470000000474
2022-03-02 09:15:00,2723.141658,2722.308585,2722.6657,-0.8330729999997857,-0.47595799999999144,-0.6545154999998886
2022-03-02 09:30:00,2723.13602,2722.306446,2722.664577,-0.8295739999998659,-0.47144299999990835,-0.6505084999998871
2022-03-02 09:45:00,2723.124164,2722.30345,2722.662781,-0.8207139999999526,-0.46138299999984156,-0.6410484999998971
2022-03-02 10:00:00,2723.102005,2722.305967,2722.661614,-0.7960380000004079,-0.44039100000009057,-0.6182145000002492
2022-03-02 11:00:00,2723.120079,2722.306406,2722.662914,-0.8136729999996533,-0.4571649999998044,-0.6354189999997288
2022-03-02 11:30:00,2723.115607,2722.304967,2722.663407,-0.8106400000001486,-0.45220000000017535,-0.631420000000162
2022-03-02 11:45:00,2723.11541,2722.303021,2722.661461,-0.8123889999997118,-0.4539489999997386,-0.6331689999997252
2022-03-02 12:00:00,2723.115993,2722.305073,2722.66131,-0.8109199999998964,-0.4546829999999318,-0.6328014999999141
2022-03-02 12:15:00,2723.11541,2722.304304,2722.662477,-0.8111060000001089,-0.45293300000003,-0.6320195000000695
2022-03-02 12:30:00,2723.1158,2722.305626,2722.6636,-0.8101740000001882,-0.45220000000017535,-0.6311870000001818
2022-03-02 13:00:00,2723.115414,2722.302867,2722.661464,-0.812546999999995,-0.4539500000000771,-0.6332485000000361
2022-03-02 13:15:00,2723.116003,2722.303601,2722.660974,-0.81240200000002,-0.4550290000001951,-0.6337155000001076
2022-03-02 13:30:00,2723.117559,2722.301192,2722.661117,-0.8163669999999001,-0.45644199999969715,-0.6364044999997986
2022-03-02 13:45:00,2723.116007,2722.301658,2722.660541,-0.8143490000002203,-0.45546599999988757,-0.6349075000000539
2022-03-02 14:00:00,2723.118339,2722.302241,2722.662873,-0.8160980000002382,-0.45546599999988757,-0.6357820000000629
2022-03-02 14:15:00,2723.116976,2722.303559,2722.661368,-0.8134169999998448,-0.45560799999975643,-0.6345124999998006
2022-03-02 14:30:00,2723.115414,2722.301231,2722.661707,-0.8141829999999572,-0.45370699999966746,-0.6339449999998124
2022-03-02 14:45:00,2723.11658,2722.302398,2722.660391,-0.8141820000000735,-0.45618899999999485,-0.6351855000000342
2022-03-02 15:00:00,2723.117163,2722.303758,2722.659957,-0.8134049999998751,-0.45720600000004197,-0.6353054999999586
2022-03-02 15:15:00,2723.118719,2722.304849,2722.662531,-0.8138699999999517,-0.45618800000011106,-0.6350290000000314
2022-03-02 15:30:00,2723.117749,2722.306094,2722.662293,-0.8116549999999734,-0.4554560000001402,-0.6335555000000568
2022-03-02 16:15:00,2723.118333,2722.304463,2722.662877,-0.8138699999999517,-0.45545599999968545,-0.6346629999998186
2022-03-02 16:30:00,2723.117166,2722.303296,2722.66297,-0.8138699999999517,-0.45419600000013816,-0.6340330000000449
2022-03-02 16:45:00,2723.11483,2722.30213,2722.661124,-0.8126999999999498,-0.45370599999978367,-0.6332029999998667
2022-03-02 17:45:00,2723.115997,2722.305977,2722.661954,-0.8100199999998949,-0.45404299999972864,-0.6320314999998118
2022-03-02 18:00:00,2723.117746,2722.305511,2722.663307,-0.8122349999998733,-0.4544390000000931,-0.6333369999999832
2022-03-02 18:15:00,2723.117553,2722.305317,2722.663846,-0.8122360000002118,-0.4537070000001222,-0.632971500000167
2022-03-02 18:30:00,2723.117749,2722.309479,2722.665792,-0.8082699999999932,-0.45195700000022043,-0.6301135000001068
2022-03-02 18:45:00,2723.119499,2722.308548,2722.667979,-0.8109509999999318,-0.4515200000000732,-0.6312355000000025
2022-03-02 19:00:00,2723.120668,2722.309013,2722.666283,-0.8116549999999734,-0.45438500000000204,-0.6330199999999877
2022-03-02 19:15:00,2723.119109,2722.308158,2722.666572,-0.8109510000003866,-0.4525370000001203,-0.6317440000002534
2022-03-02 19:30:00,2723.119889,2722.307768,2722.666916,-0.8121209999999337,-0.452972999999929,-0.6325469999999314
2022-03-02 19:45:00,2723.120279,2722.310373,2722.667589,-0.8099060000004101,-0.4526900000000751,-0.6312980000002426
2022-03-02 20:00:00,2723.119499,2722.309593,2722.667482,-0.8099059999999554,-0.45201700000006895,-0.6309615000000122
2022-03-02 21:00:00,2723.119499,2722.308535,2722.66506,-0.8109639999997853,-0.4544390000000931,-0.6327014999999392
2022-03-02 21:15:00,2723.119499,2722.310749,2722.667542,-0.8087499999996908,-0.4519569999997657,-0.6303534999997282
2022-03-02 22:15:00,2723.120665,2722.312382,2722.668649,-0.8082829999998467,-0.4520159999997304,-0.6301494999997885
2022-03-02 22:45:00,2723.120082,2722.309584,2722.668552,-0.810497999999825,-0.4515299999998206,-0.6310139999998228
2022-03-02 23:15:00,2723.121831,2722.310867,2722.671318,-0.8109639999997853,-0.45051299999977346,-0.6307384999997794
2022-03-03 00:15:00,2723.122418,2722.310015,2722.668985,-0.8124029999999038,-0.45343300000013187,-0.6329180000000179
2022-03-03 01:45:00,2723.122028,2722.309159,2722.669818,-0.8128689999998642,-0.45220999999992273,-0.6325394999998935
2022-03-03 02:00:00,2723.120468,2722.310985,2722.668939,-0.8094830000000002,-0.4515289999999368,-0.6305059999999685
2022-03-03 03:30:00,2723.122998,2722.312034,2722.669965,-0.8109639999997853,-0.45303299999977753,-0.6319984999997814
2022-03-03 03:45:00,2723.123387,2722.31289,2722.670355,-0.8104969999999412,-0.45303199999989374,-0.6317644999999175
2022-03-03 04:00:00,2723.124167,2722.310988,2722.671135,-0.8131789999997636,-0.45303199999989374,-0.6331054999998287
2022-03-03 04:30:00,2723.122028,2722.311064,2722.670745,-0.8109639999997853,-0.45128299999987576,-0.6311234999998305
2022-03-03 04:45:00,2723.122221,2722.313473,2722.672441,-0.8087479999999232,-0.4497799999999188,-0.629263999999921
2022-03-03 05:15:00,2723.121835,2722.312931,2722.670552,-0.8089039999999841,-0.45128299999987576,-0.6300934999999299
2022-03-03 05:45:00,2723.121252,2722.312348,2722.669969,-0.8089039999999841,-0.45128299999987576,-0.6300934999999299
2022-03-03 06:15:00,2723.120668,2722.310297,2722.670119,-0.8103710000000319,-0.4505490000001373,-0.6304600000000846
2022-03-03 06:45:00,2723.125917,2722.313796,2722.672151,-0.8121209999999337,-0.4537659999996322,-0.6329434999997829
2022-03-03 07:45:00,2723.122414,2722.311462,2722.670404,-0.8109519999998156,-0.45200999999997293,-0.6314809999998943
2022-03-03 09:00:00,2723.125333,2722.309701,2722.667633,-0.8156319999998232,-0.4576999999999316,-0.6366659999998774
2022-03-03 09:15:00,2723.123194,2722.309311,2722.668462,-0.8138829999998052,-0.4547319999996944,-0.6343074999997498
2022-03-03 09:30:00,2723.122414,2722.306316,2722.666216,-0.8160979999997835,-0.45619799999985844,-0.636147999999821
2022-03-03 09:45:00,2723.117746,2722.305032,2722.664467,-0.8127139999996871,-0.45327899999983856,-0.6329964999997628
2022-03-03 10:00:00,2723.117163,2722.304914,2722.662867,-0.8122490000000653,-0.4542959999998857,-0.6332724999999755
2022-03-03 10:15:00,2723.117163,2722.306199,2722.664616,-0.8109639999997853,-0.4525469999998677,-0.6317554999998265
2022-03-03 10:30:00,2723.117746,2722.304566,2722.664714,-0.8131800000001022,-0.45303199999989374,-0.633105999999998
2022-03-03 10:45:00,2723.11658,2722.3034,2722.662531,-0.8131800000001022,-0.45404899999994086,-0.6336145000000215
2022-03-03 11:00:00,2723.115414,2722.30298,2722.663397,-0.8124339999999393,-0.45201700000006895,-0.6322255000000041
2022-03-03 11:15:00,2723.117746,2722.303564,2722.663248,-0.8141820000000735,-0.4544980000000578,-0.6343400000000656
2022-03-03 11:30:00,2723.11483,2722.303866,2722.663547,-0.8109639999997853,-0.45128299999987576,-0.6311234999998305
2022-03-03 11:45:00,2723.115414,2722.303291,2722.663114,-0.8121229999997013,-0.4522999999999229,-0.6322114999998121
2022-03-03 12:00:00,2723.117553,2722.305432,2722.663297,-0.8121209999999337,-0.45425599999998667,-0.6331884999999602
2022-03-03 12:15:00,2723.119499,2722.307096,2722.664569,-0.8124029999999038,-0.4549299999998766,-0.6336664999998902
2022-03-03 12:30:00,2723.115414,2722.304462,2722.663403,-0.8109519999998156,-0.4520109999998567,-0.6314814999998362
2022-03-03 13:00:00,2723.114834,2722.304616,2722.662387,-0.8102180000000772,-0.45244700000012017,-0.6313325000000987
2022-03-03 13:15:00,2723.11697,2722.305003,2722.663304,-0.8119670000000951,-0.45366599999988466,-0.6328164999999899
2022-03-03 13:45:00,2723.116973,2722.30278,2722.662037,-0.8141930000001594,-0.4549360000000888,-0.6345645000001241
2022-03-03 14:00:00,2723.117753,2722.302558,2722.663551,-0.8151950000001307,-0.45420199999989563,-0.6346985000000132
2022-03-03 14:15:00,2723.116583,2722.304307,2722.66257,-0.8122760000001108,-0.45401300000003175,-0.6331445000000713
2022-03-03 14:45:00,2723.11639,2722.306329,2722.663453,-0.8100610000001325,-0.4529370000000199,-0.6314990000000762
2022-03-03 15:00:00,2723.117166,2722.304579,2722.664383,-0.812586999999894,-0.45278300000018135,-0.6326850000000377
2022-03-03 15:15:00,2723.118916,2722.304422,2722.665399,-0.8144939999997405,-0.4535169999999198,-0.6340054999998301
2022-03-03 15:30:00,2723.116,2722.30547,2722.664232,-0.8105300000001989,-0.4517679999999018,-0.6311490000000504
2022-03-03 15:45:00,2723.118719,2722.304226,2722.6637,-0.8144929999998567,-0.45501899999999296,-0.6347559999999248
2022-03-03 16:00:00,2723.120075,2722.307796,2722.666126,-0.8122789999997622,-0.4539489999997386,-0.6331139999997504
2022-03-03 16:15:00,2723.120075,2722.308531,2722.66641,-0.8115439999996852,-0.4536650000000009,-0.632604499999843
2022-03-03 16:30:00,2723.119492,2722.307948,2722.66481,-0.8115439999996852,-0.45468199999959324,-0.6331129999996392
2022-03-03 16:45:00,2723.118909,2722.307365,2722.665486,-0.8115439999996852,-0.45342299999992974,-0.6324834999998075
2022-03-03 17:00:00,2723.116,2722.305615,2722.66447,-0.8103849999997692,-0.4515299999998206,-0.6309574999997949
2022-03-03 17:15:00,2723.116973,2722.307053,2722.663203,-0.8099200000001474,-0.45377000000007683,-0.6318450000001121
2022-03-03 17:30:00,2723.11717,2722.307843,2722.664416,-0.8093269999999393,-0.4527539999999135,-0.6310404999999264
2022-03-03 17:45:00,2723.119502,2722.306212,2722.665053,-0.8132900000000518,-0.45444899999984045,-0.6338694999999461
2022-03-03 18:30:00,2723.11717,2722.305162,2722.664753,-0.8120079999998779,-0.45241699999996854,-0.6322124999999232
2022-03-03 18:45:00,2723.118143,2722.3066,2722.666459,-0.8115430000002561,-0.4516840000001139,-0.631613500000185
2022-03-03 19:00:00,2723.118919,2722.307532,2722.666656,-0.8113870000001953,-0.45226300000013,-0.6318250000001626
2022-03-03 19:15:00,2723.119505,2722.307964,2722.667089,-0.8115410000000338,-0.45241600000008475,-0.6319785000000593
2022-03-03 19:30:00,2723.118922,2722.309131,2722.667239,-0.809791000000132,-0.4516830000002301,-0.6307370000001811
2022-03-03 19:45:00,2723.118922,2722.311034,2722.667972,-0.8078880000002755,-0.4509499999999207,-0.6294190000000981
2022-03-03 20:00:00,2723.118339,2722.309704,2722.666319,-0.8086350000003222,-0.45202000000017506,-0.6303275000002486
2022-03-03 20:30:00,2723.119699,2722.307846,2722.665929,-0.8118529999997008,-0.45377000000007683,-0.6328114999998888
2022-03-03 20:45:00,2723.118919,2722.306601,2722.667389,-0.8123180000002321,-0.4515299999998206,-0.6319240000000264
2022-03-03 21:00:00,2723.121641,2722.308816,2722.667629,-0.8128249999999753,-0.45401200000014796,-0.6334185000000616
2022-03-03 21:30:00,2723.122225,2722.310684,2722.668792,-0.8115410000000338,-0.45343300000013187,-0.6324870000000828
2022-03-03 21:45:00,2723.121248,2722.309241,2722.668346,-0.8120069999999942,-0.4529019999999946,-0.6324544999999944
2022-03-03 22:00:00,2723.121248,2722.311457,2722.669281,-0.809791000000132,-0.4519669999999678,-0.6308790000000499
2022-03-03 22:15:00,2723.121248,2722.309707,2722.668549,-0.8115410000000338,-0.4526989999999387,-0.6321199999999862
2022-03-03 22:30:00,2723.119692,2722.309321,2722.668162,-0.8103710000000319,-0.4515300000002753,-0.6309505000001536
2022-03-03 23:15:00,2723.116586,2722.306483,2722.666806,-0.8101030000002538,-0.4497799999999188,-0.6299415000000863
2022-03-03 23:30:00,2723.11639,2722.30407,2722.666609,-0.8123199999999997,-0.44978100000025734,-0.6310505000001285
2022-03-03 23:45:00,2723.11658,2722.306942,2722.666313,-0.8096379999997225,-0.4502669999997124,-0.6299524999997175
2022-03-04 00:00:00,2723.117163,2722.307525,2722.667383,-0.8096379999997225,-0.4497799999999188,-0.6297089999998207
2022-03-04 00:30:00,2723.118716,2722.307016,2722.667439,-0.8116999999997461,-0.4512770000001183,-0.6314884999999322
2022-03-04 00:45:00,2723.120079,2722.308225,2722.669085,-0.8118539999995846,-0.4509939999998096,-0.6314239999996971
2022-03-04 01:00:00,2723.120468,2722.307613,2722.668458,-0.8128550000001269,-0.45200999999997293,-0.6324325000000499
2022-03-04 01:15:00,2723.121248,2722.309395,2722.668068,-0.8118529999997008,-0.4531799999999748,-0.6325164999998378
2022-03-04 01:45:00,2723.120082,2722.308975,2722.669142,-0.8111069999999927,-0.45093999999971857,-0.6310234999998556
2022-03-04 02:00:00,2723.118922,2722.307226,2722.667635,-0.8116960000002109,-0.4512870000003204,-0.6314915000002657
2022-03-04 02:15:00,2723.122808,2722.307881,2722.669285,-0.8149269999998978,-0.453523000000132,-0.6342250000000149
2022-03-04 02:30:00,2723.122998,2722.310287,2722.670545,-0.8127110000000357,-0.45245299999987765,-0.6325819999999567
2022-03-04 02:45:00,2723.120472,2722.305348,2722.669035,-0.8151240000001962,-0.45143700000016906,-0.6332805000001827
2022-03-04 03:00:00,2723.122028,2722.311067,2722.670592,-0.8109609999996792,-0.45143599999983053,-0.6311984999997549
2022-03-04 03:15:00,2723.120079,2722.308071,2722.668796,-0.8120079999998779,-0.45128299999987576,-0.6316454999998768
2022-03-04 03:30:00,2723.121635,2722.308455,2722.668112,-0.8131800000001022,-0.453523000000132,-0.6333515000001171
2022-03-04 03:45:00,2723.122414,2722.307485,2722.669478,-0.8149290000001201,-0.4529360000001361,-0.6339325000001281
2022-03-04 04:00:00,2723.121831,2722.309117,2722.668894,-0.8127140000001418,-0.4529370000000199,-0.6328255000000809
2022-03-04 04:15:00,2723.121248,2722.308068,2722.668311,-0.8131800000001022,-0.4529370000000199,-0.633058500000061
2022-03-04 04:30:00,2723.122221,2722.309041,2722.668551,-0.8131800000001022,-0.45366999999987456,-0.6334249999999884
2022-03-04 04:45:00,2723.123001,2722.308818,2722.669578,-0.8141829999999572,-0.45342299999992974,-0.6338029999999435
2022-03-04 05:00:00,2723.121248,2722.308081,2722.670065,-0.8131669999997939,-0.45118300000012823,-0.6321749999999611
2022-03-04 05:30:00,2723.123384,2722.308934,2722.668702,-0.8144499999998516,-0.454682000000048,-0.6345659999999498
2022-03-04 06:00:00,2723.121438,2722.309471,2722.669239,-0.8119670000000951,-0.45219900000029156,-0.6320830000001934
2022-03-04 06:15:00,2723.121635,2722.307452,2722.669719,-0.8141829999999572,-0.4519159999999829,-0.6330494999999701
2022-03-04 06:30:00,2723.123771,2722.309319,2722.669088,-0.8144520000000739,-0.4546829999999318,-0.6345675000000028
2022-03-04 06:45:00,2723.121831,2722.307381,2722.666133,-0.8144499999998516,-0.4556979999997566,-0.6350739999998041
2022-03-04 07:00:00,2723.120665,2722.307652,2722.667732,-0.8130129999999554,-0.45293300000003,-0.6329729999999927
2022-03-04 07:15:00,2723.121831,2722.309129,2722.667882,-0.8127019999997174,-0.4539489999997386,-0.633325499999728
2022-03-04 07:30:00,2723.120082,2722.307069,2722.666416,-0.8130129999999554,-0.45366599999988466,-0.63333949999992
2022-03-04 07:45:00,2723.121248,2722.306021,2722.666566,-0.8152270000000499,-0.454682000000048,-0.6349545000000489
2022-03-04 08:45:00,2723.118526,2722.305048,2722.667342,-0.8134780000000319,-0.451184000000012,-0.632331000000022
2022-03-04 09:00:00,2723.117553,2722.306289,2722.666856,-0.8112639999999374,-0.4506970000002184,-0.6309805000000779
2022-03-04 09:15:00,2723.121248,2722.306332,2722.667299,-0.8149159999998119,-0.4539489999997386,-0.6344324999997752
2022-03-04 09:30:00,2723.11736,2722.305942,2722.66516,-0.8114180000002307,-0.45220000000017535,-0.631809000000203
2022-03-04 10:00:00,2723.11522,2722.301856,2722.66477,-0.8133640000000923,-0.4504500000002736,-0.631907000000183
2022-03-04 10:15:00,2723.117166,2722.304268,2722.663743,-0.812898000000132,-0.45342299999992974,-0.6331605000000309
2022-03-04 10:30:00,2723.119499,2722.307066,2722.666129,-0.8124330000000555,-0.4533699999997225,-0.632901499999889
2022-03-04 10:45:00,2723.117559,2722.30259,2722.664126,-0.8149690000000192,-0.4534329999996771,-0.6342009999998481
2022-03-04 11:00:00,2723.118333,2722.305578,2722.66374,-0.8127549999999246,-0.45459299999993164,-0.6336739999999281
2022-03-04 11:30:00,2723.11658,2722.303526,2722.664906,-0.8130539999997382,-0.45167399999991176,-0.632363999999825
2022-03-04 11:45:00,2723.119306,2722.305395,2722.665446,-0.8139110000001892,-0.453860000000077,-0.6338855000001331
2022-03-04 12:00:00,2723.117749,2722.305007,2722.665303,-0.8127420000000711,-0.45244599999978163,-0.6325939999999264
2022-03-04 12:15:00,2723.116973,2722.304965,2722.664373,-0.8120080000003327,-0.45260000000007494,-0.6323040000002038
2022-03-04 12:30:00,2723.118333,2722.305745,2722.666902,-0.8125879999997778,-0.45143099999995684,-0.6320094999998673
2022-03-04 12:45:00,2723.119499,2722.303989,2722.663404,-0.8155099999999038,-0.4560950000000048,-0.6358024999999543
2022-03-04 13:00:00,2723.118719,2722.304959,2722.665107,-0.813760000000002,-0.45361200000024837,-0.6336860000001252
2022-03-04 13:15:00,2723.118133,2722.304653,2722.664313,-0.8134799999997995,-0.4538199999997232,-0.6336499999997613
2022-03-04 13:30:00,2723.118726,2722.307338,2722.665783,-0.811388000000079,-0.45294300000023213,-0.6321655000001556
2022-03-04 13:45:00,2723.116973,2722.306869,2722.66462,-0.8101040000001376,-0.4523530000001301,-0.6312285000001339
2022-03-04 14:00:00,2723.116576,2722.303409,2722.663207,-0.8131669999997939,-0.4533689999998387,-0.6332679999998163
2022-03-04 14:15:00,2723.118133,2722.30275,2722.66354,-0.8153830000001108,-0.45459299999993164,-0.6349880000000212
2022-03-04 14:30:00,2723.118726,2722.303333,2722.664867,-0.8153930000003129,-0.4538590000001932,-0.634626000000253
2022-03-04 14:45:00,2723.119892,2722.306715,2722.666559,-0.813176999999996,-0.45333300000038435,-0.6332550000001902
2022-03-04 15:00:00,2723.119885,2722.306705,2722.665536,-0.8131800000001022,-0.45434900000009293,-0.6337645000000975
2022-03-04 15:30:00,2723.121831,2722.308342,2722.668215,-0.8134890000001178,-0.4536159999997835,-0.6335524999999507
2022-03-04 15:45:00,2723.119885,2722.305941,2722.667969,-0.8139439999999922,-0.4519159999999829,-0.6329299999999876
2022-03-04 16:00:00,2723.118922,2722.305588,2722.665489,-0.8133339999999407,-0.45343300000013187,-0.6333835000000363
2022-03-04 16:15:00,2723.116976,2722.304222,2722.663603,-0.8127539999995861,-0.4533729999998286,-0.6330634999997073
2022-03-04 17:00:00,2723.121445,2722.305472,2722.666173,-0.8159730000002128,-0.45527200000015,-0.6356225000001814
2022-03-04 17:15:00,2723.117756,2722.302786,2722.66243,-0.8149699999999029,-0.45532600000024104,-0.635148000000072
2022-03-04 17:30:00,2723.116976,2722.305659,2722.664619,-0.8113169999996899,-0.4523569999996653,-0.6318369999996776
2022-03-04 17:45:00,2723.120472,2722.308887,2722.666365,-0.8115849999999227,-0.4541070000000218,-0.6328459999999723
2022-03-04 18:00:00,2723.11736,2722.307058,2722.667436,-0.8103020000003198,-0.44992400000001,-0.6301130000001649
2022-03-04 18:15:00,2723.119889,2722.305385,2722.667532,-0.8145039999999426,-0.45235700000012,-0.6334305000000313
2022-03-04 18:30:00,2723.121252,2722.308497,2722.666659,-0.8127549999999246,-0.45459299999993164,-0.6336739999999281
2022-03-04 18:45:00,2723.120668,2722.307448,2722.667825,-0.8132200000000012,-0.45284300000002986,-0.6330315000000155
2022-03-04 19:00:00,2723.121445,2722.308224,2722.667586,-0.8132210000003397,-0.4538590000001932,-0.6335400000002664
2022-03-04 19:15:00,2723.121248,2722.309974,2722.669382,-0.8112740000001395,-0.45186599999988175,-0.6315700000000106
2022-03-04 19:30:00,2723.123387,2722.311803,2722.669429,-0.8115840000000389,-0.4539580000000569,-0.6327710000000479
2022-03-04 19:45:00,2723.123194,2722.30869,2722.668746,-0.8145039999999426,-0.45444799999995666,-0.6344759999999496
2022-03-04 20:00:00,2723.121248,2722.307914,2722.667815,-0.8133339999999407,-0.45343300000013187,-0.6333835000000363
2022-03-04 20:15:00,2723.119499,2722.309663,2722.667142,-0.8098359999999047,-0.45235700000012,-0.6310965000000124
2022-03-04 20:30:00,2723.121831,2722.310711,2722.668889,-0.8111199999998462,-0.4529419999998936,-0.6320309999998699
2022-03-04 20:45:00,2723.120665,2722.30908,2722.668982,-0.8115849999999227,-0.45168299999977535,-0.631633999999849
2022-03-04 21:00:00,2723.121438,2722.309158,2722.669085,-0.8122800000001007,-0.4523530000001301,-0.6323165000001154
2022-03-04 21:30:00,2723.120665,2722.308935,2722.669482,-0.8117299999998977,-0.45118300000012823,-0.631456500000013
2022-03-04 21:45:00,2723.121248,2722.309984,2722.669386,-0.8112639999999374,-0.45186199999989185,-0.6315629999999146
2022-03-04 22:00:00,2723.120275,2722.309011,2722.668076,-0.8112640000003921,-0.45219900000029156,-0.6317315000003418
2022-03-04 22:15:00,2723.121248,2722.311724,2722.669328,-0.809523999999783,-0.4519199999999728,-0.6307219999998779
2022-03-04 22:30:00,2723.121831,2722.312307,2722.669911,-0.809523999999783,-0.4519199999999728,-0.6307219999998779
2022-03-04 22:45:00,2723.122414,2722.312155,2722.670251,-0.81025899999986,-0.4521629999999277,-0.6312109999998938
2022-03-04 23:00:00,2723.122998,2722.311258,2722.670398,-0.8117399999996451,-0.4525999999996202,-0.6321699999996326
2022-03-04 23:30:00,2723.122221,2722.312231,2722.671317,-0.809990000000198,-0.4509040000002642,-0.6304470000002311
2022-03-04 23:45:00,2723.121248,2722.309209,2722.669332,-0.8120389999999134,-0.4519159999999829,-0.6319774999999481
2022-03-05 00:00:00,2723.120665,2722.311844,2722.670984,-0.80882100000008,-0.44968100000005506,-0.6292510000000675
2022-03-05 00:15:00,2723.122998,2722.310803,2722.671082,-0.8121949999999742,-0.4519159999999829,-0.6320554999999786
2022-03-05 00:30:00,2723.125717,2722.309557,2722.671035,-0.8161599999998543,-0.454682000000048,-0.6354209999999512
2022-03-05 00:45:00,2723.127073,2722.313594,2722.672391,-0.8134789999999157,-0.454682000000048,-0.6340804999999818
2022-03-05 01:00:00,2723.12513,2722.3134,2722.671465,-0.8117299999998977,-0.4536650000000009,-0.6326974999999493
2022-03-05 01:15:00,2723.126686,2722.315423,2722.672059,-0.8112630000000536,-0.45462700000007317,-0.6329450000000634
2022-03-05 01:30:00,2723.126296,2722.312817,2722.672685,-0.8134789999999157,-0.45361099999990984,-0.6335449999999128
2022-03-05 01:45:00,2723.125327,2722.313597,2722.671715,-0.8117300000003524,-0.45361200000024837,-0.6326710000003004
2022-03-05 02:15:00,2723.127073,2722.311378,2722.673124,-0.8156950000002325,-0.45394900000019334,-0.6348220000002129
2022-03-05 02:30:00,2723.125713,2722.314449,2722.670878,-0.8112639999999374,-0.45483500000000276,-0.6330494999999701
2022-03-05 03:00:00,2723.125137,2722.313552,2722.672194,-0.8115849999999227,-0.4529429999997774,-0.6322639999998501
2022-03-05 03:15:00,2723.127076,2722.312116,2722.672241,-0.8149600000001556,-0.45483500000000276,-0.6348975000000792
2022-03-05 03:30:00,2723.12514,2722.315305,2722.673214,-0.809835000000021,-0.451926000000185,-0.630880500000103
2022-03-05 03:45:00,2723.126113,2722.314527,2722.672681,-0.8115859999998065,-0.45343199999979333,-0.6325089999997999
2022-03-05 04:00:00,2723.12514,2722.313554,2722.672198,-0.8115860000002613,-0.4529419999998936,-0.6322640000000774
2022-03-05 04:15:00,2723.128836,2722.3155,2722.673127,-0.8133359999997083,-0.4557089999998425,-0.6345224999997754
2022-03-05 04:30:00,2723.126113,2722.312313,2722.671665,-0.813799999999901,-0.45444799999995666,-0.6341239999999289
2022-03-05 04:45:00,2723.122418,2722.313047,2722.671958,-0.8093709999998282,-0.45046000000002095,-0.6299154999999246
2022-03-05 05:00:00,2723.1265,2722.313164,2722.672541,-0.8133359999997083,-0.4539589999999407,-0.6336474999998245
2022-03-05 05:15:00,2723.128056,2722.314722,2722.675114,-0.8133339999999407,-0.4529419999998936,-0.6331379999999172
2022-03-05 05:30:00,2723.128446,2722.316861,2722.674487,-0.8115850000003775,-0.4539589999999407,-0.6327720000001591
2022-03-05 06:00:00,2723.125917,2722.31165,2722.671751,-0.8142669999997452,-0.4541659999999865,-0.6342164999998658
2022-03-05 06:30:00,2723.126493,2722.314297,2722.672881,-0.8121960000003128,-0.45361200000024837,-0.6329040000002806
2022-03-05 07:15:00,2723.12475,2722.31095,2722.671808,-0.813799999999901,-0.4529419999998936,-0.6333709999998973
2022-03-05 07:45:00,2723.124937,2722.310794,2722.671851,-0.8141430000000582,-0.4530859999999848,-0.6336145000000215
2022-03-05 08:00:00,2723.123574,2722.310913,2722.671901,-0.8126610000003893,-0.45167300000002797,-0.6321670000002086
2022-03-05 08:15:00,2723.125907,2722.311653,2722.672974,-0.8142539999998917,-0.45293300000003,-0.6335934999999608
2022-03-05 08:30:00,2723.124937,2722.312898,2722.672288,-0.8120389999999134,-0.45264899999983754,-0.6323439999998755
2022-03-05 09:00:00,2723.123194,2722.310988,2722.670258,-0.8122059999996054,-0.45293599999968137,-0.6325709999996434
2022-03-05 09:30:00,2723.120858,2722.310134,2722.668695,-0.8107240000003912,-0.45216300000038245,-0.6314435000003868
2022-03-05 09:45:00,2723.11736,2722.306169,2722.664463,-0.8111910000002354,-0.4528970000001209,-0.6320440000001781
2022-03-05 10:00:00,2723.11464,2722.307415,2722.666123,-0.807224999999562,-0.44851699999981065,-0.6278709999996863
2022-03-05 10:15:00,2723.120082,2722.309625,2722.668646,-0.8104570000000422,-0.45143599999983053,-0.6309464999999363
2022-03-05 10:30:00,2723.121445,2722.30924,2722.667095,-0.8122050000001764,-0.45435000000043146,-0.6332775000003039
2022-03-05 10:45:00,2723.119309,2722.307652,2722.668889,-0.8116570000001957,-0.45042000000012195,-0.6310385000001588
2022-03-05 11:00:00,2723.120862,2722.309671,2722.668693,-0.8111910000002354,-0.45216900000013993,-0.6316800000001876
2022-03-05 11:15:00,2723.121255,2722.306834,2722.669086,-0.8144210000000385,-0.45216900000013993,-0.6332950000000892
2022-03-05 11:30:00,2723.121255,2722.307849,2722.668502,-0.8134060000002137,-0.4527530000000297,-0.6330795000001217
2022-03-05 11:45:00,2723.119699,2722.306293,2722.666946,-0.8134059999997589,-0.4527530000000297,-0.6330794999998943
2022-03-05 12:00:00,2723.119495,2722.308614,2722.668349,-0.8108809999998812,-0.4511459999998806,-0.6310134999998809
2022-03-05 12:15:00,2723.118143,2722.308421,2722.667139,-0.8097219999999652,-0.45100400000001173,-0.6303629999999885
2022-03-05 12:45:00,2723.120468,2722.309121,2722.668305,-0.8113470000002962,-0.4521629999999277,-0.631755000000112
2022-03-05 13:15:00,2723.117559,2722.308584,2722.66539,-0.8089749999999185,-0.4521689999996852,-0.6305719999998018
2022-03-05 13:30:00,2723.120089,2722.307149,2722.667335,-0.8129399999997986,-0.4527539999999135,-0.632846999999856
2022-03-05 13:45:00,2723.121255,2722.308781,2722.668556,-0.8124739999998383,-0.4526989999999387,-0.6325864999998885
2022-03-05 14:00:00,2723.122998,2722.310648,2722.670834,-0.8123499999996966,-0.4521639999998115,-0.632256999999754
2022-03-05 14:15:00,2723.121838,2722.308898,2722.66792,-0.8129399999997986,-0.4539180000001579,-0.6334289999999783
2022-03-05 14:30:00,2723.121255,2722.310531,2722.669572,-0.8107239999999365,-0.4516830000002301,-0.6312035000000833
2022-03-05 14:45:00,2723.116007,2722.306566,2722.665587,-0.8094409999998788,-0.45042000000012195,-0.6299305000000004
2022-03-05 15:30:00,2723.119892,2722.310917,2722.667723,-0.8089750000003733,-0.45216900000013993,-0.6305720000002566
2022-03-05 15:45:00,2723.122414,2722.31169,2722.669229,-0.8107239999999365,-0.4531849999998485,-0.6319544999998925
2022-03-05 16:15:00,2723.120665,2722.31021,2722.668739,-0.8104549999998198,-0.45192599999973027,-0.6311904999997751
2022-03-05 16:30:00,2723.118912,2722.307722,2722.668156,-0.8111899999998968,-0.4507559999997284,-0.6309729999998126
2022-03-05 16:45:00,2723.118329,2722.306674,2722.667915,-0.8116549999999734,-0.4504139999999097,-0.6310344999999415
2022-03-05 17:00:00,2723.11658,2722.304373,2722.665149,-0.812206999999944,-0.45143099999995684,-0.6318189999999504
2022-03-05 17:15:00,2723.118329,2722.307605,2722.666166,-0.8107239999999365,-0.4521629999999277,-0.6314434999999321
2022-03-05 17:30:00,2723.117163,2722.309937,2722.666749,-0.8072259999999005,-0.4504139999999097,-0.6288199999999051
2022-03-05 17:45:00,2723.120079,2722.313319,2722.668648,-0.8067599999999402,-0.45143099999995684,-0.6290954999999485
2022-03-05 18:00:00,2723.121828,2722.312853,2722.669605,-0.8089749999999185,-0.4522229999997762,-0.6305989999998474
2022-03-05 18:15:00,2723.120468,2722.311028,2722.670055,-0.809439999999995,-0.45041300000002593,-0.6299265000000105
2022-03-05 19:00:00,2723.121638,2722.311181,2722.671957,-0.8104570000000422,-0.44968100000005506,-0.6300690000000486
2022-03-05 19:15:00,2723.121445,2722.313204,2722.671085,-0.8082410000001801,-0.45036000000027343,-0.6293005000002267
2022-03-05 19:30:00,2723.121248,2722.310327,2722.670835,-0.8109209999997802,-0.45041300000002593,-0.630666999999903
2022-03-05 19:45:00,2723.120079,2722.312273,2722.671567,-0.8078059999998004,-0.44851199999993696,-0.6281589999998687
2022-03-05 20:00:00,2723.122998,2722.311807,2722.670345,-0.8111909999997806,-0.45265299999982744,-0.631921999999804
2022-03-05 20:15:00,2723.124164,2722.311224,2722.672001,-0.8129399999997986,-0.4521629999999277,-0.6325514999998632
2022-03-05 20:30:00,2723.130575,2722.309592,2722.670101,-0.8209830000000693,-0.4604739999999765,-0.6407285000000229
2022-03-05 20:45:00,2723.129602,2722.310523,2722.669861,-0.8190789999998742,-0.45974100000012186,-0.639409999999998
2022-03-05 21:00:00,2723.129405,2722.310791,2722.670339,-0.8186140000002524,-0.45906600000034814,-0.6388400000003003
2022-03-05 21:15:00,2723.129405,2722.310326,2722.669812,-0.819079000000329,-0.4595930000000408,-0.6393360000001849
2022-03-05 23:00:00,2723.129989,2722.310175,2722.671412,-0.8198139999999512,-0.45857699999987744,-0.6391954999999143
2022-03-05 23:45:00,2723.129219,2722.311299,2722.672877,-0.8179199999999582,-0.4563419999999496,-0.6371309999999539
2022-03-06 00:15:00,2723.127473,2722.309667,2722.670641,-0.8178060000000187,-0.45683199999984936,-0.637318999999934
2022-03-06 00:30:00,2723.130585,2722.311496,2722.671514,-0.8190890000000763,-0.4590709999997671,-0.6390799999999217
2022-03-06 00:45:00,2723.1265,2722.309864,2722.670932,-0.8166360000000168,-0.4555679999998574,-0.6361019999999371
2022-03-06 01:00:00,2723.128636,2722.310997,2722.673068,-0.8176389999998719,-0.4555679999998574,-0.6366034999998647
2022-03-06 01:15:00,2723.128826,2722.311187,2722.672768,-0.8176390000003266,-0.4560580000002119,-0.6368485000002693
2022-03-06 01:30:00,2723.128629,2722.312626,2722.671991,-0.8160029999999097,-0.45663799999965704,-0.6363204999997834
2022-03-06 01:45:00,2723.131158,2722.31294,2722.673787,-0.8182180000003427,-0.45737099999996644,-0.6377945000001546
2022-03-06 02:00:00,2723.130575,2722.312935,2722.675007,-0.8176400000002104,-0.45556800000031217,-0.6366040000002613
2022-03-06 02:30:00,2723.129799,2722.312157,2722.675247,-0.817641999999978,-0.4545519999996941,-0.636096999999836
2022-03-06 02:45:00,2723.131745,2722.310873,2722.672921,-0.8208720000002359,-0.458824000000277,-0.6398480000002564
2022-03-06 03:00:00,2723.132328,2722.309707,2722.672285,-0.8226210000002538,-0.4600430000000415,-0.6413320000001477
2022-03-06 03:15:00,2723.131168,2722.310173,2722.671121,-0.820995000000039,-0.4600470000000314,-0.6405210000000352
2022-03-06 03:30:00,2723.131555,2722.311151,2722.672731,-0.8204040000000532,-0.45882399999982226,-0.6396139999999377
2022-03-06 03:45:00,2723.130578,2722.30971,2722.671844,-0.8208679999997912,-0.4587339999998221,-0.6398009999998067
2022-03-06 04:00:00,2723.130965,2722.310716,2722.672384,-0.8202489999998761,-0.45858099999986734,-0.6394149999998717
2022-03-06 04:15:00,2723.132328,2722.308114,2722.671998,-0.824214000000211,-0.4603300000003401,-0.6422720000002755
2022-03-06 04:30:00,2723.129995,2722.308265,2722.671265,-0.8217299999996612,-0.4587299999998322,-0.6402299999997467
2022-03-06 04:45:00,2723.128246,2722.306361,2722.670735,-0.8218850000002931,-0.4575110000000677,-0.6396980000001804
2022-03-06 05:00:00,2723.129219,2722.307335,2722.669472,-0.8218839999999545,-0.45974699999987934,-0.6408154999999169
2022-03-06 05:15:00,2723.12708,2722.31033,2722.670838,-0.8167500000004111,-0.4562420000002021,-0.6364960000003066
2022-03-06 05:30:00,2723.131745,2722.309747,2722.672004,-0.8219980000003488,-0.45974100000012186,-0.6408695000002353
2022-03-06 06:00:00,2723.129419,2722.312544,2722.671571,-0.8168749999999818,-0.4578480000000127,-0.6373614999999972
2022-03-06 06:15:00,2723.129222,2722.313096,2722.672391,-0.8161260000001676,-0.45683099999996557,-0.6364785000000666
2022-03-06 06:30:00,2723.127663,2722.308388,2722.672091,-0.8192750000002889,-0.45557200000030207,-0.6374235000002955
2022-03-06 06:45:00,2723.126496,2722.307688,2722.670924,-0.81880799999999,-0.4555719999998473,-0.6371899999999187
2022-03-06 07:00:00,2723.128829,2722.308271,2722.671508,-0.8205580000003465,-0.45732100000032005,-0.6389395000003333
2022-03-06 07:15:00,2723.130775,2722.308003,2722.672927,-0.8227719999999863,-0.4578480000000127,-0.6403099999999995
2022-03-06 07:30:00,2723.127086,2722.310493,2722.672737,-0.8165930000000117,-0.45434900000009293,-0.6354710000000523
2022-03-06 07:45:00,2723.129805,2722.312466,2722.672974,-0.8173390000001746,-0.45683099999996557,-0.6370850000000701
2022-03-06 08:00:00,2723.130775,2722.31297,2722.674677,-0.8178050000001349,-0.4560980000001109,-0.6369515000001229
2022-03-06 08:15:00,2723.128836,2722.31103,2722.672678,-0.8178060000000187,-0.45615799999995943,-0.6369819999999891
2022-03-06 08:30:00,2723.126503,2722.312663,2722.672438,-0.8138399999998001,-0.45406499999990046,-0.6339524999998503
2022-03-06 08:45:00,2723.129995,2722.313712,2722.673901,-0.8162829999996575,-0.45609399999966627,-0.6361884999996619
2022-03-06 09:00:00,2723.126503,2722.308698,2722.671568,-0.8178050000001349,-0.4549349999997503,-0.6363699999999426
2022-03-06 09:15:00,2723.125523,2722.313907,2722.67443,-0.8116159999999581,-0.4510930000001281,-0.6313545000000431
2022-03-06 10:00:00,2723.129992,2722.309431,2722.672918,-0.8205609999999979,-0.4570739999999205,-0.6388174999999592
2022-03-06 10:15:00,2723.126883,2722.311303,2722.67472,-0.8155799999999545,-0.4521629999999277,-0.6338714999999411
2022-03-06 10:30:00,2723.127273,2722.310057,2722.672928,-0.8172159999999167,-0.454345000000103,-0.6357805000000099
2022-03-06 11:15:00,2723.127853,,2722.672924,,-0.4549289999999928,-0.4549289999999928
2022-03-06 11:45:00,2723.130772,2722.313287,2722.673697,-0.8174850000000333,-0.4570749999998043,-0.6372799999999188
2022-03-06 12:15:00,2723.127273,2722.311538,2722.671948,-0.8157350000001315,-0.4553249999999025,-0.635530000000017
2022-03-06 12:30:00,2723.129805,2722.309402,2722.671224,-0.8204030000001694,-0.45858099999986734,-0.6394920000000184
2022-03-06 12:45:00,2723.131941,2722.313473,2722.673117,-0.8184679999999389,-0.458824000000277,-0.638646000000108
2022-03-06 13:15:00,2723.127666,2722.307417,2722.670592,-0.8202489999998761,-0.4570739999999205,-0.6386614999998983
2022-03-06 13:30:00,2723.128053,2722.307338,2722.668006,-0.8207149999998364,-0.4600470000000314,-0.6403809999999339
2022-03-06 13:45:00,2723.129799,2722.30955,2722.670485,-0.8202489999998761,-0.459313999999722,-0.639781499999799
2022-03-06 14:00:00,2723.130772,2722.311073,2722.675447,-0.8196990000001279,-0.4553249999999025,-0.6375120000000152
2022-03-06 14:15:00,2723.124744,2722.30901,2722.670678,-0.8157340000002478,-0.454066000000239,-0.6349000000002434
2022-03-06 14:45:00,2723.129412,2722.31344,2722.672185,-0.8159719999998742,-0.45722699999987526,-0.6365994999998748
2022-03-06 15:30:00,2723.127273,2722.312696,2722.674134,-0.8145770000000994,-0.453139000000192,-0.6338580000001457
2022-03-06 15:45:00,2723.12514,2722.309859,2722.671034,-0.8152810000001409,-0.454106000000138,-0.6346935000001395
2022-03-06 16:15:00,2723.128436,2722.310796,2722.672868,-0.8176399999997557,-0.4555679999998574,-0.6366039999998065
2022-03-06 16:30:00,2723.126686,2722.309045,2722.672341,-0.8176410000000942,-0.454345000000103,-0.6359930000000986
2022-03-06 16:45:00,2723.127083,2722.309911,2722.671515,-0.8171720000000278,-0.4555679999998574,-0.6363699999999426
2022-03-06 17:15:00,2723.126693,2722.308308,2722.671274,-0.8183850000000348,-0.4554190000003473,-0.636902000000191
2022-03-06 17:30:00,2723.125917,2722.311341,2722.671361,-0.8145759999997608,-0.454555999999684,-0.6345659999997224
2022-03-06 17:45:00,2723.1265,2722.312391,2722.673167,-0.8141089999999167,-0.4533329999999296,-0.6337209999999232
2022-03-06 18:15:00,2723.124937,2722.312121,2722.672774,-0.8128160000001117,-0.4521629999999277,-0.6324895000000197
2022-03-06 18:45:00,2723.124164,2722.313988,2722.674677,-0.8101759999999558,-0.44948699999986275,-0.6298314999999093
2022-03-06 19:00:00,2723.123774,2722.311381,2722.674287,-0.8123930000001565,-0.4494870000003175,-0.630940000000237
2022-03-06 19:15:00,2723.129415,2722.3122,2722.674577,-0.8172150000000329,-0.45483799999965413,-0.6360264999998435
2022-03-06 19:30:00,2723.127276,2722.312544,2722.67661,-0.8147320000002765,-0.450666000000183,-0.6326990000002297
2022-03-06 19:45:00,2723.125134,2722.312587,2722.677143,-0.812546999999995,-0.4479910000000018,-0.6302689999999984
2022-03-06 20:15:00,2723.143601,2722.312276,2722.67486,-0.8313250000001062,-0.4687410000001364,-0.6500330000001213
2022-03-06 20:45:00,2723.146316,2722.313823,2722.676227,-0.8324929999998858,-0.47008899999991627,-0.651290999999901
2022-03-06 21:00:00,2723.148262,2722.314019,2722.674621,-0.8342430000002423,-0.4736410000000433,-0.6539420000001428
2022-03-06 21:15:00,2723.153907,2722.313246,2722.675597,-0.8406609999997272,-0.47830999999996493,-0.6594854999998461
2022-03-06 21:30:00,2723.15566,2722.313363,2722.67618,-0.8422969999996894,-0.4794799999999668,-0.6608884999998281
2022-03-06 21:45:00,2723.158575,2722.312511,2722.675746,-0.846063999999842,-0.4828290000000379,-0.66444649999994
2022-03-06 22:00:00,2723.158762,2722.314457,2722.67579,-0.8443050000000767,-0.4829720000002453,-0.663638500000161
2022-03-06 22:15:00,,2722.313289,2722.67511,,,
2022-03-06 22:30:00,,2722.314951,2722.676467,,,
2022-03-06 22:45:00,,2722.317479,2722.678263,,,
2022-03-06 23:00:00,,2722.317014,2722.678943,,,
2022-03-06 23:15:00,,2722.32032,2722.680789,,,
2022-03-06 23:30:00,,2722.320395,2722.679425,,,
2022-03-06 23:45:00,,2722.319347,2722.680875,,,
2022-03-07 00:00:00,,2722.320978,2722.679523,,,
2022-03-07 00:15:00,,2722.32168,2722.680929,,,
2022-03-07 00:30:00,,2722.319618,2722.681859,,,
2022-03-07 00:45:00,,2722.322146,2722.681706,,,
2022-03-07 01:00:00,,2722.323433,2722.681512,,,
2022-03-07 01:15:00,,2722.323509,2722.683275,,,
2022-03-07 01:45:00,,2722.324793,2722.681329,,,
2022-03-07 02:00:00,,2722.32728,2722.684094,,,
2022-03-07 02:15:00,,2722.323899,2722.682442,,,
2022-03-07 02:30:00,,2722.326696,2722.682292,,,
2022-03-07 02:45:00,,2722.327863,2722.683512,,,
2022-03-07 03:00:00,,2722.324134,2722.682152,,,
2022-03-07 03:30:00,,2722.327398,2722.682245,,,
2022-03-07 04:00:00,,2722.327712,2722.683025,,,
2022-03-07 04:15:00,,2722.329265,2722.684578,,,
2022-03-07 04:30:00,,2722.330622,2722.684244,,,
2022-03-07 04:45:00,,2722.331205,2722.684827,,,
2022-03-07 05:00:00,,2722.331788,2722.686291,,,
2022-03-07 05:15:00,,2722.330507,2722.687764,,,
2022-03-07 05:30:00,,2722.331798,2722.689283,,,
2022-03-07 05:45:00,,2722.331915,2722.690599,,,
2022-03-07 06:00:00,,2722.33518,2722.694155,,,
2022-03-07 06:15:00,,2722.334014,2722.692463,,,
2022-03-07 06:30:00,,2722.333548,2722.693398,,,
2022-03-07 06:45:00,,2722.336346,2722.695731,,,
2022-03-07 07:00:00,,2722.33693,2722.696805,,,
2022-03-07 07:15:00,,2722.333082,2722.696088,,,
2022-03-07 07:30:00,,2722.336649,2722.697745,,,
2022-03-07 07:45:00,,2722.334131,2722.698381,,,
2022-03-07 08:00:00,,2722.334744,2722.699214,,,
2022-03-07 08:15:00,,2722.332955,2722.697268,,,
2022-03-07 08:30:00,,2722.333614,2722.696202,,,
2022-03-07 08:45:00,,2722.333266,2722.696305,,,
2022-03-07 09:00:00,,2722.331831,2722.696554,,,
2022-03-07 09:15:00,,2722.330085,2722.693738,,,
2022-03-07 09:30:00,,2722.330669,2722.692865,,,
2022-03-07 09:45:00,,2722.328453,2722.691849,,,
2022-03-07 10:00:00,,2722.326431,2722.690783,,,
2022-03-07 10:15:00,2723.153127,2722.326041,2722.689713,-0.8270860000002358,-0.4634139999998297,-0.6452500000000327
2022-03-07 10:30:00,2723.142431,2722.326897,2722.690836,-0.815534000000298,-0.4515949999999975,-0.6335645000001477
2022-03-07 10:45:00,2723.125713,2722.327673,2722.689373,-0.7980400000001282,-0.4363399999997455,-0.6171899999999368
2022-03-07 11:00:00,2723.121638,2722.331176,2722.693159,-0.790461999999934,-0.42847900000015215,-0.6094705000000431
2022-03-07 11:30:00,2723.105314,2722.329695,2722.691653,-0.775619000000006,-0.41366100000004735,-0.5946400000000267
2022-03-07 11:45:00,2723.104927,2722.329309,2722.693016,-0.7756179999996675,-0.41191099999969083,-0.5937644999996792
2022-03-07 12:00:00,2723.104924,2722.330009,2722.691699,-0.7749150000004192,-0.41322500000023865,-0.594070000000329
2022-03-07 12:15:00,2723.103174,2722.327794,2722.691213,-0.775380000000041,-0.41196099999979197,-0.5936704999999165
2022-03-07 12:45:00,2723.102008,2722.327362,2722.69078,-0.7746459999998478,-0.4112279999999373,-0.5929369999998926
2022-03-07 13:00:00,2723.102391,2722.326699,2722.690192,-0.7756919999997081,-0.4121989999998732,-0.5939454999997906
2022-03-07 13:15:00,2723.102581,2722.326889,2722.692132,-0.7756920000001628,-0.4104489999999714,-0.5930705000000671
2022-03-07 13:30:00,2723.103554,2722.330078,2722.693348,-0.773475999999846,-0.4102060000000165,-0.5918409999999312
2022-03-07 13:45:00,2723.103168,2722.328223,2722.692282,-0.7749450000001161,-0.41088600000011866,-0.5929155000001174
2022-03-07 14:00:00,2723.103758,2722.327757,2722.691792,-0.7760010000001785,-0.4119660000001204,-0.5939835000001494
2022-03-07 14:15:00,2723.103564,2722.328606,2722.691113,-0.7749579999999696,-0.41245100000014645,-0.593704500000058
2022-03-07 14:30:00,2723.102595,2722.329386,2722.691159,-0.7732089999999516,-0.4114359999998669,-0.5923224999999093
2022-03-07 14:45:00,2723.104927,2722.330435,2722.691797,-0.7744920000000093,-0.41312999999991007,-0.5938109999999597
2022-03-07 15:15:00,2723.103178,2722.327755,2722.68984,-0.7754230000000462,-0.41333799999983967,-0.5943804999999429
2022-03-07 15:30:00,2723.103561,2722.328758,2722.690169,-0.7748029999997925,-0.4133919999999307,-0.5940974999998616
2022-03-07 15:45:00,2723.103751,2722.331008,2722.688857,-0.7727429999999913,-0.41489400000000387,-0.5938184999999976
2022-03-07 16:00:00,2723.104724,2722.331516,2722.691579,-0.7732079999996131,-0.4131449999999859,-0.5931764999997995
2022-03-07 16:15:00,2723.105114,2722.329691,2722.690563,-0.7754230000000462,-0.4145509999998467,-0.5949869999999464
2022-03-07 16:30:00,2723.103164,2722.329376,2722.688276,-0.7737879999999677,-0.4148880000002464,-0.5943380000001071
2022-03-07 16:45:00,2723.102974,2722.329766,2722.68895,-0.7732080000000678,-0.4140239999996993,-0.5936159999998836
2022-03-07 17:00:00,2723.10492,2722.328495,2722.688656,-0.7764250000000175,-0.4162640000004103,-0.5963445000002139
2022-03-07 17:15:00,2723.1055,2722.330244,2722.690122,-0.7752559999998994,-0.41537800000014613,-0.5953170000000227
2022-03-07 17:30:00,2723.105307,2722.332732,2722.689479,-0.7725749999999607,-0.4158279999996921,-0.5942014999998264
2022-03-07 17:45:00,2723.109006,2722.330831,2722.689827,-0.7781749999999192,-0.41917899999998554,-0.5986769999999524
2022-03-07 18:00:00,2723.113088,2722.331879,2722.68934,-0.7812090000002172,-0.42374800000015966,-0.6024785000001884
2022-03-07 18:15:00,2723.118922,2722.329815,2722.689094,-0.7891070000000582,-0.42982800000027055,-0.6094675000001644
2022-03-07 18:30:00,2723.128246,2722.330982,2722.689769,-0.7972640000002684,-0.4384770000001481,-0.6178705000002083
2022-03-07 18:45:00,2723.145157,2722.329932,2722.689186,-0.8152249999998276,-0.4559709999998631,-0.6355979999998453
2022-03-07 19:00:00,2723.155077,2722.330713,2722.68851,-0.8243640000000596,-0.4665669999999409,-0.6454655000000002
2022-03-07 19:15:00,,2722.329736,2722.688936,,,
2022-03-07 19:30:00,,2722.330705,2722.689227,,,
2022-03-07 20:00:00,,2722.329076,2722.688743,,,
2022-03-07 20:15:00,,2722.329812,2722.686797,,,
2022-03-07 20:30:00,,2722.331217,2722.68792,,,
2022-03-07 20:45:00,,2722.332655,2722.686936,,,
2022-03-07 21:00:00,,2722.329661,2722.685914,,,
2022-03-07 21:15:00,,2722.33183,2722.68708,,,
2022-03-07 21:45:00,,2722.331712,2722.686007,,,
2022-03-07 22:00:00,,2722.332878,2722.686097,,,
2022-03-07 22:15:00,,2722.332295,2722.687264,,,
2022-03-07 23:15:00,,2722.331799,2722.68508,,,
2022-03-07 23:30:00,,2722.33258,2722.685374,,,
2022-03-07 23:45:00,,2722.333747,2722.68605,,,
2022-03-08 00:00:00,,2722.331997,2722.685317,,,
2022-03-08 00:15:00,,2722.331951,2722.683858,,,
2022-03-08 00:30:00,,2722.334474,2722.68638,,,
2022-03-08 00:45:00,,2722.331987,2722.683805,,,
2022-03-08 01:00:00,,2722.332842,2722.683461,,,
2022-03-08 01:15:00,,2722.330975,2722.681905,,,
2022-03-08 01:30:00,,2722.33319,2722.683655,,,
2022-03-08 01:45:00,,2722.331675,2722.684821,,,
2022-03-08 02:00:00,,2722.332531,2722.683988,,,
2022-03-08 02:15:00,,2722.332425,2722.683601,,,
2022-03-08 02:30:00,,2722.333474,2722.684184,,,
2022-03-08 02:45:00,,2722.330676,2722.683115,,,
2022-03-08 03:15:00,,2722.332963,2722.683935,,,
2022-03-08 03:30:00,,2722.332413,2722.684127,,,
2022-03-08 03:45:00,,2722.334628,2722.683111,,,
2022-03-08 04:00:00,,2722.333461,2722.683204,,,
2022-03-08 04:45:00,,2722.334045,2722.682321,,,
2022-03-08 05:30:00,,2722.333537,2722.68431,,,
2022-03-08 05:45:00,,2722.336964,2722.68524,,,
2022-03-08 06:00:00,,2722.334317,2722.684604,,,
2022-03-08 06:15:00,,2722.3349,2722.685921,,,
2022-03-08 06:30:00,,2722.335949,2722.685037,,,
2022-03-08 06:45:00,,2722.335366,2722.684171,,,
2022-03-08 07:00:00,,2722.33638,2722.685187,,,
2022-03-08 07:15:00,,2722.338713,2722.68752,,,
2022-03-08 07:30:00,,2722.340853,2722.687176,,,
2022-03-08 07:45:00,,2722.343074,2722.690925,,,
2022-03-08 08:00:00,,2722.342992,2722.68999,,,
2022-03-08 08:15:00,,2722.338132,2722.687654,,,
2022-03-08 08:30:00,,2722.335794,2722.684541,,,
2022-03-08 08:45:00,,2722.33696,2722.684444,,,
2022-03-08 09:00:00,,2722.333579,2722.682792,,,
2022-03-08 09:30:00,,2722.330277,2722.680016,,,
2022-03-08 09:45:00,,2722.32569,2722.673557,,,
2022-03-08 10:15:00,,2722.322306,2722.671371,,,
2022-03-08 10:30:00,,2722.323279,2722.673018,,,
2022-03-08 10:45:00,,2722.32452,2722.671861,,,
2022-03-08 11:00:00,,2722.324717,2722.673258,,,
2022-03-08 11:15:00,,2722.327948,2722.673991,,,
2022-03-08 11:30:00,,2722.327365,2722.673897,,,
2022-03-08 11:45:00,,2722.325809,2722.671668,,,
2022-03-08 12:00:00,,2722.323937,2722.672478,,,
2022-03-08 12:15:00,,2722.323744,2722.671268,,,
2022-03-08 12:30:00,,2722.32231,2722.669575,,,
2022-03-08 12:45:00,,2722.317839,2722.666846,,,
2022-03-08 13:00:00,,2722.319275,2722.666616,,,
2022-03-08 13:15:00,,2722.322771,2722.670638,,,
2022-03-08 13:45:00,,2722.320048,2722.668845,,,
2022-03-08 14:00:00,,2722.319033,2722.665392,,,
2022-03-08 14:15:00,,2722.318374,2722.667965,,,
2022-03-08 14:30:00,,2722.321768,2722.669621,,,
2022-03-08 14:45:00,,2722.32282,2722.670498,,,
2022-03-08 15:00:00,,2722.321759,2722.668455,,,
2022-03-08 15:15:00,,2722.317955,2722.665633,,,
2022-03-08 15:30:00,,2722.320291,2722.669135,,,
2022-03-08 16:15:00,,2722.32243,2722.670108,,,
2022-03-08 16:30:00,2723.142241,2722.320484,2722.668842,-0.8217570000001615,-0.47339899999997215,-0.6475780000000668
2022-03-08 16:45:00,2723.120858,2722.320405,2722.668938,-0.8004530000002887,-0.45192000000042754,-0.6261865000003581
2022-03-08 17:00:00,2723.112891,2722.320015,2722.667383,-0.7928760000004331,-0.4455080000002454,-0.6191920000003392
2022-03-08 17:15:00,2723.11503,2722.321563,2722.667772,-0.7934669999999642,-0.44725800000014715,-0.6203625000000557
2022-03-08 17:45:00,,2722.323433,2722.670498,,,
2022-03-08 18:15:00,,2722.326425,2722.673067,,,
2022-03-08 18:30:00,,2722.330041,2722.675936,,,
2022-03-08 18:45:00,,2722.327636,2722.676236,,,
2022-03-08 19:00:00,,2722.327171,2722.677986,,,
2022-03-08 19:15:00,,2722.329852,2722.678659,,,
2022-03-08 19:45:00,,2722.330552,2722.678076,,,
2022-03-08 20:15:00,,2722.331601,2722.680166,,,
2022-03-08 21:00:00,,2722.332034,2722.680262,,,
2022-03-08 21:15:00,,2722.328652,2722.678417,,,
2022-03-08 21:45:00,,2722.331335,2722.679872,,,
2022-03-08 22:00:00,,2722.329698,2722.679429,,,
2022-03-08 22:15:00,,2722.330555,2722.679579,,,
2022-03-08 22:30:00,,2722.330391,2722.680652,,,
2022-03-08 22:45:00,,2722.330438,2722.678995,,,
2022-03-08 23:15:00,,2722.328146,2722.678706,,,
2022-03-08 23:30:00,,2722.328336,2722.677833,,,
2022-03-08 23:45:00,,2722.329235,2722.679485,,,
2022-03-09 00:30:00,,2722.328606,2722.679629,,,
2022-03-09 00:45:00,,2722.327898,2722.677489,,,
2022-03-09 01:00:00,,2722.327596,2722.678655,,,
2022-03-09 01:30:00,,2722.328452,2722.679045,,,
2022-03-09 02:15:00,,2722.329543,2722.679339,,,
2022-03-09 02:30:00,,2722.330126,2722.680462,,,
2022-03-09 02:45:00,,2722.328528,2722.680409,,,
2022-03-09 03:00:00,,2722.328918,2722.680066,,,
2022-03-09 03:15:00,,2722.330281,2722.679189,,,
2022-03-09 03:45:00,,2722.328602,2722.680062,,,
2022-03-09 04:00:00,,2722.326306,2722.678896,,,
2022-03-09 04:15:00,,2722.327052,2722.679629,,,
2022-03-09 04:30:00,,2722.328219,2722.680062,,,
2022-03-09 05:00:00,,2722.329075,2722.679966,,,
2022-03-09 05:45:00,,2722.328105,2722.680072,,,
2022-03-09 06:00:00,,2722.327329,2722.679579,,,
2022-03-09 06:15:00,,2722.328885,2722.680119,,,
2022-03-09 06:30:00,,2722.327522,2722.678266,,,
2022-03-09 06:45:00,,2722.326939,2722.678173,,,
2022-03-09 07:00:00,,2722.328495,2722.679446,,,
2022-03-09 07:15:00,,2722.328102,2722.680019,,,
2022-03-09 08:15:00,,2722.324484,2722.676917,,,
2022-03-09 08:30:00,,2722.324094,2722.678276,,,
2022-03-09 08:45:00,,2722.326663,2722.677306,,,
2022-03-09 09:15:00,,2722.324793,2722.676183,,,
2022-03-09 09:30:00,,2722.322151,2722.6756,,,
2022-03-09 09:45:00,,2722.318696,2722.670355,,,
2022-03-09 10:00:00,,2722.313595,2722.665253,,,
2022-03-09 10:15:00,,2722.313129,2722.667003,,,
2022-03-09 10:30:00,,2722.317681,2722.667436,,,
2022-03-09 10:45:00,,2722.313909,2722.666896,,,
2022-03-09 11:00:00,,2722.315423,2722.667393,,,
2022-03-09 11:30:00,,2722.317749,2722.668495,,,
2022-03-09 11:45:00,,2722.315613,2722.667429,,,
2022-03-09 12:15:00,,2722.314259,2722.666463,,,
2022-03-09 12:30:00,,2722.31329,2722.663596,,,
2022-03-09 12:45:00,,2722.31232,2722.664376,,,
2022-03-09 13:00:00,,2722.313051,2722.665106,,,
2022-03-09 13:15:00,,2722.312782,2722.664812,,,
2022-03-09 13:30:00,,2722.316553,2722.667385,,,
2022-03-09 13:45:00,,2722.317526,2722.669091,,,
2022-03-09 14:00:00,,2722.318185,2722.667535,,,
2022-03-09 14:15:00,,2722.313752,2722.666519,,,
2022-03-09 14:30:00,,2722.31674,2722.667819,,,
2022-03-09 14:45:00,,2722.315544,2722.666946,,,
2022-03-09 15:00:00,,2722.315857,2722.666993,,,
2022-03-09 15:15:00,,2722.316323,2722.66496,,,
2022-03-09 15:45:00,,2722.318539,2722.667726,,,
2022-03-09 16:00:00,,2722.319122,2722.668309,,,
2022-03-09 16:15:00,,2722.317956,2722.667669,,,
2022-03-09 17:00:00,,2722.314767,2722.664663,,,
2022-03-09 17:15:00,,2722.31496,2722.665873,,,
2022-03-09 17:30:00,,2722.314692,2722.666069,,,
2022-03-09 18:15:00,,2722.319823,2722.670492,,,
2022-03-09 18:30:00,,2722.320708,2722.671321,,,
2022-03-09 18:45:00,,2722.319076,2722.670645,,,
2022-03-09 19:15:00,,2722.318073,2722.670155,,,
2022-03-09 19:30:00,,2722.318493,2722.670588,,,
2022-03-09 19:45:00,,2722.317326,2722.669912,,,
2022-03-09 20:15:00,,2722.321367,2722.670255,,,
2022-03-09 20:30:00,,2722.320168,2722.670688,,,
2022-03-09 20:45:00,,2722.318031,2722.670301,,,
2022-03-09 21:00:00,,2722.319542,2722.670641,,,
2022-03-09 21:30:00,,2722.320125,2722.671714,,,
2022-03-09 22:00:00,,2722.320905,2722.671761,,,
2022-03-09 22:15:00,,2722.319666,2722.669765,,,
2022-03-09 22:30:00,,2722.31811,2722.668165,,,
2022-03-09 23:00:00,,2722.320984,2722.671374,,,
2022-03-09 23:15:00,,2722.320321,2722.672194,,,
2022-03-10 00:00:00,,2722.319981,2722.670348,,,
2022-03-10 01:15:00,,2722.319548,2722.669181,,,
2022-03-10 01:30:00,,2722.318382,2722.669238,,,
2022-03-10 02:45:00,,2722.323048,2722.670734,,,
2022-03-10 03:00:00,,2722.321291,2722.671657,,,
2022-03-10 03:15:00,,2722.321874,2722.673257,,,
2022-03-10 03:30:00,,2722.320825,2722.673407,,,
2022-03-10 03:45:00,,2722.322185,2722.671507,,,
2022-03-10 04:00:00,,2722.319659,2722.670731,,,
2022-03-10 06:15:00,,2722.320591,2722.671754,,,
2022-03-10 07:00:00,,2722.318375,2722.671228,,,
2022-03-10 07:45:00,,2722.318569,2722.672438,,,
2022-03-10 08:45:00,,2722.319388,2722.67239,,,
2022-03-10 09:15:00,,2722.318255,2722.670058,,,
2022-03-10 09:30:00,,2722.320902,2722.670491,,,
2022-03-10 10:00:00,,2722.319466,2722.670254,,,
2022-03-10 10:30:00,,2722.319625,2722.668465,,,
2022-03-10 10:45:00,,2722.317913,2722.669718,,,
2022-03-10 11:15:00,,2722.315929,2722.668015,,,
2022-03-10 12:15:00,,2722.317678,2722.668748,,,
2022-03-10 12:45:00,,2722.31678,2722.667236,,,
2022-03-10 13:00:00,,2722.318137,2722.668592,,,
2022-03-10 13:15:00,,2722.317672,2722.668835,,,
2022-03-10 13:30:00,,2722.31911,2722.670298,,,
2022-03-10 14:30:00,,2722.317564,2722.668252,,,
2022-03-10 15:30:00,2723.13583,2722.315966,2722.666652,-0.8198640000000523,-0.46917800000028365,-0.644521000000168
2022-03-10 16:00:00,2723.120855,2722.31834,2722.667769,-0.8025150000003123,-0.4530859999999848,-0.6278005000001485
2022-03-10 16:15:00,2723.11464,2722.318533,2722.669375,-0.7961069999996653,-0.4452649999998357,-0.6206859999997505
2022-03-10 16:30:00,2723.110948,2722.31659,2722.667036,-0.794358000000102,-0.44391200000018216,-0.6191350000001421
2022-03-10 16:45:00,2723.110169,2722.313596,2722.665973,-0.7965730000000804,-0.4441959999999199,-0.6203845000000001
2022-03-10 17:15:00,2723.110752,2722.317863,2722.668742,-0.7928889999998319,-0.4420100000002094,-0.6174495000000206
2022-03-10 17:45:00,2723.111918,2722.31872,2722.669909,-0.7931979999998475,-0.44200899999987087,-0.6176034999998592
2022-03-10 18:00:00,2723.109782,2722.319815,2722.669469,-0.7899670000001606,-0.44031300000006013,-0.6151400000001104
2022-03-10 18:15:00,2723.109979,2722.319546,2722.670151,-0.7904329999996662,-0.4398280000000341,-0.6151304999998501
2022-03-10 18:30:00,2723.109782,2722.319349,2722.671178,-0.790433000000121,-0.43860399999994115,-0.614518500000031
2022-03-10 18:45:00,2723.108426,2722.319742,2722.671511,-0.7886839999996482,-0.4369149999997717,-0.61279949999971
2022-03-10 19:15:00,2723.110169,2722.321495,2722.672095,-0.7886739999999008,-0.4380740000001424,-0.6133740000000216
2022-03-10 20:00:00,2723.124754,2722.322779,2722.674334,-0.8019749999998567,-0.45042000000012195,-0.6261974999999893
2022-03-10 20:15:00,2723.141665,2722.322195,2722.674917,-0.8194699999999102,-0.4667480000002797,-0.643109000000095
2022-03-10 20:30:00,,2722.323245,2722.6755,,,
2022-03-10 20:45:00,,2722.32374,2722.67526,,,
2022-03-10 21:00:00,,2722.325297,2722.678322,,,
2022-03-10 21:15:00,,2722.326656,2722.678666,,,
2022-03-10 21:30:00,,2722.324827,2722.677586,,,
2022-03-10 21:45:00,,2722.325921,2722.677343,,,
2022-03-10 22:15:00,,2722.326617,2722.678809,,,
2022-03-10 22:45:00,,2722.327507,2722.679433,,,
2022-03-10 23:00:00,,2722.327592,2722.680995,,,
2022-03-10 23:15:00,,2722.326426,2722.680562,,,
2022-03-10 23:45:00,,2722.326308,2722.679299,,,
2022-03-11 00:00:00,,2722.324752,2722.678423,,,
2022-03-11 00:30:00,,2722.323972,2722.67691,,,
2022-03-11 00:45:00,,2722.324555,2722.677493,,,
2022-03-11 01:00:00,,2722.325721,2722.679392,,,
2022-03-11 01:30:00,,2722.323238,2722.67638,,,
2022-03-11 01:45:00,,2722.324287,2722.676476,,,
2022-03-11 02:30:00,,2722.321639,2722.67706,,,
2022-03-11 02:45:00,,2722.324671,2722.67681,,,
2022-03-11 03:00:00,,2722.325143,2722.678812,,,
2022-03-11 03:15:00,,2722.324677,2722.679829,,,
2022-03-11 03:30:00,,2722.326501,2722.679439,,,
2022-03-11 04:30:00,,2722.32662,2722.679975,,,
2022-03-11 04:45:00,,2722.322382,2722.679435,,,
2022-03-11 05:15:00,,2722.324325,2722.679385,,,
2022-03-11 05:30:00,,2722.328994,2722.682841,,,
2022-03-11 05:45:00,,2722.328021,2722.681868,,,
2022-03-11 06:00:00,,2722.328683,2722.682782,,,
2022-03-11 06:15:00,,2722.328369,2722.680985,,,
2022-03-11 06:30:00,,2722.328789,2722.681625,,,
2022-03-11 06:45:00,,2722.330618,2722.683272,,,
2022-03-11 07:15:00,,2722.328644,2722.682984,,,
2022-03-11 07:30:00,,2722.326506,2722.679775,,,
2022-03-11 07:45:00,,2722.325176,2722.678949,,,
2022-03-11 08:15:00,,2722.324013,2722.679436,,,
2022-03-11 08:30:00,,2722.322265,2722.677533,,,
2022-03-11 08:45:00,,2722.320436,2722.675833,,,
2022-03-11 09:15:00,,2722.321416,2722.674624,,,
2022-03-11 09:30:00,,2722.319588,2722.672924,,,
2022-03-11 09:45:00,,2722.316663,2722.670791,,,
2022-03-11 10:00:00,,2722.311611,2722.667532,,,
2022-03-11 10:15:00,,2722.310907,2722.665287,,,
2022-03-11 10:30:00,,2722.311142,2722.666013,,,
2022-03-11 11:00:00,,2722.310559,2722.665579,,,
2022-03-11 11:15:00,,2722.313131,2722.668152,,,
2022-03-11 11:45:00,,2722.317369,2722.667959,,,
2022-03-11 12:00:00,,2722.31511,2722.667762,,,
2022-03-11 12:15:00,,2722.313675,2722.667525,,,
2022-03-11 12:30:00,,2722.312621,2722.666509,,,
2022-03-11 12:45:00,2723.134854,2722.31328,2722.665633,-0.8215740000000551,-0.469220999999834,-0.6453974999999446
2022-03-11 13:00:00,,2722.310209,2722.665976,,,
2022-03-11 13:15:00,,2722.311958,2722.666313,,,
2022-03-11 13:30:00,,2722.313977,2722.667376,,,
2022-03-11 13:45:00,,2722.31398,2722.665629,,,
2022-03-11 14:00:00,,2722.311451,2722.66378,,,
2022-03-11 14:15:00,,2722.309819,2722.664326,,,
2022-03-11 14:30:00,2723.126303,2722.313591,2722.666899,-0.8127119999999195,-0.4594040000001769,-0.6360580000000482
2022-03-11 14:45:00,2723.13641,2722.313904,2722.669428,-0.8225059999999758,-0.4669819999999163,-0.644743999999946
2022-03-11 15:15:00,2723.113081,2722.311568,2722.667092,-0.8015129999998862,-0.4459889999998268,-0.6237509999998565
2022-03-11 15:30:00,2723.105504,2722.31305,2722.667766,-0.792453999999907,-0.43773800000008123,-0.6150959999999941
2022-03-11 15:45:00,2723.103754,2722.314956,2722.668783,-0.7887980000000425,-0.43497100000013234,-0.6118845000000874
2022-03-11 16:00:00,2723.114247,2722.316588,2722.673148,-0.7976589999998396,-0.44109900000012203,-0.6193789999999808
2022-03-11 16:15:00,,2722.315464,2722.671008,,,
2022-03-11 16:30:00,,2722.311533,2722.668092,,,
2022-03-11 16:45:00,,2722.311192,2722.668242,,,
2022-03-11 17:00:00,,2722.312661,2722.668396,,,
2022-03-11 17:15:00,,2722.312854,2722.668098,,,
2022-03-11 17:30:00,,2722.312581,2722.668782,,,
2022-03-11 17:45:00,,2722.315575,2722.670578,,,
2022-03-11 18:00:00,,2722.316474,2722.672418,,,
2022-03-11 18:15:00,,2722.316863,2722.673337,,,
2022-03-11 18:30:00,,2722.316982,2722.675144,,,
2022-03-11 18:45:00,,2722.318613,2722.676311,,,
2022-03-11 19:00:00,,2722.31873,2722.677573,,,
2022-03-11 19:15:00,,2722.32087,2722.677766,,,
2022-03-11 19:30:00,,2722.321258,2722.67791,,,
2022-03-11 19:45:00,,2722.321248,2722.677477,,,
2022-03-11 20:00:00,,2722.320362,2722.677043,,,
2022-03-11 20:15:00,,2722.324047,2722.677327,,,
2022-03-11 20:30:00,,2722.319032,2722.676406,,,
2022-03-11 20:45:00,,2722.320858,2722.676502,,,
2022-03-11 21:00:00,,2722.318446,2722.675086,,,
2022-03-11 21:15:00,,2722.321676,2722.676306,,,
2022-03-11 21:30:00,,2722.319029,2722.675423,,,
2022-03-11 21:45:00,,2722.320589,2722.675427,,,
2022-03-11 22:00:00,,2722.320523,2722.6784,,,
2022-03-11 22:15:00,,2722.323817,2722.678159,,,
2022-03-11 22:30:00,,2722.323738,2722.677812,,,
2022-03-11 22:45:00,,2722.324321,2722.680145,,,
2022-03-11 23:00:00,,2722.325487,2722.680242,,,
2022-03-11 23:15:00,,2722.324904,2722.681462,,,
2022-03-12 00:15:00,,2722.325684,2722.678492,,,
2022-03-12 00:30:00,,2722.326385,2722.680728,,,
2022-03-12 00:45:00,,2722.326968,2722.680974,,,
2022-03-12 01:15:00,,2722.328524,2722.681798,,,
2022-03-12 01:30:00,,2722.327898,2722.681508,,,
2022-03-12 02:15:00,,2722.326074,2722.682631,,,
2022-03-12 02:30:00,,2722.32977,2722.681898,,,
2022-03-12 03:00:00,,2722.329573,2722.681701,,,
2022-03-12 03:15:00,,2722.329921,2722.683064,,,
2022-03-12 04:00:00,,2722.327588,2722.680246,,,
2022-03-12 04:15:00,,2722.327706,2722.682048,,,
2022-03-12 04:30:00,,2722.325372,2722.680786,,,
2022-03-12 04:45:00,,2722.329338,2722.682481,,,
2022-03-12 05:00:00,,2722.328171,2722.681899,,,
2022-03-12 05:15:00,,2722.326507,2722.681366,,,
2022-03-12 05:30:00,,2722.326892,2722.681073,,,
2022-03-12 05:45:00,,2722.32615,2722.680775,,,
2022-03-12 06:00:00,,2722.32607,2722.682385,,,
2022-03-12 07:15:00,,2722.324947,2722.681262,,,
2022-03-12 08:00:00,,2722.325802,2722.680918,,,
2022-03-12 08:15:00,,2722.325101,2722.678246,,,
2022-03-12 08:45:00,,2722.323358,2722.67626,,,
2022-03-12 09:00:00,,2722.322309,2722.675676,,,
2022-03-12 09:30:00,,2722.317837,2722.673197,,,
2022-03-12 09:45:00,,2722.317133,2722.670278,,,
2022-03-12 10:00:00,,2722.312389,2722.665999,,,
2022-03-12 10:15:00,,2722.315187,2722.666583,,,
2022-03-12 10:30:00,,2722.312119,2722.667702,,,
2022-03-12 10:45:00,2723.136993,2722.311229,2722.664106,-0.8257640000001629,-0.4728869999999006,-0.6493255000000318
2022-03-12 11:00:00,2723.149828,2722.312978,2722.666003,-0.8368500000001404,-0.48382500000025175,-0.6603375000001961
2022-03-12 11:15:00,2723.149049,2722.313948,2722.66624,-0.8351010000001224,-0.4828090000000884,-0.6589550000001054
2022-03-12 11:45:00,2723.130188,2722.313287,2722.668526,-0.8169010000001435,-0.46166200000016033,-0.6392815000001519
2022-03-12 12:00:00,2723.112308,2722.311615,2722.665716,-0.8006930000001375,-0.446592000000237,-0.6236425000001873
2022-03-12 12:15:00,2723.106277,2722.313752,2722.666103,-0.7925249999998414,-0.44017399999984264,-0.616349499999842
2022-03-12 12:30:00,2723.102391,2722.311151,2722.667466,-0.7912400000000162,-0.4349250000000211,-0.6130825000000186
2022-03-12 12:45:00,2723.101228,2722.312347,2722.665956,-0.7888809999999467,-0.4352720000001682,-0.6120765000000574
2022-03-12 13:15:00,2723.103758,2722.310756,2722.667262,-0.7930020000003424,-0.4364960000002611,-0.6147490000003017
2022-03-12 13:30:00,2723.104341,2722.312539,2722.666432,-0.7918020000001889,-0.43790900000021793,-0.6148555000002034
2022-03-12 13:45:00,2723.103174,2722.314873,2722.668765,-0.7883010000000468,-0.43440899999995963,-0.6113550000000032
2022-03-12 14:00:00,2723.100062,2722.312929,2722.667803,-0.7871329999998125,-0.43225900000015827,-0.6096959999999854
2022-03-12 14:15:00,,2722.312745,2722.66814,,,
2022-03-12 14:45:00,,2722.314561,2722.669499,,,
2022-03-12 15:00:00,,2722.313201,2722.668382,,,
2022-03-12 15:15:00,2723.102008,2722.31235,2722.666978,-0.7896579999996902,-0.4350299999996423,-0.6123439999996663
2022-03-12 15:30:00,2723.101425,2722.312501,2722.667412,-0.7889239999999518,-0.43401300000004994,-0.6114685000000009
2022-03-12 15:45:00,2723.102008,2722.31355,2722.667995,-0.7884579999999914,-0.43401300000004994,-0.6112355000000207
2022-03-12 16:00:00,2723.104341,2722.313667,2722.668092,-0.7906740000003083,-0.4362490000003163,-0.6134615000003123
2022-03-12 16:45:00,2723.106093,2722.31367,2722.669166,-0.7924229999998715,-0.4369269999997414,-0.6146749999998065
2022-03-12 17:00:00,2723.102595,2722.311921,2722.66815,-0.7906739999998535,-0.43444499999986874,-0.6125594999998611
2022-03-12 17:15:00,2723.106093,2722.311455,2722.667942,-0.7946379999998499,-0.4381509999998343,-0.6163944999998421
2022-03-12 17:45:00,2723.107843,2722.313981,2722.668675,-0.7938619999999901,-0.43916799999988143,-0.6165149999999358
2022-03-12 18:00:00,2723.10648,2722.314834,2722.667312,-0.791646000000128,-0.43916799999988143,-0.6154070000000047
2022-03-12 18:15:00,2723.106087,2722.314255,2722.669402,-0.7918320000003405,-0.436685000000125,-0.6142585000002327
2022-03-12 18:30:00,2723.107253,2722.315111,2722.671059,-0.7921420000002399,-0.4361940000003415,-0.6141680000002907
2022-03-12 18:45:00,2723.107836,2722.317474,2722.671151,-0.7903620000001865,-0.436685000000125,-0.6135235000001558
2022-03-12 19:00:00,2723.109002,2722.31864,2722.672318,-0.7903620000001865,-0.4366840000002412,-0.6135230000002139
2022-03-12 19:30:00,2723.10667,2722.317746,2722.671001,-0.7889239999999518,-0.43566899999996167,-0.6122964999999567
2022-03-12 20:15:00,2723.107836,2722.319378,2722.672167,-0.7884579999999914,-0.43566899999996167,-0.6120634999999766
2022-03-12 20:30:00,,2722.320543,2722.673334,,,
2022-03-12 20:45:00,,2722.319495,2722.673241,,,
2022-03-12 21:30:00,,2722.319928,2722.673824,,,
2022-03-12 22:00:00,,2722.318185,2722.672081,,,
2022-03-12 22:15:00,,2722.31962,2722.672564,,,
2022-03-12 22:30:00,,2722.320511,2722.67392,,,
2022-03-12 22:45:00,,2722.319809,2722.674256,,,
2022-03-12 23:30:00,,2722.320468,2722.67523,,,
2022-03-12 23:45:00,,2722.324512,2722.676593,,,
2022-03-13 00:00:00,,2722.320665,2722.677176,,,
2022-03-13 00:15:00,,2722.320082,2722.676103,,,
2022-03-13 00:30:00,,2722.321063,2722.676493,,,
2022-03-13 00:45:00,,2722.320795,2722.677423,,,
2022-03-13 01:15:00,,2722.319629,2722.675577,,,
2022-03-13 01:45:00,,2722.32126,2722.676743,,,
2022-03-13 02:30:00,,2722.322381,2722.677863,,,
2022-03-13 02:45:00,,2722.319773,2722.679013,,,
2022-03-13 03:00:00,,2722.321716,2722.676927,,,
2022-03-13 03:45:00,,2722.321686,2722.677666,,,
2022-03-13 04:00:00,,2722.319353,2722.676403,,,
2022-03-13 04:15:00,,2722.322735,2722.67582,,,
2022-03-13 04:30:00,,2722.324594,2722.679372,,,
2022-03-13 04:45:00,,2722.322738,2722.678099,,,
2022-03-13 05:00:00,,2722.323203,2722.67635,,,
2022-03-13 05:15:00,,2722.323322,2722.678682,,,
2022-03-13 05:30:00,,2722.325262,2722.677816,,,
2022-03-13 06:00:00,,2722.321647,2722.674793,,,
2022-03-13 06:15:00,,2722.322733,2722.67557,,,
2022-03-13 07:00:00,,2722.322851,2722.676886,,,
2022-03-13 07:15:00,,2722.323512,2722.677856,,,
2022-03-13 07:30:00,,2722.323316,2722.6764,,,
2022-03-13 07:45:00,,2722.324869,2722.677759,,,
2022-03-13 08:15:00,,2722.321915,2722.675334,,,
2022-03-13 08:30:00,,2722.320715,2722.67475,,,
2022-03-13 08:45:00,,2722.324096,2722.674221,,,
2022-03-13 09:00:00,,2722.321763,2722.673152,,,
2022-03-13 09:45:00,,2722.3197,2722.670623,,,
2022-03-13 10:00:00,,2722.313278,2722.665657,,,
2022-03-13 10:15:00,,2722.316348,2722.66552,,,
2022-03-13 10:30:00,,2722.314913,2722.666826,,,
2022-03-13 10:45:00,,2722.317128,2722.667317,,,
2022-03-13 11:00:00,,2722.31608,2722.667259,,,
2022-03-13 11:15:00,,2722.319267,2722.669699,,,
2022-03-13 11:30:00,,2722.317246,2722.669655,,,
2022-03-13 11:45:00,2723.156236,2722.318877,2722.669071,-0.8373589999996511,-0.4871650000000045,-0.6622619999998278
2022-03-13 12:00:00,2723.117173,2722.315031,2722.666929,-0.8021420000000035,-0.45024400000011155,-0.6261930000000575
2022-03-13 12:30:00,2723.111332,2722.316354,2722.667842,-0.7949779999999009,-0.44349000000011074,-0.6192340000000058
2022-03-13 12:45:00,2723.111915,2722.315188,2722.667409,-0.7967269999999189,-0.4445059999998193,-0.6206164999998691
2022-03-13 13:00:00,2723.108802,2722.315728,2722.667459,-0.7930740000001606,-0.4413430000004155,-0.617208500000288
2022-03-13 13:15:00,2723.110562,2722.319424,2722.669208,-0.7911380000000463,-0.44135400000004665,-0.6162460000000465
2022-03-13 13:30:00,2723.111342,2722.31799,2722.669255,-0.7933520000001408,-0.44208700000035606,-0.6177195000002484
2022-03-13 13:45:00,2723.109592,2722.316974,2722.668095,-0.7926179999999476,-0.4414969999997993,-0.6170574999998735
2022-03-13 14:00:00,2723.111145,2722.318527,2722.669648,-0.7926179999999476,-0.4414969999997993,-0.6170574999998735
2022-03-13 14:15:00,2723.108999,2722.316391,2722.666486,-0.7926080000002003,-0.44251299999996263,-0.6175605000000814
2022-03-13 14:30:00,2723.111138,2722.316583,2722.668868,-0.7945550000004005,-0.4422700000000077,-0.6184125000002041
2022-03-13 14:45:00,2723.112891,2722.318802,2722.669888,-0.7940890000004401,-0.4430030000003171,-0.6185460000003786
2022-03-13 15:00:00,2723.110752,2722.318566,2722.666737,-0.7921860000001288,-0.4440150000000358,-0.6181005000000823
2022-03-13 15:15:00,2723.113084,2722.317711,2722.66683,-0.7953729999999268,-0.4462539999999535,-0.6208134999999402
2022-03-13 15:30:00,2723.113471,2722.31663,2722.66795,-0.7968410000003132,-0.44552100000009887,-0.621181000000206
2022-03-13 15:45:00,2723.112495,2722.319153,2722.669739,-0.7933419999999387,-0.44275599999991755,-0.6180489999999281
2022-03-13 16:00:00,2723.112501,2722.318569,2722.670415,-0.7939320000000407,-0.4420860000000175,-0.6180090000000291
2022-03-13 16:15:00,2723.113661,2722.31682,2722.668724,-0.7968409999998585,-0.44493699999975433,-0.6208889999998064
2022-03-13 16:30:00,2723.109586,2722.317403,2722.667842,-0.7921830000000227,-0.44174400000019887,-0.6169635000001108
2022-03-13 16:45:00,2723.111335,2722.316387,2722.668575,-0.794948000000204,-0.44275999999990745,-0.6188540000000557
2022-03-13 17:15:00,2723.113088,2722.317674,2722.669162,-0.7954140000001644,-0.44392599999991944,-0.6196700000000419
2022-03-13 17:30:00,2723.110752,2722.316508,2722.668482,-0.7942440000001625,-0.4422700000000077,-0.6182570000000851
2022-03-13 18:00:00,2723.114837,2722.319156,2722.670328,-0.7956810000000587,-0.44450899999992544,-0.6200949999999921
2022-03-13 18:15:00,2723.111532,2722.317598,2722.669504,-0.7939339999998083,-0.4420279999999366,-0.6179809999998724
2022-03-13 18:30:00,2723.113661,2722.319572,2722.670905,-0.7940889999999854,-0.44275599999991755,-0.6184224999999515
2022-03-13 18:45:00,2723.112698,2722.318019,2722.670086,-0.7946790000000874,-0.44261199999982637,-0.6186454999999569
2022-03-13 19:15:00,2723.111721,2722.31732,2722.669456,-0.7944010000001072,-0.442265000000134,-0.6183330000001206
2022-03-13 20:15:00,2723.11464,2722.319962,2722.671354,-0.7946779999997489,-0.4432859999997163,-0.6189819999997326
2022-03-13 20:30:00,2723.11503,2722.32035,2722.671194,-0.7946799999999712,-0.4438359999999193,-0.6192579999999452
2022-03-13 21:00:00,2723.116576,2722.321203,2722.672562,-0.7953729999999268,-0.44401399999969726,-0.619693499999812
2022-03-13 21:30:00,2723.114244,2722.322369,2722.672504,-0.7918749999998909,-0.4417399999997542,-0.6168074999998225
2022-03-13 21:45:00,2723.11541,2722.321321,2722.671921,-0.7940889999999854,-0.4434889999997722,-0.6187889999998788
2022-03-13 22:00:00,2723.113667,2722.319734,2722.669832,-0.7939329999999245,-0.4438350000000355,-0.61888399999998
2022-03-13 22:30:00,2723.114244,2722.322058,2722.672261,-0.7921859999996741,-0.44198299999970914,-0.6170844999996916
2022-03-13 22:45:00,2723.11716,2722.321475,2722.670172,-0.7956849999995939,-0.44698799999969197,-0.6213364999996429
2022-03-13 23:30:00,2723.118326,2722.322641,2722.672355,-0.7956849999995939,-0.44597099999964485,-0.6208279999996194
2022-03-13 23:45:00,2723.116193,2722.32082,2722.670276,-0.7953729999999268,-0.44591700000000856,-0.6206449999999677
2022-03-14 00:00:00,2723.119306,2722.323198,2722.672318,-0.7961080000000038,-0.4469880000001467,-0.6215480000000753
2022-03-14 00:45:00,2723.121828,2722.326455,2722.673428,-0.7953729999999268,-0.448399999999765,-0.6218864999998459
2022-03-14 01:00:00,2723.121828,2722.324705,2722.672412,-0.7971229999998286,-0.4494159999999283,-0.6232694999998785
2022-03-14 01:30:00,2723.15487,2722.323929,2722.673385,-0.8309409999997115,-0.4814849999997932,-0.6562129999997524
2022-03-14 02:00:00,2723.156426,2722.322101,2722.672418,-0.8343249999998079,-0.4840079999999034,-0.6591664999998557
2022-03-14 02:15:00,2723.152148,2722.323535,2722.672655,-0.8286130000001322,-0.47949300000027506,-0.6540530000002036
2022-03-14 02:30:00,2723.152148,2722.323224,2722.672938,-0.8289239999999154,-0.4792099999999664,-0.6540669999999409
2022-03-14 03:30:00,2723.144574,2722.325288,2722.672995,-0.81928599999992,-0.47157900000001973,-0.6454324999999699
2022-03-14 03:45:00,2723.145157,2722.326337,2722.672845,-0.8188199999999597,-0.4723119999998744,-0.645565999999917
2022-03-14 04:30:00,2723.143604,2722.327084,2722.675956,-0.8165199999998549,-0.4676479999998264,-0.6420839999998407
2022-03-14 04:45:00,2723.137383,2722.325065,2722.675869,-0.8123180000002321,-0.46151400000007925,-0.6369160000001557
2022-03-14 05:00:00,2723.137376,2722.325678,2722.675134,-0.8116979999999785,-0.4622420000000602,-0.6369700000000194
2022-03-14 05:15:00,2723.141851,2722.326768,2722.675957,-0.8150829999999587,-0.46589399999993475,-0.6404884999999467
2022-03-14 05:30:00,2723.141655,2722.324822,2722.674011,-0.8168329999998605,-0.4676439999998365,-0.6422384999998485
2022-03-14 05:45:00,2723.14477,2722.324751,2722.673871,-0.8200189999997747,-0.4708989999999176,-0.6454589999998461
2022-03-14 06:00:00,2723.137189,2722.323122,2722.674364,-0.8140670000002501,-0.4628250000000662,-0.6384460000001582
2022-03-14 06:15:00,2723.13505,2722.326107,2722.67674,-0.8089429999999993,-0.4583099999999831,-0.6336264999999912
2022-03-14 06:30:00,2723.131745,2722.326002,2722.676596,-0.8057430000003478,-0.45514900000034686,-0.6304460000003473
2022-03-14 06:45:00,2723.128439,2722.323979,2722.67485,-0.8044600000002902,-0.45358900000019275,-0.6290245000002415
2022-03-14 07:00:00,2723.130188,2722.326494,2722.6766,-0.8036940000001778,-0.45358800000030897,-0.6286410000002434
2022-03-14 07:15:00,2723.127273,2722.324282,2722.675334,-0.80299100000002,-0.4519390000000385,-0.6274650000000292
2022-03-14 07:30:00,2723.127669,2722.326274,2722.676747,-0.8013949999999568,-0.4509219999999914,-0.6261584999999741
2022-03-14 07:45:00,2723.126113,2722.32366,2722.675676,-0.8024529999997867,-0.45043699999996534,-0.626444999999876
2022-03-14 08:00:00,2723.126103,2722.325482,2722.675187,-0.8006209999998646,-0.4509160000002339,-0.6257685000000492
2022-03-14 08:15:00,2723.129992,2722.325405,2722.674837,-0.8045870000000832,-0.45515500000010434,-0.6298710000000938
2022-03-14 08:30:00,2723.141265,2722.324868,2722.675034,-0.8163970000000518,-0.46623100000033446,-0.6413140000001931
2022-03-14 08:45:00,2723.140105,2722.324165,2722.673344,-0.815939999999955,-0.4667610000001332,-0.6413505000000441
2022-03-14 09:00:00,2723.145347,2722.320898,2722.672514,-0.8244490000001861,-0.4728330000002643,-0.6486410000002252
2022-03-14 09:15:00,2723.147096,2722.322843,2722.671934,-0.8242530000002262,-0.47516200000018216,-0.6497075000002042
2022-03-14 09:45:00,2723.14438,2722.320127,2722.670225,-0.8242530000002262,-0.47415500000033717,-0.6492040000002817
2022-03-14 10:00:00,2723.120865,2722.317439,2722.668192,-0.8034259999999449,-0.45267299999977695,-0.6280494999998609
2022-03-14 10:15:00,2723.116586,2722.315613,2722.667413,-0.8009729999998854,-0.4491729999999734,-0.6250729999999294
2022-03-14 10:30:00,2723.116197,2722.315223,2722.666439,-0.8009739999997691,-0.44975799999974697,-0.6253659999997581
2022-03-14 10:45:00,2723.117743,2722.315341,2722.666826,-0.8024019999998018,-0.45091699999966295,-0.6266594999997324
2022-03-14 11:00:00,2723.115993,2722.312817,2722.666092,-0.803175999999894,-0.44990099999995437,-0.6265384999999242
2022-03-14 11:15:00,2723.118326,2722.317831,2722.667166,-0.8004949999999553,-0.45115999999961787,-0.6258274999997866
2022-03-14 11:30:00,2723.11716,2722.319882,2722.668913,-0.7972780000000057,-0.4482469999998102,-0.622762499999908
2022-03-14 11:45:00,2723.118522,2722.319496,2722.668526,-0.7990260000001399,-0.44999600000028295,-0.6245110000002114
2022-03-14 12:00:00,2723.117749,2722.318723,2722.668487,-0.7990260000001399,-0.44926200000008976,-0.6241440000001148
2022-03-14 12:15:00,2723.118333,2722.319306,2722.668336,-0.7990270000000237,-0.449996999999712,-0.6245119999998678
2022-03-14 12:30:00,2723.11717,2722.316507,2722.667416,-0.8006629999999859,-0.4497540000002118,-0.6252085000000989
2022-03-14 13:00:00,2723.11678,2722.316117,2722.667026,-0.8006629999999859,-0.44975399999975707,-0.6252084999998715
2022-03-14 13:15:00,2723.117166,2722.31752,2722.666679,-0.7996459999999388,-0.4504870000000665,-0.6250665000000026
2022-03-14 13:30:00,2723.118333,2722.317401,2722.668332,-0.8009320000001026,-0.4500009999997019,-0.6254664999999022
2022-03-14 14:00:00,2723.118916,2722.31577,2722.666149,-0.8031459999997423,-0.452766999999767,-0.6279564999997547
2022-03-14 14:15:00,2723.114251,2722.31507,2722.666,-0.7991809999998623,-0.4482509999998001,-0.6237159999998312
2022-03-14 14:30:00,2723.120082,2722.319617,2722.669065,-0.8004649999998037,-0.4510169999998652,-0.6257409999998345
2022-03-14 14:45:00,2723.121055,2722.321606,2722.670321,-0.7994490000000951,-0.4507340000000113,-0.6250915000000532
2022-03-14 15:00:00,2723.116197,2722.318031,2722.667212,-0.7981660000000375,-0.4489849999999933,-0.6235755000000154
2022-03-14 15:15:00,2723.117749,2722.315618,2722.667749,-0.8021309999999175,-0.4499999999998181,-0.6260654999998678
2022-03-14 15:30:00,2723.118336,2722.317406,2722.667656,-0.8009299999998802,-0.45067999999992026,-0.6258049999999002
2022-03-14 15:45:00,2723.11561,2722.315848,2722.666779,-0.7997619999996459,-0.4488309999997,-0.624296499999673
2022-03-14 16:30:00,2723.116583,2722.316654,2722.668089,-0.7999289999997927,-0.4484940000002098,-0.6242115000000013
2022-03-14 16:45:00,2723.118529,2722.316851,2722.668285,-0.8016779999998107,-0.4502439999996568,-0.6259609999997338
2022-03-14 17:00:00,2723.117166,2722.316544,2722.66717,-0.8006220000002031,-0.4499959999998282,-0.6253090000000157
2022-03-14 17:30:00,2723.116,2722.317593,2722.666489,-0.79840699999977,-0.44951099999980215,-0.6239589999997861
2022-03-14 17:45:00,2723.116,2722.318609,2722.66702,-0.7973910000000615,-0.4489800000001196,-0.6231855000000905
2022-03-14 18:00:00,2723.120082,2722.319192,2722.669105,-0.8008899999999812,-0.4509769999999662,-0.6259334999999737
2022-03-14 18:15:00,2723.118526,2722.318919,2722.670032,-0.7996070000003783,-0.4484940000002098,-0.624050500000294
2022-03-14 18:30:00,2723.118719,2722.320282,2722.669645,-0.7984369999999217,-0.44907400000010966,-0.6237555000000157
2022-03-14 18:45:00,2723.120279,2722.321406,2722.672518,-0.7988730000001851,-0.4477610000003551,-0.6233170000002701
2022-03-14 19:15:00,2723.122414,2722.321057,2722.673341,-0.8013569999998253,-0.4490729999997711,-0.6252149999997982
2022-03-14 19:30:00,2723.120665,2722.320592,2722.672324,-0.8000729999998839,-0.44834099999980026,-0.6242069999998421
2022-03-14 19:45:00,2723.118526,2722.319922,2722.671201,-0.7986040000000685,-0.4473250000000917,-0.6229645000000801
2022-03-14 20:00:00,2723.121248,2722.319725,2722.672507,-0.8015230000000884,-0.44874099999969985,-0.6251319999998941
2022-03-14 20:15:00,2723.122998,2722.323689,2722.673914,-0.7993089999999938,-0.44908399999985704,-0.6241964999999254
2022-03-14 20:30:00,2723.122414,2722.323812,2722.67557,-0.7986019999998462,-0.44684400000005553,-0.6227229999999508
2022-03-14 20:45:00,2723.123188,2722.32121,2722.675184,-0.8019779999999628,-0.4480039999998553,-0.624990999999909
2022-03-14 21:00:00,2723.122025,2722.321529,2722.673441,-0.8004960000002939,-0.4485840000002099,-0.6245400000002519
2022-03-14 21:15:00,2723.123387,2722.321722,2722.673634,-0.8016649999999572,-0.4497529999998733,-0.6257089999999152
2022-03-14 21:30:00,2723.124357,2722.323862,2722.67626,-0.8004949999999553,-0.44809699999996155,-0.6242959999999584
2022-03-14 21:45:00,2723.123581,2722.321603,2722.676063,-0.8019779999999628,-0.44751799999994546,-0.6247479999999541
2022-03-14 22:00:00,2723.120079,2722.322955,2722.67373,-0.7971239999997124,-0.44634899999982736,-0.6217364999997699
2022-03-14 22:15:00,2723.121831,2722.323538,2722.674993,-0.7982929999998305,-0.4468379999998433,-0.6225654999998369
2022-03-14 22:30:00,2723.122414,2722.325871,2722.67586,-0.7965429999999287,-0.4465540000001056,-0.6215485000000172
2022-03-14 22:45:00,2723.122025,2722.325481,2722.674944,-0.7965440000002673,-0.44708100000025297,-0.6218125000002601
2022-03-14 23:00:00,2723.123581,2722.324668,2722.676004,-0.7989129999996294,-0.4475769999999102,-0.6232449999997698
2022-03-14 23:30:00,2723.124747,2722.325254,2722.67542,-0.799492999999984,-0.44932699999981196,-0.624409999999898
2022-03-15 00:00:00,2723.124747,2722.323772,2722.676644,-0.8009749999996529,-0.44810299999971903,-0.624538999999686
2022-03-15 00:30:00,,2722.322292,2722.674747,,,
2022-03-15 01:00:00,2723.138156,2722.324118,2722.674597,-0.8140379999999823,-0.46355899999980466,-0.6387984999998935
2022-03-15 01:15:00,2723.136403,2722.322604,2722.674257,-0.8137990000000173,-0.46214599999984785,-0.6379724999999326
2022-03-15 01:30:00,2723.131545,2722.321243,2722.674647,-0.8103020000003198,-0.45689800000036485,-0.6336000000003423
2022-03-15 01:45:00,2723.135433,2722.321633,2722.675527,-0.813799999999901,-0.45990600000004633,-0.6368529999999737
2022-03-15 02:00:00,2723.137962,2722.320778,2722.675137,-0.8171839999999975,-0.46282499999961146,-0.6400044999998045
2022-03-15 02:15:00,2723.135433,2722.321168,2722.675243,-0.8142649999999776,-0.46018999999978405,-0.6372274999998808
2022-03-15 02:30:00,2723.135627,2722.325791,2722.676453,-0.8098359999999047,-0.45917400000007547,-0.6345049999999901
2022-03-15 02:45:00,2723.134074,2722.325988,2722.676649,-0.808086000000003,-0.4574250000000575,-0.6327555000000302
2022-03-15 03:00:00,2723.133497,2722.326571,2722.67601,-0.8069259999997485,-0.45748699999967357,-0.632206499999711
2022-03-15 03:15:00,2723.133304,2722.326844,2722.676887,-0.8064599999997881,-0.45641699999987395,-0.631438499999831
2022-03-15 03:30:00,2723.131168,2722.326738,2722.676747,-0.8044299999996838,-0.45442099999991115,-0.6294254999997975
2022-03-15 03:45:00,2723.131165,2722.327438,2722.678399,-0.8037269999999808,-0.4527659999998832,-0.628246499999932
2022-03-15 04:00:00,2723.129415,2722.325689,2722.676164,-0.803726000000097,-0.45325099999990925,-0.6284885000000031
2022-03-15 04:15:00,2723.128249,2722.326272,2722.67748,-0.801977000000079,-0.4507690000000366,-0.6263730000000578
2022-03-15 04:30:00,2723.128053,2722.326075,2722.67655,-0.8019779999999628,-0.45150299999977506,-0.6267404999998689
2022-03-15 05:00:00,2723.153317,2722.326145,2722.676154,-0.8271719999997913,-0.4771629999995639,-0.6521674999996776
2022-03-15 05:15:00,,2722.324514,2722.676737,,,
2022-03-15 05:45:00,,2722.324631,2722.67732,,,
2022-03-15 06:00:00,,2722.325528,2722.677227,,,
2022-03-15 06:15:00,,2722.326577,2722.676304,,,
2022-03-15 06:45:00,,2722.323543,2722.675767,,,
2022-03-15 07:00:00,,2722.324519,2722.675485,,,
2022-03-15 07:15:00,,2722.326388,2722.675871,,,
2022-03-15 07:30:00,,2722.326774,2722.676258,,,
2022-03-15 07:45:00,,2722.327905,2722.676897,,,
2022-03-15 08:15:00,,2722.323353,2722.675731,,,
2022-03-15 08:30:00,,2722.325408,2722.675148,,,
2022-03-15 08:45:00,,2722.325874,2722.674414,,,
2022-03-15 09:00:00,,2722.325182,2722.674175,,,
2022-03-15 09:15:00,,2722.323657,2722.67281,,,
2022-03-15 09:45:00,,2722.321982,2722.669258,,,
2022-03-15 10:00:00,,2722.318293,2722.665569,,,
2022-03-15 10:30:00,2723.11542,2722.320357,2722.667169,-0.7950630000000274,-0.44825100000025486,-0.6216570000001411
2022-03-15 10:45:00,2723.116586,2722.321989,2722.666249,-0.794597000000067,-0.4503370000002178,-0.6224670000001424
2022-03-15 11:00:00,2723.11464,2722.319111,2722.665769,-0.7955289999999877,-0.448870999999599,-0.6221999999997934
2022-03-15 11:15:00,2723.115993,2722.320619,2722.667558,-0.7953739999998106,-0.4484349999997903,-0.6219044999998005
2022-03-15 11:30:00,2723.118329,2722.320036,2722.66756,-0.7982929999998305,-0.4507690000000366,-0.6245309999999336
2022-03-15 11:45:00,2723.116383,2722.321009,2722.666783,-0.7953740000002654,-0.4495999999999185,-0.6224870000000919
2022-03-15 12:00:00,2723.118329,2722.323732,2722.667713,-0.794597000000067,-0.45061600000008184,-0.6226065000000744
2022-03-15 12:15:00,2723.117163,2722.321097,2722.666393,-0.7960659999998825,-0.4507699999999204,-0.6234179999999014
2022-03-15 12:30:00,2723.117163,2722.320167,2722.668143,-0.7969960000000356,-0.4490200000000186,-0.6230080000000271
2022-03-15 13:00:00,2723.117173,2722.320787,2722.667563,-0.796385999999984,-0.44961000000012064,-0.6229980000000523
2022-03-15 13:15:00,2723.117173,2722.318571,2722.667132,-0.7986020000003009,-0.45004100000005565,-0.6243215000001783
2022-03-15 13:30:00,2723.11639,2722.321173,2722.667033,-0.7952170000003207,-0.4493569999999636,-0.6222870000001421
2022-03-15 13:45:00,2723.115803,2722.320698,2722.668196,-0.7951050000001487,-0.4476070000000618,-0.6213560000001053
2022-03-15 14:00:00,2723.117166,2722.322526,2722.667656,-0.7946400000000722,-0.44950999999991836,-0.6220749999999953
2022-03-15 14:30:00,2723.113664,2722.318726,2722.665566,-0.7949380000000019,-0.44809799999984534,-0.6215179999999236
2022-03-15 15:00:00,2723.115417,2722.318997,2722.66717,-0.7964200000001256,-0.4482469999998102,-0.6223334999999679
2022-03-15 15:15:00,2723.117166,2722.320748,2722.668186,-0.7964179999999033,-0.4489800000001196,-0.6226990000000114
2022-03-15 15:30:00,2723.11697,2722.319846,2722.666973,-0.7971240000001671,-0.44999700000016674,-0.6235605000001669
2022-03-15 16:30:00,2723.116,2722.321206,2722.666886,-0.7947939999999107,-0.4491140000000087,-0.6219539999999597
2022-03-15 16:45:00,2723.115417,2722.320623,2722.666303,-0.7947939999999107,-0.4491140000000087,-0.6219539999999597
2022-03-15 17:00:00,2723.117166,2722.321369,2722.667562,-0.7957970000002206,-0.4496039999999084,-0.6227005000000645
2022-03-15 17:45:00,2723.117166,2722.319423,2722.667899,-0.7977430000000822,-0.44926699999996345,-0.6235050000000228
2022-03-15 18:00:00,2723.116973,2722.32071,2722.667652,-0.7962630000001809,-0.4493210000000545,-0.6227920000001177
2022-03-15 18:30:00,2723.117753,2722.323239,2722.668485,-0.7945140000001629,-0.44926799999984723,-0.6218910000000051
2022-03-15 18:45:00,2723.118919,2722.323236,2722.669651,-0.7956829999998263,-0.44926799999984723,-0.6224754999998368
2022-03-15 19:00:00,2723.121055,2722.323311,2722.671055,-0.797743999999966,-0.45000000000027285,-0.6238720000001194
2022-03-15 19:15:00,2723.120079,2722.325565,2722.671828,-0.7945139999997082,-0.4482509999998001,-0.6213824999997541
2022-03-15 19:45:00,2723.120079,2722.324395,2722.672561,-0.7956839999997101,-0.44751799999994546,-0.6216009999998278
2022-03-15 20:00:00,2723.120079,2722.325876,2722.671342,-0.7942029999999249,-0.44873699999970995,-0.6214699999998174
2022-03-15 20:45:00,2723.121441,2722.327239,2722.672121,-0.7942019999995864,-0.44931999999971595,-0.6217609999996512
2022-03-15 21:00:00,2723.120668,2722.324251,2722.671401,-0.7964170000000195,-0.44926699999996345,-0.6228419999999915
2022-03-15 21:15:00,2723.120668,2722.326154,2722.672081,-0.7945140000001629,-0.4485869999998613,-0.6215505000000121
2022-03-15 21:30:00,2723.120668,2722.327623,2722.672134,-0.7930449999998928,-0.4485340000001088,-0.6207895000000008
2022-03-15 21:45:00,2723.119306,2722.326852,2722.672467,-0.792453999999907,-0.44683900000018184,-0.6196465000000444
2022-03-15 22:30:00,2723.119306,2722.324637,2722.6732,-0.7946689999998853,-0.44610599999987244,-0.6203874999998789
2022-03-15 22:45:00,2723.120662,2722.328674,2722.672411,-0.7919879999999466,-0.4482509999998001,-0.6201194999998734
2022-03-15 23:00:00,2723.121828,2722.327625,2722.673577,-0.7942029999999249,-0.4482509999998001,-0.6212269999998625
2022-03-15 23:30:00,2723.121242,2722.324512,2722.672128,-0.796730000000025,-0.4491140000000087,-0.6229220000000169
2022-03-15 23:45:00,2723.122798,2722.328015,2722.673198,-0.7947829999998248,-0.4495999999999185,-0.6221914999998717
2022-03-16 00:00:00,2723.120662,,2722.672415,,-0.4482469999998102,-0.4482469999998102
2022-04-07 20:30:00,2723.126103,2722.471363,2722.688568,-0.654739999999947,-0.4375350000000253,-0.5461374999999862
2022-04-07 20:45:00,2723.128249,2722.473974,2722.691437,-0.6542749999998705,-0.43681199999991804,-0.5455434999998943
2022-04-07 21:00:00,2723.12708,2722.477205,2722.693677,-0.6498750000000655,-0.43340299999999843,-0.541639000000032
2022-04-07 21:15:00,2723.124747,2722.474406,2722.693094,-0.6503410000000258,-0.4316529999996419,-0.5409969999998339
2022-04-07 21:45:00,2723.129415,2722.474674,2722.69528,-0.6547409999998308,-0.4341349999999693,-0.5444379999999001
2022-04-07 22:00:00,2723.129415,2722.472459,2722.695806,-0.6569559999998091,-0.4336089999997057,-0.5452824999997574
2022-04-07 22:30:00,2723.127276,2722.479448,2722.697112,-0.6478280000001178,-0.4301640000003317,-0.5389960000002247
2022-04-07 22:45:00,2723.127663,2722.479835,2722.695749,-0.6478280000001178,-0.4319140000002335,-0.5398710000001756
2022-04-07 23:00:00,2723.127663,2722.479525,2722.697196,-0.6481380000000172,-0.43046700000013516,-0.5393025000000762
2022-04-07 23:15:00,2723.127666,2722.478825,2722.696089,-0.6488409999997202,-0.4315769999998338,-0.540208999999777
2022-04-07 23:30:00,2723.127663,2722.477776,2722.698946,-0.6498870000000352,-0.4287170000002334,-0.5393020000001343
2022-04-07 23:45:00,2723.129995,2722.480417,2722.700055,-0.6495779999995648,-0.4299399999999878,-0.5397589999997763
2022-04-27 00:00:00,2723.127666,2722.502829,2722.700952,-0.6248369999998431,-0.4267139999997198,-0.5257754999997815
2022-04-27 00:30:00,2723.123384,2722.502199,2722.700376,-0.6211849999999686,-0.423008000000209,-0.5220965000000888
2022-04-27 00:45:00,2723.127659,2722.503864,2722.703482,-0.6237950000004275,-0.4241770000003271,-0.5239860000003773
2022-04-27 01:00:00,2723.127076,2722.503281,2722.703632,-0.6237950000004275,-0.4234440000000177,-0.5236195000002226
2022-04-27 01:15:00,2723.127076,2722.503747,2722.703101,-0.6233290000000125,-0.423975000000155,-0.5236520000000837
2022-04-27 01:30:00,2723.126296,2722.501737,2722.703491,-0.6245589999998629,-0.42280499999969834,-0.5236819999997806
2022-04-27 01:45:00,2723.125327,2722.502235,2722.703785,-0.6230920000002698,-0.42154200000004494,-0.5223170000001573
2022-04-27 02:00:00,2723.12591,2722.501068,2722.702222,-0.6248420000001715,-0.42368800000031115,-0.5242650000002413
2022-04-27 02:15:00,2723.12591,2722.500334,2722.702465,-0.6255760000003647,-0.42344500000035623,-0.5245105000003605
2022-04-27 02:45:00,2723.127466,2722.501155,2722.704021,-0.626310999999987,-0.4234449999999015,-0.5248779999999442
2022-04-27 03:00:00,2723.126696,2722.506441,2722.703188,-0.6202549999998155,-0.4235079999998561,-0.5218814999998358
2022-04-27 03:15:00,2723.128049,2722.50885,2722.704115,-0.6191989999997531,-0.42393399999991743,-0.5215664999998353
2022-04-27 03:30:00,2723.128252,2722.507997,2722.704461,-0.6202549999998155,-0.4237910000001648,-0.5220229999999901
2022-04-27 03:45:00,2723.12592,2722.50551,2722.703204,-0.6204099999999926,-0.42271600000003673,-0.5215630000000147
2022-04-27 04:15:00,2723.124557,2722.506362,2722.701108,-0.6181950000000143,-0.4234489999998914,-0.5208219999999528
2022-04-27 04:30:00,2723.128246,2722.507836,2722.704064,-0.6204099999999926,-0.4241820000002008,-0.5222960000000967
2022-04-27 04:45:00,2723.126693,2722.506749,2722.705727,-0.6199440000000322,-0.42096600000013495,-0.5204550000000836
2022-04-27 05:00:00,2723.129222,2722.507796,2722.704757,-0.6214260000001559,-0.4244650000000547,-0.5229455000001053
2022-04-27 05:15:00,2723.127276,2722.501687,2722.704844,-0.6255890000002182,-0.422432000000299,-0.5240105000002586
2022-04-27 05:30:00,2723.127473,2722.506046,2722.702072,-0.6214270000000397,-0.4254009999999653,-0.5234140000000025
2022-04-27 05:45:00,2723.126496,2722.50507,2722.702562,-0.6214259999997012,-0.42393399999991743,-0.5226799999998093
2022-04-27 06:15:00,2723.126496,2722.507285,2722.702845,-0.6192109999997228,-0.4236510000000635,-0.5214309999998932
2022-04-27 06:30:00,2723.12591,2722.505652,2722.702694,-0.6202580000003763,-0.4232160000001386,-0.5217370000002575
2022-04-27 06:45:00,2723.127076,2722.504603,2722.704594,-0.6224730000003547,-0.42248200000040015,-0.5224775000003774
2022-04-27 07:15:00,2723.127276,2722.505849,2722.703625,-0.6214270000000397,-0.4236510000000635,-0.5225390000000516
2022-04-27 07:30:00,2723.127086,2722.502977,2722.703092,-0.6241089999998621,-0.42399399999976595,-0.524051499999814
2022-04-27 07:45:00,2723.126503,2722.505075,2722.702995,-0.6214279999999235,-0.4235079999998561,-0.5224679999998898
2022-04-27 08:15:00,2723.126306,2722.503129,2722.702065,-0.6231769999999415,-0.4242410000001655,-0.5237090000000535
2022-04-27 08:30:00,2723.128246,2722.503908,2722.701625,-0.6243380000000798,-0.4266210000000683,-0.525479500000074
2022-04-27 08:45:00,2723.128829,2722.504223,2722.701926,-0.6246060000003126,-0.42690300000003845,-0.5257545000001755
2022-04-27 09:00:00,2723.128252,2722.503325,2722.702792,-0.6249269999998432,-0.42545999999993,-0.5251934999998866
2022-04-27 09:15:00,2723.127669,2722.50329,2722.701193,-0.6243789999998626,-0.42647600000009334,-0.525427499999978
2022-04-27 09:30:00,2723.127086,2722.501691,2722.701685,-0.6253950000000259,-0.4254009999999653,-0.5253979999999956
2022-04-27 09:45:00,2723.12592,2722.502274,2722.701535,-0.6236460000000079,-0.42438499999980195,-0.5240154999999049
2022-04-27 11:00:00,2723.126503,2722.497413,2722.698862,-0.6290899999999056,-0.4276409999997668,-0.5283654999998362
2022-04-27 11:15:00,2723.12592,2722.499044,2722.698279,-0.626875999999811,-0.4276409999997668,-0.5272584999997889
2022-04-27 11:30:00,2723.129805,2722.499431,2722.699736,-0.630373999999847,-0.43006900000000314,-0.5302214999999251
2022-04-27 11:45:00,2723.127659,2722.499047,2722.700752,-0.6286120000004303,-0.42690700000002835,-0.5277595000002293
2022-04-27 12:00:00,2723.129215,2722.50176,2722.701292,-0.6274549999998271,-0.42792299999973693,-0.527688999999782
2022-04-27 12:15:00,2723.126493,2722.499319,2722.69959,-0.6271740000001955,-0.42690300000003845,-0.527038500000117
2022-04-27 12:30:00,2723.127466,2722.502507,2722.702313,-0.6249589999997625,-0.42515300000013667,-0.5250559999999496
2022-04-27 12:45:00,2723.12708,2722.500371,2722.699746,-0.626709000000119,-0.4273340000004282,-0.5270215000002736
2022-04-27 13:00:00,2723.124557,2722.501802,2722.700132,-0.62275499999987,-0.4244250000001557,-0.5235900000000129
2022-04-27 13:15:00,2723.122994,2722.501409,2722.700998,-0.6215849999998682,-0.42199600000003556,-0.5217904999999519
2022-04-27 13:30:00,2723.123967,2722.499164,2722.700806,-0.6248030000001563,-0.42316100000016377,-0.52398200000016
2022-04-27 13:45:00,2723.126303,2722.501967,2722.702328,-0.6243359999998574,-0.423975000000155,-0.5241555000000062
2022-04-27 14:00:00,2723.127666,2722.499168,2722.704028,-0.628498000000036,-0.42363799999975527,-0.5260679999998956
2022-04-27 14:15:00,2723.127083,2722.500335,2722.703922,-0.6267479999996795,-0.423160999999709,-0.5249544999996942
2022-04-27 14:30:00,2723.127663,2722.501382,2722.703486,-0.6262810000002901,-0.4241770000003271,-0.5252290000003086
2022-04-27 14:45:00,2723.126496,2722.495785,2722.701095,-0.630710999999792,-0.4254009999999653,-0.5280559999998786
2022-04-27 15:00:00,2723.1263,2722.496336,2722.700166,-0.6299639999997453,-0.42613399999981993,-0.5280489999997826
2022-04-27 15:15:00,2723.128239,2722.496527,2722.700945,-0.6317120000003342,-0.42729400000007445,-0.5295030000002043
2022-04-27 15:30:00,2723.127469,2722.497186,2722.700112,-0.6302829999999631,-0.4273570000000291,-0.5288199999999961
2022-04-27 15:45:00,2723.128832,2722.500497,2722.702002,-0.6283349999998791,-0.4268299999998817,-0.5275824999998804
2022-04-27 16:00:00,2723.12475,2722.49478,2722.69715,-0.6299699999999575,-0.427599999999984,-0.5287849999999708
2022-04-27 16:15:00,2723.1265,2722.495515,2722.69822,-0.6309849999997823,-0.4282799999996314,-0.5296324999997069
2022-04-27 16:30:00,2723.1265,2722.497462,2722.6989,-0.6290380000000368,-0.427599999999984,-0.5283190000000104
2022-04-27 16:45:00,2723.125333,2722.498047,2722.697733,-0.6272859999999127,-0.427599999999984,-0.5274429999999484
2022-04-27 17:00:00,2723.12475,2722.495982,2722.698706,-0.6287680000000364,-0.4260439999998198,-0.5274059999999281
2022-04-27 17:15:00,2723.123584,2722.497032,2722.697053,-0.6265519999997196,-0.42653100000006816,-0.5265414999998939
2022-04-27 17:30:00,2723.125917,2722.499365,2722.699872,-0.6265519999997196,-0.4260449999997036,-0.5262984999997116
2022-04-27 18:15:00,2723.122998,2722.495868,2722.697053,-0.6271299999998519,-0.42594499999995605,-0.526537499999904
2022-04-27 18:30:00,2723.122998,2722.496418,2722.698069,-0.6265799999996489,-0.4249289999997927,-0.5257544999997208
2022-04-27 18:45:00,2723.123001,2722.497466,2722.696417,-0.6255350000001272,-0.42658399999982066,-0.5260594999999739
2022-04-27 19:00:00,2723.125917,2722.499918,2722.699819,-0.6259989999998652,-0.4260979999999108,-0.526048499999888
2022-04-27 19:15:00,2723.126693,2722.497195,2722.698359,-0.6294980000002397,-0.4283340000001772,-0.5289160000002084
2022-04-27 19:30:00,2723.124747,2722.49848,2722.697916,-0.6262669999996433,-0.4268309999997655,-0.5265489999997044
2022-04-27 19:45:00,2723.125913,2722.500112,2722.697333,-0.625800999999683,-0.42857999999978347,-0.5271904999997332
2022-04-27 20:00:00,2723.124937,2722.499415,2722.698636,-0.625521999999819,-0.42630099999996673,-0.5259114999998928
2022-04-27 20:15:00,2723.125913,2722.500111,2722.698353,-0.6258020000000215,-0.42755999999963024,-0.5266809999998259
2022-04-27 20:45:00,2723.124747,2722.498478,2722.697866,-0.6262689999998656,-0.4268809999998666,-0.5265749999998661
2022-04-27 21:00:00,2723.124357,2722.500304,2722.69776,-0.6240530000000035,-0.4265970000001289,-0.5253250000000662
2022-04-27 21:15:00,2723.127663,2722.499645,2722.696397,-0.6280180000003384,-0.43126600000005055,-0.5296420000001945
2022-04-27 21:30:00,2723.12533,2722.499062,2722.698053,-0.6262679999999818,-0.4272769999997763,-0.5267724999998791
2022-04-27 22:00:00,2723.126496,2722.496263,2722.69591,-0.6302329999998619,-0.4305859999999484,-0.5304094999999052
2022-04-27 22:15:00,2723.12708,2722.496846,2722.695814,-0.6302340000002005,-0.43126600000005055,-0.5307500000001255
2022-04-27 22:45:00,2723.125913,2722.499956,2722.697413,-0.6259569999997439,-0.42849999999998545,-0.5272284999998647
2022-04-27 23:00:00,2723.122998,2722.497307,2722.696247,-0.6256909999997333,-0.42675099999996746,-0.5262209999998504
2022-04-27 23:15:00,2723.12708,2722.499372,2722.696097,-0.6277079999999842,-0.4309830000001966,-0.5293455000000904
2022-04-27 23:30:00,2723.12669,2722.501198,2722.697173,-0.6254920000001221,-0.42951700000003257,-0.5275045000000773
2022-04-27 23:45:00,2723.1263,2722.49828,2722.696937,-0.6280200000001059,-0.42936299999973926,-0.5286914999999226
2022-04-28 00:00:00,2723.12572,2722.499451,2722.6979,-0.6262689999998656,-0.4278199999998833,-0.5270444999998745
2022-04-28 00:15:00,2723.127666,2722.501708,2722.700389,-0.6259580000000824,-0.4272769999997763,-0.5266174999999294
2022-04-28 00:30:00,2723.128442,2722.502949,2722.698873,-0.6254930000000058,-0.429569000000356,-0.5275310000001809
2022-04-28 00:45:00,2723.126496,2722.500537,2722.699166,-0.6259589999999662,-0.42732999999998356,-0.5266444999999749
2022-04-28 01:00:00,2723.126886,2722.501392,2722.69805,-0.6254939999998896,-0.4288360000000466,-0.5271649999999681
2022-04-28 01:15:00,2723.129999,2722.504971,2722.698679,-0.625028000000384,-0.4313200000001416,-0.5281740000002628
2022-04-28 01:30:00,2723.129999,2722.50497,2722.699016,-0.6250290000002678,-0.4309830000001966,-0.5280060000002322
2022-04-28 01:45:00,2723.126693,2722.503414,2722.697703,-0.6232790000003661,-0.42899000000033993,-0.526134500000353
2022-04-28 02:00:00,2723.126886,2722.501391,2722.696637,-0.6254950000002282,-0.43024900000000343,-0.5278720000001158
2022-04-28 02:15:00,2723.127083,2722.501588,2722.698093,-0.6254949999997734,-0.4289899999998852,-0.5272424999998293
2022-04-28 02:30:00,2723.126496,2722.50392,2722.69873,-0.6225759999997535,-0.42776599999979226,-0.5251709999997729
2022-04-28 02:45:00,2723.126883,2722.503757,2722.698383,-0.6231259999999565,-0.42849999999998545,-0.525812999999971
2022-04-28 03:00:00,2723.124747,2722.504996,2722.696431,-0.6197509999997237,-0.42831599999999526,-0.5240334999998595
2022-04-28 03:15:00,2723.126303,2722.504336,2722.696971,-0.6219670000000406,-0.4293320000001586,-0.5256495000000996
2022-04-28 03:30:00,2723.128249,2722.506875,2722.699933,-0.6213739999998324,-0.42831599999999526,-0.5248449999999139
2022-04-28 03:45:00,2723.127666,2722.50804,2722.69935,-0.6196259999996983,-0.42831599999999526,-0.5239709999998468
2022-04-28 04:00:00,2723.125917,2722.508225,2722.697169,-0.6176919999998063,-0.42874799999981406,-0.5232199999998102
2022-04-28 04:15:00,2723.125917,2722.506756,2722.698393,-0.6191609999996217,-0.4275239999997211,-0.5233424999996714
2022-04-28 04:30:00,2723.128056,2722.507146,2722.698724,-0.6209100000000944,-0.4293320000001586,-0.5251210000001265
2022-04-28 04:45:00,2723.126696,2722.50532,2722.699114,-0.6213759999996,-0.42758199999980206,-0.524478999999701
2022-04-28 05:00:00,2723.128056,2722.508613,2722.69974,-0.6194430000000466,-0.42831599999999526,-0.5238795000000209
2022-04-28 05:15:00,2723.128836,2722.507459,2722.701253,-0.6213769999999386,-0.42758299999968585,-0.5244799999998122
2022-04-28 05:30:00,2723.128446,2722.506602,2722.700863,-0.6218440000002374,-0.4275830000001406,-0.524713500000189
2022-04-28 05:45:00,2723.131165,2722.507757,2722.700816,-0.6234079999999267,-0.43034899999975096,-0.5268784999998388
2022-04-28 06:30:00,2723.127276,2722.504613,2722.698434,-0.6226630000001023,-0.42884200000025885,-0.5257525000001806
2022-04-28 06:45:00,2723.126496,2722.508221,2722.697654,-0.6182749999998123,-0.4288419999998041,-0.5235584999998082
2022-04-28 07:00:00,2723.126496,2722.506274,2722.69818,-0.6202220000000125,-0.42831599999999526,-0.5242690000000039
2022-04-28 07:15:00,2723.127073,2722.506155,2722.697597,-0.6209180000000742,-0.42947600000024977,-0.525197000000162
2022-04-28 07:30:00,2723.125907,2722.502308,2722.696431,-0.6235990000000129,-0.42947600000024977,-0.5265375000001313
2022-04-28 07:45:00,2723.127269,2722.504137,2722.696534,-0.6231320000001688,-0.43073499999991327,-0.526933500000041
2022-04-28 08:00:00,2723.124747,2722.504844,2722.69751,-0.6199029999997947,-0.4272369999998773,-0.523569999999836
2022-04-28 08:30:00,2723.126496,2722.50531,2722.69922,-0.6211859999998524,-0.4272759999998925,-0.5242309999998724
2022-04-28 08:45:00,2723.125913,2722.503794,2722.70005,-0.6221189999996568,-0.4258629999999357,-0.5239909999997963
2022-04-28 09:00:00,2723.126496,2722.505308,2722.698883,-0.6211880000000747,-0.4276129999998375,-0.5244004999999561
2022-04-28 09:30:00,2723.125913,2722.505035,2722.699316,-0.6208779999997205,-0.42659699999967415,-0.5237374999996973
2022-04-28 09:45:00,2723.125917,2722.502388,2722.69815,-0.6235289999999623,-0.42776699999967605,-0.5256479999998191
2022-04-28 10:00:00,2723.124164,2722.502819,2722.6983,-0.6213450000000194,-0.4258639999998195,-0.5236044999999194
2022-04-28 10:15:00,2723.12533,2722.504451,2722.699467,-0.620879000000059,-0.4258629999999357,-0.5233709999999974
2022-04-28 10:30:00,2723.122998,2722.501654,2722.697867,-0.6213439999996808,-0.42513099999996484,-0.5232374999998228
2022-04-28 10:45:00,2723.125913,2722.501804,2722.698354,-0.6241089999998621,-0.42755899999974645,-0.5258339999998043
2022-04-28 11:00:00,2723.127663,2722.504257,2722.698826,-0.6234060000001591,-0.42883700000038516,-0.5261215000002721
2022-04-28 11:15:00,2723.126496,2722.503557,2722.697471,-0.6229389999998602,-0.4290249999999105,-0.5259819999998854
2022-04-28 11:45:00,2723.128246,2722.506083,2722.69873,-0.6221630000000005,-0.4295160000001488,-0.5258395000000746
2022-04-28 12:00:00,2723.123384,2722.505454,2722.694849,-0.6179299999998875,-0.42853500000001077,-0.5232324999999491
2022-04-28 12:15:00,2723.12474,2722.50681,2722.69987,-0.6179300000003423,-0.42487000000028274,-0.5214000000003125
2022-04-28 12:30:00,2723.12649,2722.506811,2722.704589,-0.6196789999999055,-0.42190100000016173,-0.5207900000000336
2022-04-28 12:45:00,2723.123971,2722.507201,2722.705038,-0.6167700000000877,-0.4189329999999245,-0.5178515000000061
2022-04-28 13:00:00,2723.125917,2722.508144,2722.705685,-0.6177729999999428,-0.42023199999994176,-0.5190024999999423
2022-04-28 13:15:00,2723.121831,2722.505071,2722.703785,-0.6167599999998856,-0.41804599999977654,-0.5174029999998311
2022-04-28 13:30:00,2723.122221,2722.506197,2722.703743,-0.6160239999999249,-0.4184780000000501,-0.5172509999999875
2022-04-28 13:45:00,2723.123584,2722.508337,2722.706326,-0.6152469999997265,-0.41725799999994706,-0.5162524999998368
2022-04-28 14:00:00,2723.124747,2722.506974,2722.707493,-0.6177729999999428,-0.41725399999995716,-0.51751349999995
2022-04-28 14:15:00,2723.122998,2722.508921,2722.706962,-0.6140769999997246,-0.4160359999996217,-0.5150564999996732
2022-04-28 14:30:00,2723.122218,2722.50958,2722.708462,-0.6126380000000609,-0.4137559999999212,-0.513196999999991
2022-04-28 14:45:00,2723.124547,2722.508525,2722.707536,-0.6160219999997025,-0.41701100000000224,-0.5165164999998524
2022-04-28 15:00:00,2723.123001,2722.510354,2722.707209,-0.6126469999999244,-0.415791999999783,-0.5142194999998537
2022-04-28 15:15:00,2723.123001,2722.508886,2722.708958,-0.6141149999998561,-0.414042999999765,-0.5140789999998105
2022-04-28 15:30:00,2723.121835,2722.50597,2722.706042,-0.6158649999997579,-0.41579300000012154,-0.5158289999999397
2022-04-28 15:45:00,2723.122225,2722.506362,2722.707165,-0.6158629999999903,-0.4150600000002669,-0.5154615000001286
2022-04-28 16:00:00,2723.124754,2722.50916,2722.710765,-0.6155939999998736,-0.4139890000001287,-0.5147915000000012
2022-04-28 16:15:00,2723.123001,2722.507407,2722.709691,-0.6155939999998736,-0.41330999999991036,-0.514451999999892
2022-04-28 16:30:00,2723.122221,2722.504103,2722.707895,-0.6181179999998676,-0.4143260000000737,-0.5162219999999706
2022-04-28 16:45:00,2723.124161,2722.506354,2722.709349,-0.6178070000000844,-0.4148119999999835,-0.516309500000034
2022-04-28 17:00:00,2723.124157,2722.505771,2722.709835,-0.6183860000001005,-0.4143220000000838,-0.5163540000000921
2022-04-28 17:15:00,2723.122408,2722.502088,2722.707879,-0.6203199999999924,-0.4145290000001296,-0.517424500000061
2022-04-28 17:30:00,2723.123381,2722.503062,2722.708119,-0.6203189999996539,-0.41526199999998425,-0.5177904999998191
2022-04-28 17:45:00,2723.123577,2722.504459,2722.70734,-0.6191179999996166,-0.41623699999991004,-0.5176774999997633
2022-04-28 18:00:00,2723.122994,2722.505358,2722.70574,-0.6176359999999477,-0.41725399999995716,-0.5174449999999524
2022-04-28 18:15:00,2723.122994,2722.501662,2722.704273,-0.6213319999997111,-0.418721000000005,-0.5200264999998581
2022-04-28 18:30:00,2723.122418,2722.503996,2722.705442,-0.6184220000000096,-0.4169759999999769,-0.5176989999999932
2022-04-28 18:45:00,2723.122808,2722.49894,2722.705099,-0.6238680000001295,-0.4177090000002863,-0.5207885000002079
2022-04-28 19:00:00,2723.121838,2722.496811,2722.703639,-0.6250270000000455,-0.41819900000018606,-0.5216130000001158
2022-04-28 19:15:00,2723.119699,2722.49789,2722.703983,-0.6218089999997574,-0.4157159999999749,-0.5187624999998661
2022-04-28 19:30:00,2723.121058,2722.497036,2722.704609,-0.6240219999999681,-0.4164490000002843,-0.5202355000001262
2022-04-28 19:45:00,2723.121448,2722.498357,2722.703533,-0.6230909999999312,-0.4179149999999936,-0.5205029999999624
2022-04-28 20:00:00,2723.120668,2722.497111,2722.70247,-0.6235569999998916,-0.4181979999998475,-0.5208774999998695
2022-04-28 20:15:00,2723.122808,2722.498943,2722.703875,-0.6238650000000234,-0.4189329999999245,-0.521398999999974
2022-04-28 20:30:00,2723.123198,2722.499333,2722.704939,-0.6238649999995687,-0.41825899999957983,-0.5210619999995743
2022-04-28 20:45:00,2723.121835,2722.498985,2722.702843,-0.6228499999997439,-0.41899199999988923,-0.5209209999998166
2022-04-28 21:00:00,2723.122808,2722.498208,2722.702066,-0.6246000000001004,-0.42074200000024575,-0.5226710000001731
2022-04-28 21:15:00,2723.123774,2722.499765,2722.70289,-0.6240090000001146,-0.4208840000001146,-0.5224465000001146
2022-04-28 21:30:00,2723.122411,2722.498402,2722.70226,-0.6240089999996599,-0.4201509999998052,-0.5220799999997325
2022-04-28 21:45:00,2723.126103,2722.500811,2722.702737,-0.6252920000001723,-0.42336599999998725,-0.5243290000000798
2022-04-28 22:00:00,2723.123574,2722.499297,2722.70162,-0.6242770000003475,-0.421954000000369,-0.5231155000003582
2022-04-28 22:15:00,2723.121242,2722.498248,2722.70177,-0.6229940000002898,-0.4194720000000416,-0.5212330000001657
2022-04-28 22:30:00,2723.123574,2722.499565,2722.700887,-0.6240090000001146,-0.42268700000022363,-0.5233480000001691
2022-04-28 22:45:00,2723.124161,2722.500463,2722.700357,-0.6236980000003314,-0.4238040000000183,-0.5237510000001748
2022-04-28 23:00:00,2723.124157,2722.501629,2722.701524,-0.6225280000003295,-0.4226330000001326,-0.522580500000231
2022-04-28 23:15:00,2723.125717,2722.502019,2722.702197,-0.6236979999998766,-0.4235199999998258,-0.5236089999998512
2022-04-28 23:30:00,2723.124161,2722.499686,2722.700308,-0.6244750000000749,-0.4238530000002356,-0.5241640000001553
2022-04-28 23:45:00,2723.122994,2722.5012,2722.699668,-0.6217939999996815,-0.4233259999996335,-0.5225599999996575
2022-04-29 00:00:00,2723.122411,2722.501082,2722.699085,-0.621328999999605,-0.4233259999996335,-0.5223274999996192
2022-04-29 00:15:00,2723.123577,2722.501782,2722.700252,-0.6217950000000201,-0.4233249999997497,-0.5225599999998849
2022-04-29 00:30:00,2723.124744,2722.501973,2722.701908,-0.6227710000002844,-0.4228360000001885,-0.5228035000002365
2022-04-29 01:00:00,2723.124354,2722.503023,2722.700974,-0.6213309999998273,-0.4233800000001793,-0.5223555000000033
2022-04-29 01:15:00,2723.123381,2722.501316,2722.700001,-0.6220650000000205,-0.42337999999972453,-0.5227224999998725
2022-04-29 01:30:00,2723.127076,2722.501315,2722.701214,-0.6257610000002387,-0.4258620000000519,-0.5258115000001453
2022-04-29 01:45:00,2723.124744,2722.501197,2722.700141,-0.6235470000001442,-0.4246030000003884,-0.5240750000002663
2022-04-29 02:00:00,2723.122411,2722.50256,2722.698352,-0.619850999999926,-0.4240589999999429,-0.5219549999999344
2022-04-29 02:30:00,2723.124557,2722.503919,2722.701658,-0.6206379999998717,-0.42289900000014313,-0.5217685000000074
2022-04-29 02:45:00,2723.126496,2722.502949,2722.700728,-0.6235469999996894,-0.4257680000000619,-0.5246574999998757
2022-04-29 03:00:00,2723.124171,2722.505747,2722.700295,-0.6184239999997772,-0.4238759999998365,-0.5211499999998068
2022-04-29 03:15:00,2723.125723,2722.504069,2722.700441,-0.621654000000035,-0.42528200000015204,-0.5234680000000935
2022-04-29 03:30:00,2723.125137,2722.502748,2722.699795,-0.622389000000112,-0.42534200000000055,-0.5238655000000563
2022-04-29 03:45:00,2723.123391,2722.503217,2722.698108,-0.6201740000001337,-0.4252830000000358,-0.5227285000000848
2022-04-29 04:00:00,2723.124754,2722.506328,2722.701161,-0.6184259999999995,-0.42359299999998257,-0.521009499999991
2022-04-29 04:15:00,2723.125523,2722.50419,2722.699022,-0.6213330000000497,-0.4265010000003713,-0.5239170000002105
2022-04-29 04:30:00,2723.123577,2722.502242,2722.698825,-0.6213349999998172,-0.42475199999989854,-0.5230434999998579
2022-04-29 04:45:00,2723.123967,2722.498509,2722.697182,-0.6254579999999805,-0.426785000000109,-0.5261215000000448
2022-04-29 05:00:00,2723.123004,2722.497225,2722.698395,-0.6257789999999659,-0.4246090000001459,-0.5251940000000559
2022-04-29 05:15:00,2723.125337,2722.501772,2722.701461,-0.6235649999998714,-0.4238759999998365,-0.5237204999998539
2022-04-29 05:45:00,2723.123004,2722.498974,2722.699471,-0.6240299999999479,-0.42353300000013405,-0.523781500000041
2022-04-29 06:45:00,2723.127663,2722.50236,2722.700631,-0.6253030000002582,-0.4270320000000538,-0.526167500000156
2022-04-29 07:00:00,2723.128246,2722.503958,2722.702384,-0.6242880000004334,-0.4258620000000519,-0.5250750000002427
2022-04-29 07:15:00,2723.128246,2722.504692,2722.701704,-0.6235540000002402,-0.4265420000001541,-0.5250480000001971
2022-04-29 07:30:00,2723.126107,2722.503017,2722.700825,-0.6230900000000474,-0.42528200000015204,-0.5241860000000997
2022-04-29 07:45:00,2723.125327,2722.505934,2722.700045,-0.6193930000004002,-0.42528200000015204,-0.5223375000002761
2022-04-29 08:00:00,2723.12552,2722.50243,2722.698979,-0.6230900000000474,-0.4265410000002703,-0.5248155000001589
2022-04-29 08:15:00,2723.125327,2722.499317,2722.696392,-0.6260100000004059,-0.4289350000003651,-0.5274725000003855
2022-04-29 08:30:00,2723.124744,2722.499749,2722.696979,-0.6249950000001263,-0.4277650000003632,-0.5263800000002448
2022-04-29 08:45:00,2723.124161,2722.502849,2722.697862,-0.6213120000002164,-0.42629900000019916,-0.5238055000002078
2022-04-29 09:00:00,2723.126493,2722.505182,2722.699744,-0.6213110000003326,-0.4267490000001999,-0.5240300000002662
2022-04-29 09:15:00,2723.123191,2722.505378,2722.699416,-0.6178130000002966,-0.4237750000002052,-0.5207940000002509
2022-04-29 09:30:00,2723.124167,2722.50064,2722.698642,-0.6235269999997399,-0.42552500000010696,-0.5245259999999234
2022-04-29 09:45:00,2723.123584,2722.501806,2722.698262,-0.6217779999997219,-0.42532200000005105,-0.5235499999998865
2022-04-29 10:00:00,2723.123001,2722.501222,2722.698209,-0.6217790000000605,-0.42479199999979755,-0.523285499999929
2022-04-29 10:15:00,2723.124167,2722.505535,2722.698845,-0.6186320000001615,-0.42532200000005105,-0.5219770000001063
2022-04-29 10:30:00,2723.125917,2722.505069,2722.701274,-0.6208480000000236,-0.4246429999998327,-0.5227454999999281
2022-04-29 11:00:00,2723.125333,2722.50227,2722.700744,-0.6230630000000019,-0.42458899999974165,-0.5238259999998718
2022-04-29 11:30:00,2723.122418,2722.502853,2722.702344,-0.619564999999966,-0.4200740000001133,-0.5198195000000396
2022-04-29 11:45:00,2723.127666,2722.501385,2722.702551,-0.6262809999998353,-0.42511500000000524,-0.5256979999999203
2022-04-29 12:00:00,2723.124167,2722.497886,2722.699092,-0.6262809999998353,-0.42507500000010623,-0.5256779999999708
2022-04-29 12:15:00,2723.125137,2722.498856,2722.700548,-0.6262809999998353,-0.4245890000001964,-0.5254350000000159
2022-04-29 12:30:00,2723.12474,2722.49799,2722.700345,-0.6267500000003565,-0.4243950000000041,-0.5255725000001803
2022-04-29 12:45:00,2723.122408,2722.499157,2722.701322,-0.623250999999982,-0.42108600000028673,-0.5221685000001344
2022-04-29 13:00:00,2723.125323,2722.497799,2722.702638,-0.627523999999994,-0.4226850000000013,-0.5251044999999976
2022-04-29 13:15:00,2723.122408,2722.491187,2722.700791,-0.631221000000096,-0.42161699999996927,-0.5264190000000326
2022-04-29 13:30:00,2723.125327,2722.496633,2722.702204,-0.6286939999999959,-0.42312300000003233,-0.5259085000000141
2022-04-29 13:45:00,2723.122991,2722.493986,2722.700889,-0.6290050000002338,-0.4221019999999953,-0.5255535000001146
2022-04-29 14:00:00,2723.123574,2722.495035,2722.702691,-0.6285390000002735,-0.4208830000002308,-0.5247110000002522
2022-04-29 14:15:00,2723.120658,2722.494419,2722.703221,-0.626238999999714,-0.4174369999996088,-0.5218379999996614
2022-04-29 14:30:00,2723.121825,2722.493287,2722.700888,-0.6285380000003897,-0.42093700000032186,-0.5247375000003558
2022-04-29 14:45:00,2723.123577,2722.491655,2722.701471,-0.6319220000000314,-0.4221059999999852,-0.5270140000000083
2022-04-29 15:00:00,2723.118326,2722.491381,2722.698459,-0.6269449999999779,-0.41986699999961274,-0.5234059999997953
2022-04-29 15:15:00,2723.121242,2722.49049,2722.701038,-0.6307520000000295,-0.42020400000001246,-0.525478000000021
2022-04-29 15:30:00,2723.122608,2722.490222,2722.702741,-0.6323860000002242,-0.4198670000000675,-0.5261265000001458
2022-04-29 15:45:00,2723.123387,2722.490733,2722.701771,-0.6326540000000023,-0.4216160000000855,-0.5271350000000439
2022-04-29 16:00:00,2723.122608,2722.490689,2722.701725,-0.6319189999999253,-0.4208830000002308,-0.5264010000000781
2022-04-29 16:15:00,2723.120085,2722.4877,2722.700218,-0.6323849999998856,-0.4198670000000675,-0.5261259999999766
2022-04-29 16:30:00,2723.12475,2722.489417,2722.703571,-0.6353330000001733,-0.42117899999993824,-0.5282560000000558
2022-04-29 16:45:00,2723.122804,2722.489687,2722.702205,-0.6331170000003112,-0.42059900000003836,-0.5268580000001748
2022-04-29 17:15:00,2723.123001,2722.487938,2722.702348,-0.6350629999997182,-0.4206530000001294,-0.5278579999999238
2022-04-29 17:30:00,2723.121835,2722.484556,2722.700012,-0.637279000000035,-0.4218230000001313,-0.5295510000000831
2022-04-29 17:45:00,2723.120085,2722.486461,2722.700692,-0.6336240000000544,-0.41939300000012736,-0.5265085000000909
2022-04-29 18:00:00,2723.122028,2722.484905,2722.700151,-0.6371229999999741,-0.4218769999997676,-0.5294999999998709
2022-04-29 18:15:00,2723.121248,2722.485606,2722.699862,-0.6356419999997343,-0.42138599999998405,-0.5285139999998592
2022-04-29 18:30:00,2723.120665,2722.484559,2722.699279,-0.636105999999927,-0.42138599999998405,-0.5287459999999555
2022-04-29 18:45:00,2723.120668,2722.485607,2722.698296,-0.6350609999999506,-0.42237199999999575,-0.5287164999999732
2022-04-29 19:00:00,2723.120085,2722.485024,2722.697712,-0.6350609999999506,-0.42237299999987954,-0.5287169999999151
2022-04-29 19:15:00,2723.121252,2722.486658,2722.698146,-0.6345940000001065,-0.4231059999997342,-0.5288499999999203
2022-04-29 19:30:00,2723.123194,2722.485652,2722.701069,-0.6375419999999394,-0.4221249999995962,-0.5298334999997678
2022-04-29 19:45:00,2723.119889,2722.48631,2722.700246,-0.6335790000002817,-0.4196430000001783,-0.52661100000023
2022-04-29 20:15:00,2723.120665,2722.48634,2722.700439,-0.6343249999999898,-0.42022599999972954,-0.5272754999998597
2022-04-29 20:30:00,2723.122021,2722.483319,2722.700635,-0.638702000000194,-0.42138599999998405,-0.530044000000089
2022-04-29 20:45:00,2723.122218,2722.486733,2722.701848,-0.6354849999997896,-0.4203699999998207,-0.5279274999998051
2022-04-29 21:00:00,2723.125323,2722.48809,2722.702188,-0.6372330000003785,-0.42313500000000204,-0.5301840000001903
2022-04-29 21:15:00,2723.123188,2722.487392,2722.702238,-0.6357960000000276,-0.42095000000017535,-0.5283730000001015
2022-04-29 21:30:00,2723.124167,2722.488218,2722.703064,-0.6359489999999823,-0.4211030000001301,-0.5285260000000562
2022-04-29 21:45:00,2723.123584,2722.487635,2722.702481,-0.6359489999999823,-0.4211030000001301,-0.5285260000000562
2022-04-29 22:00:00,2723.123584,2722.485419,2722.701222,-0.6381649999998444,-0.4223619999997936,-0.530263499999819
2022-04-29 22:15:00,2723.124167,2722.486002,2722.701746,-0.6381649999998444,-0.42242099999975835,-0.5302929999998014
2022-04-29 22:30:00,2723.125527,2722.489775,2722.701356,-0.6357520000001387,-0.4241710000001149,-0.5299615000001268
2022-04-29 22:45:00,2723.121638,2722.487903,2722.699069,-0.6337349999998878,-0.4225690000002942,-0.528152000000091
2022-04-29 23:00:00,2723.12475,2722.48705,2722.700432,-0.6376999999997679,-0.4243179999998574,-0.5310089999998127
2022-04-29 23:15:00,2723.123194,2722.487243,2722.700625,-0.6359509999997499,-0.42256899999983943,-0.5292599999997947
2022-04-29 23:30:00,2723.125333,2722.487636,2722.700519,-0.6376970000001165,-0.4248139999999694,-0.531255500000043
2022-04-30 00:00:00,2723.125917,2722.486777,2722.700576,-0.6391399999997702,-0.425340999999662,-0.5322404999997161
2022-04-30 00:15:00,2723.125527,2722.489763,2722.701203,-0.6357640000001084,-0.42432400000006965,-0.530044000000089
2022-04-30 00:30:00,2723.126886,2722.488908,2722.701978,-0.6379780000002029,-0.42490799999995943,-0.5314430000000812
2022-04-30 00:45:00,2723.1265,2722.488802,2722.701442,-0.6376980000000003,-0.4250579999998081,-0.5313779999999042
2022-04-30 01:00:00,2723.127666,2722.494117,2722.705241,-0.6335489999996753,-0.42242499999974825,-0.5279869999997118
2022-04-30 01:30:00,2723.127083,2722.490852,2722.704658,-0.6362309999999525,-0.42242499999974825,-0.5293279999998504
2022-04-30 02:00:00,2723.125917,2722.491435,2722.702812,-0.6344819999999345,-0.4231049999998504,-0.5287934999998924
2022-04-30 02:15:00,2723.1265,2722.493498,2722.704075,-0.6330020000000331,-0.42242499999974825,-0.5277134999998907
2022-04-30 02:30:00,2723.127666,2722.491434,2722.704561,-0.6362319999998363,-0.4231049999998504,-0.5296684999998433
2022-04-30 02:45:00,2723.128249,2722.492017,2722.706314,-0.6362319999998363,-0.4219349999998485,-0.5290834999998424
2022-04-30 03:00:00,2723.127083,2722.491131,2722.70763,-0.6359519999996337,-0.4194529999999759,-0.5277024999998048
2022-04-30 03:15:00,2723.127666,2722.491433,2722.703828,-0.63623299999972,-0.42383799999970506,-0.5300354999997126
2022-04-30 03:45:00,2723.129609,2722.495322,2722.705924,-0.6342869999998584,-0.42368500000020504,-0.5289860000000317
2022-04-30 04:00:00,2723.126886,2722.491117,2722.704218,-0.635768999999982,-0.4226680000001579,-0.52921850000007
2022-04-30 04:15:00,2723.128826,2722.495127,2722.705731,-0.6336989999999787,-0.423095000000103,-0.5283970000000409
2022-04-30 04:30:00,2723.127276,2722.495203,2722.704662,-0.6320730000002186,-0.4226140000000669,-0.5273435000001427
2022-04-30 04:45:00,2723.128046,2722.492132,2722.705495,-0.635913999999957,-0.4225509999996575,-0.5292324999998073
2022-04-30 05:15:00,2723.127656,2722.494423,2722.705295,-0.6332330000000184,-0.42236099999990984,-0.5277969999999641
2022-04-30 05:30:00,2723.128239,2722.498702,2722.704618,-0.6295370000002549,-0.4236209999999119,-0.5265790000000834
2022-04-30 05:45:00,2723.125907,2722.496369,2722.703982,-0.6295380000001387,-0.42192500000010114,-0.5257315000001199
2022-04-30 06:00:00,2723.127656,2722.495436,2722.703492,-0.6322199999999611,-0.42416400000001886,-0.52819199999999
2022-04-30 06:15:00,2723.12552,2722.492834,2722.705345,-0.6326859999999215,-0.42017500000019936,-0.5264305000000604
2022-04-30 06:30:00,2723.127666,2722.497648,2722.705588,-0.6300179999998363,-0.4220780000000559,-0.5260479999999461
2022-04-30 06:45:00,2723.125913,2722.495131,2722.705491,-0.6307819999997264,-0.42042199999968943,-0.5256019999997079
2022-04-30 07:00:00,2723.128832,2722.493381,2722.704474,-0.635450999999648,-0.42435799999975643,-0.5299044999997022
2022-04-30 07:15:00,2723.126693,2722.494459,2722.704368,-0.6322340000001532,-0.4223250000000007,-0.527279500000077
2022-04-30 07:30:00,2723.125913,2722.49516,2722.702572,-0.6307529999999133,-0.4233409999997093,-0.5270469999998113
2022-04-30 07:45:00,2723.124357,2722.496285,2722.701688,-0.6280719999999747,-0.4226690000000417,-0.5253705000000082
2022-04-30 08:00:00,2723.126496,2722.495038,2722.702415,-0.6314579999998386,-0.42408099999966,-0.5277694999997493
2022-04-30 08:15:00,2723.124747,2722.493288,2722.701399,-0.6314589999997224,-0.4233479999998053,-0.5274034999997639
2022-04-30 08:30:00,2723.12533,2722.492391,2722.701983,-0.6329389999996238,-0.42334699999992154,-0.5281429999997727
2022-04-30 08:45:00,2723.125913,2722.491224,2722.702075,-0.6346889999999803,-0.42383799999970506,-0.5292634999998427
2022-04-30 09:00:00,2723.123577,2722.4889,2722.699159,-0.6346770000000106,-0.4244180000000597,-0.5295475000000351
2022-04-30 09:15:00,2723.124747,2722.492272,2722.700383,-0.6324749999998858,-0.42436399999996866,-0.5284194999999272
2022-04-30 09:30:00,2723.122994,2722.489473,2722.6998,-0.633520999999746,-0.42319399999996676,-0.5283574999998564
2022-04-30 09:45:00,2723.123581,2722.490639,2722.69726,-0.6329419999997299,-0.42632099999991624,-0.5296314999998231
2022-04-30 10:00:00,2723.124164,2722.489472,2722.697843,-0.6346919999996317,-0.42632099999991624,-0.530506499999774
2022-04-30 10:15:00,2723.121828,2722.488306,2722.69741,-0.6335219999996298,-0.42441799999960494,-0.5289699999996174
2022-04-30 10:30:00,2723.122611,2722.491149,2722.698773,-0.6314619999998285,-0.42383799999970506,-0.5276499999997668
2022-04-30 10:45:00,2723.122225,2722.491228,2722.698386,-0.6309970000002068,-0.4238390000000436,-0.5274180000001252
2022-04-30 11:30:00,2723.125913,2722.491687,2722.698576,-0.6342259999996713,-0.42733700000007957,-0.5307814999998755
2022-04-30 12:00:00,2723.124747,2722.490054,2722.698426,-0.6346929999999702,-0.42632099999991624,-0.5305069999999432
2022-04-30 12:15:00,2723.12533,2722.489199,2722.699069,-0.6361309999997502,-0.4262610000000677,-0.531195999999909
2022-04-30 12:30:00,2723.123577,2722.492115,2722.700176,-0.6314619999998285,-0.4234010000000126,-0.5274314999999206
2022-04-30 12:45:00,2723.121828,2722.492581,2722.698486,-0.6292469999998502,-0.42334200000004785,-0.526294499999949
2022-04-30 13:00:00,2723.125717,2722.490755,2722.699892,-0.6349620000000868,-0.4258249999998043,-0.5303934999999456
2022-04-30 13:15:00,2723.123581,2722.486686,2722.698003,-0.6368949999996403,-0.42557799999985946,-0.5312364999997499
2022-04-30 13:30:00,2723.122998,2722.487852,2722.69868,-0.6351459999996223,-0.4243179999998574,-0.5297319999997399
2022-04-30 13:45:00,2723.122998,2722.486372,2722.700186,-0.6366259999999784,-0.42281199999979435,-0.5297189999998864
2022-04-30 14:00:00,2723.122411,2722.488902,2722.700486,-0.6335089999997763,-0.4219249999996464,-0.5277169999997113
2022-04-30 14:15:00,2723.123577,2722.488588,2722.700919,-0.6349889999996776,-0.4226579999999558,-0.5288234999998167
2022-04-30 14:30:00,2723.124164,2722.486256,2722.698096,-0.6379079999996975,-0.4260679999997592,-0.5319879999997283
2022-04-30 14:45:00,2723.121052,2722.486063,2722.697223,-0.6349890000001324,-0.42382899999984147,-0.5294089999999869
2022-04-30 15:00:00,2723.123581,2722.488593,2722.699753,-0.6349879999997938,-0.4238279999999577,-0.5294079999998758
2022-04-30 15:15:00,2723.123581,2722.48906,2722.700769,-0.6345209999999497,-0.42281199999979435,-0.528666499999872
2022-04-30 15:45:00,2723.123384,2722.489133,2722.699799,-0.6342509999999493,-0.42358500000000276,-0.528917999999976
2022-04-30 16:00:00,2723.120862,2722.491001,2722.700186,-0.6298610000003464,-0.420676000000185,-0.5252685000002657
2022-04-30 16:15:00,2723.122225,2722.489135,2722.698387,-0.6330900000002657,-0.4238380000001598,-0.5284640000002128
2022-04-30 16:45:00,2723.120089,2722.485094,2722.698,-0.6349949999998898,-0.4220890000001418,-0.5285420000000158
2022-04-30 17:00:00,2723.120475,2722.486229,2722.697901,-0.6342460000000756,-0.42257400000016787,-0.5284100000001217
2022-04-30 17:15:00,2723.121248,2722.487187,2722.69916,-0.6340609999997469,-0.4220879999998033,-0.5280744999997751
2022-04-30 17:45:00,2723.121831,2722.484088,2722.699743,-0.637742999999773,-0.4220879999998033,-0.5299154999997882
2022-04-30 18:00:00,2723.120082,2722.483623,2722.69999,-0.6364589999998316,-0.4200919999998405,-0.528275499999836
2022-04-30 18:15:00,2723.120079,2722.48479,2722.700423,-0.6352889999998297,-0.4196560000000318,-0.5274724999999307
2022-04-30 18:30:00,2723.120468,2722.484166,2722.699064,-0.6363019999998869,-0.421404000000166,-0.5288530000000264
2022-04-30 18:45:00,2723.119499,2722.484946,2722.698827,-0.6345529999998689,-0.42067199999974036,-0.5276124999998046
2022-04-30 19:00:00,2723.120082,2722.487746,2722.700144,-0.632336000000123,-0.4199380000000019,-0.5261370000000625
2022-04-30 19:15:00,2723.119499,2722.490393,2722.700577,-0.6291059999998652,-0.4189219999998386,-0.5240139999998519
2022-04-30 19:30:00,2723.120082,2722.48903,2722.70067,-0.6310519999997268,-0.4194119999997383,-0.5252319999997326
2022-04-30 19:45:00,2723.121831,2722.488761,2722.70291,-0.6330699999998615,-0.4189209999999548,-0.5259954999999081
2022-04-30 20:00:00,2723.120858,2722.486308,2722.700187,-0.6345500000002176,-0.4206710000003113,-0.5276105000002644
2022-04-30 20:15:00,2723.119885,2722.484869,2722.700963,-0.6350160000001779,-0.41892200000029334,-0.5269690000002356
2022-04-30 20:30:00,2723.121248,2722.489181,2722.702759,-0.6320670000000064,-0.418489000000136,-0.5252780000000712
2022-04-30 21:00:00,2723.121445,2722.491865,2722.705042,-0.62958000000026,-0.41640300000017305,-0.5229915000002165
2022-04-30 21:15:00,2723.122414,2722.490817,2722.702512,-0.6315970000000561,-0.4199020000000928,-0.5257495000000745
2022-04-30 21:45:00,2723.122028,2722.489964,2722.704029,-0.6320639999999003,-0.4179989999997815,-0.5250314999998409
2022-04-30 22:00:00,2723.120672,2722.49277,2722.701656,-0.6279020000001765,-0.41901599999982864,-0.5234590000000026
2022-04-30 22:15:00,2723.121838,2722.492455,2722.702822,-0.6293829999999616,-0.41901599999982864,-0.5241994999998951
2022-04-30 22:30:00,2723.121058,2722.494199,2722.702622,-0.6268589999999676,-0.4184360000003835,-0.5226475000001756
2022-04-30 22:45:00,2723.122998,2722.493923,2722.702079,-0.6290749999998297,-0.4209189999996852,-0.5249969999997575
2022-04-30 23:00:00,2723.121831,2722.494506,2722.701983,-0.627324999999928,-0.4198480000000018,-0.5235864999999649
2022-04-30 23:15:00,2723.121638,2722.494581,2722.703539,-0.6270570000001499,-0.4180989999999838,-0.5225780000000668
2022-04-30 23:30:00,2723.125917,2722.495092,2722.702812,-0.6308249999997315,-0.4231049999998504,-0.526964999999791
2022-04-30 23:45:00,2723.123001,2722.494659,2722.701646,-0.6283419999999751,-0.42135499999994863,-0.5248484999999619
2022-05-01 00:00:00,2723.123584,2722.495708,2722.703246,-0.6278760000000148,-0.4203379999999015,-0.5241069999999581
2022-05-01 00:30:00,2723.124167,2722.497306,2722.703303,-0.6268609999997352,-0.4208640000001651,-0.5238624999999502
2022-05-01 00:45:00,2723.123001,2722.492909,2722.70287,-0.6300919999998769,-0.4201309999998557,-0.5251114999998663
2022-05-01 01:00:00,2723.123971,2722.495514,2722.704519,-0.6284569999997984,-0.4194520000000921,-0.5239544999999453
2022-05-01 01:15:00,2723.121252,2722.494671,2722.704079,-0.6265809999999874,-0.4171729999998206,-0.521876999999904
2022-05-01 01:30:00,2723.12475,2722.496419,2722.704813,-0.6283309999998892,-0.41993700000011813,-0.5241340000000037
2022-05-01 01:45:00,2723.122998,2722.494355,2722.705305,-0.6286430000000109,-0.417692999999872,-0.5231679999999415
2022-05-01 02:00:00,2723.123384,2722.496688,2722.704185,-0.6266959999998107,-0.41919899999993504,-0.5229474999998729
2022-05-01 02:15:00,2723.12474,2722.494348,2722.706032,-0.6303920000000289,-0.4187080000001515,-0.5245500000000902
2022-05-01 02:30:00,2723.124157,2722.493298,2722.705692,-0.6308590000003278,-0.4184650000001966,-0.5246620000002622
2022-05-01 03:15:00,2723.122991,2722.496561,2722.705259,-0.626430000000255,-0.41773200000034194,-0.5220810000002984
2022-05-01 03:30:00,2723.122408,2722.495513,2722.706425,-0.6268950000003315,-0.41598300000032395,-0.5214390000003277
2022-05-01 03:45:00,2723.122408,2722.495511,2722.705013,-0.6268970000000991,-0.417395000000397,-0.522146000000248
2022-05-01 04:00:00,2723.12513,2722.493254,2722.705253,-0.6318759999999202,-0.41987699999981487,-0.5258764999998675
2022-05-01 04:15:00,2723.124744,2722.495081,2722.706125,-0.6296630000001642,-0.41861900000003516,-0.5241410000000997
2022-05-01 04:30:00,2723.124161,2722.495048,2722.705542,-0.6291129999999612,-0.41861900000003516,-0.5238659999999982
2022-05-01 04:45:00,2723.124167,2722.493448,2722.706708,-0.6307189999997718,-0.41745899999978064,-0.5240889999997762
2022-05-01 05:00:00,2723.124744,2722.494614,2722.705585,-0.6301300000000083,-0.41915900000003603,-0.5246445000000222
2022-05-01 05:15:00,2723.123584,2722.49508,2722.704906,-0.6285039999997935,-0.4186779999999999,-0.5235909999998967
2022-05-01 05:45:00,2723.12591,2722.492874,2722.704606,-0.6330360000001747,-0.42130400000041845,-0.5271700000002966
2022-05-01 06:00:00,2723.125917,2722.498189,2722.704756,-0.6277279999999337,-0.4211609999997563,-0.524444499999845
2022-05-01 06:30:00,2723.127076,2722.499358,2722.708422,-0.6277180000001863,-0.4186540000000605,-0.5231860000001234
2022-05-01 06:45:00,2723.126493,2722.498775,2722.709305,-0.6277180000001863,-0.41718800000035117,-0.5224530000002687
2022-05-01 07:00:00,2723.126686,2722.500449,2722.711888,-0.6262369999999464,-0.41479800000024625,-0.5205175000000963
2022-05-01 07:15:00,2723.127073,2722.499085,2722.711748,-0.6279880000001867,-0.4153249999999389,-0.5216565000000628
2022-05-01 07:30:00,2723.121438,2722.498699,2722.709612,-0.6227389999999104,-0.4118260000000191,-0.5172824999999648
2022-05-01 07:45:00,2723.124167,2722.495743,2722.707875,-0.6284239999999954,-0.41629199999988487,-0.5223579999999401
2022-05-01 08:00:00,2723.122998,2722.493527,2722.707726,-0.6294709999997394,-0.41527199999973163,-0.5223714999997355
2022-05-01 08:15:00,2723.119499,2722.493062,2722.705976,-0.6264369999998962,-0.41352299999971365,-0.5199799999998049
2022-05-01 08:30:00,2723.123581,2722.493645,2722.708795,-0.629935999999816,-0.4147859999998218,-0.5223609999998189
2022-05-01 08:45:00,2723.121248,2722.495276,2722.707236,-0.6259719999998197,-0.4140119999997296,-0.5199919999997746
2022-05-01 09:00:00,2723.121635,2722.493448,2722.707622,-0.628186999999798,-0.41401300000006813,-0.5210999999999331
2022-05-01 09:15:00,2723.122408,2722.494221,2722.707662,-0.6281870000002527,-0.41474600000037753,-0.5214665000003151
2022-05-01 09:30:00,2723.122021,2722.492083,2722.705035,-0.6299380000000383,-0.41698600000017905,-0.5234620000001087
2022-05-01 09:45:00,2723.121635,2722.490765,2722.706156,-0.630869999999959,-0.41547899999977744,-0.5231744999998682
2022-05-01 10:00:00,2723.122408,2722.488773,2722.70522,-0.6336350000001403,-0.41718800000035117,-0.5254115000002457
2022-05-01 10:15:00,2723.119695,2722.488969,2722.704193,-0.6307259999998678,-0.41550199999983306,-0.5231139999998504
2022-05-01 10:30:00,2723.122414,2722.488313,2722.704003,-0.6341010000001006,-0.41841100000010556,-0.5262560000001031
2022-05-01 10:45:00,2723.122218,2722.488894,2722.703073,-0.6333239999999023,-0.419144999999844,-0.5262344999998732
2022-05-01 11:00:00,2723.121248,2722.488617,2722.704279,-0.6326309999999467,-0.4169689999998809,-0.5247999999999138
2022-05-01 11:15:00,2723.122408,2722.487616,2722.702773,-0.6347920000002887,-0.4196350000001985,-0.5272135000002436
2022-05-01 11:30:00,2723.120862,2722.487229,2722.700151,-0.6336330000003727,-0.42071100000021033,-0.5271720000002915
2022-05-01 11:45:00,2723.120468,2722.482994,2722.699614,-0.6374740000001111,-0.420853999999963,-0.529164000000037
2022-05-01 12:00:00,2723.122998,2722.4854,2722.699651,-0.637597999999798,-0.42334699999992154,-0.5304724999998598
2022-05-01 12:15:00,2723.121831,2722.485983,2722.697995,-0.6358479999998963,-0.4238359999999375,-0.5298419999999169
2022-05-01 12:30:00,2723.122221,2722.485358,2722.700134,-0.6368630000001758,-0.4220869999999195,-0.5294750000000477
2022-05-01 12:45:00,2723.121831,2722.488353,2722.70018,-0.6334779999997409,-0.4216510000001108,-0.5275644999999258
2022-05-01 13:00:00,2723.120472,2722.490493,2722.700085,-0.6299790000002758,-0.42038700000011886,-0.5251830000001974
2022-05-01 13:15:00,2723.123001,2722.491582,2722.6997,-0.6314189999998234,-0.4233009999998103,-0.5273599999998169
2022-05-01 13:30:00,2723.122418,2722.494655,2722.69985,-0.627762999999959,-0.42256799999995565,-0.5251654999999573
2022-05-01 13:45:00,2723.121248,2722.489053,2722.700133,-0.632195000000138,-0.4211150000000998,-0.5266550000001189
2022-05-01 14:00:00,2723.123387,2722.488739,2722.699597,-0.6346480000001975,-0.423790000000281,-0.5292190000002392
2022-05-01 14:15:00,2723.120272,2722.485128,2722.70047,-0.6351440000003095,-0.41980199999989054,-0.5274730000001
2022-05-01 14:30:00,2723.120858,2722.481749,2722.70004,-0.6391090000001896,-0.42081800000005387,-0.5299635000001217
2022-05-01 14:45:00,2723.121252,2722.485518,2722.703343,-0.6357339999999567,-0.41790899999978137,-0.526821499999869
2022-05-01 15:00:00,2723.119502,2722.485788,2722.702857,-0.6337140000000545,-0.41664499999978943,-0.525179499999922
2022-05-01 15:15:00,2723.120668,2722.482299,2722.699354,-0.6383690000002389,-0.42131400000016583,-0.5298415000002024
2022-05-01 15:30:00,2723.119306,2722.48164,2722.698671,-0.6376660000000811,-0.42063499999994747,-0.5291505000000143
2022-05-01 15:45:00,2723.122221,2722.483273,2722.70071,-0.638948000000255,-0.4215110000000095,-0.5302295000001322
2022-05-01 16:00:00,2723.121631,2722.482684,2722.701007,-0.6389469999999164,-0.42062399999986155,-0.529785499999889
2022-05-01 16:15:00,2723.120079,2722.4814,2722.701783,-0.6386789999996836,-0.4182959999998275,-0.5284874999997555
2022-05-01 16:45:00,2723.118922,2722.482153,2722.703046,-0.6367690000001858,-0.41587600000002567,-0.5263225000001057
2022-05-01 17:00:00,2723.120672,2722.479937,2722.700131,-0.6407349999999497,-0.4205409999999574,-0.5306379999999535
2022-05-01 17:15:00,2723.121058,2722.486505,2722.703283,-0.6345530000003237,-0.41777500000034706,-0.5261640000003354
2022-05-01 17:30:00,2723.121245,2722.482258,2722.701384,-0.6389869999998155,-0.41986099999985527,-0.5294239999998354
2022-05-01 17:45:00,2723.117943,2722.481172,2722.699305,-0.6367710000004081,-0.4186380000001009,-0.5277045000002545
2022-05-01 18:00:00,2723.118139,2722.479154,2722.699011,-0.6389850000000479,-0.4191280000000006,-0.5290565000000242
2022-05-01 18:15:00,2723.121248,2722.483309,2722.700767,-0.6379389999997329,-0.4204810000001089,-0.5292099999999209
2022-05-01 18:30:00,2723.11736,2722.479109,2722.699797,-0.6382510000003094,-0.4175629999999728,-0.5279070000001411
2022-05-01 18:45:00,2723.118336,2722.483514,2722.699168,-0.6348219999999856,-0.4191679999998996,-0.5269949999999426
2022-05-01 19:00:00,2723.118922,2722.480985,2722.700334,-0.6379369999999653,-0.41858799999999974,-0.5282624999999825
2022-05-01 19:15:00,2723.121255,2722.485265,2722.700917,-0.6359900000002199,-0.4203379999999015,-0.5281640000000607
2022-05-01 19:45:00,2723.1162,2722.481185,2722.699118,-0.6350149999998393,-0.41708199999993667,-0.526048499999888
2022-05-01 20:00:00,2723.116586,2722.479356,2722.700674,-0.6372300000002724,-0.4159119999999348,-0.5265710000001036
2022-05-01 20:15:00,2723.117356,2722.479969,2722.702183,-0.6373870000002171,-0.41517300000032265,-0.5262800000002699
2022-05-01 20:30:00,2723.11541,2722.480239,2722.699558,-0.6351709999999002,-0.41585200000008626,-0.5255114999999932
2022-05-01 20:45:00,2723.118326,2722.482575,2722.701894,-0.6357509999998001,-0.41643199999998615,-0.5260914999998931
2022-05-01 21:15:00,2723.119692,2722.484719,2722.703254,-0.6349730000001728,-0.41643800000019837,-0.5257055000001856
2022-05-01 21:30:00,2723.119502,2722.484713,2722.702534,-0.6347890000001826,-0.4169679999999971,-0.5258785000000898
2022-05-01 21:45:00,2723.118919,2722.483665,2722.703457,-0.6352539999998044,-0.41546199999993405,-0.5253579999998692
2022-05-01 22:00:00,2723.119699,2722.486505,2722.705213,-0.6331940000000031,-0.41448599999966973,-0.5238399999998364
2022-05-01 22:15:00,2723.120085,2722.484676,2722.70385,-0.6354089999999815,-0.41623500000014246,-0.525822000000062
2022-05-01 22:30:00,2723.118143,2722.484483,2722.70394,-0.6336599999999635,-0.41420300000027055,-0.523931500000117
2022-05-01 22:45:00,2723.119116,2722.486191,2722.703897,-0.6329249999998865,-0.41521899999997913,-0.5240719999999328
2022-05-01 23:00:00,2723.118726,2722.485801,2722.702566,-0.6329250000003412,-0.41616000000021813,-0.5245425000002797
2022-05-01 23:15:00,2723.122614,2722.483975,2722.703204,-0.6386389999997846,-0.41940999999997075,-0.5290244999998777
2022-05-01 23:30:00,2723.120668,2722.487475,2722.703493,-0.6331930000001194,-0.41717500000004293,-0.5251840000000811
2022-05-01 23:45:00,2723.117749,2722.483778,2722.700808,-0.6339710000002015,-0.4169409999999516,-0.5254560000000765
2022-05-02 00:00:00,2723.120668,2722.486459,2722.699301,-0.6342089999998279,-0.42136699999991833,-0.5277879999998731
2022-05-02 00:15:00,2723.118139,2722.484633,2722.699691,-0.6335060000001249,-0.4184480000003532,-0.5259770000002391
2022-05-02 00:30:00,2723.120089,2722.485414,2722.700754,-0.6346749999997883,-0.4193350000000464,-0.5270049999999173
2022-05-02 00:45:00,2723.119502,2722.484246,2722.702277,-0.6352560000000267,-0.41722500000014406,-0.5262405000000854
2022-05-02 01:00:00,2723.119889,2722.486382,2722.70251,-0.6335070000000087,-0.4173789999999826,-0.5254429999999957
2022-05-02 01:15:00,2723.120079,2722.485104,2722.703717,-0.6349749999999403,-0.4163619999999355,-0.5256684999999379
2022-05-02 01:45:00,2723.123577,2722.485102,2722.7027,-0.6384749999997439,-0.4208770000000186,-0.5296759999998812
2022-05-02 02:00:00,2723.119692,2722.486185,2722.702031,-0.6335070000000087,-0.4176610000004075,-0.5255840000002081
2022-05-02 02:15:00,2723.120472,2722.484212,2722.701344,-0.6362600000002203,-0.4191280000000006,-0.5276940000001105
2022-05-02 02:30:00,2723.120275,2722.486767,2722.703387,-0.6335080000003472,-0.4168880000001991,-0.5251980000002732
2022-05-02 02:45:00,2723.121835,2722.486577,2722.70461,-0.6352579999997943,-0.41722500000014406,-0.5262414999999692
2022-05-02 03:00:00,2723.121252,2722.483778,2722.702857,-0.6374740000001111,-0.4183949999996912,-0.5279344999999012
2022-05-02 03:15:00,2723.118919,2722.483475,2722.701541,-0.6354440000000068,-0.41737800000009884,-0.5264110000000528
2022-05-02 03:30:00,2723.120279,2722.483551,2722.702617,-0.636728000000403,-0.4176620000002913,-0.5271950000003471
2022-05-02 03:45:00,2723.122608,2722.488096,2722.703723,-0.6345120000000861,-0.4188850000000457,-0.5266985000000659
2022-05-02 04:00:00,2723.120079,2722.488319,2722.703434,-0.6317599999997583,-0.41664499999978943,-0.5242024999997739
2022-05-02 04:15:00,2723.120662,2722.487151,2722.70475,-0.6335109999999986,-0.4159119999999348,-0.5247114999999667
2022-05-02 04:30:00,2723.121828,2722.4851,2722.701684,-0.6367279999999482,-0.4201439999997092,-0.5284359999998287
2022-05-02 04:45:00,2723.121441,2722.486181,2722.702031,-0.6352599999995618,-0.41940999999997075,-0.5273349999997663
2022-05-02 05:00:00,2723.120668,2722.487157,2722.702274,-0.6335109999999986,-0.4183939999998074,-0.525952499999903
2022-05-02 05:15:00,2723.121055,2722.485328,2722.703151,-0.6357269999998607,-0.4179039999999077,-0.5268154999998842
2022-05-02 05:30:00,2723.122611,2722.48618,2722.702521,-0.6364309999999023,-0.42008999999961816,-0.5282604999997602
2022-05-02 05:45:00,2723.123974,2722.487543,2722.704901,-0.6364309999999023,-0.4190730000000258,-0.527751999999964
2022-05-02 06:00:00,2723.122611,2722.489876,2722.70625,-0.6327349999996841,-0.41636099999959697,-0.5245479999996405
2022-05-02 06:15:00,2723.121838,2722.487622,2722.705679,-0.634215999999924,-0.4161589999998796,-0.5251874999999018
2022-05-02 06:45:00,2723.122031,2722.491045,2722.704856,-0.6309859999996661,-0.41717500000004293,-0.5240804999998545
2022-05-02 07:00:00,2723.118336,2722.487349,2722.703193,-0.6309870000000046,-0.415143000000171,-0.5230650000000878
2022-05-02 07:15:00,2723.121252,2722.488246,2722.700861,-0.633006000000023,-0.42039100000010876,-0.5266985000000659
2022-05-02 07:30:00,2723.122994,2722.489098,2722.704363,-0.6338959999998224,-0.41863100000000486,-0.5262634999999136
2022-05-02 08:00:00,2723.121828,2722.486885,2722.704213,-0.6349430000000211,-0.41761499999984153,-0.5262789999999313
2022-05-02 08:15:00,2723.120855,2722.487661,2722.703973,-0.6331940000000031,-0.4168819999999869,-0.525037999999995
2022-05-02 08:30:00,2723.120272,2722.488546,2722.702864,-0.6317260000000715,-0.41740800000025047,-0.524567000000161
2022-05-02 08:45:00,2723.123387,2722.490492,2722.703734,-0.6328950000001896,-0.41965299999992567,-0.5262740000000576
2022-05-02 09:00:00,2723.123574,2722.49333,2722.705374,-0.6302440000004026,-0.41820000000006985,-0.5242220000002362
2022-05-02 09:15:00,2723.122025,2722.491075,2722.704607,-0.6309500000002117,-0.41741799999999785,-0.5241840000001048
2022-05-02 09:30:00,2723.122418,2722.487969,2722.701501,-0.6344490000001315,-0.4209169999999176,-0.5276830000000245
2022-05-02 09:45:00,2723.120668,2722.486488,2722.700282,-0.6341800000000148,-0.42038600000023507,-0.527283000000125
2022-05-02 10:00:00,2723.122028,2722.487112,2722.703144,-0.6349159999999756,-0.41888399999970716,-0.5268999999998414
2022-05-02 10:15:00,2723.121248,2722.485867,2722.702081,-0.6353810000000522,-0.41916700000001583,-0.527274000000034
2022-05-02 10:30:00,2723.121248,2722.484851,2722.700331,-0.6363969999997607,-0.4209169999999176,-0.5286569999998392
2022-05-02 10:45:00,2723.121835,2722.483802,2722.701781,-0.638032999999723,-0.42005399999970905,-0.529043499999716
2022-05-02 11:00:00,2723.122028,2722.482246,2722.699208,-0.639781999999741,-0.42281999999977415,-0.5313009999997576
2022-05-02 11:15:00,2723.117746,2722.482789,2722.700085,-0.6349569999997584,-0.41766099999995276,-0.5263089999998556
2022-05-02 11:30:00,2723.118722,2722.484076,2722.699402,-0.6346459999999752,-0.4193199999999706,-0.5269829999999729
2022-05-02 12:00:00,2723.123777,2722.484152,2722.701448,-0.6396249999997963,-0.42232899999999063,-0.5309769999998935
2022-05-02 12:15:00,2723.122998,2722.481706,2722.701685,-0.6412919999997939,-0.4213129999998273,-0.5313024999998106
2022-05-02 12:30:00,2723.119499,2722.482637,2722.701195,-0.6368619999998373,-0.4183039999998073,-0.5275829999998223
2022-05-02 13:00:00,2723.122998,2722.483922,2722.702418,-0.6390759999999318,-0.42057999999997264,-0.5298279999999522
2022-05-02 13:45:00,2723.118722,2722.487309,2722.700571,-0.631413000000066,-0.41815100000030725,-0.5247820000001866
2022-05-02 14:00:00,2723.120279,2722.485635,2722.702128,-0.6346440000002076,-0.41815100000030725,-0.5263975000002574
2022-05-02 14:15:00,2723.118916,2722.486487,2722.701782,-0.6324289999997745,-0.4171339999998054,-0.52478149999979
2022-05-02 14:30:00,2723.119889,2722.483496,2722.701005,-0.6363930000002256,-0.4188840000001619,-0.5276385000001937
2022-05-02 14:45:00,2723.120279,2722.483887,2722.701111,-0.6363920000003418,-0.41916800000035437,-0.5277800000003481
2022-05-02 15:00:00,2723.117749,2722.481627,2722.701348,-0.6361219999998866,-0.4164009999999507,-0.5262614999999187
2022-05-02 15:30:00,2723.120082,2722.484158,2722.701198,-0.6359239999997044,-0.41888399999970716,-0.5274039999997058
2022-05-02 15:45:00,2723.117749,2722.48486,2722.702365,-0.6328889999999774,-0.4153839999999036,-0.5241364999999405
2022-05-02 16:00:00,2723.119889,2722.485715,2722.701738,-0.6341740000002574,-0.4181509999998525,-0.5261625000000549
2022-05-02 16:15:00,2723.11736,2722.483891,2722.701112,-0.633469000000332,-0.41624799999999595,-0.524858500000164
2022-05-02 16:30:00,2723.11658,2722.482646,2722.699598,-0.6339339999999538,-0.4169819999997344,-0.5254579999998441
2022-05-02 17:00:00,2723.11658,2722.482648,2722.703304,-0.6339319999997315,-0.41327599999976883,-0.5236039999997502
2022-05-02 17:30:00,2723.115997,2722.4816,2722.703208,-0.634396999999808,-0.4127889999999752,-0.5235929999998916
2022-05-02 17:45:00,2723.117749,2722.482649,2722.703057,-0.6350999999999658,-0.41469199999983175,-0.5248959999998988
2022-05-02 18:00:00,2723.116583,2722.481483,2722.703155,-0.6350999999999658,-0.4134279999998398,-0.5242639999999028
2022-05-02 18:15:00,2723.118916,2722.484283,2722.702721,-0.6346330000001217,-0.4161949999997887,-0.5254139999999552
2022-05-02 18:30:00,2723.117749,2722.483117,2722.704281,-0.6346319999997831,-0.41346800000019357,-0.5240499999999884
2022-05-02 18:45:00,2723.115414,2722.483234,2722.702624,-0.6321800000000621,-0.412789999999859,-0.5224849999999606
2022-05-02 19:00:00,2723.115997,2722.484284,2722.704224,-0.6317129999997633,-0.4117729999998119,-0.5217429999997876
2022-05-02 19:15:00,2723.116583,2722.486933,2722.703641,-0.6296499999998559,-0.41294199999993,-0.521295999999893
2022-05-02 19:30:00,2723.115027,2722.488761,2722.705494,-0.6262659999997595,-0.40953300000001036,-0.5178994999998849
2022-05-02 19:45:00,2723.115227,2722.485111,2722.703454,-0.6301159999998163,-0.4117729999998119,-0.5209444999998141
2022-05-02 20:00:00,2723.117363,2722.485497,2722.70559,-0.631865999999718,-0.4117729999998119,-0.521819499999765
2022-05-02 20:15:00,2723.117756,2722.48146,2722.705251,-0.6362960000001294,-0.4125050000002375,-0.5244005000001835
2022-05-02 20:30:00,2723.11659,2722.486193,2722.705248,-0.6303969999999026,-0.41134199999987686,-0.5208694999998897
2022-05-02 20:45:00,2723.117749,2722.482198,2722.706264,-0.6355509999998503,-0.41148500000008426,-0.5235179999999673
2022-05-02 21:00:00,2723.119885,2722.4848,2722.708117,-0.63508499999989,-0.4117679999999382,-0.5234264999999141
2022-05-02 21:15:00,2723.120658,2722.487042,2722.70836,-0.6336159999996198,-0.41229799999973693,-0.5229569999996784
2022-05-02 21:30:00,2723.122021,2722.488404,2722.708504,-0.6336169999999584,-0.41351699999995617,-0.5235669999999573
2022-05-02 21:45:00,2723.118916,2722.48853,2722.708366,-0.6303859999998167,-0.4105500000000575,-0.5204679999999371
2022-05-02 22:00:00,2723.120275,2722.484443,2722.707244,-0.6358320000003914,-0.41303100000004633,-0.5244315000002189
2022-05-02 22:15:00,2723.118912,2722.48308,2722.705148,-0.6358319999999367,-0.413763999999901,-0.5247979999999188
2022-05-02 22:30:00,2723.120079,2722.484247,2722.70603,-0.6358319999999367,-0.41404899999997724,-0.524940499999957
2022-05-02 22:45:00,2723.119885,2722.485803,2722.70787,-0.6340820000000349,-0.412014999999883,-0.523048499999959
2022-05-02 23:00:00,2723.119692,2722.48386,2722.70666,-0.6358320000003914,-0.41303200000038487,-0.5244320000003881
2022-05-02 23:15:00,2723.118719,2722.480952,2722.706218,-0.6377670000001672,-0.4125010000002476,-0.5251340000002074
2022-05-02 23:30:00,2723.121248,2722.482734,2722.705981,-0.6385139999997591,-0.41526699999985794,-0.5268904999998085
2022-05-02 23:45:00,2723.119109,2722.480594,2722.705591,-0.6385150000000976,-0.4135180000002947,-0.5260165000001962
2022-05-03 00:00:00,2723.119302,2722.482071,2722.707287,-0.6372310000001562,-0.412014999999883,-0.5246230000000196
2022-05-03 00:15:00,2723.123584,2722.4839,2722.70865,-0.639683999999761,-0.4149339999999029,-0.5273089999998319
2022-05-03 00:30:00,2723.120275,2722.48351,2722.706308,-0.6367650000001959,-0.41396700000041164,-0.5253660000003038
2022-05-03 00:45:00,2723.119889,2722.483434,2722.705971,-0.6364549999998417,-0.4139180000001943,-0.525186500000018
2022-05-03 01:00:00,2723.120668,2722.482733,2722.705531,-0.6379350000001978,-0.4151369999999588,-0.5265360000000783
2022-05-03 01:30:00,2723.120668,2722.485413,2722.706265,-0.6352550000001429,-0.41440300000022035,-0.5248290000001816
2022-05-03 01:45:00,2723.118526,2722.482225,2722.704068,-0.6363010000000031,-0.41445800000019517,-0.5253795000000991
2022-05-03 02:00:00,2723.117163,2722.484092,2722.704414,-0.6330709999997453,-0.4127490000000762,-0.5229099999999107
2022-05-03 02:15:00,2723.119885,2722.485065,2722.704902,-0.634820000000218,-0.41498300000012023,-0.5249015000001691
2022-05-03 02:45:00,2723.120082,2722.484712,2722.703651,-0.6353699999999662,-0.41643100000010236,-0.5259005000000343
2022-05-03 03:00:00,2723.121831,2722.485995,2722.705625,-0.6358359999999266,-0.4162059999998746,-0.5260209999999006
2022-05-03 03:15:00,2723.122998,2722.486158,2722.706117,-0.6368399999996655,-0.41688099999964834,-0.5268604999996569
2022-05-03 03:30:00,2723.122414,2722.483359,2722.704027,-0.6390550000000985,-0.4183869999997114,-0.528720999999905
2022-05-03 03:45:00,2723.120665,2722.483825,2722.705191,-0.6368400000001202,-0.41547399999990375,-0.526157000000012
2022-05-03 04:00:00,2723.120665,2722.483078,2722.705965,-0.6375869999997121,-0.41469999999981155,-0.5261434999997618
2022-05-03 04:15:00,2723.120082,2722.484244,2722.706114,-0.6358379999996941,-0.4139679999998407,-0.5249029999997674
2022-05-03 04:30:00,2723.120858,2722.485019,2722.706891,-0.6358390000000327,-0.41396700000041164,-0.5249030000002222
2022-05-03 04:45:00,2723.120665,2722.486421,2722.706262,-0.6342439999998533,-0.4144029999997656,-0.5243234999998094
2022-05-03 05:00:00,2723.121248,2722.484239,2722.705095,-0.6370090000000346,-0.4161530000001221,-0.5265810000000783
2022-05-03 05:15:00,2723.122221,2722.484478,2722.706068,-0.6377430000002278,-0.4161530000001221,-0.5269480000001749
2022-05-03 05:30:00,2723.121445,2722.487665,2722.706511,-0.6337800000001153,-0.41493400000035763,-0.5243570000002364
2022-05-03 05:45:00,2723.120472,2722.485211,2722.706271,-0.6352609999999004,-0.4142010000000482,-0.5247309999999743
2022-05-03 06:00:00,2723.124167,2722.489104,2722.70944,-0.6350629999997182,-0.41472699999985707,-0.5248949999997876
2022-05-03 06:30:00,2723.119499,2722.485718,2722.707745,-0.633780999999999,-0.41175399999974616,-0.5227674999998726
2022-05-03 06:45:00,2723.120665,2722.485135,2722.708911,-0.635530000000017,-0.41175399999974616,-0.5236419999998816
2022-05-03 07:00:00,2723.120082,2722.488248,2722.709494,-0.6318339999997988,-0.41058799999973417,-0.5212109999997665
2022-05-03 07:15:00,2723.119499,2722.486183,2722.71066,-0.6333159999999225,-0.4088389999997162,-0.5210774999998193
2022-05-03 07:45:00,2723.121248,2722.487467,2722.71066,-0.633780999999999,-0.41058799999973417,-0.5221844999998666
2022-05-03 08:15:00,2723.119109,2722.487273,2722.707841,-0.6318360000000212,-0.41126800000029107,-0.5215520000001561
2022-05-03 08:30:00,2723.117553,2722.48377,2722.706815,-0.6337830000002214,-0.4107380000000376,-0.5222605000001295
2022-05-03 08:45:00,2723.118916,2722.485598,2722.707161,-0.6333179999996901,-0.4117550000000847,-0.5225364999998874
2022-05-03 09:00:00,2723.118333,2722.481318,2722.705355,-0.637014999999792,-0.4129779999998391,-0.5249964999998156
2022-05-03 09:15:00,2723.121248,2722.485166,2722.708271,-0.6360819999999876,-0.4129769999999553,-0.5245294999999714
2022-05-03 09:45:00,2723.119499,2722.480268,2722.706521,-0.6392310000001089,-0.4129779999998391,-0.526104499999974
2022-05-03 10:00:00,2723.11658,2722.48443,2722.704282,-0.6321499999999105,-0.41229799999973693,-0.5222239999998237
2022-05-03 10:30:00,2723.121831,2722.483067,2722.705882,-0.63876399999981,-0.4159489999997277,-0.5273564999997689
2022-05-03 10:45:00,2723.120468,2722.482873,2722.706421,-0.6375950000001467,-0.41404700000020966,-0.5258210000001782
2022-05-03 11:00:00,2723.120279,2722.483263,2722.705404,-0.6370160000001306,-0.4148750000003929,-0.5259455000002617
2022-05-03 11:15:00,2723.120082,2722.482374,2722.704722,-0.6377079999997477,-0.4153599999999642,-0.526533999999856
2022-05-03 11:30:00,2723.120079,2722.482483,2722.705155,-0.6375960000000305,-0.41492399999970075,-0.5262599999998656
2022-05-03 11:45:00,2723.118329,2722.482794,2722.703648,-0.6355349999998907,-0.41468099999974584,-0.5251079999998183
2022-05-03 12:00:00,2723.120079,2722.481014,2722.704872,-0.6390649999998459,-0.41520700000000943,-0.5271359999999277
2022-05-03 12:15:00,2723.119302,2722.48055,2722.704829,-0.6387519999998403,-0.414473000000271,-0.5266125000000557
2022-05-03 12:30:00,2723.119499,2722.48028,2722.705309,-0.6392189999996845,-0.4141899999999623,-0.5267044999998234
2022-05-03 12:45:00,2723.119309,2722.478485,2722.705262,-0.640824000000066,-0.41404700000020966,-0.5274355000001378
2022-05-03 13:00:00,2723.116583,2722.481008,2722.705545,-0.6355749999997897,-0.41103800000018964,-0.5233064999999897
2022-05-03 13:15:00,2723.120472,2722.481398,2722.707005,-0.6390740000001642,-0.41346699999985503,-0.5262705000000096
2022-05-03 13:30:00,2723.121252,2722.480697,2722.707825,-0.6405549999999494,-0.413426999999956,-0.5269909999999527
2022-05-03 13:45:00,2723.121831,2722.482756,2722.707542,-0.639075000000048,-0.41428899999982605,-0.526681999999937
2022-05-03 14:00:00,2723.118722,2722.479928,2722.706029,-0.6387939999999617,-0.4126930000002176,-0.5257435000000896
2022-05-03 14:15:00,2723.120082,2722.480242,2722.709048,-0.6398399999998219,-0.411033999999745,-0.5254369999997834
2022-05-03 14:30:00,2723.119499,2722.479111,2722.705794,-0.6403879999998026,-0.41370499999993626,-0.5270464999998694
2022-05-03 14:45:00,2723.116387,2722.478016,2722.704431,-0.6383710000000065,-0.4119559999999183,-0.5251634999999624
2022-05-03 15:00:00,2723.115417,2722.478206,2722.702723,-0.6372110000002067,-0.41269400000010137,-0.524952500000154
2022-05-03 15:15:00,2723.119882,2722.47814,2722.704072,-0.6417419999997946,-0.41580999999996493,-0.5287759999998798
2022-05-03 15:30:00,2723.116973,2722.480243,2722.702719,-0.6367300000001705,-0.4142540000002555,-0.525492000000213
2022-05-03 15:45:00,2723.117753,2722.4818,2722.703349,-0.6359529999999722,-0.41440400000010413,-0.5251785000000382
2022-05-03 16:00:00,2723.117753,2722.477639,2722.702859,-0.6401139999998122,-0.41489400000000387,-0.527503999999908
2022-05-03 16:15:00,2723.118139,2722.478027,2722.702365,-0.6401120000000446,-0.4157740000000558,-0.5279430000000502
2022-05-03 16:30:00,2723.114441,2722.475765,2722.700286,-0.6386760000000322,-0.41415500000039174,-0.526415500000212
2022-05-03 16:45:00,2723.11697,2722.477013,2722.699846,-0.6399569999998675,-0.417124000000058,-0.5285404999999628
2022-05-03 17:00:00,2723.116966,2722.476544,2722.701593,-0.6404219999999441,-0.41537300000027244,-0.5278975000001083
2022-05-03 17:15:00,2723.118329,2722.482804,2722.702802,-0.6355249999996886,-0.415527000000111,-0.5255259999998998
2022-05-03 17:30:00,2723.117746,2722.478538,2722.701203,-0.6392080000000533,-0.4165429999998196,-0.5278754999999364
2022-05-03 17:45:00,2723.11542,2722.476906,2722.699303,-0.6385140000002139,-0.416117000000213,-0.5273155000002134
2022-05-03 18:00:00,2723.118329,2722.482807,2722.702222,-0.6355220000000372,-0.4161070000000109,-0.525814500000024
2022-05-03 18:15:00,2723.11678,2722.480201,2722.701832,-0.6365789999999834,-0.41494799999964016,-0.5257634999998118
2022-05-03 18:30:00,2723.117549,2722.478343,2722.702459,-0.639205999999831,-0.41508999999996377,-0.5271479999998974
2022-05-03 18:45:00,2723.117939,2722.480202,2722.704316,-0.6377370000000155,-0.41362300000037067,-0.5256800000001931
2022-05-03 19:00:00,2723.116576,2722.478373,2722.702953,-0.6382029999999759,-0.4136229999999159,-0.5259129999999459
2022-05-03 19:15:00,2723.11541,2722.475273,2722.701786,-0.6401369999998678,-0.4136239999997997,-0.5268804999998338
2022-05-03 19:30:00,2723.117549,2722.478882,2722.703192,-0.6386670000001686,-0.4143570000001091,-0.5265120000001389
2022-05-03 19:45:00,2723.117356,2722.478223,2722.704501,-0.639133000000129,-0.41285500000003594,-0.5259940000000825
2022-05-03 20:00:00,2723.11716,2722.476277,2722.703962,-0.640882999999576,-0.4131979999997384,-0.5270404999996572
2022-05-03 20:15:00,2723.118326,2722.481295,2722.703379,-0.6370309999997517,-0.41494699999975637,-0.525988999999754
2022-05-03 20:30:00,2723.11619,2722.477255,2722.701733,-0.6389350000004015,-0.4144570000003114,-0.5266960000003564
2022-05-03 20:45:00,2723.117363,2722.478893,2722.702173,-0.6384699999998702,-0.4151899999997113,-0.5268299999997907
2022-05-03 21:00:00,2723.117946,2722.477842,2722.702752,-0.6401040000000648,-0.4151939999997012,-0.527648999999883
2022-05-03 21:15:00,2723.114834,2722.475731,2722.701389,-0.6391029999999773,-0.41344500000013795,-0.5262740000000576
2022-05-03 21:30:00,2723.115993,2722.47865,2722.702553,-0.6373429999998734,-0.4134399999998095,-0.5253914999998415
2022-05-03 21:45:00,2723.117939,2722.477366,2722.702749,-0.6405730000001313,-0.41519000000016604,-0.5278815000001487
2022-05-03 22:00:00,2723.118136,2722.477294,2722.702213,-0.6408420000002479,-0.4159230000000207,-0.5283825000001343
2022-05-03 22:30:00,2723.119689,2722.481062,2722.702359,-0.6386270000002696,-0.41733000000022,-0.5279785000002448
2022-05-03 23:00:00,2723.118326,2722.479233,2722.704212,-0.6390929999997752,-0.41411399999969944,-0.5266034999997373
2022-05-03 23:15:00,2723.120075,2722.479545,2722.703195,-0.6405299999996714,-0.41687999999976455,-0.528704999999718
2022-05-03 23:30:00,2723.118326,2722.478218,2722.702462,-0.6401079999996,-0.4158639999996012,-0.5279859999996006
2022-05-03 23:45:00,2723.115613,2722.479896,2722.702659,-0.6357170000001133,-0.4129539999998997,-0.5243355000000065
2022-05-04 00:00:00,2723.120468,2722.479626,2722.705769,-0.6408420000002479,-0.41469899999992776,-0.5277705000000878
2022-05-04 00:15:00,2723.120075,2722.482464,2722.706109,-0.6376109999996515,-0.41396599999961836,-0.525788499999635
2022-05-04 00:30:00,2723.117743,2722.484095,2722.706543,-0.6336479999999938,-0.411200000000008,-0.5224240000000009
2022-05-04 00:45:00,2723.118326,2722.478766,2722.705376,-0.6395599999996193,-0.4129499999999098,-0.5262549999997646
2022-05-04 01:00:00,2723.119882,2722.483004,2722.705709,-0.6368779999997969,-0.4141730000001189,-0.5255254999999579
2022-05-04 01:15:00,2723.121828,2722.480985,2722.705965,-0.640842999999677,-0.41586299999971743,-0.5283529999996972
2022-05-04 01:30:00,2723.119689,2722.482811,2722.703825,-0.6368780000002516,-0.41586400000005597,-0.5263710000001538
2022-05-04 01:45:00,2723.118139,2722.480205,2722.703435,-0.637934000000314,-0.4147040000002562,-0.5263190000002851
2022-05-04 02:15:00,2723.120079,2722.481761,2722.704215,-0.6383179999997992,-0.4158639999996012,-0.5270909999997002
2022-05-04 02:45:00,2723.121828,2722.483665,2722.707129,-0.6381629999996221,-0.41469899999992776,-0.5264309999997749
2022-05-04 03:00:00,2723.121828,2722.4832,2722.706455,-0.6386279999996987,-0.4153729999998177,-0.5270004999997582
2022-05-04 03:15:00,2723.119502,2722.484248,2722.707712,-0.6352539999998044,-0.41179000000011,-0.5235219999999572
2022-05-04 03:30:00,2723.120668,2722.483198,2722.707714,-0.6374700000001212,-0.4129539999998997,-0.5252120000000104
2022-05-04 03:45:00,2723.120668,2722.481717,2722.707372,-0.6389509999999063,-0.4132960000001731,-0.5261235000000397
2022-05-04 04:00:00,2723.121252,2722.482611,2722.707955,-0.6386410000000069,-0.41329700000005687,-0.5259690000000319
2022-05-04 04:15:00,2723.122418,2722.483777,2722.707715,-0.6386410000000069,-0.41470299999991767,-0.5266719999999623
2022-05-04 04:30:00,2723.122808,2722.483433,2722.707822,-0.6393750000002001,-0.41498600000022634,-0.5271805000002132
2022-05-04 04:45:00,2723.120089,2722.483197,2722.707868,-0.6368919999999889,-0.412221000000045,-0.524556500000017
2022-05-04 05:00:00,2723.122614,2722.482224,2722.706162,-0.6403900000000249,-0.41645199999993565,-0.5284209999999803
2022-05-04 05:15:00,2723.118143,2722.48125,2722.705922,-0.6368930000003274,-0.412221000000045,-0.5245570000001862
2022-05-04 05:30:00,2723.120089,2722.483196,2722.708151,-0.6368929999998727,-0.4119380000001911,-0.5244155000000319
2022-05-04 06:00:00,2723.120089,2722.486426,2722.708884,-0.6336630000000696,-0.4112049999998817,-0.5224339999999756
2022-05-04 06:15:00,2723.121448,2722.484555,2722.708495,-0.6368929999998727,-0.4129530000000159,-0.5249229999999443
2022-05-04 06:30:00,2723.122418,2722.485256,2722.709122,-0.6371619999999893,-0.41329599999971833,-0.5252289999998538
2022-05-04 06:45:00,2723.121835,2722.486888,2722.708539,-0.634947000000011,-0.41329599999971833,-0.5241214999998647
2022-05-04 07:00:00,2723.121245,2722.48261,2722.707805,-0.6386349999997947,-0.4134399999998095,-0.5260374999998021
2022-05-04 07:15:00,2723.121438,2722.483819,2722.708489,-0.6376190000000861,-0.412949000000026,-0.525284000000056
2022-05-04 07:30:00,2723.121825,2722.48319,2722.707612,-0.6386350000002494,-0.41421300000001793,-0.5264240000001337
2022-05-04 07:45:00,2723.122411,2722.483072,2722.705338,-0.6393389999998362,-0.41707299999961833,-0.5282059999997273
2022-05-04 08:00:00,2723.121048,2722.482878,2722.705186,-0.6381700000001729,-0.41586199999983364,-0.5270160000000033
2022-05-04 08:15:00,2723.118719,2722.482609,2722.70408,-0.6361099999999169,-0.41463900000007925,-0.5253744999999981
2022-05-04 08:30:00,2723.119885,2722.479499,2722.703437,-0.640386000000035,-0.41644799999994575,-0.5284169999999904
2022-05-04 08:45:00,2723.120272,2722.479885,2722.703823,-0.6403869999999188,-0.4164490000002843,-0.5284180000001015
2022-05-04 09:00:00,2723.118916,2722.476779,2722.702467,-0.6421369999998205,-0.41644899999982954,-0.529292999999825
2022-05-04 09:15:00,2723.119499,2722.476896,2722.70305,-0.6426029999997809,-0.41644899999982954,-0.5295259999998052
2022-05-04 09:30:00,2723.118919,2722.481058,2722.704553,-0.6378610000001572,-0.4143659999999727,-0.526113500000065
2022-05-04 09:45:00,2723.121252,2722.481175,2722.705136,-0.6400770000000193,-0.4161159999998745,-0.5280964999999469
2022-05-04 10:00:00,2723.120668,2722.481325,2722.705286,-0.6393429999998261,-0.41538200000013603,-0.5273624999999811
2022-05-04 10:15:00,2723.118916,2722.481292,2722.703484,-0.6376239999999598,-0.4154319999997824,-0.5265279999998711
2022-05-04 10:30:00,2723.118919,2722.477909,2722.701301,-0.6410099999998238,-0.41761799999994764,-0.5293139999998857
2022-05-04 10:45:00,2723.118919,2722.476893,2722.703537,-0.6420259999999871,-0.41538200000013603,-0.5287040000000616
2022-05-04 11:00:00,2723.118529,2722.478451,2722.700911,-0.6400779999999031,-0.41761799999994764,-0.5288479999999254
2022-05-04 11:15:00,2723.117166,2722.475606,2722.700093,-0.6415600000000268,-0.4170730000000731,-0.5293165000000499
2022-05-04 11:30:00,2723.116973,2722.476428,2722.702607,-0.640545000000202,-0.4143659999999727,-0.5274555000000873
2022-05-04 11:45:00,2723.118336,2722.477242,2722.702751,-0.6410940000000664,-0.41558500000019194,-0.5283395000001292
2022-05-04 12:00:00,2723.120668,2722.478841,2722.702997,-0.6418269999999211,-0.4176710000001549,-0.529749000000038
2022-05-04 12:15:00,2723.11717,2722.477825,2722.703483,-0.6393450000000485,-0.4136870000002091,-0.5265160000001288
2022-05-04 12:30:00,2723.117753,2722.479889,2722.703387,-0.6378639999998086,-0.4143659999999727,-0.5261149999998906
2022-05-04 12:45:00,2723.118919,2722.483271,2722.70427,-0.6356479999999465,-0.41464899999982663,-0.5251484999998866
2022-05-04 13:00:00,2723.11736,2722.476969,2722.70213,-0.6403910000003634,-0.41523000000006505,-0.5278105000002142
2022-05-04 13:15:00,2723.119499,2722.477205,2722.703833,-0.6422939999997652,-0.41566599999987375,-0.5289799999998195
2022-05-04 13:30:00,2723.119499,2722.476189,2722.702367,-0.6433099999999286,-0.4171320000000378,-0.5302209999999832
2022-05-04 13:45:00,2723.117166,2722.478372,2722.704496,-0.6387939999999617,-0.41267000000016196,-0.5257320000000618
2022-05-04 14:00:00,2723.118916,2722.478838,2722.705229,-0.6400779999999031,-0.41368699999975433,-0.5268824999998287
2022-05-04 14:15:00,2723.118333,2722.477789,2722.70412,-0.6405439999998634,-0.41421300000001793,-0.5273784999999407
2022-05-04 14:30:00,2723.117749,2722.47619,2722.703047,-0.641559000000143,-0.4147020000000339,-0.5281305000000884
2022-05-04 15:00:00,2723.117166,2722.476624,2722.704213,-0.6405420000000959,-0.4129530000000159,-0.5267475000000559
2022-05-04 15:15:00,2723.115224,2722.474681,2722.703004,-0.6405429999999797,-0.41222000000016124,-0.5263815000000704
2022-05-04 15:30:00,2723.11561,2722.474757,2722.701927,-0.6408529999998791,-0.41368299999976443,-0.5272679999998218
2022-05-04 16:00:00,2723.116,2722.474444,2722.70158,-0.6415560000000369,-0.41442000000006374,-0.5279880000000503
2022-05-04 16:15:00,2723.116583,2722.474758,2722.701881,-0.6418250000001535,-0.4147020000000339,-0.5282635000000937
2022-05-04 16:30:00,2723.113664,2722.476508,2722.70295,-0.6371559999997771,-0.41071400000009817,-0.5239349999999376
2022-05-04 16:45:00,2723.114251,2722.475461,2722.701297,-0.6387899999999718,-0.4129539999998997,-0.5258719999999357
2022-05-04 17:00:00,2723.117749,2722.475461,2722.704027,-0.6422880000000077,-0.41372199999977965,-0.5280049999998937
2022-05-04 17:30:00,2723.114444,2722.478873,2722.70441,-0.6355709999997998,-0.410033999999996,-0.5228024999998979
2022-05-04 17:45:00,2723.117749,2722.479148,2722.704554,-0.6386010000001079,-0.413195000000087,-0.5258980000000975
2022-05-04 18:00:00,2723.116973,2722.476425,2722.703777,-0.6405480000003081,-0.4131959999999708,-0.5268720000001395
2022-05-04 18:15:00,2723.11561,2722.476541,2722.703827,-0.6390689999998358,-0.411783000000014,-0.5254259999999249
2022-05-04 18:30:00,2723.11522,2722.480117,2722.705676,-0.6351030000000719,-0.4095440000000963,-0.5223235000000841
2022-05-04 18:45:00,2723.119112,2722.479032,2722.707136,-0.6400799999996707,-0.4119759999998678,-0.5260279999997692
2022-05-04 19:00:00,2723.116,2722.478685,2722.706446,-0.6373149999999441,-0.40955399999984365,-0.5234344999998939
2022-05-04 19:15:00,2723.116583,2722.477985,2722.705137,-0.6385980000000018,-0.41144600000006903,-0.5250220000000354
2022-05-04 19:30:00,2723.11483,2722.47767,2722.706304,-0.637159999999767,-0.40852600000016537,-0.5228429999999662
2022-05-04 19:45:00,2723.118333,2722.477788,2722.706297,-0.6405449999997472,-0.4120359999997163,-0.5262904999997318
2022-05-04 20:00:00,2723.120272,2722.481529,2722.706834,-0.6387429999999767,-0.41343800000004194,-0.5260905000000093
2022-05-04 20:15:00,2723.118916,2722.479708,2722.707906,-0.6392080000000533,-0.4110099999998056,-0.5251089999999294
2022-05-04 20:30:00,2723.117749,2722.482972,2722.70898,-0.6347770000002129,-0.4087690000001203,-0.5217730000001666
2022-05-04 20:45:00,2723.116776,2722.481688,2722.70806,-0.6350879999999961,-0.40871599999991304,-0.5219019999999546
2022-05-04 21:00:00,2723.118333,2722.478109,2722.704894,-0.6402239999997619,-0.4134389999999257,-0.5268314999998438
2022-05-04 21:15:00,2723.117749,2722.481209,2722.705813,-0.6365399999999681,-0.41193599999996877,-0.5242379999999685
2022-05-04 21:30:00,2723.11736,2722.481369,2722.707326,-0.6359910000001037,-0.410033999999996,-0.5230125000000498
2022-05-04 21:45:00,2723.11483,2722.479575,2722.707562,-0.6352550000001429,-0.4072679999999309,-0.5212615000000369
2022-05-04 22:00:00,2723.119495,2722.481756,2722.709463,-0.6377389999997831,-0.4100319999997737,-0.5238854999997784
2022-05-04 22:15:00,2723.118329,2722.480589,2722.708296,-0.6377400000001217,-0.4100330000001122,-0.5238865000001169
2022-05-04 22:45:00,2723.119302,2722.476582,2722.705279,-0.6427200000002813,-0.41402300000027026,-0.5283715000002758
2022-05-04 23:00:00,2723.119109,2722.478138,2722.706836,-0.6409710000002633,-0.4122730000003685,-0.5266220000003159
2022-05-04 23:15:00,2723.119302,2722.478331,2722.706296,-0.6409710000002633,-0.41300600000022314,-0.5269885000002432
2022-05-04 23:30:00,2723.118916,2722.47601,2722.706642,-0.6429060000000391,-0.4122739999997975,-0.5275899999999183
2022-05-05 00:00:00,2723.119495,2722.478212,2722.708729,-0.6412829999999303,-0.4107659999999669,-0.5260244999999486
2022-05-05 00:30:00,2723.120665,2722.477478,2722.707653,-0.6431870000001254,-0.4130119999999806,-0.528099500000053
2022-05-05 00:45:00,2723.122611,2722.47989,2722.70834,-0.6427209999997103,-0.4142709999996441,-0.5284959999996772
2022-05-05 01:00:00,2723.118726,2722.476821,2722.707953,-0.6419049999999515,-0.4107730000000629,-0.5263390000000072
2022-05-05 01:30:00,2723.122414,2722.475529,2722.710419,-0.6468850000001112,-0.4119949999999335,-0.5294400000000223
2022-05-05 01:45:00,2723.122998,2722.479808,2722.71072,-0.6431899999997768,-0.4122779999997874,-0.5277339999997821
2022-05-05 02:00:00,2723.121248,2722.480586,2722.709986,-0.6406619999997929,-0.41126200000007884,-0.5259619999999359
2022-05-05 03:00:00,2723.123387,2722.476813,2722.710376,-0.6465739999998732,-0.41301100000009683,-0.529792499999985
2022-05-05 03:15:00,2723.123194,2722.476618,2722.70945,-0.6465759999996408,-0.4137439999999515,-0.5301599999997961
2022-05-05 03:30:00,2723.122221,2722.47786,2722.708536,-0.6443610000001172,-0.41368499999998676,-0.529023000000052
2022-05-05 03:45:00,2723.123194,2722.478833,2722.709226,-0.6443609999996625,-0.4139679999998407,-0.5291644999997516
2022-05-05 04:00:00,2723.121831,2722.481166,2722.710386,-0.640664999999899,-0.4114449999997305,-0.5260549999998148
2022-05-05 04:15:00,2723.125913,2722.479223,2722.710969,-0.6466900000000351,-0.41494399999965026,-0.5308169999998427
2022-05-05 04:30:00,2723.124164,2722.477473,2722.707713,-0.6466909999999189,-0.41645100000005186,-0.5315709999999854
2022-05-05 04:45:00,2723.124157,2722.47759,2722.709803,-0.6465670000002319,-0.414354000000003,-0.5304605000001175
2022-05-05 05:15:00,2723.122414,2722.479999,2722.709893,-0.6424149999998008,-0.41252099999974234,-0.5274679999997716
2022-05-05 05:30:00,2723.121831,2722.479103,2722.711546,-0.6427279999998063,-0.41028499999993073,-0.5265064999998685
2022-05-05 06:00:00,2723.126686,2722.478367,2722.712759,-0.6483189999999013,-0.4139270000000579,-0.5311229999999796
2022-05-05 06:15:00,2723.124747,2722.479659,2722.712232,-0.6450879999997596,-0.41251499999998487,-0.5288014999998722
2022-05-05 06:30:00,2723.127083,2722.482294,2722.712872,-0.6447889999999461,-0.4142109999997956,-0.5294999999998709
2022-05-05 06:45:00,2723.124164,2722.476859,2722.710632,-0.6473049999999603,-0.413532000000032,-0.5304184999999961
2022-05-05 07:00:00,2723.122998,2722.479376,2722.710973,-0.6436220000000503,-0.4120249999996304,-0.5278234999998404
2022-05-05 07:15:00,2723.122025,2722.478403,2722.709509,-0.6436220000000503,-0.4125160000003234,-0.5280690000001869
2022-05-05 07:30:00,2723.121831,2722.477786,2722.709653,-0.6440450000000055,-0.4121780000000399,-0.5281115000000227
2022-05-05 07:45:00,2723.121831,2722.478789,2722.709843,-0.6430420000001504,-0.4119879999998375,-0.527514999999994
2022-05-05 08:00:00,2723.124747,2722.476455,2722.708733,-0.6482919999998558,-0.4160139999999046,-0.5321529999998802
2022-05-05 08:15:00,2723.118526,2722.475948,2722.706347,-0.6425780000004124,-0.41217900000037844,-0.5273785000003954
2022-05-05 08:30:00,2723.120079,2722.476216,2722.704401,-0.6438629999997829,-0.41567799999984345,-0.5297704999998132
2022-05-05 08:45:00,2723.120858,2722.474781,2722.704164,-0.6460770000003322,-0.4166940000000068,-0.5313855000001695
2022-05-05 09:00:00,2723.119502,2722.474596,2722.703824,-0.6449059999999918,-0.41567799999984345,-0.5302919999999176
2022-05-05 09:15:00,2723.118336,2722.475488,2722.703391,-0.6428479999999581,-0.4149449999999888,-0.5288964999999735
2022-05-05 09:30:00,2723.118919,2722.476228,2722.703731,-0.6426910000000134,-0.4151879999999437,-0.5289394999999786
2022-05-05 09:45:00,2723.121255,2722.475645,2722.703148,-0.6456100000000333,-0.4181069999999636,-0.5318584999999985
2022-05-05 10:00:00,2723.119699,2722.474088,2722.702271,-0.6456109999999171,-0.4174279999997452,-0.5315194999998312
2022-05-05 10:15:00,2723.115417,2722.47494,2722.702658,-0.6404769999999189,-0.4127589999998236,-0.5266179999998712
2022-05-05 10:30:00,2723.11717,2722.473308,2722.702711,-0.6438619999998991,-0.41445900000007896,-0.529160499999989
2022-05-05 10:45:00,2723.11717,2722.471092,2722.703385,-0.6460779999997612,-0.41378500000018903,-0.5299314999999751
2022-05-05 11:15:00,2723.11717,2722.472841,2722.702899,-0.644329000000198,-0.41427100000009887,-0.5293000000001484
2022-05-05 11:45:00,2723.119502,2722.467978,2722.703968,-0.6515239999998812,-0.415534000000207,-0.5335290000000441
2022-05-05 12:00:00,2723.118919,2722.469145,2722.702958,-0.6497739999999794,-0.4159610000001521,-0.5328675000000658
2022-05-05 12:15:00,2723.11639,2722.471015,2722.703348,-0.6453750000000582,-0.41304200000013225,-0.5292085000000952
2022-05-05 12:30:00,2723.11542,2722.472726,2722.702661,-0.6426940000001196,-0.4127590000002783,-0.5277265000001989
2022-05-05 12:45:00,2723.117753,2722.473309,2722.702228,-0.6444440000000213,-0.4155249999998887,-0.529984499999955
2022-05-05 13:00:00,2723.116197,2722.472797,2722.701252,-0.6433999999999287,-0.4149449999999888,-0.5291724999999587
2022-05-05 13:15:00,2723.11639,2722.472256,2722.700865,-0.6441340000001219,-0.4155250000003434,-0.5298295000002327
2022-05-05 13:45:00,2723.116586,2722.472721,2722.701642,-0.6438650000000052,-0.414944000000105,-0.5294045000000551
2022-05-05 14:00:00,2723.113671,2722.471555,2722.701645,-0.6421159999999873,-0.4120259999999689,-0.5270709999999781
2022-05-05 14:15:00,2723.114254,2722.472605,2722.701059,-0.6416490000001431,-0.413195000000087,-0.5274220000001151
2022-05-05 15:00:00,2723.114837,2722.470975,2722.702321,-0.6438619999998991,-0.41251599999986865,-0.5281889999998839
2022-05-05 15:30:00,2723.115807,2722.472412,2722.703138,-0.643395000000055,-0.4126690000002782,-0.5280320000001666
2022-05-05 15:45:00,2723.11658,2722.471717,2722.702894,-0.6448629999999866,-0.41368599999987055,-0.5292744999999286
2022-05-05 16:00:00,2723.11541,2722.469502,2722.701428,-0.6459079999999631,-0.4139820000000327,-0.5299449999999979
2022-05-05 16:15:00,2723.112495,2722.472767,2722.700995,-0.6397279999996499,-0.4114999999997053,-0.5256139999996776
2022-05-05 16:30:00,2723.114827,2722.471135,2722.703328,-0.643692000000101,-0.41149899999982154,-0.5275954999999612
2022-05-05 16:45:00,2723.113661,2722.473935,2722.702162,-0.6397259999998823,-0.41149899999982154,-0.5256124999998519
2022-05-05 17:00:00,2723.115024,2722.471799,2722.702508,-0.6432250000002568,-0.4125160000003234,-0.5278705000002901
2022-05-05 17:15:00,2723.114251,2722.471028,2722.701002,-0.6432230000000345,-0.41324900000017806,-0.5282360000001063
2022-05-05 18:00:00,2723.112501,2722.472032,2722.701492,-0.6404689999999391,-0.4110089999999218,-0.5257389999999305
2022-05-05 18:15:00,2723.113084,2722.469397,2722.702075,-0.6436870000002273,-0.4110089999999218,-0.5273480000000745
2022-05-05 18:45:00,2723.113671,2722.471032,2722.702225,-0.6426390000001447,-0.41144600000006903,-0.5270425000001069
2022-05-05 19:00:00,2723.113088,2722.470986,2722.703828,-0.64210200000025,-0.4092599999999038,-0.5256810000000769
2022-05-05 19:15:00,2723.112698,2722.46838,2722.704171,-0.6443180000001121,-0.40852700000004916,-0.5264225000000806
2022-05-05 19:30:00,2723.113667,2722.471297,2722.703144,-0.6423700000000281,-0.41052300000001196,-0.52644650000002
2022-05-05 19:45:00,2723.113671,2722.468341,2722.701977,-0.6453300000002855,-0.41169399999989764,-0.5285120000000916
2022-05-05 20:15:00,2723.11503,2722.471183,2722.703277,-0.6438469999998233,-0.41175299999986237,-0.5277999999998428
2022-05-05 20:30:00,2723.11464,2722.473008,2722.703621,-0.641631999999845,-0.4110189999996692,-0.5263254999997571
2022-05-05 20:45:00,2723.11542,2722.47527,2722.705908,-0.6401500000001761,-0.40951200000017707,-0.5248310000001766
2022-05-05 21:00:00,2723.11503,2722.472933,2722.705518,-0.6420969999999215,-0.4095119999997223,-0.5258044999998219
2022-05-05 21:15:00,2723.114251,2722.473634,2722.702705,-0.6406170000000202,-0.41154599999981656,-0.5260814999999184
2022-05-05 21:30:00,2723.115417,2722.472585,2722.705171,-0.6428319999999985,-0.4102459999999155,-0.526538999999957
2022-05-05 21:45:00,2723.11503,2722.472665,2722.703768,-0.6423650000001544,-0.41126200000007884,-0.5268135000001166
2022-05-05 22:00:00,2723.113667,2722.469211,2722.701924,-0.644455999999991,-0.411743000000115,-0.528099500000053
2022-05-05 22:30:00,2723.113861,2722.469277,2722.700859,-0.6445839999996679,-0.4130019999997785,-0.5287929999997232
2022-05-05 22:45:00,2723.113471,2722.468421,2722.702218,-0.645050000000083,-0.41125300000021525,-0.5281515000001491
2022-05-05 23:00:00,2723.114251,2722.471883,2722.702468,-0.6423679999998058,-0.411783000000014,-0.5270754999999099
2022-05-05 23:15:00,2723.113084,2722.468781,2722.703582,-0.6443030000000363,-0.40950199999997494,-0.5269025000000056
2022-05-05 23:30:00,2723.115417,2722.471144,2722.704651,-0.6442729999998846,-0.4107659999999669,-0.5275194999999258
2022-05-05 23:45:00,2723.115417,2722.47336,2722.704165,-0.6420570000000225,-0.4112519999998767,-0.5266544999999496
2022-07-30 00:00:00,2723.134072,,,,,
2022-07-30 00:15:00,2723.135821,2722.401974,2722.722017,-0.7338469999999688,-0.4138039999998,-0.5738254999998844
2022-07-30 00:30:00,2723.134062,2722.400918,2722.721427,-0.7331440000002658,-0.41263500000013664,-0.5728895000002012
2022-07-30 00:45:00,2723.135811,2722.400733,2722.721273,-0.7350780000001578,-0.4145379999999932,-0.5748080000000755
2022-07-30 01:00:00,2723.135231,2722.404853,2722.722916,-0.7303780000002007,-0.41231500000003507,-0.5713465000001179
2022-07-30 01:15:00,2723.135231,2722.402637,2722.721166,-0.7325940000000628,-0.4140650000003916,-0.5733295000002272
2022-07-30 01:30:00,2723.135231,2722.404387,2722.720283,-0.730844000000161,-0.4149480000000949,-0.572896000000128
2022-07-30 01:45:00,2723.134062,2722.400691,2722.719509,-0.7333710000002611,-0.414553000000069,-0.5739620000001651
2022-07-30 02:00:00,2723.130563,2722.399407,2722.717759,-0.7311560000002828,-0.412804000000051,-0.5719800000001669
2022-07-30 02:30:00,2723.130563,2722.401157,2722.717309,-0.729406000000381,-0.41325400000005175,-0.5713300000002164
2022-07-30 03:00:00,2723.132312,2722.399675,2722.717101,-0.7326370000000679,-0.41521099999999933,-0.5739240000000336
2022-07-30 03:15:00,2723.132312,2722.398629,2722.716765,-0.7336830000003829,-0.4155470000000605,-0.5746150000002217
2022-07-30 03:30:00,2723.132312,2722.396993,2722.715877,-0.7353190000003451,-0.41643500000009226,-0.5758770000002187
2022-07-30 03:45:00,2723.132312,2722.399209,2722.716611,-0.7331030000000283,-0.4157010000003538,-0.574402000000191
2022-07-30 04:00:00,2723.133482,2722.399912,2722.716561,-0.7335700000003271,-0.4169210000000021,-0.5752455000001646
2022-07-30 04:15:00,2723.127064,2722.398163,2722.714078,-0.7289009999999507,-0.4129859999998189,-0.5709434999998848
2022-07-30 04:30:00,2723.130563,2722.399447,2722.713924,-0.7311160000003838,-0.41663900000003196,-0.5738775000002079
2022-07-30 04:45:00,2723.130563,2722.39723,2722.713191,-0.7333330000001297,-0.41737200000034136,-0.5753525000002355
2022-07-30 05:15:00,2723.132312,2722.396763,2722.7127,-0.7355489999999918,-0.41961200000014287,-0.5775805000000673
2022-07-30 05:45:00,2723.130563,2722.398161,2722.713664,-0.7324020000000928,-0.416899000000285,-0.5746505000001889
2022-07-30 06:00:00,2723.131143,2722.397458,2722.710743,-0.7336850000001505,-0.42039999999997235,-0.5770425000000614
2022-07-30 06:15:00,2723.131143,2722.39699,2722.71176,-0.7341529999998784,-0.41938299999992523,-0.5767679999999018
2022-07-30 06:45:00,2723.130563,2722.399713,2722.711423,-0.7308500000003733,-0.4191399999999703,-0.5749950000001718
2022-07-30 07:15:00,2723.130563,2722.402439,2722.711027,-0.7281240000002072,-0.41953600000033475,-0.573830000000271
2022-07-30 07:30:00,2723.127654,2722.39638,2722.70763,-0.7312739999997575,-0.42002400000001217,-0.5756489999998848
2022-07-30 07:45:00,2723.127654,2722.397889,2722.707576,-0.7297650000000431,-0.4200780000001032,-0.5749215000000731
2022-07-30 08:00:00,2723.129403,2722.396139,2722.708593,-0.7332639999999628,-0.42081000000007407,-0.5770370000000185
2022-07-30 08:15:00,2723.127654,2722.398355,2722.709079,-0.7292990000000827,-0.4185749999996915,-0.5739369999998871
2022-07-30 08:30:00,2723.126484,2722.39594,2722.707909,-0.730544000000009,-0.4185749999996915,-0.5745594999998502
2022-07-30 09:15:00,2723.131153,2722.4017,2722.710096,-0.7294529999999213,-0.4210570000000189,-0.5752549999999701
2022-07-30 09:30:00,2723.129403,2722.398468,2722.70786,-0.730935000000045,-0.4215429999999287,-0.5762389999999868
2022-07-30 09:45:00,2723.130573,2722.400218,2722.707126,-0.7303549999996903,-0.4234470000001238,-0.5769009999999071
2022-07-30 10:15:00,2723.129403,2722.398779,2722.707363,-0.730623999999807,-0.4220399999999245,-0.5763319999998657
2022-07-30 10:30:00,2723.130573,2722.398001,2722.70955,-0.732571999999891,-0.42102299999987736,-0.5767974999998842
2022-07-30 10:45:00,2723.126484,2722.399046,2722.70663,-0.7274379999998928,-0.41985399999975925,-0.573645999999826
2022-07-30 11:15:00,2723.127654,2722.400684,2722.707066,-0.7269699999997101,-0.42058799999995244,-0.5737789999998313
2022-07-30 11:45:00,2723.131153,2722.401967,2722.709343,-0.729186000000027,-0.42180999999982305,-0.575497999999925
2022-07-30 12:00:00,2723.127654,2722.397535,2722.707593,-0.7301189999998314,-0.42006099999980506,-0.5750899999998182
2022-07-30 12:15:00,2723.127654,2722.396251,2722.706576,-0.7314029999997729,-0.4210779999998522,-0.5762404999998125
2022-07-30 12:30:00,2723.129403,2722.394782,2722.705168,-0.734621000000061,-0.4242349999999533,-0.5794280000000072
2022-07-30 13:00:00,2723.127654,2722.396843,2722.707102,-0.7308109999999033,-0.42055200000004334,-0.5756814999999733
2022-07-30 13:30:00,2723.125895,2722.398005,2722.706855,-0.7278900000001158,-0.4190400000002228,-0.5734650000001693
2022-07-30 14:15:00,2723.127644,2722.396523,2722.706369,-0.7311210000002575,-0.4212750000001506,-0.576198000000204
2022-07-30 15:00:00,2723.129393,2722.398006,2722.705145,-0.731387000000268,-0.4242480000002615,-0.5778175000002648
2022-07-30 15:15:00,2723.127644,2722.396989,2722.705635,-0.7306550000002972,-0.4220090000003438,-0.5763320000003205
2022-07-30 15:30:00,2723.127644,2722.39874,2722.706895,-0.7289040000000568,-0.42074900000034177,-0.5748265000001993
2022-07-30 15:45:00,2723.125895,2722.399206,2722.704654,-0.7266890000000785,-0.4212410000000091,-0.5739650000000438
2022-07-30 16:00:00,2723.128814,2722.397694,2722.706315,-0.7311200000003737,-0.42249900000024354,-0.5768095000003086
2022-07-30 16:15:00,2723.128814,2722.398469,2722.705429,-0.730344999999943,-0.42338500000005297,-0.576864999999998
2022-07-30 16:30:00,2723.125905,2722.396988,2722.704411,-0.7289169999999103,-0.4214939999997114,-0.5752054999998109
2022-07-30 17:30:00,2723.130563,2722.399911,2722.706162,-0.730652000000191,-0.4244010000002163,-0.5775265000002037
2022-07-30 17:45:00,2723.128814,2722.398472,2722.706102,-0.7303420000002916,-0.42271200000004683,-0.5765270000001692
2022-07-30 18:00:00,2723.127654,2722.396253,2722.704699,-0.7314010000000053,-0.42295500000000175,-0.5771780000000035
2022-07-30 18:15:00,2723.127654,2722.39847,2722.706652,-0.7291839999998047,-0.42100200000004406,-0.5750929999999244
2022-07-30 18:30:00,2723.127654,2722.396846,2722.705433,-0.7308079999997972,-0.42222099999980856,-0.5765144999998029
2022-07-30 19:15:00,2723.125315,2722.39905,2722.706013,-0.7262649999997848,-0.4193019999997887,-0.5727834999997867
2022-07-30 19:30:00,2723.129403,2722.398316,2722.707669,-0.731087000000116,-0.42173400000001493,-0.5764105000000654
2022-07-30 19:45:00,2723.129403,2722.396847,2722.707129,-0.7325559999999314,-0.4222740000000158,-0.5774149999999736
2022-07-30 20:00:00,2723.127654,2722.396536,2722.707862,-0.7311179999996966,-0.4197919999996884,-0.5754549999996925
2022-07-30 20:15:00,2723.129403,2722.396381,2722.708146,-0.7330219999998917,-0.4212569999999687,-0.5771394999999302
2022-07-30 20:30:00,2723.127654,2722.39463,2722.706449,-0.733024000000114,-0.42120500000009997,-0.577114500000107
2022-07-30 20:45:00,2723.127654,2722.394164,2722.708199,-0.7334900000000744,-0.41945499999974345,-0.5764724999999089
2022-07-30 21:15:00,2723.129403,2722.39607,2722.709896,-0.7333330000001297,-0.4195070000000669,-0.5764200000000983
2022-07-30 21:30:00,2723.128234,2722.395364,2722.707709,-0.7328699999998207,-0.4205249999999978,-0.5766974999999093
2022-07-30 21:45:00,2723.128234,2722.396369,2722.708195,-0.7318649999997433,-0.42003899999963323,-0.5759519999996883
2022-07-30 22:00:00,2723.127654,2722.394617,2722.708142,-0.7330369999999675,-0.4195119999999406,-0.5762744999999541
2022-07-30 22:15:00,2723.125315,2722.391232,2722.706971,-0.7340829999998277,-0.4183439999997063,-0.576213499999767
2022-07-30 23:15:00,2723.128234,2722.397145,2722.707745,-0.7310889999998835,-0.42048899999963396,-0.5757889999997587
2022-07-30 23:30:00,2723.126484,2722.395197,2722.710229,-0.7312870000000657,-0.41625500000009197,-0.5737710000000789
2022-07-31 00:00:00,2723.128234,2722.394462,2722.708419,-0.7337719999995898,-0.41981499999974403,-0.5767934999996669
2022-07-31 00:15:00,2723.126484,2722.392246,2722.709153,-0.7342380000000048,-0.4173310000001038,-0.5757845000000543
2022-07-31 01:00:00,2723.126484,2722.396678,2722.707255,-0.7298059999998259,-0.41922900000008667,-0.5745174999999563
2022-07-31 01:15:00,2723.127654,2722.391934,2722.707408,-0.7357199999996737,-0.42024599999967904,-0.5779829999996764
2022-07-31 01:30:00,2723.126484,2722.394616,2722.707259,-0.7318679999998494,-0.41922500000009677,-0.5755464999999731
2022-07-31 01:45:00,2723.126484,2722.394897,2722.708275,-0.7315869999997631,-0.41820899999993344,-0.5748979999998483
2022-07-31 02:15:00,2723.126484,2722.393146,2722.706768,-0.7333380000000034,-0.4197159999998803,-0.5765269999999418
2022-07-31 02:30:00,2723.125905,2722.392412,2722.707412,-0.7334929999997257,-0.41849299999967116,-0.5759929999996984
2022-07-31 02:45:00,2723.124735,2722.391242,2722.705018,-0.7334929999997257,-0.4197169999997641,-0.5766049999997449
2022-07-31 03:00:00,2723.126484,2722.39093,2722.706525,-0.7355539999998655,-0.4199589999998352,-0.5777564999998503
2022-07-31 03:30:00,2723.128234,2722.394896,2722.710706,-0.7333380000000034,-0.4175279999999475,-0.5754329999999754
2022-07-31 03:45:00,2723.126484,2722.39268,2722.710423,-0.7338039999999637,-0.41606099999989965,-0.5749324999999317
2022-07-31 04:30:00,2723.124735,2722.390929,2722.709009,-0.7338059999997313,-0.41572599999972226,-0.5747659999997268
2022-07-31 05:30:00,2723.127644,2722.395237,2722.708366,-0.7324069999999665,-0.419278000000304,-0.5758425000001353
2022-07-31 05:45:00,2723.127654,2722.393611,2722.707205,-0.7340429999999287,-0.42044899999973495,-0.5772459999998318
2022-07-31 06:15:00,2723.130563,2722.395786,2722.710116,-0.7347770000001219,-0.4204469999999674,-0.5776120000000446
2022-07-31 06:30:00,2723.127654,2722.395091,2722.710652,-0.7325630000000274,-0.4170019999996839,-0.5747824999998556
2022-07-31 06:45:00,2723.127654,2722.394625,2722.710126,-0.7330289999999877,-0.4175279999999475,-0.5752784999999676
2022-07-31 07:15:00,2723.124735,2722.393455,2722.709689,-0.7312799999999697,-0.41504600000007486,-0.5731630000000223
2022-07-31 07:30:00,2723.128234,2722.39714,2722.709972,-0.7310939999997572,-0.41826199999968594,-0.5746779999997216
2022-07-31 08:00:00,2723.126484,2722.391858,2722.708221,-0.7346259999999347,-0.4182630000000245,-0.5764444999999796
2022-07-31 08:15:00,2723.127654,2722.395077,2722.70963,-0.7325769999997647,-0.41802400000005946,-0.5753004999999121
2022-07-31 08:30:00,2723.126484,2722.391691,2722.709962,-0.7347930000000815,-0.4165219999999863,-0.5756575000000339
2022-07-31 09:00:00,2723.128234,2722.392975,2722.709908,-0.7352589999995871,-0.4183259999999791,-0.5767924999997831
2022-07-31 09:45:00,2723.124735,2722.39169,2722.708892,-0.7330449999999473,-0.4158429999997679,-0.5744439999998576
2022-07-31 10:00:00,2723.124735,2722.389474,2722.708158,-0.7352609999998094,-0.4165769999999611,-0.5759189999998853
2022-07-31 10:15:00,2723.129403,2722.39461,2722.711812,-0.7347930000000815,-0.4175909999999021,-0.5761919999999918
2022-07-31 11:00:00,2723.124735,2722.391422,2722.707425,-0.7333129999997254,-0.4173099999998158,-0.5753114999997706
2022-07-31 11:30:00,2723.123575,2722.392012,2722.706998,-0.7315630000002784,-0.4165769999999611,-0.5740700000001198
2022-07-31 11:45:00,2723.125325,2722.391546,2722.708015,-0.7337790000001405,-0.4173099999998158,-0.5755444999999781
2022-07-31 12:00:00,2723.128234,2722.392706,2722.710192,-0.7355279999997038,-0.41804199999978664,-0.5767849999997452
2022-07-31 12:30:00,2723.121816,2722.38994,2722.706407,-0.7318759999998292,-0.4154089999997268,-0.573642499999778
2022-07-31 13:00:00,2723.122986,2722.392156,2722.706938,-0.730829999999969,-0.41604800000004616,-0.5734390000000076
2022-07-31 13:15:00,2723.124735,2722.38936,2722.707375,-0.735374999999749,-0.4173599999999169,-0.5763674999998329
2022-07-31 13:30:00,2723.122986,2722.391577,2722.705471,-0.7314089999999851,-0.41751499999963926,-0.5744619999998122
2022-07-31 14:00:00,2723.124735,2722.393639,2722.706448,-0.7310959999999795,-0.4182869999999639,-0.5746914999999717
2022-07-31 14:45:00,2723.122986,2722.392637,2722.70504,-0.7303489999999329,-0.417946000000029,-0.5741474999999809
2022-07-31 15:00:00,2723.122986,2722.393808,2722.707228,-0.7291780000000472,-0.41575799999964147,-0.5724679999998443
2022-07-31 15:15:00,2723.124735,2722.396492,2722.707475,-0.7282430000000204,-0.41725999999971464,-0.5727514999998675
2022-07-31 15:30:00,2723.122986,2722.394276,2722.706944,-0.7287099999998645,-0.41604199999983393,-0.5723759999998492
2022-07-31 15:45:00,2723.124145,2722.395435,2722.709368,-0.7287100000003193,-0.41477700000041295,-0.5717435000003661
2022-07-31 16:00:00,2723.124145,2722.393955,2722.706885,-0.7301900000002206,-0.4172600000001694,-0.573725000000195
2022-07-31 16:15:00,2723.122986,2722.396014,2722.710102,-0.7269719999999325,-0.41288399999984904,-0.5699279999998907
2022-07-31 16:30:00,2723.124145,2722.396481,2722.708688,-0.7276640000000043,-0.41545700000006036,-0.5715605000000323
2022-07-31 16:45:00,2723.122396,2722.394266,2722.706205,-0.7281300000004194,-0.41619100000025355,-0.5721605000003365
2022-07-31 17:15:00,2723.122986,2722.395321,2722.706061,-0.7276649999998881,-0.416924999999992,-0.57229499999994
2022-07-31 18:00:00,2723.121236,2722.396484,2722.706448,-0.7247520000000804,-0.4147880000000441,-0.5697700000000623
2022-07-31 18:15:00,2723.122986,2722.39695,2722.706294,-0.7260360000000219,-0.41669199999978446,-0.5713639999999032
2022-07-31 19:00:00,2723.124155,2722.397655,2722.707411,-0.7264999999997599,-0.4167440000001079,-0.5716219999999339
2022-07-31 19:15:00,2723.122986,2722.394734,2722.705998,-0.728251999999884,-0.4169879999999466,-0.5726199999999153
2022-07-31 19:30:00,2723.121236,2722.396951,2722.706731,-0.7242849999997816,-0.41450499999973545,-0.5693949999997585
2022-07-31 20:00:00,2723.121236,2722.395325,2722.70625,-0.7259109999999964,-0.4149859999997716,-0.570448499999884
2022-07-31 20:15:00,2723.122986,2722.396498,2722.706741,-0.7264879999997902,-0.41624499999988984,-0.57136649999984
2022-07-31 20:30:00,2723.121236,2722.394282,2722.707024,-0.7269539999997505,-0.41421200000013414,-0.5705829999999423
2022-07-31 20:45:00,2723.122986,2722.397968,2722.707698,-0.7250179999996362,-0.41528799999969124,-0.5701529999996637
2022-07-31 21:00:00,2723.121816,2722.395328,2722.706528,-0.7264879999997902,-0.41528799999969124,-0.5708879999997407
2022-07-31 21:15:00,2723.121816,2722.396332,2722.707262,-0.7254840000000513,-0.4145539999999528,-0.570019000000002
2022-07-31 21:30:00,2723.122986,2722.396798,2722.705795,-0.7261879999996381,-0.41719100000000253,-0.5716894999998203
2022-07-31 21:45:00,2723.124735,2722.397616,2722.709781,-0.727118999999675,-0.4149539999998524,-0.5710364999997637
2022-07-31 22:00:00,2723.124735,2722.398082,2722.707545,-0.7266529999997147,-0.417189999999664,-0.5719214999996893
2022-07-31 22:30:00,2723.122986,2722.398548,2722.706811,-0.7244379999997363,-0.4161749999998392,-0.5703064999997878
2022-07-31 23:00:00,2723.124735,2722.400029,2722.708711,-0.7247059999999692,-0.416023999999652,-0.5703649999998106
2022-07-31 23:15:00,2723.123565,2722.396642,2722.706524,-0.7269229999997151,-0.4170409999996991,-0.5719819999997071
2022-07-31 23:30:00,2723.123565,2722.396911,2722.708764,-0.7266540000000532,-0.4148009999998976,-0.5707274999999754
2022-08-01 00:00:00,2723.122986,2722.398547,2722.709727,-0.7244390000000749,-0.41325899999992544,-0.5688490000000002
2022-08-01 00:45:00,2723.124735,2722.396331,2722.710515,-0.728403999999955,-0.4142199999996592,-0.5713119999998071
2022-08-01 01:30:00,2723.124735,2722.398081,2722.712212,-0.7266540000000532,-0.41252299999996467,-0.5695885000000089
2022-08-01 02:00:00,2723.124735,2722.398712,2722.711199,-0.7260229999997136,-0.4135360000000219,-0.5697794999998678
2022-08-01 02:15:00,2723.123565,2722.397542,2722.710028,-0.7260229999997136,-0.4135369999999057,-0.5697799999998097
2022-08-01 03:15:00,2723.124735,2722.396961,2722.710668,-0.727773999999954,-0.4140669999997044,-0.5709204999998292
2022-08-01 03:45:00,2723.128234,2722.400771,2722.713683,-0.727462999999716,-0.4145509999998467,-0.5710069999997813
2022-08-01 04:15:00,2723.124145,2722.39843,2722.711685,-0.7257150000000365,-0.41246000000001004,-0.5690875000000233
2022-08-01 04:30:00,2723.125895,2722.396948,2722.710608,-0.728947000000062,-0.4152870000002622,-0.5721170000001621
2022-08-01 04:45:00,2723.122986,2722.395788,2722.709791,-0.727198000000044,-0.4131949999996323,-0.5701964999998381
2022-08-01 05:00:00,2723.126484,2722.401236,2722.712949,-0.7252479999997377,-0.41353499999968335,-0.5693914999997105
2022-08-01 05:15:00,2723.124735,2722.396803,2722.711482,-0.7279319999997824,-0.4132529999997132,-0.5705924999997478
2022-08-01 05:45:00,2723.125905,2722.400954,2722.711145,-0.7249509999996917,-0.41475999999966007,-0.5698554999996759
2022-08-01 06:15:00,2723.124735,2722.398005,2722.711532,-0.7267299999998613,-0.4132030000000668,-0.5699664999999641
2022-08-01 06:30:00,2723.124735,2722.399007,2722.711045,-0.72572799999989,-0.41368999999986045,-0.5697089999998752
2022-08-01 06:45:00,2723.124735,2722.401225,2722.710461,-0.7235099999998056,-0.41427399999975023,-0.5688919999997779
2022-08-01 07:45:00,2723.124735,2722.399474,2722.712009,-0.7252610000000459,-0.4127260000000206,-0.5689935000000332
2022-08-01 08:00:00,2723.123565,2722.399785,2722.710307,-0.723779999999806,-0.41325800000004165,-0.5685189999999238
2022-08-01 08:15:00,2723.124735,2722.399784,2722.70884,-0.7249509999996917,-0.4158950000000914,-0.5704229999998915
2022-08-01 08:30:00,2723.124735,2722.398034,2722.708557,-0.7267010000000482,-0.4161779999999453,-0.5714394999999968
2022-08-01 08:45:00,2723.123565,2722.397568,2722.709574,-0.7259970000000067,-0.4139909999998963,-0.5699939999999515
2022-08-01 09:15:00,2723.124735,2722.397567,2722.709521,-0.7271679999998923,-0.4152139999996507,-0.5711909999997715
2022-08-01 09:45:00,2723.124735,2722.399202,2722.709188,-0.7255329999998139,-0.4155470000000605,-0.5705399999999372
2022-08-01 10:30:00,2723.123565,2722.394335,2722.709035,-0.7292299999999159,-0.4145300000000134,-0.5718799999999646
2022-08-01 10:45:00,2723.122986,2722.398737,2722.709471,-0.7242489999998725,-0.41351499999973385,-0.5688819999998032
2022-08-01 11:00:00,2723.122986,2722.397255,2722.710205,-0.7257309999999961,-0.4127809999999954,-0.5692559999999958
2022-08-01 11:15:00,2723.120067,2722.3948,2722.708017,-0.7252669999998034,-0.4120499999999083,-0.5686584999998558
2022-08-01 12:15:00,2723.122986,2722.395505,2722.707721,-0.7274809999998979,-0.4152649999996356,-0.5713729999997668
2022-08-01 12:30:00,2723.124735,2722.396252,2722.710051,-0.7284829999998692,-0.41468399999985195,-0.5715834999998606
2022-08-01 12:45:00,2723.122406,2722.397141,2722.708454,-0.7252650000000358,-0.4139519999998811,-0.5696084999999584
2022-08-01 13:00:00,2723.124735,2722.397422,2722.711712,-0.7273129999998673,-0.41302300000006653,-0.5701679999999669
2022-08-01 13:45:00,2723.124735,2722.395515,2722.711221,-0.7292199999997138,-0.41351399999985006,-0.5713669999997819
2022-08-01 14:00:00,2723.124735,2722.394034,2722.708981,-0.7307009999999536,-0.41575399999965157,-0.5732274999998026
2022-08-01 14:15:00,2723.124145,2722.397877,2722.711365,-0.7262680000003456,-0.4127800000001116,-0.5695240000002286
2022-08-01 14:30:00,2723.124145,2722.397608,2722.710141,-0.7265370000000075,-0.41400400000020454,-0.570270500000106
2022-08-01 14:45:00,2723.124735,2722.397411,2722.711945,-0.7273239999999532,-0.412789999999859,-0.5700569999999061
2022-08-01 15:15:00,2723.125905,2722.399048,2722.711612,-0.7268569999996544,-0.41429299999981595,-0.5705749999997352
2022-08-01 15:45:00,2723.124155,2722.397878,2722.712629,-0.7262769999997545,-0.41152599999986705,-0.5689014999998108
2022-08-01 16:00:00,2723.124155,2722.395662,2722.711955,-0.7284930000000713,-0.412199999999757,-0.5703464999999142
2022-08-01 16:15:00,2723.125905,2722.396409,2722.712972,-0.7294959999999264,-0.4129330000000664,-0.5712144999999964
2022-08-01 16:30:00,2723.125905,2722.395829,2722.713369,-0.7300759999998263,-0.41253599999981816,-0.5713059999998222
2022-08-01 18:00:00,2723.122406,2722.393601,2722.710145,-0.7288049999997384,-0.41226099999994403,-0.5705329999998412
2022-08-01 18:15:00,2723.124155,2722.397413,2722.714379,-0.726741999999831,-0.4097759999999653,-0.5682589999998982
2022-08-01 18:30:00,2723.122406,2722.397765,2722.711168,-0.7246409999997923,-0.41123800000013944,-0.5679394999999658
2022-08-01 18:45:00,2723.124155,2722.395365,2722.714385,-0.7287900000001173,-0.40976999999975305,-0.5692799999999352
2022-08-01 19:15:00,2723.124155,2722.398047,2722.712918,-0.7261079999998401,-0.4112369999998009,-0.5686724999998205
2022-08-01 20:00:00,2723.122986,2722.396877,2722.711748,-0.7261089999997239,-0.4112379999996847,-0.5686734999997043
2022-08-01 20:15:00,2723.122986,2722.394659,2722.712482,-0.7283269999998083,-0.41050399999994625,-0.5694154999998773
2022-08-01 21:30:00,2723.125905,2722.400561,2722.713646,-0.72534399999995,-0.4122589999997217,-0.5688014999998359
2022-08-01 22:30:00,2723.125895,2722.400873,2722.714658,-0.7250220000000809,-0.41123700000025565,-0.5681295000001683
2022-08-01 22:45:00,2723.127644,2722.402777,2722.715392,-0.7248670000003585,-0.41225200000008044,-0.5685595000002195
2022-08-01 23:00:00,2723.124145,2722.396594,2722.712908,-0.7275510000004033,-0.41123700000025565,-0.5693940000003295
2022-08-01 23:15:00,2723.124735,2722.396863,2722.714172,-0.7278719999999339,-0.41056299999991097,-0.5692174999999224
2022-08-01 23:30:00,2723.127644,2722.397174,2722.713155,-0.7304699999999684,-0.4144890000002306,-0.5724795000000995
2022-08-02 00:30:00,2723.127064,2722.395817,2722.716562,-0.731246999999712,-0.4105019999997239,-0.570874499999718
2022-08-02 01:30:00,2723.125905,2722.396127,2722.714609,-0.7297779999998966,-0.4112959999997656,-0.5705369999998311
2022-08-02 02:00:00,2723.125325,2722.398511,2722.716566,-0.726814000000104,-0.40875899999991816,-0.5677865000000111
2022-08-02 02:15:00,2723.127074,2722.396294,2722.715342,-0.7307799999998679,-0.4117320000000291,-0.5712559999999485
2022-08-02 02:30:00,2723.125905,2722.398976,2722.716076,-0.7269289999999273,-0.4098289999997178,-0.5683789999998226
2022-08-02 03:00:00,2723.127064,2722.39967,2722.716846,-0.7273940000000039,-0.4102179999999862,-0.568805999999995
2022-08-02 03:15:00,2723.128814,2722.399981,2722.715338,-0.7288330000001224,-0.41347600000017337,-0.5711545000001479
2022-08-02 03:30:00,2723.125315,2722.402197,2722.716355,-0.7231179999998858,-0.40895999999975174,-0.5660389999998188
2022-08-02 03:45:00,2723.127064,2722.40025,2722.718596,-0.7268139999996492,-0.4084679999996297,-0.5676409999996395
2022-08-02 05:45:00,2723.122406,2722.397069,2722.716359,-0.725336999999854,-0.4060469999999441,-0.565691999999899
2022-08-02 06:15:00,2723.125905,2722.398975,2722.717376,-0.7269299999998111,-0.40852899999981673,-0.5677294999998139
2022-08-02 06:30:00,2723.127074,2722.399977,2722.71811,-0.7270969999999579,-0.4089640000001964,-0.5680305000000772
2022-08-02 07:15:00,2723.124155,2722.400908,2722.715626,-0.7232469999999012,-0.40852899999981673,-0.565887999999859
2022-08-02 08:00:00,2723.124155,2722.400217,2722.716306,-0.7239380000000892,-0.4078490000001693,-0.5658935000001293
2022-08-02 09:00:00,2723.122986,2722.39858,2722.715869,-0.7244059999998171,-0.4071169999997437,-0.5657614999997804
2022-08-02 09:45:00,2723.125325,2722.399284,2722.717039,-0.7260409999998956,-0.4082859999998618,-0.5671634999998787
2022-08-02 10:00:00,2723.124155,2722.397534,2722.716589,-0.7266209999997955,-0.40756599999986065,-0.567093499999828
2022-08-02 10:30:00,2723.128824,2722.404718,2722.720823,-0.7241060000001198,-0.40800099999978556,-0.5660534999999527
2022-08-02 11:00:00,2723.122406,2722.395783,2722.713332,-0.7266230000000178,-0.40907400000014604,-0.5678485000000819
2022-08-02 11:30:00,2723.121236,2722.394613,2722.712161,-0.7266230000000178,-0.40907500000002983,-0.5678490000000238
2022-08-02 11:45:00,2723.118907,2722.396249,2722.713142,-0.7226580000001377,-0.40576499999997395,-0.5642115000000558
2022-08-02 13:00:00,2723.119487,2722.39625,2722.710758,-0.7232370000001538,-0.40872899999976653,-0.5659829999999602
2022-08-02 13:15:00,2723.117148,2722.396394,2722.712102,-0.7207539999999426,-0.4050459999998566,-0.5628999999998996
2022-08-02 13:30:00,2723.118897,2722.401843,2722.712445,-0.7170539999997345,-0.4064519999997174,-0.5617529999997259
2022-08-02 13:45:00,2723.119487,2722.398454,2722.710938,-0.7210329999998066,-0.40854899999976624,-0.5647909999997864
2022-08-02 14:00:00,2723.115988,2722.397439,2722.710204,-0.7185490000001664,-0.40578400000003967,-0.562166500000103
2022-08-02 14:15:00,2723.117737,2722.39744,2722.709524,-0.7202969999998459,-0.4082130000001598,-0.5642550000000028
2022-08-02 14:30:00,2723.117158,2722.398144,2722.711711,-0.719014000000243,-0.4054470000000947,-0.5622305000001688
2022-08-02 14:45:00,2723.114239,2722.396395,2722.710208,-0.7178439999997863,-0.4040310000000318,-0.560937499999909
2022-08-02 15:15:00,2723.115408,2722.39878,2722.711904,-0.7166280000001279,-0.40350400000033915,-0.5600660000002335
2022-08-02 15:30:00,2723.117158,2722.400531,2722.712975,-0.7166270000002442,-0.40418300000010277,-0.5604050000001735
2022-08-02 15:45:00,2723.112489,2722.400561,2722.711225,-0.7119280000001709,-0.4012640000000829,-0.5565960000001269
2022-08-02 16:00:00,2723.114239,2722.396876,2722.710154,-0.7173630000002049,-0.4040850000001228,-0.5607240000001639
2022-08-02 16:15:00,2723.115988,2722.399094,2722.711468,-0.7168940000001385,-0.40452000000004773,-0.5607070000000931
2022-08-02 16:30:00,2723.112489,2722.399561,2722.710734,-0.7129279999999198,-0.40175500000032116,-0.5573415000001205
2022-08-02 16:45:00,2723.117148,2722.404688,2722.713645,-0.7124599999997372,-0.4035030000000006,-0.5579814999998689
2022-08-02 17:15:00,2723.113649,2722.399707,2722.709658,-0.7139419999998609,-0.403990999999678,-0.5589664999997694
2022-08-02 18:00:00,2723.115398,2722.399708,2722.710878,-0.715689999999995,-0.40452000000004773,-0.5601050000000214
2022-08-02 18:15:00,2723.118897,2722.402743,2722.715395,-0.7161539999997331,-0.4035019999996621,-0.5598279999996976
2022-08-02 18:45:00,2723.113649,2722.397026,2722.711894,-0.7166229999997995,-0.4017549999998664,-0.559188999999833
2022-08-02 19:30:00,2723.117148,2722.40026,2722.712911,-0.7168879999999263,-0.40423699999973906,-0.5605624999998327
2022-08-02 20:00:00,2723.115988,2722.3991,2722.712431,-0.7168879999999263,-0.40355700000009165,-0.560222500000009
2022-08-02 20:15:00,2723.117148,2722.402476,2722.714135,-0.7146719999996094,-0.4030129999996461,-0.5588424999996278
2022-08-02 20:30:00,2723.115988,2722.403532,2722.712484,-0.712456000000202,-0.4035039999998844,-0.5579800000000432
2022-08-02 20:45:00,2723.115988,2722.401316,2722.713164,-0.7146720000000641,-0.402824000000237,-0.5587480000001506
2022-08-02 21:00:00,2723.117737,2722.403066,2722.713655,-0.7146710000001804,-0.4040820000000167,-0.5593765000000985
2022-08-02 21:30:00,2723.115988,2722.402319,2722.714672,-0.713669000000209,-0.4013159999999516,-0.5574925000000803
2022-08-02 22:00:00,2723.117737,2722.401303,2722.713501,-0.7164339999999356,-0.40423599999985527,-0.5603349999998954
2022-08-02 22:15:00,2723.115988,2722.399086,2722.712241,-0.7169020000001183,-0.4037469999998393,-0.5603244999999788
2022-08-02 23:15:00,2723.118907,2722.397348,2722.712188,-0.7215590000000702,-0.40671900000006644,-0.5641390000000683
2022-08-02 23:45:00,2723.118907,2722.39657,2722.712921,-0.7223370000001523,-0.4059860000002118,-0.5641615000001821
2022-08-03 00:15:00,2723.120656,2722.402598,2722.715405,-0.7180579999999281,-0.4052510000001348,-0.5616545000000315
2022-08-03 01:15:00,2723.121816,2722.398776,2722.714662,-0.7230399999998554,-0.40715399999999136,-0.5650969999999234
2022-08-03 01:30:00,2723.118907,2722.397615,2722.714672,-0.7212920000001759,-0.4042349999999715,-0.5627635000000737
2022-08-03 01:45:00,2723.118897,2722.400992,2722.715152,-0.7179049999999734,-0.403744999999617,-0.5608249999997952
2022-08-03 02:00:00,2723.117148,2722.399241,2722.715832,-0.717906999999741,-0.4013159999999516,-0.5596114999998463
2022-08-03 02:15:00,2723.115988,2722.399096,2722.715949,-0.7168919999999162,-0.40003900000010617,-0.5584655000000112
2022-08-03 02:30:00,2723.117737,2722.39983,2722.714725,-0.7179070000001957,-0.4030120000002171,-0.5604595000002064
2022-08-03 02:45:00,2723.117148,2722.400722,2722.716619,-0.7164259999999558,-0.4005290000000059,-0.5584774999999809
2022-08-03 03:00:00,2723.120646,2722.402472,2722.717636,-0.7181739999996353,-0.40300999999999476,-0.560591999999815
2022-08-03 03:15:00,2723.120646,2722.401457,2722.71837,-0.7191889999999148,-0.40227599999980157,-0.5607324999998582
2022-08-03 03:30:00,2723.118897,2722.401455,2722.716902,-0.7174419999996644,-0.4019949999997152,-0.5597184999996898
2022-08-03 03:45:00,2723.115398,2722.397488,2722.715885,-0.7179099999998471,-0.3995129999998426,-0.5587114999998448
2022-08-03 04:30:00,2723.120067,2722.40161,2722.718806,-0.718456999999944,-0.4012609999999768,-0.5598589999999604
2022-08-03 04:45:00,2723.118317,2722.399393,2722.717789,-0.7189239999997881,-0.4005280000001221,-0.5597259999999551
2022-08-03 05:45:00,2723.120646,2722.401454,2722.7208,-0.7191920000000209,-0.39984599999979764,-0.5595189999999093
2022-08-03 06:00:00,2723.121816,2722.402935,2722.719049,-0.7188809999997829,-0.40276700000003984,-0.5608239999999114
2022-08-03 06:30:00,2723.118907,2722.398077,2722.71838,-0.7208300000002055,-0.40052700000023833,-0.5606785000002219
2022-08-03 06:45:00,2723.120656,2722.398076,2722.719396,-0.7225800000001072,-0.401260000000093,-0.5619200000001001
2022-08-03 07:00:00,2723.118907,2722.397807,2722.717062,-0.7211000000002059,-0.40184499999986656,-0.5614725000000362
2022-08-03 07:30:00,2723.119487,2722.396171,2722.718659,-0.723316000000068,-0.40082799999981944,-0.5620719999999437
2022-08-03 07:45:00,2723.119487,2722.398387,2722.719392,-0.7210999999997512,-0.4000949999999648,-0.560597499999858
2022-08-03 08:15:00,2723.120656,2722.399856,2722.720066,-0.7208000000000538,-0.40059000000019296,-0.5606950000001234
2022-08-03 08:30:00,2723.118907,2722.398571,2722.717583,-0.7203359999998611,-0.4013239999999314,-0.5608299999998962
2022-08-03 09:00:00,2723.118907,2722.402537,2722.718599,-0.7163700000000972,-0.4003080000002228,-0.55833900000016
2022-08-03 09:45:00,2723.114239,2722.394872,2722.713442,-0.7193670000001475,-0.400796999999784,-0.5600819999999658
2022-08-03 10:15:00,2723.115988,2722.396622,2722.716359,-0.719365999999809,-0.39962900000000445,-0.5594974999999067
2022-08-03 10:30:00,2723.115988,2722.398569,2722.714405,-0.7174190000000635,-0.4015829999998459,-0.5595009999999547
2022-08-03 11:00:00,2723.112489,2722.394871,2722.711242,-0.7176180000001295,-0.4012470000002395,-0.5594325000001845
2022-08-03 11:15:00,2723.114239,2722.394405,2722.714459,-0.7198339999999916,-0.39978000000019165,-0.5598070000000916
2022-08-03 11:30:00,2723.114239,2722.397088,2722.712709,-0.7171509999998307,-0.4015300000000934,-0.559340499999962
2022-08-03 12:30:00,2723.115988,2722.397101,2722.712998,-0.7188869999999952,-0.40299000000004526,-0.5609385000000202
2022-08-03 12:45:00,2723.115988,2722.398104,2722.716156,-0.7178840000001401,-0.39983200000006036,-0.5588580000001002
2022-08-03 13:15:00,2723.114239,2722.399784,2722.715481,-0.7144549999998162,-0.3987579999998161,-0.5566064999998162
2022-08-03 13:30:00,2723.115408,2722.398738,2722.715428,-0.7166700000002493,-0.39998000000014144,-0.5583250000001954
2022-08-03 13:45:00,2723.115408,2722.396988,2722.713677,-0.718420000000151,-0.401730999999927,-0.560075500000039
2022-08-03 14:00:00,2723.113659,2722.394772,2722.714695,-0.7188869999999952,-0.3989639999999781,-0.5589254999999866
2022-08-03 14:15:00,2723.115988,2722.394886,2722.714689,-0.7211019999999735,-0.4012990000001082,-0.5612005000000408
2022-08-03 14:30:00,2723.114818,2722.395932,2722.715269,-0.7188860000001114,-0.39954900000020643,-0.5592175000001589
2022-08-03 15:00:00,2723.130573,2722.394689,2722.706298,-0.7358839999997144,-0.4242749999998523,-0.5800794999997834
2022-08-03 15:15:00,2723.155645,2722.4153,2722.726655,-0.7403449999997065,-0.4289899999998852,-0.5846674999997958
2022-08-03 15:30:00,2723.154475,2722.440682,2722.751323,-0.713792999999896,-0.4031519999998636,-0.5584724999998798
2022-08-03 15:45:00,2723.150976,2722.467559,2722.762241,-0.6834169999997357,-0.38873499999999694,-0.5360759999998663
2022-08-03 16:00:00,2723.150976,2722.480545,2722.777307,-0.6704310000000078,-0.37366900000006353,-0.5220500000000357
2022-08-03 16:15:00,2723.155645,2722.487744,2722.786903,-0.6679009999998016,-0.3687419999996564,-0.518321499999729
2022-08-03 16:30:00,2723.152725,2722.495862,2722.794481,-0.6568629999997029,-0.35824400000001333,-0.5075534999998581
2022-08-03 16:45:00,2723.152725,2722.497613,2722.801083,-0.6551119999999173,-0.3516420000000835,-0.5033770000000004
2022-08-03 17:00:00,2723.154475,2722.496836,2722.804265,-0.6576390000000174,-0.3502099999996062,-0.5039244999998118
2022-08-03 17:15:00,2723.150976,2722.492684,2722.806425,-0.658292000000074,-0.34455099999968297,-0.5014214999998785
2022-08-03 17:30:00,2723.150976,2722.487785,2722.808176,-0.6631910000000971,-0.3427999999998974,-0.5029954999999973
2022-08-03 17:45:00,2723.150976,2722.4833,2722.810069,-0.6676760000000286,-0.34090699999978824,-0.5042914999999084
2022-08-03 18:00:00,2723.150976,2722.476932,2722.808845,-0.6740439999998671,-0.34213099999988117,-0.5080874999998741
2022-08-03 18:15:00,2723.148057,2722.468335,2722.807909,-0.679721999999856,-0.34014799999977186,-0.509934999999814
2022-08-03 18:30:00,2723.148057,2722.460486,2722.804727,-0.6875709999999344,-0.34332999999969616,-0.5154504999998153
2022-08-03 18:45:00,2723.146308,2722.452356,2722.801551,-0.6939520000000812,-0.344756999999845,-0.5193544999999631
2022-08-03 19:00:00,2723.145728,2722.447148,2722.800024,-0.6985799999997653,-0.34570399999984147,-0.5221419999998034
2022-08-03 19:15:00,2723.144568,2722.440074,2722.797923,-0.7044940000000679,-0.34664500000008047,-0.5255695000000742
2022-08-03 19:30:00,2723.142819,2722.438562,2722.796119,-0.7042570000003252,-0.3467000000000553,-0.5254785000001903
2022-08-03 19:45:00,2723.142809,2722.431477,2722.791772,-0.7113319999998566,-0.3510369999999057,-0.5311844999998812
2022-08-03 20:00:00,2723.141059,2722.429726,2722.789081,-0.7113330000001952,-0.3519780000001447,-0.5316555000001699
2022-08-03 20:15:00,2723.142809,2722.42511,2722.78741,-0.7176989999998113,-0.355399000000034,-0.5365489999999227
2022-08-03 20:30:00,2723.141639,2722.420479,2722.78549,-0.7211600000000544,-0.35614899999973204,-0.5386544999998932
2022-08-03 20:45:00,2723.13989,2722.415808,2722.781786,-0.7240819999997257,-0.35810399999991205,-0.5410929999998189
2022-08-03 21:00:00,2723.1399,2722.411065,2722.779289,-0.7288350000003447,-0.36061100000006263,-0.5447230000002037
2022-08-03 21:15:00,2723.1399,2722.410133,2722.777821,-0.7297670000002654,-0.36207899999999427,-0.5459230000001298
2022-08-03 21:30:00,2723.13989,2722.406435,2722.77522,-0.733455000000049,-0.36466999999993277,-0.5490624999999909
2022-08-03 21:45:00,2723.135821,2722.403059,2722.772533,-0.7327619999996386,-0.3632880000000114,-0.548024999999825
2022-08-03 22:00:00,2723.136981,2722.400376,2722.770729,-0.7366050000000541,-0.3662520000002587,-0.5514285000001564
2022-08-03 22:15:00,2723.136981,2722.400222,2722.77009,-0.7367589999998927,-0.3668910000001233,-0.551825000000008
2022-08-03 22:45:00,2723.13873,2722.399447,2722.766175,-0.7392830000003414,-0.37255499999992026,-0.5559190000001308
2022-08-03 23:15:00,2723.13815,2722.397737,2722.764221,-0.7404130000004443,-0.3739290000003166,-0.5571710000003804
2022-08-03 23:30:00,2723.13873,2722.393573,2722.763731,-0.7451570000002903,-0.3749990000001162,-0.5600780000002032
2022-08-03 23:45:00,2723.13873,2722.395324,2722.762998,-0.74340600000005,-0.37573199999997087,-0.5595690000000104
2022-08-04 00:00:00,2723.13873,2722.39288,2722.763281,-0.7458500000002459,-0.37544900000011694,-0.5606495000001814
2022-08-04 00:15:00,2723.13815,2722.395168,2722.761477,-0.742982000000211,-0.37667300000020987,-0.5598275000002104
2022-08-04 00:30:00,2723.14048,2722.397034,2722.763357,-0.743445999999949,-0.3771230000002106,-0.5602845000000798
2022-08-04 00:45:00,2723.136981,2722.394548,2722.76127,-0.7424329999998918,-0.3757110000001376,-0.5590720000000147
2022-08-04 01:00:00,2723.136981,2722.392289,2722.75762,-0.7446920000002137,-0.37936100000024453,-0.5620265000002291
2022-08-04 01:15:00,2723.136981,2722.391907,2722.756396,-0.7450739999999314,-0.3805849999998827,-0.5628294999999071
2022-08-04 01:30:00,2723.135811,2722.392487,2722.75551,-0.7433240000000296,-0.380301000000145,-0.5618125000000873
2022-08-04 01:45:00,2723.133482,2722.393066,2722.756343,-0.7404160000000957,-0.3771390000001702,-0.5587775000001329
2022-08-04 02:00:00,2723.13873,2722.39435,2722.757206,-0.744380000000092,-0.3815239999998994,-0.5629519999999957
2022-08-04 02:15:00,2723.13815,2722.395986,2722.75789,-0.7421640000002299,-0.3802600000003622,-0.561212000000296
2022-08-04 02:30:00,2723.136981,2722.39552,2722.757157,-0.7414610000000721,-0.37982400000009875,-0.5606425000000854
2022-08-04 03:00:00,2723.14048,2722.39727,2722.758416,-0.7432100000000901,-0.38206399999990026,-0.5626369999999952
2022-08-04 03:15:00,2723.13814,2722.395748,2722.758843,-0.742392000000109,-0.37929699999995137,-0.5608445000000302
2022-08-04 03:30:00,2723.13989,2722.396495,2722.756603,-0.7433949999999641,-0.3832870000001094,-0.5633410000000367
2022-08-04 03:45:00,2723.141639,2722.396029,2722.758883,-0.7456099999999424,-0.3827559999999721,-0.5641829999999572
2022-08-04 04:00:00,2723.13814,2722.395211,2722.757133,-0.7429290000000037,-0.38100699999995413,-0.5619679999999789
2022-08-04 04:15:00,2723.141639,2722.398711,2722.75815,-0.7429280000001199,-0.3834889999998268,-0.5632084999999734
2022-08-04 04:30:00,2723.141059,2722.396184,2722.758587,-0.7448749999998654,-0.3824720000002344,-0.5636735000000499
2022-08-04 05:00:00,2723.141649,2722.397199,2722.758097,-0.7444500000001426,-0.38355200000023615,-0.5640010000001894
2022-08-04 05:15:00,2723.141649,2722.395718,2722.756682,-0.7459309999999277,-0.38496699999996054,-0.5654489999999441
2022-08-04 05:30:00,2723.1399,2722.395252,2722.757363,-0.7446480000003248,-0.3825369999999566,-0.5635925000001407
2022-08-04 05:45:00,2723.13989,2722.393346,2722.756192,-0.7465440000000854,-0.3836980000000949,-0.5651210000000901
2022-08-04 06:00:00,2723.13989,2722.394081,2722.756927,-0.7458090000000084,-0.38296300000001793,-0.5643860000000132
2022-08-04 06:15:00,2723.13989,2722.394785,2722.757209,-0.7451049999999668,-0.3826810000000478,-0.5638930000000073
2022-08-04 06:30:00,2723.141639,2722.393035,2722.756476,-0.7486039999998866,-0.38516299999992043,-0.5668834999999035
2022-08-04 07:00:00,2723.13873,2722.390942,2722.75479,-0.7477880000001278,-0.38394000000016604,-0.5658640000001469
2022-08-04 07:15:00,2723.13873,2722.391946,2722.754245,-0.7467839999999342,-0.3844850000000406,-0.5656344999999874
2022-08-04 07:30:00,2723.1399,2722.389883,2722.754002,-0.7500170000002981,-0.3858979999999974,-0.5679575000001478
2022-08-04 07:45:00,2723.136981,2722.389997,2722.754239,-0.746983999999884,-0.38274200000023484,-0.5648630000000594
2022-08-04 08:00:00,2723.136981,2722.392638,2722.752832,-0.7443430000002991,-0.3841489999999794,-0.5642460000001392
2022-08-04 08:15:00,2723.136981,2722.390734,2722.751805,-0.7462470000000394,-0.38517600000022867,-0.565711500000134
2022-08-04 08:30:00,2723.136981,2722.392682,2722.752484,-0.7442989999999554,-0.3844970000000103,-0.5643979999999829
2022-08-04 08:45:00,2723.137571,2722.391209,2722.750928,-0.7463620000003175,-0.3866430000002765,-0.566502500000297
2022-08-04 09:00:00,2723.13873,2722.39152,2722.749857,-0.7472099999999955,-0.38887300000033065,-0.5680415000001631
2022-08-04 09:15:00,2723.134072,2722.391986,2722.748841,-0.7420859999997447,-0.38523099999974875,-0.5636584999997467
2022-08-04 09:30:00,2723.131153,2722.390535,2722.748687,-0.740617999999813,-0.3824660000000222,-0.5615419999999176
2022-08-04 09:45:00,2723.131153,2722.388318,2722.745186,-0.7428350000000137,-0.3859669999997095,-0.5644009999998616
2022-08-04 10:00:00,2723.129403,2722.3851,2722.744453,-0.7443029999999453,-0.38495000000011714,-0.5646265000000312
2022-08-04 10:15:00,,2722.388754,2722.745037,,,
2022-08-04 10:30:00,,2722.388288,2722.746208,,,
2022-08-04 10:45:00,,2722.384322,2722.742499,,,
2022-08-04 11:00:00,2723.129403,2722.376419,2722.736321,-0.7529839999997421,-0.39308200000004945,-0.5730329999998958
2022-08-04 11:15:00,2723.137571,2722.386072,2722.743233,-0.7514990000004218,-0.3943380000000616,-0.5729185000002417
2022-08-04 11:30:00,2723.137571,2722.387822,2722.746734,-0.7497490000000653,-0.39083700000037425,-0.5702930000002198
2022-08-04 12:30:00,2723.13873,2722.389914,2722.755455,-0.7488160000002608,-0.3832750000001397,-0.5660455000002003
2022-08-04 12:45:00,2723.13873,2722.383534,2722.760324,-0.755196000000069,-0.37840600000026825,-0.5668010000001686
2022-08-04 13:00:00,2723.136981,2722.381783,2722.759857,-0.7551980000002914,-0.3771240000000944,-0.5661610000001929
2022-08-04 13:15:00,2723.136981,2722.38575,2722.761814,-0.7512310000001889,-0.3751670000001468,-0.5631990000001679
2022-08-04 13:30:00,2723.135231,2722.384001,2722.760738,-0.7512300000003052,-0.37449300000025687,-0.562861500000281
2022-08-04 14:00:00,2723.14048,2722.383815,2722.766192,-0.7566649999998845,-0.37428799999997864,-0.5654764999999315
2022-08-04 14:30:00,2723.13873,2722.380316,2722.766985,-0.7584139999999024,-0.37174499999991895,-0.5650794999999107
2022-08-04 14:45:00,2723.136981,2722.383702,2722.764452,-0.7532790000000205,-0.3725290000002133,-0.5629040000001169
2022-08-04 15:00:00,2723.13873,2722.38397,2722.764978,-0.7547600000002603,-0.37375199999996767,-0.564256000000114
2022-08-04 15:15:00,2723.136981,2722.37985,2722.761121,-0.7571310000002995,-0.37586000000010245,-0.566495500000201
2022-08-04 15:30:00,2723.136981,2722.384987,2722.761801,-0.7519940000001952,-0.3751800000000003,-0.5635870000000978
2022-08-04 15:45:00,2723.135231,2722.381288,2722.75834,-0.753943000000163,-0.3768910000003416,-0.5654170000002523
2022-08-04 16:15:00,2723.13814,2722.386147,2722.761534,-0.7519929999998567,-0.3766059999998106,-0.5642994999998336
2022-08-04 16:30:00,2723.13814,2722.382915,2722.75856,-0.7552249999998821,-0.3795799999998053,-0.5674024999998437
2022-08-04 16:45:00,2723.133482,2722.381166,2722.75613,-0.7523160000000644,-0.3773519999999735,-0.5648340000000189
2022-08-04 17:15:00,2723.13814,2722.382449,2722.757336,-0.7556909999998425,-0.3808039999998982,-0.5682474999998703
2022-08-04 17:30:00,2723.135231,2722.380699,2722.756319,-0.7545320000003812,-0.3789120000001276,-0.5667220000002544
2022-08-04 17:45:00,2723.13989,2722.381985,2722.758407,-0.757904999999937,-0.3814830000001166,-0.5696940000000268
2022-08-04 18:15:00,2723.136981,2722.386884,2722.757673,-0.7500970000000962,-0.3793080000000373,-0.5647025000000667
2022-08-04 19:00:00,2723.13814,2722.383736,2722.75807,-0.7544039999997949,-0.3800700000001598,-0.5672369999999773
2022-08-04 19:15:00,2723.13814,2722.381986,2722.758353,-0.7561540000001514,-0.3797869999998511,-0.5679705000000013
2022-08-04 19:45:00,2723.136981,2722.384212,2722.756175,-0.7527690000001712,-0.38080600000012055,-0.5667875000001459
2022-08-04 20:30:00,2723.13815,2722.383477,2722.75695,-0.7546730000003663,-0.38120000000026266,-0.5679365000003145
2022-08-04 21:15:00,2723.137561,2722.382887,2722.755779,-0.7546739999997953,-0.3817819999999301,-0.5682279999998627
2022-08-04 21:30:00,2723.13873,2722.38358,2722.75875,-0.7551499999999578,-0.37998000000015963,-0.5675650000000587
2022-08-04 21:45:00,2723.136981,2722.379613,2722.755189,-0.7573680000000422,-0.38179200000013225,-0.5695800000000872
2022-08-04 22:00:00,2723.136981,2722.381829,2722.758163,-0.7551520000001801,-0.37881800000013754,-0.5669850000001588
2022-08-04 22:30:00,2723.135821,2722.380203,2722.75802,-0.7556179999996857,-0.3778009999996357,-0.5667094999996607
2022-08-04 22:45:00,2723.13932,2722.381954,2722.757966,-0.7573660000002747,-0.3813540000001012,-0.5693600000001879
2022-08-04 23:00:00,2723.13873,2722.383114,2722.75918,-0.7556159999999181,-0.3795500000001084,-0.5675830000000133
2022-08-05 00:00:00,2723.135821,2722.383902,2722.756215,-0.7519189999998162,-0.379605999999967,-0.5657624999998916
2022-08-05 00:30:00,2723.13873,2722.383579,2722.758393,-0.7551510000002963,-0.3803370000000541,-0.5677440000001752
2022-08-05 00:45:00,2723.137571,2722.383434,2722.756742,-0.7541370000003553,-0.38082900000017617,-0.5674830000002657
2022-08-05 01:00:00,2723.13873,2722.381218,2722.757233,-0.7575120000001334,-0.3814970000003086,-0.569504500000221
2022-08-05 01:30:00,2723.13873,2722.380897,2722.757223,-0.7578330000001188,-0.381507000000056,-0.5696700000000874
2022-08-05 01:45:00,2723.1399,2722.382814,2722.759126,-0.7570860000000721,-0.38077400000020134,-0.5689300000001367
2022-08-05 02:00:00,2723.137561,2722.38211,2722.756737,-0.7554509999999937,-0.38082399999984773,-0.5681374999999207
2022-08-05 02:30:00,2723.13873,2722.384283,2722.759657,-0.7544470000002548,-0.37907300000006217,-0.5667600000001585
2022-08-05 03:00:00,2723.13873,2722.382647,2722.757753,-0.756083000000217,-0.38097700000025725,-0.5685300000002371
2022-08-05 03:15:00,2723.137561,2722.381643,2722.757019,-0.7559179999998378,-0.3805419999998776,-0.5682299999998577
2022-08-05 04:15:00,2723.13873,2722.385029,2722.758492,-0.7537010000000919,-0.38023800000019037,-0.5669695000001411
2022-08-05 05:15:00,2723.136981,2722.382078,2722.754938,-0.754903000000013,-0.38204300000006697,-0.56847300000004
2022-08-05 05:30:00,2723.1399,2722.380596,2722.757422,-0.7593040000001565,-0.3824779999999919,-0.5708910000000742
2022-08-05 05:45:00,2723.1399,2722.382813,2722.758929,-0.7570869999999559,-0.380971000000045,-0.5690290000000005
2022-08-05 06:00:00,2723.13873,2722.382811,2722.757268,-0.7559190000001763,-0.3814620000002833,-0.5686905000002298
2022-08-05 06:30:00,2723.137561,2722.382108,2722.756529,-0.755453000000216,-0.3810320000002321,-0.568242500000224
2022-08-05 06:45:00,2723.137561,2722.38311,2722.756002,-0.7544509999997899,-0.3815589999999247,-0.5680049999998573
2022-08-05 08:15:00,2723.137571,2722.379267,2722.754109,-0.7583040000004075,-0.383462000000236,-0.5708830000003218
2022-08-05 08:30:00,2723.137571,2722.381483,2722.755522,-0.7560880000000907,-0.3820490000002792,-0.5690685000001849
2022-08-05 08:45:00,2723.137571,2722.382656,2722.756539,-0.7549149999999827,-0.3810320000002321,-0.5679735000001074
2022-08-05 09:00:00,2723.135821,2722.380906,2722.757025,-0.7549149999999827,-0.3787959999999657,-0.5668554999999742
2022-08-05 09:30:00,2723.137571,2722.379266,2722.754789,-0.7583050000002913,-0.38278200000013385,-0.5705435000002126
2022-08-05 10:00:00,2723.135811,2722.380427,2722.756286,-0.7553840000000491,-0.3795250000002852,-0.5674545000001672
2022-08-05 11:00:00,2723.135811,2722.377207,2722.755796,-0.7586040000001049,-0.38001500000018495,-0.5693095000001449
2022-08-05 11:15:00,2723.136981,2722.375695,2722.756232,-0.7612859999999273,-0.3807489999999234,-0.5710174999999253
2022-08-05 11:45:00,2723.135231,2722.376627,2722.761574,-0.7586040000001049,-0.37365700000009383,-0.5661305000000993
2022-08-05 12:00:00,2723.133482,2722.378377,2722.759806,-0.7551050000001851,-0.37367600000015955,-0.5643905000001723
2022-08-05 12:45:00,2723.133482,2722.376896,2722.754051,-0.7565859999999702,-0.37943100000029517,-0.5680085000001327
2022-08-05 13:00:00,2723.133482,2722.37585,2722.755752,-0.7576320000002852,-0.377730000000156,-0.5676810000002206
2022-08-05 13:15:00,2723.133482,2722.378533,2722.752044,-0.7549490000001242,-0.3814380000003439,-0.568193500000234
2022-08-05 13:45:00,2723.134072,2722.378378,2722.750873,-0.7556939999999486,-0.38319899999987683,-0.5694464999999127
2022-08-05 14:15:00,2723.133482,2722.378058,2722.750815,-0.7554240000004029,-0.3826670000003105,-0.5690455000003567
2022-08-05 14:30:00,2723.132322,2722.378648,2722.751405,-0.7536740000000464,-0.380916999999954,-0.5672955000000002
2022-08-05 14:45:00,2723.133482,2722.377592,2722.750324,-0.7558900000003632,-0.38315800000009403,-0.5695240000002286
2022-08-05 15:00:00,2723.128824,2722.374682,2722.74843,-0.7541419999997743,-0.3803939999997965,-0.5672679999997854
2022-08-05 15:15:00,2723.134072,2722.376434,2722.750127,-0.7576380000000427,-0.3839450000000397,-0.5707915000000412
2022-08-05 15:30:00,2723.130563,2722.378059,2722.749591,-0.7525040000000445,-0.38097200000038356,-0.566738000000214
2022-08-05 15:45:00,2723.130573,2722.376899,2722.750181,-0.7536740000000464,-0.38039200000002893,-0.5670330000000376
2022-08-05 16:00:00,2723.130573,2722.377367,2722.748956,-0.7532059999998637,-0.38161700000000565,-0.5674114999999347
2022-08-05 16:15:00,2723.130563,2722.376311,2722.747147,-0.7542520000001787,-0.38341600000012477,-0.5688340000001517
2022-08-05 16:30:00,2723.132312,2722.378809,2722.748614,-0.7535030000003644,-0.3836980000000949,-0.5686005000002297
2022-08-05 16:45:00,2723.131733,2722.380445,2722.748371,-0.7512880000003861,-0.38336200000003373,-0.5673250000002099
2022-08-05 17:00:00,2723.131733,2722.378229,2722.747637,-0.7535040000002482,-0.3840960000002269,-0.5688000000002376
2022-08-05 17:30:00,2723.132312,2722.377059,2722.74788,-0.7552530000002662,-0.3844320000002881,-0.5698425000002771
2022-08-05 17:45:00,2723.134062,2722.379347,2722.74963,-0.7547150000000329,-0.3844320000002881,-0.5695735000001605
2022-08-05 18:15:00,2723.136981,2722.38028,2722.748163,-0.7567010000002483,-0.3888179999999011,-0.5727595000000747
2022-08-05 20:00:00,2723.131733,2722.39386,2722.748843,-0.737873000000036,-0.3828900000003159,-0.560381500000176
2022-08-05 20:45:00,2723.134072,2722.3927,2722.7487,-0.7413719999999557,-0.3853719999997338,-0.5633719999998448
2022-08-05 21:00:00,2723.136981,2722.393703,2722.749716,-0.7432779999999184,-0.38726500000029773,-0.5652715000001081
2022-08-05 21:15:00,2723.135231,2722.390203,2722.747719,-0.7450280000002749,-0.38751200000024255,-0.5662700000002587
2022-08-05 21:45:00,2723.132312,2722.388721,2722.747282,-0.7435910000003787,-0.3850300000003699,-0.5643105000003743
2022-08-05 22:45:00,2723.135811,2722.390938,2722.748506,-0.7448730000000978,-0.38730500000019674,-0.5660890000001473
2022-08-05 23:00:00,2723.135231,2722.390202,2722.749676,-0.7450290000001587,-0.38555500000029497,-0.5652920000002268
2022-08-05 23:15:00,2723.135231,2722.388733,2722.748943,-0.7464980000004289,-0.3862880000001496,-0.5663930000002892
2022-08-05 23:45:00,2723.134062,2722.387562,2722.748447,-0.7465000000001965,-0.3856150000001435,-0.56605750000017
2022-08-06 00:00:00,2723.136981,2722.38989,2722.75035,-0.7470910000001822,-0.3866310000003068,-0.5668610000002445
2022-08-06 01:15:00,2723.136981,2722.390201,2722.749617,-0.7467799999999443,-0.38736400000016147,-0.5670720000000529
2022-08-06 01:30:00,2723.136981,2722.390482,2722.751368,-0.7464990000003127,-0.38561299999992116,-0.5660560000001169
2022-08-06 01:45:00,2723.136981,2722.390948,2722.750936,-0.7460329999998976,-0.3860450000001947,-0.5660390000000461
2022-08-06 02:00:00,2723.13873,2722.388732,2722.751953,-0.7499980000002324,-0.38677700000016557,-0.568387500000199
2022-08-06 02:30:00,2723.136391,2722.394324,2722.751363,-0.7420670000001337,-0.3850280000001476,-0.5635475000001406
2022-08-06 02:45:00,2723.13814,2722.39626,2722.750877,-0.7418800000000374,-0.3872630000000754,-0.5645715000000564
2022-08-06 03:00:00,2723.136981,2722.394633,2722.750734,-0.74234800000022,-0.3862469999999121,-0.5642975000000661
2022-08-06 03:15:00,2723.136391,2722.39479,2722.748393,-0.7416010000001734,-0.3879980000001524,-0.5647995000001629
2022-08-06 03:45:00,2723.135231,2722.393628,2722.748983,-0.7416030000003957,-0.3862480000002506,-0.5639255000003232
2022-08-06 04:45:00,2723.136391,2722.394788,2722.750144,-0.741602999999941,-0.3862469999999121,-0.5639249999999265
2022-08-06 05:00:00,2723.136391,2722.396257,2722.749126,-0.7401340000001255,-0.387264999999843,-0.5636994999999843
2022-08-06 05:15:00,2723.136981,2722.397313,2722.75,-0.7396680000001652,-0.38698100000010527,-0.5633245000001352
2022-08-06 05:45:00,2723.136981,2722.399063,2722.75122,-0.7379180000002634,-0.38576100000000224,-0.5618395000001328
2022-08-06 06:15:00,2723.135231,2722.392414,2722.749469,-0.7428170000002865,-0.3857620000003408,-0.5642895000003136
2022-08-06 07:00:00,2723.135231,2722.396577,2722.752384,-0.7386540000002242,-0.3828470000003108,-0.5607505000002675
2022-08-06 07:15:00,2723.136981,2722.3958,2722.75116,-0.7411810000003243,-0.3858210000003055,-0.5635010000003149
2022-08-06 07:30:00,2723.135811,2722.397157,2722.750197,-0.7386540000002242,-0.3856140000002597,-0.5621340000002419
2022-08-06 07:45:00,2723.134062,2722.395096,2722.748731,-0.7389659999998912,-0.385330999999951,-0.5621484999999211
2022-08-06 08:00:00,2723.135811,2722.399373,2722.750481,-0.7364379999999073,-0.38533000000006723,-0.5608839999999873
2022-08-06 09:00:00,2723.134062,2722.39494,2722.751214,-0.7391219999999521,-0.3828480000001946,-0.5609850000000733
2022-08-06 09:15:00,2723.135811,2722.394474,2722.752231,-0.7413369999999304,-0.38358000000016546,-0.5624585000000479
2022-08-06 09:30:00,2723.135811,2722.397156,2722.752964,-0.738655000000108,-0.3828470000003108,-0.5607510000002094
2022-08-06 09:45:00,2723.137561,2722.39669,2722.751894,-0.7408709999999701,-0.3856670000000122,-0.5632689999999911
2022-08-06 10:30:00,2723.135231,2722.393655,2722.750427,-0.7415760000003502,-0.3848040000002584,-0.5631900000003043
2022-08-06 10:45:00,2723.134072,2722.393779,2722.750674,-0.7402929999998378,-0.38339799999994284,-0.5618454999998903
2022-08-06 11:00:00,2723.134072,2722.391563,2722.749266,-0.7425089999996999,-0.38480600000002596,-0.5636574999998629
2022-08-06 11:15:00,2723.132322,2722.392029,2722.747516,-0.7402929999998378,-0.38480600000002596,-0.5625494999999319
2022-08-06 11:45:00,2723.134062,2722.394473,2722.752177,-0.739589000000251,-0.3818850000002385,-0.5607370000002447
2022-08-06 12:00:00,2723.134062,2722.390972,2722.748676,-0.7430899999999383,-0.38538599999992584,-0.5642379999999321
2022-08-06 12:15:00,2723.135811,2722.394939,2722.751687,-0.7408720000003086,-0.38412400000015623,-0.5624980000002324
2022-08-06 12:30:00,2723.133482,2722.395093,2722.749883,-0.7383890000000974,-0.38359900000023117,-0.5609940000001643
2022-08-06 13:00:00,2723.132312,2722.389025,2722.749257,-0.7432870000002367,-0.3830550000002404,-0.5631710000002386
2022-08-06 13:15:00,2723.135231,2722.390196,2722.750621,-0.7450350000003709,-0.38461000000006607,-0.5648225000002185
2022-08-06 13:30:00,2723.135231,2722.390662,2722.749208,-0.7445690000004106,-0.3860230000000229,-0.5652960000002167
2022-08-06 14:00:00,2723.133482,2722.389657,2722.7477,-0.7438250000000153,-0.3857820000002903,-0.5648035000001528
2022-08-06 14:30:00,2723.135811,2722.391707,2722.749451,-0.7441039999998793,-0.38635999999996784,-0.5652319999999236
2022-08-06 14:45:00,2723.133482,2722.391875,2722.748433,-0.7416070000003856,-0.3850489999999809,-0.5633280000001832
2022-08-06 15:00:00,2723.133482,2722.389069,2722.749937,-0.7444130000003497,-0.38354500000014013,-0.5639790000002449
2022-08-06 15:15:00,2723.136981,2722.391399,2722.751197,-0.7455820000000131,-0.38578400000005786,-0.5656830000000355
2022-08-06 15:30:00,2723.135231,2722.387586,2722.747696,-0.7476450000003751,-0.38753500000029817,-0.5675900000003367
2022-08-06 16:15:00,2723.136981,2722.392411,2722.752708,-0.7445700000002944,-0.3842730000001211,-0.5644215000002077
2022-08-06 16:30:00,2723.135231,2722.391409,2722.750958,-0.7438220000003639,-0.3842730000001211,-0.5640475000002425
2022-08-06 17:45:00,2723.133482,2722.39556,2722.749887,-0.7379220000002533,-0.38359500000024127,-0.5607585000002473
2022-08-06 19:30:00,2723.1399,2722.393345,2722.752124,-0.7465550000001713,-0.38777600000003076,-0.567165500000101
2022-08-06 20:30:00,2723.13873,2722.39319,2722.752645,-0.7455400000003465,-0.3860850000000937,-0.5658125000002201
2022-08-06 20:45:00,2723.14048,2722.393458,2722.753378,-0.7470220000000154,-0.38710200000014083,-0.5670620000000781
2022-08-06 21:00:00,2723.13873,2722.397622,2722.752852,-0.7411080000001675,-0.3858780000000479,-0.5634930000001077
2022-08-06 21:15:00,2723.137571,2722.399682,2722.753928,-0.7378889999999956,-0.3836430000001201,-0.5607660000000578
2022-08-06 21:45:00,2723.137571,2722.397465,2722.754945,-0.7401060000001962,-0.38262600000007296,-0.5613660000001346
2022-08-06 22:00:00,2723.137561,2722.396295,2722.752704,-0.741265999999996,-0.3848570000000109,-0.5630615000000034
2022-08-06 22:30:00,2723.13873,2722.397156,2722.753874,-0.7415740000001279,-0.3848560000001271,-0.5632150000001275
2022-08-06 22:45:00,2723.137571,2722.39673,2722.753195,-0.7408410000002732,-0.3843760000004295,-0.5626085000003513
2022-08-07 00:00:00,2723.13873,2722.395248,2722.753685,-0.7434820000003128,-0.385044999999991,-0.5642635000001519
2022-08-07 01:15:00,2723.13873,2722.397339,2722.754355,-0.7413910000000214,-0.38437500000009095,-0.5628830000000562
2022-08-07 01:30:00,2723.14048,2722.394939,2722.755619,-0.7455410000002303,-0.3848610000000008,-0.5652010000001155
2022-08-07 01:45:00,2723.14048,2722.398623,2722.756352,-0.7418569999999818,-0.38412800000014613,-0.562992500000064
2022-08-07 02:00:00,2723.1399,2722.396574,2722.756789,-0.743326000000252,-0.383111000000099,-0.5632185000001755
2022-08-07 02:15:00,2723.13873,2722.394626,2722.755382,-0.744104000000334,-0.38334800000029645,-0.5637260000003153
2022-08-07 02:30:00,2723.13931,2722.39937,2722.755678,-0.7399399999999332,-0.38363200000003417,-0.5617859999999837
2022-08-07 02:45:00,2723.13873,2722.397309,2722.757132,-0.7414210000001731,-0.38159799999993993,-0.5615095000000565
2022-08-07 03:15:00,2723.136981,2722.395558,2722.753348,-0.7414229999999407,-0.38363299999991796,-0.5625279999999293
2022-08-07 03:45:00,2723.13873,2722.394823,2722.752651,-0.7439070000000356,-0.38607900000033624,-0.5649930000001859
2022-08-07 04:15:00,2723.13873,2722.395092,2722.754892,-0.743637999999919,-0.3838380000001962,-0.5637380000000576
2022-08-07 04:30:00,2723.136981,2722.396885,2722.754608,-0.7400959999999941,-0.3823729999999159,-0.561234499999955
2022-08-07 05:30:00,2723.136981,2722.397306,2722.753384,-0.7396750000002612,-0.38359700000000885,-0.561636000000135
2022-08-07 06:00:00,2723.137561,2722.397152,2722.752988,-0.7404089999999997,-0.3845729999998184,-0.562490999999909
2022-08-07 06:30:00,2723.135811,2722.397618,2722.753135,-0.7381930000001375,-0.3826760000001741,-0.5604345000001558
2022-08-07 07:00:00,2723.137571,2722.395244,2722.752992,-0.7423270000003868,-0.38457900000003065,-0.5634530000002087
2022-08-07 08:00:00,2723.135821,2722.393028,2722.753478,-0.7427929999998923,-0.3823429999997643,-0.5625679999998283
2022-08-07 08:45:00,2723.137561,2722.39423,2722.752254,-0.7433310000001256,-0.3853070000000116,-0.5643190000000686
2022-08-07 09:15:00,2723.137561,2722.394539,2722.750751,-0.74302200000011,-0.38680999999996857,-0.5649160000000393
2022-08-07 09:45:00,2723.132902,2722.39248,2722.750018,-0.7404219999998531,-0.38288399999964895,-0.561652999999751
2022-08-07 10:00:00,2723.137561,2722.395711,2722.752255,-0.7418499999998858,-0.3853060000001278,-0.5635780000000068
2022-08-07 10:15:00,2723.135811,2722.392014,2722.751521,-0.743797000000086,-0.3842899999999645,-0.5640435000000252
2022-08-07 10:30:00,2723.135811,2722.391279,2722.752201,-0.744532000000163,-0.3836100000003171,-0.56407100000024
2022-08-07 11:00:00,2723.137561,2722.393029,2722.752745,-0.744532000000163,-0.3848160000002281,-0.5646740000001955
2022-08-07 11:15:00,2723.132312,2722.389528,2722.750504,-0.7427840000000288,-0.38180800000009185,-0.5622960000000603
2022-08-07 12:00:00,2723.136981,2722.391277,2722.752939,-0.7457039999999324,-0.3840420000001359,-0.5648730000000342
2022-08-07 12:15:00,2723.135811,2722.390107,2722.751034,-0.7457039999999324,-0.38477700000021287,-0.5652405000000726
2022-08-07 12:30:00,2723.135821,2722.390274,2722.751471,-0.7455469999999877,-0.384349999999813,-0.5649484999999004
2022-08-07 12:45:00,2723.134652,2722.392323,2722.749811,-0.7423290000001543,-0.3848410000000513,-0.5635850000001028
2022-08-07 14:30:00,2723.135821,2722.393185,2722.751921,-0.7426359999999477,-0.3838999999998123,-0.56326799999988
2022-08-07 14:45:00,2723.137571,2722.389809,2722.753672,-0.7477620000004208,-0.38389900000038324,-0.565830500000402
2022-08-07 15:00:00,2723.136981,2722.393186,2722.752929,-0.7437950000003184,-0.38405199999988326,-0.5639235000001008
2022-08-07 15:15:00,2723.136981,2722.391705,2722.754153,-0.7452760000001035,-0.3828280000002451,-0.5640520000001743
2022-08-07 15:45:00,2723.145148,2722.393341,2722.754832,-0.7518070000000989,-0.39031599999998434,-0.5710615000000416
2022-08-07 16:00:00,2723.142229,2722.392171,2722.754396,-0.7500580000000809,-0.3878330000002279,-0.5689455000001544
2022-08-07 16:15:00,2723.143399,2722.393652,2722.755418,-0.749746999999843,-0.38798099999985425,-0.5688639999998486
2022-08-07 16:30:00,2723.142229,2722.395869,2722.754455,-0.7463600000000952,-0.3877740000002632,-0.5670670000001792
2022-08-07 16:45:00,2723.141649,2722.391125,2722.755625,-0.7505240000000413,-0.3860240000003614,-0.5682740000002013
2022-08-07 17:00:00,2723.143399,2722.393808,2722.756305,-0.7495910000002368,-0.38709400000016103,-0.5683425000001989
2022-08-07 18:00:00,2723.141649,2722.392339,2722.757866,-0.7493100000001505,-0.38378300000022136,-0.5665465000001859
2022-08-07 18:15:00,2723.1399,2722.393342,2722.757529,-0.7465580000002774,-0.38237100000014834,-0.5644645000002129
2022-08-07 19:00:00,2723.13873,2722.389956,2722.756849,-0.7487740000001395,-0.3818810000002486,-0.565327500000194
2022-08-07 19:30:00,2723.1399,2722.393653,2722.757523,-0.7462470000000394,-0.3823769999999058,-0.5643119999999726
2022-08-07 19:45:00,2723.13873,2722.392172,2722.758536,-0.7465580000002774,-0.38019400000030146,-0.5633760000002894
2022-08-07 20:15:00,2723.14048,2722.391438,2722.757802,-0.7490419999999176,-0.3826779999999417,-0.5658599999999296
2022-08-07 20:30:00,2723.137571,2722.394245,2722.758392,-0.743326000000252,-0.3791790000000219,-0.5612525000001369
2022-08-07 21:00:00,2723.13873,2722.392028,2722.757322,-0.7467019999999138,-0.38140800000019226,-0.564055000000053
2022-08-07 21:15:00,2723.141059,2722.391861,2722.757169,-0.7491979999999785,-0.3838900000000649,-0.5665440000000217
2022-08-07 21:30:00,2723.13931,2722.391863,2722.756429,-0.7474470000001929,-0.3828809999999976,-0.5651640000000953
2022-08-07 22:30:00,2723.141069,2722.392651,2722.757942,-0.7484179999996741,-0.38312699999960387,-0.565772499999639
2022-08-07 22:45:00,2723.13932,2722.390435,2722.759166,-0.7488850000004277,-0.38015400000040245,-0.5645195000004151
2022-08-07 23:00:00,2723.142229,2722.395562,2722.760326,-0.7466669999998885,-0.3819029999999657,-0.5642849999999271
2022-08-07 23:15:00,2723.144558,2722.397312,2722.762657,-0.7472459999999046,-0.38190099999974336,-0.564573499999824
2022-08-07 23:30:00,2723.142809,2722.393615,2722.760907,-0.7491939999999886,-0.3819020000000819,-0.5655480000000352
2022-08-08 00:15:00,2723.142229,2722.396534,2722.762324,-0.7456950000000688,-0.3799050000002353,-0.5628000000001521
2022-08-08 00:30:00,2723.141059,2722.393613,2722.760906,-0.7474459999998544,-0.3801530000000639,-0.5637994999999592
2022-08-08 00:45:00,2723.13931,2722.392329,2722.759889,-0.7469810000002326,-0.37942100000009304,-0.5632010000001628
2022-08-08 01:00:00,2723.13931,2722.390114,2722.758139,-0.7491960000002109,-0.3811709999999948,-0.5651835000001029
2022-08-08 01:15:00,2723.142229,2722.392018,2722.760386,-0.7502110000000357,-0.38184300000011717,-0.5660270000000764
2022-08-08 01:30:00,2723.142809,2722.394545,2722.761639,-0.7482639999998355,-0.38117000000011103,-0.5647169999999733
2022-08-08 01:45:00,2723.142229,2722.393499,2722.759899,-0.7487300000002506,-0.3823299999999108,-0.5655300000000807
2022-08-08 02:15:00,2723.143978,2722.396999,2722.762383,-0.7469790000000103,-0.3815949999998338,-0.564286999999922
2022-08-08 02:30:00,2723.142229,2722.395715,2722.761853,-0.7465139999999337,-0.3803760000000693,-0.5634450000000015
2022-08-08 02:45:00,2723.143978,2722.395249,2722.761649,-0.748728999999912,-0.382329000000027,-0.5655289999999695
2022-08-08 04:15:00,2723.13931,2722.392325,2722.760633,-0.7469850000002225,-0.3786770000001525,-0.5628310000001875
2022-08-08 06:00:00,2723.141059,2722.388163,2722.759889,-0.7528959999999643,-0.38117000000011103,-0.5670330000000376
2022-08-08 06:45:00,2723.135811,2722.38836,2722.756919,-0.7474510000001828,-0.3788920000001781,-0.5631715000001805
2022-08-08 07:00:00,2723.137561,2722.386878,2722.758422,-0.7506830000002083,-0.3791390000001229,-0.5649110000001656
2022-08-08 07:15:00,2723.141059,2722.385946,2722.759439,-0.7551130000001649,-0.38162000000011176,-0.5683665000001383
2022-08-08 07:30:00,2723.134652,2722.388484,2722.758279,-0.7461680000001252,-0.3763730000000578,-0.5612705000000915
2022-08-08 07:45:00,2723.136401,2722.38895,2722.758958,-0.7474510000001828,-0.37744300000031217,-0.5624470000002475
2022-08-08 08:15:00,2723.137561,2722.384195,2722.760172,-0.7533659999999145,-0.37738900000022113,-0.5653775000000678
2022-08-08 09:00:00,2723.13931,2722.383729,2722.758368,-0.7555809999998928,-0.38094200000023193,-0.5682615000000624
2022-08-08 09:30:00,2723.13815,2722.386267,2722.757208,-0.7518830000003618,-0.38094200000023193,-0.5664125000002969
2022-08-08 10:45:00,2723.13931,2722.385211,2722.758899,-0.7540990000002239,-0.38041100000009465,-0.5672550000001593
2022-08-08 11:00:00,2723.137561,2722.385677,2722.759385,-0.7518839999997908,-0.3781760000001668,-0.5650299999999788
2022-08-08 11:15:00,2723.135811,2722.383461,2722.756415,-0.7523500000002059,-0.37939600000026985,-0.5658730000002379
2022-08-08 11:30:00,2723.135811,2722.383927,2722.755452,-0.7518840000002456,-0.38035900000022593,-0.5661215000002358
2022-08-08 11:45:00,2723.134642,2722.384661,2722.755245,-0.7499809999999343,-0.37939700000015364,-0.564689000000044
2022-08-08 12:45:00,2723.13873,2722.387581,2722.758845,-0.7511490000001686,-0.3798850000002858,-0.5655170000002272
2022-08-08 13:00:00,2723.141059,2722.386411,2722.756451,-0.7546480000000884,-0.38460799999984374,-0.569627999999966
2022-08-08 13:30:00,2723.147477,2722.391715,2722.759435,-0.7557619999997769,-0.3880420000000413,-0.5719019999999091
2022-08-08 14:15:00,2723.166721,2722.392679,2722.761436,-0.7740420000000086,-0.40528500000027634,-0.5896635000001424
2022-08-08 14:30:00,2723.16964,2722.398986,2722.767741,-0.7706539999999222,-0.4018989999999576,-0.5862764999999399
2022-08-08 14:45:00,,2722.424326,2722.781678,,,
2022-08-08 15:00:00,,2722.455635,2722.800749,,,
2022-08-08 15:15:00,,2722.492334,2722.816356,,,
2022-08-08 15:30:00,2723.159723,2722.52041,2722.829812,-0.6393130000001293,-0.32991100000026563,-0.48461200000019744
2022-08-08 15:45:00,2723.159723,2722.539298,2722.840082,-0.6204250000000684,-0.3196410000000469,-0.47003300000005765
2022-08-08 16:00:00,2723.156224,2722.542674,2722.846867,-0.613550000000032,-0.3093569999996362,-0.4614534999998341
2022-08-08 16:15:00,2723.156814,2722.534837,2722.850576,-0.621976999999788,-0.30623800000012125,-0.4641074999999546
2022-08-08 16:30:00,2723.155065,2722.524491,2722.848394,-0.6305739999997968,-0.30667099999982383,-0.4686224999998103
2022-08-08 16:45:00,2723.157974,2722.517336,2722.849554,-0.6406380000003082,-0.30842000000029657,-0.4745290000003024
2022-08-08 17:00:00,2723.155065,2722.504349,2722.845762,-0.6507160000001022,-0.3093029999999999,-0.48000950000005105
2022-08-08 17:15:00,2723.153305,2722.494159,2722.845154,-0.6591459999999643,-0.3081509999997252,-0.4836484999998447
2022-08-08 17:30:00,2723.155055,2722.486152,2722.841297,-0.6689030000002276,-0.31375800000023446,-0.49133050000023104
2022-08-08 17:45:00,2723.152725,2722.479349,2722.840023,-0.6733759999997346,-0.3127019999997174,-0.493038999999726
2022-08-08 18:00:00,2723.153305,2722.47297,2722.838799,-0.6803350000000137,-0.3145059999997102,-0.49742049999986193
2022-08-08 18:15:00,2723.154475,2722.46999,2722.839082,-0.6844849999997678,-0.31539299999985815,-0.49993899999981295
2022-08-08 18:30:00,2723.153305,2722.46543,2722.834942,-0.6878749999996217,-0.31836299999986295,-0.5031189999997423
2022-08-08 18:45:00,2723.151556,2722.457457,2722.832251,-0.6940989999998237,-0.31930499999998574,-0.5067019999999047
2022-08-08 19:00:00,2723.153305,2722.452841,2722.832723,-0.7004640000000109,-0.32058199999983117,-0.510522999999921
2022-08-08 19:15:00,2723.151556,2722.446772,2722.828584,-0.7047840000000178,-0.3229719999999361,-0.513877999999977
2022-08-08 19:30:00,2723.151556,2722.444245,2722.828867,-0.7073109999996632,-0.3226889999996274,-0.5149999999996453
2022-08-08 19:45:00,2723.151556,2722.443779,2722.826855,-0.7077769999996235,-0.32470100000000457,-0.516238999999814
2022-08-08 20:00:00,2723.150396,2722.435504,2722.825636,-0.7148919999999634,-0.3247599999999693,-0.5198259999999664
2022-08-08 20:15:00,2723.148647,2722.433754,2722.822211,-0.7148929999998472,-0.32643599999983053,-0.5206644999998389
2022-08-08 20:30:00,2723.148647,2722.429901,2722.818557,-0.7187460000000101,-0.3300899999999274,-0.5244179999999687
2022-08-08 20:45:00,2723.146897,2722.427374,2722.817864,-0.7195230000002084,-0.32903299999998126,-0.5242780000000948
2022-08-08 21:00:00,2723.148647,2722.423211,2722.815173,-0.7254360000001725,-0.3334740000000238,-0.5294550000000982
2022-08-08 21:15:00,2723.147477,2722.421728,2722.815703,-0.7257490000001781,-0.3317739999997684,-0.5287614999999732
2022-08-08 21:45:00,2723.145728,2722.419358,2722.811788,-0.7263699999998607,-0.33393999999998414,-0.5301549999999224
2022-08-08 22:00:00,2723.147477,2722.417608,2722.809305,-0.7298689999997805,-0.33817199999975855,-0.5340204999997695
2022-08-08 22:15:00,2723.147477,2722.415195,2722.809097,-0.732281999999941,-0.3383800000001429,-0.535331000000042
2022-08-08 22:30:00,2723.145728,2722.410762,2722.806654,-0.7349659999999858,-0.33907399999998233,-0.5370199999999841
2022-08-08 22:45:00,2723.144568,2722.409602,2722.80476,-0.7349659999999858,-0.3398080000001755,-0.5373870000000807
2022-08-08 23:15:00,2723.147477,2722.408827,2722.804696,-0.7386499999997795,-0.3427809999998317,-0.5407154999998056
2022-08-08 23:30:00,2723.147477,2722.406144,2722.805173,-0.7413329999999405,-0.34230399999978545,-0.541818499999863
2022-08-08 23:45:00,2723.145728,2722.402913,2722.802535,-0.7428150000000642,-0.34319300000015573,-0.54300400000011
2022-08-09 00:15:00,2723.144558,2722.400964,2722.801312,-0.7435940000000301,-0.34324599999990824,-0.5434199999999691
2022-08-09 00:30:00,2723.145728,2722.39844,2722.800578,-0.7472880000000259,-0.3451500000001033,-0.5462190000000646
2022-08-09 00:45:00,2723.146897,2722.399918,2722.800529,-0.7469790000000103,-0.346367999999984,-0.5466734999999971
2022-08-09 01:00:00,2723.143978,2722.396698,2722.797271,-0.7472800000000461,-0.3467070000001513,-0.5469935000000987
2022-08-09 01:15:00,2723.145728,2722.397701,2722.798081,-0.7480270000000928,-0.3476470000000518,-0.5478370000000723
2022-08-09 01:30:00,2723.145728,2722.394017,2722.795164,-0.7517109999998866,-0.35056399999984933,-0.5511374999998679
2022-08-09 01:45:00,2723.147477,2722.394751,2722.796181,-0.7527260000001661,-0.3512959999998202,-0.5520109999999931
2022-08-09 02:30:00,2723.143978,2722.39417,2722.794377,-0.74980800000003,-0.34960099999989325,-0.5497044999999616
2022-08-09 02:45:00,2723.147477,2722.397205,2722.797877,-0.750271999999768,-0.34960000000000946,-0.5499359999998887
2022-08-09 03:00:00,2723.143978,2722.397671,2722.79462,-0.7463069999998879,-0.34935799999993833,-0.5478324999999131
2022-08-09 03:15:00,2723.145728,2722.395454,2722.79417,-0.7502739999999903,-0.35155799999984083,-0.5509159999999156
2022-08-09 03:30:00,2723.143978,2722.39592,2722.793153,-0.7480580000001282,-0.3508249999999862,-0.5494415000000572
2022-08-09 03:45:00,2723.143978,2722.391488,2722.791933,-0.7524899999998524,-0.3520450000000892,-0.5522674999999708
2022-08-09 04:30:00,2723.143978,2722.393702,2722.790426,-0.7502760000002127,-0.35355200000003606,-0.5519140000001244
2022-08-09 05:00:00,2723.145728,2722.392771,2722.793683,-0.7529570000001513,-0.3520450000000892,-0.5525010000001203
2022-08-09 06:00:00,2723.145148,2722.394678,2722.789921,-0.7504699999999502,-0.3552270000000135,-0.5528484999999819
2022-08-09 06:15:00,2723.145148,2722.392462,2722.790655,-0.7526860000002671,-0.35449300000027506,-0.5535895000002711
2022-08-09 06:30:00,2723.146897,2722.392306,2722.792406,-0.7545909999998912,-0.35449100000005274,-0.554540999999972
2022-08-09 07:00:00,2723.145728,2722.391136,2722.790501,-0.754591999999775,-0.3552270000000135,-0.5549094999998943
2022-08-09 07:15:00,2723.148647,2722.394056,2722.791955,-0.7545909999998912,-0.356691999999839,-0.5556414999998651
2022-08-09 07:30:00,2723.147477,2722.39067,2722.792252,-0.7568070000002081,-0.3552249999997912,-0.5560159999999996
2022-08-09 08:30:00,2723.142229,2722.390388,2722.787284,-0.7518410000002405,-0.35494500000004336,-0.5533930000001419
2022-08-09 09:00:00,2723.145728,2722.391826,2722.790785,-0.7539019999999255,-0.35494299999982104,-0.5544224999998733
2022-08-09 09:45:00,2723.142229,2722.38961,2722.788018,-0.7526189999998678,-0.3542109999998502,-0.553414999999859
2022-08-09 10:30:00,2723.14048,2722.388325,2722.785533,-0.7521550000001298,-0.35494699999981094,-0.5535509999999704
2022-08-09 10:45:00,2723.143399,2722.391245,2722.787721,-0.752154000000246,-0.355677999999898,-0.553916000000072
2022-08-09 11:00:00,2723.14048,2722.385656,2722.788738,-0.7548240000000987,-0.351741999999831,-0.5532829999999649
2022-08-09 11:15:00,2723.142229,2722.38639,2722.785043,-0.7558389999999235,-0.3571860000001834,-0.5565125000000535
2022-08-09 11:45:00,2723.13931,2722.386702,2722.786551,-0.7526080000002366,-0.35275899999987814,-0.5526835000000574
2022-08-09 12:00:00,2723.137561,2722.38756,2722.78723,-0.7500009999998838,-0.35033100000009654,-0.5501659999999902
2022-08-09 12:30:00,2723.137561,2722.387406,2722.78674,-0.7501550000001771,-0.3508209999999963,-0.5504880000000867
2022-08-09 12:45:00,2723.135811,2722.387407,2722.785273,-0.7484039999999368,-0.35053800000014235,-0.5494710000000396
2022-08-09 13:00:00,2723.137561,2722.385926,2722.786537,-0.7516350000000784,-0.3510240000000522,-0.5513295000000653
2022-08-09 13:15:00,2723.137561,2722.386391,2722.785857,-0.7511700000000019,-0.35170400000015434,-0.5514370000000781
2022-08-09 13:30:00,2723.13932,2722.387364,2722.788044,-0.7519560000000638,-0.35127600000032544,-0.5516160000001946
2022-08-09 13:45:00,2723.135821,2722.387831,2722.785124,-0.7479899999998452,-0.3506969999998546,-0.5493434999998499
2022-08-09 14:00:00,2723.134062,2722.384559,2722.784043,-0.7495030000000042,-0.35001899999997477,-0.5497609999999895
2022-08-09 14:15:00,2723.134062,2722.386775,2722.78506,-0.7472870000001421,-0.34900199999992765,-0.5481445000000349
2022-08-09 14:30:00,2723.135811,2722.385615,2722.785307,-0.7501959999999599,-0.3505040000000008,-0.5503499999999804
2022-08-09 14:45:00,2723.135811,2722.383867,2722.782883,-0.7519440000000941,-0.35292800000024727,-0.5524360000001707
2022-08-09 15:00:00,2723.130563,2722.380635,2722.780399,-0.7499280000001818,-0.35016399999994974,-0.5500460000000658
2022-08-09 15:15:00,2723.134062,2722.380169,2722.780434,-0.7538930000000619,-0.3536280000002989,-0.5537605000001804
2022-08-09 15:30:00,2723.135231,2722.382625,2722.782338,-0.7526060000000143,-0.35289300000022195,-0.5527495000001181
2022-08-09 15:45:00,2723.135811,2722.383403,2722.781452,-0.7524080000002868,-0.35435899999993126,-0.553383500000109
2022-08-09 16:00:00,2723.135811,2722.385153,2722.782676,-0.7506579999999303,-0.3531350000002931,-0.5518965000001117
2022-08-09 16:15:00,2723.136981,2722.385309,2722.783355,-0.7516720000003261,-0.3536260000000766,-0.5526490000002013
2022-08-09 16:30:00,2723.134062,2722.383673,2722.782185,-0.7503890000002684,-0.3518770000000586,-0.5511330000001635
2022-08-09 17:15:00,2723.136981,2722.382628,2722.782622,-0.7543530000002647,-0.35435899999993126,-0.554356000000098
2022-08-09 17:30:00,2723.134062,2722.381458,2722.782185,-0.7526040000002467,-0.3518770000000586,-0.5522405000001527
2022-08-09 18:00:00,2723.134062,2722.38263,2722.783639,-0.7514320000000225,-0.35042299999986426,-0.5509274999999434
2022-08-09 18:15:00,2723.135811,2722.383364,2722.783206,-0.7524470000003021,-0.3526050000000396,-0.5525260000001708
2022-08-09 18:30:00,2723.135811,2722.383831,2722.781455,-0.7519800000000032,-0.3543560000002799,-0.5531680000001415
2022-08-09 18:45:00,2723.135231,2722.382785,2722.782135,-0.7524460000004183,-0.35309600000027785,-0.5527710000003481
2022-08-09 19:00:00,2723.134062,2722.383365,2722.782473,-0.7506969999999455,-0.35158899999987625,-0.5511429999999109
2022-08-09 19:15:00,2723.135811,2722.38115,2722.781928,-0.7546609999999419,-0.35388300000022355,-0.5542720000000827
2022-08-09 19:30:00,2723.135231,2722.381346,2722.781402,-0.7538850000000821,-0.3538290000001325,-0.5538570000001073
2022-08-09 19:45:00,2723.137561,2722.384849,2722.784159,-0.7527119999999741,-0.3534020000001874,-0.5530570000000807
2022-08-09 20:00:00,2723.135231,2722.380884,2722.782408,-0.7543470000000525,-0.3528230000001713,-0.5535850000001119
2022-08-09 20:15:00,2723.136981,2722.382634,2722.782899,-0.7543470000000525,-0.35408200000028955,-0.554214500000171
2022-08-09 20:30:00,2723.137571,2722.381008,2722.783152,-0.7565630000003694,-0.3544190000002345,-0.5554910000003019
2022-08-09 20:45:00,2723.137571,2722.381474,2722.781194,-0.756097000000409,-0.3563770000000659,-0.5562370000002375
2022-08-09 21:15:00,2723.136401,2722.381307,2722.781982,-0.7550940000000992,-0.3544190000002345,-0.5547565000001669
2022-08-09 21:30:00,2723.137561,2722.380995,2722.781739,-0.7565660000000207,-0.3558219999999892,-0.556194000000005
2022-08-09 21:45:00,2723.135811,2722.381461,2722.782022,-0.7543500000001586,-0.3537890000002335,-0.5540695000001961
2022-08-09 22:15:00,2723.136401,2722.380145,2722.782081,-0.7562560000001213,-0.3543200000003708,-0.555288000000246
2022-08-09 22:30:00,2723.136401,2722.381161,2722.782755,-0.7552400000004127,-0.3536460000000261,-0.5544430000002194
2022-08-09 22:45:00,2723.136401,2722.378945,2722.781065,-0.7574560000002748,-0.35533600000007937,-0.5563960000001771
2022-08-09 23:00:00,2723.13931,2722.382321,2722.783915,-0.7569889999999759,-0.3553950000000441,-0.55619200000001
2022-08-10 00:00:00,2723.13815,2722.380144,2722.783826,-0.758006000000023,-0.3543240000003607,-0.5561650000001919
2022-08-10 00:15:00,2723.13815,2722.381148,2722.783241,-0.7570020000002842,-0.35490900000013426,-0.5559555000002092
2022-08-10 00:30:00,2723.136391,2722.379708,2722.78032,-0.7566830000000664,-0.35607100000015635,-0.5563770000001114
2022-08-10 01:00:00,2723.1399,2722.383363,2722.783092,-0.7565370000002076,-0.3568080000000009,-0.5566725000001043
2022-08-10 01:15:00,2723.13932,2722.381314,2722.782512,-0.758006000000023,-0.3568080000000009,-0.557407000000012
2022-08-10 02:00:00,2723.1399,2722.381147,2722.782809,-0.7587530000000697,-0.3570910000003096,-0.5579220000001897
2022-08-10 02:30:00,2723.13932,2722.379097,2722.782755,-0.7602230000002237,-0.356565000000046,-0.5583940000001348
2022-08-10 02:45:00,2723.13932,2722.383374,2722.784451,-0.7559460000002218,-0.35486900000023525,-0.5554075000002285
2022-08-10 03:00:00,2723.13815,2722.380847,2722.783435,-0.75730300000032,-0.3547150000003967,-0.5560090000003584
2022-08-10 03:15:00,2723.136401,2722.379408,2722.781684,-0.7569930000004206,-0.35471700000016426,-0.5558550000002924
2022-08-10 03:30:00,2723.137571,2722.381624,2722.78095,-0.7559470000001056,-0.35662100000035934,-0.5562840000002325
2022-08-10 04:30:00,2723.13815,2722.381623,2722.783718,-0.7565270000000055,-0.354432000000088,-0.5554795000000468
2022-08-10 05:15:00,2723.142229,2722.383755,2722.786345,-0.7584740000002057,-0.35588400000006004,-0.5571790000001329
2022-08-10 05:30:00,2723.1399,2722.385277,2722.785185,-0.7546230000002652,-0.35471499999994194,-0.5546690000001036
2022-08-10 05:45:00,2723.137571,2722.38278,2722.782754,-0.7547910000002958,-0.35481700000036653,-0.5548040000003311
2022-08-10 06:00:00,2723.13932,2722.380844,2722.784505,-0.758476000000428,-0.3548150000001442,-0.5566455000002861
2022-08-10 06:30:00,2723.1399,2722.381143,2722.783281,-0.7587570000000596,-0.356619000000137,-0.5576880000000983
2022-08-10 07:00:00,2723.141059,2722.380677,2722.783524,-0.7603819999999359,-0.3575350000000981,-0.558958500000017
2022-08-10 07:15:00,2723.13814,2722.379197,2722.783034,-0.7589429999998174,-0.35510599999997794,-0.5570244999998977
2022-08-10 08:00:00,2723.136391,2722.379237,2722.782017,-0.7571539999999004,-0.35437400000000707,-0.5557639999999537
2022-08-10 08:30:00,2723.136981,2722.379517,2722.782891,-0.7574640000002546,-0.35409000000026936,-0.555777000000262
2022-08-10 08:45:00,2723.1399,2722.379826,2722.783381,-0.7600740000002588,-0.35651899999993475,-0.5582965000000968
2022-08-10 09:00:00,2723.13814,2722.380409,2722.782791,-0.7577310000001489,-0.35534899999993286,-0.5565400000000409
2022-08-10 09:15:00,2723.13931,2722.380986,2722.784051,-0.7583239999999023,-0.3552589999999327,-0.5567914999999175
2022-08-10 09:45:00,2723.136401,2722.377766,2722.78163,-0.7586350000001403,-0.3547710000002553,-0.5567030000001978
2022-08-10 10:00:00,2723.136981,2722.378783,2722.783038,-0.758197999999993,-0.35394300000007206,-0.5560705000000326
2022-08-10 10:45:00,2723.136401,2722.379247,2722.784055,-0.7571540000003552,-0.35234600000012506,-0.5547500000002401
2022-08-10 11:00:00,2723.13815,2722.383214,2722.784788,-0.7549360000002707,-0.3533620000002884,-0.5541490000002796
2022-08-10 11:15:00,2723.136401,2722.38025,2722.783529,-0.7561510000000453,-0.35287200000038865,-0.554511500000217
2022-08-10 11:30:00,2723.136401,2722.377498,2722.782795,-0.7589030000003731,-0.3536060000001271,-0.5562545000002501
2022-08-10 12:00:00,2723.132892,2722.378658,2722.782731,-0.7542339999999967,-0.3501610000002984,-0.5521975000001476
2022-08-10 12:15:00,2723.133482,2722.377019,2722.781774,-0.7564630000001671,-0.35170800000014424,-0.5540855000001557
2022-08-10 12:30:00,2723.134642,2722.374803,2722.779816,-0.759838999999829,-0.3548259999997754,-0.5573324999998022
2022-08-10 12:45:00,2723.135231,2722.375537,2722.783317,-0.7596940000003087,-0.35191400000030626,-0.5558040000003075
2022-08-10 13:00:00,2723.133482,2722.376004,2722.781081,-0.7574779999999919,-0.3524010000000999,-0.5549395000000459
2022-08-10 13:30:00,2723.133482,2722.375072,2722.782771,-0.7584100000003673,-0.3507110000000466,-0.554560500000207
2022-08-10 14:00:00,2723.131733,2722.376326,2722.777437,-0.7554070000001047,-0.35429599999997663,-0.5548515000000407
2022-08-10 14:15:00,2723.131733,2722.373789,2722.77933,-0.7579439999999522,-0.3524030000003222,-0.5551735000001372
2022-08-10 14:30:00,2723.129983,2722.374804,2722.778597,-0.7551789999997709,-0.35138599999982034,-0.5532824999997956
2022-08-10 14:45:00,2723.131733,2722.375539,2722.78059,-0.7561940000000504,-0.35114300000032017,-0.5536685000001853
2022-08-10 15:15:00,2723.131733,2722.376556,2722.781547,-0.7551770000000033,-0.35018600000012157,-0.5526815000000624
2022-08-10 15:30:00,2723.134652,2722.378193,2722.77995,-0.7564590000001772,-0.35470200000008845,-0.5555805000001328
2022-08-10 15:45:00,2723.129983,2722.379393,2722.780536,-0.7505899999996473,-0.34944699999959994,-0.5500184999996236
2022-08-10 16:00:00,2723.131153,2722.376412,2722.781707,-0.7547409999997399,-0.34944599999971615,-0.552093499999728
2022-08-10 16:15:00,2723.131153,2722.375708,2722.780487,-0.7554449999997814,-0.3506659999998192,-0.5530554999998003
2022-08-10 16:30:00,2723.131153,2722.375397,2722.78054,-0.7557560000000194,-0.35061299999961193,-0.5531844999998157
2022-08-10 16:45:00,2723.129983,2722.377177,2722.778299,-0.7528059999999641,-0.3516839999997501,-0.5522449999998571
2022-08-10 17:15:00,2723.129983,2722.37571,2722.779802,-0.754273000000012,-0.35018099999979313,-0.5522269999999025
2022-08-10 17:30:00,2723.128234,2722.376176,2722.779069,-0.7520579999995789,-0.3491649999996298,-0.5506114999996043
2022-08-10 18:00:00,2723.131733,2722.373494,2722.777566,-0.7582390000002306,-0.35416699999996126,-0.5562030000000959
2022-08-10 18:15:00,2723.134652,2722.37513,2722.779753,-0.7595220000002882,-0.3548990000003869,-0.5572105000003376
2022-08-10 18:45:00,2723.132902,2722.374932,2722.779996,-0.7579699999996592,-0.3529059999996207,-0.5554379999996399
2022-08-10 19:00:00,2723.132902,2722.378942,2722.781067,-0.7539600000000064,-0.3518349999999373,-0.5528974999999718
2022-08-10 19:30:00,2723.133482,2722.375711,2722.780274,-0.7577710000000479,-0.3532079999999951,-0.5554895000000215
2022-08-10 19:45:00,2723.131733,2722.377294,2722.78134,-0.754439000000275,-0.3503930000001674,-0.5524160000002212
2022-08-10 20:00:00,2723.135231,2722.375078,2722.780323,-0.760153000000173,-0.35490800000025047,-0.5575305000002118
2022-08-10 20:30:00,2723.133482,2722.375544,2722.778916,-0.7579380000001947,-0.35456599999997707,-0.5562520000000859
2022-08-10 20:45:00,2723.135231,2722.375399,2722.77892,-0.7598320000001877,-0.35631100000000515,-0.5580715000000964
2022-08-10 21:00:00,2723.133482,2722.379524,2722.779937,-0.7539580000002388,-0.3535450000003948,-0.5537515000003168
2022-08-10 21:15:00,2723.133482,2722.377038,2722.778583,-0.7564440000001014,-0.3548990000003869,-0.5556715000002441
2022-08-10 21:30:00,2723.134062,2722.379835,2722.777412,-0.7542269999999007,-0.35665000000017244,-0.5554385000000366
2022-08-10 21:45:00,2723.135231,2722.380301,2722.778429,-0.7549300000000585,-0.3568020000002434,-0.555866000000151
2022-08-10 22:30:00,2723.135231,2722.380569,2722.779352,-0.7546620000002804,-0.35587900000018635,-0.5552705000002334
2022-08-10 22:45:00,2723.133482,2722.381035,2722.778672,-0.7524470000003021,-0.3548100000002705,-0.5536285000002863
2022-08-10 23:30:00,2723.136981,2722.383251,2722.779406,-0.753729999999905,-0.3575749999999971,-0.555652499999951
2022-08-11 00:30:00,2723.135231,2722.381769,2722.780423,-0.7534620000001269,-0.3548080000000482,-0.5541350000000875
2022-08-11 00:45:00,2723.135231,2722.385735,2722.780954,-0.749496000000363,-0.35427700000036566,-0.5518865000003643
2022-08-11 01:15:00,2723.135231,2722.385154,2722.780823,-0.7500770000001467,-0.3544080000001486,-0.5522425000001476
2022-08-11 01:45:00,2723.13815,2722.385435,2722.781403,-0.7527150000000802,-0.3567470000002686,-0.5547310000001744
2022-08-11 02:30:00,2723.13815,2722.386904,2722.78135,-0.7512460000002648,-0.3568000000000211,-0.5540230000001429
2022-08-11 02:45:00,2723.135231,2722.381777,2722.779653,-0.7534540000001471,-0.3555780000001505,-0.5545160000001488
2022-08-11 03:00:00,2723.136981,2722.383527,2722.78067,-0.7534540000001471,-0.35631100000000515,-0.5548825000000761
2022-08-11 03:30:00,2723.136391,2722.385153,2722.781096,-0.7512379999998302,-0.3552949999998418,-0.553266499999836
2022-08-11 04:00:00,2723.136391,2722.384687,2722.78183,-0.7517039999997905,-0.3545610000001034,-0.553132499999947
2022-08-11 04:30:00,2723.135231,2722.381454,2722.779589,-0.7537770000003547,-0.3556419999999889,-0.5547095000001718
2022-08-11 05:00:00,2723.136981,2722.38367,2722.781339,-0.7533109999999397,-0.3556419999999889,-0.5544764999999643
2022-08-11 05:15:00,2723.136401,2722.381609,2722.780616,-0.7547920000001795,-0.3557850000001963,-0.5552885000001879
2022-08-11 05:30:00,2723.134652,2722.384374,2722.781836,-0.7502779999999802,-0.3528160000000753,-0.5515470000000278
2022-08-11 06:00:00,2723.136401,2722.382623,2722.781102,-0.7537780000002385,-0.35529900000028647,-0.5545385000002625
2022-08-11 06:30:00,2723.136981,2722.383203,2722.782357,-0.7537780000002385,-0.354624000000058,-0.5542010000001483
2022-08-11 07:15:00,2723.136401,2722.384839,2722.78251,-0.7515620000003764,-0.35389100000020335,-0.5527265000002899
2022-08-11 07:30:00,2723.136401,2722.387055,2722.781777,-0.7493460000000596,-0.354624000000058,-0.5519850000000588
2022-08-11 07:45:00,2723.13814,2722.384685,2722.78309,-0.7534550000000309,-0.3550500000001193,-0.5542525000000751
2022-08-11 08:15:00,2723.136391,2722.383202,2722.781623,-0.7531890000000203,-0.3547680000001492,-0.5539785000000848
2022-08-11 09:30:00,2723.136391,2722.381452,2722.779872,-0.7549389999999221,-0.35651899999993475,-0.5557289999999284
2022-08-11 10:15:00,2723.132892,2722.380167,2722.778122,-0.7527250000002823,-0.35476999999991676,-0.5537475000000995
2022-08-11 10:45:00,2723.134642,2722.381451,2722.779873,-0.7531909999997879,-0.354769000000033,-0.5539799999999104
2022-08-11 11:15:00,2723.131733,2722.377485,2722.777636,-0.7542480000001888,-0.35409700000036537,-0.5541725000002771
2022-08-11 11:45:00,2723.128234,2722.37795,2722.776619,-0.7502839999997377,-0.35161499999958323,-0.5509494999996605
2022-08-11 12:00:00,2723.132902,2722.378105,2722.777642,-0.7547970000000532,-0.3552599999998165,-0.5550284999999349
2022-08-11 12:15:00,2723.131153,2722.380321,2722.778132,-0.7508319999997184,-0.3530209999998988,-0.5519264999998086
2022-08-11 13:00:00,2723.131153,2722.381337,2722.777305,-0.7498160000000098,-0.3538479999997435,-0.5518319999998766
2022-08-11 13:30:00,2723.131153,2722.377059,2722.775555,-0.7540939999998955,-0.35559799999964525,-0.5548459999997704
2022-08-11 13:45:00,2723.129403,2722.378118,2722.775892,-0.7512849999998252,-0.3535109999997985,-0.5523979999998119
2022-08-11 14:00:00,2723.129983,2722.378119,2722.775406,-0.7518639999998413,-0.35457699999960823,-0.5532204999997248
2022-08-11 14:15:00,2723.129393,2722.379745,2722.777785,-0.7496479999999792,-0.35160799999994197,-0.5506279999999606
2022-08-11 14:30:00,2723.131143,2722.377798,2722.776566,-0.7533450000000812,-0.354577000000063,-0.5539610000000721
2022-08-11 14:45:00,2723.131143,2722.376048,2722.777583,-0.755094999999983,-0.35356000000001586,-0.5543274999999994
2022-08-11 15:00:00,2723.134062,2722.381185,2722.780013,-0.7528769999998985,-0.3540490000000318,-0.5534629999999652
2022-08-11 15:15:00,2723.132312,2722.379746,2722.777772,-0.7525660000001153,-0.3545400000002701,-0.5535530000001927
2022-08-11 15:45:00,2723.129403,2722.376515,2722.777092,-0.7528879999999845,-0.35231100000009974,-0.5525995000000421
2022-08-11 16:00:00,2723.134652,2722.376796,2722.775873,-0.7578560000001744,-0.3587790000001405,-0.5583175000001575
2022-08-11 16:15:00,2723.130573,2722.379436,2722.777326,-0.7511369999997441,-0.3532470000000103,-0.5521919999998772
2022-08-11 16:30:00,2723.131153,2722.378547,2722.776889,-0.7526060000000143,-0.3542639999996027,-0.5534349999998085
2022-08-11 16:45:00,2723.135811,2722.380017,2722.778789,-0.7557940000001508,-0.3570220000001427,-0.5564080000001468
2022-08-15 00:15:00,2723.127064,2722.37821,2722.768785,-0.7488539999999375,-0.3582789999995839,-0.5535664999997607
2022-08-15 00:45:00,2723.127064,2722.376459,2722.768298,-0.7506049999997231,-0.3587659999998323,-0.5546854999997777
2022-08-15 01:45:00,2723.128814,2722.379846,2722.771219,-0.7489680000003318,-0.3575949999999466,-0.5532815000001392
2022-08-15 02:15:00,2723.128814,2722.381596,2722.771562,-0.7472179999999753,-0.35725200000024415,-0.5522350000001097
2022-08-15 02:30:00,2723.129983,2722.378363,2722.770055,-0.7516200000000026,-0.35992799999985436,-0.5557739999999285
2022-08-15 02:45:00,2723.130563,2722.379647,2722.773029,-0.7509159999999611,-0.3575340000002143,-0.5542250000000877
2022-08-15 03:00:00,2723.131733,2722.382765,2722.772975,-0.7489680000003318,-0.3587580000003072,-0.5538630000003195
2022-08-15 03:15:00,2723.130563,2722.380113,2722.772295,-0.7504500000000007,-0.35826799999995274,-0.5543589999999767
2022-08-15 03:45:00,2723.129983,2722.381283,2722.773466,-0.7486999999996442,-0.3565169999997124,-0.5526084999996783
2022-08-15 04:15:00,2723.129983,2722.379801,2722.771958,-0.7501819999997679,-0.3580249999999978,-0.5541034999998828
2022-08-15 04:30:00,2723.132892,2722.380495,2722.775603,-0.7523970000002009,-0.35728900000003705,-0.554843000000119
2022-08-15 04:45:00,2723.129983,2722.379646,2722.773709,-0.750336999999945,-0.3562739999997575,-0.5533054999998512
2022-08-15 05:00:00,2723.131143,2722.380806,2722.773699,-0.750336999999945,-0.35744400000021415,-0.5538905000000796
2022-08-15 05:45:00,2723.131733,2722.379334,2722.772538,-0.7523989999999685,-0.3591949999999997,-0.5557969999999841
2022-08-15 06:00:00,2723.132892,2722.378588,2722.774923,-0.7543040000000474,-0.3579690000001392,-0.5561365000000933
2022-08-15 06:45:00,2723.131733,2722.382564,2722.774442,-0.7491690000001654,-0.3572910000002594,-0.5532300000002124
2022-08-15 08:00:00,2723.129983,2722.380813,2722.773182,-0.7491699999995944,-0.3568009999999049,-0.5529854999997497
2022-08-15 08:30:00,2723.127064,2722.379643,2722.772969,-0.7474209999995765,-0.3540949999996883,-0.5507579999996324
2022-08-15 08:45:00,2723.128814,2722.376961,2722.770788,-0.7518530000002102,-0.35802600000033635,-0.5549395000002733
2022-08-15 09:00:00,2723.128814,2722.379177,2722.771953,-0.749637000000348,-0.35686100000020815,-0.5532490000002781
2022-08-15 10:30:00,2723.128234,2722.377426,2722.771503,-0.750807999999779,-0.35673099999985425,-0.5537694999998166
2022-08-15 11:00:00,2723.129983,2722.376648,2722.770486,-0.7533349999998791,-0.35949699999991935,-0.5564159999998992
2022-08-15 11:15:00,2723.125895,2722.373573,2722.770332,-0.7523220000002766,-0.3555630000000747,-0.5539425000001756
2022-08-15 11:45:00,2723.125895,2722.375789,2722.769842,-0.7501059999999597,-0.3560529999999744,-0.5530794999999671
2022-08-15 12:45:00,2723.128814,2722.379176,2722.772762,-0.7496380000002318,-0.35605200000009063,-0.5528450000001612
2022-08-15 13:00:00,2723.128234,2722.375209,2722.769262,-0.7530249999999796,-0.3589719999999943,-0.555998499999987
2022-08-15 13:30:00,2723.125325,2722.376845,2722.767705,-0.7484800000001997,-0.3576199999997698,-0.5530499999999847
2022-08-15 13:45:00,2723.127074,2722.377113,2722.769942,-0.7499609999999848,-0.3571320000000924,-0.5535465000000386
2022-08-15 14:00:00,2723.127074,2722.380346,2722.771018,-0.7467280000000756,-0.35605600000008053,-0.551392000000078
2022-08-15 14:15:00,2723.128824,2722.37758,2722.768782,-0.7512440000000424,-0.3600419999997939,-0.5556429999999182
2022-08-15 14:30:00,2723.123565,2722.37315,2722.768718,-0.7504149999999754,-0.3548470000000634,-0.5526310000000194
2022-08-15 14:45:00,2723.125315,2722.37812,2722.770522,-0.7471949999999197,-0.3547929999999724,-0.550993999999946
2022-08-15 15:00:00,2723.125315,2722.375367,2722.767021,-0.7499479999996765,-0.3582939999996597,-0.5541209999996681
2022-08-15 15:45:00,2723.126484,2722.377272,2722.767552,-0.7492119999997158,-0.3589320000000953,-0.5540719999999055
2022-08-15 16:00:00,2723.128234,2722.375324,2722.769302,-0.7529099999997015,-0.35893199999964054,-0.555920999999671
2022-08-15 16:30:00,2723.124735,2722.372837,2722.767214,-0.7518979999999829,-0.35752099999990605,-0.5547094999999445
2022-08-15 17:00:00,2723.124735,2722.372838,2722.766481,-0.7518970000000991,-0.3582539999997607,-0.5550754999999299
2022-08-15 18:00:00,2723.125325,2722.373587,2722.767558,-0.7517379999999321,-0.3577669999999671,-0.5547524999999496
2022-08-15 18:30:00,2723.126484,2722.377273,2722.767067,-0.749210999999832,-0.3594169999996666,-0.5543139999997493
2022-08-15 19:15:00,2723.126484,2722.378754,2722.767498,-0.7477300000000469,-0.3589859999997316,-0.5533579999998892
2022-08-15 20:00:00,2723.126484,2722.375763,2722.768515,-0.750720999999885,-0.35796899999968446,-0.5543449999997847
2022-08-15 20:15:00,2723.124735,2722.375525,2722.766328,-0.7492099999999482,-0.3584069999997155,-0.5538084999998318
2022-08-15 20:45:00,2723.127064,2722.377588,2722.767831,-0.7494759999999587,-0.3592329999996764,-0.5543544999998176
2022-08-15 21:00:00,2723.125315,2722.373155,2722.766081,-0.7521599999995487,-0.3592339999995602,-0.5556969999995545
2022-08-15 21:15:00,2723.125315,2722.374906,2722.767494,-0.7504089999997632,-0.3578209999996034,-0.5541149999996833
2022-08-15 21:30:00,2723.125325,2722.375962,2722.768574,-0.749362999999903,-0.35675099999980375,-0.5530569999998534
2022-08-15 21:45:00,2723.125325,2722.372687,2722.766765,-0.7526379999999335,-0.358560000000125,-0.5555990000000293
2022-08-15 22:00:00,2723.127064,2722.373732,2722.766818,-0.753331999999773,-0.3602459999997336,-0.5567889999997533
2022-08-15 22:30:00,2723.127064,2722.375215,2722.768321,-0.7518489999997655,-0.35874299999977666,-0.5552959999997711
2022-08-15 23:15:00,2723.128814,2722.37595,2722.768569,-0.752864000000045,-0.36024500000030457,-0.5565545000001748
2022-08-16 00:30:00,2723.128234,2722.374902,2722.767989,-0.753331999999773,-0.3602449999998498,-0.5567884999998114
2022-08-16 00:45:00,2723.128234,2722.376653,2722.767314,-0.7515809999999874,-0.36091999999962354,-0.5562504999998055
2022-08-16 01:45:00,2723.135231,2722.376498,2722.768901,-0.7587330000001202,-0.36633000000028915,-0.5625315000002047
2022-08-16 02:00:00,2723.134652,2722.378445,2722.766818,-0.7562070000003587,-0.3678340000001299,-0.5620205000002443
2022-08-16 02:30:00,2723.133482,2722.380816,2722.769065,-0.7526660000003176,-0.3644170000002305,-0.558541500000274
2022-08-16 03:00:00,2723.135231,2722.376652,2722.770815,-0.7585790000002817,-0.3644160000003467,-0.5614975000003142
2022-08-16 03:30:00,2723.136401,2722.380349,2722.772956,-0.7560520000001816,-0.3634450000004108,-0.5597485000002962
2022-08-16 03:45:00,2723.136401,2722.380618,2722.773785,-0.7557830000000649,-0.3626160000003438,-0.5591995000002044
2022-08-16 04:00:00,2723.135231,2722.381084,2722.772282,-0.7541470000001027,-0.36294900000029884,-0.5585480000002008
2022-08-16 04:45:00,2723.136391,2722.377811,2722.773442,-0.7585800000001655,-0.3629489999998441,-0.5607645000000048
2022-08-16 05:00:00,2723.13814,2722.378092,2722.774662,-0.7600480000000971,-0.3634780000002138,-0.5617630000001554
2022-08-16 05:30:00,2723.136391,2722.377345,2722.775678,-0.7590460000001258,-0.3607130000000325,-0.5598795000000791
2022-08-16 05:45:00,2723.136401,2722.378867,2722.775742,-0.7575340000003052,-0.3606590000003962,-0.5590965000003507
2022-08-16 06:00:00,2723.136391,2722.379561,2722.776412,-0.7568299999998089,-0.3599789999998393,-0.5584044999998241
2022-08-16 06:15:00,2723.133482,2722.378401,2722.776759,-0.7550810000002457,-0.3567230000003292,-0.5559020000002874
2022-08-16 06:30:00,2723.134652,2722.379882,2722.776233,-0.7547700000000077,-0.35841900000013993,-0.5565945000000738
2022-08-16 06:45:00,2723.132902,2722.378131,2722.776907,-0.7547709999998915,-0.3559949999998935,-0.5553829999998925
2022-08-16 07:00:00,2723.132902,2722.380347,2722.775157,-0.7525550000000294,-0.35774499999979525,-0.5551499999999123
2022-08-16 07:30:00,2723.135231,2722.379684,2722.776753,-0.755547000000206,-0.35847800000010466,-0.5570125000001553
2022-08-16 08:00:00,2723.131733,2722.373967,2722.773986,-0.7577660000001742,-0.3577470000000176,-0.5577565000000959
2022-08-16 08:15:00,2723.132312,2722.376028,2722.773982,-0.7562840000000506,-0.3583300000000236,-0.5573070000000371
2022-08-16 08:45:00,2723.130563,2722.375747,2722.774999,-0.754816000000119,-0.35556399999995847,-0.5551900000000387
2022-08-16 09:00:00,2723.131733,2722.374278,2722.773249,-0.757455000000391,-0.3584840000003169,-0.557969500000354
2022-08-16 09:30:00,2723.133482,2722.377778,2722.776015,-0.7557040000001507,-0.35746700000026976,-0.5565855000002102
2022-08-16 10:30:00,2723.132322,2722.375871,2722.773105,-0.7564509999997426,-0.3592169999997168,-0.5578339999997297
2022-08-16 10:45:00,2723.130573,2722.37412,2722.772035,-0.756452999999965,-0.35853799999995317,-0.5574954999999591
2022-08-16 11:00:00,2723.129983,2722.374814,2722.773195,-0.7551690000000235,-0.35678799999959665,-0.5559784999998101
2022-08-16 11:30:00,2723.127074,2722.370901,2722.769551,-0.7561730000002171,-0.3575230000001284,-0.5568480000001728
2022-08-16 11:45:00,2723.129983,2722.372061,2722.770279,-0.7579219999997804,-0.35970399999996516,-0.5588129999998728
2022-08-16 12:00:00,2723.130563,2722.373811,2722.772029,-0.7567520000002332,-0.35853399999996327,-0.5576430000000983
2022-08-16 12:15:00,2723.127654,2722.368684,2722.768384,-0.7589699999998629,-0.35926999999992404,-0.5591199999998935
2022-08-16 12:30:00,2723.127064,2722.371595,2722.770562,-0.7554689999997208,-0.3565019999996366,-0.5559854999996787
2022-08-16 12:45:00,2723.128814,2722.370114,2722.770071,-0.7587000000003172,-0.3587430000002314,-0.5587215000002743
2022-08-16 13:00:00,2723.125895,2722.37058,2722.769055,-0.755315000000337,-0.3568399999999201,-0.5560775000001286
2022-08-16 13:15:00,2723.127064,2722.368364,2722.768564,-0.7586999999998625,-0.35849999999982174,-0.5585999999998421
2022-08-16 13:30:00,2723.127064,2722.371045,2722.769581,-0.7560189999999238,-0.3574829999997746,-0.5567509999998492
2022-08-16 13:45:00,2723.128234,2722.368518,2722.768267,-0.7597159999995711,-0.3599669999998696,-0.5598414999997203
2022-08-16 14:00:00,2723.127064,2722.36825,2722.766084,-0.758813999999802,-0.3609799999999268,-0.5598969999998644
2022-08-16 14:45:00,2723.128234,2722.370282,2722.769348,-0.757951999999932,-0.35888599999998405,-0.558418999999958
2022-08-16 15:00:00,2723.127064,2722.370581,2722.76492,-0.7564829999996618,-0.36214399999971647,-0.5593134999996892
2022-08-16 15:15:00,2723.129983,2722.371751,2722.769248,-0.7582319999996798,-0.36073499999974956,-0.5594834999997147
2022-08-16 15:30:00,2723.127074,2722.372499,2722.767841,-0.7545749999999316,-0.35923300000013114,-0.5569040000000314
2022-08-16 15:45:00,2723.125325,2722.372684,2722.76541,-0.7526410000000396,-0.3599150000000009,-0.5562780000000203
2022-08-16 16:00:00,2723.125325,2722.372965,2722.767634,-0.7523599999999533,-0.35769100000015897,-0.5550255000000561
2022-08-16 16:15:00,2723.125325,2722.371215,2722.764866,-0.7541099999998551,-0.36045899999999165,-0.5572844999999234
2022-08-16 16:30:00,2723.128824,2722.3725,2722.76667,-0.7563239999999496,-0.3621539999999186,-0.5592389999999341
2022-08-16 16:45:00,2723.126484,2722.37366,2722.767097,-0.7528239999996913,-0.3593869999999697,-0.5561054999998305
2022-08-16 17:00:00,2723.125315,2722.37191,2722.766813,-0.7534049999999297,-0.3585019999995893,-0.5559534999997595
2022-08-16 17:15:00,2723.126484,2722.373661,2722.767497,-0.7528229999998075,-0.3589870000000701,-0.5559049999999388
2022-08-16 17:30:00,2723.125315,2722.372223,2722.766327,-0.7530919999999242,-0.3589879999999539,-0.556039999999939
2022-08-16 17:45:00,2723.125315,2722.374593,2722.765797,-0.7507219999997687,-0.35951799999975265,-0.5551199999997607
2022-08-16 18:15:00,2723.128234,2722.373197,2722.767345,-0.755036999999902,-0.3608889999995881,-0.5579629999997451
2022-08-16 18:30:00,2723.126484,2722.372379,2722.76608,-0.7541049999999814,-0.3604040000000168,-0.5572544999999991
2022-08-16 18:45:00,2723.128824,2722.372503,2722.76735,-0.7563209999998435,-0.36147399999981644,-0.55889749999983
2022-08-16 19:15:00,2723.128824,2722.372969,2722.767107,-0.7558549999998831,-0.36171699999977136,-0.5587859999998273
2022-08-16 19:30:00,2723.125315,2722.372222,2722.764186,-0.7530929999998079,-0.3611289999998917,-0.5571109999998498
2022-08-16 19:45:00,2723.128814,2722.376189,2722.768118,-0.75262500000008,-0.3606960000001891,-0.5566605000001346
2022-08-16 20:00:00,2723.127064,2722.373973,2722.767102,-0.7530909999995856,-0.3599619999999959,-0.5565264999997908
2022-08-16 20:15:00,2723.127064,2722.3765,2722.766364,-0.7505639999999403,-0.36069999999972424,-0.5556319999998323
2022-08-16 20:30:00,2723.128824,2722.374875,2722.766954,-0.7539489999999205,-0.36186999999972613,-0.5579094999998233
2022-08-16 20:45:00,2723.128824,2722.371912,2722.765693,-0.7569119999998293,-0.3631310000000667,-0.560021499999948
2022-08-16 21:15:00,2723.127654,2722.374596,2722.767727,-0.7530579999997826,-0.3599269999999706,-0.5564924999998766
2022-08-16 21:30:00,2723.128814,2722.37413,2722.766711,-0.7546839999999975,-0.3621029999999337,-0.5583934999999656
2022-08-16 21:45:00,2723.128814,2722.375881,2722.768118,-0.7529330000002119,-0.3606960000001891,-0.5568145000002005
2022-08-16 22:00:00,2723.131143,2722.376193,2722.767434,-0.754950000000008,-0.363709000000199,-0.5593295000001035
2022-08-16 22:30:00,2723.130563,2722.376347,2722.767444,-0.7542160000002696,-0.363119000000097,-0.5586675000001833
2022-08-16 23:30:00,2723.132312,2722.375176,2722.767493,-0.7571360000001732,-0.3648190000003524,-0.5609775000002628
2022-08-16 23:45:00,2723.132312,2722.377829,2722.768664,-0.7544830000001639,-0.36364800000001196,-0.5590655000000879
2022-08-17 00:45:00,2723.132312,2722.376657,2722.768658,-0.7556550000003881,-0.3636540000002242,-0.5596545000003061
2022-08-17 01:45:00,2723.134062,2722.378096,2722.769397,-0.7559660000001713,-0.3646650000000591,-0.5603155000001152
2022-08-17 02:30:00,2723.130563,2722.37588,2722.768911,-0.7546830000001137,-0.36165200000004916,-0.5581675000000814
2022-08-17 03:00:00,2723.132312,2722.374397,2722.771147,-0.7579150000001391,-0.36116500000025553,-0.5595400000001973
2022-08-17 03:30:00,2723.132312,2722.372181,2722.769887,-0.7601310000000012,-0.36242500000025757,-0.5612780000001294
2022-08-17 04:00:00,2723.132312,2722.374129,2722.770904,-0.758183000000372,-0.36140800000021045,-0.5597955000002912
2022-08-17 05:30:00,2723.132312,2722.375144,2722.770561,-0.7571680000000924,-0.36175100000036764,-0.55945950000023
2022-08-17 06:00:00,2723.130563,2722.370742,2722.767641,-0.7598210000001018,-0.3629220000002533,-0.5613715000001775
2022-08-17 06:15:00,2723.130563,2722.373973,2722.770408,-0.7565899999999601,-0.3601550000003044,-0.5583725000001323
2022-08-17 07:00:00,2723.131153,2722.372502,2722.767988,-0.7586509999996451,-0.3631649999997535,-0.5609079999996993
2022-08-17 07:15:00,2723.131153,2722.370596,2722.769401,-0.7605569999996078,-0.3617519999997967,-0.5611544999997022
2022-08-17 07:45:00,2723.131153,2722.370285,2722.768668,-0.7608679999998458,-0.36248499999965134,-0.5616764999997486
2022-08-17 08:15:00,2723.132322,2722.373971,2722.769402,-0.7583509999999478,-0.362920000000031,-0.5606354999999894
2022-08-17 09:15:00,2723.130573,2722.368533,2722.766634,-0.76204000000007,-0.3639389999998457,-0.5629894999999578
2022-08-17 10:15:00,2723.132902,2722.370582,2722.767984,-0.7623199999998178,-0.3649179999997614,-0.5636189999997896
2022-08-17 10:30:00,2723.131153,2722.368366,2722.766233,-0.7627869999996619,-0.3649199999999837,-0.5638534999998228
2022-08-17 11:30:00,2723.129403,2722.367901,2722.765747,-0.7615019999998367,-0.36365599999999176,-0.5625789999999142
2022-08-17 11:45:00,2723.127654,2722.365147,2722.7655,-0.7625069999999141,-0.3621539999999186,-0.5623304999999164
2022-08-17 12:30:00,2723.129403,2722.367364,2722.76379,-0.7620389999997315,-0.36561299999993935,-0.5638259999998354
2022-08-17 13:00:00,2723.129403,2722.367052,2722.765694,-0.7623509999998532,-0.36370899999974426,-0.5630299999997987
2022-08-17 13:30:00,2723.132312,2722.370739,2722.767434,-0.7615730000002259,-0.3648780000003171,-0.5632255000002715
2022-08-17 13:45:00,2723.129393,2722.370273,2722.765684,-0.7591200000001663,-0.363709000000199,-0.5614145000001827
2022-08-17 14:00:00,2723.127644,2722.370005,2722.76495,-0.7576389999999265,-0.36269399999991947,-0.560166499999923
2022-08-17 14:15:00,2723.129393,2722.368058,2722.765197,-0.7613350000001446,-0.36419599999999264,-0.5627655000000686
2022-08-17 15:15:00,2723.127064,2722.368212,2722.765487,-0.7588519999999335,-0.3615769999996701,-0.5602144999998018
2022-08-17 15:30:00,2723.128814,2722.372376,2722.765977,-0.7564380000003439,-0.36283700000012686,-0.5596375000002354
2022-08-17 15:45:00,2723.125905,2722.364993,2722.76496,-0.7609119999997347,-0.3609449999999015,-0.5609284999998181
2022-08-17 16:00:00,2723.127654,2722.368213,2722.76622,-0.7594409999996969,-0.36143399999991743,-0.5604374999998072
2022-08-17 16:45:00,2723.129393,2722.370275,2722.766948,-0.759117999999944,-0.3624450000002071,-0.5607815000000755
2022-08-17 17:45:00,2723.128814,2722.372378,2722.763453,-0.7564360000001216,-0.36536100000012084,-0.5608985000001212
2022-08-17 18:15:00,2723.129403,2722.369736,2722.764713,-0.7596669999998085,-0.3646899999998823,-0.5621784999998454
2022-08-17 18:30:00,2723.131733,2722.374592,2722.76447,-0.7571410000000469,-0.3672630000000936,-0.5622020000000703
2022-08-17 18:45:00,2723.132322,2722.372656,2722.765883,-0.7596659999999247,-0.36643899999990026,-0.5630524999999125
2022-08-17 19:30:00,2723.136981,2722.374595,2722.764127,-0.7623859999998785,-0.37285400000018853,-0.5676200000000335
2022-08-17 20:00:00,2723.135231,2722.376811,2722.767385,-0.7584200000001147,-0.3678460000000996,-0.5631330000001071
2022-08-17 20:30:00,2723.136981,2722.378591,2722.767925,-0.758389999999963,-0.3690560000000005,-0.5637229999999818
2022-08-17 20:45:00,2723.135231,2722.380342,2722.766907,-0.7548890000002757,-0.3683240000000296,-0.5616065000001527
2022-08-17 21:00:00,2723.134072,2722.378403,2722.770418,-0.7556689999996706,-0.36365399999976944,-0.55966149999972
2022-08-17 21:30:00,2723.137571,2722.378869,2722.772525,-0.7587020000000848,-0.3650460000003477,-0.5618740000002163
2022-08-17 22:00:00,2723.134652,2722.377233,2722.774613,-0.7574190000000272,-0.36003900000014255,-0.5587290000000849
2022-08-17 22:15:00,2723.134652,2722.373266,2722.772916,-0.7613860000001296,-0.3617360000002918,-0.5615610000002107
2022-08-17 23:00:00,2723.132902,2722.374552,2722.775346,-0.7583499999996093,-0.3575559999999314,-0.5579529999997703
2022-08-17 23:30:00,2723.134072,2722.376188,2722.774766,-0.757883999999649,-0.35930599999983315,-0.558594999999741
2022-08-17 23:45:00,2723.131153,2722.372334,2722.775063,-0.7588189999996757,-0.3560899999997673,-0.5574544999997215
2022-08-18 01:15:00,2723.132322,2722.370286,2722.773259,-0.7620360000000801,-0.35906299999987823,-0.5605494999999792
2022-08-18 01:30:00,2723.131153,2722.372036,2722.77482,-0.7591169999996055,-0.35633299999972223,-0.5577249999996639
2022-08-18 02:30:00,2723.128814,2722.37074,2722.771499,-0.7580740000003061,-0.3573150000001988,-0.5576945000002524
2022-08-18 02:45:00,2723.130563,2722.372492,2722.772515,-0.7580710000002,-0.35804800000005343,-0.5580595000001267
2022-08-18 03:00:00,2723.132312,2722.374708,2722.773099,-0.7576040000003559,-0.35921300000018164,-0.5584085000002688
2022-08-18 03:45:00,2723.130563,2722.371444,2722.771786,-0.7591190000002825,-0.35877700000037294,-0.5589480000003277
2022-08-18 04:00:00,2723.130563,2722.374128,2722.771295,-0.7564350000002378,-0.35926800000015646,-0.5578515000001971
2022-08-18 05:00:00,2723.130563,2722.374126,2722.773779,-0.7564370000000054,-0.3567840000000615,-0.5566105000000334
2022-08-18 07:00:00,2723.127644,2722.368326,2722.770125,-0.7593180000003485,-0.3575190000001385,-0.5584185000002435
2022-08-18 07:30:00,2723.129393,2722.369807,2722.771142,-0.7595860000001267,-0.35825100000010934,-0.558918500000118
2022-08-18 08:45:00,2723.127644,2722.36584,2722.768812,-0.7618040000002111,-0.35883200000034776,-0.5603180000002794
2022-08-18 09:00:00,2723.129393,2722.36728,2722.769392,-0.7621130000002267,-0.3600010000000111,-0.5610570000001189
2022-08-18 10:00:00,2723.130563,2722.36759,2722.768168,-0.7629730000003292,-0.36239500000010594,-0.5626840000002176
2022-08-18 10:15:00,2723.128814,2722.365529,2722.767642,-0.7632849999999962,-0.36117200000035155,-0.5622285000001739
2022-08-18 11:00:00,2723.130563,2722.369495,2722.768375,-0.7610680000002503,-0.36218800000006013,-0.5616280000001552
2022-08-18 11:15:00,2723.130563,2722.369806,2722.768168,-0.7607570000000123,-0.36239500000010594,-0.5615760000000591
2022-08-18 11:30:00,2723.131143,2722.366109,2722.767151,-0.7650340000000142,-0.36399200000005294,-0.5645130000000336
2022-08-18 11:45:00,2723.127644,2722.366575,2722.765932,-0.7610690000001341,-0.3617120000003524,-0.5613905000002433
2022-08-18 12:30:00,2723.127654,2722.370427,2722.766428,-0.7572270000000572,-0.36122599999998783,-0.5592265000000225
2022-08-18 12:45:00,2723.127064,2722.368211,2722.764678,-0.7588529999998173,-0.3623859999997876,-0.5606194999998024
2022-08-18 13:30:00,2723.127074,2722.368221,2722.765357,-0.7588529999998173,-0.36171699999977136,-0.5602849999997943
2022-08-18 14:00:00,2723.125325,2722.366005,2722.76385,-0.7593200000001161,-0.361475000000155,-0.5603975000001356
2022-08-18 14:15:00,,2722.367446,2722.766617,,,
2022-08-18 14:30:00,,2722.367755,2722.765204,,,
2022-08-18 14:45:00,,2722.367433,2722.768115,,,
2022-08-18 15:15:00,,2722.367899,2722.766611,,,
2022-08-18 15:30:00,,2722.36965,2722.768848,,,
2022-08-18 15:45:00,,2722.368633,2722.767628,,,
2022-08-18 16:00:00,,2722.368053,2722.767835,,,
2022-08-18 16:30:00,,2722.367589,2722.768119,,,
2022-08-18 16:45:00,,2722.365838,2722.765352,,,
2022-08-18 17:00:00,2723.124145,2722.364202,2722.767831,-0.7599430000000211,-0.35631400000011126,-0.5581285000000662
2022-08-18 17:45:00,2723.128814,2722.366419,2722.765648,-0.7623950000001969,-0.363166000000092,-0.5627805000001445
2022-08-18 19:15:00,2723.129983,2722.36437,2722.766819,-0.7656130000000303,-0.3631639999998697,-0.56438849999995
2022-08-18 19:30:00,2723.131733,2722.368337,2722.769586,-0.7633960000002844,-0.36214700000027733,-0.5627715000002809
2022-08-18 21:00:00,2723.131733,2722.370667,2722.769001,-0.761066000000028,-0.3627320000000509,-0.5618990000000395
2022-08-18 21:15:00,2723.130573,2722.367717,2722.767841,-0.7628559999998288,-0.3627320000000509,-0.5627939999999398
2022-08-18 21:30:00,2723.130573,2722.367448,2722.766824,-0.7631249999999454,-0.363749000000098,-0.5634370000000217
2022-08-18 21:45:00,2723.130573,2722.367914,2722.766581,-0.7626589999999851,-0.36399200000005294,-0.563325500000019
2022-08-18 22:00:00,2723.130573,2722.369664,2722.768331,-0.7609090000000833,-0.3622419999996964,-0.5615754999998899
2022-08-18 22:15:00,2723.129403,2722.368028,2722.768178,-0.7613750000000437,-0.36122500000010405,-0.5613000000000739
2022-08-18 22:30:00,2723.131733,2722.37013,2722.768048,-0.7616030000003775,-0.3636850000002596,-0.5626440000003186
2022-08-19 00:15:00,2723.130573,2722.364525,2722.767315,-0.7660479999999552,-0.36325799999985975,-0.5646529999999075
2022-08-19 01:00:00,2723.128824,2722.366006,2722.766091,-0.7628179999996973,-0.3627329999999347,-0.562775499999816
2022-08-19 01:30:00,2723.131733,2722.366151,2722.766814,-0.7655819999999949,-0.3649190000000999,-0.5652505000000474
2022-08-19 02:00:00,2723.130563,2722.364669,2722.767885,-0.7658940000001166,-0.36267799999995987,-0.5642860000000383
2022-08-19 02:30:00,2723.129983,2722.366305,2722.766085,-0.7636779999997998,-0.36389799999960815,-0.563787999999704
2022-08-19 03:00:00,2723.131733,2722.367601,2722.768722,-0.7641320000002452,-0.3630110000003697,-0.5635715000003074
2022-08-19 04:00:00,2723.128814,2722.364682,2722.765068,-0.7641320000002452,-0.3637459999999919,-0.5639390000001185
2022-08-19 04:45:00,2723.128814,2722.363199,2722.764921,-0.7656150000002526,-0.3638930000001892,-0.5647540000002209
2022-08-19 05:30:00,2723.129983,2722.36585,2722.7656,-0.7641329999996742,-0.3643829999996342,-0.5642579999996542
2022-08-19 06:00:00,2723.129983,2722.366316,2722.764867,-0.7636669999997139,-0.3651159999999436,-0.5643914999998287
2022-08-19 06:45:00,2723.131733,2722.369817,2722.768515,-0.7619160000003831,-0.36321799999996074,-0.5625670000001719
2022-08-19 07:30:00,2723.128814,2722.366896,2722.764861,-0.7619180000001506,-0.3639530000000377,-0.5629355000000942
2022-08-19 08:30:00,2723.129983,2722.366304,2722.764335,-0.7636789999996836,-0.36564799999996467,-0.5646634999998241
2022-08-19 09:00:00,2723.128234,2722.368831,2722.763111,-0.7594030000000203,-0.36512299999958486,-0.5622629999998026
2022-08-19 09:15:00,2723.128234,2722.366302,2722.763844,-0.7619319999998879,-0.3643899999997302,-0.5631609999998091
2022-08-19 12:00:00,2723.129983,2722.368531,2722.764381,-0.7614519999997356,-0.36560199999985343,-0.5635269999997945
2022-08-19 12:15:00,2723.129983,2722.368799,2722.765114,-0.7611839999999575,-0.3648689999999988,-0.5630264999999781
2022-08-19 12:45:00,2723.126484,2722.363072,2722.762621,-0.7634119999997893,-0.3638630000000376,-0.5636374999999134
2022-08-19 13:00:00,2723.131153,2722.364242,2722.763791,-0.766910999999709,-0.36736199999995733,-0.5671364999998332
2022-08-19 13:15:00,2723.129983,2722.366572,2722.765387,-0.7634109999999055,-0.36459599999989223,-0.5640034999998988
2022-08-19 13:30:00,2723.128814,2722.364822,2722.76388,-0.7639920000001439,-0.36493400000017573,-0.5644630000001598
2022-08-19 13:45:00,2723.128814,2722.362607,2722.76213,-0.7662070000001222,-0.3666840000000775,-0.5664455000000999
2022-08-19 14:00:00,2723.127064,2722.362068,2722.76145,-0.7649959999998828,-0.36561399999982314,-0.565304999999853
2022-08-19 14:15:00,2723.129403,2722.362194,2722.763304,-0.7672090000000935,-0.3660989999998492,-0.5666539999999713
2022-08-19 14:45:00,2723.128234,2722.362928,2722.764038,-0.7653059999997822,-0.36419599999999264,-0.5647509999998874
2022-08-19 15:00:00,2723.128234,2722.359541,2722.762868,-0.7686929999999847,-0.36536599999999453,-0.5670294999999896
2022-08-19 15:15:00,2723.129983,2722.360981,2722.764321,-0.7690020000000004,-0.36566199999970195,-0.5673319999998512
2022-08-19 15:30:00,2723.126484,2722.361756,2722.761406,-0.7647280000001047,-0.36507799999981216,-0.5649029999999584
2022-08-19 15:45:00,2723.126484,2722.364987,2722.76214,-0.761496999999963,-0.3643440000000737,-0.5629205000000184
2022-08-19 16:00:00,2723.129393,2722.366147,2722.763826,-0.763245999999981,-0.36556700000028286,-0.5644065000001319
2022-08-19 16:15:00,2723.126484,2722.362449,2722.762076,-0.7640349999996943,-0.36440799999991214,-0.5642214999998032
2022-08-19 16:30:00,2723.127644,2722.359229,2722.76106,-0.7684150000000045,-0.36658400000033,-0.5674995000001672
2022-08-19 18:30:00,2723.128234,2722.365132,2722.76091,-0.7631019999998898,-0.3673239999998259,-0.5652129999998579
2022-08-19 19:00:00,2723.127654,2722.364552,2722.761797,-0.7631019999998898,-0.36585699999977805,-0.5644794999998339
2022-08-19 19:30:00,2723.126484,2722.363694,2722.761927,-0.762789999999768,-0.364556999999877,-0.5636734999998225
2022-08-19 19:45:00,2723.126484,2722.364667,2722.76266,-0.7618170000000646,-0.36382400000002235,-0.5628205000000435
2022-08-19 20:00:00,2723.123575,2722.363704,2722.760182,-0.7598710000002029,-0.36339300000008734,-0.5616320000001451
2022-08-19 20:30:00,2723.126484,2722.363238,2722.761346,-0.763245999999981,-0.3651380000001154,-0.5641920000000482
2022-08-19 20:45:00,2723.128234,2722.365454,2722.76208,-0.7627799999995659,-0.366153999999824,-0.564466999999695
2022-08-19 21:00:00,2723.128234,2722.365457,2722.762417,-0.7627769999999146,-0.36581699999987904,-0.5642969999998968
2022-08-19 21:15:00,2723.126484,2722.365923,2722.761684,-0.7605610000000524,-0.3647999999998319,-0.5626804999999422
2022-08-19 22:00:00,2723.125315,2722.363241,2722.763151,-0.7620739999997568,-0.362163999999666,-0.5621189999997114
2022-08-19 22:15:00,2723.128234,2722.364991,2722.76383,-0.7632429999998749,-0.36440399999992223,-0.5638234999998986
2022-08-20 00:45:00,2723.126484,2722.361491,2722.762133,-0.7649929999997767,-0.364350999999715,-0.5646719999997458
2022-08-20 01:30:00,2723.127064,2722.365766,2722.76321,-0.761297999999897,-0.36385399999971924,-0.5625759999998081
2022-08-20 02:30:00,2723.128234,2722.36472,2722.76263,-0.7635139999997591,-0.365603999999621,-0.5645589999996901
2022-08-20 02:45:00,2723.128234,2722.367204,2722.76438,-0.7610299999996641,-0.36385399999971924,-0.5624419999996917
2022-08-20 03:15:00,2723.129983,2722.366936,2722.763156,-0.763046999999915,-0.36682699999983015,-0.5649369999998726
2022-08-20 03:45:00,2723.127644,2722.366614,2722.76505,-0.7610300000001189,-0.36259400000017195,-0.5618120000001454
2022-08-20 04:30:00,2723.131153,2722.368685,2722.765397,-0.7624679999998989,-0.365755999999692,-0.5641119999997954
2022-08-20 06:00:00,2723.127064,2722.366222,2722.761449,-0.760841999999684,-0.3656149999997069,-0.5632284999996955
2022-08-20 06:15:00,2723.129983,2722.368437,2722.762466,-0.7615459999997256,-0.3675169999996797,-0.5645314999997026
2022-08-20 06:45:00,2723.132892,2722.371203,2722.76437,-0.761688999999933,-0.36852200000021185,-0.5651055000000724
2022-08-20 07:15:00,2723.131733,2722.37199,2722.762233,-0.7597430000000713,-0.36950000000024374,-0.5646215000001575
2022-08-20 07:30:00,2723.131733,2722.369774,2722.762967,-0.7619590000003882,-0.36876600000005055,-0.5653625000002194
2022-08-20 07:45:00,2723.133482,2722.371524,2722.764717,-0.7619580000000497,-0.36876500000016676,-0.5653615000001082
2022-08-20 08:00:00,2723.136391,2722.374901,2722.766611,-0.761489999999867,-0.36977999999999156,-0.5656349999999293
2022-08-20 09:00:00,2723.131733,2722.372145,2722.765356,-0.759588000000349,-0.36637700000028417,-0.5629825000003166
2022-08-20 09:15:00,2723.1399,2722.375644,2722.768857,-0.7642559999999321,-0.3710430000000997,-0.5676495000000159
2022-08-20 09:45:00,2723.135231,2722.374206,2722.766144,-0.7610250000002452,-0.3690870000000359,-0.5650560000001406
2022-08-20 10:15:00,2723.136401,2722.375363,2722.771205,-0.7610380000000987,-0.36519600000019636,-0.5631170000001475
2022-08-20 11:45:00,2723.136401,2722.377579,2722.774139,-0.7588220000002366,-0.36226200000010067,-0.5605420000001686
2022-08-20 12:15:00,2723.13815,2722.373427,2722.77634,-0.764723000000231,-0.36181000000033237,-0.5632665000002817
2022-08-20 13:30:00,2723.1399,2722.378396,2722.782567,-0.761504000000059,-0.35733299999992596,-0.5594184999999925
2022-08-20 13:45:00,2723.136401,2722.37443,2722.781551,-0.7619710000003579,-0.35485000000016953,-0.5584105000002637
2022-08-20 14:00:00,2723.136401,2722.374936,2722.780817,-0.7614650000000438,-0.3555840000003627,-0.5585245000002033
2022-08-20 14:15:00,2723.136401,2722.372721,2722.782041,-0.7636800000000221,-0.3543600000002698,-0.559020000000146
2022-08-20 14:45:00,2723.137561,2722.374192,2722.783444,-0.7633689999997841,-0.3541169999998601,-0.5587429999998221
2022-08-20 15:00:00,2723.136391,2722.373654,2722.782711,-0.7627370000000155,-0.35368000000016764,-0.5582085000000916
2022-08-20 15:15:00,2723.13814,2722.372256,2722.783504,-0.7658839999999145,-0.3546360000000277,-0.5602599999999711
2022-08-20 15:45:00,2723.13814,2722.372991,2722.784521,-0.7651489999998375,-0.3536189999999806,-0.5593839999999091
2022-08-20 16:00:00,2723.136391,2722.373456,2722.783013,-0.7629350000001978,-0.35337799999979325,-0.5581564999999955
2022-08-20 16:15:00,2723.137561,2722.372877,2722.784183,-0.7646840000002157,-0.35337799999979325,-0.5590310000000045
2022-08-20 16:30:00,2723.137561,2722.375601,2722.784673,-0.7619599999998172,-0.3528879999998935,-0.5574239999998554
2022-08-20 16:45:00,2723.137561,2722.37412,2722.783503,-0.7634410000000571,-0.3540579999998954,-0.5587494999999763
2022-08-20 17:45:00,2723.131733,2722.374431,2722.78452,-0.7573019999999815,-0.34721300000001065,-0.5522574999999961
2022-08-20 20:00:00,2723.133482,2722.369491,2722.783296,-0.7639910000002601,-0.35018600000012157,-0.5570885000001908
2022-08-20 20:30:00,2723.129983,2722.371707,2722.784029,-0.7582760000000235,-0.3459539999998924,-0.552114999999958
2022-08-20 21:00:00,2723.131733,2722.369957,2722.781829,-0.7617760000002818,-0.3499040000001514,-0.5558400000002166
2022-08-20 21:15:00,2723.129983,2722.367741,2722.782503,-0.7622419999997874,-0.347479999999905,-0.5548609999998462
2022-08-20 21:30:00,2723.131733,2722.372028,2722.783584,-0.7597050000003946,-0.34814900000037596,-0.5539270000003853
2022-08-20 21:45:00,2723.129983,2722.369346,2722.783093,-0.7606369999998606,-0.34688999999980297,-0.5537634999998318
2022-08-20 22:00:00,2723.133482,2722.36888,2722.783773,-0.7646020000001954,-0.3497090000000753,-0.5571555000001354
2022-08-20 22:15:00,2723.129983,2722.369501,2722.780272,-0.7604819999996835,-0.3497109999998429,-0.5550964999997632
2022-08-20 22:30:00,2723.133482,2722.371251,2722.782796,-0.7622310000001562,-0.35068600000022343,-0.5564585000001898
2022-08-20 22:45:00,2723.131733,2722.368331,2722.779385,-0.7634020000000419,-0.3523480000003474,-0.5578750000001946
2022-08-20 23:00:00,2723.131733,2722.368643,2722.780892,-0.7630900000003749,-0.3508409999999458,-0.5569655000001603
2022-08-20 23:30:00,2723.131733,2722.368569,2722.779822,-0.7631639999999607,-0.35191100000020015,-0.5575375000000804
2022-08-20 23:45:00,2723.130563,2722.365182,2722.779668,-0.7653810000001613,-0.3508950000000368,-0.558138000000099
2022-08-21 00:00:00,2723.130563,2722.367399,2722.778166,-0.7631639999999607,-0.35239700000011,-0.5577805000000353
2022-08-21 00:30:00,2723.130563,2722.369334,2722.776752,-0.7612290000001849,-0.3538109999999506,-0.5575200000000677
2022-08-21 01:00:00,2723.128234,2722.367355,2722.777922,-0.7608789999999317,-0.3503119999995761,-0.5555954999997539
2022-08-21 01:15:00,2723.129983,2722.370319,2722.778165,-0.7596639999997024,-0.35181799999963914,-0.5557409999996707
2022-08-21 01:30:00,2723.128234,2722.369035,2722.776415,-0.7591989999996258,-0.3518189999999777,-0.5555089999998017
2022-08-21 02:00:00,2723.129983,2722.369813,2722.776757,-0.7601700000000164,-0.35322599999972226,-0.5566979999998694
2022-08-21 02:30:00,2723.129983,2722.370733,2722.777711,-0.7592499999996107,-0.35227199999962977,-0.5557609999996203
2022-08-21 02:45:00,2723.128234,2722.370421,2722.776208,-0.7578129999997145,-0.35202599999956874,-0.5549194999996416
2022-08-21 03:00:00,2723.128234,2722.36949,2722.775191,-0.7587439999997514,-0.35304299999961586,-0.5558934999996836
2022-08-21 03:15:00,2723.133482,2722.369024,2722.777225,-0.7644580000001042,-0.35625700000036886,-0.5603575000002365
2022-08-21 03:30:00,2723.128234,2722.367274,2722.774398,-0.7609599999996135,-0.3538359999997738,-0.5573979999996936
2022-08-21 03:45:00,2723.129983,2722.36774,2722.774457,-0.7622429999996712,-0.35552599999982704,-0.5588844999997491
2022-08-21 04:00:00,2723.129983,2722.372171,2722.777165,-0.7578119999998307,-0.35281799999984287,-0.5553149999998368
2022-08-21 05:30:00,2723.126484,2722.365524,2722.772157,-0.7609600000000682,-0.35432700000001205,-0.5576435000000401
2022-08-21 06:15:00,2723.129983,2722.370743,2722.77303,-0.7592399999998634,-0.3569529999999759,-0.5580964999999196
2022-08-21 06:30:00,2723.128234,2722.369459,2722.773521,-0.7587749999997868,-0.3547129999997196,-0.5567439999997532
2022-08-21 06:45:00,2723.126484,2722.371167,2722.77177,-0.7553170000001046,-0.35471400000005815,-0.5550155000000814
2022-08-21 07:00:00,2723.128234,2722.368752,2722.771036,-0.7594819999999345,-0.35719799999969837,-0.5583399999998164
2022-08-21 07:15:00,2723.132902,2722.368287,2722.772504,-0.7646150000000489,-0.3603979999998046,-0.5625064999999267
2022-08-21 07:30:00,2723.128814,2722.366183,2722.772013,-0.7626310000000558,-0.35680100000035964,-0.5597160000002077
2022-08-21 07:45:00,2723.129983,2722.370036,2722.77245,-0.759947000000011,-0.35753299999987576,-0.5587399999999434
2022-08-21 08:00:00,2723.128234,2722.367581,2722.769529,-0.7606529999998202,-0.3587049999996452,-0.5596789999997327
2022-08-21 08:30:00,2723.129983,2722.371279,2722.76885,-0.7587039999998524,-0.3611329999998816,-0.559918499999867
2022-08-21 08:45:00,2723.130563,2722.369643,2722.769862,-0.7609200000001692,-0.3607010000000628,-0.560810500000116
2022-08-21 09:00:00,2723.128814,2722.364745,2722.767378,-0.7640690000002905,-0.36143600000013976,-0.5627525000002152
2022-08-21 09:15:00,2723.127064,2722.366961,2722.768112,-0.7601029999996172,-0.35895199999959004,-0.5595274999996036
2022-08-21 11:00:00,2723.127064,2722.364744,2722.768791,-0.7623199999998178,-0.3582729999998264,-0.5602964999998221
2022-08-21 11:30:00,2723.127654,2722.361368,2722.766898,-0.7662860000000364,-0.3607560000000376,-0.563521000000037
2022-08-21 11:45:00,2723.127064,2722.362994,2722.767041,-0.7640699999997196,-0.3600229999997282,-0.5620464999997239
2022-08-21 12:15:00,2723.125315,2722.36521,2722.766555,-0.7601049999998395,-0.35875999999962005,-0.5594324999997298
2022-08-21 12:30:00,2723.125895,2722.36517,2722.768305,-0.7607250000000931,-0.3575900000000729,-0.559157500000083
2022-08-21 12:45:00,2723.125315,2722.365478,2722.765874,-0.7598369999996066,-0.359440999999606,-0.5596389999996063
2022-08-21 13:15:00,2723.127064,2722.364432,2722.768062,-0.7626319999999396,-0.3590019999996912,-0.5608169999998154
2022-08-21 13:30:00,2723.127064,2722.362964,2722.766158,-0.7640999999998712,-0.36090599999988626,-0.5625029999998787
2022-08-21 13:45:00,2723.128814,2722.36518,2722.768642,-0.7636340000003656,-0.3601720000001478,-0.5619030000002567
2022-08-21 14:15:00,2723.124155,2722.365645,2722.767908,-0.7585100000001148,-0.35624700000016674,-0.5573785000001408
2022-08-21 15:00:00,2723.121816,2722.363149,2722.765821,-0.7586670000000595,-0.3559949999998935,-0.5573309999999765
2022-08-21 15:15:00,2723.121816,2722.36168,2722.765141,-0.7601359999998749,-0.35667499999999563,-0.5584054999999353
2022-08-21 15:30:00,2723.122406,2722.363896,2722.764651,-0.7585100000001148,-0.3577549999999974,-0.5581325000000561
2022-08-21 15:45:00,2723.120656,2722.361214,2722.763634,-0.7594420000000355,-0.3570220000001427,-0.5582320000000891
2022-08-21 16:30:00,2723.118907,2722.359153,2722.764318,-0.7597540000001572,-0.3545890000000327,-0.557171500000095
2022-08-21 17:00:00,2723.122406,2722.363431,2722.764661,-0.7589749999997366,-0.35774499999979525,-0.5583599999997659
2022-08-21 17:30:00,2723.121816,2722.364591,2722.766494,-0.7572249999998348,-0.35532199999988734,-0.5562734999998611
2022-08-21 18:30:00,2723.123565,2722.362841,2722.766553,-0.7607239999997546,-0.3570119999999406,-0.5588679999998476
2022-08-21 18:45:00,2723.124155,2722.363897,2722.76466,-0.7602579999997943,-0.3594950000001518,-0.559876499999973
2022-08-21 19:15:00,2723.123575,2722.361215,2722.76291,-0.7623600000001716,-0.36066500000015367,-0.5615125000001626
2022-08-21 19:30:00,2723.121826,2722.363162,2722.763583,-0.7586639999999534,-0.35824300000012954,-0.5584535000000415
2022-08-21 20:00:00,2723.123565,2722.363898,2722.765667,-0.7596669999998085,-0.35789799999975,-0.5587824999997792
2022-08-21 20:30:00,2723.122396,2722.36198,2722.763916,-0.7604160000000775,-0.358480000000327,-0.5594480000002022
2022-08-21 20:45:00,2723.124155,2722.362571,2722.763926,-0.761583999999857,-0.3602289999998902,-0.5609064999998736
2022-08-21 21:00:00,2723.125905,2722.366269,2722.765146,-0.759635999999773,-0.36075899999968897,-0.560197499999731
2022-08-21 21:15:00,2723.128824,2722.368018,2722.76763,-0.7608059999997749,-0.3611940000000686,-0.5609999999999218
2022-08-21 21:30:00,2723.130573,2722.366975,2722.767386,-0.7635980000000018,-0.3631869999999253,-0.5633924999999635
2022-08-21 22:00:00,2723.128824,2722.371127,2722.769137,-0.7576970000000074,-0.35968700000012177,-0.5586920000000646
2022-08-21 22:15:00,2723.128824,2722.369377,2722.76812,-0.7594469999999092,-0.36070399999971414,-0.5600754999998117
2022-08-21 22:30:00,2723.128824,2722.367907,2722.76861,-0.7609170000000631,-0.3602139999998144,-0.5605654999999388
2022-08-21 22:45:00,2723.130573,2722.371717,2722.771094,-0.7588559999999234,-0.3594789999997374,-0.5591674999998304
2022-08-22 00:00:00,2723.135231,2722.372877,2722.775674,-0.7623540000004141,-0.3595570000002226,-0.5609555000003184
2022-08-22 00:15:00,2723.130573,2722.371874,2722.774271,-0.7586989999999787,-0.3563019999996868,-0.5575004999998328
2022-08-22 00:30:00,2723.132322,2722.373624,2722.777979,-0.7586980000000949,-0.35434299999997165,-0.5565205000000333
2022-08-22 01:15:00,2723.131733,2722.370661,2722.779872,-0.7610720000002402,-0.351861000000099,-0.5564665000001696
2022-08-22 01:30:00,2723.133482,2722.370929,2722.781622,-0.7625530000000253,-0.3518600000002152,-0.5572065000001203
2022-08-22 02:30:00,2723.132312,2722.372411,2722.784592,-0.7599010000003545,-0.34772000000020853,-0.5538105000002815
2022-08-22 02:45:00,2723.125315,2722.371127,2722.779341,-0.7541879999998855,-0.3459739999998419,-0.5500809999998637
2022-08-22 03:00:00,2723.127064,2722.370352,2722.7825,-0.7567119999998795,-0.3445639999999912,-0.5506379999999353
2022-08-22 03:30:00,2723.130563,2722.369886,2722.782109,-0.7606770000002143,-0.348453999999947,-0.5545655000000806
2022-08-22 03:45:00,2723.127064,2722.36887,2722.781091,-0.7581940000000031,-0.3459729999999581,-0.5520834999999806
2022-08-22 04:15:00,2723.125315,2722.366497,2722.779192,-0.7588179999997919,-0.3461229999998068,-0.5524704999997994
2022-08-22 05:15:00,2723.127064,2722.369882,2722.778405,-0.7571819999998297,-0.34865899999977046,-0.5529204999998001
2022-08-22 05:30:00,2723.127064,2722.372099,2722.779138,-0.7549649999996291,-0.3479259999999158,-0.5514454999997724
2022-08-22 05:45:00,2723.128234,2722.370348,2722.777388,-0.7578859999998713,-0.35084599999981947,-0.5543659999998454
2022-08-22 06:45:00,2723.124145,2722.366963,2722.774994,-0.7571820000002845,-0.34915100000034727,-0.5531665000003159
2022-08-22 07:00:00,2723.125315,2722.368403,2722.777234,-0.7569119999998293,-0.34808099999963815,-0.5524964999997337
2022-08-22 07:30:00,2723.127064,2722.367938,2722.775431,-0.7591259999999238,-0.35163299999976516,-0.5553794999998445
2022-08-22 07:45:00,2723.125905,2722.367244,2722.77427,-0.7586609999998473,-0.3516349999999875,-0.5551479999999174
2022-08-22 08:15:00,2723.122406,2722.366043,2722.773537,-0.7563629999999648,-0.3488689999999224,-0.5526159999999436
2022-08-22 10:00:00,2723.124155,2722.367792,2722.77421,-0.7563629999999648,-0.3499449999999342,-0.5531539999999495
2022-08-22 10:15:00,2723.122406,2722.365731,2722.773477,-0.7566750000000866,-0.3489289999997709,-0.5528019999999287
2022-08-22 10:45:00,2723.124155,2722.370009,2722.774737,-0.7541459999997642,-0.34941799999978684,-0.5517819999997755
2022-08-22 11:00:00,2723.120656,2722.368258,2722.7725,-0.7523980000000847,-0.34815600000001723,-0.550277000000051
2022-08-22 11:15:00,2723.124155,2722.370008,2722.77256,-0.7541470000001027,-0.3515950000000885,-0.5528710000000956
2022-08-22 11:30:00,2723.125905,2722.37094,2722.774251,-0.7549650000000838,-0.3516540000000532,-0.5533095000000685
2022-08-22 11:45:00,2723.124155,2722.368557,2722.771816,-0.755598000000191,-0.35233900000002905,-0.55396850000011
2022-08-22 12:00:00,2723.125905,2722.372524,2722.773566,-0.7533809999999903,-0.35233900000002905,-0.5528600000000097
2022-08-22 12:30:00,2723.130573,2722.376375,2722.772986,-0.7541980000000876,-0.3575869999999668,-0.5558925000000272
2022-08-22 12:45:00,2723.128824,2722.378591,2722.774062,-0.7502329999997528,-0.35476199999993696,-0.5524974999998449
2022-08-22 13:00:00,2723.124155,2722.373156,2722.773046,-0.7509989999998652,-0.35110900000017864,-0.5510540000000219
2022-08-22 13:15:00,2723.125905,2722.373694,2722.775529,-0.7522109999999884,-0.35037599999986924,-0.5512934999999288
2022-08-22 13:30:00,2723.127064,2722.372099,2722.775673,-0.7549649999996291,-0.35139099999969403,-0.5531779999996616
2022-08-22 13:45:00,2723.127064,2722.372368,2722.777706,-0.7546959999999672,-0.34935799999993833,-0.5520269999999527
2022-08-22 14:00:00,2723.125315,2722.371631,2722.776164,-0.7536839999997937,-0.3491509999998925,-0.5514174999998431
2022-08-22 14:15:00,2723.124145,2722.370927,2722.776407,-0.7532180000002882,-0.34773800000039046,-0.5504780000003393
2022-08-22 14:30:00,2723.128234,2722.374314,2722.77831,-0.7539199999996526,-0.3499239999996462,-0.5519219999996494
2022-08-22 15:00:00,2723.128814,2722.376064,2722.779381,-0.7527500000001055,-0.3494330000003174,-0.5510915000002115
2022-08-22 15:45:00,2723.127074,2722.374002,2722.781284,-0.7530719999999747,-0.3457899999998517,-0.5494309999999132
2022-08-22 16:00:00,2723.127074,2722.371787,2722.779534,-0.755286999999953,-0.34754000000020824,-0.5514135000000806
2022-08-22 16:30:00,2723.128814,2722.373848,2722.779871,-0.7549659999999676,-0.3489429999999629,-0.5519544999999653
2022-08-22 16:45:00,2723.125315,2722.372098,2722.780551,-0.7532169999999496,-0.344763999999941,-0.5489904999999453
2022-08-22 17:15:00,2723.125905,2722.373382,2722.782508,-0.7525229999996554,-0.34339700000009543,-0.5479599999998754
2022-08-22 17:45:00,2723.125325,2722.375752,2722.782791,-0.7495730000000549,-0.3425339999998869,-0.5460534999999709
2022-08-22 18:15:00,2723.122406,2722.371321,2722.782301,-0.7510849999998754,-0.34010499999976673,-0.5455949999998211
2022-08-22 18:45:00,2723.124155,2722.371632,2722.77987,-0.7525230000001102,-0.3442850000001272,-0.5484040000001187
2022-08-22 19:00:00,2723.125315,2722.371166,2722.77938,-0.7541489999998703,-0.3459349999998267,-0.5500419999998485
2022-08-22 19:30:00,2723.122406,2722.371325,2722.7788,-0.7510809999998855,-0.3436059999999088,-0.5473434999998972
2022-08-22 20:00:00,2723.121816,2722.369108,2722.777576,-0.7527079999999842,-0.34423999999989974,-0.548473999999942
2022-08-22 20:15:00,2723.125315,2722.370859,2722.779817,-0.7544559999996636,-0.34549799999967945,-0.5499769999996715
2022-08-22 20:30:00,2723.122396,2722.37117,2722.779137,-0.7512260000003153,-0.3432590000002165,-0.5472425000002659
2022-08-22 21:00:00,2723.125315,2722.367472,2722.778403,-0.7578429999998662,-0.3469119999999748,-0.5523774999999205
2022-08-22 21:15:00,2723.122406,2722.367793,2722.776167,-0.754613000000063,-0.34623899999996866,-0.5504260000000158
2022-08-22 21:30:00,2723.124155,2722.371013,2722.777917,-0.7531420000000253,-0.34623800000008487,-0.5496900000000551
2022-08-22 21:45:00,2723.124155,2722.371945,2722.777634,-0.7522100000001046,-0.3465209999999388,-0.5493655000000217
2022-08-22 22:00:00,2723.124155,2722.368952,2722.778934,-0.755203000000165,-0.34522100000003775,-0.5502120000001014
2022-08-22 22:15:00,2723.125905,2722.369532,2722.77825,-0.7563729999997122,-0.3476550000000316,-0.5520139999998719
2022-08-22 22:30:00,2723.122986,2722.368093,2722.774997,-0.7548929999998109,-0.34798899999987043,-0.5514409999998406
2022-08-22 22:45:00,2723.124155,2722.369263,2722.7769,-0.7548919999999271,-0.347255000000132,-0.5510735000000295
2022-08-22 23:15:00,2723.122986,2722.367782,2722.77703,-0.7552040000000488,-0.34595599999966,-0.5505799999998544
2022-08-26 12:45:00,2723.134072,2722.376857,2722.788851,-0.7572149999996327,-0.34522100000003775,-0.5512179999998352
2022-08-26 13:00:00,2723.135231,2722.37611,2722.789278,-0.7591210000000501,-0.3459530000000086,-0.5525370000000294
2022-08-26 13:15:00,2723.13815,2722.378027,2722.790301,-0.7601230000000214,-0.3478490000002239,-0.5539860000001227
2022-08-26 13:30:00,2723.13815,2722.381712,2722.789284,-0.7564380000003439,-0.348866000000271,-0.5526520000003075
2022-08-26 14:00:00,2723.136401,2722.379197,2722.789963,-0.7572040000000015,-0.34643800000003466,-0.5518210000000181
2022-08-26 14:15:00,2723.13815,2722.381414,2722.790548,-0.7567360000002736,-0.3476020000002791,-0.5521690000002764
2022-08-26 14:30:00,2723.135231,2722.379271,2722.788114,-0.7559600000004139,-0.34711700000025303,-0.5515385000003334
2022-08-26 14:45:00,2723.135231,2722.379664,2722.789814,-0.7555670000001555,-0.34541699999999764,-0.5504920000000766
2022-08-26 15:15:00,2723.135231,2722.380244,2722.788798,-0.7549870000002556,-0.346433000000161,-0.5507100000002083
2022-08-26 15:30:00,2723.13814,2722.381404,2722.789521,-0.7567359999998189,-0.34861899999987145,-0.5526774999998452
2022-08-26 15:45:00,2723.136391,2722.379923,2722.789804,-0.7564680000000408,-0.34658699999999953,-0.5515275000000202
2022-08-26 16:15:00,2723.135231,2722.380389,2722.788297,-0.7548420000002807,-0.3469340000001466,-0.5508880000002137
2022-08-26 16:30:00,2723.136401,2722.379344,2722.787042,-0.757057000000259,-0.34935900000027686,-0.5532080000002679
2022-08-26 16:45:00,2723.136401,2722.380091,2722.788307,-0.7563100000002123,-0.34809400000040114,-0.5522020000003067
2022-08-26 17:00:00,2723.136401,2722.38156,2722.787627,-0.7548410000003969,-0.34877400000004855,-0.5518075000002227
2022-08-26 17:15:00,2723.134652,2722.378341,2722.786556,-0.7563110000000961,-0.3480960000001687,-0.5522035000001324
2022-08-26 17:30:00,2723.136391,2722.379924,2722.78689,-0.756467000000157,-0.3495010000001457,-0.5529840000001514
2022-08-26 18:00:00,2723.135811,2722.381561,2722.78684,-0.7542499999999563,-0.34897099999989223,-0.5516104999999243
2022-08-26 18:30:00,2723.13815,2722.381842,2722.786894,-0.7563080000004447,-0.35125600000037593,-0.5537820000004103
2022-08-26 18:45:00,2723.136401,2722.379345,2722.785877,-0.7570560000003752,-0.35052400000040507,-0.5537900000003901
2022-08-26 19:00:00,2723.137561,2722.380092,2722.785823,-0.7574690000001283,-0.3517379999998411,-0.5546034999999847
2022-08-26 20:00:00,2723.136401,2722.380631,2722.788247,-0.7557700000002114,-0.34815400000024965,-0.5519620000002305
2022-08-26 20:30:00,2723.13814,2722.3809,2722.78903,-0.7572399999999107,-0.3491100000001097,-0.5531750000000102
2022-08-26 20:45:00,2723.137561,2722.381098,2722.787226,-0.7564630000001671,-0.35033500000008644,-0.5533990000001268
2022-08-26 21:00:00,2723.136981,2722.380021,2722.788306,-0.7569600000001628,-0.3486750000001848,-0.5528175000001738
2022-08-26 21:15:00,2723.1399,2722.382237,2722.787384,-0.7576630000003206,-0.3525159999999232,-0.5550895000001219
2022-08-26 21:30:00,2723.13815,2722.380487,2722.787047,-0.7576630000003206,-0.35110300000042116,-0.5543830000003709
2022-08-26 22:00:00,2723.141069,2722.379556,2722.788797,-0.7615129999999226,-0.35227199999962977,-0.5568924999997762
2022-08-26 22:30:00,2723.13815,2722.380756,2722.789867,-0.757394000000204,-0.348283000000265,-0.5528385000002345
2022-08-26 23:30:00,2723.13931,2722.382933,2722.790744,-0.7563770000001568,-0.34856600000011895,-0.5524715000001379
2022-08-26 23:45:00,2723.13931,2722.3797,2722.79069,-0.7596100000000661,-0.34862000000021,-0.554115000000138
2022-08-27 00:30:00,2723.141059,2722.380985,2722.792494,-0.7600740000002588,-0.34856500000023516,-0.554319500000247
2022-08-27 00:45:00,2723.13989,2722.379969,2722.793228,-0.7599209999998493,-0.34666199999992386,-0.5532914999998866
2022-08-27 01:00:00,2723.13931,2722.379854,2722.791914,-0.7594560000002275,-0.34739600000011706,-0.5534260000001723
2022-08-27 01:15:00,2723.141059,2722.380447,2722.794398,-0.7606120000000374,-0.3466610000000401,-0.5536365000000387
2022-08-27 01:30:00,2723.142229,2722.379867,2722.794404,-0.7623619999999391,-0.34782499999982974,-0.5550934999998844
2022-08-27 02:00:00,2723.141069,2722.379401,2722.796154,-0.761667999999645,-0.34491499999967346,-0.5532914999996592
2022-08-27 02:15:00,2723.141069,2722.378935,2722.79542,-0.7621339999996053,-0.34564899999986665,-0.553891499999736
2022-08-27 02:45:00,2723.14048,2722.37908,2722.795073,-0.7613999999998668,-0.34540700000025026,-0.5534035000000586
2022-08-27 04:15:00,2723.14048,2722.380249,2722.795077,-0.7602310000002035,-0.3454029999998056,-0.5528170000000046
2022-08-27 05:00:00,2723.142229,2722.381999,2722.796827,-0.760229999999865,-0.3454019999999218,-0.5528159999998934
2022-08-27 05:15:00,2723.14048,2722.378767,2722.79312,-0.7617129999998724,-0.34736000000020795,-0.5545365000000402
2022-08-27 05:30:00,2723.143978,2722.381802,2722.796337,-0.7621760000001814,-0.34764099999983955,-0.5549085000000105
2022-08-27 06:00:00,2723.142229,2722.379357,2722.792836,-0.7628720000002431,-0.34939299999996365,-0.5561325000001034
2022-08-27 06:30:00,2723.14048,2722.379317,2722.794344,-0.7611630000001242,-0.346136000000115,-0.5536495000001196
2022-08-27 07:00:00,2723.145728,2722.381066,2722.796094,-0.7646620000000439,-0.349634000000151,-0.5571480000000975
2022-08-27 07:30:00,2723.142229,2722.376395,2722.792156,-0.7658340000002681,-0.3500730000000658,-0.557953500000167
2022-08-27 07:45:00,2723.13931,2722.379897,2722.793853,-0.7594130000002224,-0.34545699999989665,-0.5524350000000595
2022-08-27 08:00:00,2723.13931,2722.378145,2722.792103,-0.7611649999998917,-0.3472069999997984,-0.5541859999998451
2022-08-27 08:15:00,2723.13931,2722.375929,2722.791369,-0.7633810000002086,-0.3479409999999916,-0.5556610000001001
2022-08-27 08:30:00,2723.13931,2722.376861,2722.791423,-0.7624489999998332,-0.3478869999999006,-0.5551679999998669
2022-08-27 09:00:00,2723.141059,2722.377213,2722.79419,-0.7638459999998304,-0.3468689999999697,-0.5553574999999
2022-08-27 09:45:00,2723.141059,2722.376197,2722.791666,-0.7648619999999937,-0.34939299999996365,-0.5571274999999787
2022-08-27 10:00:00,2723.137561,2722.374447,2722.789183,-0.7631139999998595,-0.34837800000013885,-0.5557459999999992
2022-08-27 10:15:00,2723.137561,2722.373981,2722.789182,-0.7635799999998198,-0.34837900000002264,-0.5559794999999212
2022-08-27 10:30:00,2723.141059,2722.377678,2722.792682,-0.7633810000002086,-0.34837700000025507,-0.5558790000002318
2022-08-27 10:45:00,2723.141059,2722.375731,2722.791949,-0.765327999999954,-0.3491100000001097,-0.5572190000000319
2022-08-27 11:00:00,2723.135811,2722.374996,2722.790933,-0.7608150000000933,-0.34487799999988056,-0.5528464999999869
2022-08-27 11:15:00,2723.136981,2722.376632,2722.793799,-0.760349000000133,-0.3431820000000698,-0.5517655000001014
2022-08-27 11:30:00,2723.14048,2722.367033,2722.792049,-0.7734470000000329,-0.34843099999989136,-0.5609389999999621
2022-08-27 11:45:00,2723.137561,2722.374445,2722.791612,-0.7631160000000818,-0.3459490000000187,-0.5545325000000503
2022-08-27 12:00:00,2723.136981,2722.3734,2722.791369,-0.7635810000001584,-0.34561200000007375,-0.5545965000001161
2022-08-27 12:15:00,2723.137561,2722.372468,2722.791895,-0.7650929999999789,-0.3456660000001648,-0.5553795000000719
2022-08-27 12:45:00,2723.137561,2722.373215,2722.792629,-0.7643459999999322,-0.3449319999999716,-0.5546389999999519
2022-08-27 13:00:00,2723.132312,2722.368431,2722.787625,-0.7638810000003105,-0.3446870000002491,-0.5542840000002798
2022-08-27 13:15:00,2723.134652,2722.373681,2722.790392,-0.7609710000001542,-0.344260000000304,-0.5526155000002291
2022-08-27 13:30:00,2723.13873,2722.377066,2722.794046,-0.7616640000001098,-0.344684000000143,-0.5531740000001264
2022-08-27 13:45:00,2723.134072,2722.373567,2722.789659,-0.7605049999997391,-0.344412999999804,-0.5524589999997715
2022-08-27 14:15:00,2723.135821,2722.373369,2722.792143,-0.7624519999999393,-0.34367799999972704,-0.5530649999998332
2022-08-27 14:45:00,2723.135821,2722.371466,2722.788985,-0.7643549999997958,-0.34683599999971193,-0.5555954999997539
2022-08-27 15:00:00,2723.136981,2722.370099,2722.788588,-0.7668819999998959,-0.34839300000021467,-0.5576375000000553
2022-08-27 15:30:00,2723.136981,2722.37278,2722.789322,-0.7642009999999573,-0.3476590000000215,-0.5559299999999894
2022-08-27 15:45:00,2723.133482,2722.371312,2722.787418,-0.7621699999999691,-0.3460640000002968,-0.554117000000133
2022-08-27 16:00:00,2723.130563,2722.367346,2722.786685,-0.7632170000001679,-0.3438780000001316,-0.5535475000001497
2022-08-27 16:15:00,2723.136981,2722.371001,2722.788098,-0.7659800000001269,-0.3488830000001144,-0.5574315000001206
2022-08-27 16:45:00,2723.136981,2722.373062,2722.788832,-0.7639189999999871,-0.3481489999999212,-0.5560339999999542
2022-08-27 17:00:00,2723.135231,2722.371003,2722.788381,-0.7642280000000028,-0.3468500000003587,-0.5555390000001807
2022-08-27 17:15:00,2723.132312,2722.369833,2722.786928,-0.7624789999999848,-0.34538400000019465,-0.5539315000000897
2022-08-27 17:30:00,2723.135231,2722.372484,2722.789114,-0.7627470000002177,-0.3461170000000493,-0.5544320000001335
2022-08-27 19:30:00,2723.136981,2722.372601,2722.789451,-0.7643800000000738,-0.3475300000000061,-0.55595500000004
2022-08-27 20:30:00,2723.135811,2722.368468,2722.787417,-0.7673429999999826,-0.34839400000009846,-0.5578685000000405
2022-08-27 20:45:00,2723.135811,2722.370147,2722.789168,-0.7656640000000152,-0.3466430000003129,-0.5561535000001641
2022-08-27 21:00:00,2723.136981,2722.372167,2722.788435,-0.7648140000001149,-0.34854600000016944,-0.5566800000001422
2022-08-27 21:30:00,2723.13932,2722.371979,2722.790675,-0.767341000000215,-0.3486450000000332,-0.5579930000001241
2022-08-27 21:45:00,2723.137571,2722.368479,2722.788251,-0.7690920000000006,-0.34932000000026164,-0.5592060000001311
2022-08-27 22:00:00,2723.137571,2722.372911,2722.78776,-0.7646600000002763,-0.34981100000004517,-0.5572355000001608
2022-08-27 22:15:00,2723.136981,2722.371855,2722.789938,-0.7651260000002367,-0.3470430000002125,-0.5560845000002246
2022-08-27 22:30:00,2723.13873,2722.374071,2722.789655,-0.7646589999999378,-0.3490750000000844,-0.5568670000000111
2022-08-27 23:15:00,2723.13932,2722.372445,2722.788494,-0.7668750000002547,-0.3508260000003247,-0.5588505000002897
2022-08-27 23:45:00,2723.137571,2722.370695,2722.790002,-0.7668760000001384,-0.34756900000002133,-0.5572225000000799
2022-08-28 00:30:00,2723.137571,2722.375127,2722.790735,-0.7624440000004142,-0.3468360000001667,-0.5546400000002905
2022-08-28 01:00:00,2723.137571,2722.368945,2722.788924,-0.7686260000000402,-0.3486470000002555,-0.5586365000001479
2022-08-28 01:45:00,2723.13873,2722.372123,2722.791345,-0.7666070000000218,-0.34738500000003114,-0.5569960000000265
2022-08-28 02:00:00,2723.141649,2722.374775,2722.791841,-0.7668739999999161,-0.34980799999993906,-0.5583409999999276
2022-08-28 02:15:00,2723.13873,2722.372435,2722.791404,-0.7662949999999,-0.3473260000000664,-0.5568104999999832
2022-08-28 02:30:00,2723.1399,2722.371388,2722.790338,-0.7685120000001007,-0.3495620000003328,-0.5590370000002167
2022-08-28 03:00:00,2723.13815,2722.371076,2722.791355,-0.7670740000003207,-0.3467950000003839,-0.5569345000003523
2022-08-28 04:00:00,2723.14048,2722.372588,2722.790185,-0.767891999999847,-0.35029500000018743,-0.5590935000000172
2022-08-28 04:15:00,2723.13873,2722.370371,2722.789451,-0.7683590000001459,-0.3492790000000241,-0.558819000000085
2022-08-28 04:45:00,2723.141649,2722.375508,2722.793105,-0.7661410000000615,-0.3485439999999471,-0.5573425000000043
2022-08-28 06:00:00,2723.141649,2722.374772,2722.792858,-0.7668770000000222,-0.3487910000003467,-0.5578340000001845
2022-08-28 06:15:00,2723.141649,2722.374575,2722.795342,-0.7670740000003207,-0.3463070000002517,-0.5566905000002862
2022-08-28 06:30:00,2723.143399,2722.376056,2722.794608,-0.7673429999999826,-0.34879099999989194,-0.5580669999999373
2022-08-28 06:45:00,2723.141639,2722.370919,2722.791161,-0.770719999999983,-0.3504779999998391,-0.560598999999911
2022-08-28 07:00:00,2723.141639,2722.374885,2722.792421,-0.7667539999997643,-0.34921799999983705,-0.5579859999998007
2022-08-28 07:15:00,2723.13989,2722.373135,2722.790144,-0.7667550000001029,-0.3497459999998682,-0.5582504999999855
2022-08-28 07:30:00,2723.13873,2722.371509,2722.790734,-0.7672210000000632,-0.34799599999996644,-0.5576085000000148
2022-08-28 07:45:00,2723.14048,2722.371508,2722.790675,-0.7689719999998488,-0.34980499999983294,-0.5593884999998409
2022-08-28 08:00:00,2723.137571,2722.371974,2722.789658,-0.7655970000000707,-0.3479130000000623,-0.5567550000000665
2022-08-28 08:30:00,2723.136981,2722.369292,2722.788984,-0.7676890000002459,-0.347997000000305,-0.5578430000002754
2022-08-28 08:45:00,2723.137571,2722.369758,2722.789267,-0.7678130000003875,-0.3483040000000983,-0.5580585000002429
2022-08-28 09:00:00,2723.13873,2722.369757,2722.790001,-0.7689730000001873,-0.34872900000027585,-0.5588510000002316
2022-08-28 09:15:00,2723.14048,2722.369291,2722.791018,-0.7711890000000494,-0.3494620000001305,-0.56032550000009
2022-08-28 09:30:00,2723.137561,2722.368587,2722.788831,-0.7689740000000711,-0.34873000000015963,-0.5588520000001154
2022-08-28 10:15:00,2723.136981,2722.367228,2722.788251,-0.769753000000037,-0.34873000000015963,-0.5592415000000983
2022-08-28 10:30:00,2723.135811,2722.36754,2722.789261,-0.7682709999999133,-0.34655000000020664,-0.55741050000006
2022-08-28 10:45:00,2723.134062,2722.365324,2722.787511,-0.7687380000002122,-0.3465510000000904,-0.5576445000001513
2022-08-28 11:00:00,2723.132312,2722.36404,2722.785761,-0.7682720000002519,-0.3465510000000904,-0.5574115000001711
2022-08-28 11:30:00,2723.135811,2722.366836,2722.787021,-0.7689749999999549,-0.34879000000000815,-0.5588824999999815
2022-08-28 12:00:00,2723.134072,2722.367227,2722.788191,-0.7668449999996483,-0.34588099999973565,-0.556362999999692
2022-08-28 12:30:00,2723.134072,2722.367539,2722.787458,-0.7665329999999813,-0.34661400000004505,-0.5565735000000132
2022-08-28 12:45:00,2723.132322,2722.365323,2722.786294,-0.7669989999999416,-0.34602799999993294,-0.5565134999999373
2022-08-28 13:00:00,2723.134072,2722.367073,2722.78731,-0.7669989999999416,-0.3467619999996714,-0.5568804999998065
2022-08-28 13:45:00,2723.130573,2722.366255,2722.782306,-0.7643180000000029,-0.34826699999985067,-0.5562924999999268
2022-08-28 14:00:00,2723.132322,2722.368006,2722.786541,-0.7643159999997806,-0.3457809999999881,-0.5550484999998844
2022-08-28 14:15:00,2723.128824,2722.364505,2722.78304,-0.7643189999998867,-0.34578400000009424,-0.5550514999999905
2022-08-28 14:30:00,2723.131153,2722.366524,2722.783377,-0.7646289999997862,-0.3477759999996124,-0.5562024999996993
2022-08-28 14:45:00,2723.132312,2722.365003,2722.785064,-0.7673090000002958,-0.347248000000036,-0.5572785000001659
2022-08-28 15:00:00,2723.134062,2722.367218,2722.785797,-0.7668440000002192,-0.3482650000000831,-0.5575545000001512
2022-08-28 15:15:00,2723.131733,2722.368163,2722.782976,-0.7635700000000725,-0.34875700000020515,-0.5561635000001388
2022-08-28 15:30:00,2723.134062,2722.369448,2722.785311,-0.7646140000001651,-0.34875099999999293,-0.556682500000079
2022-08-28 15:45:00,2723.130563,2722.365948,2722.781077,-0.7646150000000489,-0.3494860000000699,-0.5570505000000594
2022-08-28 16:00:00,2723.130563,2722.366217,2722.78356,-0.764346000000387,-0.3470030000003135,-0.5556745000003502
2022-08-28 16:15:00,2723.132312,2722.367698,2722.783844,-0.7646140000001651,-0.348468000000139,-0.556541000000152
2022-08-28 16:30:00,2723.130563,2722.364001,2722.782827,-0.7665620000002491,-0.34773600000016813,-0.5571490000002086
2022-08-28 16:45:00,2723.130563,2722.366218,2722.782336,-0.7643450000000485,-0.34822699999995166,-0.5562860000000001
2022-08-28 17:00:00,2723.132312,2722.368434,2722.784577,-0.7638780000002043,-0.34773500000028434,-0.5558065000002443
2022-08-28 17:15:00,2723.135231,2722.369139,2722.785257,-0.7660920000002989,-0.34997400000020207,-0.5580330000002505
2022-08-28 18:15:00,2723.132312,2722.367969,2722.784766,-0.7643430000002809,-0.3475459999999657,-0.5559445000001233
2022-08-28 19:00:00,2723.134062,2722.367236,2722.783016,-0.7668260000000373,-0.351046000000224,-0.5589360000001307
2022-08-28 19:15:00,2723.133482,2722.367702,2722.783506,-0.7657800000001771,-0.34997599999996964,-0.5578780000000734
2022-08-28 19:45:00,2723.133482,2722.369327,2722.784673,-0.7641550000003008,-0.34880900000007387,-0.5564820000001873
2022-08-28 20:00:00,2723.135231,2722.368157,2722.783502,-0.7670740000003207,-0.35172899999997753,-0.5594015000001491
2022-08-28 20:15:00,2723.132902,2722.366065,2722.784866,-0.7668369999996685,-0.34803599999986545,-0.557436499999767
2022-08-28 20:30:00,2723.135821,2722.369762,2722.786333,-0.7660590000000411,-0.3494879999998375,-0.5577734999999393
2022-08-28 20:45:00,2723.134072,2722.367546,2722.786764,-0.7665259999998852,-0.3473079999998845,-0.5569169999998849
2022-08-28 21:15:00,2723.134062,2722.367858,2722.783843,-0.7662040000000161,-0.35021899999992456,-0.5582114999999703
2022-08-28 21:30:00,2723.134062,2722.365796,2722.78433,-0.7682660000000396,-0.34973200000013094,-0.5589990000000853
2022-08-28 22:00:00,2723.132902,2722.367859,2722.786273,-0.7650429999998778,-0.3466289999996661,-0.555835999999772
2022-08-28 22:45:00,2723.132902,2722.370075,2722.78608,-0.7628270000000157,-0.34682199999997465,-0.5548244999999952
2022-08-28 23:15:00,2723.134062,2722.369763,2722.785063,-0.7642989999999372,-0.3489990000002763,-0.5566490000001068
2022-08-28 23:45:00,2723.135811,2722.371047,2722.78783,-0.7647640000000138,-0.34798099999989063,-0.5563724999999522
2022-08-29 00:15:00,2723.135811,2722.368127,2722.786813,-0.7676839999999174,-0.34899799999993775,-0.5583409999999276
2022-08-29 01:15:00,2723.134062,2722.366531,2722.784046,-0.7675309999999627,-0.35001599999986865,-0.5587734999999157
2022-08-29 02:00:00,2723.137561,2722.364864,2722.786233,-0.7726969999998801,-0.35132800000019415,-0.5620125000000371
2022-08-29 02:30:00,2723.13931,2722.371512,2722.789054,-0.767797999999857,-0.3502560000001722,-0.5590270000000146
2022-08-29 02:45:00,2723.134642,2722.363144,2722.783366,-0.7714980000000651,-0.3512759999998707,-0.5613869999999679
2022-08-29 03:00:00,2723.136981,2722.365795,2722.785553,-0.7711859999999433,-0.3514279999999417,-0.5613069999999425
2022-08-29 03:30:00,2723.137561,2722.367545,2722.786286,-0.7700159999999414,-0.3512749999999869,-0.5606454999999642
2022-08-29 03:45:00,2723.13873,2722.367079,2722.788717,-0.7716510000000198,-0.3500130000002173,-0.5608320000001186
2022-08-29 04:00:00,2723.137561,2722.368125,2722.787547,-0.7694360000000415,-0.3500140000001011,-0.5597250000000713
2022-08-29 04:30:00,2723.134642,2722.366375,2722.785116,-0.7682669999999234,-0.3495259999999689,-0.5588964999999462
2022-08-29 04:45:00,2723.14048,2722.368829,2722.788037,-0.7716510000000198,-0.3524430000002212,-0.5620470000001205
2022-08-29 05:00:00,2723.137561,2722.367378,2722.785796,-0.7701830000000882,-0.35176499999988664,-0.5609739999999874
2022-08-29 05:30:00,2723.141059,2722.368661,2722.789053,-0.7723980000000665,-0.352006000000074,-0.5622020000000703
2022-08-29 05:45:00,2723.137571,2722.366217,2722.78586,-0.7713540000004286,-0.35171100000025035,-0.5615325000003395
2022-08-29 06:00:00,2723.137571,2722.367232,2722.786143,-0.7703390000001491,-0.3514280000003964,-0.5608835000002728
2022-08-29 06:30:00,2723.13932,2722.365749,2722.788325,-0.7735710000001745,-0.3509950000002391,-0.5622830000002068
2022-08-29 06:45:00,2723.13932,2722.371355,2722.789549,-0.7679650000000038,-0.34977100000014616,-0.558868000000075
2022-08-29 07:00:00,2723.137561,2722.366218,2722.787303,-0.771342999999888,-0.3502579999999398,-0.5608004999999139
2022-08-29 07:15:00,2723.137561,2722.3677,2722.787983,-0.7698610000002191,-0.34957799999983763,-0.5597195000000283
2022-08-29 07:30:00,2723.136391,2722.363848,2722.786133,-0.7725430000000415,-0.3502579999999398,-0.5614004999999906
2022-08-29 07:45:00,2723.13814,2722.364313,2722.78657,-0.773826999999983,-0.35156999999981053,-0.5626984999998967
2022-08-29 08:00:00,2723.13814,2722.366528,2722.787303,-0.7716120000000046,-0.3508369999999559,-0.5612244999999803
2022-08-29 08:15:00,2723.13815,2722.364903,2722.784393,-0.7732470000000831,-0.3537570000003143,-0.5635020000001987
2022-08-29 08:45:00,2723.134652,2722.36606,2722.784676,-0.7685920000003534,-0.34997599999996964,-0.5592840000001615
2022-08-29 09:00:00,2723.136401,2722.366526,2722.784339,-0.7698750000004111,-0.35206200000038734,-0.5609685000003992
2022-08-29 09:30:00,2723.13815,2722.36637,2722.785405,-0.7717800000000352,-0.35274500000014086,-0.562262500000088
2022-08-29 09:45:00,2723.135231,2722.364154,2722.783655,-0.7710770000003322,-0.35157600000002276,-0.5613265000001775
2022-08-29 11:00:00,2723.136981,2722.366369,2722.785689,-0.7706120000002556,-0.35129200000028504,-0.5609520000002703
2022-08-29 11:15:00,2723.132902,2722.362869,2722.781905,-0.7700329999997848,-0.35099700000000666,-0.5605149999998957
2022-08-29 11:30:00,2723.135231,2722.364619,2722.785162,-0.7706120000002556,-0.3500690000000759,-0.5603405000001658
2022-08-29 11:45:00,2723.135231,2722.364153,2722.783938,-0.771078000000216,-0.35129300000016883,-0.5611855000001924
2022-08-29 12:00:00,2723.133482,2722.362403,2722.783595,-0.7710790000000998,-0.34988700000030803,-0.5604830000002039
2022-08-29 12:15:00,2723.131733,2722.360653,2722.781172,-0.7710799999999836,-0.35056100000019796,-0.5608205000000908
2022-08-29 12:30:00,2723.133482,2722.36092,2722.781702,-0.7725620000001072,-0.35177999999996246,-0.5621710000000348
2022-08-29 15:00:00,2723.130563,2722.36462,2722.781642,-0.765943000000334,-0.34892100000024584,-0.5574320000002899
2022-08-29 15:15:00,2723.131733,2722.364309,2722.781365,-0.7674240000001191,-0.3503680000003442,-0.5588960000002317
2022-08-29 15:45:00,2723.131733,2722.36287,2722.779461,-0.7688630000002377,-0.3522720000000845,-0.5605675000001611
2022-08-29 16:00:00,2723.129983,2722.365087,2722.778728,-0.7648959999996805,-0.3512550000000374,-0.558075499999859
2022-08-29 16:15:00,2723.131143,2722.362563,2722.778385,-0.768579999999929,-0.35275799999999435,-0.5606689999999617
2022-08-29 16:30:00,2723.131733,2722.366994,2722.781151,-0.7647390000001906,-0.35058200000003126,-0.5576605000001109
2022-08-29 16:45:00,2723.132892,2722.364031,2722.780567,-0.7688610000000153,-0.35232500000029177,-0.5605930000001536
2022-08-29 17:00:00,2723.128824,2722.363619,2722.779407,-0.7652049999996962,-0.34941699999990306,-0.5573109999997996
2022-08-29 17:30:00,2723.131733,2722.362873,2722.778668,-0.7688600000001315,-0.35306500000024243,-0.560962500000187
2022-08-29 18:00:00,2723.131733,2722.363339,2722.779401,-0.7683940000001712,-0.3523320000003878,-0.5603630000002795
2022-08-29 18:15:00,2723.130563,2722.364624,2722.779254,-0.7659390000003441,-0.35130900000012844,-0.5586240000002363
2022-08-29 18:30:00,2723.128814,2722.363608,2722.778237,-0.7652060000000347,-0.35057700000015757,-0.5578915000000961
2022-08-29 19:15:00,2723.130563,2722.363455,2722.778722,-0.7671080000000075,-0.3518410000001495,-0.5594745000000785
2022-08-29 19:45:00,2723.130563,2722.364937,2722.779455,-0.7656260000003385,-0.35110800000029485,-0.5583670000003167
2022-08-29 20:00:00,2723.129983,2722.362409,2722.778048,-0.7675739999999678,-0.3519349999996848,-0.5597544999998263
2022-08-29 20:15:00,2723.134072,2722.368435,2722.779515,-0.7656369999999697,-0.35455699999965873,-0.5600969999998142
2022-08-29 20:30:00,2723.130573,2722.366685,2722.779271,-0.7638879999999517,-0.3513020000000324,-0.5575949999999921
2022-08-29 21:30:00,2723.132312,2722.367154,2722.779555,-0.7651580000001559,-0.35275700000011057,-0.5589575000001332
2022-08-29 21:45:00,2723.134062,2722.368749,2722.781018,-0.7653129999998782,-0.3530439999999544,-0.5591784999999163
2022-08-29 22:00:00,2723.132312,2722.367,2722.780775,-0.7653119999999944,-0.35153700000000754,-0.558424500000001
2022-08-29 22:15:00,2723.134062,2722.368002,2722.781508,-0.7660599999999249,-0.35255400000005466,-0.5593069999999898
2022-08-29 22:30:00,2723.134072,2722.366842,2722.781512,-0.7672299999999268,-0.35255999999981213,-0.5598949999998695
2022-08-30 00:45:00,2723.136401,2722.363457,2722.782772,-0.7729440000002796,-0.3536290000001827,-0.5632865000002312
2022-08-30 01:00:00,2723.134652,2722.361987,2722.782241,-0.7726649999999609,-0.352411000000302,-0.5625380000001314
2022-08-30 01:15:00,2723.136401,2722.362989,2722.784275,-0.7734120000000075,-0.35212600000022576,-0.5627690000001166
2022-08-30 01:45:00,2723.134652,2722.361705,2722.781021,-0.7729470000003857,-0.35363100000040504,-0.5632890000003954
2022-08-30 02:15:00,2723.134652,2722.363921,2722.782525,-0.7707310000000689,-0.35212700000010955,-0.5614290000000892
2022-08-30 03:00:00,2723.134652,2722.361238,2722.781507,-0.7734140000002299,-0.35314500000004045,-0.5632795000001352
2022-08-30 03:45:00,2723.135811,2722.362874,2722.781791,-0.7729370000001836,-0.3540200000002187,-0.5634785000002012
2022-08-30 04:30:00,2723.137561,2722.36509,2722.783204,-0.7724710000002233,-0.3543570000001637,-0.5634140000001935
2022-08-30 05:15:00,2723.137561,2722.365401,2722.781301,-0.7721599999999853,-0.3562600000000202,-0.5642100000000028
2022-08-30 05:30:00,2723.137561,2722.36392,2722.782808,-0.7736410000002252,-0.35475300000007337,-0.5641970000001493
2022-08-30 05:45:00,2723.136401,2722.36424,2722.781854,-0.7721610000003238,-0.3545470000003661,-0.563354000000345
2022-08-30 06:00:00,2723.13932,2722.36599,2722.78063,-0.7733300000004419,-0.35869000000002416,-0.566010000000233
2022-08-30 06:15:00,2723.136401,2722.363774,2722.782872,-0.7726270000002842,-0.35352899999998044,-0.5630780000001323
2022-08-30 06:30:00,2723.13815,2722.365524,2722.783055,-0.7726260000004004,-0.35509500000034677,-0.5638605000003736
2022-08-30 07:00:00,2723.135821,2722.363027,2722.779371,-0.7727939999999762,-0.3564499999997679,-0.5646219999998721
2022-08-30 07:30:00,2723.134652,2722.362603,2722.780684,-0.7720490000001519,-0.35396800000035,-0.5630085000002509
2022-08-30 07:45:00,2723.136401,2722.361545,2722.781111,-0.7748559999999998,-0.3552900000004229,-0.5650730000002113
2022-08-30 08:15:00,2723.135231,2722.36259,2722.779207,-0.7726410000000214,-0.3560240000001613,-0.5643325000000914
2022-08-30 09:15:00,2723.135231,2722.362321,2722.778191,-0.7729100000001381,-0.35704000000032465,-0.5649750000002314
2022-08-30 09:30:00,2723.133482,2722.361855,2722.779887,-0.7716270000000804,-0.3535950000000412,-0.5626110000000608
2022-08-30 10:00:00,2723.137561,2722.363025,2722.780377,-0.7745359999998982,-0.3571839999999611,-0.5658599999999296
2022-08-30 10:45:00,2723.132902,2722.361275,2722.78004,-0.7716269999996257,-0.3528619999997318,-0.5622444999996787
2022-08-30 11:00:00,2723.131733,2722.359639,2722.77887,-0.7720940000003793,-0.3528630000000703,-0.5624785000002248
2022-08-30 11:15:00,2723.131733,2722.35882,2722.777403,-0.7729130000002442,-0.35433000000011816,-0.5636215000001812
2022-08-30 12:15:00,2723.131733,2722.357888,2722.776723,-0.7738450000001649,-0.3550100000002203,-0.5644275000001926
2022-08-30 12:30:00,2723.132902,2722.359326,2722.778141,-0.7735760000000482,-0.3547610000000532,-0.5641685000000507
2022-08-30 12:45:00,2723.131153,2722.358042,2722.776674,-0.7731109999999717,-0.3544789999996283,-0.5637949999998
2022-08-30 13:00:00,2723.134072,2722.360962,2722.779104,-0.7731099999996331,-0.35496799999964423,-0.5640389999996387
2022-08-30 13:15:00,2723.131733,2722.358354,2722.775167,-0.7733790000002045,-0.3565660000003845,-0.5649725000002945
2022-08-30 13:30:00,2723.132902,2722.359058,2722.776863,-0.7738439999998263,-0.3560389999997824,-0.5649414999998044
2022-08-30 13:45:00,2723.132902,2722.358055,2722.775847,-0.7748469999996814,-0.3570549999999457,-0.5659509999998136
2022-08-30 14:00:00,2723.129403,2722.356305,2722.77444,-0.7730980000001182,-0.35496299999977055,-0.5640304999999444
2022-08-30 14:30:00,2723.129403,2722.357505,2722.773953,-0.7718979999999647,-0.3554500000000189,-0.5636739999999918
2022-08-30 15:00:00,2723.129983,2722.360272,2722.775703,-0.7697109999999157,-0.354280000000017,-0.5619954999999663
2022-08-30 15:15:00,2723.129393,2722.358666,2722.77496,-0.770727000000079,-0.3544329999999718,-0.5625800000000254
2022-08-30 15:30:00,2723.131143,2722.360416,2722.775693,-0.770727000000079,-0.3554500000000189,-0.563088500000049
2022-08-30 15:45:00,2723.131143,2722.362168,2722.778407,-0.7689749999999549,-0.35273600000027727,-0.5608555000001161
2022-08-30 16:00:00,2723.128234,2722.359248,2722.774132,-0.7689859999995861,-0.3541019999997843,-0.5615439999996852
2022-08-30 16:15:00,2723.128234,2722.360729,2722.773453,-0.7675049999998009,-0.3547810000000027,-0.5611429999999018
2022-08-30 16:30:00,2723.127654,2722.360418,2722.775639,-0.7672359999996843,-0.3520149999999376,-0.5596254999998109
2022-08-30 16:45:00,2723.132322,2722.361589,2722.775307,-0.7707329999998365,-0.3570150000000467,-0.5638739999999416
2022-08-30 17:15:00,2723.129403,2722.363101,2722.775153,-0.766301999999996,-0.3542499999998654,-0.5602759999999307
2022-08-30 18:00:00,2723.132312,2722.362636,2722.774622,-0.7696760000003451,-0.3576900000002752,-0.5636830000003101
2022-08-30 18:15:00,2723.129983,2722.362482,2722.773736,-0.767500999999811,-0.356246999999712,-0.5618739999997615
2022-08-30 18:30:00,2723.128234,2722.360886,2722.773889,-0.7673479999998563,-0.35434499999973923,-0.5608464999997977
2022-08-30 19:15:00,2723.132902,2722.362959,2722.774969,-0.7699429999997847,-0.35793299999977535,-0.56393799999978
2022-08-30 19:30:00,2723.131143,2722.361903,2722.77613,-0.7692400000000816,-0.3550129999998717,-0.5621264999999767
2022-08-30 19:45:00,2723.131153,2722.360277,2722.775703,-0.7708759999995891,-0.3554500000000189,-0.563162999999804
2022-08-30 20:00:00,2723.129983,2722.361324,2722.775976,-0.7686589999998432,-0.3540069999999105,-0.5613329999998768
2022-08-30 20:15:00,2723.131733,2722.363259,2722.775693,-0.7684739999999692,-0.3560400000001209,-0.5622570000000451
2022-08-30 20:30:00,2723.135231,2722.364543,2722.779193,-0.7706880000000638,-0.35603800000035335,-0.5633630000002086
2022-08-30 20:45:00,2723.132902,2722.362793,2722.774959,-0.7701090000000477,-0.3579429999999775,-0.5640260000000126
2022-08-30 21:00:00,2723.132902,2722.361043,2722.7772,-0.7718589999999494,-0.3557019999998374,-0.5637804999998934
2022-08-30 21:15:00,2723.133482,2722.361157,2722.777443,-0.7723250000003645,-0.35603900000023714,-0.5641820000003008
2022-08-30 21:30:00,2723.132892,2722.359873,2722.776183,-0.773019000000204,-0.35670900000013717,-0.5648640000001706
2022-08-30 21:45:00,2723.133482,2722.362794,2722.776917,-0.7706880000000638,-0.356565000000046,-0.5636265000000549
2022-08-30 22:00:00,2723.134642,2722.360578,2722.777403,-0.7740640000001804,-0.3572389999999359,-0.5656515000000581
2022-08-30 22:15:00,2723.136391,2722.364544,2722.779153,-0.7718469999999797,-0.3572380000000521,-0.5645425000000159
2022-08-30 22:30:00,2723.131733,2722.361634,2722.777259,-0.7700990000003003,-0.35447400000020934,-0.5622865000002548
2022-08-30 22:45:00,2723.132322,2722.361168,2722.776243,-0.7711540000000241,-0.35607900000013615,-0.5636165000000801
2022-08-31 00:00:00,2723.135231,2722.364866,2722.77901,-0.7703650000003108,-0.356221000000005,-0.5632930000001579
2022-08-31 00:15:00,2723.135231,2722.363384,2722.778483,-0.7718469999999797,-0.3567480000001524,-0.5642975000000661
2022-08-31 01:00:00,2723.136391,2722.362328,2722.778627,-0.7740629999998418,-0.35776399999986097,-0.5659134999998514
2022-08-31 01:15:00,2723.136391,2722.36326,2722.777457,-0.7731309999999212,-0.35893399999986286,-0.566032499999892
2022-08-31 01:30:00,2723.136391,2722.367226,2722.779886,-0.7691650000001573,-0.35650500000019747,-0.5628350000001774
2022-08-31 02:00:00,2723.135231,2722.363374,2722.780223,-0.7718570000001819,-0.355007999999998,-0.5634325000000899
2022-08-31 02:15:00,2723.136391,2722.360846,2722.778533,-0.7755449999999655,-0.357857999999851,-0.5667014999999083
2022-08-31 02:30:00,2723.135231,2722.364856,2722.779207,-0.7703750000000582,-0.3560240000001613,-0.5631995000001098
2022-08-31 04:30:00,2723.136401,2722.36179,2722.780233,-0.7746110000002773,-0.3561680000002525,-0.5653895000002649
2022-08-31 05:45:00,2723.135821,2722.359728,2722.777466,-0.7760929999999462,-0.35835499999984677,-0.5672239999998965
2022-08-31 07:00:00,2723.13815,2722.361789,2722.778933,-0.776361000000179,-0.35921700000017154,-0.5677890000001753
2022-08-31 08:45:00,2723.134652,2722.361041,2722.77577,-0.7736110000000735,-0.35888199999999415,-0.5662465000000338
2022-08-31 09:00:00,2723.135231,2722.361787,2722.77752,-0.7734440000003815,-0.35771100000010847,-0.565577500000245
2022-08-31 10:30:00,2723.134652,2722.359572,2722.775959,-0.7750800000003437,-0.35869300000013027,-0.566886500000237
2022-08-31 10:45:00,2723.132902,2722.358992,2722.775869,-0.7739099999998871,-0.3570329999997739,-0.5654714999998305
2022-08-31 11:00:00,2723.132902,2722.358526,2722.777619,-0.7743759999998474,-0.3552829999998721,-0.5648294999998598
2022-08-31 11:15:00,2723.132902,2722.357509,2722.774699,-0.7753929999998945,-0.3582029999997758,-0.5667979999998352
2022-08-31 11:30:00,2723.134062,2722.361352,2722.777609,-0.7727100000001883,-0.356452999999874,-0.5645815000000312
2022-08-31 11:45:00,2723.131143,2722.358203,2722.777119,-0.7729400000002897,-0.3540240000002086,-0.5634820000002492
2022-08-31 12:15:00,2723.131143,2722.356919,2722.775369,-0.7742240000002312,-0.3557740000001104,-0.5649990000001708
2022-08-31 12:30:00,2723.132892,2722.356453,2722.77522,-0.7764390000002095,-0.35767200000009325,-0.5670555000001514
2022-08-31 12:45:00,2723.128234,2722.354972,2722.77347,-0.7732619999997041,-0.35476399999970454,-0.5640129999997043
2022-08-31 13:00:00,2723.129393,2722.354817,2722.772979,-0.774576000000252,-0.35641400000031354,-0.5654950000002827
2022-08-31 13:15:00,2723.132312,2722.355987,2722.774433,-0.7763250000002699,-0.35787900000013906,-0.5671020000002045
2022-08-31 13:30:00,2723.129403,2722.354984,2722.771666,-0.7744189999998525,-0.35773699999981545,-0.566077999999834
2022-08-31 13:45:00,2723.131153,2722.356734,2722.772251,-0.7744189999998525,-0.35890199999994365,-0.5666604999998981
2022-08-31 14:00:00,2723.129403,2722.3572,2722.773268,-0.7722029999999904,-0.35613499999999476,-0.5641689999999926
2022-08-31 14:15:00,2723.131153,2722.35837,2722.774686,-0.7727829999998903,-0.3564669999996113,-0.5646249999997508
2022-08-31 14:30:00,2723.130573,2722.355605,2722.771469,-0.774967999999717,-0.3591040000001158,-0.5670359999999164
2022-08-31 14:45:00,2723.131153,2722.357199,2722.774195,-0.773953999999776,-0.35695799999984956,-0.5654559999998128
2022-08-31 15:00:00,2723.128234,2722.3535,2722.770542,-0.7747339999996257,-0.357691999999588,-0.5662129999996068
2022-08-31 15:15:00,2723.127644,2722.35291,2722.770968,-0.7747340000000804,-0.35667600000033417,-0.5657050000002073
2022-08-31 15:30:00,2723.131143,2722.356877,2722.773452,-0.7742659999998978,-0.35769100000015897,-0.5659785000000284
2022-08-31 15:45:00,2723.130563,2722.357044,2722.773942,-0.7735190000003058,-0.35662100000035934,-0.5650700000003326
2022-08-31 16:00:00,2723.132312,2722.359261,2722.773456,-0.7730510000001232,-0.35885600000028717,-0.5659535000002052
2022-08-31 16:15:00,2723.128814,2722.355296,2722.771706,-0.7735179999999673,-0.35710800000015297,-0.5653130000000601
2022-08-31 17:00:00,2723.130573,2722.352883,2722.773462,-0.7776899999998932,-0.35711099999980433,-0.5674004999998488
2022-08-31 17:45:00,2723.128824,2722.355297,2722.770488,-0.7735269999998309,-0.35833599999978105,-0.565931499999806
2022-08-31 18:15:00,2723.128824,2722.353081,2722.769471,-0.775742999999693,-0.35935299999982817,-0.5675479999997606
2022-08-31 18:30:00,2723.131733,2722.354832,2722.771652,-0.7769010000001799,-0.3600810000002639,-0.5684910000002219
2022-08-31 19:30:00,2723.130563,2722.353662,2722.772232,-0.7769010000001799,-0.3583310000003621,-0.567616000000271
2022-08-31 19:45:00,2723.130563,2722.355879,2722.771216,-0.7746839999999793,-0.3593470000000707,-0.567015500000025
2022-08-31 20:00:00,2723.132312,2722.357348,2722.772286,-0.7749640000001818,-0.36002600000028906,-0.5674950000002354
2022-08-31 20:15:00,2723.135821,2722.355454,2722.772935,-0.7803669999998419,-0.36288599999988946,-0.5716264999998657
2022-08-31 20:45:00,2723.152146,2722.406231,2722.806381,-0.7459149999999681,-0.3457650000000285,-0.5458399999999983
2022-08-31 21:00:00,2723.143978,2722.424963,2722.826934,-0.7190150000001267,-0.3170439999998962,-0.5180295000000115
2022-08-31 21:15:00,2723.144558,2722.439628,2722.846107,-0.7049299999998766,-0.2984510000001137,-0.5016904999999952
2022-08-31 21:30:00,2723.152136,2722.446193,2722.857126,-0.7059429999999338,-0.2950100000002749,-0.5004765000001044
2022-08-31 21:45:00,2723.153895,2722.497558,2722.875322,-0.656336999999894,-0.27857300000005125,-0.46745499999997264
2022-08-31 22:00:00,2723.157974,2722.573694,2722.903392,-0.5842800000000352,-0.2545820000000276,-0.4194310000000314
2022-08-31 22:15:00,2723.157394,2722.630722,2722.929727,-0.5266719999999623,-0.22766699999965567,-0.377169499999809
2022-08-31 22:30:00,2723.155635,2722.657474,2722.944941,-0.49816099999998187,-0.21069399999987581,-0.35442749999992884
2022-08-31 22:45:00,2723.150386,2722.654978,2722.951759,-0.49540799999977025,-0.1986269999997603,-0.3470174999997653
2022-08-31 23:00:00,2723.150976,2722.638856,2722.955335,-0.512119999999868,-0.1956409999997959,-0.35388049999983195
2022-08-31 23:15:00,2723.150396,2722.620041,2722.955546,-0.5303549999998722,-0.1948499999998603,-0.36260249999986627
2022-08-31 23:30:00,2723.150396,2722.60138,2722.952895,-0.5490159999999378,-0.19750100000010207,-0.3732585000000199
2022-08-31 23:45:00,2723.153315,2722.58657,2722.951699,-0.5667450000000827,-0.20161599999983082,-0.38418049999995674
2022-09-01 00:00:00,2723.152146,2722.565185,2722.948314,-0.5869609999999739,-0.20383199999969293,-0.3953964999998334
2022-09-01 00:15:00,2723.150396,2722.549165,2722.944687,-0.601231000000098,-0.2057089999998425,-0.40346999999997024
2022-09-01 00:30:00,2723.150396,2722.533185,2722.942522,-0.6172110000002249,-0.20787400000017442,-0.41254250000019965
2022-09-01 00:45:00,2723.148647,2722.516387,2722.937051,-0.6322599999998602,-0.2115960000000996,-0.4219279999999799
2022-09-01 01:00:00,2723.146897,2722.501424,2722.932987,-0.6454730000000382,-0.21390999999994165,-0.4296914999999899
2022-09-01 01:15:00,2723.152146,2722.48742,2722.929077,-0.6647259999999733,-0.2230690000001232,-0.44389750000004824
2022-09-01 01:30:00,2723.149806,2722.473112,2722.925837,-0.6766939999997703,-0.22396900000012465,-0.4503314999999475
2022-09-01 01:45:00,2723.146887,2722.464711,2722.919685,-0.6821759999997994,-0.22720200000003388,-0.45468899999991663
2022-09-01 02:00:00,2723.150386,2722.454335,2722.917035,-0.6960509999998976,-0.23335099999985687,-0.46470099999987724
2022-09-01 02:15:00,2723.149806,2722.447955,2722.910907,-0.7018509999998059,-0.23889899999994668,-0.4703749999998763
2022-09-01 02:30:00,2723.146897,2722.439837,2722.907389,-0.7070600000001832,-0.2395080000001144,-0.4732840000001488
2022-09-01 02:45:00,2723.146897,2722.432991,2722.902569,-0.7139059999999517,-0.24432800000022326,-0.4791170000000875
2022-09-01 03:00:00,2723.149816,2722.422853,2722.899015,-0.7269630000000689,-0.2508010000001377,-0.4888820000001033
2022-09-01 03:15:00,2723.148647,2722.420442,2722.895401,-0.728204999999889,-0.2532459999997627,-0.49072549999982584
2022-09-01 03:30:00,2723.149816,2722.423081,2722.895407,-0.7267350000001898,-0.25440900000012334,-0.49057200000015655
2022-09-01 03:45:00,2723.149816,2722.418336,2722.88967,-0.7314799999999195,-0.26014600000007704,-0.4958129999999983
2022-09-01 04:00:00,2723.148067,2722.412154,2722.884266,-0.7359129999999823,-0.2638010000000577,-0.49985700000002
2022-09-01 04:15:00,2723.146897,2722.409037,2722.880122,-0.7378600000001825,-0.2667750000000524,-0.5023175000001174
2022-09-01 04:30:00,2723.149816,2722.404771,2722.879789,-0.7450450000001183,-0.27002700000002733,-0.5075360000000728
2022-09-01 04:45:00,2723.149816,2722.401623,2722.876082,-0.7481929999999011,-0.2737339999998767,-0.5109634999998889
2022-09-01 05:00:00,2723.146897,2722.402203,2722.872481,-0.7446939999999813,-0.27441600000020117,-0.5095550000000912
2022-09-01 05:15:00,2723.149816,2722.40096,2722.873161,-0.7488560000001598,-0.2766550000001189,-0.5127555000001394
2022-09-01 05:30:00,2723.146897,2722.392635,2722.868347,-0.754261999999926,-0.27854999999999563,-0.5164059999999608
2022-09-01 05:45:00,2723.146897,2722.391237,2722.864356,-0.7556600000002618,-0.28254100000003746,-0.5191005000001496
2022-09-01 06:00:00,2723.145148,2722.392322,2722.862116,-0.7528259999999136,-0.28303200000027573,-0.5179290000000947
2022-09-01 06:15:00,2723.146897,2722.389908,2722.861967,-0.7569889999999759,-0.2849300000002586,-0.5209595000001173
2022-09-01 06:30:00,2723.143399,2722.388624,2722.859146,-0.7547749999998814,-0.28425300000026255,-0.519514000000072
2022-09-01 06:45:00,2723.146897,2722.387691,2722.858696,-0.7592060000001766,-0.28820100000029925,-0.5237035000002379
2022-09-01 07:00:00,2723.146897,2722.382766,2722.855776,-0.7641309999999066,-0.2911210000002029,-0.5276260000000548
2022-09-01 07:15:00,2723.146897,2722.382371,2722.856792,-0.7645259999999325,-0.2901050000000396,-0.5273154999999861
2022-09-01 07:30:00,2723.146887,2722.38178,2722.852364,-0.7651069999997162,-0.2945230000000265,-0.5298149999998714
2022-09-01 07:45:00,2723.143978,2722.376345,2722.848131,-0.7676329999999325,-0.29584699999986697,-0.5317399999998997
2022-09-01 08:00:00,2723.142229,2722.375184,2722.8459,-0.7670450000000528,-0.29632900000024165,-0.5316870000001472
2022-09-01 08:15:00,2723.13873,2722.369001,2722.841914,-0.7697290000000976,-0.2968160000000353,-0.5332725000000664
2022-09-01 08:30:00,2723.13931,2722.367831,2722.838597,-0.7714789999999994,-0.30071300000008705,-0.5360960000000432
2022-09-01 08:45:00,2723.137561,2722.36635,2722.838107,-0.7712110000002212,-0.2994539999999688,-0.535332500000095
2022-09-01 09:00:00,2723.136401,2722.363667,2722.836149,-0.7727340000001277,-0.3002520000000004,-0.5364930000000641
2022-09-01 09:30:00,2723.136981,2722.359388,2722.833819,-0.7775930000002518,-0.3031620000001567,-0.5403775000002042
2022-09-01 09:45:00,2723.136981,2722.36087,2722.832316,-0.7761110000001281,-0.30466500000011365,-0.5403880000001209
2022-09-01 10:00:00,2723.131153,2722.352035,2722.827645,-0.7791179999999258,-0.30350799999996525,-0.5413129999999455
2022-09-01 10:15:00,2723.132312,2722.353517,2722.825499,-0.7787950000001729,-0.30681300000014744,-0.5428040000001602
2022-09-01 10:30:00,2723.135811,2722.353785,2722.828999,-0.7820260000003145,-0.30681200000026365,-0.5444190000002891
2022-09-01 10:45:00,2723.134072,2722.354955,2722.827438,-0.779117000000042,-0.30663400000003094,-0.5428755000000365
2022-09-01 11:00:00,2723.132322,2722.353952,2722.825688,-0.7783699999999953,-0.30663400000003094,-0.5425020000000131
2022-09-01 11:15:00,2723.136981,2722.358612,2722.829674,-0.7783690000001116,-0.3073070000000371,-0.5428380000000743
2022-09-01 11:30:00,2723.13873,2722.3571,2722.829135,-0.7816299999999501,-0.30959500000017215,-0.5456125000000611
2022-09-01 11:45:00,2723.141649,2722.359313,2722.832056,-0.782336000000214,-0.3095929999999498,-0.5459645000000819
2022-09-01 12:00:00,2723.1399,2722.357057,2722.831565,-0.7828429999999571,-0.3083350000001701,-0.5455890000000636
2022-09-01 12:30:00,2723.13873,2722.353373,2722.829665,-0.7853570000002037,-0.30906499999991865,-0.5472110000000612
2022-09-01 12:45:00,2723.14048,2722.356591,2722.830398,-0.7838889999998173,-0.3100819999999658,-0.5469854999998915
2022-09-01 13:15:00,2723.13989,2722.354375,2722.826681,-0.7855150000000322,-0.31320899999991525,-0.5493619999999737
2022-09-01 13:30:00,2723.136981,2722.350677,2722.825948,-0.7863040000002002,-0.31103299999995215,-0.5486685000000762
2022-09-01 13:45:00,2723.1399,2722.353598,2722.827365,-0.7863019999999779,-0.3125350000000253,-0.5494185000000016
2022-09-01 14:00:00,2723.136401,2722.350097,2722.824207,-0.7863040000002002,-0.31219400000009045,-0.5492490000001453
2022-09-01 14:15:00,2723.13815,2722.350367,2722.82575,-0.7877830000002177,-0.3124000000002525,-0.5500915000002351
2022-09-01 14:30:00,2723.13873,2722.352894,2722.826484,-0.7858360000000175,-0.31224599999995917,-0.5490409999999883
2022-09-01 14:45:00,2723.13873,2722.350678,2722.822493,-0.7880520000003344,-0.316237000000001,-0.5521445000001677
2022-09-01 15:00:00,2723.1399,2722.351848,2722.824194,-0.7880520000003344,-0.31570600000031845,-0.5518790000003264
2022-09-01 15:15:00,2723.13815,2722.350845,2722.821274,-0.7873050000002877,-0.31687600000032035,-0.552090500000304
2022-09-01 15:30:00,2723.13815,2722.348629,2722.822007,-0.7895210000001498,-0.31614300000001094,-0.5528320000000804
2022-09-01 15:45:00,2723.13815,2722.350846,2722.82054,-0.7873040000004039,-0.3176100000000588,-0.5524570000002313
2022-09-01 16:00:00,2723.13814,2722.350525,2722.82053,-0.7876150000001871,-0.3176100000000588,-0.552612500000123
2022-09-01 16:15:00,2723.136391,2722.348309,2722.818294,-0.7880820000000313,-0.3180969999998524,-0.5530894999999418
2022-09-01 17:15:00,2723.134642,2722.34831,2722.815662,-0.7863320000001295,-0.3189800000000105,-0.55265600000007
2022-09-01 17:30:00,2723.13814,2722.352276,2722.817412,-0.7858639999999468,-0.3207280000001447,-0.5532960000000458
2022-09-01 17:45:00,2723.13931,2722.350214,2722.817075,-0.7890959999999723,-0.32223500000009153,-0.5556655000000319
2022-09-01 18:00:00,2723.136391,2722.352743,2722.814155,-0.7836480000000847,-0.3222359999999753,-0.55294200000003
2022-09-01 18:15:00,2723.136401,2722.352163,2722.814105,-0.7842380000001867,-0.3222960000002786,-0.5532670000002327
2022-09-01 18:45:00,2723.137561,2722.349947,2722.814105,-0.7876139999998486,-0.32345600000007835,-0.5555349999999635
2022-09-01 19:30:00,2723.137561,2722.350217,2722.810942,-0.7873439999998482,-0.32661899999993693,-0.5569814999998925
2022-09-01 19:45:00,2723.134642,2722.350995,2722.811238,-0.7836470000002009,-0.32340400000020963,-0.5535255000002053
2022-09-01 20:00:00,2723.134642,2722.35201,2722.812202,-0.7826319999999214,-0.322439999999915,-0.5525359999999182
2022-09-01 20:30:00,2723.137561,2722.355199,2722.811954,-0.782361999999921,-0.32560700000021825,-0.5539845000000696
2022-09-01 20:45:00,2723.137561,2722.353295,2722.813178,-0.784266000000116,-0.3243830000001253,-0.5543245000001207
2022-09-01 21:00:00,2723.13815,2722.349607,2722.810268,-0.7885430000001179,-0.3278820000000451,-0.5582125000000815
2022-09-01 21:15:00,2723.13815,2722.351075,2722.811284,-0.7870750000001863,-0.3268660000003365,-0.5569705000002614
2022-09-01 21:30:00,2723.13932,2722.354774,2722.813182,-0.7845460000003186,-0.32613800000035553,-0.5553420000003371
2022-09-01 21:45:00,2723.1399,2722.349906,2722.810848,-0.7899940000002061,-0.329052000000047,-0.5595230000001266
2022-09-01 22:15:00,2723.136401,2722.352588,2722.812012,-0.7838130000000092,-0.32438900000033755,-0.5541010000001734
2022-09-01 22:45:00,2723.13815,2722.350371,2722.809717,-0.7877790000002278,-0.32843300000013187,-0.5581060000001798
2022-09-01 23:00:00,2723.13815,2722.351387,2722.810208,-0.7867630000000645,-0.32794200000034834,-0.5573525000002064
2022-09-01 23:30:00,2723.13815,2722.351387,2722.811958,-0.7867630000000645,-0.32619200000044657,-0.5564775000002555
2022-09-01 23:45:00,2723.13873,2722.349751,2722.810788,-0.7889789999999266,-0.32794200000034834,-0.5584605000001375
2022-09-02 00:30:00,2723.13989,2722.351967,2722.809771,-0.7879229999998643,-0.3301189999997405,-0.5590209999998024
2022-09-02 01:30:00,2723.13989,2722.350683,2722.809037,-0.7892069999998057,-0.3308529999999337,-0.5600299999998697
2022-09-02 01:45:00,2723.136981,2722.351147,2722.808547,-0.7858340000002499,-0.32843400000001566,-0.5571340000001328
2022-09-02 03:15:00,2723.13989,2722.346517,2722.811071,-0.7933729999999741,-0.32881899999983943,-0.5610959999999068
2022-09-02 03:45:00,2723.13989,2722.348464,2722.808304,-0.7914259999997739,-0.33158599999978833,-0.5615059999997811
2022-09-02 04:30:00,2723.13989,2722.352896,2722.809564,-0.7869940000000497,-0.3303259999997863,-0.558659999999918
2022-09-02 04:45:00,2723.136981,2722.347999,2722.807813,-0.7889820000000327,-0.32916800000020885,-0.5590750000001208
2022-09-02 05:30:00,2723.141059,2722.35061,2722.810734,-0.7904490000000806,-0.3303249999999025,-0.5603869999999915
2022-09-02 06:15:00,2723.13989,2722.349904,2722.808641,-0.7899859999997716,-0.33124899999984336,-0.5606174999998075
2022-09-02 06:30:00,2723.13814,2722.35037,2722.806891,-0.7877699999999095,-0.33124899999984336,-0.5595094999998764
2022-09-02 07:00:00,2723.14048,2722.350692,2722.807144,-0.7897880000000441,-0.33333600000014485,-0.5615620000000945
2022-09-02 07:30:00,2723.13873,2722.35069,2722.80763,-0.7880399999999099,-0.33110000000033324,-0.5595700000001216
2022-09-02 07:45:00,2723.13815,2722.348475,2722.806897,-0.7896750000004431,-0.331253000000288,-0.5604640000003656
2022-09-02 08:15:00,2723.136981,2722.346259,2722.805393,-0.7907220000001871,-0.33158800000001065,-0.5611550000000989
2022-09-02 09:00:00,2723.13873,2722.350989,2722.804709,-0.7877410000000964,-0.3340210000001207,-0.5608810000001085
2022-09-02 09:15:00,2723.136981,2722.347303,2722.80349,-0.7896780000000945,-0.33349100000032195,-0.5615845000002082
2022-09-02 09:30:00,2723.1399,2722.350223,2722.80641,-0.7896770000002107,-0.3334899999999834,-0.561583500000097
2022-09-02 09:45:00,2723.136981,2722.348772,2722.802473,-0.788209000000279,-0.3345079999999143,-0.5613585000000967
2022-09-02 10:00:00,2723.136981,2722.349238,2722.804656,-0.7877430000003187,-0.33232500000030996,-0.5600340000003143
2022-09-02 10:15:00,2723.14048,2722.350988,2722.803976,-0.789491999999882,-0.3365039999998771,-0.5629979999998795
2022-09-02 10:30:00,2723.135231,2722.351454,2722.802959,-0.7837770000001001,-0.3322720000001027,-0.5580245000001014
2022-09-02 10:45:00,2723.136981,2722.351185,2722.802906,-0.7857960000001185,-0.33407500000021173,-0.5599355000001651
2022-09-02 11:00:00,2723.133482,2722.349703,2722.801739,-0.7837790000003224,-0.33174300000018775,-0.5577610000002551
2022-09-02 12:15:00,2723.134062,2722.34232,2722.800515,-0.7917419999998856,-0.33354700000018056,-0.5626445000000331
2022-09-02 12:30:00,2723.130563,2722.344267,2722.798239,-0.7862960000002204,-0.3323239999999714,-0.5593100000000959
2022-09-02 12:45:00,2723.133482,2722.349404,2722.800953,-0.7840780000001359,-0.33252900000024965,-0.5583035000001928
2022-09-02 13:00:00,2723.133482,2722.349713,2722.801685,-0.7837690000001203,-0.3317970000002788,-0.5577830000001995
2022-09-02 13:15:00,2723.133482,2722.347496,2722.799256,-0.7859860000003209,-0.3342260000003989,-0.5601060000003599
2022-09-02 13:45:00,2723.135231,2722.344971,2722.799935,-0.7902600000002167,-0.33529600000019855,-0.5627780000002076
2022-09-02 14:30:00,2723.128824,2722.345747,2722.797979,-0.7830770000000484,-0.33084499999995387,-0.5569610000000011
2022-09-02 14:45:00,2723.133482,2722.346016,2722.796812,-0.7874660000002223,-0.33667000000014013,-0.5620680000001812
2022-09-02 15:00:00,2723.134072,2722.346015,2722.799296,-0.7880569999997533,-0.33477599999969243,-0.5614164999997229
2022-09-02 16:00:00,2723.133482,2722.347498,2722.798226,-0.7859840000000986,-0.33525600000029954,-0.5606200000001991
2022-09-02 16:15:00,2723.132312,2722.348235,2722.798558,-0.7840770000002522,-0.33375400000022637,-0.5589155000002393
2022-09-02 16:45:00,2723.134062,2722.350295,2722.796376,-0.783766999999898,-0.33768600000030347,-0.5607265000001007
2022-09-02 17:00:00,2723.130563,2722.344578,2722.793892,-0.7859849999999824,-0.3366710000000239,-0.5613280000000032
2022-09-02 17:15:00,2723.130563,2722.344579,2722.794081,-0.7859840000000986,-0.33648200000016004,-0.5612330000001293
2022-09-02 17:30:00,2723.133482,2722.348431,2722.796078,-0.7850510000002942,-0.3374040000003333,-0.5612275000003137
2022-09-02 17:45:00,2723.132312,2722.344114,2722.794908,-0.7881980000001931,-0.3374040000003333,-0.5628010000002632
2022-09-02 18:15:00,2723.135811,2722.348547,2722.796659,-0.7872640000000501,-0.3391520000000128,-0.5632080000000315
2022-09-02 19:00:00,2723.132312,2722.354914,2722.795925,-0.7773980000001757,-0.3363870000002862,-0.5568925000002309
2022-09-02 19:30:00,2723.134062,2722.354915,2722.794855,-0.7791470000001937,-0.3392069999999876,-0.5591770000000906
2022-09-02 19:45:00,2723.132312,2722.352702,2722.794418,-0.7796100000000479,-0.33789400000023306,-0.5587520000001405
2022-09-02 20:00:00,2723.132312,2722.355227,2722.794904,-0.7770850000001701,-0.3374080000003232,-0.5572465000002467
2022-09-02 20:15:00,2723.132312,2722.351418,2722.792871,-0.7808939999999893,-0.33944100000007893,-0.5601675000000341
2022-09-02 20:30:00,2723.132902,2722.351542,2722.793407,-0.7813599999999497,-0.3394949999997152,-0.5604274999998324
2022-09-02 20:45:00,2723.134072,2722.348592,2722.793898,-0.7854800000000068,-0.3401739999999336,-0.5628269999999702
2022-09-02 21:00:00,2723.132322,2722.350342,2722.796138,-0.7819799999997485,-0.33618399999977555,-0.559081999999762
2022-09-02 21:15:00,2723.136401,2722.352828,2722.797392,-0.7835730000001604,-0.33900900000026013,-0.5612910000002103
2022-09-02 21:30:00,2723.135811,2722.354762,2722.797145,-0.7810490000001664,-0.33866600000010294,-0.5598575000001347
2022-09-02 22:00:00,2723.136391,2722.352858,2722.796465,-0.7835329999998066,-0.339926000000105,-0.5617294999999558
2022-09-02 23:00:00,2723.134652,2722.355395,2722.795796,-0.7792570000001433,-0.33885600000030536,-0.5590565000002243
2022-09-03 00:00:00,2723.136401,2722.351232,2722.798032,-0.7851690000002236,-0.338369000000057,-0.5617690000001403
2022-09-03 00:15:00,2723.134652,2722.350963,2722.797298,-0.7836890000003223,-0.3373540000002322,-0.5605215000002772
2022-09-03 00:30:00,2723.137571,2722.352868,2722.799048,-0.7847030000002633,-0.3385230000003503,-0.5616130000003068
2022-09-03 01:00:00,2723.134652,2722.35095,2722.797635,-0.7837020000001758,-0.3370170000002872,-0.5603595000002315
2022-09-03 01:15:00,2723.13815,2722.352982,2722.799385,-0.7851680000003398,-0.3387650000004214,-0.5619665000003806
2022-09-03 01:30:00,2723.136401,2722.351697,2722.799102,-0.7847040000001471,-0.33729900000025737,-0.5610015000002022
2022-09-03 01:45:00,2723.134652,2722.351231,2722.798369,-0.7834210000000894,-0.33628300000009403,-0.5598520000000917
2022-09-03 02:30:00,2723.134652,2722.3492,2722.795602,-0.7854520000000775,-0.33905000000004293,-0.5622510000000602
2022-09-03 03:30:00,2723.136401,2722.349479,2722.798315,-0.7869220000002315,-0.33808600000020306,-0.5625040000002173
2022-09-03 04:00:00,2723.137561,2722.353631,2722.797351,-0.7839300000000549,-0.3402099999998427,-0.5620699999999488
2022-09-03 04:15:00,2723.136981,2722.353476,2722.796862,-0.7835050000003321,-0.34011899999995876,-0.5618120000001454
2022-09-03 05:45:00,2723.136391,2722.355692,2722.797198,-0.7806989999999132,-0.3391929999997956,-0.5599459999998544
2022-09-03 06:15:00,2723.134642,2722.351259,2722.795938,-0.783382999999958,-0.3387039999997796,-0.5610434999998688
2022-09-03 06:45:00,2723.13814,2722.352543,2722.799102,-0.7855970000000525,-0.3390380000000732,-0.5623175000000629
2022-09-03 07:00:00,2723.13931,2722.353475,2722.796618,-0.7858350000001337,-0.3426920000001701,-0.5642635000001519
2022-09-03 07:15:00,2723.13814,2722.354915,2722.798855,-0.7832250000001295,-0.33928500000001804,-0.5612550000000738
2022-09-03 07:30:00,2723.1399,2722.35329,2722.797694,-0.7866100000001097,-0.34220600000026025,-0.564408000000185
2022-09-03 07:45:00,2723.136981,2722.35333,2722.796961,-0.7836510000001908,-0.340020000000095,-0.5618355000001429
2022-09-03 08:00:00,2723.136401,2722.349789,2722.795458,-0.786612000000332,-0.3409430000001521,-0.5637775000002421
2022-09-03 08:45:00,2723.136401,2722.35127,2722.796624,-0.7851310000000922,-0.3397770000001401,-0.5624540000001161
2022-09-03 09:00:00,2723.135231,2722.348153,2722.795454,-0.7870780000002924,-0.3397770000001401,-0.5634275000002162
2022-09-03 09:15:00,2723.1399,2722.352554,2722.797357,-0.7873460000000705,-0.3425430000002052,-0.5649445000001379
2022-09-03 10:00:00,2723.13815,2722.350791,2722.795885,-0.7873590000003787,-0.342265000000225,-0.5648120000003019
2022-09-03 10:15:00,2723.133482,2722.351568,2722.794188,-0.7819140000001426,-0.3392940000003364,-0.5606040000002395
2022-09-03 10:30:00,2723.135231,2722.350086,2722.793698,-0.7851450000002842,-0.3415330000002541,-0.5633390000002692
2022-09-03 10:45:00,2723.135231,2722.351102,2722.794715,-0.7841290000001209,-0.340516000000207,-0.5623225000001639
2022-09-03 11:00:00,2723.129983,2722.347602,2722.792231,-0.7823809999999867,-0.33775199999990946,-0.5600664999999481
2022-09-03 11:45:00,2723.133482,2722.345965,2722.791067,-0.7875170000002072,-0.34241500000007363,-0.5649660000001404
2022-09-03 12:00:00,2723.131733,2722.347601,2722.792177,-0.784132000000227,-0.339556000000357,-0.561844000000292
2022-09-03 12:15:00,2723.133482,2722.350098,2722.793253,-0.7833840000002965,-0.34022900000036316,-0.5618065000003298
2022-09-03 12:30:00,2723.131733,2722.348348,2722.79297,-0.7833850000001803,-0.3387630000001991,-0.5610740000001897
2022-09-03 12:45:00,2723.132902,2722.349983,2722.79239,-0.7829189999997652,-0.34051199999976234,-0.5617154999997638
2022-09-03 13:00:00,2723.132312,2722.346132,2722.791071,-0.7861800000000585,-0.34124100000008184,-0.5637105000000702
2022-09-03 13:15:00,2723.131733,2722.34582,2722.791751,-0.7859130000001642,-0.3399819999999636,-0.5629475000000639
2022-09-03 13:30:00,2723.131733,2722.348502,2722.793164,-0.7832310000003417,-0.3385690000000068,-0.5609000000001743
2022-09-03 13:45:00,2723.136391,2722.349039,2722.793491,-0.787351999999828,-0.3429000000000997,-0.5651259999999638
2022-09-03 14:00:00,2723.132892,2722.349505,2722.792911,-0.7833869999999479,-0.3399810000000798,-0.5616840000000138
2022-09-03 14:15:00,2723.131733,2722.347755,2722.791007,-0.7839780000003884,-0.3407260000003589,-0.5623520000003737
2022-09-03 15:45:00,2723.134652,2722.345975,2722.791408,-0.788677000000007,-0.34324400000014066,-0.5659605000000738
2022-09-03 16:00:00,2723.131153,2722.346908,2722.790674,-0.784244999999828,-0.34047899999995934,-0.5623619999998937
2022-09-03 16:15:00,2723.133482,2722.348192,2722.79301,-0.7852900000002592,-0.3404720000003181,-0.5628810000002886
2022-09-03 16:30:00,2723.136401,2722.349661,2722.792425,-0.7867400000000089,-0.3439760000001115,-0.5653580000000602
2022-09-03 17:00:00,2723.133482,2722.348957,2722.790521,-0.7845250000000306,-0.34296100000028673,-0.5637430000001586
2022-09-03 17:45:00,2723.133482,2722.348492,2722.792271,-0.7849900000001071,-0.34121100000038496,-0.563100500000246
2022-09-03 18:00:00,2723.136391,2722.350708,2722.791254,-0.7856830000000627,-0.3451369999997951,-0.5654099999999289
2022-09-03 18:15:00,2723.134642,2722.352189,2722.791741,-0.7824529999998049,-0.34290099999998347,-0.5626769999998942
2022-09-03 18:45:00,2723.134642,2722.35219,2722.792474,-0.7824519999999211,-0.3421680000001288,-0.562310000000025
2022-09-03 19:00:00,2723.131733,2722.351496,2722.789564,-0.7802369999999428,-0.3421690000000126,-0.5612029999999777
2022-09-03 19:45:00,2723.135231,2722.35278,2722.791804,-0.7824510000000373,-0.34342700000024706,-0.5629390000001422
2022-09-03 20:15:00,2723.135231,2722.353246,2722.792538,-0.781985000000077,-0.34269300000005387,-0.5623390000000654
2022-09-03 20:30:00,2723.131733,2722.348815,2722.791958,-0.7829180000003362,-0.33977500000037253,-0.5613465000003544
2022-09-03 20:45:00,2723.133482,2722.350326,2722.793554,-0.7831559999999627,-0.3399280000003273,-0.561542000000145
2022-09-03 21:00:00,2723.135231,2722.352203,2722.794725,-0.7830280000002858,-0.34050600000000486,-0.5617670000001453
2022-09-03 21:15:00,2723.132312,2722.353716,2722.793704,-0.7785960000001069,-0.338608000000022,-0.5586020000000644
2022-09-03 22:00:00,2723.135231,2722.35325,2722.79472,-0.7819810000000871,-0.3405110000003333,-0.5612460000002102
2022-09-03 23:00:00,2723.133482,2722.351499,2722.793987,-0.7819830000003094,-0.33949500000016997,-0.5607390000002397
2022-09-03 23:30:00,2723.136401,2722.354729,2722.795211,-0.7816720000000714,-0.3411900000000969,-0.5614310000000842
2022-09-03 23:45:00,2723.136981,2722.353559,2722.794041,-0.7834219999999732,-0.3429399999999987,-0.5631809999999859
2022-09-04 00:30:00,2723.134062,2722.351808,2722.792821,-0.7822540000001936,-0.34124100000008184,-0.5617475000001377
2022-09-04 01:30:00,2723.135231,2722.353444,2722.792484,-0.7817870000003495,-0.3427470000001449,-0.5622670000002472
2022-09-04 02:00:00,2723.13814,2722.358571,2722.794661,-0.7795689999998103,-0.3434790000001158,-0.561523999999963
2022-09-04 03:00:00,2723.136391,2722.356354,2722.795394,-0.780036999999993,-0.3409969999997884,-0.5605169999998907
2022-09-04 03:45:00,2723.13814,2722.359853,2722.796748,-0.7782870000000912,-0.3413919999998143,-0.5598394999999527
2022-09-04 04:00:00,2723.136391,2722.354871,2722.79349,-0.7815200000000004,-0.34290099999998347,-0.562210499999992
2022-09-04 04:15:00,2723.13814,2722.359304,2722.796257,-0.7788359999999557,-0.34188300000005256,-0.5603595000000041
2022-09-04 05:00:00,2723.137561,2722.358257,2722.795677,-0.7793040000001383,-0.34188399999993635,-0.5605940000000373
2022-09-04 06:00:00,2723.137561,2722.358568,2722.794175,-0.7789929999999003,-0.3433860000000095,-0.5611894999999549
2022-09-04 06:15:00,2723.137561,2722.358255,2722.793441,-0.7793059999999059,-0.3441200000002027,-0.5617130000000543
2022-09-04 06:45:00,2723.13931,2722.358835,2722.794458,-0.780475000000024,-0.3448520000001736,-0.5626635000000988
2022-09-04 07:15:00,2723.135231,2722.356619,2722.793287,-0.7786120000000665,-0.3419440000002396,-0.560278000000153
2022-09-04 07:30:00,2723.136391,2722.357863,2722.793004,-0.7785279999998238,-0.3433869999998933,-0.5609574999998586
2022-09-04 07:45:00,2723.136391,2722.357084,2722.79227,-0.7793069999997897,-0.3441210000000865,-0.5617139999999381
2022-09-04 08:00:00,2723.13814,2722.355603,2722.791254,-0.7825370000000476,-0.34688599999981307,-0.5647114999999303
2022-09-04 09:00:00,2723.135231,2722.353697,2722.79052,-0.7815340000001925,-0.3447110000001885,-0.5631225000001905
2022-09-04 09:30:00,2723.136981,2722.355602,2722.791537,-0.7813790000000154,-0.34544400000004316,-0.5634115000000293
2022-09-04 09:45:00,2723.137561,2722.356814,2722.79169,-0.780746999999792,-0.34587099999998827,-0.5633089999998901
2022-09-04 10:00:00,2723.136401,2722.353117,2722.790957,-0.7832840000000942,-0.34544400000004316,-0.5643640000000687
2022-09-04 10:30:00,2723.135821,2722.354753,2722.792371,-0.7810679999997774,-0.34344999999984793,-0.5622589999998127
2022-09-04 10:45:00,2723.132902,2722.353002,2722.791696,-0.7798999999999978,-0.3412060000000565,-0.5605530000000272
2022-09-04 11:00:00,2723.131733,2722.350363,2722.788776,-0.7813700000001518,-0.34295700000029683,-0.5621635000002243
2022-09-04 11:15:00,2723.134652,2722.351067,2722.790963,-0.7835850000001301,-0.3436890000002677,-0.5636370000001989
2022-09-04 11:30:00,2723.132902,2722.352268,2722.790189,-0.7806339999997363,-0.3427130000000034,-0.5616734999998698
2022-09-04 11:45:00,2723.132312,2722.349306,2722.790616,-0.783006000000114,-0.34169599999995626,-0.5623510000000351
2022-09-04 12:15:00,2723.134642,2722.351792,2722.7912,-0.7828500000000531,-0.34344199999986813,-0.5631459999999606
2022-09-04 12:30:00,2723.134062,2722.349461,2722.79013,-0.7846010000002934,-0.3439320000002226,-0.564266500000258
2022-09-04 12:45:00,2723.132312,2722.346242,2722.787983,-0.7860700000001088,-0.3443290000000161,-0.5651995000000625
2022-09-04 13:00:00,2723.134062,2722.345776,2722.787209,-0.788285999999971,-0.34685300000001007,-0.5675694999999905
2022-09-04 13:15:00,2723.132902,2722.347992,2722.78896,-0.7849099999998543,-0.34394199999997,-0.5644259999999122
2022-09-04 13:30:00,2723.130573,2722.34768,2722.787893,-0.7828930000000582,-0.34267999999974563,-0.5627864999999019
2022-09-04 13:45:00,2723.134072,2722.347523,2722.788236,-0.7865489999999227,-0.34583599999996295,-0.5661924999999428
2022-09-04 14:00:00,2723.134072,2722.347989,2722.78897,-0.7860829999999623,-0.34510199999976976,-0.565592499999866
2022-09-04 14:15:00,2723.134072,2722.346974,2722.787219,-0.7870979999997871,-0.34685300000001007,-0.5669754999998986
2022-09-04 14:30:00,2723.134062,2722.348134,2722.788226,-0.78592800000024,-0.34583599999996295,-0.5658820000001015
2022-09-04 15:00:00,2723.131143,2722.346976,2722.786719,-0.7841670000002523,-0.34442399999988993,-0.5642955000000711
2022-09-04 15:30:00,2723.134062,2722.348613,2722.78774,-0.7854489999999714,-0.3463219999998728,-0.5658854999999221
2022-09-04 15:45:00,2723.135811,2722.348882,2722.789207,-0.7869290000003275,-0.3466040000002977,-0.5667665000003126
2022-09-04 16:00:00,2723.130563,2722.347132,2722.786723,-0.7834310000002915,-0.34384000000000015,-0.5636355000001458
2022-09-04 16:30:00,2723.132322,2722.348303,2722.787403,-0.7840189999997165,-0.3449190000001181,-0.5644689999999173
2022-09-04 16:45:00,2723.133482,2722.347837,2722.78667,-0.7856450000003861,-0.34681200000022727,-0.5662285000003067
2022-09-04 17:15:00,2723.131733,2722.345072,2722.784919,-0.7866610000000946,-0.34681399999999485,-0.5667375000000447
2022-09-04 17:30:00,2723.131733,2722.346553,2722.785936,-0.7851800000003095,-0.34579699999994773,-0.5654885000001286
2022-09-04 17:45:00,2723.133482,2722.346399,2722.786729,-0.7870830000001661,-0.34675300000026255,-0.5669180000002143
2022-09-04 18:00:00,2723.135231,2722.350832,2722.787255,-0.7843990000001213,-0.34797600000001694,-0.5661875000000691
2022-09-04 18:15:00,2723.132322,2722.348884,2722.787746,-0.7834379999999328,-0.3445759999999609,-0.5640069999999469
2022-09-04 19:00:00,2723.135231,2722.348762,2722.787399,-0.7864690000001247,-0.3478320000003805,-0.5671505000002526
2022-09-04 20:15:00,2723.135231,2722.3513,2722.787989,-0.7839310000003934,-0.3472420000002785,-0.565586500000336
2022-09-04 20:30:00,2723.133482,2722.348069,2722.786239,-0.7854130000000623,-0.3472430000001623,-0.5663280000001123
2022-09-04 21:45:00,2723.131733,2722.347334,2722.786386,-0.7843990000001213,-0.345346999999947,-0.5648730000000342
2022-09-04 22:30:00,2723.131733,2722.348774,2722.786728,-0.782959000000119,-0.34500500000012835,-0.5639820000001237
2022-09-04 23:15:00,2723.133482,2722.349086,2722.785995,-0.7843960000000152,-0.347487000000001,-0.5659415000000081
2022-09-04 23:30:00,2723.136981,2722.352585,2722.788478,-0.7843960000000152,-0.3485030000001643,-0.5664495000000898
2022-09-04 23:45:00,2723.136391,2722.354211,2722.789149,-0.7821800000001531,-0.34724199999982375,-0.5647109999999884
2022-09-05 00:00:00,2723.135231,2722.350836,2722.786238,-0.7843950000001314,-0.34899300000006406,-0.5666940000000977
2022-09-05 00:30:00,2723.136981,2722.349354,2722.787462,-0.7876270000001568,-0.34951900000032765,-0.5685730000002422
2022-09-05 01:00:00,2723.136391,2722.351995,2722.789639,-0.7843960000000152,-0.346751999999924,-0.5655739999999696
2022-09-05 01:45:00,2723.136391,2722.352462,2722.788131,-0.7839290000001711,-0.3482600000002094,-0.5660945000001902
2022-09-05 02:15:00,2723.135231,2722.35098,2722.786718,-0.7842510000000402,-0.34851300000036645,-0.5663820000002033
2022-09-05 02:30:00,2723.136981,2722.356427,2722.788185,-0.7805539999999382,-0.3487960000002204,-0.5646750000000793
2022-09-05 04:00:00,2723.135231,2722.35366,2722.785702,-0.7815709999999854,-0.34952900000007503,-0.5655500000000302
2022-09-05 04:30:00,2723.135231,2722.357359,2722.787645,-0.7778720000001158,-0.3475860000003195,-0.5627290000002176
2022-09-05 04:45:00,2723.13815,2722.357048,2722.788815,-0.7811020000003737,-0.34933500000033746,-0.5652185000003556
2022-09-05 05:00:00,2723.13815,2722.359263,2722.789549,-0.7788870000003953,-0.34860100000014427,-0.5637440000002698
2022-09-05 05:30:00,2723.136401,2722.35308,2722.787799,-0.7833210000003419,-0.34860200000002806,-0.565961500000185
2022-09-05 06:30:00,2723.136401,2722.349238,2722.787402,-0.7871630000004188,-0.3489990000002763,-0.5680810000003476
2022-09-05 06:45:00,2723.136401,2722.353388,2722.787065,-0.78301300000021,-0.34933600000022125,-0.5661745000002156
2022-09-05 07:30:00,2723.13989,2722.355875,2722.789148,-0.7840149999997266,-0.35074200000008204,-0.5673784999999043
2022-09-05 07:45:00,2723.136981,2722.351909,2722.787398,-0.7850720000001274,-0.34958300000016607,-0.5673275000001468
2022-09-05 08:00:00,2723.13814,2722.351908,2722.787929,-0.7862319999999272,-0.35021099999994476,-0.568221499999936
2022-09-05 08:15:00,2723.136981,2722.350158,2722.785895,-0.786822999999913,-0.351086000000123,-0.568954500000018
2022-09-05 08:45:00,2723.136981,2722.351908,2722.788415,-0.7850730000000112,-0.34856600000011895,-0.5668195000000651
2022-09-05 09:30:00,2723.136391,2722.347941,2722.785162,-0.7884500000000116,-0.35122899999987567,-0.5698394999999437
2022-09-05 11:00:00,2723.133482,2722.345725,2722.783695,-0.787757000000056,-0.34978700000010576,-0.5687720000000809
2022-09-05 11:30:00,2723.129983,2722.345187,2722.782678,-0.7847959999999148,-0.3473049999997784,-0.5660504999998466
2022-09-05 12:15:00,2723.131733,2722.34619,2722.782188,-0.7855429999999615,-0.34954500000003463,-0.567543999999998
2022-09-05 12:30:00,2723.131733,2722.34678,2722.782921,-0.7849530000003142,-0.34881200000018,-0.5668825000002471
2022-09-05 12:45:00,2723.129983,2722.34328,2722.780437,-0.7867029999997612,-0.3495459999999184,-0.5681244999998398
2022-09-05 13:15:00,2723.133482,2722.34795,2722.781454,-0.7855320000003303,-0.3520280000002458,-0.568780000000288
2022-09-05 13:45:00,2723.128234,2722.34445,2722.779217,-0.7837839999997414,-0.34901700000000346,-0.5664004999998724
2022-09-05 14:00:00,2723.131733,2722.345184,2722.779951,-0.7865490000003774,-0.3517820000001848,-0.5691655000002811
2022-09-05 14:30:00,2723.131733,2722.346666,2722.781405,-0.7850670000002538,-0.3503279999999904,-0.5676975000001221
2022-09-05 14:45:00,2723.127064,2722.3439,2722.77528,-0.7831639999999425,-0.35178399999995236,-0.5674739999999474
2022-09-05 15:00:00,2723.129983,2722.343434,2722.778484,-0.7865489999999227,-0.3514989999998761,-0.5690239999998994
2022-09-05 15:15:00,2723.130563,2722.344014,2722.77784,-0.7865490000003774,-0.35272299999996903,-0.5696360000001732
2022-09-05 15:30:00,2723.127064,2722.342264,2722.77658,-0.7847999999999047,-0.35048399999959656,-0.5676419999997506
2022-09-05 16:00:00,2723.128234,2722.345383,2722.776734,-0.7828509999999369,-0.3514999999997599,-0.5671754999998484
2022-09-05 16:15:00,2723.127064,2722.3418,2722.776823,-0.7852639999996427,-0.35024099999964164,-0.5677524999996422
2022-09-05 16:30:00,2723.125325,2722.341686,2722.773333,-0.7836389999997664,-0.35199199999988195,-0.5678154999998242
2022-09-05 16:45:00,2723.128824,2722.342433,2722.775083,-0.7863910000000942,-0.35374099999989994,-0.5700659999999971
2022-09-05 17:00:00,2723.126484,2722.344059,2722.774546,-0.7824249999998756,-0.3519379999997909,-0.5671814999998332
2022-09-05 17:30:00,2723.125315,2722.341533,2722.771626,-0.7837819999999738,-0.3536889999995765,-0.5687354999997751
2022-09-05 17:45:00,2723.130573,2722.346088,2722.77732,-0.7844850000001315,-0.3532529999997678,-0.5688689999999497
2022-09-05 18:00:00,2723.131733,2722.343903,2722.776297,-0.7878300000002127,-0.35543600000028164,-0.5716330000002472
2022-09-05 18:15:00,2723.131733,2722.34787,2722.777314,-0.7838630000001103,-0.3544190000002345,-0.5691410000001724
2022-09-05 18:30:00,2723.129983,2722.345654,2722.775563,-0.7843289999996159,-0.35441999999966356,-0.5693744999996397
2022-09-05 19:15:00,2723.133482,2722.347603,2722.777804,-0.7858790000000226,-0.35567800000035277,-0.5707785000001877
2022-09-05 19:30:00,2723.135231,2722.349353,2722.780288,-0.7858780000001389,-0.3549430000002758,-0.5704105000002073
2022-09-05 19:45:00,2723.133482,2722.345655,2722.778537,-0.7878270000001066,-0.35494500000004336,-0.571386000000075
2022-09-05 20:00:00,2723.134062,2722.345501,2722.779117,-0.7885610000002998,-0.35494500000004336,-0.5717530000001716
2022-09-05 20:15:00,2723.133482,2722.350866,2722.779267,-0.7826159999999618,-0.3542150000002948,-0.5684155000001283
2022-09-05 20:30:00,2723.135231,2722.349653,2722.779757,-0.7855779999999868,-0.35547400000041307,-0.5705260000001999
2022-09-05 20:45:00,2723.135231,2722.347561,2722.781364,-0.787670000000162,-0.35386700000026394,-0.570768500000213
2022-09-05 21:00:00,2723.136981,2722.350243,2722.782534,-0.7867380000002413,-0.3544470000001638,-0.5705925000002026
2022-09-05 21:15:00,2723.133482,2722.348184,2722.780987,-0.785298000000239,-0.35249500000008993,-0.5688965000001645
2022-09-05 21:30:00,2723.134062,2722.350245,2722.783074,-0.7838169999999991,-0.3509880000001431,-0.5674025000000711
2022-09-05 21:45:00,2723.135811,2722.351728,2722.783748,-0.7840830000000096,-0.35206300000027113,-0.5680730000001404
2022-09-05 22:00:00,2723.135231,2722.348496,2722.781998,-0.7867350000001352,-0.353233000000273,-0.5699840000002041
2022-09-05 22:15:00,2723.135811,2722.347875,2722.781561,-0.7879360000001725,-0.35425000000032014,-0.5710930000002463
2022-09-05 22:30:00,2723.132312,2722.348341,2722.783014,-0.7839710000002924,-0.3492980000000898,-0.5666345000001911
2022-09-05 22:45:00,2723.134062,2722.351561,2722.781844,-0.7825010000001384,-0.3522179999999935,-0.567359500000066
2022-09-05 23:00:00,2723.135811,2722.349344,2722.783068,-0.7864669999999023,-0.35274299999991854,-0.5696049999999104
2022-09-05 23:15:00,2723.134652,2722.3504,2722.782588,-0.7842520000003788,-0.3520640000001549,-0.5681580000002668
2022-09-05 23:30:00,2723.135811,2722.352027,2722.782524,-0.7837840000001961,-0.3532869999999093,-0.5685355000000527
2022-09-06 00:00:00,2723.134062,2722.351095,2722.784031,-0.7829670000000988,-0.35003099999994447,-0.5664990000000216
2022-09-06 02:15:00,2723.137561,2722.353777,2722.781791,-0.7837840000001961,-0.3557700000001205,-0.5697770000001583
2022-09-06 02:45:00,2723.137561,2722.353776,2722.78305,-0.7837850000000799,-0.35451100000000224,-0.5691480000000411
2022-09-06 03:15:00,2723.132312,2722.34981,2722.780041,-0.7825020000000222,-0.35227100000020073,-0.5673865000001115
2022-09-06 03:30:00,2723.137561,2722.354241,2722.7813,-0.7833200000000033,-0.356260999999904,-0.5697904999999537
2022-09-06 04:00:00,2723.135811,2722.351023,2722.781057,-0.784787999999935,-0.35475399999995716,-0.5697709999999461
2022-09-06 05:30:00,2723.13873,2722.355991,2722.78422,-0.7827390000002197,-0.35451000000011845,-0.5686245000001691
2022-09-06 05:45:00,2723.135821,2722.35308,2722.78131,-0.7827409999999873,-0.35451100000000224,-0.5686259999999947
2022-09-06 06:00:00,2723.135821,2722.352614,2722.781801,-0.7832069999999476,-0.35401999999976397,-0.5686134999998558
2022-09-06 06:15:00,2723.137571,2722.358217,2722.782817,-0.7793540000002395,-0.3547540000004119,-0.5670540000003257
2022-09-06 06:30:00,2723.13932,2722.357483,2722.784567,-0.7818370000004506,-0.35475300000007337,-0.568295000000262
2022-09-06 06:45:00,2723.134652,2722.353546,2722.782133,-0.7811060000003636,-0.35251900000002934,-0.5668125000001965
2022-09-06 07:00:00,2723.13931,2722.356778,2722.782867,-0.7825320000001739,-0.35644300000012663,-0.5694875000001502
2022-09-06 07:15:00,2723.135811,2722.354562,2722.783298,-0.7812490000001162,-0.35251300000027186,-0.566881000000194
2022-09-06 07:30:00,2723.13931,2722.356145,2722.784611,-0.7831649999998263,-0.35469899999998233,-0.5689319999999043
2022-09-06 07:45:00,2723.136391,2722.35661,2722.782074,-0.7797810000001846,-0.3543169999998099,-0.5670489999999972
2022-09-06 08:15:00,2723.136401,2722.354716,2722.782138,-0.7816850000003797,-0.35426300000017363,-0.5679740000002766
2022-09-06 08:30:00,2723.13815,2722.355451,2722.781647,-0.7826990000003207,-0.3565030000004299,-0.5696010000003753
2022-09-06 08:45:00,2723.134652,2722.353234,2722.781404,-0.7814180000000306,-0.35324800000034884,-0.5673330000001897
2022-09-06 09:15:00,2723.134652,2722.351484,2722.780968,-0.7831680000003871,-0.35368400000015754,-0.5684260000002723
2022-09-06 09:30:00,2723.135821,2722.353119,2722.781067,-0.782701999999972,-0.35475399999995716,-0.5687279999999646
2022-09-06 09:45:00,2723.134652,2722.351018,2722.7814,-0.7836340000003474,-0.35325200000033874,-0.5684430000003431
2022-09-06 10:15:00,2723.134652,2722.350748,2722.77959,-0.7839040000003479,-0.35506200000008903,-0.5694830000002185
2022-09-06 10:30:00,2723.135811,2722.351214,2722.779064,-0.7845970000003035,-0.3567470000002686,-0.5706720000002861
2022-09-06 10:45:00,2723.134652,2722.352964,2722.781831,-0.781688000000031,-0.35282100000040373,-0.5672545000002174
2022-09-06 11:00:00,2723.132902,2722.35343,2722.780814,-0.7794719999997142,-0.3520879999996396,-0.5657799999996769
2022-09-06 11:30:00,2723.133482,2722.35226,2722.777403,-0.7812220000000707,-0.35607900000013615,-0.5686505000001034
2022-09-06 12:00:00,2723.127064,2722.350043,2722.776669,-0.777020999999877,-0.35039499999993495,-0.563707999999906
2022-09-06 12:15:00,2723.131153,2722.349463,2722.778916,-0.7816899999997986,-0.35223699999960445,-0.5669634999997015
2022-09-06 12:30:00,2723.131153,2722.349731,2722.779104,-0.7814220000000205,-0.35204899999962436,-0.5667354999998224
2022-09-06 12:45:00,2723.132902,2722.353118,2722.778866,-0.7797839999998359,-0.35403599999972357,-0.5669099999997798
2022-09-06 13:00:00,2723.131733,2722.351947,2722.778222,-0.7797860000000583,-0.35351100000025326,-0.5666485000001558
2022-09-06 13:15:00,2723.131733,2722.352413,2722.777206,-0.7793200000000979,-0.35452699999996184,-0.5669235000000299
2022-09-06 13:30:00,2723.131153,2722.351367,2722.777643,-0.7797859999996035,-0.3535099999999147,-0.5666479999997591
2022-09-06 13:45:00,2723.129983,2722.350197,2722.775739,-0.7797859999996035,-0.35424399999965317,-0.5670149999996283
2022-09-06 14:00:00,2723.131153,2722.351679,2722.776626,-0.7794739999999365,-0.35452699999996184,-0.5670004999999492
2022-09-06 14:30:00,2723.127654,2722.351833,2722.775892,-0.7758209999997234,-0.35176199999978053,-0.563791499999752
2022-09-06 15:15:00,2723.129983,2722.351481,2722.777939,-0.7785019999996621,-0.35204399999975067,-0.5652729999997064
2022-09-06 15:30:00,2723.129983,2722.348447,2722.774969,-0.78153599999996,-0.35501399999975547,-0.5682749999998578
2022-09-06 16:15:00,2723.125895,2722.350074,2722.775396,-0.7758210000001782,-0.3504990000001271,-0.5631600000001526
2022-09-06 16:30:00,2723.127644,2722.347393,2722.774379,-0.7802510000001348,-0.35326500000019223,-0.5667580000001635
2022-09-06 17:00:00,2723.131143,2722.354041,2722.776412,-0.7771020000000135,-0.35473099999990154,-0.5659164999999575
2022-09-06 17:30:00,2723.126484,2722.350665,2722.774236,-0.7758189999999558,-0.35224799999969036,-0.5640334999998231
2022-09-06 17:45:00,2723.126484,2722.348916,2722.773502,-0.7775679999999738,-0.35298199999988356,-0.5652749999999287
2022-09-06 18:30:00,2723.129403,2722.351682,2722.775252,-0.7777209999999286,-0.35415100000000166,-0.5659359999999651
2022-09-06 18:45:00,2723.128234,2722.350512,2722.773552,-0.7777219999998124,-0.3546819999996842,-0.5662019999997483
2022-09-06 19:30:00,2723.131733,2722.354479,2722.775982,-0.7772540000000845,-0.3557510000000548,-0.5665025000000696
2022-09-06 20:00:00,2723.130563,2722.354945,2722.774568,-0.7756180000001223,-0.3559950000003482,-0.5658065000002352
2022-09-06 20:30:00,2723.129983,2722.352729,2722.774716,-0.7772539999996297,-0.3552669999999125,-0.5662604999997711
2022-09-06 20:45:00,2723.131733,2722.355949,2722.776466,-0.7757840000003853,-0.35526700000036726,-0.5655255000003763
2022-09-06 21:00:00,2723.128824,2722.352572,2722.776809,-0.7762520000001132,-0.3520149999999376,-0.5641335000000254
2022-09-06 21:15:00,2723.128814,2722.350668,2722.775113,-0.7781460000001061,-0.35370100000000093,-0.5659235000000535
2022-09-06 21:30:00,2723.130563,2722.350825,2722.774096,-0.7797380000001795,-0.35646700000006604,-0.5681025000001227
2022-09-06 21:45:00,2723.131733,2722.353042,2722.775846,-0.7786909999999807,-0.35588700000016615,-0.5672890000000734
2022-09-06 22:00:00,2723.130563,2722.355258,2722.776863,-0.7753050000001167,-0.35370000000011714,-0.5645025000001169
2022-09-06 22:30:00,2723.131733,2722.354058,2722.777016,-0.7776750000002721,-0.35471700000016426,-0.5661960000002182
2022-09-06 22:45:00,2723.130563,2722.352888,2722.775166,-0.7776750000002721,-0.3553970000002664,-0.5665360000002693
2022-09-07 00:45:00,2723.135231,2722.356275,2722.778767,-0.7789560000001075,-0.35646400000041467,-0.5677100000002611
2022-09-07 01:15:00,2723.132312,2722.356855,2722.778816,-0.7754570000001877,-0.35349600000017745,-0.5644765000001826
2022-09-07 03:30:00,2723.132312,2722.357038,2722.777259,-0.7752740000000813,-0.35505300000022544,-0.5651635000001534
2022-09-07 03:45:00,2723.131733,2722.358956,2722.77775,-0.7727770000001328,-0.35398299999997107,-0.563380000000052
2022-09-07 04:00:00,2723.133482,2722.356739,2722.77882,-0.7767430000003515,-0.35466200000018944,-0.5657025000002704
2022-09-07 04:30:00,2723.133482,2722.361172,2722.780666,-0.7723100000002887,-0.3528160000000753,-0.562563000000182
2022-09-07 04:45:00,2723.133482,2722.357048,2722.778766,-0.7764340000003358,-0.3547160000002805,-0.5655750000003081
2022-09-07 05:30:00,2723.133482,2722.354524,2722.77707,-0.7789580000003298,-0.3564120000000912,-0.5676850000002105
2022-09-07 06:00:00,2723.133482,2722.358674,2722.778236,-0.774808000000121,-0.3552460000000792,-0.5650270000001001
2022-09-07 06:45:00,2723.134062,2722.358788,2722.778762,-0.7752740000000813,-0.35530000000017026,-0.5652870000001258
2022-09-07 07:00:00,2723.134062,2722.356571,2722.779779,-0.7774910000002819,-0.35428300000012314,-0.5658870000002025
2022-09-07 07:15:00,2723.130573,2722.356893,2722.776868,-0.7736799999997857,-0.35370499999999083,-0.5636924999998882
2022-09-07 07:30:00,2723.132322,2722.357047,2722.776342,-0.7752749999999651,-0.35597999999981766,-0.5656274999998914
2022-09-07 07:45:00,2723.132322,2722.355877,2722.777016,-0.776444999999967,-0.35530599999992774,-0.5658754999999474
2022-09-07 08:45:00,2723.131153,2722.35366,2722.773362,-0.7774929999995948,-0.3577909999999065,-0.5676419999997506
2022-09-07 09:00:00,2723.135231,2722.35483,2722.775266,-0.7804009999999835,-0.359965000000102,-0.5701830000000427
2022-09-07 09:30:00,2723.131153,2722.35541,2722.775112,-0.775742999999693,-0.3560410000000047,-0.5658919999998488
2022-09-07 10:30:00,2723.130573,2722.353079,2722.772634,-0.7774939999999333,-0.3579389999999876,-0.5677164999999604
2022-09-07 10:45:00,2723.127074,2722.351329,2722.770358,-0.7757449999999153,-0.35671599999977843,-0.5662304999998469
2022-09-07 11:15:00,2723.128824,2722.352063,2722.771558,-0.7767610000000786,-0.35726599999998143,-0.56701350000003
2022-09-07 11:45:00,2723.127654,2722.35044,2722.772148,-0.7772139999997307,-0.35550599999987753,-0.5663599999998041
2022-09-07 12:15:00,2723.128814,2722.351599,2722.772818,-0.7772150000000693,-0.355996000000232,-0.5666055000001506
2022-09-07 12:30:00,2723.128814,2722.350315,2722.771068,-0.7784990000000107,-0.3577460000001338,-0.5681225000000723
2022-09-07 13:00:00,2723.129983,2722.349846,2722.769654,-0.7801369999997405,-0.36032899999963774,-0.5702329999996891
2022-09-07 13:15:00,2723.128814,2722.352062,2722.769848,-0.776752000000215,-0.3589660000002368,-0.5678590000002259
2022-09-07 13:30:00,2723.127074,2722.349732,2722.769605,-0.7773419999998623,-0.35746900000003734,-0.5674054999999498
2022-09-07 13:45:00,2723.128234,2722.350198,2722.768588,-0.7780359999997017,-0.3596459999998842,-0.568840999999793
2022-09-07 14:00:00,2723.128234,2722.350932,2722.770338,-0.7773019999999633,-0.35789599999998245,-0.5675989999999729
2022-09-07 14:15:00,2723.126484,2722.351626,2722.771008,-0.7748579999997673,-0.3554759999997259,-0.5651669999997466
2022-09-07 14:30:00,2723.126484,2722.350188,2722.769501,-0.7762960000000021,-0.35698299999967276,-0.5666394999998374
2022-09-07 14:45:00,2723.128234,2722.350469,2722.769844,-0.7777649999998175,-0.3583899999998721,-0.5680774999998448
2022-09-07 15:00:00,2723.126484,2722.348719,2722.767414,-0.7777649999998175,-0.35906999999997424,-0.5684174999998959
2022-09-07 15:30:00,2723.125315,2722.347704,2722.766928,-0.777610999999979,-0.358386999999766,-0.5679989999998725
2022-09-07 15:45:00,2723.124735,2722.349339,2722.767608,-0.7753960000000006,-0.35712699999976394,-0.5662614999998823
2022-09-07 16:00:00,2723.126484,2722.348874,2722.768778,-0.7776100000000952,-0.35770599999978003,-0.5676579999999376
2022-09-07 16:15:00,2723.124735,2722.34759,2722.766591,-0.7771450000000186,-0.35814399999981106,-0.5676444999999148
2022-09-07 16:30:00,2723.126484,2722.350624,2722.770091,-0.7758599999997386,-0.3563930000000255,-0.5661264999998821
2022-09-07 16:45:00,2723.127644,2722.348565,2722.767751,-0.7790790000003653,-0.3598930000002838,-0.5694860000003246
2022-09-07 17:15:00,2723.125325,2722.349622,2722.768872,-0.775702999999794,-0.356452999999874,-0.566077999999834
2022-09-07 17:30:00,2723.125325,2722.346391,2722.767855,-0.7789339999999356,-0.35746999999992113,-0.5682019999999284
2022-09-07 18:00:00,2723.124735,2722.349032,2722.768282,-0.775702999999794,-0.356452999999874,-0.566077999999834
2022-09-07 18:15:00,2723.126484,2722.350783,2722.768624,-0.7757010000000264,-0.35786000000007334,-0.5667805000000499
2022-09-07 18:30:00,2723.126484,2722.348017,2722.766874,-0.7784670000000915,-0.3596099999999751,-0.5690385000000333
2022-09-07 19:15:00,2723.126484,2722.352534,2722.768867,-0.7739499999997861,-0.3576170000001184,-0.5657834999999523
2022-09-07 20:15:00,2723.128234,2722.353,2722.770374,-0.7752339999997275,-0.3578599999996186,-0.5665469999996731
2022-09-07 21:00:00,2723.127064,2722.349457,2722.768188,-0.7776069999999891,-0.3588759999997819,-0.5682414999998855
2022-09-07 21:15:00,2723.128814,2722.351675,2722.769411,-0.7771390000002611,-0.3594029999999293,-0.5682710000000952
2022-09-07 21:45:00,2723.128234,2722.351095,2722.768831,-0.7771389999998064,-0.3594029999999293,-0.5682709999998679
2022-09-07 22:15:00,2723.127064,2722.35214,2722.768678,-0.7749239999998281,-0.3583859999998822,-0.5666549999998551
2022-09-07 22:45:00,2723.129983,2722.349613,2722.770581,-0.780369999999948,-0.35940199999959077,-0.5698859999997694
2022-09-07 23:45:00,2723.131733,2722.353892,2722.770825,-0.7778410000000804,-0.3609080000001086,-0.5693745000000945
2022-09-08 00:15:00,2723.126484,2722.349925,2722.769901,-0.7765589999999065,-0.35658299999977316,-0.5665709999998398
2022-09-08 01:00:00,2723.128814,2722.352608,2722.770145,-0.776206000000002,-0.35866900000019086,-0.5674375000000964
2022-09-08 01:30:00,2723.129983,2722.353312,2722.772048,-0.7766709999996237,-0.35793499999999767,-0.5673029999998107
2022-09-08 01:45:00,2723.128234,2722.350092,2722.770641,-0.7781419999996615,-0.35759299999972427,-0.5678674999996929
2022-09-08 02:00:00,2723.131143,2722.353003,2722.773061,-0.7781399999998939,-0.35808200000019497,-0.5681110000000444
2022-09-08 02:15:00,2723.131143,2722.350079,2722.772044,-0.7810640000002422,-0.3590990000002421,-0.5700815000002422
2022-09-08 02:30:00,2723.131733,2722.351829,2722.773794,-0.7799039999999877,-0.3579389999999876,-0.5689214999999876
2022-09-08 03:00:00,2723.129983,2722.355993,2722.772381,-0.7739899999996851,-0.35760199999958786,-0.5657959999996365
2022-09-08 03:15:00,2723.129403,2722.353465,2722.773065,-0.7759379999997691,-0.35633800000005067,-0.5661379999999099
2022-09-08 04:45:00,2723.132312,2722.353156,2722.771701,-0.7791560000000572,-0.36061100000006263,-0.5698835000000599
2022-09-08 05:00:00,2723.132312,2722.355372,2722.773451,-0.7769400000001951,-0.35886100000016086,-0.567900500000178
2022-09-08 05:45:00,2723.131143,2722.358053,2722.772291,-0.7730900000001384,-0.3588519999998425,-0.5659709999999905
2022-09-08 06:15:00,2723.132312,2722.355526,2722.772728,-0.7767860000003566,-0.35958400000026813,-0.5681850000003124
2022-09-08 06:45:00,2723.130563,2722.355992,2722.770487,-0.7745710000003783,-0.3600760000003902,-0.5673235000003842
2022-09-08 07:30:00,2723.130563,2722.353309,2722.772238,-0.7772540000000845,-0.3583250000001499,-0.5677895000001172
2022-09-08 08:45:00,2723.130573,2722.353041,2722.768737,-0.7775320000000647,-0.36183600000003935,-0.569684000000052
2022-09-08 09:00:00,2723.130573,2722.349808,2722.769754,-0.780764999999974,-0.36081899999999223,-0.5707919999999831
2022-09-08 09:45:00,2723.128824,2722.352771,2722.769267,-0.7760530000000472,-0.35955699999976787,-0.5678049999999075
2022-09-08 10:15:00,2723.128814,2722.351715,2722.770428,-0.7770990000003621,-0.35838600000033694,-0.5677425000003495
2022-09-08 11:30:00,2723.128814,2722.347279,2722.766437,-0.7815350000000763,-0.362376999999924,-0.5719560000000001
2022-09-08 11:45:00,2723.127064,2722.34848,2722.767514,-0.7785839999996824,-0.35954999999967185,-0.5690669999996771
2022-09-08 12:00:00,2723.126484,2722.3479,2722.767181,-0.7785839999996824,-0.35930299999972704,-0.5689434999997047
2022-09-08 12:15:00,2723.127074,2722.347208,2722.766691,-0.7798659999998563,-0.36038300000018353,-0.5701245000000199
2022-09-08 12:30:00,2723.131143,2722.34642,2722.767454,-0.7847230000002128,-0.3636890000002495,-0.5742060000002311
2022-09-08 12:45:00,2723.128234,2722.345136,2722.765214,-0.7830979999998817,-0.3630199999997785,-0.5730589999998301
2022-09-08 13:00:00,2723.128234,2722.346772,2722.765218,-0.7814619999999195,-0.3630159999997886,-0.5722389999998541
2022-09-08 13:45:00,2723.126484,2722.343087,2722.764148,-0.7833969999996953,-0.36233599999968646,-0.5728664999996909
2022-09-08 14:00:00,2723.124735,2722.339389,2722.764207,-0.785345999999663,-0.36052799999970375,-0.5729369999996834
2022-09-08 14:15:00,2723.126484,2722.344287,2722.76445,-0.7821969999999965,-0.3620339999997668,-0.5721154999998816
2022-09-08 14:30:00,2723.125325,2722.343821,2722.763567,-0.7815040000000408,-0.3617580000000089,-0.5716310000000249
2022-09-08 15:00:00,2723.128234,2722.345559,2722.764971,-0.7826749999999265,-0.36326299999973344,-0.57296899999983
2022-09-08 15:30:00,2723.127654,2722.34468,2722.766141,-0.78297399999974,-0.36151299999983166,-0.5722434999997859
2022-09-08 16:00:00,2723.124155,2722.343707,2722.76148,-0.7804479999999785,-0.36267499999985375,-0.5715614999999161
2022-09-08 16:45:00,2723.125895,2722.343654,2722.764634,-0.7822410000003401,-0.36126100000001315,-0.5717510000001766
2022-09-08 17:15:00,2723.127064,2722.345757,2722.763657,-0.7813069999997424,-0.3634069999998246,-0.5723569999997835
2022-09-08 17:30:00,2723.125895,2722.345603,2722.761997,-0.7802919999999176,-0.3638980000000629,-0.5720949999999903
2022-09-08 17:45:00,2723.125315,2722.346223,2722.76264,-0.7790919999997641,-0.36267499999985375,-0.5708834999998089
2022-09-08 18:00:00,2723.125905,2722.345291,2722.7639,-0.7806139999997868,-0.3620049999999537,-0.5713094999998702
2022-09-08 18:15:00,2723.124155,2722.341791,2722.762149,-0.7823640000001433,-0.3620059999998375,-0.5721849999999904
2022-09-08 19:00:00,2723.124155,2722.34607,2722.762883,-0.7780849999999191,-0.36127200000009907,-0.5696785000000091
2022-09-08 19:30:00,2723.125905,2722.348286,2722.763414,-0.7776189999999588,-0.36249099999986356,-0.5700549999999112
2022-09-08 19:45:00,2723.125905,2722.346817,2722.764917,-0.7790879999997742,-0.3609879999999066,-0.5700379999998404
2022-09-08 20:00:00,2723.125905,2722.348752,2722.763167,-0.7771529999999984,-0.3627379999998084,-0.5699454999999034
2022-09-08 21:30:00,2723.129393,2722.350037,2722.765857,-0.779356000000007,-0.36353600000029473,-0.5714460000001509
2022-09-08 21:45:00,2723.127644,2722.346071,2722.765124,-0.7815730000002077,-0.3625200000001314,-0.5720465000001695
2022-09-08 22:15:00,2723.125895,2722.348753,2722.764444,-0.7771419999999125,-0.36145100000021557,-0.569296500000064
2022-09-08 23:00:00,2723.127064,2722.349924,2722.764597,-0.7771399999996902,-0.36246699999992416,-0.5698034999998072
2022-09-08 23:15:00,2723.128814,2722.349458,2722.766348,-0.779356000000007,-0.36246600000004037,-0.5709110000000237
2022-09-09 00:15:00,2723.125905,2722.35097,2722.765574,-0.774934999999914,-0.36033099999986007,-0.567632999999887
2022-09-09 01:00:00,2723.125905,2722.347286,2722.764687,-0.7786189999997077,-0.36121800000000803,-0.5699184999998579
2022-09-09 01:15:00,2723.128824,2722.348922,2722.765331,-0.7799019999997654,-0.36349299999983486,-0.5716974999998001
2022-09-09 02:00:00,2723.127064,2722.354822,2722.768484,-0.7722420000000056,-0.35857999999961976,-0.5654109999998127
2022-09-09 02:15:00,2723.129983,2722.352606,2722.767077,-0.7773769999998876,-0.36290599999983897,-0.5701414999998633
2022-09-09 03:45:00,2723.128234,2722.350545,2722.766254,-0.7776890000000094,-0.3619799999996758,-0.5698344999998426
2022-09-09 04:00:00,2723.133482,2722.350813,2722.769565,-0.782669000000169,-0.3639170000001286,-0.5732930000001488
2022-09-09 04:30:00,2723.128814,2722.351279,2722.767324,-0.7775350000001708,-0.3614900000002308,-0.5695125000002008
2022-09-09 05:00:00,2723.129983,2722.348297,2722.768494,-0.7816859999998087,-0.36148899999989226,-0.5715874999998505
2022-09-09 06:00:00,2723.128234,2722.350543,2722.767761,-0.777690999999777,-0.3604729999997289,-0.569081999999753
2022-09-09 06:15:00,2723.129983,2722.351827,2722.770245,-0.7781559999998535,-0.35973799999965195,-0.5689469999997527
2022-09-09 07:00:00,2723.131733,2722.349766,2722.769511,-0.7819670000003498,-0.36222200000020166,-0.5720945000002757
2022-09-09 08:30:00,2723.128234,2722.346845,2722.766744,-0.7813889999997627,-0.36148999999977605,-0.5714394999997694
2022-09-09 09:45:00,2723.129983,2722.352758,2722.768004,-0.7772249999998166,-0.361978999999792,-0.5696019999998043
2022-09-09 10:45:00,2723.125895,2722.345208,2722.763616,-0.7806869999999435,-0.36227899999994406,-0.5714829999999438
2022-09-09 11:00:00,2723.124145,2722.347891,2722.762937,-0.7762540000003355,-0.36120800000026065,-0.5687310000002981
2022-09-09 11:15:00,2723.125315,2722.349061,2722.762884,-0.7762539999998808,-0.3624309999995603,-0.5693424999997205
2022-09-09 11:45:00,2723.128814,2722.349059,2722.761717,-0.7797550000000228,-0.36709700000028533,-0.5734260000001541
2022-09-09 12:00:00,2723.124155,2722.34522,2722.762451,-0.7789349999998194,-0.36170399999991787,-0.5703194999998686
2022-09-09 12:15:00,2723.126484,2722.348606,2722.762888,-0.7778779999998733,-0.3635959999996885,-0.5707369999997809
2022-09-09 12:30:00,2723.122406,2722.343469,2722.760211,-0.7789370000000417,-0.36219500000015614,-0.5705660000000989
2022-09-09 12:45:00,2723.125325,2722.346856,2722.763131,-0.7784689999998591,-0.3621939999998176,-0.5703314999998383
2022-09-09 13:00:00,2723.125325,2722.349072,2722.762397,-0.776252999999997,-0.3629280000000108,-0.5695905000000039
2022-09-09 13:15:00,2723.125325,2722.349538,2722.761381,-0.7757870000000366,-0.36394400000017413,-0.5698655000001054
2022-09-09 13:45:00,2723.125315,2722.346618,2722.757726,-0.7786969999997382,-0.36758899999995265,-0.5731429999998454
2022-09-09 14:00:00,2723.123565,2722.347155,2722.759967,-0.7764099999999416,-0.3635979999999108,-0.5700039999999262
2022-09-09 14:15:00,2723.128814,2722.348905,2722.762734,-0.7799090000003162,-0.3660800000002382,-0.5729945000002772
2022-09-09 14:45:00,2723.128234,2722.350075,2722.763905,-0.7781589999999596,-0.3643289999999979,-0.5712439999999788
2022-09-09 15:30:00,2723.125325,2722.347322,2722.760647,-0.7780029999998987,-0.36467799999991257,-0.5713404999999057
2022-09-09 15:45:00,2723.128824,2722.345375,2722.761233,-0.7834490000000187,-0.3675909999997202,-0.5755199999998695
2022-09-09 19:00:00,2723.128824,2722.350854,2722.76148,-0.7779700000000958,-0.3673439999997754,-0.5726569999999356
2022-09-09 19:15:00,2723.136981,2722.360581,2722.765987,-0.7764000000001943,-0.37099399999988236,-0.5736970000000383
2022-09-09 19:45:00,2723.135231,2722.364265,2722.768301,-0.770966000000044,-0.36693000000013853,-0.5689480000000913
2022-09-09 20:00:00,2723.135811,2722.359129,2722.770785,-0.7766820000001644,-0.36502599999994345,-0.5708540000000539
2022-09-09 20:30:00,2723.13873,2722.364731,2722.776693,-0.7739990000000034,-0.3620370000003277,-0.5680180000001656
2022-09-09 20:45:00,2723.13873,2722.363759,2722.777426,-0.7749710000002779,-0.3613040000000183,-0.5681375000001481
2022-09-09 21:00:00,2723.136981,2722.363531,2722.776409,-0.773450000000139,-0.3605720000000474,-0.5670110000000932
2022-09-09 21:15:00,2723.141059,2722.363376,2722.778213,-0.7776830000002519,-0.36284599999999045,-0.5702645000001212
2022-09-09 21:30:00,2723.14048,2722.365593,2722.78094,-0.7748870000000352,-0.3595399999999245,-0.5672134999999798
2022-09-09 21:45:00,2723.14048,2722.365282,2722.782897,-0.7751979999998184,-0.3575829999999769,-0.5663904999998977
2022-09-09 22:00:00,2723.14048,2722.3685,2722.786268,-0.771979999999985,-0.3542120000001887,-0.5630960000000869
2022-09-09 22:15:00,2723.141059,2722.369784,2722.789782,-0.7712750000000597,-0.3512770000002092,-0.5612760000001344
2022-09-09 22:30:00,2723.142229,2722.367384,2722.794169,-0.7748449999999139,-0.3480600000002596,-0.5614525000000867
2022-09-09 22:45:00,2723.14048,2722.364575,2722.795543,-0.7759049999999661,-0.3449369999998453,-0.5604209999999057
2022-09-09 23:00:00,2723.14048,2722.365168,2722.79588,-0.7753120000002127,-0.3445999999999003,-0.5599560000000565
2022-09-09 23:15:00,2723.13873,2722.362879,2722.797783,-0.7758510000003298,-0.340947000000142,-0.5583990000002359
2022-09-09 23:45:00,2723.137561,2722.359027,2722.796559,-0.778534000000036,-0.3410020000001168,-0.5597680000000764
2022-09-10 00:00:00,2723.135811,2722.358252,2722.79601,-0.7775590000001102,-0.3398010000000795,-0.5586800000000949
2022-09-10 00:15:00,2723.137561,2722.35732,2722.795336,-0.7802409999999327,-0.3422249999998712,-0.561232999999902
2022-09-10 00:30:00,2723.135811,2722.356854,2722.793869,-0.7789569999999912,-0.3419420000000173,-0.5604495000000043
2022-09-10 00:45:00,2723.135811,2722.361243,2722.794399,-0.7745680000002721,-0.34141200000021854,-0.5579900000002453
2022-09-10 01:00:00,2723.136981,2722.35918,2722.792932,-0.7778010000001814,-0.3440490000002683,-0.5609250000002248
2022-09-10 01:15:00,2723.135821,2722.356964,2722.792389,-0.778856999999789,-0.343431999999666,-0.5611444999997275
2022-09-10 01:30:00,2723.135821,2722.35743,2722.789472,-0.7783909999998286,-0.3463489999999183,-0.5623699999998735
2022-09-10 01:45:00,2723.136981,2722.358248,2722.790489,-0.778733000000102,-0.3464920000001257,-0.5626125000001139
2022-09-10 02:00:00,2723.135821,2722.355835,2722.791016,-0.7799860000000081,-0.3448049999997238,-0.5623954999998659
2022-09-10 02:15:00,2723.135821,2722.357782,2722.789265,-0.7780389999998079,-0.3465559999999641,-0.562297499999886
2022-09-10 02:30:00,2723.134072,2722.354085,2722.787024,-0.7799869999998919,-0.34704799999963143,-0.5635174999997616
2022-09-10 03:00:00,2723.134072,2722.355017,2722.785071,-0.7790549999999712,-0.34900100000004386,-0.5640280000000075
2022-09-10 03:15:00,2723.134072,2722.356032,2722.785355,-0.7780399999996916,-0.3487169999998514,-0.5633784999997715
2022-09-10 03:30:00,2723.136981,2722.358714,2722.785017,-0.7782670000001417,-0.35196399999995265,-0.5651155000000472
2022-09-10 03:45:00,2723.134652,2722.352179,2722.783114,-0.7824730000002091,-0.3515380000003461,-0.5670055000002776
2022-09-10 04:15:00,2723.132902,2722.356808,2722.78189,-0.77609399999983,-0.35101199999962773,-0.5635529999997289
2022-09-10 04:30:00,2723.135811,2722.359492,2722.784072,-0.7763190000000577,-0.35173900000017966,-0.5640290000001187
2022-09-10 04:45:00,2723.137561,2722.359958,2722.782907,-0.7776029999999992,-0.35465400000020963,-0.5661285000001044
2022-09-10 05:30:00,2723.134642,2722.358039,2722.780417,-0.7766029999997954,-0.3542250000000422,-0.5654139999999188
2022-09-10 05:45:00,2723.135811,2722.35832,2722.781151,-0.7774910000002819,-0.3546599999999671,-0.5660755000001245
2022-09-10 06:00:00,2723.134062,2722.357037,2722.778177,-0.7770249999998668,-0.35588499999994383,-0.5664549999999053
2022-09-10 06:15:00,2723.135811,2722.360721,2722.780944,-0.7750900000000911,-0.3548670000000129,-0.564978500000052
2022-09-10 06:30:00,2723.137561,2722.361187,2722.78021,-0.7763740000000325,-0.3573510000001079,-0.5668625000000702
2022-09-10 06:45:00,2723.134652,2722.357345,2722.77847,-0.7773070000002917,-0.3561819999999898,-0.5667445000001408
2022-09-10 07:00:00,2723.134652,2722.356302,2722.777453,-0.7783500000000458,-0.3571990000000369,-0.5677745000000414
2022-09-10 07:15:00,2723.134652,2722.358632,2722.778317,-0.7760200000002442,-0.3563350000003993,-0.5661775000003217
2022-09-10 07:30:00,2723.134652,2722.360113,2722.778466,-0.7745390000000043,-0.3561859999999797,-0.565362499999992
2022-09-10 07:45:00,2723.132902,2722.357432,2722.776229,-0.7754700000000412,-0.3566729999997733,-0.5660714999999072
2022-09-10 08:15:00,2723.133482,2722.354085,2722.775342,-0.7793970000002446,-0.3581400000002759,-0.5687685000002602
2022-09-10 08:30:00,2723.135811,2722.354239,2722.775779,-0.7815720000003239,-0.36003200000004654,-0.5708020000001852
2022-09-10 08:45:00,2723.133482,2722.350937,2722.776076,-0.7825450000000274,-0.3574060000000827,-0.569975500000055
2022-09-10 09:00:00,2723.133482,2722.353267,2722.774609,-0.7802150000002257,-0.35887300000013056,-0.5695440000001781
2022-09-10 09:15:00,2723.132892,2722.355483,2722.773592,-0.7774090000002616,-0.35930000000007567,-0.5683545000001686
2022-09-10 09:30:00,2723.134642,2722.352801,2722.773593,-0.7818409999999858,-0.36104900000009366,-0.5714450000000397
2022-09-10 10:45:00,2723.132892,2722.355202,2722.771842,-0.7776899999998932,-0.36104999999997744,-0.5693699999999353
2022-09-10 11:00:00,2723.131143,2722.3528,2722.771109,-0.7783429999999498,-0.36003400000026886,-0.5691885000001093
2022-09-10 11:15:00,2723.131733,2722.353575,2722.773449,-0.7781580000000758,-0.3582840000003671,-0.5682210000002215
2022-09-10 11:30:00,2723.131733,2722.355791,2722.771699,-0.7759420000002137,-0.36003400000026886,-0.5679880000002413
2022-09-10 11:45:00,2723.133482,2722.354859,2722.774123,-0.7786230000001524,-0.3593590000000404,-0.5689910000000964
2022-09-10 12:00:00,2723.131733,2722.349424,2722.770965,-0.7823090000001685,-0.3607680000000073,-0.5715385000000879
2022-09-10 12:15:00,2723.128234,2722.34989,2722.769215,-0.7783439999998336,-0.3590189999999893,-0.5686814999999115
2022-09-10 12:45:00,2723.131733,2722.35105,2722.771635,-0.7806829999999536,-0.3600980000001073,-0.5703905000000304
2022-09-10 13:00:00,2723.131733,2722.349889,2722.771492,-0.7818440000000919,-0.36024100000031467,-0.5710425000002033
2022-09-10 13:30:00,2723.128234,2722.348139,2722.767991,-0.7800949999996192,-0.3602429999996275,-0.5701689999996233
2022-09-10 13:45:00,2723.129983,2722.351049,2722.769885,-0.7789339999999356,-0.36009799999965253,-0.5695159999997941
2022-09-10 14:00:00,2723.129983,2722.349423,2722.769008,-0.7805599999996957,-0.36097499999959837,-0.570767499999647
2022-09-10 14:15:00,2723.131143,2722.351515,2722.769151,-0.7796280000002298,-0.36199200000010023,-0.570810000000165
2022-09-10 14:30:00,2723.131733,2722.350033,2722.769394,-0.7817000000000007,-0.3623390000002473,-0.572019500000124
2022-09-10 14:45:00,2723.131733,2722.349567,2722.769731,-0.7821659999999611,-0.36200200000030236,-0.5720840000001317
2022-09-10 15:00:00,2723.128234,2722.347817,2722.767981,-0.7804169999999431,-0.3602529999998296,-0.5703349999998863
2022-09-10 15:30:00,2723.133482,2722.352643,2722.770759,-0.7808390000000145,-0.3627230000001873,-0.5717810000001009
2022-09-10 16:30:00,2723.131733,2722.351359,2722.770416,-0.7803740000003927,-0.3613170000003265,-0.5708455000003596
2022-09-10 17:00:00,2723.131733,2722.353109,2722.769156,-0.7786240000000362,-0.36257700000032855,-0.5706005000001824
2022-09-10 17:15:00,2723.129983,2722.349411,2722.769002,-0.7805719999996654,-0.3609809999998106,-0.570776499999738
2022-09-10 17:30:00,2723.131733,2722.351627,2722.770469,-0.7801060000001598,-0.36126400000011927,-0.5706850000001396
2022-09-10 17:45:00,2723.129983,2722.349143,2722.768665,-0.7808399999998983,-0.36131799999975556,-0.5710789999998269
2022-09-10 18:30:00,2723.134642,2722.354736,2722.770169,-0.77990600000021,-0.3644730000000891,-0.5721895000001496
2022-09-10 19:15:00,2723.133482,2722.354591,2722.770906,-0.7788910000003852,-0.36257599999999,-0.5707335000001876
2022-09-10 19:30:00,2723.131733,2722.355326,2722.769736,-0.7764070000002903,-0.3619969999999739,-0.5692020000001321
2022-09-10 20:00:00,2723.133482,2722.353422,2722.770749,-0.7800600000000486,-0.36273300000038944,-0.571396500000219
2022-09-10 20:15:00,2723.131733,2722.355171,2722.770015,-0.7765620000000126,-0.3617180000001099,-0.5691400000000613
2022-09-10 20:45:00,2723.131733,2722.351206,2722.769498,-0.7805270000003475,-0.36223500000005515,-0.5713810000002013
2022-09-10 21:30:00,2723.132312,2722.354313,2722.768809,-0.7779990000003636,-0.363503000000037,-0.5707510000002003
2022-09-10 21:45:00,2723.132312,2722.352097,2722.768075,-0.7802150000002257,-0.3642370000002302,-0.5722260000002279
2022-09-10 22:15:00,2723.134652,2722.354323,2722.770078,-0.7803290000001653,-0.36457400000017515,-0.5724515000001702
2022-09-10 22:30:00,2723.132322,2722.355327,2722.769102,-0.7769949999997152,-0.3632199999997283,-0.5701074999997218
2022-09-10 22:45:00,2723.134072,2722.353576,2722.769835,-0.7804959999998573,-0.36423699999977543,-0.5723664999998164
2022-09-10 23:00:00,2723.131153,2722.352573,2722.768819,-0.7785799999996925,-0.3623339999999189,-0.5704569999998057
2022-09-10 23:15:00,2723.132322,2722.354042,2722.768085,-0.7782799999999952,-0.36423699999977543,-0.5712584999998853
2022-09-11 00:00:00,2723.131153,2722.352137,2722.766578,-0.779015999999956,-0.3645749999996042,-0.5717954999997801
2022-09-11 01:45:00,2723.134072,2722.354635,2722.771585,-0.7794369999996889,-0.36248699999987366,-0.5709619999997813
2022-09-11 02:30:00,2723.129983,2722.353184,2722.767441,-0.7767989999997553,-0.3625419999998485,-0.5696704999998019
2022-09-11 04:00:00,2723.132902,2722.355399,2722.770362,-0.7775029999997969,-0.36253999999962616,-0.5700214999997115
2022-09-11 06:30:00,2723.132902,2722.357035,2722.770848,-0.7758669999998347,-0.3620539999997163,-0.5689604999997755
2022-09-11 06:45:00,2723.132892,2722.355864,2722.767927,-0.777027999999973,-0.36496500000021115,-0.570996500000092
2022-09-11 07:30:00,2723.131143,2722.352914,2722.767585,-0.7782290000000103,-0.3635580000000118,-0.570893500000011
2022-09-11 07:45:00,2723.132892,2722.358631,2722.768601,-0.7742610000000241,-0.36429099999986647,-0.5692759999999453
2022-09-11 08:15:00,2723.129983,2722.356185,2722.767932,-0.7737979999997151,-0.3620509999996102,-0.5679244999996627
2022-09-11 09:45:00,2723.131733,2722.352517,2722.765691,-0.7792160000003605,-0.3660420000001068,-0.5726290000002336
2022-09-11 10:00:00,2723.129403,2722.353687,2722.765111,-0.7757160000001022,-0.36429199999975026,-0.5700039999999262
2022-09-11 10:15:00,2723.132902,2722.355593,2722.766618,-0.7773089999996046,-0.36628399999972316,-0.5717964999996639
2022-09-11 11:00:00,2723.131153,2722.355904,2722.767352,-0.7752489999998033,-0.36380099999996673,-0.569524999999885
2022-09-11 11:15:00,2723.131153,2722.355437,2722.768368,-0.7757159999996475,-0.3627849999998034,-0.5692504999997254
2022-09-11 11:30:00,2723.131153,2722.355126,2722.766861,-0.7760269999998854,-0.36429199999975026,-0.5701594999998179
2022-09-11 12:15:00,2723.131153,2722.352684,2722.765448,-0.7784689999998591,-0.36570499999970707,-0.5720869999997831
2022-09-11 12:30:00,2723.131143,2722.353379,2722.766851,-0.7777639999999337,-0.364292000000205,-0.5710280000000694
2022-09-11 12:45:00,2723.131143,2722.351897,2722.767868,-0.7792460000000574,-0.3632750000001579,-0.5712605000001076
2022-09-11 13:00:00,2723.129393,2722.348396,2722.763694,-0.7809970000002977,-0.3656989999999496,-0.5733480000001236
2022-09-11 13:15:00,2723.129983,2722.34995,2722.767194,-0.7800330000000031,-0.3627889999997933,-0.5714109999998982
2022-09-11 13:30:00,2723.128234,2722.350146,2722.763941,-0.7780879999995705,-0.36429299999963405,-0.5711904999996023
2022-09-11 13:45:00,2723.128234,2722.350882,2722.766177,-0.7773519999996097,-0.36205699999982244,-0.5697044999997161
2022-09-11 15:15:00,2723.131153,2722.352064,2722.767387,-0.779088999999658,-0.3637659999999414,-0.5714274999997997
2022-09-11 15:30:00,2723.131153,2722.354746,2722.766371,-0.7764069999998355,-0.36478199999965,-0.5705944999997428
2022-09-11 15:45:00,2723.128814,2722.35369,2722.765781,-0.7751240000002326,-0.36303300000008676,-0.5690785000001597
2022-09-11 16:00:00,2723.129393,2722.354267,2722.767044,-0.7751260000000002,-0.3623489999999947,-0.5687374999999975
2022-09-11 16:15:00,2723.130563,2722.354733,2722.765631,-0.7758300000000418,-0.3649319999999534,-0.5703809999999976
2022-09-11 16:45:00,2723.128814,2722.354465,2722.764615,-0.7743490000002566,-0.36419900000009875,-0.5692740000001777
2022-09-11 17:00:00,2723.130563,2722.353999,2722.763881,-0.776564000000235,-0.3666820000003099,-0.5716230000002724
2022-09-11 17:30:00,2723.129403,2722.351357,2722.764134,-0.7780459999999039,-0.36526899999989837,-0.5716574999999011
2022-09-11 18:00:00,2723.129403,2722.352996,2722.764094,-0.7764069999998355,-0.3653089999997974,-0.5708579999998165
2022-09-11 18:30:00,2723.132312,2722.356216,2722.766365,-0.7760960000000523,-0.36594700000023295,-0.5710215000001426
2022-09-11 20:00:00,2723.134652,2722.360803,2722.767684,-0.7738490000001548,-0.36696800000026997,-0.5704085000002124
2022-09-11 20:30:00,2723.135811,2722.360806,2722.767644,-0.7750049999999646,-0.36816700000008495,-0.5715860000000248
2022-09-11 20:45:00,2723.134642,2722.366395,2722.769825,-0.7682469999999739,-0.36481700000013007,-0.566532000000052
2022-09-11 21:00:00,2723.131143,2722.362429,2722.768625,-0.7687140000002728,-0.3625179999999091,-0.5656160000000909
2022-09-11 21:15:00,2723.134642,2722.361313,2722.771108,-0.7733290000001034,-0.3635340000000724,-0.5684315000000879
2022-09-11 21:30:00,2723.134062,2722.3647,2722.772279,-0.769362000000001,-0.36178300000028685,-0.5655725000001439
2022-09-11 21:45:00,2723.131153,2722.365434,2722.770582,-0.76571899999999,-0.3605709999997089,-0.5631449999998495
2022-09-11 22:00:00,2723.132902,2722.363486,2722.773556,-0.7694159999996373,-0.35934599999973216,-0.5643809999996847
2022-09-11 22:15:00,2723.134642,2722.365112,2722.774226,-0.7695300000000316,-0.3604159999999865,-0.564973000000009
2022-09-11 22:30:00,2723.134642,2722.360029,2722.773061,-0.7746130000000448,-0.3615810000001147,-0.5680970000000798
2022-09-11 22:45:00,2723.134642,2722.36418,2722.774812,-0.7704619999999522,-0.3598299999998744,-0.5651459999999133
2022-09-11 23:00:00,2723.13931,2722.367693,2722.777732,-0.7716169999998783,-0.3615780000000086,-0.5665974999999435
2022-09-11 23:15:00,2723.136401,2722.366409,2722.776715,-0.769992000000002,-0.359686000000238,-0.56483900000012
2022-09-11 23:30:00,2723.136401,2722.364659,2722.774479,-0.7717420000003585,-0.3619220000000496,-0.5668320000002041
2022-09-12 00:00:00,2723.134072,2722.365588,2722.776382,-0.7684839999997166,-0.35768999999982043,-0.5630869999997685
2022-09-12 00:15:00,2723.135821,2722.363641,2722.776719,-0.7721799999999348,-0.35910199999989345,-0.5656409999999141
2022-09-12 00:45:00,2723.135811,2722.365267,2722.776372,-0.7705439999999726,-0.35943900000029316,-0.5649915000001329
2022-09-12 01:00:00,2723.134062,2722.363331,2722.775149,-0.7707310000000689,-0.35891300000002957,-0.5648220000000492
2022-09-12 01:15:00,2723.132892,2722.362865,2722.776899,-0.7700270000000273,-0.3559930000001259,-0.5630100000000766
2022-09-12 01:30:00,2723.136981,2722.364502,2722.777389,-0.7724790000002031,-0.35959200000024794,-0.5660355000002255
2022-09-12 01:45:00,2723.135231,2722.358587,2722.775436,-0.776644000000033,-0.35979500000030384,-0.5682195000001684
2022-09-12 02:15:00,2723.132312,2722.360535,2722.772669,-0.7717770000003839,-0.35964300000023286,-0.5657100000003084
2022-09-12 02:30:00,2723.135811,2722.362751,2722.773929,-0.7730599999999868,-0.3618820000001506,-0.5674710000000687
2022-09-12 03:00:00,2723.136981,2722.3645,2722.777186,-0.7724809999999707,-0.35979500000030384,-0.5661380000001373
2022-09-12 03:15:00,2723.134062,2722.361735,2722.774703,-0.7723270000001321,-0.3593590000000404,-0.5658430000000862
2022-09-12 03:30:00,2723.135811,2722.359405,2722.775962,-0.7764059999999517,-0.35984899999994013,-0.5681274999999459
2022-09-12 03:45:00,2723.135811,2722.357654,2722.773196,-0.7781570000001921,-0.36261500000000524,-0.5703860000000986
2022-09-12 04:00:00,2723.136981,2722.361507,2722.775382,-0.7754740000000311,-0.36159900000029666,-0.5685365000001639
2022-09-12 04:15:00,2723.135231,2722.360025,2722.774892,-0.775206000000253,-0.3603390000002946,-0.5677725000002738
2022-09-12 04:30:00,2723.135231,2722.361506,2722.773484,-0.7737250000000131,-0.36174700000037774,-0.5677360000001954
2022-09-12 05:00:00,2723.134062,2722.35932,2722.773048,-0.7747420000000602,-0.36101400000006834,-0.5678780000000643
2022-09-12 05:15:00,2723.133482,2722.358586,2722.772468,-0.7748960000003535,-0.36101400000006834,-0.5679550000002109
2022-09-12 05:45:00,2723.133482,2722.359518,2722.771982,-0.7739639999999781,-0.36149999999997817,-0.5677319999999781
2022-09-12 06:00:00,2723.132322,2722.361268,2722.772319,-0.7710539999998218,-0.3600029999997787,-0.5655284999998003
2022-09-12 06:15:00,2723.135231,2722.362428,2722.772408,-0.7728030000002946,-0.3628230000003896,-0.5678130000003421
2022-09-12 06:30:00,2723.135231,2722.359517,2722.772265,-0.7757140000003346,-0.36296600000014223,-0.5693400000002384
2022-09-12 06:45:00,2723.136981,2722.361267,2722.773282,-0.7757139999998799,-0.3636989999999969,-0.5697064999999384
2022-09-12 07:15:00,2723.136981,2722.360998,2722.772998,-0.7759829999999965,-0.36398300000018935,-0.5699830000000929
2022-09-12 07:30:00,2723.134062,2722.357147,2722.767594,-0.7769149999999172,-0.3664680000001681,-0.5716915000000427
2022-09-12 07:45:00,2723.134062,2722.360335,2722.772502,-0.7737270000002354,-0.36156000000028143,-0.5676435000002584
2022-09-12 08:00:00,2723.133482,2722.361039,2722.772939,-0.772443000000294,-0.3605430000002343,-0.5664930000002641
2022-09-12 08:15:00,2723.131733,2722.358357,2722.770515,-0.7733760000000984,-0.36121800000000803,-0.5672970000000532
2022-09-12 08:45:00,2723.132312,2722.353729,2722.768327,-0.7785830000002534,-0.3639849999999569,-0.5712840000001052
2022-09-12 09:00:00,2723.130563,2722.352332,2722.767104,-0.7782310000002326,-0.3634590000001481,-0.5708450000001903
2022-09-12 09:15:00,2723.130563,2722.354886,2722.766914,-0.775677000000087,-0.3636490000003505,-0.5696630000002187
2022-09-12 10:00:00,2723.133482,2722.35559,2722.768274,-0.7778920000000653,-0.36520800000016607,-0.5715500000001157
2022-09-12 10:15:00,2723.130563,2722.35442,2722.765353,-0.7761430000000473,-0.3652100000003884,-0.5706765000002179
2022-09-12 10:45:00,2723.129983,2722.353839,2722.765791,-0.7761439999999311,-0.36419200000000274,-0.5701679999999669
2022-09-12 11:15:00,2723.130573,2722.354586,2722.76705,-0.7759869999999864,-0.3635229999999865,-0.5697549999999865
2022-09-12 11:30:00,2723.127074,2722.355083,2722.763603,-0.7719910000000709,-0.3634710000001178,-0.5677310000000944
2022-09-12 12:00:00,2723.125315,2722.356524,2722.766311,-0.7687909999999647,-0.3590039999999135,-0.5638974999999391
2022-09-12 12:15:00,2723.128814,2722.357808,2722.768795,-0.771005999999943,-0.36001900000019305,-0.565512500000068
2022-09-12 12:30:00,2723.127064,2722.354774,2722.76407,-0.7722899999998845,-0.3629939999996168,-0.5676419999997506
2022-09-12 12:45:00,2723.128234,2722.355478,2722.765241,-0.7727559999998448,-0.362992999999733,-0.5678744999997889
2022-09-12 13:15:00,2723.128814,2722.354461,2722.764804,-0.7743530000002465,-0.36401000000023487,-0.5691815000002407
2022-09-12 13:30:00,2723.126484,2722.355943,2722.763738,-0.7705409999998665,-0.3627459999997882,-0.5666434999998273
2022-09-12 13:45:00,2723.125325,2722.356408,2722.76058,-0.768916999999874,-0.3647449999998571,-0.5668309999998655
2022-09-12 14:15:00,2723.127074,2722.356677,2722.762383,-0.7703969999997753,-0.36469099999976606,-0.5675439999997707
2022-09-12 14:30:00,2723.128234,2722.360052,2722.765484,-0.768181999999797,-0.3627499999997781,-0.5654659999997875
2022-09-12 14:45:00,2723.125325,2722.357143,2722.761893,-0.768181999999797,-0.36343200000010256,-0.5658069999999498
2022-09-12 15:00:00,2723.127064,2722.354618,2722.763787,-0.7724459999999453,-0.36327699999992547,-0.5678614999999354
2022-09-12 15:15:00,2723.125315,2722.353137,2722.761883,-0.7721779999997125,-0.3634319999996478,-0.5678049999996801
2022-09-12 16:00:00,2723.126484,2722.355081,2722.761834,-0.7714029999997365,-0.36464999999998327,-0.5680264999998599
2022-09-12 16:15:00,2723.126484,2722.353332,2722.760084,-0.7731519999997545,-0.36639999999988504,-0.5697759999998198
2022-09-12 16:45:00,2723.125315,2722.3536,2722.76116,-0.7717149999998583,-0.3641549999997551,-0.5679349999998067
2022-09-12 17:00:00,2723.127064,2722.356128,2722.76242,-0.7709359999998924,-0.36464399999977104,-0.5677899999998317
2022-09-12 17:15:00,2723.126484,2722.355549,2722.762573,-0.7709350000000086,-0.3639109999999164,-0.5674229999999625
2022-09-12 19:30:00,2723.126484,2722.357457,2722.761546,-0.7690269999998236,-0.3649379999997109,-0.5669824999997672
2022-09-12 19:45:00,2723.127644,2722.354775,2722.763733,-0.7728690000003553,-0.36391100000037113,-0.5683900000003632
2022-09-12 20:00:00,2723.127644,2722.355241,2722.762509,-0.7724029999999402,-0.3651350000000093,-0.5687689999999748
2022-09-12 20:30:00,2723.129393,2722.358461,2722.76475,-0.7709320000003572,-0.364643000000342,-0.5677875000003496
2022-09-12 20:45:00,2723.128234,2722.356835,2722.765731,-0.7713989999997466,-0.36250299999983326,-0.5669509999997899
2022-09-12 21:00:00,2723.124735,2722.355085,2722.763797,-0.7696499999997286,-0.36093799999980547,-0.565293999999767
2022-09-12 21:15:00,2723.128234,2722.356989,2722.764471,-0.771244999999908,-0.3637629999998353,-0.5675039999998717
2022-09-12 21:45:00,2723.128234,2722.359205,2722.765204,-0.7690289999995912,-0.36302999999998065,-0.5660294999997859
2022-09-12 22:30:00,2723.128234,2722.357301,2722.766954,-0.7709329999997863,-0.3612799999996241,-0.5661064999997052
2022-09-12 23:15:00,2723.126484,2722.354082,2722.766424,-0.7724020000000564,-0.36005999999997584,-0.5662310000000161
2022-09-12 23:45:00,2723.129403,2722.355551,2722.766033,-0.7738519999998061,-0.3633700000000317,-0.5686109999999189
2022-09-13 00:30:00,2723.128234,2722.356131,2722.76627,-0.7721029999997882,-0.3619639999997162,-0.5670334999997522
2022-09-13 01:00:00,2723.129403,2722.357767,2722.766767,-0.771635999999944,-0.36263599999983853,-0.5671359999998913
2022-09-13 01:15:00,2723.127654,2722.361466,2722.766707,-0.7661880000000565,-0.36094699999966906,-0.5635674999998628
2022-09-13 02:45:00,2723.129983,2722.361733,2722.768517,-0.7682499999996253,-0.36146599999983664,-0.564857999999731
2022-09-13 03:00:00,2723.126484,2722.359714,2722.765749,-0.766769999999724,-0.36073499999974956,-0.5637524999997368
2022-09-13 04:15:00,2723.127644,2722.359393,2722.765744,-0.7682509999999638,-0.3619000000003325,-0.5650755000001482
2022-09-13 04:45:00,2723.129393,2722.359674,2722.76627,-0.7697190000003502,-0.3631230000000869,-0.5664210000002186
2022-09-13 05:00:00,2723.130563,2722.360844,2722.767494,-0.7697190000003502,-0.36306899999999587,-0.566394000000173
2022-09-13 05:15:00,2723.131143,2722.359208,2722.767003,-0.7719350000002123,-0.364140000000134,-0.5680375000001732
2022-09-13 05:30:00,2723.129983,2722.36189,2722.76802,-0.7680929999996806,-0.3619629999998324,-0.5650279999997565
2022-09-13 06:00:00,2723.129393,2722.357923,2722.764857,-0.7714700000001358,-0.3645360000000437,-0.5680030000000897
2022-09-13 06:15:00,2723.130563,2722.361309,2722.76676,-0.7692540000002737,-0.36380300000018906,-0.5665285000002314
2022-09-13 06:30:00,2723.128234,2722.358234,2722.764573,-0.7699999999999818,-0.36366099999986545,-0.5668304999999236
2022-09-13 08:15:00,2723.128234,2722.356172,2722.763107,-0.7720620000000054,-0.36512699999957476,-0.5685944999997901
2022-09-13 08:30:00,2723.129393,2722.360449,2722.76452,-0.7689440000003742,-0.3648729999999887,-0.5669085000001814
2022-09-13 09:00:00,2723.125895,2722.356638,2722.763786,-0.769256999999925,-0.3621090000001459,-0.5656830000000355
2022-09-13 09:15:00,2723.125895,2722.358853,2722.765199,-0.7670419999999467,-0.3606960000001891,-0.5638690000000679
2022-09-13 10:00:00,2723.128234,2722.357226,2722.762626,-0.7710079999997106,-0.3656079999996109,-0.5683079999996608
2022-09-13 10:15:00,2723.129393,2722.359856,2722.764466,-0.7695370000001276,-0.3649270000000797,-0.5672320000001037
2022-09-13 11:00:00,2723.126484,2722.35676,2722.765056,-0.7697239999997691,-0.3614279999997052,-0.5655759999997372
2022-09-13 11:15:00,2723.123575,2722.355011,2722.762288,-0.7685639999999694,-0.3612870000001749,-0.5649255000000721
2022-09-13 12:15:00,2723.126484,2722.355001,2722.763296,-0.7714829999999893,-0.3631879999998091,-0.5673354999998992
2022-09-13 12:30:00,2723.124735,2722.352783,2722.760379,-0.7719520000000557,-0.3643560000000434,-0.5681540000000496
2022-09-13 12:45:00,2723.122986,2722.351654,2722.759065,-0.7713319999998021,-0.36392099999966376,-0.5676264999997329
2022-09-13 13:00:00,2723.127654,2722.35387,2722.762076,-0.7737839999999778,-0.365577999999914,-0.5696809999999459
2022-09-13 13:15:00,2723.126484,2722.353404,2722.761059,-0.7730799999999363,-0.36542499999995925,-0.5692524999999478
2022-09-13 13:30:00,2723.125905,2722.352358,2722.760272,-0.7735469999997804,-0.36563299999988885,-0.5695899999998346
2022-09-13 13:45:00,2723.124155,2722.354882,2722.761496,-0.7692729999998846,-0.36265899999989415,-0.5659659999998894
2022-09-13 14:00:00,2723.125905,2722.353414,2722.760615,-0.772490999999718,-0.36528999999973166,-0.5688904999997249
2022-09-13 14:15:00,2723.127654,2722.355164,2722.761348,-0.7724899999998343,-0.366305999999895,-0.5693979999998646
2022-09-13 14:30:00,2723.124145,2722.355039,2722.760325,-0.7691060000001926,-0.36382000000003245,-0.5664630000001125
2022-09-13 14:45:00,2723.127644,2722.357255,2722.761342,-0.7703890000002502,-0.36630200000035984,-0.568345500000305
2022-09-13 15:00:00,2723.125315,2722.35741,2722.761005,-0.7679049999997005,-0.3643099999999322,-0.5661074999998164
2022-09-13 15:15:00,2723.124155,2722.35329,2722.758575,-0.770864999999958,-0.36558000000013635,-0.5682225000000471
2022-09-13 15:45:00,2723.125905,2722.353247,2722.759309,-0.7726579999998648,-0.36659599999984493,-0.5696269999998549
2022-09-13 16:00:00,2723.125905,2722.353558,2722.759835,-0.7723470000000816,-0.3660700000000361,-0.5692085000000588
2022-09-13 17:30:00,2723.124155,2722.355195,2722.761005,-0.7689599999998791,-0.3631500000001324,-0.5660550000000057
2022-09-13 17:45:00,2723.125905,2722.357991,2722.760852,-0.7679140000000189,-0.36505299999998897,-0.5664835000000039
2022-09-13 18:00:00,2723.132312,2722.357723,2722.758818,-0.7745890000001054,-0.3734940000003917,-0.5740415000002486
2022-09-13 18:15:00,2723.135811,2722.361222,2722.761739,-0.7745890000001054,-0.37407200000006924,-0.5743305000000873
2022-09-13 18:45:00,2723.132312,2722.366319,2722.764713,-0.7659929999999804,-0.3675990000001548,-0.5667960000000676
2022-09-13 19:00:00,2723.132312,2722.36087,2722.765199,-0.7714420000002065,-0.36711300000024494,-0.5692775000002257
2022-09-13 19:15:00,2723.129403,2722.363088,2722.767399,-0.7663149999998495,-0.36200400000006994,-0.5641594999999597
2022-09-13 19:30:00,2723.130563,2722.362819,2722.767836,-0.7677440000002207,-0.3627270000001772,-0.565235500000199
2022-09-13 19:45:00,2723.131733,2722.360178,2722.769059,-0.7715550000002622,-0.36267399999996996,-0.5671145000001161
2022-09-13 20:00:00,2723.131153,2722.363708,2722.767889,-0.7674449999999524,-0.3632639999996172,-0.5653544999997848
2022-09-13 20:15:00,2723.131153,2722.361067,2722.766873,-0.770085999999992,-0.36427999999978056,-0.5671829999998863
2022-09-13 20:30:00,2723.132312,2722.362692,2722.769392,-0.7696200000000317,-0.362920000000031,-0.5662700000000314
2022-09-13 21:00:00,2723.132892,2722.36278,2722.768906,-0.7701120000001538,-0.36398600000029546,-0.5670490000002246
2022-09-13 21:15:00,2723.132902,2722.359207,2722.768173,-0.7736949999998615,-0.3647289999998975,-0.5692119999998795
2022-09-13 21:30:00,2723.132312,2722.35987,2722.767156,-0.7724420000004102,-0.36515600000029735,-0.5687990000003538
2022-09-13 22:00:00,2723.135821,2722.360843,2722.771093,-0.7749779999999191,-0.3647280000000137,-0.5698529999999664
2022-09-13 22:30:00,2723.134072,2722.359361,2722.772843,-0.7747110000000248,-0.3612289999996392,-0.567969999999832
2022-09-13 22:45:00,2723.134072,2722.356327,2722.768326,-0.777744999999868,-0.3657459999999446,-0.5717454999999063
2022-09-13 23:00:00,2723.13873,2722.361774,2722.773577,-0.7769560000001547,-0.36515300000019124,-0.571054500000173
2022-09-13 23:15:00,2723.135821,2722.359827,2722.774877,-0.7759939999996277,-0.3609440000000177,-0.5684689999998227
2022-09-13 23:30:00,2723.136981,2722.362241,2722.77305,-0.7747400000002926,-0.36393100000032064,-0.5693355000003066
2022-09-13 23:45:00,2723.136981,2722.360491,2722.772767,-0.7764900000001944,-0.36421400000017456,-0.5703520000001845
2022-09-14 00:15:00,2723.135821,2722.361068,2722.773784,-0.7747529999996914,-0.36203699999987293,-0.5683949999997822
2022-09-14 00:30:00,2723.134072,2722.358077,2722.774517,-0.7759949999999662,-0.3595550000000003,-0.5677749999999833
2022-09-14 00:45:00,2723.137571,2722.360602,2722.775534,-0.7769690000000082,-0.3620370000003277,-0.569503000000168
2022-09-14 01:00:00,2723.135231,2722.355553,2722.774264,-0.7796780000003309,-0.3609670000000733,-0.5703225000002021
2022-09-14 01:30:00,2723.135231,2722.353843,2722.77421,-0.7813880000003337,-0.36102100000016435,-0.571204500000249
2022-09-14 01:45:00,2723.134062,2722.353645,2722.771349,-0.7804169999999431,-0.3627129999999852,-0.5715649999999641
2022-09-14 02:15:00,2723.133482,2722.357031,2722.772029,-0.7764510000001792,-0.36145299999998315,-0.5689520000000812
2022-09-14 02:45:00,2723.133482,2722.352558,2722.771295,-0.780924000000141,-0.36218700000017634,-0.5715555000001586
2022-09-14 03:00:00,2723.132312,2722.351697,2722.770656,-0.7806150000001253,-0.36165600000003906,-0.5711355000000822
2022-09-14 03:15:00,2723.133482,2722.354308,2722.772559,-0.7791740000002392,-0.3609230000001844,-0.5700485000002118
2022-09-14 03:30:00,2723.133482,2722.352401,2722.770809,-0.7810810000000856,-0.3626730000000862,-0.5718770000000859
2022-09-14 03:45:00,2723.131733,2722.350342,2722.767835,-0.7813909999999851,-0.3638980000000629,-0.572644500000024
2022-09-14 04:00:00,2723.136981,2722.353645,2722.773086,-0.783335999999963,-0.3638949999999568,-0.5736154999999599
2022-09-14 04:15:00,2723.132312,2722.356015,2722.770319,-0.7762970000003406,-0.361992999999984,-0.5691450000001623
2022-09-14 04:30:00,2723.133482,2722.355703,2722.770022,-0.7777790000000095,-0.36346000000003187,-0.5706195000000207
2022-09-14 04:45:00,2723.132312,2722.356481,2722.769869,-0.7758310000003803,-0.36244299999998475,-0.5691370000001825
2022-09-14 05:00:00,2723.130563,2722.354533,2722.769378,-0.7760299999999916,-0.36118500000020504,-0.5686075000000983
2022-09-14 05:45:00,2723.133482,2722.357453,2722.769815,-0.7760290000001078,-0.3636670000000777,-0.5698480000000927
2022-09-14 06:00:00,2723.133482,2722.357919,2722.770548,-0.7755630000001474,-0.362934000000223,-0.5692485000001852
2022-09-14 07:00:00,2723.133482,2722.359246,2722.769135,-0.7742360000002009,-0.36434700000017983,-0.5692915000001904
2022-09-14 07:15:00,2723.133482,2722.357496,2722.768058,-0.7759860000001026,-0.36542400000007547,-0.5707050000000891
2022-09-14 07:30:00,2723.133482,2722.35878,2722.769075,-0.7747020000001612,-0.36440700000002835,-0.5695545000000948
2022-09-14 07:45:00,2723.134062,2722.357609,2722.767622,-0.7764529999999468,-0.3664400000002388,-0.5714465000000928
2022-09-14 08:00:00,2723.134062,2722.359826,2722.769655,-0.7742360000002009,-0.36440700000002835,-0.5693215000001146
2022-09-14 08:15:00,2723.129403,2722.356915,2722.767478,-0.7724880000000667,-0.36192499999970096,-0.5672064999998838
2022-09-14 08:30:00,2723.131153,2722.35439,2722.765728,-0.7767629999998462,-0.36542499999995925,-0.5710939999999027
2022-09-14 08:45:00,2723.127654,2722.355165,2722.766744,-0.7724889999999505,-0.36090999999987616,-0.5666994999999133
2022-09-14 09:00:00,2723.130563,2722.356325,2722.765138,-0.7742379999999685,-0.36542499999995925,-0.5698314999999639
2022-09-14 09:15:00,2723.130563,2722.355859,2722.766155,-0.7747040000003835,-0.3644080000003669,-0.5695560000003752
2022-09-14 09:30:00,2723.127654,2722.352948,2722.763244,-0.7747059999996964,-0.3644099999996797,-0.569557999999688
2022-09-14 10:00:00,2723.129403,2722.354855,2722.764994,-0.7745479999998679,-0.3644089999997959,-0.5694784999998319
2022-09-14 10:15:00,2723.130573,2722.354574,2722.764941,-0.7759989999999561,-0.36563200000000506,-0.5708154999999806
2022-09-14 11:15:00,2723.129403,2722.356904,2722.766011,-0.7724989999996978,-0.3633919999997488,-0.5679454999997233
2022-09-14 13:00:00,2723.128814,2722.353333,2722.76324,-0.7754810000001271,-0.3655739999999241,-0.5705275000000256
2022-09-14 13:15:00,2723.128814,2722.351582,2722.762224,-0.7772320000003674,-0.36659000000008746,-0.5719110000002274
2022-09-14 13:45:00,2723.127644,2722.354841,2722.762754,-0.7728030000002946,-0.3648900000002868,-0.5688465000002907
2022-09-14 14:00:00,2723.127064,2722.354261,2722.762174,-0.7728029999998398,-0.36488999999983207,-0.5688464999998359
2022-09-14 14:45:00,2723.127644,2722.353091,2722.762506,-0.7745530000001963,-0.3651380000001154,-0.5698455000001559
2022-09-14 15:00:00,2723.126484,2722.352481,2722.763097,-0.7740029999999933,-0.3633869999998751,-0.5686949999999342
2022-09-14 15:15:00,2723.128234,2722.354687,2722.764841,-0.7735469999997804,-0.3633929999996326,-0.5684699999997065
2022-09-14 15:30:00,2723.129403,2722.355857,2722.762511,-0.7735459999998966,-0.3668920000000071,-0.5702189999999518
2022-09-14 15:45:00,2723.132312,2722.354969,2722.76499,-0.7773430000002008,-0.3673220000000583,-0.5723325000001296
2022-09-14 16:00:00,2723.130563,2722.357959,2722.762907,-0.7726040000002286,-0.3676560000003519,-0.5701300000002902
2022-09-14 16:15:00,2723.130563,2722.356012,2722.762173,-0.774550999999974,-0.36839000000009037,-0.5714705000000322
2022-09-14 16:30:00,2723.130563,2722.356944,2722.763924,-0.7736190000000533,-0.3666390000003048,-0.5701290000001791
2022-09-14 16:45:00,2723.130563,2722.359471,2722.76494,-0.7710919999999533,-0.3656230000001415,-0.5683575000000474
2022-09-14 17:15:00,2723.128814,2722.355194,2722.761683,-0.7736199999999371,-0.3671309999999721,-0.5703754999999546
2022-09-14 18:00:00,2723.130563,2722.354728,2722.760666,-0.7758350000003702,-0.3698970000000372,-0.5728660000002037
2022-09-14 18:15:00,2723.135811,2722.360444,2722.765917,-0.7753670000001875,-0.3698939999999311,-0.5726305000000593
2022-09-14 19:15:00,2723.132312,2722.358695,2722.76548,-0.7736170000002858,-0.3668320000001586,-0.5702245000002222
2022-09-14 19:30:00,2723.128814,2722.35504,2722.763293,-0.7737740000002304,-0.3655210000001716,-0.569647500000201
2022-09-14 19:45:00,2723.130563,2722.356791,2722.763973,-0.7737720000000081,-0.36659000000008746,-0.5701810000000478
2022-09-14 20:00:00,2723.131153,2722.355631,2722.76432,-0.7755219999999099,-0.36683299999958763,-0.5711774999997488
2022-09-14 20:30:00,2723.129403,2722.354575,2722.76481,-0.7748280000000705,-0.3645929999997861,-0.5697104999999283
2022-09-14 20:45:00,2723.129403,2722.355155,2722.764314,-0.7742479999997158,-0.3650889999998981,-0.569668499999807
2022-09-14 21:00:00,2723.129403,2722.356637,2722.7648,-0.7727660000000469,-0.36460299999998824,-0.5686845000000176
2022-09-14 21:15:00,2723.129403,2722.354887,2722.76305,-0.7745159999999487,-0.36635299999989,-0.5704344999999194
2022-09-14 21:45:00,2723.129983,2722.357682,2722.764309,-0.7723009999999704,-0.36567399999967165,-0.568987499999821
2022-09-14 23:00:00,2723.131143,2722.355467,2722.764593,-0.7756760000002032,-0.36655000000018845,-0.5711130000001958
2022-09-14 23:45:00,2723.132902,2722.359318,2722.766497,-0.773584000000028,-0.36640499999975873,-0.5699944999998934
2022-09-15 00:15:00,2723.129393,2722.351501,2722.763576,-0.7778920000000653,-0.3658170000003338,-0.5718545000001996
2022-09-15 02:00:00,2723.132892,2722.357217,2722.766739,-0.7756749999998647,-0.3661529999999402,-0.5709139999999024
2022-09-15 04:00:00,2723.131143,2722.355465,2722.76484,-0.7756779999999708,-0.36630300000024363,-0.5709905000001072
2022-09-15 04:15:00,2723.132312,2722.35442,2722.76601,-0.7778920000000653,-0.36630200000035984,-0.5720970000002126
2022-09-15 04:30:00,2723.132312,2722.355351,2722.765479,-0.7769610000000284,-0.3668330000000424,-0.5718970000000354
2022-09-15 04:45:00,2723.132312,2722.353404,2722.7648,-0.7789080000002286,-0.36751200000026074,-0.5732100000002447
2022-09-15 05:15:00,2723.132312,2722.354885,2722.766158,-0.7774269999999888,-0.36615400000027876,-0.5717905000001338
2022-09-15 05:45:00,2723.134062,2722.357101,2722.767909,-0.7769610000000284,-0.3661529999999402,-0.5715569999999843
2022-09-15 06:00:00,2723.132892,2722.358147,2722.765519,-0.7747450000001663,-0.36737300000004325,-0.5710590000001048
2022-09-15 06:15:00,2723.131143,2722.357413,2722.765272,-0.7737299999998868,-0.3658709999999701,-0.5698004999999284
2022-09-15 06:30:00,2723.129393,2722.355197,2722.764929,-0.7741960000003019,-0.3644640000002255,-0.5693300000002637
2022-09-15 07:00:00,2723.132902,2722.356253,2722.764259,-0.7766489999999067,-0.36864299999979266,-0.5726459999998497
2022-09-15 07:30:00,2723.129403,2722.354502,2722.762509,-0.7749009999997725,-0.3668939999997747,-0.5708974999997736
2022-09-15 08:00:00,2723.131733,2722.356705,2722.764596,-0.7750280000000203,-0.36713700000018434,-0.5710825000001023
2022-09-15 08:15:00,2723.132902,2722.355773,2722.765276,-0.7771289999996043,-0.36762599999974555,-0.5723774999996749
2022-09-15 09:00:00,2723.128234,2722.353319,2722.762356,-0.7749149999999645,-0.36587799999961135,-0.5703964999997879
2022-09-15 10:30:00,2723.128234,2722.352117,2722.760659,-0.7761169999998856,-0.3675749999997606,-0.5718459999998231
2022-09-15 10:45:00,2723.127064,2722.34842,2722.760605,-0.7786439999999857,-0.36645899999984977,-0.5725514999999177
2022-09-15 11:00:00,2723.126484,2722.34667,2722.760606,-0.7798139999999876,-0.3658780000000661,-0.5728460000000268
2022-09-15 11:15:00,2723.127064,2722.348886,2722.761338,-0.7781779999995706,-0.3657259999999951,-0.5719519999997829
2022-09-15 11:45:00,2723.128234,2722.350636,2722.762409,-0.7775979999996707,-0.36582499999985885,-0.5717114999997648
2022-09-15 12:15:00,2723.128234,2722.350055,2722.761829,-0.7781789999999091,-0.36640499999975873,-0.5722919999998339
2022-09-15 12:30:00,2723.126484,2722.348586,2722.760812,-0.7778979999998228,-0.3656719999999041,-0.5717849999998634
2022-09-15 12:45:00,2723.126484,2722.350336,2722.762845,-0.776147999999921,-0.3636389999996936,-0.5698934999998073
2022-09-15 13:00:00,2723.126484,2722.346836,2722.760079,-0.7796479999997246,-0.36640499999975873,-0.5730264999997416
2022-09-15 13:15:00,2723.126484,2722.350222,2722.762508,-0.7762619999998606,-0.36397600000009334,-0.570118999999977
2022-09-15 13:45:00,2723.123565,2722.345666,2722.759588,-0.7778989999997066,-0.3639769999999771,-0.5709379999998418
2022-09-15 14:30:00,2723.124735,2722.349518,2722.761285,-0.7752169999998841,-0.36344999999982974,-0.5693334999998569
2022-09-15 14:45:00,2723.125325,2722.348036,2722.762361,-0.7772890000001098,-0.3629639999999199,-0.5701265000000149
2022-09-15 15:15:00,2723.126484,2722.346981,2722.760268,-0.7795029999997496,-0.36621599999989485,-0.5728594999998222
2022-09-15 15:30:00,2723.124735,2722.347755,2722.759534,-0.7769800000000942,-0.36520100000007005,-0.5710905000000821
2022-09-15 15:45:00,2723.124735,2722.349039,2722.761865,-0.775695999999698,-0.36286999999992986,-0.5692829999998139
2022-09-15 16:15:00,2723.124735,2722.347289,2722.759097,-0.7774460000000545,-0.36563799999976254,-0.5715419999999085
2022-09-15 17:30:00,2723.124735,2722.34873,2722.76113,-0.7760049999997136,-0.36360500000000684,-0.5698049999998602
2022-09-15 19:00:00,2723.124735,2722.350947,2722.762544,-0.7737879999999677,-0.3621909999997115,-0.5679894999998396
2022-09-15 19:45:00,2723.126484,2722.348732,2722.761621,-0.777751999999964,-0.36486299999978655,-0.5713074999998753
2022-09-15 20:00:00,2723.127644,2722.352429,2722.761284,-0.7752150000001166,-0.36635999999998603,-0.5707875000000513
2022-09-15 20:15:00,2723.126484,2722.351497,2722.762017,-0.7749869999997827,-0.36446699999987686,-0.5697269999998298
2022-09-15 20:45:00,2723.126484,2722.350535,2722.761627,-0.775948999999855,-0.3648570000000291,-0.570402999999942
2022-09-15 21:00:00,2723.125315,2722.351581,2722.761681,-0.7737339999998767,-0.36363399999981993,-0.5686839999998483
2022-09-15 21:15:00,2723.126484,2722.353332,2722.762904,-0.7731519999997545,-0.3635799999997289,-0.5683659999997417
2022-09-15 21:30:00,2723.125315,2722.351116,2722.76168,-0.7741989999999532,-0.3636349999997037,-0.5689169999998285
2022-09-15 21:45:00,2723.125315,2722.353798,2722.762413,-0.771516999999676,-0.36290199999984907,-0.5672094999997626
2022-09-15 22:00:00,2723.129403,2722.35419,2722.764074,-0.7752129999998942,-0.3653289999997469,-0.5702709999998206
2022-09-15 22:15:00,2723.129403,2722.351974,2722.763057,-0.7774289999997563,-0.366345999999794,-0.5718874999997752
2022-09-15 23:00:00,2723.128234,2722.35302,2722.763577,-0.775213999999778,-0.36465699999962453,-0.5699354999997013
2022-09-15 23:15:00,2723.128234,2722.352554,2722.763087,-0.7756799999997384,-0.365146999999979,-0.5704134999998587
2022-09-15 23:45:00,2723.129403,2722.354036,2722.767231,-0.7753669999997328,-0.3621720000001005,-0.5687694999999167
2022-09-16 00:30:00,2723.127654,2722.35007,2722.763583,-0.7775839999999334,-0.36407099999996717,-0.5708274999999503
2022-09-16 00:45:00,2723.128234,2722.349759,2722.762849,-0.7784749999996166,-0.3653849999996055,-0.571929999999611
2022-09-16 01:00:00,2723.127654,2722.350536,2722.763583,-0.7771179999999731,-0.36407099999996717,-0.5705944999999701
2022-09-16 01:45:00,2723.129983,2722.353486,2722.764316,-0.7764969999998357,-0.3656670000000304,-0.571081999999933
2022-09-16 02:30:00,2723.126484,2722.351736,2722.761886,-0.7747479999998177,-0.36459800000011455,-0.5696729999999661
2022-09-16 02:45:00,2723.128234,2722.34952,2722.76087,-0.7787139999995816,-0.3673639999997249,-0.5730389999996532
2022-09-16 03:15:00,2723.125895,2722.350215,2722.761539,-0.7756800000001931,-0.3643560000000434,-0.5700180000001183
2022-09-16 03:30:00,2723.129393,2722.352896,2722.76203,-0.7764970000002904,-0.36736300000029587,-0.5719300000002931
2022-09-16 03:45:00,2723.126484,2722.35243,2722.762273,-0.7740539999999783,-0.36421100000006845,-0.5691325000000234
2022-09-16 04:15:00,2723.129393,2722.353205,2722.762556,-0.7761880000002748,-0.3668370000000323,-0.5715125000001535
2022-09-16 04:45:00,2723.128234,2722.351415,2722.762555,-0.7768189999997048,-0.3656790000000001,-0.5712489999998525
2022-09-16 05:00:00,2723.129393,2722.353165,2722.763573,-0.7762280000001738,-0.36581999999998516,-0.5710240000000795
2022-09-16 06:15:00,2723.127644,2722.350213,2722.760072,-0.7774309999999787,-0.36757200000010926,-0.572501500000044
2022-09-16 06:45:00,2723.127644,2722.356128,2722.764743,-0.771516000000247,-0.3629009999999653,-0.5672085000001061
2022-09-16 07:00:00,2723.131143,2722.354645,2722.763725,-0.7764980000001742,-0.3674180000002707,-0.5719580000002225
2022-09-16 07:15:00,2723.129403,2722.352751,2722.761549,-0.7766520000000128,-0.3678540000000794,-0.5722530000000461
2022-09-16 07:30:00,2723.129983,2722.356716,2722.765049,-0.7732670000000326,-0.364933999999721,-0.5691004999998768
2022-09-16 07:45:00,2723.129403,2722.352285,2722.763789,-0.7771179999999731,-0.36561399999982314,-0.5713659999998981
2022-09-16 08:00:00,2723.129403,2722.354966,2722.763299,-0.7744370000000345,-0.3661039999997229,-0.5702704999998787
2022-09-16 09:00:00,2723.126484,2722.351115,2722.76256,-0.7753689999999551,-0.3639239999997699,-0.5696464999998625
2022-09-16 09:15:00,2723.128234,2722.353049,2722.761542,-0.7751849999999649,-0.36669199999960256,-0.5709384999997837
2022-09-16 09:45:00,2723.128234,2722.350295,2722.760809,-0.7779389999996056,-0.36742499999991196,-0.5726819999997588
2022-09-16 10:00:00,2723.129983,2722.355265,2722.763046,-0.7747179999996661,-0.3669369999997798,-0.5708274999997229
2022-09-16 10:15:00,2723.126484,2722.349548,2722.759545,-0.7769359999997505,-0.3669390000000021,-0.5719374999998763
2022-09-16 10:45:00,2723.122986,2722.348545,2722.760278,-0.7744410000000244,-0.36270799999965675,-0.5685744999998406
2022-09-16 11:00:00,2723.122396,2722.344694,2722.758622,-0.7777020000003176,-0.36377400000037596,-0.5707380000003468
2022-09-16 11:15:00,2723.124735,2722.34633,2722.759059,-0.7784050000000207,-0.365675999999894,-0.5720404999999573
2022-09-16 11:45:00,2723.123565,2722.347614,2722.760319,-0.7759510000000773,-0.36324599999989005,-0.5695984999999837
2022-09-16 12:15:00,2723.121816,2722.346598,2722.759645,-0.7752179999997679,-0.362170999999762,-0.568694499999765
2022-09-16 12:30:00,2723.126484,2722.349984,2722.760325,-0.7764999999999418,-0.3661589999996977,-0.5713294999998197
2022-09-16 12:45:00,2723.122986,2722.35161,2722.759735,-0.771375999999691,-0.36325099999976374,-0.5673134999997274
2022-09-16 13:00:00,2723.122986,2722.348686,2722.757834,-0.7743000000000393,-0.3651519999998527,-0.569725999999946
2022-09-16 13:15:00,2723.123575,2722.34706,2722.757408,-0.7765150000000176,-0.36616700000013225,-0.5713410000000749
2022-09-16 13:30:00,2723.121826,2722.344378,2722.755504,-0.7774480000002768,-0.3663219999998546,-0.5718850000000657
2022-09-16 13:45:00,2723.121816,2722.34822,2722.756664,-0.7735959999999977,-0.3651519999998527,-0.5693739999999252
2022-09-16 14:15:00,2723.122986,2722.347921,2722.757344,-0.7750649999998132,-0.36564199999975244,-0.5703534999997828
2022-09-16 14:30:00,2723.124735,2722.352353,2722.759095,-0.7723819999996522,-0.36563999999998487,-0.5690109999998185
2022-09-16 15:15:00,2723.124735,2722.346751,2722.756184,-0.777983999999833,-0.36855100000002494,-0.573267499999929
2022-09-16 16:00:00,2723.120067,2722.34352,2722.756124,-0.7765469999999368,-0.3639429999998356,-0.5702449999998862
2022-09-16 16:15:00,2723.121236,2722.34294,2722.755113,-0.7782959999999548,-0.3661229999997886,-0.5722094999998717
2022-09-16 16:30:00,2723.122986,2722.34469,2722.75613,-0.7782959999999548,-0.36685599999964325,-0.572575999999799
2022-09-16 16:45:00,2723.119487,2722.346171,2722.755397,-0.7733159999997952,-0.3640900000000329,-0.568702999999914
2022-09-16 18:15:00,2723.121236,2722.344691,2722.75564,-0.7765450000001692,-0.36559600000009596,-0.5710705000001326
2022-09-16 18:30:00,2723.121236,2722.348533,2722.75729,-0.7727030000000923,-0.3639459999999417,-0.568324500000017
2022-09-16 18:45:00,2723.119487,2722.348067,2722.7568,-0.7714200000000346,-0.36268699999982346,-0.567053499999929
2022-09-16 19:15:00,2723.121236,2722.346783,2722.755103,-0.7744529999999941,-0.3661329999999907,-0.5702929999999924
2022-09-16 19:30:00,2723.122986,2722.350284,2722.75612,-0.7727019999997538,-0.36686599999984537,-0.5697839999997996
2022-09-16 19:45:00,2723.124155,2722.35192,2722.758023,-0.7722349999999096,-0.3661320000001069,-0.5691835000000083
2022-09-16 20:45:00,2723.122986,2722.349124,2722.757146,-0.7738620000000083,-0.36583999999993466,-0.5698509999999715
2022-09-16 21:00:00,2723.121236,2722.345159,2722.755396,-0.7760769999999866,-0.36583999999993466,-0.5709584999999606
2022-09-16 21:15:00,2723.119487,2722.345708,2722.75662,-0.7737790000001041,-0.36286699999982375,-0.5683229999999639
2022-09-16 21:30:00,2723.122986,2722.34897,2722.75496,-0.7740159999998468,-0.36802599999964514,-0.571020999999746
2022-09-16 22:00:00,2723.125905,2722.346442,2722.75788,-0.7794629999998506,-0.36802499999976135,-0.573743999999806
2022-09-16 22:15:00,2723.127654,2722.349674,2722.758613,-0.7779799999998431,-0.3690409999999247,-0.5735104999998839
2022-09-16 22:30:00,2723.125895,2722.347602,2722.759773,-0.7782930000003034,-0.3661219999999048,-0.5722075000001041
2022-09-16 23:30:00,2723.124145,2722.350285,2722.75836,-0.7738600000002407,-0.3657850000004146,-0.5698225000003276
2022-09-16 23:45:00,2723.122396,2722.346319,2722.756119,-0.7760769999999866,-0.3662770000000819,-0.5711770000000342
2022-09-17 00:00:00,2723.125315,2722.351455,2722.75953,-0.7738599999997859,-0.36578499999995984,-0.5698224999998729
