Date_Time,P3_WSE,P3_gw_left,P3_gw_right,P3_h_left,P3_h_right,P3_h_average
2021-08-12 00:00:00,2724.218019,2723.226396,2723.846622,-0.9916229999998905,-0.37139699999988807,-0.6815099999998893
2021-08-12 00:15:00,2724.218789,2723.226586,2723.845222,-0.9922029999997903,-0.3735670000000937,-0.682884999999942
2021-08-12 00:30:00,2724.217429,2723.235916,2723.846309,-0.9815129999997225,-0.3711199999997916,-0.6763164999997571
2021-08-12 00:45:00,2724.219958,2723.224671,2723.846672,-0.9952870000001894,-0.37328600000000733,-0.6842865000000984
2021-08-12 01:00:00,2724.218792,2723.231134,2723.844347,-0.9876580000000104,-0.3744449999999233,-0.6810514999999668
2021-08-12 01:15:00,2724.217049,2723.228346,2723.847367,-0.9887029999999868,-0.3696820000000116,-0.6791924999999992
2021-08-12 01:30:00,2724.219375,2723.225558,2723.845068,-0.9938170000000355,-0.37430700000004435,-0.6840620000000399
2021-08-12 01:45:00,2724.219765,2723.227697,2723.846062,-0.9920680000000175,-0.3737029999997503,-0.6828854999998839
2021-08-12 02:00:00,2724.219385,2723.232884,2723.846517,-0.986500999999862,-0.3728679999999258,-0.6796844999998939
2021-08-12 02:15:00,2724.219385,2723.232882,2723.848544,-0.9865030000000843,-0.3708409999999276,-0.6786720000000059
2021-08-12 02:30:00,2724.218802,2723.231429,2723.844345,-0.9873729999999341,-0.374456999999893,-0.6809149999999136
2021-08-12 02:45:00,2724.220552,2723.231426,2723.846095,-0.9891260000003967,-0.37445700000034776,-0.6817915000003723
2021-08-12 03:00:00,2724.220938,2723.227858,2723.846481,-0.9930799999997362,-0.374456999999893,-0.6837684999998146
2021-08-12 03:15:00,2724.219962,2723.230834,2723.84795,-0.9891280000001643,-0.372012000000268,-0.6805700000002162
2021-08-12 03:30:00,2724.218212,2723.228189,2723.847232,-0.9900230000002921,-0.3709800000001451,-0.6805015000002186
2021-08-12 03:45:00,2724.218792,2723.230832,2723.846537,-0.98795999999993,-0.37225500000022294,-0.6801075000000765
2021-08-12 04:15:00,2724.218792,2723.23258,2723.845505,-0.9862120000002506,-0.37328700000034587,-0.6797495000002982
2021-08-12 04:30:00,2724.218212,2723.228347,2723.845784,-0.9898650000000089,-0.3724280000001272,-0.681146500000068
2021-08-12 05:00:00,2724.219575,2723.23044,2723.846151,-0.9891350000002603,-0.3734239999998863,-0.6812795000000733
2021-08-12 05:15:00,2724.219189,2723.227407,2723.847931,-0.9917820000000575,-0.3712580000001253,-0.6815200000000914
2021-08-12 05:30:00,2724.221711,2723.230825,2723.848427,-0.9908860000000459,-0.37328400000023976,-0.6820850000001428
2021-08-12 05:45:00,2724.221325,2723.230436,2723.850208,-0.990889000000152,-0.37111700000014025,-0.6810030000001461
2021-08-12 06:00:00,2724.222301,2723.231413,2723.847267,-0.9908879999998135,-0.3750339999996868,-0.6829609999997501
2021-08-12 06:30:00,2724.221135,2723.232864,2723.849704,-0.9882709999997132,-0.37143099999957485,-0.679850999999644
2021-08-12 07:15:00,2724.219572,2723.23584,2723.848314,-0.9837320000001455,-0.3712580000001253,-0.6774950000001354
2021-08-12 07:30:00,2724.219958,2723.226391,2723.848839,-0.9935669999999845,-0.37111899999990783,-0.6823429999999462
2021-08-12 07:45:00,2724.219958,2723.227285,2723.847089,-0.9926730000001953,-0.37286900000026435,-0.6827710000002298
2021-08-12 08:00:00,2724.219375,2723.2267,2723.846088,-0.9926749999999629,-0.37328700000034587,-0.6829810000001544
2021-08-12 08:30:00,2724.218402,2723.229677,2723.84873,-0.9887250000001586,-0.3696719999998095,-0.679198499999984
2021-08-12 08:45:00,2724.218012,2723.229287,2723.847924,-0.9887249999997039,-0.3700879999996687,-0.6794064999996863
2021-08-12 09:15:00,2724.219569,2723.230841,2723.849144,-0.98872799999981,-0.3704250000000684,-0.6795764999999392
2021-08-12 09:45:00,2724.218789,2723.230059,2723.845919,-0.9887300000000323,-0.37287000000014814,-0.6808000000000902
2021-08-12 10:15:00,2724.219372,2723.224939,2723.8462,-0.9944329999998445,-0.3731720000000678,-0.6838024999999561
2021-08-12 10:30:00,2724.219762,2723.229282,2723.84659,-0.9904800000003888,-0.3731720000000678,-0.6818260000002283
2021-08-12 10:45:00,2724.217819,2723.225134,2723.844532,-0.992685000000165,-0.3732869999998911,-0.6829860000000281
2021-08-12 11:00:00,2724.215873,2723.224937,2723.843755,-0.990936000000147,-0.37211800000022777,-0.6815270000001874
2021-08-12 11:15:00,2724.217623,2723.220983,2723.844034,-0.996639999999843,-0.37358899999981077,-0.6851144999998269
2021-08-12 11:30:00,2724.218596,2723.224162,2723.845008,-0.994434000000183,-0.3735880000003817,-0.6840110000002824
2021-08-12 11:45:00,2724.219569,2723.223385,2723.845702,-0.9961840000000848,-0.373866999999791,-0.6850254999999379
2021-08-12 12:00:00,2724.217429,2723.224468,2723.843863,-0.9929609999999229,-0.37356599999975515,-0.683263499999839
2021-08-12 12:15:00,2724.217049,2723.224356,2723.847506,-0.9926929999996901,-0.3695429999997941,-0.6811179999997421
2021-08-12 12:30:00,2724.218792,2723.225396,2723.846339,-0.9933960000003026,-0.3724529999999504,-0.6829245000001265
2021-08-12 12:45:00,2724.217049,2723.226563,2723.844922,-0.9904859999996916,-0.3721269999996366,-0.6813064999996641
2021-08-12 13:15:00,2724.217633,2723.223196,2723.843617,-0.9944370000002891,-0.3740160000002106,-0.6842265000002499
2021-08-12 13:30:00,2724.216466,2723.21941,2723.844201,-0.9970559999997022,-0.3722649999999703,-0.6846604999998362
2021-08-12 13:45:00,2724.219382,2723.229358,2723.845367,-0.9900240000001759,-0.37401500000032684,-0.6820195000002514
2021-08-12 14:00:00,2724.219382,2723.224952,2723.847256,-0.9944300000001931,-0.37212600000020757,-0.6832780000002003
2021-08-12 14:15:00,2724.219382,2723.224535,2723.845088,-0.9948470000003908,-0.37429400000019086,-0.6845705000002908
2021-08-12 14:30:00,2724.218022,2723.22755,2723.845758,-0.9904719999999543,-0.3722640000000865,-0.6813680000000204
2021-08-12 14:45:00,2724.220552,2723.225712,2723.845102,-0.9948400000002948,-0.3754500000000007,-0.6851450000001478
2021-08-12 15:00:00,2724.215886,2723.2285,2723.846102,-0.9873859999997876,-0.36978399999998146,-0.6785849999998845
2021-08-12 15:15:00,2724.215883,2723.22792,2723.843627,-0.9879630000000361,-0.372255999999652,-0.680109499999844
2021-08-12 15:30:00,2724.216466,2723.224549,2723.842763,-0.9919169999998303,-0.3737029999997503,-0.6828099999997903
2021-08-12 15:45:00,2724.217633,2723.220595,2723.844346,-0.9970380000004297,-0.37328700000034587,-0.6851625000003878
2021-08-12 16:00:00,2724.217049,2723.226612,2723.843762,-0.990436999999929,-0.3732869999998911,-0.68186199999991
2021-08-12 16:15:00,2724.218219,2723.227342,2723.844935,-0.9908769999997276,-0.373283999999785,-0.6820804999997563
2021-08-12 16:30:00,2724.218802,2723.227929,2723.845935,-0.9908729999997377,-0.372867000000042,-0.6818699999998898
2021-08-12 16:45:00,2724.214913,2723.223586,2723.843379,-0.9913269999997283,-0.37153399999988324,-0.6814304999998058
2021-08-12 17:00:00,2724.220542,2723.228511,2723.84582,-0.9920310000002246,-0.37472200000001976,-0.6833765000001222
2021-08-12 17:15:00,2724.219772,2723.231524,2723.84621,-0.9882480000001124,-0.37356199999976525,-0.6809049999999388
2021-08-12 17:45:00,2724.215886,2723.222815,2723.843935,-0.9930709999998726,-0.37195100000008097,-0.6825109999999768
2021-08-12 18:00:00,2724.216853,2723.226425,2723.845316,-0.9904280000000654,-0.37153699999998935,-0.6809825000000274
2021-08-12 18:15:00,2724.217626,2723.222808,2723.843923,-0.994818000000123,-0.37370300000020507,-0.684260500000164
2021-08-12 18:30:00,2724.21646,2723.224701,2723.843335,-0.9917590000000018,-0.37312500000007276,-0.6824420000000373
2021-08-12 19:00:00,2724.217043,2723.221332,2723.84392,-0.9957110000000284,-0.3731230000003052,-0.6844170000001668
2021-08-12 19:15:00,2724.217822,2723.224757,2723.84412,-0.9930650000001151,-0.37370199999986653,-0.6833834999999908
2021-08-12 19:30:00,2724.217049,2723.227938,2723.843345,-0.9891109999998662,-0.3737039999996341,-0.6814074999997501
2021-08-12 19:45:00,2724.217053,2723.229692,2723.847269,-0.9873609999999644,-0.36978399999998146,-0.6785724999999729
2021-08-12 20:00:00,2724.217829,2723.224765,2723.846712,-0.9930640000002313,-0.37111700000014025,-0.6820905000001858
2021-08-12 20:15:00,2724.219375,2723.223819,2723.848256,-0.9955560000003061,-0.37111899999990783,-0.683337500000107
2021-08-12 20:30:00,2724.216653,2723.226799,2723.845116,-0.989853999999923,-0.37153699999998935,-0.6806954999999562
2021-08-12 20:45:00,2724.218206,2723.225292,2723.844641,-0.9929139999999279,-0.37356499999987136,-0.6832394999998996
2021-08-12 21:00:00,2724.218402,2723.224016,2723.846427,-0.9943859999998494,-0.3719750000000204,-0.6831804999999349
2021-08-12 21:15:00,2724.217049,2723.225885,2723.845237,-0.9911640000000261,-0.3718119999998635,-0.6814879999999448
2021-08-12 21:30:00,2724.214324,2723.222578,2723.844097,-0.9917460000001483,-0.3702269999998862,-0.6809865000000173
2021-08-12 21:45:00,2724.218795,2723.224422,2723.844653,-0.994372999999996,-0.37414199999966513,-0.6842574999998305
2021-08-12 22:00:00,2724.21588,2723.226916,2723.843903,-0.9889640000001236,-0.3719770000002427,-0.6804705000001832
2021-08-12 22:15:00,2724.219379,2723.229084,2723.848875,-0.9902950000000601,-0.3705039999999826,-0.6803995000000214
2021-08-12 22:30:00,2724.219382,2723.226457,2723.847987,-0.9929250000000138,-0.3713950000001205,-0.6821600000000672
2021-08-12 22:45:00,2724.220545,2723.224545,2723.846403,-0.9960000000000946,-0.3741420000001199,-0.6850710000001072
2021-08-12 23:00:00,2724.216463,2723.223546,2723.845067,-0.992917000000034,-0.3713960000000043,-0.6821565000000192
2021-08-12 23:15:00,2724.218212,2723.223544,2723.847988,-0.9946680000002743,-0.3702240000002348,-0.6824460000002546
2021-08-12 23:30:00,2724.219379,2723.22908,2723.84884,-0.99029900000005,-0.37053900000000795,-0.680419000000029
2021-08-13 00:00:00,2724.218799,2723.231284,2723.84709,-0.9875150000002577,-0.37170900000000984,-0.6796120000001338
2021-08-13 00:15:00,2724.218216,2723.229239,2723.847978,-0.9889770000004319,-0.37023800000042684,-0.6796075000004294
2021-08-13 00:30:00,2724.218212,2723.223955,2723.849841,-0.9942570000002888,-0.36837100000002465,-0.6813140000001567
2021-08-13 00:45:00,2724.219379,2723.229819,2723.848561,-0.9895599999999831,-0.3708180000003267,-0.6801890000001549
2021-08-13 01:15:00,2724.218795,2723.222786,2723.848257,-0.9960089999999582,-0.3705379999996694,-0.6832734999998138
2021-08-13 01:45:00,2724.220741,2723.228258,2723.850922,-0.9924829999999929,-0.3698190000000068,-0.6811509999999998
2021-08-13 02:00:00,2724.218795,2723.224106,2723.848975,-0.9946889999996529,-0.36981999999989057,-0.6822544999997717
2021-08-13 02:15:00,2724.219962,2723.231867,2723.850142,-0.9880950000001576,-0.3698200000003453,-0.6789575000002515
2021-08-13 02:30:00,2724.220352,2723.225659,2723.850811,-0.9946929999996428,-0.36954100000002654,-0.6821169999998347
2021-08-13 02:45:00,2724.218795,2723.228482,2723.84784,-0.9903129999997873,-0.37095499999986714,-0.6806339999998272
2021-08-13 03:15:00,2724.219962,2723.225274,2723.849424,-0.9946880000002238,-0.37053800000012416,-0.682613000000174
2021-08-13 04:00:00,2724.218212,2723.235799,2723.849007,-0.9824130000001787,-0.3692050000004201,-0.6758090000002994
2021-08-13 04:15:00,2724.218212,2723.234048,2723.851174,-0.984164000000419,-0.3670380000003206,-0.6756010000003698
2021-08-13 04:45:00,2724.220352,2723.232231,2723.849814,-0.9881209999998646,-0.3705379999996694,-0.679329499999767
2021-08-13 05:00:00,2724.220741,2723.234824,2723.849185,-0.9859169999999722,-0.37155600000005506,-0.6787365000000136
2021-08-13 05:15:00,2724.219962,2723.229216,2723.848405,-0.9907459999999446,-0.37155699999993885,-0.6811514999999417
2021-08-13 05:30:00,2724.218602,2723.234429,2723.850231,-0.9841729999998279,-0.36837100000002465,-0.6762719999999263
2021-08-13 05:45:00,2724.218992,2723.232615,2723.849463,-0.986377000000175,-0.36952900000005684,-0.6779530000001159
2021-08-13 06:45:00,2724.219575,2723.230271,2723.85045,-0.9893040000001747,-0.36912500000016735,-0.679214500000171
2021-08-13 07:00:00,2724.216463,2723.22965,2723.849088,-0.9868129999999837,-0.3673750000002656,-0.6770940000001247
2021-08-13 07:15:00,2724.218212,2723.227885,2723.850559,-0.990327000000434,-0.3676530000002458,-0.6789900000003399
2021-08-13 07:30:00,2724.216463,2723.230087,2723.848392,-0.9863760000002912,-0.36807100000032733,-0.6772235000003093
2021-08-13 08:00:00,2724.221128,2723.235205,2723.849559,-0.9859230000001844,-0.37156899999990856,-0.6787460000000465
2021-08-13 08:15:00,2724.216076,2723.229694,2723.849594,-0.9863820000000487,-0.36648200000036013,-0.6764320000002044
2021-08-13 08:30:00,2724.218802,2723.232876,2723.850847,-0.9859259999998358,-0.3679549999997107,-0.6769404999997732
2021-08-13 08:45:00,2724.218219,2723.226574,2723.847405,-0.9916450000000623,-0.37081399999988207,-0.6812294999999722
2021-08-13 09:00:00,2724.217053,2723.227156,2723.848126,-0.9898969999999281,-0.36892699999998513,-0.6794119999999566
2021-08-13 09:15:00,2724.218989,2723.230135,2723.848903,-0.988854000000174,-0.3700859999999011,-0.6794700000000375
2021-08-13 09:30:00,2724.216273,2723.228578,2723.849513,-0.9876949999998033,-0.3667599999998856,-0.6772274999998444
2021-08-13 09:45:00,2724.217822,2723.231588,2723.849903,-0.9862339999999676,-0.36791900000025635,-0.677076500000112
2021-08-13 10:00:00,2724.217043,2723.232139,2723.849123,-0.984903999999915,-0.36792000000014013,-0.6764120000000275
2021-08-13 10:30:00,2724.216849,2723.230611,2723.848513,-0.9862379999999575,-0.36833599999999933,-0.6772869999999784
2021-08-13 10:45:00,2724.216073,2723.22326,2723.84857,-0.9928129999998418,-0.3675029999999424,-0.6801579999998921
2021-08-13 11:00:00,2724.214134,2723.22248,2723.847373,-0.9916539999999259,-0.3667609999997694,-0.6792074999998476
2021-08-13 11:15:00,2724.214134,2723.22496,2723.848821,-0.9891739999998208,-0.3653129999997873,-0.677243499999804
2021-08-13 11:30:00,2724.21646,2723.225852,2723.846372,-0.9906080000000657,-0.37008800000012343,-0.6803480000000945
2021-08-13 11:45:00,2724.215107,2723.22023,2723.846596,-0.9948770000000877,-0.36851100000012593,-0.6816940000001068
2021-08-13 12:15:00,2724.215886,2723.221591,2723.847376,-0.9942949999999655,-0.3685099999997874,-0.6814024999998765
2021-08-13 12:30:00,2724.217053,2723.227608,2723.847709,-0.989444999999705,-0.3693439999997281,-0.6793944999997166
2021-08-13 12:45:00,2724.215886,2723.225549,2723.845789,-0.9903370000001814,-0.370096999999987,-0.6802170000000842
2021-08-13 13:00:00,2724.217439,2723.225354,2723.847064,-0.9920849999998609,-0.37037499999996726,-0.6812299999999141
2021-08-13 13:15:00,2724.219575,2723.22354,2723.845284,-0.9960350000001199,-0.37429100000008475,-0.6851630000001023
2021-08-13 13:30:00,2724.21569,2723.223155,2723.847343,-0.9925349999998616,-0.36834700000008525,-0.6804409999999734
2021-08-13 13:45:00,2724.215297,2723.222765,2723.846533,-0.9925320000002102,-0.368764000000283,-0.6806480000002466
2021-08-13 14:00:00,2724.217629,2723.22335,2723.845366,-0.9942790000000059,-0.37226300000020274,-0.6832710000001043
2021-08-13 14:15:00,2724.212378,2723.223221,2723.844782,-0.9891569999999774,-0.36759600000004866,-0.678376500000013
2021-08-13 14:30:00,2724.215876,2723.222771,2723.845096,-0.9931050000000141,-0.3707800000001953,-0.6819425000001047
2021-08-13 14:45:00,2724.217629,2723.222917,2723.84568,-0.9947120000001632,-0.3719490000003134,-0.6833305000002383
2021-08-13 15:00:00,2724.214127,2723.222337,2723.845513,-0.9917900000000373,-0.36861399999997957,-0.6802020000000084
2021-08-13 15:15:00,2724.214127,2723.218386,2723.845372,-0.9957410000001801,-0.36875499999996464,-0.6822480000000724
2021-08-13 15:30:00,2724.215293,2723.221759,2723.846539,-0.9935340000001815,-0.36875400000008085,-0.6811440000001312
2021-08-13 15:45:00,2724.212764,2723.223614,2723.844009,-0.9891499999998814,-0.36875499999996464,-0.678952499999923
2021-08-13 16:00:00,2724.214714,2723.226889,2723.845959,-0.9878250000001572,-0.36875499999996464,-0.6782900000000609
2021-08-13 16:15:00,2724.21588,2723.226898,2723.847126,-0.9889820000003056,-0.36875400000008085,-0.6788680000001932
2021-08-13 16:30:00,2724.217046,2723.22632,2723.848572,-0.9907259999999951,-0.36847400000033304,-0.6796000000001641
2021-08-13 17:00:00,2724.215293,2723.227482,2723.846956,-0.9878110000004199,-0.36833700000033787,-0.6780740000003789
2021-08-13 17:15:00,2724.215293,2723.225735,2723.845206,-0.9895580000002155,-0.37008700000023964,-0.6798225000002276
2021-08-13 17:45:00,2724.21471,2723.229109,2723.848226,-0.9856010000003153,-0.3664840000001277,-0.6760425000002215
2021-08-13 18:00:00,2724.215293,2723.228385,2723.846642,-0.9869080000003123,-0.3686510000002272,-0.6777795000002698
2021-08-13 18:30:00,2724.215293,2723.225746,2723.845623,-0.9895470000001296,-0.3696700000000419,-0.6796085000000858
2021-08-13 18:45:00,2724.214327,2723.223157,2723.845839,-0.9911700000002384,-0.3684880000000703,-0.6798290000001543
2021-08-13 19:00:00,2724.21647,2723.228401,2723.845678,-0.9880689999999959,-0.37079199999971024,-0.679430499999853
2021-08-13 19:15:00,2724.21472,2723.226197,2723.846373,-0.9885229999999865,-0.36834700000008525,-0.6784350000000359
2021-08-13 19:30:00,2724.213554,2723.227236,2723.846656,-0.9863179999997556,-0.3668979999997646,-0.6766079999997601
2021-08-13 19:45:00,2724.21433,2723.228455,2723.848904,-0.9858749999998508,-0.36542599999984304,-0.6756504999998469
2021-08-13 20:00:00,2724.213161,2723.224062,2723.843538,-0.9890990000003512,-0.3696230000000469,-0.6793610000001991
2021-08-13 20:15:00,2724.212374,2723.226488,2723.847374,-0.9858860000003915,-0.36500000000023647,-0.675443000000314
2021-08-13 20:30:00,2724.21529,2723.227655,2723.848124,-0.9876349999999547,-0.36716599999999744,-0.6774004999999761
2021-08-13 20:45:00,2724.213737,2723.227853,2723.846294,-0.9858840000001692,-0.3674430000000939,-0.6766635000001315
2021-08-13 21:00:00,2724.213547,2723.226353,2723.849428,-0.9871939999998176,-0.364118999999846,-0.6756564999998318
2021-08-13 21:15:00,2724.21491,2723.229918,2723.845288,-0.9849920000001475,-0.3696220000001631,-0.6773070000001553
2021-08-13 21:30:00,2724.212964,2723.227971,2723.845229,-0.9849930000000313,-0.3677349999998114,-0.6763639999999214
2021-08-13 21:45:00,2724.21549,2723.226544,2723.848589,-0.9889459999999417,-0.3669009999998707,-0.6779234999999062
2021-08-13 22:00:00,2724.216853,2723.229358,2723.849815,-0.9874949999998535,-0.36703799999986586,-0.6772664999998597
2021-08-13 22:15:00,2724.215493,2723.227127,2723.850205,-0.9883660000000418,-0.3652879999999641,-0.676827000000003
2021-08-13 22:30:00,2724.215103,2723.222782,2723.846199,-0.9923210000001745,-0.3689039999999295,-0.680612500000052
2021-08-13 23:00:00,2724.215103,2723.228938,2723.848064,-0.9861649999998008,-0.3670390000002044,-0.6766020000000026
2021-08-13 23:30:00,2724.218212,2723.231169,2723.849425,-0.9870430000000852,-0.3687870000003386,-0.6779150000002119
2021-08-14 00:00:00,2724.219379,2723.230582,2723.850015,-0.9887969999999768,-0.36936400000013236,-0.6790805000000546
2021-08-14 00:15:00,2724.216463,2723.231166,2723.847674,-0.9852970000001733,-0.36878900000010617,-0.6770430000001397
2021-08-14 00:30:00,2724.215297,2723.225589,2723.84943,-0.9897080000000642,-0.3658669999999802,-0.6777875000000222
2021-08-14 00:45:00,2724.21588,2723.228376,2723.850291,-0.9875040000001718,-0.36558899999999994,-0.6765465000000859
2021-08-14 01:00:00,2724.217046,2723.231747,2723.847982,-0.9852990000003956,-0.36906400000043504,-0.6771815000004153
2021-08-14 01:30:00,2724.215883,2723.227961,2723.848845,-0.9879219999997986,-0.36703799999986586,-0.6774799999998322
2021-08-14 01:45:00,2724.217629,2723.226645,2723.846396,-0.9909840000000258,-0.3712330000003021,-0.681108500000164
2021-08-14 02:00:00,2724.218602,2723.228927,2723.851264,-0.9896749999998065,-0.36733800000001793,-0.6785064999999122
2021-08-14 02:15:00,2724.218216,2723.23029,2723.851178,-0.9879260000002432,-0.3670380000003206,-0.6774820000002819
2021-08-14 02:30:00,2724.219382,2723.233658,2723.850595,-0.9857240000001184,-0.3687870000003386,-0.6772555000002285
2021-08-14 02:45:00,2724.220548,2723.230869,2723.849594,-0.9896789999997964,-0.37095399999998335,-0.6803164999998899
2021-08-14 03:45:00,2724.218216,2723.230283,2723.850761,-0.9879330000003392,-0.3674550000000636,-0.6776940000002014
2021-08-14 04:00:00,2724.218799,2723.230865,2723.850011,-0.987934000000223,-0.3687880000002224,-0.6783610000002227
2021-08-14 04:15:00,2724.217049,2723.233067,2723.851461,-0.9839819999997417,-0.3655879999996614,-0.6747849999997015
2021-08-14 05:15:00,2724.218802,2723.232332,2723.853179,-0.9864699999998265,-0.3656229999996867,-0.6760464999997566
2021-08-14 05:30:00,2724.218216,2723.232915,2723.852628,-0.9853010000001632,-0.36558800000011615,-0.6754445000001397
2021-08-14 05:45:00,2724.219579,2723.230464,2723.853539,-0.9891149999998561,-0.36603999999988446,-0.6775774999998703
2021-08-14 06:00:00,2724.218022,2723.229344,2723.853152,-0.9886780000001636,-0.36486999999988257,-0.6767740000000231
2021-08-14 06:30:00,2724.219579,2723.226504,2723.851509,-0.9930749999998625,-0.3680699999999888,-0.6805724999999256
2021-08-14 06:45:00,2724.217436,2723.234329,2723.851985,-0.9831070000000182,-0.365451000000121,-0.6742790000000696
2021-08-14 07:00:00,2724.218995,2723.22856,2723.854126,-0.9904350000001614,-0.3648689999999988,-0.6776520000000801
2021-08-14 07:15:00,2724.217633,2723.227927,2723.851012,-0.9897060000002966,-0.3666210000001229,-0.6781635000002098
2021-08-14 07:45:00,2724.217243,2723.227534,2723.852071,-0.989708999999948,-0.36517200000025696,-0.6774405000001025
2021-08-14 08:30:00,2724.217826,2723.229422,2723.851786,-0.9884040000001733,-0.36603999999988446,-0.6772220000000289
2021-08-14 09:00:00,2724.217629,2723.22717,2723.850012,-0.9904590000001008,-0.3676170000003367,-0.6790380000002187
2021-08-14 09:15:00,2724.218795,2723.229227,2723.851596,-0.9895679999999629,-0.36719899999980044,-0.6783834999998817
2021-08-14 09:45:00,2724.219765,2723.227552,2723.850815,-0.9922129999999925,-0.36895000000004075,-0.6805815000000166
2021-08-14 10:00:00,2724.217623,2723.229361,2723.850005,-0.9882619999998496,-0.3676180000002205,-0.6779400000000351
2021-08-14 10:15:00,2724.217236,2723.231617,2723.849618,-0.9856190000000424,-0.36761799999976574,-0.6766184999999041
2021-08-14 10:30:00,2724.21569,2723.227276,2723.847795,-0.9884139999999206,-0.3678949999998622,-0.6781544999998914
2021-08-14 11:15:00,2724.218206,2723.221581,2723.850588,-0.9966250000002219,-0.3676180000002205,-0.6821215000002212
2021-08-14 11:30:00,2724.217629,2723.224368,2723.850431,-0.993261000000075,-0.3671980000003714,-0.6802295000002232
2021-08-14 11:45:00,2724.217046,2723.223784,2723.847402,-0.9932620000004135,-0.3696440000003349,-0.6814530000003742
2021-08-14 12:00:00,2724.21588,2723.220413,2723.848265,-0.9954670000001897,-0.3676150000001144,-0.681541000000152
2021-08-14 12:30:00,2724.217436,2723.215398,2723.850237,-1.0020380000000841,-0.36719899999980044,-0.6846184999999423
2021-08-14 12:45:00,2724.219382,2723.223503,2723.851489,-0.995879000000059,-0.3678930000000946,-0.6818860000000768
2021-08-14 13:00:00,2724.217633,2723.219552,2723.849601,-0.9980810000001838,-0.3680320000003121,-0.683056500000248
2021-08-14 13:15:00,2724.219382,2723.221758,2723.850017,-0.9976240000000871,-0.36936500000001615,-0.6834945000000516
2021-08-14 13:30:00,2724.219965,2723.222343,2723.8506,-0.9976219999998648,-0.3693649999995614,-0.6834934999997131
2021-08-14 13:45:00,2724.219382,2723.219117,2723.848152,-1.0002650000001267,-0.371230000000196,-0.6857475000001614
2021-08-14 14:00:00,2724.218212,2723.223965,2723.848569,-0.9942470000000867,-0.3696429999999964,-0.6819450000000415
2021-08-14 14:30:00,2724.216853,2723.219968,2723.847485,-0.9968850000000202,-0.36936800000012227,-0.6831265000000712
2021-08-14 14:45:00,2724.216466,2723.217379,2723.849127,-0.9990869999996903,-0.3673389999999017,-0.683212999999796
2021-08-14 15:00:00,2724.218216,2723.22456,2723.850598,-0.9936560000001009,-0.3676180000002205,-0.6806370000001607
2021-08-14 15:15:00,2724.218216,2723.220884,2723.85046,-0.9973320000003696,-0.36775600000009945,-0.6825440000002345
2021-08-14 15:30:00,2724.217633,2723.221778,2723.848012,-0.9958550000001196,-0.3696210000002793,-0.6827380000001995
2021-08-14 15:45:00,2724.218019,2723.223932,2723.847379,-0.9940870000000359,-0.370640000000094,-0.682363500000065
2021-08-14 16:00:00,2724.218596,2723.227433,2723.849822,-0.9911630000001423,-0.36877400000003036,-0.6799685000000864
2021-08-14 16:15:00,2724.216653,2723.22287,2723.847044,-0.993782999999894,-0.36960899999985486,-0.6816959999998744
2021-08-14 16:30:00,2724.216456,2723.218722,2723.849117,-0.9977340000000368,-0.3673389999999017,-0.6825364999999692
2021-08-14 16:45:00,2724.216263,2723.222487,2723.848821,-0.9937759999997979,-0.36744199999975535,-0.6806089999997766
2021-08-14 17:00:00,2724.214134,2723.222993,2723.846402,-0.9911409999999705,-0.3677319999997053,-0.6794364999998379
2021-08-14 17:15:00,2724.215293,2723.220792,2723.846679,-0.9945010000001275,-0.36861399999997957,-0.6815575000000536
2021-08-14 17:30:00,2724.215293,2723.222998,2723.848127,-0.9922950000000128,-0.36716599999999744,-0.6797305000000051
2021-08-14 17:45:00,2724.215293,2723.223002,2723.847095,-0.9922910000000229,-0.3681980000001204,-0.6802445000000716
2021-08-14 18:00:00,2724.213551,2723.221526,2723.847846,-0.9920250000000124,-0.36570499999970707,-0.6788649999998597
2021-08-14 18:15:00,2724.213551,2723.225484,2723.847429,-0.9880669999997735,-0.3661219999999048,-0.6770944999998392
2021-08-14 18:30:00,2724.215876,2723.225343,2723.847261,-0.9905330000001413,-0.3686150000003181,-0.6795740000002297
2021-08-14 18:45:00,2724.2153,2723.225489,2723.845679,-0.9898109999999178,-0.36962099999982456,-0.6797159999998712
2021-08-14 19:00:00,2724.21646,2723.224181,2723.848262,-0.9922790000000532,-0.3681980000001204,-0.6802385000000868
2021-08-14 19:15:00,2724.214717,2723.225802,2723.847678,-0.9889149999999063,-0.36703899999974965,-0.677976999999828
2021-08-14 20:00:00,2724.215293,2723.226974,2723.848544,-0.9883190000000468,-0.36674900000025445,-0.6775340000001506
2021-08-14 20:15:00,2724.21432,2723.225998,2723.847154,-0.9883220000001529,-0.36716599999999744,-0.6777440000000752
2021-08-14 20:30:00,2724.214124,2723.228424,2723.849541,-0.985700000000179,-0.36458300000003874,-0.6751415000001089
2021-08-14 20:45:00,2724.215487,2723.226564,2723.850905,-0.9889229999998861,-0.36458200000015495,-0.6767525000000205
2021-08-14 21:00:00,2724.215297,2723.228125,2723.850125,-0.9871720000001005,-0.36517200000025696,-0.6761720000001787
2021-08-14 21:15:00,2724.215493,2723.225841,2723.850622,-0.9896520000002056,-0.3648710000002211,-0.6772615000002133
2021-08-14 21:30:00,2724.214714,2723.229014,2723.849842,-0.985700000000179,-0.3648720000001049,-0.6752860000001419
2021-08-14 21:45:00,2724.21588,2723.227978,2723.851009,-0.9879020000003038,-0.3648710000002211,-0.6763865000002625
2021-08-14 22:00:00,2724.217046,2723.225189,2723.850147,-0.9918570000004365,-0.3668990000001031,-0.6793780000002698
2021-08-14 22:15:00,2724.21588,2723.225771,2723.85073,-0.9901090000003023,-0.36515000000008513,-0.6776295000001937
2021-08-14 22:30:00,2724.215687,2723.227783,2723.850537,-0.9879040000000714,-0.36515000000008513,-0.6765270000000783
2021-08-14 22:45:00,2724.215493,2723.223632,2723.848038,-0.9918609999999717,-0.3674550000000636,-0.6796580000000176
2021-08-14 23:00:00,2724.21588,2723.227973,2723.852179,-0.9879070000001775,-0.3637010000002192,-0.6758040000001984
2021-08-14 23:15:00,2724.217633,2723.226806,2723.849563,-0.9908270000000812,-0.3680699999999888,-0.679448500000035
2021-08-14 23:30:00,2724.216463,2723.229449,2723.849147,-0.9870140000002721,-0.36731600000030085,-0.6771650000002865
2021-08-15 00:00:00,2724.217436,2723.22382,2723.850121,-0.9936159999997471,-0.3673149999999623,-0.6804654999998547
2021-08-15 00:15:00,2724.219579,2723.223319,2723.85151,-0.9962599999998929,-0.368069000000105,-0.682164499999999
2021-08-15 01:15:00,2724.217436,2723.226018,2723.848649,-0.991418000000067,-0.36878699999988385,-0.6801024999999754
2021-08-15 01:45:00,2724.215103,2723.222788,2723.850511,-0.9923149999999623,-0.3645919999999023,-0.6784534999999323
2021-08-15 02:00:00,2724.218406,2723.226089,2723.850212,-0.9923170000001846,-0.3681940000001305,-0.6802555000001576
2021-08-15 02:15:00,2724.218019,2723.223952,2723.848075,-0.9940670000000864,-0.36994400000003225,-0.6820055000000593
2021-08-15 02:30:00,2724.217429,2723.225863,2723.852534,-0.9915659999996933,-0.36489499999970576,-0.6782304999996995
2021-08-15 02:45:00,2724.220542,2723.225021,2723.851769,-0.995520999999826,-0.36877300000014657,-0.6821469999999863
2021-08-15 03:00:00,2724.218402,2723.222149,2723.849487,-0.9962529999997969,-0.3689150000000154,-0.6825839999999062
2021-08-15 03:15:00,2724.218596,2723.224822,2723.849681,-0.9937740000000304,-0.3689150000000154,-0.6813445000000229
2021-08-15 03:45:00,2724.217626,2723.222678,2723.847123,-0.9949480000000221,-0.37050300000009884,-0.6827255000000605
2021-08-15 04:00:00,2724.217049,2723.225904,2723.849874,-0.9911449999999604,-0.36717499999986103,-0.6791599999999107
2021-08-15 04:15:00,2724.217626,2723.222673,2723.850739,-0.9949529999998958,-0.3668870000001334,-0.6809200000000146
2021-08-15 04:30:00,2724.218016,2723.225266,2723.853713,-0.9927499999998872,-0.3643029999998362,-0.6785264999998617
2021-08-15 04:45:00,2724.217053,2723.222817,2723.848707,-0.9942360000000008,-0.3683459999997467,-0.6812909999998737
2021-08-15 05:30:00,2724.217636,2723.223394,2723.849291,-0.9942419999997583,-0.3683449999998629,-0.6812934999998106
2021-08-15 06:15:00,2724.219962,2723.226761,2723.850178,-0.9932010000002265,-0.36978399999998146,-0.681492500000104
2021-08-15 07:15:00,2724.218792,2723.222071,2723.850874,-0.9967209999999795,-0.3679179999999178,-0.6823194999999487
2021-08-15 07:45:00,2724.218792,2723.219426,2723.851291,-0.9993660000000091,-0.3675010000001748,-0.683433500000092
2021-08-15 08:15:00,2724.216266,2723.221286,2723.850098,-0.9949799999999414,-0.36616800000001604,-0.6805739999999787
2021-08-15 08:30:00,2724.216663,2723.223295,2723.848455,-0.9933680000003733,-0.3682080000003225,-0.6807880000003479
2021-08-15 08:45:00,2724.218792,2723.224265,2723.849124,-0.9945270000002893,-0.36966800000027433,-0.6820975000002818
2021-08-15 09:15:00,2724.216273,2723.221267,2723.85037,-0.9950060000001031,-0.3659029999998893,-0.6804544999999962
2021-08-15 09:30:00,2724.217243,2723.22298,2723.849173,-0.9942630000000463,-0.3680699999999888,-0.6811665000000175
2021-08-15 09:45:00,2724.216273,2723.222008,2723.847927,-0.9942649999998139,-0.36834600000020146,-0.6813055000000077
2021-08-15 10:00:00,2724.218212,2723.223946,2723.850143,-0.9942660000001524,-0.368069000000105,-0.6811675000001287
2021-08-15 10:15:00,2724.218212,2723.221455,2723.8477,-0.9967570000003434,-0.3705120000004172,-0.6836345000003803
2021-08-15 10:45:00,2724.216463,2723.21737,2723.846957,-0.9990930000003573,-0.3695060000000012,-0.6842995000001793
2021-08-15 11:00:00,2724.216853,2723.217472,2723.847347,-0.9993810000000849,-0.3695060000000012,-0.6844435000000431
2021-08-15 11:15:00,2724.216463,2723.220455,2723.846377,-0.9960080000000744,-0.37008600000035585,-0.6830470000002151
2021-08-15 11:30:00,2724.21588,2723.217228,2723.847544,-0.9986520000002201,-0.36833599999999933,-0.6834940000001097
2021-08-15 11:45:00,2724.21588,2723.218704,2723.847823,-0.9971760000003087,-0.3680570000001353,-0.682616500000222
2021-08-15 12:00:00,2724.215297,2723.216645,2723.845374,-0.9986520000002201,-0.36992300000019895,-0.6842875000002095
2021-08-15 12:15:00,2724.215103,2723.219678,2723.84838,-0.9954250000000684,-0.3667230000000927,-0.6810740000000806
2021-08-15 12:30:00,2724.214714,2723.22046,2723.849576,-0.9942540000001827,-0.3651380000001154,-0.6796960000001491
2021-08-15 12:45:00,2724.214907,2723.218903,2723.850187,-0.9960040000000845,-0.3647200000000339,-0.6803620000000592
2021-08-15 13:00:00,2724.213934,2723.219244,2723.849076,-0.9946899999999914,-0.36485799999991286,-0.6797739999999521
2021-08-15 13:15:00,2724.217049,2723.221193,2723.848855,-0.9958560000000034,-0.3681939999996757,-0.6820249999998396
2021-08-15 13:30:00,2724.2151,2723.218208,2723.848376,-0.9968920000001162,-0.3667239999999765,-0.6818080000000464
2021-08-15 13:45:00,2724.21588,2723.21578,2723.847394,-1.0001000000002023,-0.36848600000030274,-0.6842930000002525
2021-08-15 14:00:00,2724.218012,2723.222182,2723.849816,-0.9958299999998417,-0.36819599999989805,-0.6820129999998699
2021-08-15 14:15:00,2724.218216,2723.221799,2723.847843,-0.9964170000002923,-0.3703730000001997,-0.683395000000246
2021-08-15 14:30:00,2724.215883,2723.218573,2723.847989,-0.997309999999743,-0.3678939999999784,-0.6826019999998607
2021-08-15 14:45:00,2724.214717,2723.217408,2723.84826,-0.9973089999998592,-0.36645699999962744,-0.6818829999997433
2021-08-15 15:00:00,2724.21569,2723.215741,2723.849825,-0.9999490000000151,-0.3658650000002126,-0.6829070000001138
2021-08-15 15:15:00,2724.212771,2723.218536,2723.847934,-0.994235000000117,-0.36483700000007957,-0.6795360000000983
2021-08-15 15:45:00,2724.21646,2723.216526,2723.850292,-0.9999339999999393,-0.36616800000001604,-0.6830509999999776
2021-08-15 16:00:00,2724.213544,2723.215361,2723.847677,-0.9981830000001537,-0.3658669999999802,-0.6820250000000669
2021-08-15 16:15:00,2724.212957,2723.215949,2723.848538,-0.9970080000002781,-0.36441899999999805,-0.6807135000001381
2021-08-15 16:45:00,2724.214514,2723.219714,2723.847512,-0.9947999999999411,-0.36700199999995675,-0.6809009999999489
2021-08-15 17:00:00,2724.212571,2723.219082,2723.847734,-0.9934889999999541,-0.36483700000007957,-0.6791630000000168
2021-08-15 17:15:00,2724.215876,2723.222114,2723.850288,-0.9937620000000607,-0.36558800000011615,-0.6796750000000884
2021-08-15 17:30:00,2724.215876,2723.218161,2723.848121,-0.9977150000004258,-0.36775500000021566,-0.6827350000003207
2021-08-15 17:45:00,2724.214517,2723.21576,2723.848072,-0.9987569999998414,-0.3664450000001125,-0.6826009999999769
2021-08-15 18:00:00,2724.215107,2723.217826,2723.849066,-0.9972809999999299,-0.36604099999976825,-0.6816609999998491
2021-08-15 18:15:00,2724.219575,2723.218055,2723.850049,-1.001520000000255,-0.3695259999999507,-0.6855230000001029
2021-08-15 18:30:00,2724.217046,2723.219478,2723.849685,-0.9975680000002285,-0.36736100000007355,-0.682464500000151
2021-08-15 19:00:00,2724.228712,2723.223421,2723.852906,-1.0052909999999429,-0.3758060000000114,-0.6905484999999771
2021-08-15 19:15:00,2724.224623,2723.21744,2723.847239,-1.0071830000001682,-0.3773839999998927,-0.6922835000000305
2021-08-15 19:30:00,2724.225403,2723.218802,2723.847868,-1.006601000000046,-0.3775350000000799,-0.692068000000063
2021-08-15 19:45:00,2724.22482,2723.22201,2723.84959,-1.002809999999954,-0.3752300000001014,-0.6890200000000277
2021-08-15 20:00:00,2724.220548,2723.217285,2723.849849,-1.003262999999606,-0.370698999999604,-0.686980999999605
2021-08-15 20:15:00,2724.221131,2723.224027,2723.848406,-0.997103999999581,-0.3727249999997184,-0.6849144999996497
2021-08-15 20:45:00,2724.220158,2723.220848,2723.849183,-0.9993100000001505,-0.3709750000002714,-0.6851425000002109
2021-08-15 21:00:00,2724.222298,2723.220507,2723.848541,-1.0017910000001393,-0.3737570000002961,-0.6877740000002177
2021-08-15 21:15:00,2724.22638,2723.217867,2723.84771,-1.008513000000221,-0.37867000000005646,-0.6935915000001387
2021-08-15 21:30:00,2724.225796,2723.222711,2723.849294,-1.003085000000283,-0.37650200000007317,-0.689793500000178
2021-08-15 21:45:00,2724.226186,2723.215192,2723.847181,-1.010993999999755,-0.3790049999997791,-0.6949994999997671
2021-08-15 22:00:00,2724.228326,2723.219814,2723.850353,-1.0085119999998824,-0.3779730000001109,-0.6932424999999967
2021-08-15 22:15:00,2724.22638,2723.216694,2723.846541,-1.0096859999998742,-0.37983900000017456,-0.6947625000000244
2021-08-15 22:45:00,2724.22502,2723.221932,2723.849097,-1.0030879999999343,-0.3759230000000571,-0.6895054999999957
2021-08-15 23:00:00,2724.224633,2723.223294,2723.850878,-1.0013389999999163,-0.37375499999961903,-0.6875469999997676
2021-08-15 23:30:00,2724.22385,2723.218415,2723.847626,-1.005435000000034,-0.3762239999996382,-0.6908294999998361
2021-08-15 23:45:00,2724.222291,2723.221225,2723.848117,-1.0010660000002645,-0.3741740000000391,-0.6876200000001518
2021-08-16 00:00:00,2724.221708,2723.221974,2723.847118,-0.9997339999999895,-0.3745899999998983,-0.6871619999999439
2021-08-16 00:15:00,2724.223261,2723.220463,2723.848367,-1.0027979999999843,-0.37489400000004025,-0.6888460000000123
2021-08-16 00:45:00,2724.221125,2723.218744,2723.846822,-1.0023810000002413,-0.37430300000005445,-0.6883420000001479
2021-08-16 01:00:00,2724.222681,2723.21855,2723.849074,-1.004131000000143,-0.3736069999999927,-0.6888690000000679
2021-08-16 01:15:00,2724.221718,2723.216124,2723.847406,-1.0055939999997463,-0.37431199999991804,-0.6899529999998322
2021-08-16 01:30:00,2724.221521,2723.216933,2723.85182,-1.004587999999785,-0.36970100000007733,-0.6871444999999312
2021-08-16 01:45:00,2724.222684,2723.220299,2723.848233,-1.0023849999997765,-0.3744509999996808,-0.6884179999997286
2021-08-16 02:15:00,2724.221711,2723.221804,2723.851593,-0.9999070000003485,-0.37011800000027506,-0.6850125000003118
2021-08-16 02:30:00,2724.219962,2723.220053,2723.847537,-0.9999090000001161,-0.3724250000000211,-0.6861670000000686
2021-08-16 03:00:00,2724.221128,2723.222966,2723.848704,-0.9981620000003204,-0.3724240000001373,-0.6852930000002289
2021-08-16 05:45:00,2724.221711,2723.21913,2723.853343,-1.0025810000001911,-0.36836799999991854,-0.6854745000000548
2021-08-16 06:00:00,2724.222101,2723.221721,2723.854012,-1.00037999999995,-0.3680890000000545,-0.6842345000000023
2021-08-16 06:15:00,2724.220158,2723.223731,2723.853818,-0.9964270000000397,-0.3663400000000365,-0.6813835000000381
2021-08-16 06:30:00,2724.219962,2723.21958,2723.851872,-1.0003820000001724,-0.3680899999999383,-0.6842360000000554
2021-08-16 06:45:00,2724.220545,2723.216207,2723.850009,-1.004338000000189,-0.3705360000003566,-0.6874370000002727
2021-08-16 07:00:00,2724.221128,2723.21679,2723.853038,-1.004338000000189,-0.3680899999999383,-0.6862140000000636
2021-08-16 07:15:00,2724.219379,2723.218993,2723.850592,-1.0003860000001623,-0.3687870000003386,-0.6845865000002505
2021-08-16 08:00:00,2724.218989,2723.214645,2723.850318,-1.0043439999999464,-0.3686710000001767,-0.6865075000000616
2021-08-16 08:15:00,2724.216266,2723.213671,2723.849345,-1.0025949999999284,-0.3669209999998202,-0.6847579999998743
2021-08-16 08:30:00,2724.219572,2723.220072,2723.849035,-0.9994999999998981,-0.3705369999997856,-0.6850184999998419
2021-08-16 08:45:00,2724.21646,2723.216506,2723.849538,-0.9999539999998888,-0.36692200000015873,-0.6834380000000237
2021-08-16 09:00:00,2724.217043,2723.215337,2723.847954,-1.0017060000000129,-0.36908900000025824,-0.6853975000001356
2021-08-16 10:00:00,2724.218209,2723.212546,2723.846954,-1.0056629999999132,-0.3712550000000192,-0.6884589999999662
2021-08-16 10:45:00,2724.217043,2723.215332,2723.845787,-1.0017109999998866,-0.371255999999903,-0.6864834999998948
2021-08-16 11:00:00,2724.217043,2723.215787,2723.846204,-1.0012560000000121,-0.37083900000016,-0.6860475000000861
2021-08-16 11:15:00,2724.214127,2723.211522,2723.845338,-1.0026050000001305,-0.36878900000010617,-0.6856970000001184
2021-08-16 11:30:00,2724.215683,2723.209124,2723.846895,-1.0065589999999247,-0.36878799999976764,-0.6876734999998462
2021-08-16 11:45:00,2724.215297,2723.212692,2723.848955,-1.0026050000001305,-0.36634200000025885,-0.6844735000001947
2021-08-16 12:30:00,2724.218016,2723.210439,2723.847907,-1.0075769999998556,-0.3701089999999567,-0.6888429999999062
2021-08-16 12:45:00,2724.218212,2723.214592,2723.847964,-1.00362000000041,-0.3702480000001742,-0.6869340000002921
2021-08-16 13:00:00,2724.216463,2723.212113,2723.847688,-1.0043500000001586,-0.3687750000003689,-0.6865625000002638
2021-08-16 13:15:00,2724.216073,2723.208047,2723.847298,-1.0080259999999726,-0.36877499999991414,-0.6884004999999433
2021-08-16 13:30:00,2724.218792,2723.213425,2723.848268,-1.0053670000002057,-0.37052399999993213,-0.6879455000000689
2021-08-16 13:45:00,2724.22385,2723.215566,2723.845796,-1.0082840000000033,-0.3780539999997927,-0.693168999999898
2021-08-16 14:00:00,2724.232797,2723.214598,2723.849021,-1.0181990000000951,-0.38377600000012535,-0.7009875000001102
2021-08-16 14:15:00,2724.232797,2723.211978,2723.849854,-1.0208190000003015,-0.3829430000000684,-0.7018810000001849
2021-08-16 14:30:00,2724.229882,2723.215186,2723.848272,-1.0146960000001854,-0.38160999999990963,-0.6981530000000475
2021-08-16 14:45:00,2724.227349,2723.217046,2723.848517,-1.010302999999567,-0.3788319999998748,-0.6945674999997209
2021-08-16 15:45:00,2724.227539,2723.210504,2723.846819,-1.0170349999998507,-0.3807200000001103,-0.6988774999999805
2021-08-16 16:15:00,2724.225207,2723.216518,2723.848403,-1.0086889999997766,-0.3768039999999928,-0.6927464999998847
2021-08-16 16:30:00,2724.22365,2723.212757,2723.846151,-1.0108930000001237,-0.37749899999971603,-0.6941959999999199
2021-08-16 16:45:00,2724.223844,2723.206356,2723.846622,-1.0174879999999575,-0.37722200000007433,-0.6973550000000159
2021-08-16 17:00:00,2724.225013,2723.214122,2723.850377,-1.0108910000003561,-0.3746360000000095,-0.6927635000001828
2021-08-16 17:30:00,2724.226569,2723.207936,2723.85076,-1.0186330000001362,-0.3758090000001175,-0.6972210000001269
2021-08-16 17:45:00,2724.224623,2723.211089,2723.849987,-1.0135340000001634,-0.3746360000000095,-0.6940850000000864
2021-08-16 18:00:00,2724.221901,2723.212759,2723.849429,-1.0091419999998834,-0.3724720000000161,-0.6908069999999498
2021-08-16 18:15:00,2724.222871,2723.214171,2723.849704,-1.0086999999998625,-0.37316699999973935,-0.6909334999998009
2021-08-16 18:30:00,2724.222094,2723.21075,2723.84879,-1.0113440000000082,-0.37330400000018926,-0.6923240000000987
2021-08-16 18:45:00,2724.222881,2723.210948,2723.851152,-1.0119330000002265,-0.37172899999995934,-0.6918310000000929
2021-08-16 19:15:00,2724.219772,2723.210168,2723.849652,-1.0096039999998538,-0.37012000000004264,-0.6898619999999482
2021-08-16 19:30:00,2724.220552,2723.214901,2723.848983,-1.0056510000003982,-0.3715690000003633,-0.6886100000003808
2021-08-16 19:45:00,2724.219385,2723.209781,2723.851432,-1.0096039999998538,-0.36795299999994313,-0.6887784999998985
2021-08-16 20:00:00,2724.223077,2723.215678,2723.853099,-1.0073990000000776,-0.3699780000001738,-0.6886885000001257
2021-08-16 20:15:00,2724.222484,2723.2173,2723.852378,-1.0051840000000993,-0.3701059999998506,-0.687644999999975
2021-08-16 20:30:00,2724.220352,2723.214121,2723.851542,-1.0062309999998433,-0.36880999999993946,-0.6875204999998914
2021-08-16 20:45:00,2724.220152,2723.212307,2723.851516,-1.0078450000000885,-0.36863599999969665,-0.6882404999998926
2021-08-16 21:00:00,2724.219955,2723.212564,2723.849569,-1.0073910000000978,-0.3703860000000532,-0.6888885000000755
2021-08-16 21:15:00,2724.220152,2723.209248,2723.850923,-1.0109039999997549,-0.3692289999999048,-0.6900664999998298
2021-08-16 21:45:00,2724.217629,2723.21137,2723.852458,-1.0062590000002274,-0.36517100000037317,-0.6857150000003003
2021-08-16 22:15:00,2724.218795,2723.208164,2723.851041,-1.0106309999996483,-0.3677539999998771,-0.6891924999997627
2021-08-16 22:30:00,2724.219962,2723.214156,2723.853041,-1.0058060000001205,-0.36692100000027494,-0.6863635000001977
2021-08-16 22:45:00,2724.218212,2723.210203,2723.85115,-1.0080090000001292,-0.36706200000026,-0.6875355000001946
2021-08-16 23:15:00,2724.217629,2723.213571,2723.852734,-1.004058000000441,-0.3648950000001605,-0.6844765000003008
2021-08-16 23:45:00,2724.217046,2723.210783,2723.851875,-1.0062630000002173,-0.36517100000037317,-0.6857170000002952
2021-08-17 00:15:00,2724.219379,2723.209161,2723.854484,-1.0102179999998953,-0.3648950000001605,-0.6875565000000279
2021-08-17 00:30:00,2724.218212,2723.211947,2723.853317,-1.0062650000004396,-0.3648950000001605,-0.6855800000003001
2021-08-17 00:45:00,2724.218795,2723.214734,2723.851734,-1.0040609999996377,-0.3670609999999215,-0.6855609999997796
2021-08-17 01:00:00,2724.220348,2723.211916,2723.850844,-1.0084319999996296,-0.3695039999997789,-0.6889679999997043
2021-08-17 01:15:00,2724.221121,2723.216783,2723.853784,-1.004338000000189,-0.36733700000013414,-0.6858375000001615
2021-08-17 01:30:00,2724.217623,2723.210207,2723.851893,-1.007415999999921,-0.365729999999985,-0.686572999999953
2021-08-17 01:45:00,2724.218206,2723.212993,2723.852477,-1.0052129999999124,-0.3657290000001012,-0.6854710000000068
2021-08-17 02:00:00,2724.218206,2723.208145,2723.853208,-1.0100609999999506,-0.36499800000001414,-0.6875294999999824
2021-08-17 02:15:00,2724.218789,2723.211371,2723.853791,-1.0074180000001434,-0.36499800000001414,-0.6862080000000788
2021-08-17 02:30:00,2724.217436,2723.210738,2723.853876,-1.0066979999996875,-0.3635599999997794,-0.6851289999997334
2021-08-17 02:45:00,2724.217243,2723.214496,2723.850067,-1.0027469999999994,-0.36717600000019956,-0.6849615000000995
2021-08-17 03:00:00,2724.217629,2723.210927,2723.850453,-1.006702000000132,-0.36717600000019956,-0.6869390000001658
2021-08-17 03:15:00,2724.215687,2723.210733,2723.85026,-1.004953999999998,-0.36542699999972683,-0.6851904999998624
2021-08-17 03:30:00,2724.217243,2723.214493,2723.84965,-1.0027500000001055,-0.36759299999994255,-0.685171500000024
2021-08-17 03:45:00,2724.215103,2723.216304,2723.849677,-0.9987989999999627,-0.36542599999984304,-0.6821124999999029
2021-08-17 04:15:00,2724.214134,2723.210486,2723.848985,-1.0036479999998846,-0.3651489999997466,-0.6843984999998156
2021-08-17 04:30:00,2724.21627,2723.212483,2723.852293,-1.0037870000001021,-0.3639769999999771,-0.6838820000000396
2021-08-17 04:45:00,2724.217246,2723.213598,2723.851682,-1.0036480000003394,-0.36556400000017675,-0.6846060000002581
2021-08-17 05:00:00,2724.216466,2723.208862,2723.851735,-1.0076039999999011,-0.3647309999996651,-0.6861674999997831
2021-08-17 05:15:00,2724.217633,2723.21267,2723.852486,-1.0049630000003162,-0.365146999999979,-0.6850550000001476
2021-08-17 05:30:00,2724.21588,2723.214289,2723.852318,-1.0015910000001895,-0.3635620000000017,-0.6825765000000956
2021-08-17 05:45:00,2724.214714,2723.213122,2723.850736,-1.0015920000000733,-0.36397800000031566,-0.6827850000001945
2021-08-17 06:00:00,2724.217633,2723.214872,2723.852902,-1.0027610000001914,-0.3647310000001198,-0.6837460000001556
2021-08-17 06:15:00,2724.217633,2723.21487,2723.852624,-1.0027630000004137,-0.36500900000010006,-0.6838860000002569
2021-08-17 06:30:00,2724.218409,2723.213895,2723.853401,-1.0045140000001993,-0.36500800000021627,-0.6847610000002078
2021-08-17 06:45:00,2724.217629,2723.215759,2723.85087,-1.0018700000000536,-0.36675900000000183,-0.6843145000000277
2021-08-17 07:00:00,2724.218206,2723.21297,2723.851319,-1.005235999999968,-0.3668870000001334,-0.6860615000000507
2021-08-17 08:00:00,2724.217046,2723.212966,2723.85104,-1.0040800000001582,-0.3660060000001977,-0.6850430000001779
2021-08-17 08:15:00,2724.217236,2723.210246,2723.852237,-1.0069899999998597,-0.36499899999989793,-0.6859944999998788
2021-08-17 08:30:00,2724.214714,2723.21122,2723.849714,-1.003494000000046,-0.36500000000023647,-0.6842470000001413
2021-08-17 08:45:00,2724.2151,2723.211607,2723.851573,-1.0034929999997075,-0.3635269999999764,-0.683509999999842
2021-08-17 09:00:00,2724.214714,2723.217201,2723.851892,-0.9975130000002537,-0.36282200000005105,-0.6801675000001524
2021-08-17 09:15:00,2724.215873,2723.214578,2723.847257,-1.0012950000000274,-0.3686160000002019,-0.6849555000001146
2021-08-17 09:30:00,2724.216456,2723.210771,2723.852152,-1.005685000000085,-0.3643040000001747,-0.6849945000001298
2021-08-17 09:45:00,2724.214714,2723.211935,2723.849287,-1.0027790000003733,-0.3654270000001816,-0.6841030000002775
2021-08-17 10:00:00,2724.217623,2723.216327,2723.852901,-1.0012959999999111,-0.3647219999998015,-0.6830089999998563
2021-08-17 10:30:00,2724.215487,2723.205386,2723.84832,-1.0101009999998496,-0.3671669999998812,-0.6886339999998654
2021-08-17 10:45:00,2724.21394,2723.203244,2723.849045,-1.01069600000028,-0.3648950000001605,-0.6877955000002203
2021-08-17 11:00:00,2724.212964,2723.204017,2723.849818,-1.0089469999998073,-0.3631459999996878,-0.6860464999997475
2021-08-17 11:15:00,2724.213547,2723.204599,2723.848234,-1.008947999999691,-0.3653129999997873,-0.6871304999997392
2021-08-17 11:30:00,2724.212381,2723.207385,2723.848818,-1.0049959999996645,-0.3635629999998855,-0.684279499999775
2021-08-17 11:45:00,2724.212188,2723.205444,2723.848903,-1.0067439999997987,-0.36328499999990527,-0.685014499999852
2021-08-17 12:00:00,2724.212384,2723.204748,2723.8491,-1.0076359999998203,-0.3632840000000215,-0.6854599999999209
2021-08-17 12:15:00,2724.214717,2723.205329,2723.849683,-1.0093879999999444,-0.36503399999992325,-0.6872109999999338
2021-08-17 12:30:00,2724.213937,2723.201768,2723.850374,-1.0121690000000854,-0.3635629999998855,-0.6878659999999854
2021-08-17 12:45:00,2724.215493,2723.20291,2723.850181,-1.012583000000177,-0.36531200000035824,-0.6889475000002676
2021-08-17 13:00:00,2724.211605,2723.198569,2723.850068,-1.013035999999829,-0.36153699999977107,-0.6872864999998001
2021-08-17 13:15:00,2724.210635,2723.205232,2723.847649,-1.0054030000001148,-0.36298600000009174,-0.6841945000001033
2021-08-17 13:30:00,2724.215687,2723.202832,2723.84948,-1.012854999999945,-0.36620700000003126,-0.6895309999999881
2021-08-17 13:45:00,2724.215293,2723.205502,2723.848671,-1.009791000000405,-0.36662200000000666,-0.6882065000002058
2021-08-17 14:15:00,2724.212957,2723.204342,2723.849254,-1.0086150000001908,-0.3637029999999868,-0.6861590000000888
2021-08-17 14:30:00,2724.214124,2723.201555,2723.846818,-1.012568999999985,-0.3673060000000987,-0.6899375000000418
2021-08-17 14:45:00,2724.212957,2723.205807,2723.847818,-1.0071500000003653,-0.3651389999999992,-0.6861445000001822
2021-08-17 15:15:00,2724.212967,2723.208296,2723.849266,-1.004671000000144,-0.36370099999976446,-0.6841859999999542
2021-08-17 15:30:00,2724.214134,2723.207716,2723.849261,-1.0064179999999396,-0.3648729999999887,-0.6856454999999642
2021-08-17 15:45:00,2724.212967,2723.20568,2723.848373,-1.0072869999999057,-0.36459400000012465,-0.6859405000000152
2021-08-17 16:00:00,2724.212774,2723.209446,2723.852096,-1.0033280000002378,-0.36067800000000716,-0.6820030000001225
2021-08-17 16:15:00,2724.212388,2723.206859,2723.849126,-1.005529000000024,-0.36326199999984965,-0.6843954999999369
2021-08-17 16:30:00,2724.213554,2723.207752,2723.848543,-1.0058020000001306,-0.36501099999986764,-0.6854064999999991
2021-08-17 17:00:00,2724.211605,2723.202129,2723.84993,-1.009476000000177,-0.3616750000001048,-0.6855755000001409
2021-08-17 17:15:00,2724.210825,2723.205747,2723.850899,-1.0050780000001396,-0.3599260000000868,-0.6825020000001132
2021-08-17 17:45:00,2724.212771,2723.199354,2723.848175,-1.0134170000001177,-0.36459599999989223,-0.689006500000005
2021-08-17 18:00:00,2724.212378,2723.202916,2723.849532,-1.009461999999985,-0.36284599999999045,-0.6861539999999877
2021-08-17 18:15:00,2724.209462,2723.205707,2723.850392,-1.0037549999997282,-0.35906999999997424,-0.6814124999998512
2021-08-17 18:45:00,2724.210045,2723.205854,2723.848533,-1.0041909999999916,-0.3615119999999479,-0.6828514999999697
2021-08-17 19:00:00,2724.211795,2723.208045,2723.850699,-1.0037500000003092,-0.3610960000000887,-0.682423000000199
2021-08-17 19:15:00,2724.213544,2723.201891,2723.850283,-1.011653000000024,-0.36326099999996586,-0.6874569999999949
2021-08-17 19:30:00,2724.212961,2723.205264,2723.84942,-1.0076970000000074,-0.3635410000001684,-0.6856190000000879
2021-08-17 19:45:00,2724.211408,2723.203712,2723.849316,-1.0076960000001236,-0.3620920000003025,-0.684894000000213
2021-08-17 20:00:00,2724.211221,2723.204837,2723.847959,-1.006383999999798,-0.36326199999984965,-0.6848229999998239
2021-08-17 20:15:00,2724.210052,2723.203087,2723.846093,-1.0069650000000365,-0.3639589999997952,-0.6854619999999159
2021-08-17 20:30:00,2724.209665,2723.20197,2723.846402,-1.007694999999785,-0.36326299999973344,-0.6854789999997593
2021-08-17 20:45:00,2724.210052,2723.202359,2723.847206,-1.0076930000000175,-0.36284599999999045,-0.685269500000004
2021-08-17 21:00:00,2724.211218,2723.204397,2723.848093,-1.0068209999999453,-0.3631249999998545,-0.6849729999998999
2021-08-17 21:15:00,2724.209655,2723.20122,2723.845709,-1.0084350000001905,-0.3639459999999417,-0.6861905000000661
2021-08-17 21:30:00,2724.210042,2723.204099,2723.848401,-1.0059430000001157,-0.36164099999996324,-0.6837920000000395
2021-08-17 21:45:00,2724.211988,2723.202546,2723.848283,-1.0094420000000355,-0.3637050000002091,-0.6865735000001223
2021-08-17 22:00:00,2724.212381,2723.203832,2723.84651,-1.0085489999996753,-0.3658709999999701,-0.6872099999998227
2021-08-17 22:15:00,2724.207716,2723.202665,2723.844926,-1.005051000000094,-0.3627899999996771,-0.6839204999998856
2021-08-17 23:00:00,2724.211801,2723.207783,2723.848677,-1.0040180000000873,-0.3631239999999707,-0.683571000000029
2021-08-17 23:15:00,2724.210245,2723.206666,2723.848591,-1.0035790000001725,-0.3616540000002715,-0.682616500000222
2021-08-17 23:30:00,2724.208686,2723.210229,2723.846451,-0.998457000000144,-0.36223500000005515,-0.6803460000000996
2021-08-17 23:45:00,2724.210245,2723.204463,2723.849763,-1.0057820000001811,-0.36048200000004726,-0.6831320000001142
2021-08-18 00:00:00,2724.208686,2723.204071,2723.849373,-1.0046149999998306,-0.35931299999992916,-0.6819639999998799
2021-08-18 00:15:00,2724.210635,2723.203098,2723.848263,-1.0075369999999566,-0.3623720000000503,-0.6849545000000035
2021-08-18 00:30:00,2724.209075,2723.206662,2723.850456,-1.0024130000001605,-0.3586190000000897,-0.6805160000001251
2021-08-18 00:45:00,2724.209465,2723.207632,2723.85115,-1.001832999999806,-0.35831499999994776,-0.6800739999998768
2021-08-18 01:00:00,2724.209465,2723.201472,2723.848567,-1.0079929999997148,-0.36089799999990646,-0.6844454999998106
2021-08-18 01:15:00,2724.209855,2723.208019,2723.851816,-1.001835999999912,-0.35803900000018984,-0.6799375000000509
2021-08-18 01:30:00,2724.211218,2723.209381,2723.851429,-1.0018369999997958,-0.3597890000000916,-0.6808129999999437
2021-08-18 01:45:00,2724.212384,2723.206152,2723.850708,-1.0062319999997271,-0.36167599999998856,-0.6839539999998578
2021-08-18 02:00:00,2724.209465,2723.207043,2723.848541,-1.0024220000000241,-0.3609240000000682,-0.6816730000000462
2021-08-18 02:15:00,2724.210048,2723.204983,2723.851708,-1.0050649999998313,-0.35833999999977095,-0.6817024999998011
2021-08-18 02:30:00,2724.211601,2723.208738,2723.849647,-1.0028630000001613,-0.3619539999999688,-0.682408500000065
2021-08-18 02:45:00,2724.210625,2723.201602,2723.85042,-1.0090230000000702,-0.3602049999999508,-0.6846140000000105
2021-08-18 03:00:00,2724.211988,2723.209121,2723.851481,-1.0028670000001512,-0.36050699999987046,-0.6816870000000108
2021-08-18 03:15:00,2724.210435,2723.203158,2723.85023,-1.0072770000001583,-0.3602049999999508,-0.6837410000000546
2021-08-18 03:30:00,2724.210625,2723.205551,2723.84853,-1.0050740000001497,-0.36209499999995387,-0.6835845000000518
2021-08-18 03:45:00,2724.211015,2723.204756,2723.851088,-1.0062589999997726,-0.3599269999999706,-0.6830929999998716
2021-08-18 04:00:00,2724.210045,2723.207737,2723.851868,-1.0023079999996298,-0.35817699999961405,-0.6802424999996219
2021-08-18 04:15:00,2724.211795,2723.210377,2723.850117,-1.0014180000002852,-0.3616780000002109,-0.6815480000002481
2021-08-18 04:30:00,2724.210628,2723.21096,2723.851118,-0.9996679999999287,-0.35950999999977284,-0.6795889999998508
2021-08-18 04:45:00,2724.211211,2723.209339,2723.853451,-1.0018719999998211,-0.35775999999987107,-0.6798159999998461
2021-08-18 05:15:00,2724.211405,2723.209981,2723.84931,-1.0014240000000427,-0.36209499999995387,-0.6817594999999983
2021-08-18 05:30:00,2724.211015,2723.213544,2723.851505,-0.9974709999996776,-0.35950999999977284,-0.6784904999997252
2021-08-18 06:00:00,2724.210625,2723.206993,2723.849261,-1.0036320000003798,-0.36136400000032154,-0.6824980000003507
2021-08-18 06:30:00,2724.213541,2723.212111,2723.849836,-1.001430000000255,-0.3637050000002091,-0.682567500000232
2021-08-18 06:45:00,2724.212374,2723.212126,2723.850835,-1.0002480000002834,-0.3615389999999934,-0.6808935000001384
2021-08-18 07:00:00,2724.212574,2723.211154,2723.851198,-1.0014200000000528,-0.36137600000029124,-0.681398000000172
2021-08-18 07:15:00,2724.212384,2723.209213,2723.847092,-1.0031709999998384,-0.365291999999954,-0.6842314999998962
2021-08-18 07:30:00,2724.211218,2723.207592,2723.849841,-1.0036259999997128,-0.3613769999997203,-0.6825014999997165
2021-08-18 07:45:00,2724.212967,2723.211545,2723.852009,-1.0014219999998204,-0.360957999999755,-0.6811899999997877
2021-08-18 08:00:00,2724.210635,2723.207006,2723.847509,-1.003628999999819,-0.36312599999973827,-0.6833774999997786
2021-08-18 08:15:00,2724.211994,2723.206614,2723.849007,-1.0053799999996045,-0.3629869999999755,-0.68418349999979
2021-08-18 08:30:00,2724.211215,2723.205832,2723.849675,-1.0053829999997106,-0.3615399999998772,-0.6834614999997939
2021-08-18 08:45:00,2724.212964,2723.207582,2723.849258,-1.0053819999998268,-0.36370599999963815,-0.6845439999997325
2021-08-18 09:00:00,2724.211215,2723.20758,2723.848982,-1.0036350000000311,-0.3622329999998328,-0.682933999999932
2021-08-18 09:30:00,2724.212381,2723.206996,2723.848399,-1.005384999999933,-0.3639819999998508,-0.6846834999998919
2021-08-18 09:45:00,2724.212381,2723.204189,2723.848816,-1.0081919999997808,-0.3635649999996531,-0.685878499999717
2021-08-18 10:00:00,2724.212964,2723.206975,2723.847649,-1.0059889999997722,-0.3653150000000096,-0.6856519999998909
2021-08-18 10:15:00,2724.212574,2723.206583,2723.849009,-1.0059909999999945,-0.36356500000010783,-0.6847780000000512
2021-08-18 11:00:00,2724.212964,2723.205802,2723.847532,-1.0071619999998802,-0.36543200000005527,-0.6862969999999677
2021-08-18 11:15:00,2724.211211,2723.203015,2723.84695,-1.0081959999997707,-0.36426099999971484,-0.6862284999997428
2021-08-18 11:30:00,2724.209269,2723.198867,2723.844868,-1.0104019999998854,-0.3644009999998161,-0.6874014999998508
2021-08-18 11:45:00,2724.209465,2723.203017,2723.846815,-1.0064480000000913,-0.36265000000003056,-0.6845490000000609
2021-08-18 12:15:00,2724.209465,2723.201871,2723.849399,-1.007593999999699,-0.3600659999997333,-0.6838299999997162
2021-08-18 12:45:00,2724.209465,2723.201873,2723.846814,-1.0075919999999314,-0.36265099999991435,-0.6851214999999229
2021-08-18 13:00:00,2724.208299,2723.196753,2723.846065,-1.0115459999997256,-0.3622339999997166,-0.6868899999997211
2021-08-18 13:15:00,2724.209269,2723.201097,2723.847033,-1.0081719999998313,-0.36223599999993894,-0.6852039999998851
2021-08-18 13:30:00,2724.211215,2723.203046,2723.846812,-1.0081689999997252,-0.3644029999995837,-0.6862859999996545
2021-08-18 13:45:00,2724.210048,2723.203192,2723.848091,-1.0068559999999707,-0.3619570000000749,-0.6844065000000228
2021-08-18 14:00:00,2724.211601,2723.202997,2723.847478,-1.0086040000001049,-0.3641229999998359,-0.6863634999999704
2021-08-18 14:15:00,2724.210238,2723.203386,2723.847865,-1.0068519999999808,-0.3623729999999341,-0.6846124999999574
2021-08-18 14:30:00,2724.211018,2723.202419,2723.848645,-1.0085989999997764,-0.3623729999999341,-0.6854859999998553
2021-08-18 14:45:00,2724.212374,2723.198641,2723.847093,-1.0137330000002294,-0.3652810000003228,-0.6895070000002761
2021-08-18 15:00:00,2724.210438,2723.199617,2723.848067,-1.0108209999998508,-0.36237100000016653,-0.6865960000000086
2021-08-18 15:15:00,2724.210052,2723.199233,2723.848097,-1.0108190000000832,-0.3619549999998526,-0.6863869999999679
2021-08-18 15:30:00,2724.210052,2723.20057,2723.84768,-1.0094819999999345,-0.3623720000000503,-0.6859269999999924
2021-08-18 15:45:00,2724.211218,2723.201739,2723.85129,-1.0094789999998284,-0.35992799999985436,-0.6847034999998414
2021-08-18 16:00:00,2724.207136,2723.201158,2723.850431,-1.005978000000141,-0.35670500000014727,-0.6813415000001442
2021-08-18 16:45:00,2724.209469,2723.19955,2723.851014,-1.0099190000000817,-0.35845500000004904,-0.6841870000000654
2021-08-18 17:00:00,2724.207136,2723.20558,2723.848679,-1.0015560000001642,-0.3584569999998166,-0.6800064999999904
2021-08-18 17:15:00,2724.208886,2723.205999,2723.848263,-1.0028870000001007,-0.36062300000003233,-0.6817550000000665
2021-08-18 18:00:00,2724.209079,2723.202248,2723.850624,-1.0068310000001475,-0.35845500000004904,-0.6826430000000983
2021-08-18 18:15:00,2724.208489,2723.204893,2723.848177,-1.003596000000016,-0.3603120000002491,-0.6819540000001325
2021-08-18 18:30:00,2724.209465,2723.205873,2723.847821,-1.003592000000026,-0.36164400000006935,-0.6826180000000477
2021-08-18 18:45:00,2724.210048,2723.204708,2723.847708,-1.0053399999997055,-0.3623400000001311,-0.6838399999999183
2021-08-18 19:00:00,2724.210245,2723.202274,2723.84859,-1.0079709999999977,-0.36165500000015527,-0.6848130000000765
2021-08-18 19:15:00,2724.211021,2723.205697,2723.848673,-1.0053240000002006,-0.3623480000001109,-0.6838360000001558
2021-08-18 19:30:00,2724.211215,2723.208083,2723.847126,-1.0031319999998232,-0.36408899999969435,-0.6836104999997588
2021-08-18 19:45:00,2724.212381,2723.207501,2723.848709,-1.0048799999999574,-0.36367199999995137,-0.6842759999999544
2021-08-18 20:00:00,2724.208882,2723.207503,2723.84696,-1.0013789999998153,-0.3619220000000496,-0.6816504999999324
2021-08-18 20:30:00,2724.211218,2723.209413,2723.847395,-1.0018049999998766,-0.36382300000013856,-0.6828140000000076
2021-08-18 20:45:00,2724.211411,2723.209607,2723.849479,-1.0018040000004476,-0.3619320000002517,-0.6818680000003496
2021-08-18 21:00:00,2724.211215,2723.205896,2723.849282,-1.0053189999998722,-0.36193299999968076,-0.6836259999997765
2021-08-18 21:15:00,2724.211215,2723.209852,2723.849699,-1.0013629999998557,-0.3615159999999378,-0.6814394999998967
2021-08-18 21:30:00,2724.212964,2723.207647,2723.850314,-1.0053169999996499,-0.36265000000003056,-0.6839834999998402
2021-08-18 22:00:00,2724.212381,2723.209267,2723.849731,-1.0031139999996412,-0.36265000000003056,-0.6828819999998359
2021-08-18 22:15:00,2724.211215,2723.20985,2723.850035,-1.0013649999996233,-0.3611799999998766,-0.6812724999997499
2021-08-18 22:45:00,2724.211798,2723.206895,2723.852484,-1.004903000000013,-0.35931399999981295,-0.682108499999913
2021-08-18 23:00:00,2724.212964,2723.210266,2723.853651,-1.002697999999782,-0.35931299999992916,-0.6810054999998556
2021-08-18 23:15:00,2724.21413,2723.207478,2723.852651,-1.006652000000031,-0.36147899999969013,-0.6840654999998605
2021-08-18 23:30:00,2724.212381,2723.209682,2723.853068,-1.0026989999996658,-0.35931299999992916,-0.6810059999997975
2021-08-18 23:45:00,2724.211215,2723.208512,2723.849317,-1.0027029999996557,-0.36189799999965544,-0.6823004999996556
2021-08-26 00:30:00,2724.201878,2723.168247,2723.837721,-1.0336309999997866,-0.3641569999999774,-0.698893999999882
2021-08-26 00:45:00,2724.201491,2723.172683,2723.838031,-1.0288080000000264,-0.36346000000003187,-0.6961340000000291
2021-08-26 01:00:00,2724.201105,2723.169676,2723.837643,-1.0314290000001165,-0.3634620000002542,-0.6974455000001853
2021-08-26 01:15:00,2724.201878,2723.168245,2723.838416,-1.033633000000009,-0.36346199999979945,-0.6985474999999042
2021-08-26 01:45:00,2724.202461,2723.169281,2723.837251,-1.033179999999902,-0.36520999999993364,-0.6991949999999179
2021-08-26 02:30:00,2724.201691,2723.171417,2723.83939,-1.0302740000001904,-0.3623010000001159,-0.6962875000001532
2021-08-26 02:45:00,2724.201305,2723.174983,2723.838863,-1.0263220000001638,-0.36244200000010096,-0.6943820000001324
2021-08-26 03:00:00,2724.201881,2723.170445,2723.83828,-1.0314359999997578,-0.36360100000001694,-0.6975184999998874
2021-08-26 03:15:00,2724.203637,2723.166763,2723.839446,-1.036873999999898,-0.36419100000011895,-0.7005325000000084
2021-08-26 03:30:00,2724.203637,2723.17161,2723.837721,-1.0320270000001983,-0.3659160000001975,-0.6989715000001979
2021-08-26 03:45:00,2724.201888,2723.169857,2723.838138,-1.0320310000001882,-0.3637499999999818,-0.697890500000085
2021-08-26 04:00:00,2724.199749,2723.168572,2723.837331,-1.0311769999998432,-0.3624179999997068,-0.696797499999775
2021-08-26 04:15:00,2724.201108,2723.170385,2723.838389,-1.0307230000003074,-0.3627190000001974,-0.6967210000002524
2021-08-26 04:30:00,2724.202861,2723.17434,2723.839388,-1.0285210000001825,-0.3634730000003401,-0.6959970000002613
2021-08-26 04:45:00,2724.204417,2723.172382,2723.841362,-1.0320349999997234,-0.36305499999980384,-0.6975449999997636
2021-08-26 05:00:00,2724.203054,2723.17497,2723.839998,-1.0280840000000353,-0.3630560000001424,-0.6955700000000888
2021-08-26 05:15:00,2724.202471,2723.173946,2723.838305,-1.0285250000001724,-0.364165999999841,-0.6963455000000067
2021-08-26 05:30:00,2724.203054,2723.177171,2723.840753,-1.025883000000249,-0.3623010000001159,-0.6940920000001825
2021-08-26 05:45:00,2724.201888,2723.177462,2723.839862,-1.0244259999999485,-0.36202600000024177,-0.6932260000000952
2021-08-26 06:00:00,2724.201888,2723.175547,2723.841614,-1.0263410000002295,-0.36027400000011767,-0.6933075000001736
2021-08-26 06:15:00,2724.204407,2723.168997,2723.838779,-1.0354099999999562,-0.36562800000001516,-0.7005189999999857
2021-08-26 06:30:00,2724.201885,2723.17641,2723.842026,-1.0254749999999149,-0.35985900000014226,-0.6926670000000286
2021-08-26 06:45:00,2724.201878,2723.174372,2723.840584,-1.027505999999903,-0.36129399999981615,-0.6943999999998596
2021-08-26 07:15:00,2724.203627,2723.172618,2723.842334,-1.0310089999998127,-0.36129299999993236,-0.6961509999998725
2021-08-26 07:30:00,2724.203044,2723.167625,2723.84175,-1.0354189999998198,-0.36129399999981615,-0.698356499999818
2021-08-26 07:45:00,2724.201878,2723.170409,2723.841001,-1.0314690000000155,-0.36087700000007317,-0.6961730000000443
2021-08-26 08:00:00,2724.202461,2723.170991,2723.84075,-1.0314699999998993,-0.3617110000000139,-0.6965904999999566
2021-08-26 08:15:00,2724.203044,2723.171574,2723.842166,-1.0314699999998993,-0.36087799999995696,-0.6961739999999281
2021-08-26 08:30:00,2724.201878,2723.173026,2723.840167,-1.0288519999999153,-0.3617110000000139,-0.6952814999999646
2021-08-26 08:45:00,2724.201295,2723.172442,2723.839583,-1.028852999999799,-0.36171199999989767,-0.6952824999998484
2021-08-26 09:00:00,2724.202461,2723.171856,2723.839417,-1.0306049999999232,-0.3630439999997179,-0.6968244999998205
2021-08-26 09:15:00,2724.201295,2723.172436,2723.84,-1.0288590000000113,-0.36129499999969994,-0.6950769999998556
2021-08-26 09:45:00,2724.203627,2723.175222,2723.838416,-1.0284050000000207,-0.36521099999981743,-0.696807999999919
2021-08-26 10:45:00,2724.20421,2723.171846,2723.83725,-1.0323639999996885,-0.3669599999998354,-0.699661999999762
2021-08-26 11:00:00,2724.198962,2723.168345,2723.835082,-1.0306169999998929,-0.36387999999988097,-0.6972484999998869
2021-08-26 11:15:00,2724.200712,2723.170095,2723.834666,-1.0306169999998929,-0.36604599999964194,-0.6983314999997674
2021-08-26 11:30:00,2724.201878,2723.170845,2723.834801,-1.031032999999752,-0.3670769999998811,-0.6990549999998166
2021-08-26 11:45:00,2724.201102,2723.170068,2723.833608,-1.0310340000000906,-0.3674940000000788,-0.6992640000000847
2021-08-26 12:00:00,2724.202464,2723.17143,2723.835388,-1.0310340000000906,-0.3670759999999973,-0.699055000000044
2021-08-26 12:15:00,2724.201305,2723.172452,2723.835664,-1.0288530000002538,-0.36564099999986865,-0.6972470000000612
2021-08-26 12:30:00,2724.202278,2723.171222,2723.835188,-1.0310560000002624,-0.3670900000001893,-0.6990730000002259
2021-08-26 12:45:00,2724.201891,2723.174791,2723.834803,-1.027100000000246,-0.367087999999967,-0.6970940000001065
2021-08-26 13:00:00,2724.201888,2723.174206,2723.83408,-1.0276819999999134,-0.36780799999996816,-0.6977449999999408
2021-08-26 13:15:00,2724.202471,2723.170398,2723.831477,-1.0320729999998548,-0.37099399999988236,-0.7015334999998686
2021-08-26 13:30:00,2724.203444,2723.174156,2723.833031,-1.0292880000001787,-0.3704130000000987,-0.6998505000001387
2021-08-26 13:45:00,2724.204214,2723.172142,2723.836824,-1.032071999999971,-0.36738999999988664,-0.6997309999999288
2021-08-26 14:00:00,2724.205187,2723.171972,2723.834473,-1.0332149999999274,-0.37071400000013455,-0.701964500000031
2021-08-26 14:15:00,2724.199159,2723.172816,2723.83369,-1.0263429999999971,-0.36546899999984817,-0.6959059999999226
2021-08-26 14:30:00,2724.197603,2723.169058,2723.832135,-1.028545000000122,-0.3654679999999644,-0.6970065000000432
2021-08-26 14:45:00,2724.199159,2723.170176,2723.83077,-1.0289829999996982,-0.36838899999975183,-0.698685999999725
2021-08-26 15:00:00,2724.198576,2723.169142,2723.832969,-1.0294339999995827,-0.3656069999997271,-0.6975204999996549
2021-08-26 15:15:00,2724.200718,2723.169097,2723.832609,-1.0316210000000865,-0.368109000000004,-0.6998650000000453
2021-08-26 15:30:00,2724.198779,2723.171542,2723.833162,-1.0272369999997863,-0.36561699999992925,-0.6964269999998578
2021-08-26 15:45:00,2724.200718,2723.175688,2723.833352,-1.0250300000002426,-0.36736599999994723,-0.6961980000000949
2021-08-26 16:00:00,2724.199166,2723.176339,2723.83064,-1.0228269999997792,-0.368525999999747,-0.6956764999997631
2021-08-26 16:15:00,2724.199945,2723.172298,2723.831143,-1.027646999999888,-0.36880199999995966,-0.6982244999999239
2021-08-26 16:30:00,2724.198582,2723.171355,2723.831805,-1.027227000000039,-0.36677700000018376,-0.6970020000001114
2021-08-26 16:45:00,2724.201695,2723.172303,2723.830726,-1.029392000000371,-0.37096900000005917,-0.700180500000215
2021-08-26 17:00:00,2724.19722,2723.17133,2723.831499,-1.0258899999998903,-0.3657210000001214,-0.6958055000000058
2021-08-26 17:15:00,2724.200718,2723.17749,2723.832333,-1.0232280000000173,-0.3683850000002167,-0.695806500000117
2021-08-26 17:30:00,2724.202081,2723.175318,2723.833002,-1.0267629999998462,-0.3690790000000561,-0.6979209999999512
2021-08-26 17:45:00,2724.198976,2723.171762,2723.833081,-1.0272140000001855,-0.3658949999999095,-0.6965545000000475
2021-08-26 18:00:00,2724.200142,2723.172932,2723.834248,-1.0272100000001956,-0.3658940000000257,-0.6965520000001106
2021-08-26 18:15:00,2724.203051,2723.176887,2723.834665,-1.0261639999998806,-0.36838600000010047,-0.6972749999999905
2021-08-26 18:30:00,2724.198779,2723.17598,2723.831726,-1.02279899999985,-0.3670529999999417,-0.6949259999998958
2021-08-26 18:45:00,2724.200718,2723.176762,2723.833942,-1.0239559999999983,-0.3667759999998452,-0.6953659999999218
2021-08-26 19:00:00,2724.201301,2723.173685,2723.83236,-1.0276159999998526,-0.36894100000017716,-0.6982785000000149
2021-08-26 19:15:00,2724.201685,2723.17553,2723.83316,-1.026155000000017,-0.3685249999998632,-0.6973399999999401
2021-08-26 19:30:00,2724.201881,2723.172944,2723.834527,-1.0289370000000417,-0.36735399999997753,-0.6981455000000096
2021-08-26 19:45:00,2724.204217,2723.175008,2723.833664,-1.0292089999998097,-0.3705529999997452,-0.6998809999997775
2021-08-26 20:00:00,2724.202661,2723.175202,2723.835447,-1.027458999999908,-0.36721399999987625,-0.6973364999998921
2021-08-26 20:15:00,2724.203048,2723.174987,2723.832971,-1.0280609999999797,-0.3700770000000375,-0.6990690000000086
2021-08-26 20:30:00,2724.202661,2723.173455,2723.833418,-1.0292059999997036,-0.36924299999964205,-0.6992244999996728
2021-08-26 20:45:00,2724.203054,2723.173248,2723.833811,-1.0298060000000078,-0.3692430000000968,-0.6995245000000523
2021-08-26 21:00:00,2724.204807,2723.173833,2723.834394,-1.030974000000242,-0.3704130000000987,-0.7006935000001704
2021-08-26 21:15:00,2724.202474,2723.181596,2723.834552,-1.0208780000002662,-0.36792200000036246,-0.6944000000003143
2021-08-26 21:30:00,2724.203251,2723.172715,2723.835443,-1.0305359999997563,-0.36780799999996816,-0.6991719999998622
2021-08-26 21:45:00,2724.201305,2723.179118,2723.834216,-1.0221870000000308,-0.3670889999998508,-0.6946379999999408
2021-08-26 22:00:00,2724.200139,2723.170462,2723.834382,-1.0296769999999924,-0.36575700000003053,-0.6977170000000115
2021-08-26 22:15:00,2724.202861,2723.176284,2723.836051,-1.0265770000000884,-0.36680999999998676,-0.6966935000000376
2021-08-26 22:30:00,2724.202471,2723.178374,2723.834978,-1.0240969999999834,-0.367493000000195,-0.6957950000000892
2021-08-26 22:45:00,2724.202858,2723.181404,2723.837532,-1.0214540000001762,-0.3653260000000955,-0.6933900000001358
2021-08-26 23:00:00,2724.203048,2723.182174,2723.837584,-1.0208739999998215,-0.3654639999999745,-0.693168999999898
2021-08-26 23:15:00,2724.204214,2723.181591,2723.837,-1.0226229999998395,-0.36721399999987625,-0.6949184999998579
2021-08-26 23:30:00,2724.203048,2723.183067,2723.835834,-1.019980999999916,-0.36721399999987625,-0.6935974999998962
2021-08-27 00:00:00,2724.203831,2723.174611,2723.835585,-1.0292199999998957,-0.3682459999999992,-0.6987329999999474
2021-08-27 00:15:00,2724.202858,2723.174805,2723.835365,-1.0280529999999999,-0.367493000000195,-0.6977730000000975
2021-08-27 00:30:00,2724.204797,2723.175598,2723.839436,-1.0291990000000624,-0.3653609999996661,-0.6972799999998642
2021-08-27 00:45:00,2724.203631,2723.178385,2723.836417,-1.0252459999996972,-0.36721399999987625,-0.6962299999997867
2021-08-27 01:15:00,2724.201298,2723.181754,2723.838001,-1.0195439999997689,-0.36329699999987497,-0.6914204999998219
2021-08-27 01:30:00,2724.20577,2723.178773,2723.838973,-1.0269969999999375,-0.36679700000013327,-0.6968970000000354
2021-08-27 01:45:00,2724.205967,2723.185544,2723.836586,-1.020422999999937,-0.36938099999997576,-0.6949019999999564
2021-08-27 02:00:00,2724.204217,2723.176325,2723.836248,-1.0278920000000653,-0.36796899999990273,-0.697930499999984
2021-08-27 02:15:00,2724.201881,2723.177361,2723.834943,-1.0245199999999386,-0.36693800000011834,-0.6957290000000285
2021-08-27 02:30:00,2724.203437,2723.178918,2723.840115,-1.0245190000000548,-0.3633220000001529,-0.6939205000001039
2021-08-27 02:45:00,2724.202468,2723.181171,2723.839029,-1.0212969999997767,-0.36343899999974383,-0.6923679999997603
2021-08-27 03:00:00,2724.201301,2723.175154,2723.83828,-1.0261470000000372,-0.36302100000011706,-0.6945840000000771
2021-08-27 03:15:00,2724.203634,2723.17838,2723.838864,-1.0252540000001318,-0.36477000000013504,-0.6950120000001334
2021-08-27 03:30:00,2724.203051,2723.177797,2723.83711,-1.0252540000001318,-0.3659410000000207,-0.6955975000000763
2021-08-27 03:45:00,2724.203051,2723.179104,2723.836414,-1.0239470000001347,-0.3666370000000825,-0.6952920000001086
2021-08-27 04:00:00,2724.204604,2723.180659,2723.838663,-1.0239449999999124,-0.3659410000000207,-0.6949429999999666
2021-08-27 04:15:00,2724.20499,2723.181497,2723.83905,-1.023493000000144,-0.36594000000013693,-0.6947165000001405
2021-08-27 04:30:00,2724.204604,2723.178905,2723.836496,-1.025698999999804,-0.36810800000012023,-0.6969034999999622
2021-08-27 04:45:00,2724.20421,2723.18026,2723.837853,-1.023949999999786,-0.3663569999998799,-0.695153499999833
2021-08-27 05:00:00,2724.20635,2723.18065,2723.84041,-1.0257000000001426,-0.36594000000013693,-0.6958200000001398
2021-08-27 05:15:00,2724.207906,2723.182205,2723.8398,-1.0257010000000264,-0.3681059999998979,-0.6969034999999622
2021-08-27 05:30:00,2724.204217,2723.181006,2723.841463,-1.023211000000174,-0.362753999999768,-0.692982499999971
2021-08-27 05:45:00,2724.204217,2723.17705,2723.839295,-1.0271670000001905,-0.3649219999997513,-0.6960444999999709
2021-08-27 06:00:00,2724.204217,2723.181419,2723.839296,-1.0227979999999661,-0.3649209999998675,-0.6938594999999168
2021-08-27 06:15:00,2724.203634,2723.18479,2723.838712,-1.018844000000172,-0.3649219999997513,-0.6918829999999616
2021-08-27 06:30:00,2724.20421,2723.180252,2723.837853,-1.0239579999997659,-0.3663569999998799,-0.6951574999998229
2021-08-27 07:00:00,2724.204794,2723.183035,2723.840604,-1.021759000000202,-0.36419000000023516,-0.6929745000002185
2021-08-27 07:15:00,2724.204794,2723.17908,2723.838157,-1.0257140000003346,-0.3666370000000825,-0.6961755000002086
2021-08-27 07:30:00,2724.203627,2723.177458,2723.839853,-1.0261689999997543,-0.3637739999999212,-0.6949714999998378
2021-08-27 07:45:00,2724.205377,2723.183615,2723.839437,-1.021762000000308,-0.36594000000013693,-0.6938510000002225
2021-08-27 08:00:00,2724.203627,2723.181862,2723.837687,-1.0217649999999594,-0.3659399999996822,-0.6938524999998208
2021-08-27 08:15:00,2724.201491,2723.181473,2723.8373,-1.020017999999709,-0.3641909999996642,-0.6921044999996866
2021-08-27 08:30:00,2724.205967,2723.178933,2723.837998,-1.0270339999997304,-0.36796899999990273,-0.6975014999998166
2021-08-27 08:45:00,2724.204217,2723.182448,2723.835831,-1.0217689999999493,-0.36838600000010047,-0.6950775000000249
2021-08-27 09:00:00,2724.202468,2723.185089,2723.837998,-1.0173789999998917,-0.364469999999983,-0.6909244999999373
2021-08-27 09:45:00,2724.205383,2723.186704,2723.835247,-1.0186789999997927,-0.37013600000000224,-0.6944074999998975
2021-08-27 10:00:00,2724.201885,2723.184952,2723.835942,-1.0169329999998808,-0.3659429999997883,-0.6914379999998346
2021-08-27 10:15:00,2724.201301,2723.182163,2723.834664,-1.0191380000001118,-0.3666370000000825,-0.6928875000000971
2021-08-27 10:30:00,2724.204217,2723.18333,2723.836527,-1.0208870000001298,-0.3676900000000387,-0.6942885000000842
2021-08-27 10:45:00,2724.204217,2723.178481,2723.83611,-1.0257360000000517,-0.3681069999997817,-0.6969214999999167
2021-08-27 11:00:00,2724.202468,2723.179373,2723.837558,-1.023095000000012,-0.3649099999997816,-0.6940024999998968
2021-08-27 11:15:00,2724.201688,2723.175947,2723.83533,-1.0257409999999254,-0.36635800000021845,-0.6960495000000719
2021-08-27 11:30:00,2724.202468,2723.180091,2723.835103,-1.0223769999997785,-0.36736500000006345,-0.694870999999921
2021-08-27 12:00:00,2724.201885,2723.178345,2723.835212,-1.0235400000001391,-0.3666729999999916,-0.6951065000000654
2021-08-27 12:15:00,2724.200135,2723.176595,2723.833045,-1.0235400000001391,-0.3670900000001893,-0.6953150000001642
2021-08-27 12:30:00,2724.201108,2723.177131,2723.832583,-1.0239770000002864,-0.36852500000031796,-0.6962510000003022
2021-08-27 12:45:00,2724.201695,2723.181671,2723.833169,-1.020024000000376,-0.36852600000020175,-0.6942750000002889
2021-08-27 13:00:00,2724.203058,2723.176601,2723.831196,-1.0264569999999367,-0.3718619999999646,-0.6991594999999506
2021-08-27 13:15:00,2724.201888,2723.180114,2723.833642,-1.0217740000002777,-0.3682459999999992,-0.6950100000001385
2021-08-27 13:30:00,2724.202664,2723.182061,2723.833838,-1.0206029999999373,-0.36882599999989907,-0.6947144999999182
2021-08-27 13:45:00,2724.200328,2723.184119,2723.835419,-1.0162089999998898,-0.3649089999998978,-0.6905589999998938
2021-08-27 14:00:00,2724.203634,2723.184506,2723.835527,-1.0191279999999097,-0.3681069999997817,-0.6936174999998457
2021-08-27 14:15:00,2724.199355,2723.1783,2723.831582,-1.0210550000001604,-0.3677730000003976,-0.694414000000279
2021-08-27 14:45:00,2724.20461,2723.182843,2723.834198,-1.021766999999727,-0.37041199999976016,-0.6960894999997436
2021-08-27 15:00:00,2724.203054,2723.179085,2723.834808,-1.0239689999998518,-0.3682459999999992,-0.6961074999999255
2021-08-27 15:15:00,2724.201888,2723.18215,2723.833501,-1.0197379999999612,-0.36838699999998425,-0.6940624999999727
2021-08-27 15:30:00,2724.204024,2723.18226,2723.833887,-1.0217640000000756,-0.3701370000003408,-0.6959505000002082
2021-08-27 15:45:00,2724.201878,2723.179082,2723.834046,-1.0227959999997438,-0.36783199999990757,-0.6953139999998257
2021-08-27 16:00:00,2724.203044,2723.182456,2723.834795,-1.0205879999998615,-0.36824899999965055,-0.694418499999756
2021-08-27 16:15:00,2724.201878,2723.182624,2723.833491,-1.019253999999819,-0.36838699999998425,-0.6938204999999016
2021-08-27 16:30:00,2724.202851,2723.178752,2723.836631,-1.0240990000002057,-0.36621999999988475,-0.6951595000000452
2021-08-27 16:45:00,2724.203824,2723.184573,2723.836169,-1.0192510000001676,-0.3676550000000134,-0.6934530000000905
2021-08-27 17:00:00,2724.203627,2723.180425,2723.835658,-1.0232019999998556,-0.36796899999990273,-0.6955854999998792
2021-08-27 17:15:00,2724.205767,2723.184771,2723.835769,-1.0209959999997409,-0.3699980000001233,-0.6954969999999321
2021-08-27 17:30:00,2724.204797,2723.187026,2723.836549,-1.0177709999998115,-0.36824799999976676,-0.6930094999997891
2021-08-27 17:45:00,2724.204407,2723.179007,2723.836438,-1.0253999999999905,-0.3679690000003575,-0.696684500000174
2021-08-27 18:00:00,2724.203627,2723.184803,2723.837546,-1.0188239999997677,-0.36608099999966726,-0.6924524999997175
2021-08-27 18:15:00,2724.201295,2723.179849,2723.835492,-1.0214459999997416,-0.365802999999687,-0.6936244999997143
2021-08-27 18:30:00,2724.204797,2723.183055,2723.837245,-1.0217419999999038,-0.367551999999705,-0.6946469999998044
2021-08-27 18:45:00,2724.203044,2723.182473,2723.834797,-1.020571000000018,-0.368246999999883,-0.6944089999999505
2021-08-27 19:00:00,2724.202661,2723.178717,2723.834717,-1.0239440000000286,-0.3679439999996248,-0.6959439999998267
2021-08-27 19:15:00,2724.202471,2723.180731,2723.833052,-1.0217400000001362,-0.3694190000001072,-0.6955795000001217
2021-08-27 19:30:00,2724.203247,2723.179758,2723.833252,-1.0234889999996994,-0.36999500000001717,-0.6967419999998583
2021-08-27 20:00:00,2724.204804,2723.18482,2723.836559,-1.0199840000000222,-0.3682450000001154,-0.6941145000000688
2021-08-27 20:15:00,2724.206553,2723.181306,2723.836697,-1.0252470000000358,-0.3698559999997997,-0.6975514999999177
2021-08-27 20:30:00,2724.205193,2723.182151,2723.83492,-1.0230419999998048,-0.3702729999999974,-0.6966574999999011
2021-08-27 20:45:00,2724.205967,2723.185128,2723.838278,-1.0208389999997962,-0.3676889999997002,-0.6942639999997482
2021-08-27 21:00:00,2724.20441,2723.185321,2723.836721,-1.0190889999998944,-0.3676889999997002,-0.6933889999997973
2021-08-27 21:15:00,2724.202464,2723.183816,2723.837694,-1.0186479999997573,-0.36477000000013504,-0.6917089999999462
2021-08-27 21:45:00,2724.205773,2723.184206,2723.837667,-1.021567000000232,-0.36810600000035265,-0.6948365000002923
2021-08-27 22:00:00,2724.2048,2723.18322,2723.836694,-1.0215800000000854,-0.3681059999998979,-0.6948429999999917
2021-08-27 22:15:00,2724.202271,2723.183772,2723.835914,-1.0184990000002472,-0.36635700000033466,-0.6924280000002909
2021-08-27 22:30:00,2724.202858,2723.183769,2723.836917,-1.0190889999998944,-0.3659410000000207,-0.6925149999999576
2021-08-27 22:45:00,2724.202471,2723.180739,2723.836393,-1.0217320000001564,-0.3660780000000159,-0.6939050000000861
2021-08-27 23:00:00,2724.203444,2723.181715,2723.835917,-1.0217290000000503,-0.36752700000033656,-0.6946280000001934
2021-08-28 00:15:00,2724.203834,2723.186056,2723.837756,-1.0177779999999075,-0.3660780000000159,-0.6919279999999617
2021-08-28 00:30:00,2724.207713,2723.183071,2723.838863,-1.024641999999858,-0.3688499999998385,-0.6967459999998482
2021-08-28 00:45:00,2724.204997,2723.183704,2723.839058,-1.0212929999997868,-0.3659389999997984,-0.6936159999997926
2021-08-28 01:00:00,2724.204794,2723.182341,2723.838713,-1.0224530000000414,-0.366081000000122,-0.6942670000000817
2021-08-28 01:30:00,2724.2046,2723.190507,2723.837501,-1.01409300000023,-0.3670990000000529,-0.6905960000001414
2021-08-28 01:45:00,2724.20597,2723.187333,2723.838281,-1.0186370000001261,-0.3676890000001549,-0.6931630000001405
2021-08-28 02:15:00,2724.205387,2723.188498,2723.83728,-1.016888999999992,-0.3681069999997817,-0.6924979999998868
2021-08-28 02:30:00,2724.205387,2723.186294,2723.839726,-1.0190929999998843,-0.36566099999981816,-0.6923769999998513
2021-08-28 02:45:00,2724.20597,2723.19083,2723.837864,-1.015139999999974,-0.3681059999998979,-0.6916229999999359
2021-08-28 03:15:00,2724.204027,2723.184038,2723.838366,-1.0199890000003506,-0.3656610000002729,-0.6928250000003118
2021-08-28 03:30:00,2724.206166,2723.188382,2723.83834,-1.0177840000001197,-0.3678260000001501,-0.6928050000001349
2021-08-28 03:45:00,2724.205387,2723.192446,2723.837142,-1.0129409999999552,-0.3682450000001154,-0.6905930000000353
2021-08-28 04:00:00,2724.202858,2723.187989,2723.83795,-1.0148690000000897,-0.364908000000014,-0.6898885000000519
2021-08-28 04:30:00,2724.203637,2723.190695,2723.83553,-1.0129420000002938,-0.36810700000023644,-0.6905245000002651
2021-08-28 05:00:00,2724.20422,2723.191276,2723.838142,-1.0129440000000614,-0.3660780000000159,-0.6895110000000386
2021-08-28 05:30:00,2724.203637,2723.190237,2723.837141,-1.0134000000002743,-0.3664960000000974,-0.6899480000001859
2021-08-28 06:00:00,2724.206556,2723.187591,2723.839309,-1.0189650000002075,-0.367247000000134,-0.6931060000001708
2021-08-28 06:15:00,2724.204804,2723.192131,2723.838725,-1.0126730000001771,-0.3660789999998997,-0.6893760000000384
2021-08-28 06:30:00,2724.204414,2723.186037,2723.838335,-1.018376999999873,-0.3660789999998997,-0.6922279999998864
2021-08-28 06:45:00,2724.204804,2723.187004,2723.836975,-1.0178000000000793,-0.36782899999980145,-0.6928144999999404
2021-08-28 07:00:00,2724.203637,2723.18848,2723.83728,-1.015157000000272,-0.3663569999998799,-0.690757000000076
2021-08-28 07:45:00,2724.206553,2723.191848,2723.835527,-1.014705000000049,-0.37102599999980157,-0.6928654999999253
2021-08-28 08:00:00,2724.201498,2723.189837,2723.835859,-1.0116610000000037,-0.3656390000001011,-0.6886500000000524
2021-08-28 08:15:00,2724.204607,2723.183742,2723.835469,-1.020864999999958,-0.36913800000002084,-0.6950014999999894
2021-08-28 08:30:00,2724.204997,2723.189835,2723.837306,-1.015161999999691,-0.3676909999999225,-0.6914264999998068
2021-08-28 09:00:00,2724.206543,2723.188887,2723.83511,-1.0176559999999881,-0.3714329999997972,-0.6945444999998927
2021-08-28 09:15:00,2724.203627,2723.192124,2723.834361,-1.0115029999997205,-0.36926599999969767,-0.6903844999997091
2021-08-28 09:45:00,2724.201885,2723.187133,2723.83336,-1.014752000000044,-0.3685249999998632,-0.6916384999999536
2021-08-28 10:15:00,2724.203627,2723.189919,2723.832193,-1.0137079999999514,-0.37143399999968096,-0.6925709999998162
2021-08-28 10:30:00,2724.204794,2723.187584,2723.833501,-1.017210000000432,-0.37129300000015064,-0.6942515000002913
2021-08-28 10:45:00,2724.202461,2723.187,2723.832918,-1.0154609999999593,-0.3695429999997941,-0.6925019999998767
2021-08-28 11:00:00,2724.20421,2723.186545,2723.834668,-1.0176649999998517,-0.36954199999991033,-0.693603499999881
2021-08-28 11:15:00,2724.204217,2723.187293,2723.833944,-1.0169240000000173,-0.3702729999999974,-0.6935985000000073
2021-08-28 11:30:00,2724.204217,2723.185544,2723.832911,-1.0186730000000352,-0.37130600000000413,-0.6949895000000197
2021-08-28 12:00:00,2724.202858,2723.184182,2723.833302,-1.0186760000001414,-0.36955600000010236,-0.6941160000001219
2021-08-28 12:15:00,2724.204997,2723.186322,2723.833276,-1.0186749999998028,-0.37172099999997954,-0.6951979999998912
2021-08-28 12:30:00,2724.202858,2723.181978,2723.832886,-1.0208800000000338,-0.36997199999996155,-0.6954259999999977
2021-08-28 12:45:00,2724.203637,2723.187165,2723.83261,-1.016472000000249,-0.3710270000001401,-0.6937495000001945
2021-08-28 13:00:00,2724.20422,2723.181152,2723.834364,-1.0230679999999666,-0.3698560000002544,-0.6964620000001105
2021-08-28 13:15:00,2724.201691,2723.185497,2723.833584,-1.0161940000002687,-0.36810700000023644,-0.6921505000002526
2021-08-28 13:30:00,2724.200722,2723.178951,2723.833194,-1.0217710000001716,-0.36752800000022035,-0.694649500000196
2021-08-28 13:45:00,2724.202471,2723.191706,2723.836114,-1.0107649999999921,-0.3663569999998799,-0.688560999999936
2021-08-28 14:00:00,2724.201305,2723.185695,2723.83481,-1.0156099999999242,-0.3664950000002136,-0.6910525000000689
2021-08-28 14:15:00,2724.203054,2723.189648,2723.834531,-1.0134060000000318,-0.36852300000009564,-0.6909645000000637
2021-08-28 14:30:00,2724.203054,2723.181741,2723.832945,-1.021313000000191,-0.3701089999999567,-0.6957110000000739
2021-08-28 14:45:00,2724.201691,2723.182128,2723.834023,-1.0195630000002893,-0.3676680000003216,-0.6936155000003055
2021-08-28 15:00:00,2724.201878,2723.188498,2723.834964,-1.01337999999987,-0.3669139999997242,-0.6901469999997971
2021-08-28 15:30:00,2724.201102,2723.185519,2723.834882,-1.0155829999998787,-0.36621999999988475,-0.6909014999998817
2021-08-28 15:45:00,2724.202075,2723.19045,2723.835856,-1.0116250000000946,-0.36621900000000096,-0.6889220000000478
2021-08-28 16:00:00,2724.201878,2723.184826,2723.833214,-1.017051999999694,-0.36866399999962596,-0.69285799999966
2021-08-28 16:30:00,2724.200712,2723.187617,2723.833056,-1.0130949999997938,-0.3676559999998972,-0.6903754999998455
2021-08-28 16:45:00,2724.198769,2723.186696,2723.834613,-1.012072999999873,-0.3641560000000936,-0.6881144999999833
2021-08-28 17:00:00,2724.199549,2723.183083,2723.833226,-1.0164660000000367,-0.3663229999997384,-0.6913944999998876
2021-08-28 17:45:00,2724.201491,2723.189879,2723.833557,-1.0116119999997863,-0.3679339999998774,-0.6897729999998319
2021-08-28 18:00:00,2724.201491,2723.188825,2723.834717,-1.0126659999996264,-0.3667739999996229,-0.6897199999996246
2021-08-28 18:15:00,2724.200722,2723.18909,2723.832777,-1.0116320000001906,-0.36794499999996333,-0.689788500000077
2021-08-28 18:30:00,2724.203054,2723.187471,2723.834393,-1.0155829999998787,-0.3686609999999746,-0.6921219999999266
2021-08-28 18:45:00,2724.200522,2723.190065,2723.833607,-1.010457000000315,-0.3669150000000627,-0.6886860000001889
2021-08-28 19:00:00,2724.203044,2723.188216,2723.834381,-1.0148279999998522,-0.36866299999974217,-0.6917454999997972
2021-08-28 19:30:00,2724.201298,2723.185302,2723.834047,-1.0159960000000865,-0.3672510000001239,-0.6916235000001052
2021-08-28 19:45:00,2724.200129,2723.185721,2723.833631,-1.014408000000003,-0.366497999999865,-0.690452999999934
2021-08-28 20:00:00,2724.201105,2723.19316,2723.83636,-1.0079450000002907,-0.36474500000031185,-0.6863450000003013
2021-08-28 20:15:00,2724.201108,2723.187737,2723.834751,-1.0133710000000065,-0.36635700000033466,-0.6898640000001706
2021-08-28 20:30:00,2724.199749,2723.188567,2723.835141,-1.0111819999997351,-0.36460799999986193,-0.6878949999997985
2021-08-28 20:45:00,2724.199552,2723.194971,2723.834944,-1.0045810000001438,-0.36460799999986193,-0.6845945000000029
2021-08-28 21:00:00,2724.199166,2723.187986,2723.834558,-1.0111799999999675,-0.36460799999986193,-0.6878939999999147
2021-08-28 21:15:00,2724.203044,2723.189374,2723.836688,-1.01366999999982,-0.36635599999999613,-0.6900129999999081
2021-08-28 21:30:00,2724.200718,2723.190412,2723.835797,-1.0103060000001278,-0.3649209999998675,-0.6876134999999977
2021-08-28 21:45:00,2724.200332,2723.187822,2723.835134,-1.0125100000000202,-0.36519799999996394,-0.6888539999999921
2021-08-28 22:00:00,2724.199945,2723.18964,2723.836498,-1.0103049999997893,-0.36344699999972363,-0.6868759999997565
2021-08-28 22:45:00,2724.199559,2723.193647,2723.836111,-1.0059120000000803,-0.36344800000006217,-0.6846800000000712
2021-08-28 23:00:00,2724.200725,2723.193063,2723.833778,-1.007661999999982,-0.3669469999999819,-0.687304499999982
2021-08-28 23:15:00,2724.198386,2723.18911,2723.833361,-1.0092760000002272,-0.36502500000005966,-0.6871505000001434
2021-08-28 23:30:00,2724.201301,2723.19248,2723.834665,-1.008820999999898,-0.3666360000001987,-0.6877285000000484
2021-08-29 00:00:00,2724.201885,2723.190859,2723.835528,-1.011026000000129,-0.3663569999998799,-0.6886915000000045
2021-08-29 00:15:00,2724.203051,2723.190274,2723.836833,-1.0127769999999146,-0.36621800000011717,-0.6894975000000159
2021-08-29 00:30:00,2724.199552,2723.192024,2723.836416,-1.007528000000093,-0.3631359999999404,-0.6853320000000167
2021-08-29 00:45:00,2724.200718,2723.194955,2723.837861,-1.0057630000001154,-0.36285700000007637,-0.6843100000000959
2021-08-29 02:00:00,2724.199559,2723.199359,2723.836528,-1.0001999999999498,-0.3630310000003192,-0.6816155000001345
2021-08-29 02:15:00,2724.200528,2723.194171,2723.835331,-1.0063569999997526,-0.3651969999996254,-0.685776999999689
2021-08-29 02:30:00,2724.201301,2723.192322,2723.836695,-1.0089790000001813,-0.36460600000009435,-0.6867925000001378
2021-08-29 02:45:00,2724.205377,2723.191286,2723.839021,-1.0140910000000076,-0.3663560000004509,-0.6902235000002293
2021-08-29 03:00:00,2724.203634,2723.195524,2723.838714,-1.0081099999997605,-0.3649199999999837,-0.6865149999998721
2021-08-29 03:15:00,2724.20421,2723.196692,2723.838131,-1.007517999999891,-0.3660789999998997,-0.6867984999998953
2021-08-29 04:00:00,2724.204607,2723.196078,2723.840105,-1.0085290000001805,-0.3645019999999022,-0.6865155000000414
2021-08-29 04:15:00,2724.205387,2723.195106,2723.839864,-1.0102809999998499,-0.3655229999999392,-0.6879019999998945
2021-08-29 04:30:00,2724.203247,2723.196464,2723.838641,-1.006782999999814,-0.36460600000009435,-0.6856944999999541
2021-08-29 04:45:00,2724.204217,2723.192146,2723.839297,-1.0120710000001054,-0.3649199999999837,-0.6884955000000446
2021-08-29 05:00:00,2724.201108,2723.198276,2723.838667,-1.0028320000001258,-0.3624410000002172,-0.6826365000001715
2021-08-29 05:15:00,2724.200722,2723.193203,2723.838282,-1.0075190000002294,-0.36243999999987864,-0.684979500000054
2021-08-29 05:30:00,2724.203054,2723.196264,2723.838864,-1.00678999999991,-0.36419000000023516,-0.6854900000000725
2021-08-29 05:45:00,2724.20597,2723.193476,2723.839615,-1.0124940000000606,-0.36635500000011234,-0.6894245000000865
2021-08-29 06:00:00,2724.204804,2723.195532,2723.841634,-1.0092719999997826,-0.3631700000000819,-0.6862209999999322
2021-08-29 06:15:00,2724.203637,2723.194365,2723.840885,-1.0092720000002373,-0.3627520000000004,-0.6860120000001189
2021-08-29 06:45:00,2724.206543,2723.193303,2723.838714,-1.0132399999997688,-0.36782899999980145,-0.6905344999997851
2021-08-29 07:00:00,2724.203044,2723.195958,2723.836964,-1.007086000000072,-0.36607999999978347,-0.6865829999999278
2021-08-29 07:15:00,2724.203627,2723.19698,2723.839854,-1.0066469999997025,-0.3637730000000374,-0.68520999999987
2021-08-29 07:30:00,2724.203627,2723.196538,2723.837687,-1.0070889999997235,-0.3659399999996822,-0.6865144999997028
2021-08-29 07:45:00,2724.205377,2723.196975,2723.839437,-1.0084020000003875,-0.36594000000013693,-0.6871710000002622
2021-08-29 08:00:00,2724.205377,2723.198725,2723.839159,-1.006652000000031,-0.36621800000011717,-0.6864350000000741
2021-08-29 08:15:00,2724.204407,2723.197753,2723.840357,-1.0066540000002533,-0.3640500000001339,-0.6853520000001936
2021-08-29 08:30:00,2724.203051,2723.196396,2723.839,-1.006655000000137,-0.36405100000001767,-0.6853530000000774
2021-08-29 08:45:00,2724.205383,2723.199181,2723.839583,-1.0062020000000302,-0.36580000000003565,-0.686001000000033
2021-08-29 09:15:00,2724.201885,2723.197426,2723.837833,-1.0044589999997697,-0.36405199999990145,-0.6842554999998356
2021-08-29 09:30:00,2724.202468,2723.198009,2723.836666,-1.0044589999997697,-0.36580199999980323,-0.6851304999997865
2021-08-29 09:45:00,2724.202468,2723.191849,2723.836249,-1.0106190000001334,-0.36621900000000096,-0.6884190000000672
2021-08-29 10:15:00,2724.203827,2723.195412,2723.837724,-1.0084149999997862,-0.3661029999998391,-0.6872589999998127
2021-08-29 10:30:00,2724.202464,2723.18789,2723.836361,-1.0145739999998113,-0.3661029999998391,-0.6903384999998252
2021-08-29 10:45:00,2724.201688,2723.187111,2723.835584,-1.0145769999999175,-0.3661040000001776,-0.6903405000000475
2021-08-29 11:00:00,2724.202468,2723.187887,2723.834916,-1.0145809999999074,-0.36755200000015975,-0.6910665000000336
2021-08-29 11:15:00,2724.200718,2723.192295,2723.834499,-1.0084230000002208,-0.36621900000000096,-0.6873210000001109
2021-08-29 11:30:00,2724.199552,2723.192877,2723.835083,-1.0066750000000866,-0.3644690000000992,-0.6855720000000929
2021-08-29 11:45:00,2724.201885,2723.191256,2723.835249,-1.0106289999998808,-0.36663599999974394,-0.6886324999998124
2021-08-29 12:15:00,2724.202468,2723.18965,2723.834082,-1.012818000000152,-0.36838600000010047,-0.6906020000001263
2021-08-29 12:30:00,2724.201301,2723.192878,2723.8325,-1.0084230000002208,-0.3688010000000759,-0.6886120000001483
2021-08-29 14:00:00,2724.204217,2723.194049,2723.835833,-1.0101679999997941,-0.36838399999987814,-0.6892759999998361
2021-08-29 14:30:00,2724.201695,2723.193268,2723.836915,-1.0084270000002107,-0.36478000000033717,-0.6866035000002739
2021-08-29 14:45:00,2724.201301,2723.192875,2723.836105,-1.0084259999998721,-0.36519600000019636,-0.6868110000000343
2021-08-29 15:00:00,2724.201691,2723.1946,2723.833168,-1.0070910000004005,-0.36852300000009564,-0.6878070000002481
2021-08-29 15:15:00,2724.201301,2723.190987,2723.836115,-1.0103140000001076,-0.36518599999999424,-0.6877500000000509
2021-08-29 16:00:00,2724.202468,2723.187312,2723.837561,-1.0151559999999336,-0.3649070000001302,-0.6900315000000319
2021-08-29 16:15:00,2724.202858,2723.192552,2723.836502,-1.0103060000001278,-0.36635599999999613,-0.688331000000062
2021-08-29 16:30:00,2724.199166,2723.192359,2723.836587,-1.0068069999997533,-0.36257900000009613,-0.6846929999999247
2021-08-29 16:45:00,2724.199552,2723.190997,2723.834528,-1.0085549999998875,-0.3650240000001759,-0.6867895000000317
2021-08-29 17:15:00,2724.19722,2723.19042,2723.832194,-1.006800000000112,-0.36502599999994345,-0.6859130000000278
2021-08-29 17:30:00,2724.200718,2723.191893,2723.833944,-1.008824999999888,-0.36677400000007765,-0.6877994999999828
2021-08-29 17:45:00,2724.198386,2723.187636,2723.833778,-1.0107499999999163,-0.36460799999986193,-0.6876789999998891
2021-08-29 18:00:00,2724.198969,2723.190424,2723.833364,-1.0085450000001401,-0.36560499999995955,-0.6870750000000498
2021-08-29 18:15:00,2724.199166,2723.189452,2723.832391,-1.0097139999998035,-0.36677499999996144,-0.6882444999998825
2021-08-29 19:15:00,2724.205577,2723.195458,2723.834109,-1.0101190000000315,-0.37146800000027724,-0.6907935000001544
2021-08-29 19:30:00,2724.213357,2723.200049,2723.833886,-1.0133080000000518,-0.3794710000001942,-0.696389500000123
2021-08-29 19:45:00,2724.215687,2723.193452,2723.835915,-1.0222349999999096,-0.3797719999997753,-0.7010034999998425
2021-08-29 20:15:00,2724.212378,2723.194978,2723.834945,-1.0174000000001797,-0.37743300000011004,-0.6974165000001449
2021-08-29 20:45:00,2724.208489,2723.19663,2723.837578,-1.011859000000186,-0.37091099999997823,-0.6913850000000821
2021-08-29 21:00:00,2724.208886,2723.201285,2723.836805,-1.007600999999795,-0.3720809999999801,-0.6898409999998876
2021-08-29 21:15:00,2724.208496,2723.197659,2723.838642,-1.010837000000265,-0.3698540000000321,-0.6903455000001486
2021-08-29 21:30:00,2724.207133,2723.194985,2723.835249,-1.0121479999997973,-0.3718839999996817,-0.6920159999997395
2021-08-29 21:45:00,2724.208886,2723.19557,2723.836667,-1.0133160000000316,-0.3722189999998591,-0.6927674999999454
2021-08-29 22:30:00,2724.208882,2723.193819,2723.835945,-1.0150629999998273,-0.37293700000009267,-0.69399999999996
2021-08-29 22:45:00,2724.207129,2723.197189,2723.836835,-1.009939999999915,-0.3702939999998307,-0.6901169999998729
2021-08-29 23:15:00,2724.207716,2723.195133,2723.834082,-1.0125829999997222,-0.3736340000000382,-0.6931084999998802
2021-08-29 23:45:00,2724.210635,2723.199526,2723.83625,-1.0111090000000331,-0.3743850000000748,-0.692747000000054
2021-08-30 00:30:00,2724.208106,2723.197271,2723.836223,-1.0108350000000428,-0.37188300000025265,-0.6913590000001477
2021-08-30 00:45:00,2724.204414,2723.195327,2723.835276,-1.0090869999999086,-0.36913800000002084,-0.6891124999999647
2021-08-30 01:15:00,2724.208299,2723.195714,2723.837112,-1.0125849999999446,-0.37118699999973614,-0.6918859999998404
2021-08-30 01:30:00,2724.206356,2723.199471,2723.835886,-1.0068850000002385,-0.37047000000029584,-0.6886775000002672
2021-08-30 01:45:00,2724.208302,2723.197027,2723.837833,-1.0112749999998414,-0.3704689999999573,-0.6908719999998993
2021-08-30 02:00:00,2724.208102,2723.2002,2723.838665,-1.0079019999998309,-0.36943699999983437,-0.6886694999998326
2021-08-30 02:15:00,2724.207709,2723.197601,2723.838272,-1.0101079999999456,-0.36943699999983437,-0.68977249999989
2021-08-30 02:30:00,2724.20596,2723.200407,2723.838548,-1.0055529999999635,-0.3674119999996037,-0.6864824999997836
2021-08-30 02:45:00,2724.206543,2723.19308,2723.838715,-1.0134629999997742,-0.36782799999991767,-0.6906454999998459
2021-08-30 03:00:00,2724.208099,2723.202998,2723.838521,-1.0051009999997405,-0.36957799999981944,-0.68733949999978
2021-08-30 03:15:00,2724.207136,2723.198789,2723.839449,-1.008346999999958,-0.3676869999999326,-0.6880169999999453
2021-08-30 04:00:00,2724.20422,2723.200856,2723.83856,-1.003364000000147,-0.36565999999993437,-0.6845120000000406
2021-08-30 04:15:00,2724.205387,2723.202461,2723.837282,-1.002926000000116,-0.3681050000000141,-0.685515500000065
2021-08-30 04:30:00,2724.20422,2723.198651,2723.838144,-1.005568999999923,-0.3660760000002483,-0.6858225000000857
2021-08-30 04:45:00,2724.205387,2723.198341,2723.840006,-1.007046000000173,-0.36538100000007034,-0.6862135000001217
2021-08-30 05:00:00,2724.204027,2723.207534,2723.840117,-0.9964930000001004,-0.3639100000000326,-0.6802015000000665
2021-08-30 05:15:00,2724.204807,2723.204357,2723.839009,-1.0004500000000007,-0.3657980000002681,-0.6831240000001344
2021-08-30 05:30:00,2724.206556,2723.205667,2723.841176,-1.0008889999999155,-0.36538000000018656,-0.683134500000051
2021-08-30 05:45:00,2724.20539,2723.202297,2723.839313,-1.0030930000002627,-0.3660770000001321,-0.6845850000001974
2021-08-30 06:00:00,2724.207723,2723.203319,2723.842064,-1.004403999999795,-0.3656590000000506,-0.6850314999999227
2021-08-30 06:15:00,2724.206556,2723.199509,2723.840897,-1.0070470000000569,-0.3656590000000506,-0.6863530000000537
2021-08-30 06:30:00,2724.206166,2723.20132,2723.837924,-1.0048459999998158,-0.3682420000000093,-0.6865439999999126
2021-08-30 06:45:00,2724.207136,2723.204933,2723.839311,-1.0022030000000086,-0.36782499999981155,-0.6850139999999101
2021-08-30 07:00:00,2724.205387,2723.200083,2723.841198,-1.0053039999997964,-0.3641889999998966,-0.6847464999998465
2021-08-30 07:15:00,2724.20597,2723.201559,2723.840031,-1.004410999999891,-0.3659389999997984,-0.6851749999998447
2021-08-30 07:45:00,2724.204804,2723.197749,2723.841032,-1.0070550000000367,-0.36377200000015364,-0.6854135000000952
2021-08-30 08:00:00,2724.20597,2723.199807,2723.836394,-1.006163000000015,-0.36957600000005186,-0.6878695000000334
2021-08-30 08:30:00,2724.203054,2723.200386,2723.839144,-1.0026680000000852,-0.3639100000000326,-0.6832890000000589
2021-08-30 08:45:00,2724.201888,2723.198049,2723.837977,-1.0038389999999708,-0.3639109999999164,-0.6838749999999436
2021-08-30 09:00:00,2724.202471,2723.201275,2723.838281,-1.0011960000001636,-0.36419000000023516,-0.6826930000001994
2021-08-30 09:30:00,2724.203637,2723.192618,2723.836227,-1.011019000000033,-0.3674100000002909,-0.6892145000001619
2021-08-30 09:45:00,2724.203637,2723.198775,2723.835811,-1.0048620000002302,-0.3678260000001501,-0.6863440000001901
2021-08-30 10:00:00,2724.202471,2723.198048,2723.83681,-1.0044229999998606,-0.3656610000002729,-0.6850420000000668
2021-08-30 10:15:00,2724.203054,2723.198629,2723.836976,-1.004425000000083,-0.3660780000000159,-0.6852515000000494
2021-08-30 10:30:00,2724.201888,2723.193067,2723.834476,-1.008820999999898,-0.36741200000005847,-0.6881164999999783
2021-08-30 10:45:00,2724.201888,2723.194817,2723.836644,-1.0070709999999963,-0.3652440000000752,-0.6861575000000357
2021-08-30 11:00:00,2724.201691,2723.191833,2723.83545,-1.0098580000003494,-0.3662410000001728,-0.6880495000002611
2021-08-30 11:15:00,2724.201888,2723.197458,2723.837676,-1.0044299999999566,-0.36421199999995224,-0.6843209999999544
2021-08-30 11:30:00,2724.201498,2723.190469,2723.835557,-1.0110289999997804,-0.3659410000000207,-0.6884849999999005
2021-08-30 11:45:00,2724.200525,2723.19345,2723.834447,-1.0070749999999862,-0.3660780000000159,-0.686576500000001
2021-08-30 12:00:00,2724.204024,2723.199153,2723.838363,-1.0048710000000938,-0.3656610000002729,-0.6852660000001833
2021-08-30 12:15:00,2724.202661,2723.19779,2723.836584,-1.004870999999639,-0.36607699999967735,-0.6854739999996582
2021-08-30 12:30:00,2724.200522,2723.196821,2723.834441,-1.0037010000000919,-0.366081000000122,-0.6848910000001069
2021-08-30 12:45:00,2724.203044,2723.198926,2723.835946,-1.0041179999998349,-0.3670979999997144,-0.6856079999997746
2021-08-30 13:00:00,2724.199352,2723.192576,2723.833585,-1.0067760000001726,-0.36576700000023266,-0.6862715000002026
2021-08-30 13:15:00,2724.201491,2723.19838,2723.83467,-1.0031109999999899,-0.3668209999996179,-0.6849659999998039
2021-08-30 13:30:00,2724.199352,2723.193146,2723.835614,-1.0062060000000201,-0.3637380000000121,-0.6849720000000161
2021-08-30 14:00:00,2724.202464,2723.198918,2723.834811,-1.0035459999999148,-0.36765299999979106,-0.6855994999998529
2021-08-30 14:30:00,2724.202085,2723.195744,2723.836561,-1.006340999999793,-0.365523999999823,-0.685932499999808
2021-08-30 15:00:00,2724.201881,2723.200087,2723.835224,-1.0017939999997907,-0.366657000000032,-0.6842254999999113
2021-08-30 15:15:00,2724.201112,2723.196086,2723.833723,-1.0050260000002709,-0.36738900000000285,-0.6862075000001369
2021-08-30 15:30:00,2724.204027,2723.197254,2723.83664,-1.0067730000000665,-0.3673870000002353,-0.6870800000001509
2021-08-30 15:45:00,2724.205967,2723.20067,2723.835798,-1.0052969999997003,-0.37016899999980524,-0.6877329999997528
2021-08-30 16:00:00,2724.203051,2723.1973,2723.834493,-1.0057510000001457,-0.36855800000012096,-0.6871545000001333
2021-08-30 16:15:00,2724.205967,2723.196301,2723.835382,-1.0096659999999247,-0.37058499999966443,-0.6901254999997946
2021-08-30 16:30:00,2724.204217,2723.200672,2723.833493,-1.003545000000031,-0.3707239999998819,-0.6871344999999565
2021-08-30 16:45:00,2724.202468,2723.200257,2723.83391,-1.0022109999999884,-0.36855800000012096,-0.6853845000000547
2021-08-30 17:00:00,2724.201298,2723.198508,2723.832474,-1.0027900000000045,-0.3688240000001315,-0.685807000000068
2021-08-30 17:15:00,2724.203441,2723.197279,2723.83705,-1.0061620000001312,-0.36639100000002145,-0.6862765000000763
2021-08-30 17:30:00,2724.204217,2723.200992,2723.835394,-1.0032249999999294,-0.36882299999979296,-0.6860239999998612
2021-08-30 17:45:00,2724.201885,2723.200848,2723.834811,-1.0010369999999966,-0.36707399999977497,-0.6840554999998858
2021-08-30 18:00:00,2724.203051,2723.200267,2723.834505,-1.0027839999997923,-0.36854600000015125,-0.6856649999999718
2021-08-30 18:15:00,2724.203634,2723.203055,2723.835506,-1.000579000000016,-0.36812800000006973,-0.6843535000000429
2021-08-30 18:45:00,2724.203634,2723.203057,2723.834079,-1.0005769999997938,-0.3695549999997638,-0.6850659999997788
2021-08-30 19:15:00,2724.203634,2723.200857,2723.836247,-1.002777000000151,-0.36738699999978053,-0.6850819999999658
2021-08-30 19:30:00,2724.202078,2723.193143,2723.83469,-1.0089349999998376,-0.3673879999996643,-0.688161499999751
2021-08-30 19:45:00,2724.204217,2723.198066,2723.83566,-1.0061510000000453,-0.3685569999997824,-0.6873539999999139
2021-08-30 20:00:00,2724.203634,2723.204059,2723.838413,-0.9995749999998225,-0.36522100000001956,-0.682397999999921
2021-08-30 20:15:00,2724.204217,2723.198939,2723.837526,-1.0052780000000894,-0.3666910000001735,-0.6859845000001314
2021-08-30 20:30:00,2724.201498,2723.199721,2723.838444,-1.0017769999999473,-0.36305399999992005,-0.6824154999999337
2021-08-30 20:45:00,2724.203058,2723.201734,2723.838254,-1.0013239999998405,-0.3648040000002766,-0.6830640000000585
2021-08-30 21:00:00,2724.203058,2723.202904,2723.837837,-1.0001539999998386,-0.36522100000001956,-0.6826874999999291
2021-08-30 21:15:00,2724.202474,2723.203796,2723.838008,-0.9986780000003819,-0.3644659999999931,-0.6815720000001875
2021-08-30 21:30:00,2724.204217,2723.205111,2723.839426,-0.999105999999756,-0.36479099999996834,-0.6819484999998622
2021-08-30 21:45:00,2724.202078,2723.202517,2723.838619,-0.9995609999996304,-0.36345899999969333,-0.6815099999996619
2021-08-30 22:00:00,2724.203437,2723.204331,2723.838646,-0.9991060000002108,-0.36479099999996834,-0.6819485000000896
2021-08-30 22:30:00,2724.202468,2723.202908,2723.836842,-0.9995599999997467,-0.36562599999979284,-0.6825929999997697
2021-08-30 22:45:00,2724.202078,2723.206912,2723.839036,-0.9951659999996991,-0.36304199999995035,-0.6791039999998247
2021-08-30 23:00:00,2724.203048,2723.205691,2723.835672,-0.997356999999738,-0.3673759999996946,-0.6823664999997163
2021-08-31 00:30:00,2724.203048,2723.206133,2723.838256,-0.9969149999997171,-0.3647919999998521,-0.6808534999997846
2021-08-31 01:15:00,2724.201688,2723.202128,2723.836062,-0.9995600000002014,-0.3656260000002476,-0.6825930000002245
2021-08-31 01:30:00,2724.201891,2723.201741,2723.837842,-1.0001500000003034,-0.3640490000002501,-0.6820995000002767
2021-08-31 01:45:00,2724.202474,2723.201153,2723.838701,-1.001321000000189,-0.3637730000000374,-0.6825470000001133
2021-08-31 02:15:00,2724.201891,2723.204521,2723.835977,-0.9973700000000463,-0.3659139999999752,-0.6816420000000107
2021-08-31 03:00:00,2724.201308,2723.203937,2723.83742,-0.9973709999999301,-0.3638880000003155,-0.6806295000001228
2021-08-31 03:15:00,2724.201695,2723.204321,2723.836473,-0.9973740000000362,-0.3652220000003581,-0.6812980000001971
2021-08-31 03:30:00,2724.201301,2723.201306,2723.835663,-0.9999950000001263,-0.3656380000002173,-0.6828165000001718
2021-08-31 03:45:00,2724.202468,2723.20289,2723.839275,-0.9995779999999286,-0.36319300000013754,-0.6813855000000331
2021-08-31 04:00:00,2724.202858,2723.20066,2723.837499,-1.002198000000135,-0.3653589999998985,-0.6837785000000167
2021-08-31 04:15:00,2724.201301,2723.200273,2723.83783,-1.001028000000133,-0.3634710000001178,-0.6822495000001254
2021-08-31 04:45:00,2724.201301,2723.204223,2723.83958,-0.997077999999874,-0.361721000000216,-0.679399500000045
2021-08-31 05:00:00,2724.202468,2723.203638,2723.838997,-0.9988299999999981,-0.3634710000001178,-0.681150500000058
2021-08-31 05:15:00,2724.203051,2723.201577,2723.841746,-1.0014740000001439,-0.36130499999990207,-0.681389500000023
2021-08-31 05:30:00,2724.201885,2723.198207,2723.840164,-1.0036780000000363,-0.36172099999976126,-0.6826994999998988
2021-08-31 06:45:00,2724.201498,2723.205445,2723.837889,-0.9960529999998471,-0.36360899999999674,-0.6798309999999219
2021-08-31 07:00:00,2724.202468,2723.202461,2723.841442,-1.000007000000096,-0.36102600000003804,-0.680516500000067
2021-08-31 07:15:00,2724.203247,2723.20411,2723.838027,-0.9991369999997914,-0.36522000000013577,-0.6821784999999636
2021-08-31 07:45:00,2724.201695,2723.204304,2723.840807,-0.9973910000003343,-0.3608880000001591,-0.6791395000002467
2021-08-31 08:00:00,2724.202468,2723.201123,2723.839413,-1.0013450000001285,-0.36305499999980384,-0.6821999999999662
2021-08-31 08:15:00,2724.203831,2723.206892,2723.83861,-0.9969389999996565,-0.36522100000001956,-0.681079999999838
2021-08-31 08:45:00,2724.203058,2723.201708,2723.838253,-1.0013500000000022,-0.36480500000016036,-0.6830775000000813
2021-08-31 09:15:00,2724.202474,2723.199374,2723.83942,-1.0031000000003587,-0.3630540000003748,-0.6830770000003668
2021-08-31 09:45:00,2724.201891,2723.204492,2723.839868,-0.9973990000003141,-0.36202300000013565,-0.6797110000002249
2021-08-31 10:00:00,2724.201891,2723.200537,2723.838836,-1.001353999999992,-0.3630550000002586,-0.6822045000001253
2021-08-31 10:15:00,2724.202468,2723.204798,2723.837259,-0.9976699999997436,-0.36520900000004985,-0.6814394999998967
2021-08-31 10:30:00,2724.203051,2723.200988,2723.83667,-1.0020629999999073,-0.3663809999998193,-0.6842219999998633
2021-08-31 10:45:00,2724.200725,2723.207727,2723.839118,-0.9929980000001706,-0.36160700000027646,-0.6773025000002235
2021-08-31 11:00:00,2724.201891,2723.199237,2723.837086,-1.0026540000003479,-0.36480500000016036,-0.6837295000002541
2021-08-31 11:15:00,2724.201308,2723.202605,2723.836087,-0.9987030000002051,-0.36522100000001956,-0.6819620000001123
2021-08-31 11:30:00,2724.200528,2723.200954,2723.835306,-0.9995739999999387,-0.36522199999990335,-0.682397999999921
2021-08-31 12:00:00,2724.202858,2723.202553,2723.837938,-1.0003050000000258,-0.3649199999999837,-0.6826125000000047
2021-08-31 12:15:00,2724.200718,2723.203787,2723.83683,-0.9969310000001315,-0.36388799999986077,-0.6804094999999961
2021-08-31 13:15:00,2724.200718,2723.201147,2723.833922,-0.9995709999998326,-0.3667960000002495,-0.683183500000041
2021-08-31 13:30:00,2724.198382,2723.203933,2723.832615,-0.9944490000002588,-0.36576700000023266,-0.6801080000002457
2021-08-31 13:45:00,2724.199939,2723.198894,2723.832723,-1.0010449999999764,-0.3672160000000986,-0.6841305000000375
2021-08-31 14:00:00,2724.200328,2723.203239,2723.834979,-0.9970889999999599,-0.3653489999996964,-0.6812189999998282
2021-08-31 14:15:00,2724.201108,2723.205494,2723.833479,-0.995614000000387,-0.3676290000003064,-0.6816215000003467
2021-08-31 14:30:00,2724.200328,2723.199288,2723.834286,-1.0010400000001027,-0.3660420000001068,-0.6835410000001048
2021-08-31 14:45:00,2724.202468,2723.200258,2723.835256,-1.0022100000001046,-0.3672120000001087,-0.6847110000001067
2021-08-31 15:00:00,2724.200522,2723.201687,2723.833306,-0.9988349999998718,-0.3672160000000986,-0.6830254999999852
2021-08-31 15:15:00,2724.201885,2723.207004,2723.836953,-0.9948810000000776,-0.3649319999999534,-0.6799065000000155
2021-08-31 15:30:00,2724.198969,2723.203636,2723.834676,-0.9953329999998459,-0.3642930000000888,-0.6798129999999674
2021-08-31 15:45:00,2724.200718,2723.201433,2723.834259,-0.9992849999998725,-0.36645899999984977,-0.6828719999998611
2021-08-31 16:15:00,2724.198772,2723.201239,2723.835056,-0.9975330000002032,-0.363716000000295,-0.6806245000002491
2021-08-31 16:30:00,2724.201491,2723.206162,2723.836443,-0.995328999999856,-0.36504799999966053,-0.6801884999997583
2021-08-31 16:45:00,2724.201105,2723.205777,2723.837807,-0.9953279999999722,-0.3632980000002135,-0.6793130000000929
2021-08-31 17:15:00,2724.200718,2723.202484,2723.835253,-0.9982340000001386,-0.36546499999985826,-0.6818494999999984
2021-08-31 17:30:00,2724.199355,2723.202871,2723.832441,-0.9964840000002368,-0.36691400000017893,-0.6816990000002079
2021-08-31 18:00:00,2724.200129,2723.199693,2723.835939,-1.0004359999998087,-0.3641899999997804,-0.6823129999997946
2021-08-31 18:15:00,2724.200712,2723.20423,2723.834355,-0.9964820000000145,-0.3663569999998799,-0.6814194999999472
2021-08-31 18:30:00,2724.200718,2723.204961,2723.836971,-0.9957570000001397,-0.3637469999998757,-0.6797520000000077
2021-08-31 18:45:00,2724.201295,2723.200862,2723.836827,-1.0004329999997026,-0.36446799999976065,-0.6824504999997316
2021-08-31 19:15:00,2724.200129,2723.198804,2723.837109,-1.0013249999997242,-0.3630199999997785,-0.6821724999997514
2021-08-31 19:30:00,2724.200129,2723.203653,2723.83566,-0.9964759999998023,-0.36446899999964444,-0.6804724999997234
2021-08-31 19:45:00,2724.201295,2723.200867,2723.836525,-1.000427999999829,-0.3647699999996803,-0.6825989999997546
2021-08-31 20:00:00,2724.201878,2723.205857,2723.834942,-0.9960209999999279,-0.366935999999896,-0.681478499999912
2021-08-31 20:30:00,2724.200135,2723.203661,2723.835087,-0.9964740000000347,-0.3650480000001153,-0.680761000000075
2021-08-31 20:45:00,2724.201888,2723.20761,2723.838869,-0.9942780000001221,-0.36301899999989473,-0.6786485000000084
2021-08-31 21:15:00,2724.200135,2723.204823,2723.836119,-0.9953120000000126,-0.36401599999999235,-0.6796640000000025
2021-08-31 21:30:00,2724.200139,2723.199703,2723.834952,-1.0004359999998087,-0.365186999999878,-0.6828114999998434
2021-08-31 22:00:00,2724.198386,2723.1997,2723.833198,-0.9986859999999069,-0.36518800000021656,-0.6819370000000617
2021-08-31 22:15:00,2724.199552,2723.199558,2723.835525,-0.9999940000002425,-0.36402700000007826,-0.6820105000001604
2021-08-31 22:45:00,2724.200718,2723.203659,2723.838279,-0.997059000000263,-0.36243899999999485,-0.679749000000129
2021-08-31 23:15:00,2724.199939,2723.205522,2723.835646,-0.9944169999998849,-0.3642930000000888,-0.6793549999999868
2021-09-01 00:00:00,2724.199549,2723.206593,2723.837385,-0.9929560000000492,-0.3621640000001207,-0.677560000000085
2021-09-01 00:30:00,2724.200139,2723.207763,2723.838555,-0.9923760000001494,-0.36158400000022084,-0.6769800000001851
2021-09-01 01:00:00,2724.201301,2723.201749,2723.837702,-0.9995520000002216,-0.36359900000024936,-0.6815755000002355
2021-09-01 01:45:00,2724.197606,2723.207708,2723.837505,-0.9898980000002666,-0.3601010000002134,-0.67499950000024
2021-09-01 02:00:00,2724.201491,2723.209426,2723.840337,-0.9920649999999114,-0.36115399999971487,-0.6766094999998131
2021-09-01 02:30:00,2724.200129,2723.21023,2723.840724,-0.9898989999996957,-0.3594049999996969,-0.6746519999996963
2021-09-01 02:45:00,2724.201878,2723.205859,2723.838557,-0.9960189999997056,-0.3633209999998144,-0.67966999999976
2021-09-01 03:00:00,2724.200129,2723.206275,2723.837109,-0.9938539999998284,-0.3630199999997785,-0.6784369999998034
2021-09-01 03:15:00,2724.200712,2723.204237,2723.837413,-0.9964749999999185,-0.36329899999964255,-0.6798869999997805
2021-09-01 03:30:00,2724.200129,2723.210228,2723.836692,-0.989900999999918,-0.36343699999997625,-0.6766689999999471
2021-09-01 03:45:00,2724.200129,2723.205855,2723.83522,-0.9942739999996775,-0.3649089999998978,-0.6795914999997876
2021-09-01 04:15:00,2724.199552,2723.204235,2723.837692,-0.9953169999998863,-0.36185999999997875,-0.6785884999999325
2021-09-01 04:30:00,2724.200518,2723.20404,2723.837777,-0.9964780000000246,-0.3627409999999145,-0.6796094999999696
2021-09-01 04:45:00,2724.200139,2723.208773,2723.838141,-0.9913660000001983,-0.3619979999998577,-0.676682000000028
2021-09-01 05:00:00,2724.200722,2723.203211,2723.836974,-0.9975110000000313,-0.36374800000021423,-0.6806295000001228
2021-09-01 05:30:00,2724.202464,2723.205542,2723.837557,-0.9969219999998131,-0.3649070000001302,-0.6809144999999717
2021-09-01 05:45:00,2724.201298,2723.204375,2723.836391,-0.9969230000001517,-0.3649070000001302,-0.6809150000001409
2021-09-01 06:00:00,2724.200908,2723.202233,2723.836001,-0.998674999999821,-0.36490699999967546,-0.6817909999997482
2021-09-01 06:15:00,2724.200718,2723.207156,2723.837387,-0.9935620000001109,-0.3633310000000165,-0.6784465000000637
2021-09-01 06:30:00,2724.200718,2723.209799,2723.839137,-0.9909189999998489,-0.3615810000001147,-0.6762499999999818
2021-09-01 07:00:00,2724.202461,2723.204222,2723.84089,-0.9982390000000123,-0.3615709999999126,-0.6799049999999625
2021-09-01 07:15:00,2724.201491,2723.205873,2723.837475,-0.9956179999999222,-0.36401599999999235,-0.6798169999999573
2021-09-01 07:30:00,2724.198969,2723.207302,2723.835949,-0.9916670000002341,-0.36302000000023327,-0.6773435000002337
2021-09-01 07:45:00,2724.202468,2723.204679,2723.83567,-0.9977890000000116,-0.36679800000001705,-0.6822935000000143
2021-09-01 08:00:00,2724.201885,2723.202309,2723.836837,-0.999576000000161,-0.3650480000001153,-0.6823120000001381
2021-09-01 08:30:00,2724.202854,2723.203277,2723.839673,-0.9995770000000448,-0.36318100000016784,-0.6813790000001063
2021-09-01 09:00:00,2724.202658,2723.203078,2723.839059,-0.9995800000001509,-0.36359900000024936,-0.6815895000002001
2021-09-01 09:15:00,2724.198969,2723.205091,2723.837814,-0.9938780000002225,-0.3611550000000534,-0.677516500000138
2021-09-01 09:30:00,2724.200135,2723.200425,2723.835504,-0.9997100000000501,-0.36463099999991755,-0.6821704999999838
2021-09-01 10:00:00,2724.201498,2723.205881,2723.838895,-0.9956170000000384,-0.36260300000003554,-0.679110000000037
2021-09-01 10:15:00,2724.200718,2723.206851,2723.837422,-0.9938670000001366,-0.3632959999999912,-0.6785815000000639
2021-09-01 10:30:00,2724.201885,2723.206266,2723.839006,-0.995618999999806,-0.36287899999979345,-0.6792489999997997
2021-09-01 10:45:00,2724.201691,2723.204322,2723.837062,-0.9973690000001625,-0.36462900000014997,-0.6809990000001562
2021-09-01 11:15:00,2724.201691,2723.203428,2723.83909,-0.9982630000004065,-0.36260100000026796,-0.6804320000003372
2021-09-01 11:45:00,2724.202468,2723.201003,2723.837536,-1.0014649999998255,-0.3649319999999534,-0.6831984999998895
2021-09-01 12:30:00,2724.201688,2723.202101,2723.837057,-0.9995870000002469,-0.36463099999991755,-0.6821090000000822
2021-09-01 13:00:00,2724.201105,2723.201098,2723.836753,-1.000007000000096,-0.3643520000000535,-0.6821795000000748
2021-09-01 13:15:00,2724.200712,2723.20641,2723.835942,-0.9943020000000615,-0.3647699999996803,-0.6795359999998709
2021-09-01 13:45:00,2724.201108,2723.199621,2723.838496,-1.0014869999999974,-0.3626120000003539,-0.6820495000001756
2021-09-01 14:15:00,2724.203444,2723.202992,2723.837192,-1.000452000000223,-0.3662520000002587,-0.6833520000002409
2021-09-01 14:45:00,2724.203058,2723.204354,2723.835231,-0.9987040000000889,-0.3678270000000339,-0.6832655000000614
2021-09-01 15:00:00,2724.201691,2723.205492,2723.838951,-0.9961990000001606,-0.3627400000000307,-0.6794695000000956
2021-09-01 15:15:00,2724.203631,2723.201729,2723.83797,-1.0019019999999728,-0.36566099999981816,-0.6837814999998955
2021-09-01 15:30:00,2724.201298,2723.199395,2723.835359,-1.0019029999998565,-0.3659389999997984,-0.6839209999998275
2021-09-01 15:45:00,2724.202661,2723.204712,2723.83817,-0.9979489999996076,-0.36449099999981627,-0.681219999999712
2021-09-01 16:15:00,2724.198972,2723.201023,2723.834064,-0.9979490000000624,-0.364908000000014,-0.6814285000000382
2021-09-01 16:30:00,2724.201308,2723.209206,2723.837119,-0.992102000000159,-0.36418900000035137,-0.6781455000002552
2021-09-01 17:00:00,2724.208102,2723.20739,2723.837089,-1.0007120000000214,-0.3710129999999481,-0.6858624999999847
2021-09-01 17:15:00,2724.210825,2723.200016,2723.836729,-1.0108090000003358,-0.37409600000000864,-0.6924525000001722
2021-09-01 17:30:00,2724.210822,2723.203387,2723.836136,-1.0074349999999868,-0.37468600000011065,-0.6910605000000487
2021-09-01 17:45:00,2724.212768,2723.208571,2723.836912,-1.004196999999749,-0.3758559999996578,-0.6900264999997034
2021-09-01 18:15:00,2724.212964,2723.206565,2723.836413,-1.006398999999874,-0.37655099999983577,-0.6914749999998548
2021-09-01 19:00:00,2724.212184,2723.199631,2723.837082,-1.0125530000000253,-0.37510199999996985,-0.6938274999999976
2021-09-01 19:15:00,2724.210825,2723.202225,2723.837748,-1.008600000000115,-0.37307700000019395,-0.6908385000001545
2021-09-01 19:30:00,2724.211798,2723.208627,2723.837968,-1.0031709999998384,-0.3738299999999981,-0.6885004999999182
2021-09-01 19:45:00,2724.216073,2723.203259,2723.836719,-1.0128140000001622,-0.3793540000001485,-0.6960840000001554
2021-09-01 20:00:00,2724.218602,2723.205789,2723.838079,-1.0128129999998237,-0.3805229999998119,-0.6966679999998178
2021-09-01 20:15:00,2724.220741,2723.206621,2723.839639,-1.0141200000002755,-0.3811020000002827,-0.6976110000002791
2021-09-01 20:30:00,2724.217629,2723.204817,2723.838554,-1.0128120000003946,-0.3790750000002845,-0.6959435000003396
2021-09-01 20:45:00,2724.216463,2723.209794,2723.836692,-1.006669000000329,-0.37977100000034625,-0.6932200000003377
2021-09-01 21:00:00,2724.218795,2723.204674,2723.837692,-1.0141209999997045,-0.38110299999971176,-0.6976119999997081
2021-09-01 21:30:00,2724.21588,2723.205259,2723.838276,-1.0106210000003557,-0.37760400000024674,-0.6941125000003012
2021-09-01 21:45:00,2724.214127,2723.20072,2723.835942,-1.0134070000003703,-0.3781850000000304,-0.6957960000002004
2021-09-01 22:00:00,2724.21491,2723.206039,2723.839889,-1.0088709999999992,-0.37502100000028804,-0.6919460000001436
2021-09-01 22:15:00,2724.214524,2723.206068,2723.838506,-1.0084560000000238,-0.3760179999999309,-0.6922369999999773
2021-09-01 22:30:00,2724.214327,2723.205871,2723.842226,-1.0084560000000238,-0.3721009999999296,-0.6902784999999767
2021-09-01 22:45:00,2724.215303,2723.205099,2723.838869,-1.010204000000158,-0.3764339999997901,-0.693318999999974
2021-09-01 23:00:00,2724.215303,2723.206848,2723.841452,-1.00845500000014,-0.3738509999998314,-0.6911529999999857
2021-09-01 23:15:00,2724.21472,2723.206266,2723.840453,-1.0084539999998015,-0.37426700000014534,-0.6913604999999734
2021-09-01 23:45:00,2724.210832,2723.208079,2723.842646,-1.0027530000002116,-0.36818600000015067,-0.6854695000001811
2021-09-02 00:00:00,2724.210635,2723.20467,2723.838532,-1.0059649999998328,-0.3721029999996972,-0.689033999999765
2021-09-02 00:15:00,2724.208886,2723.207315,2723.840282,-1.0015709999997853,-0.36860399999977744,-0.6850874999997814
2021-09-02 00:30:00,2724.210635,2723.20642,2723.840006,-1.004214999999931,-0.3706290000000081,-0.6874219999999696
2021-09-02 00:45:00,2724.210635,2723.209063,2723.841442,-1.0015720000001238,-0.36919299999999566,-0.6853825000000597
2021-09-02 01:00:00,2724.210052,2723.212434,2723.840443,-0.9976179999998749,-0.36960899999985486,-0.6836134999998649
2021-09-02 01:45:00,2724.208109,2723.212239,2723.83923,-0.9958700000001954,-0.3688790000001063,-0.6823745000001509
2021-09-02 02:00:00,2724.212388,2723.209066,2723.83987,-1.0033220000000256,-0.37251800000012736,-0.6879200000000765
2021-09-02 02:45:00,2724.211221,2723.208464,2723.838286,-1.0027570000002015,-0.37293499999987034,-0.6878460000000359
2021-09-02 03:00:00,2724.209665,2723.208089,2723.840786,-1.001575999999659,-0.36887899999965157,-0.6852274999996553
2021-09-02 03:30:00,2724.207916,2723.20955,2723.838619,-0.9983659999998054,-0.3692969999997331,-0.6838314999997692
2021-09-02 03:45:00,2724.207136,2723.210078,2723.841026,-0.9970579999999245,-0.3661099999999351,-0.6815839999999298
2021-09-02 04:15:00,2724.206553,2723.210675,2723.839699,-0.9958780000001752,-0.36685399999987567,-0.6813660000000255
2021-09-02 04:30:00,2724.2048,2723.210093,2723.836672,-0.9947069999998348,-0.36812800000006973,-0.6814174999999523
2021-09-02 04:45:00,2724.207719,2723.210091,2723.840276,-0.997628000000077,-0.3674430000000939,-0.6825355000000854
2021-09-02 05:30:00,2724.204804,2723.20936,2723.838414,-0.9954440000001341,-0.36639000000013766,-0.6809170000001359
2021-09-02 05:45:00,2724.205387,2723.208193,2723.840109,-0.9971940000000359,-0.36527799999976196,-0.6812359999998989
2021-09-02 06:00:00,2724.204997,2723.209553,2723.839024,-0.9954439999996794,-0.36597299999993993,-0.6807084999998096
2021-09-02 06:15:00,2724.206356,2723.209161,2723.841833,-0.9971949999999197,-0.3645230000001902,-0.680859000000055
2021-09-02 06:30:00,2724.208496,2723.207347,2723.842223,-1.0011490000001686,-0.366273000000092,-0.6837110000001303
2021-09-02 06:45:00,2724.205383,2723.209936,2723.840581,-0.9954469999997855,-0.36480200000005425,-0.6801244999999199
2021-09-02 07:00:00,2724.20558,2723.205124,2723.841195,-1.0004559999997582,-0.3643849999998565,-0.6824204999998074
2021-09-02 07:15:00,2724.204224,2723.209923,2723.841171,-0.9943010000001777,-0.36305300000003626,-0.678677000000107
2021-09-02 07:30:00,2724.203244,2723.205578,2723.840479,-0.9976659999997537,-0.3627649999998539,-0.6802154999998038
2021-09-02 07:45:00,2724.203048,2723.208024,2723.840423,-0.9950239999998303,-0.3626249999997526,-0.6788244999997914
2021-09-02 08:15:00,2724.204797,2723.208022,2723.842591,-0.9967750000000706,-0.3622059999997873,-0.6794904999999289
2021-09-02 08:30:00,2724.204214,2723.209189,2723.839423,-0.995024999999714,-0.36479099999996834,-0.6799079999998412
2021-09-02 09:00:00,2724.204797,2723.209769,2723.842312,-0.9950279999998202,-0.36248499999965134,-0.6787564999997358
2021-09-02 09:30:00,2724.205963,2723.209184,2723.841311,-0.9967790000000605,-0.36465199999975084,-0.6807154999999057
2021-09-02 09:45:00,2724.203827,2723.205877,2723.837171,-0.9979499999999462,-0.36665599999969345,-0.6823029999998198
2021-09-02 10:00:00,2724.203627,2723.211252,2723.838974,-0.9923749999998108,-0.3646530000000894,-0.6785139999999501
2021-09-02 10:45:00,2724.205963,2723.211107,2723.838391,-0.9948559999997997,-0.36757200000010926,-0.6812139999999545
2021-09-02 11:00:00,2724.203048,2723.207738,2723.840132,-0.9953099999997903,-0.3629160000000411,-0.6791129999999157
2021-09-02 11:30:00,2724.20538,2723.212274,2723.838133,-0.9931059999998979,-0.36724699999967925,-0.6801764999997886
2021-09-02 11:45:00,2724.203044,2723.208464,2723.839132,-0.9945800000000418,-0.3639119999998002,-0.679245999999921
2021-09-02 12:00:00,2724.203627,2723.207736,2723.837965,-0.9958910000000287,-0.36566199999970195,-0.6807764999998653
2021-09-02 12:45:00,2724.202461,2723.203475,2723.838828,-0.998986000000059,-0.36363299999993615,-0.6813094999999976
2021-09-02 13:00:00,2724.204797,2723.206845,2723.839994,-0.9979519999997137,-0.36480299999993804,-0.6813774999998259
2021-09-02 13:15:00,2724.204794,2723.206263,2723.839828,-0.9985310000001846,-0.36496600000009494,-0.6817485000001398
2021-09-02 13:30:00,2724.202851,2723.20607,2723.839218,-0.996780999999828,-0.36363299999993615,-0.6802069999998821
2021-09-02 13:45:00,2724.205577,2723.207628,2723.840774,-0.9979490000000624,-0.3648030000003928,-0.6813760000002276
2021-09-02 14:15:00,2724.202268,2723.205491,2723.839364,-0.9967769999998382,-0.3629040000000714,-0.6798404999999548
2021-09-02 14:30:00,2724.203048,2723.200113,2723.838394,-1.0029349999999795,-0.36465399999997317,-0.6837944999999763
2021-09-02 14:45:00,2724.203631,2723.202901,2723.841145,-1.0007299999997485,-0.36248599999998987,-0.6816079999998692
2021-09-02 15:00:00,2724.203048,2723.20363,2723.840144,-0.9994179999998778,-0.3629040000000714,-0.6811609999999746
2021-09-02 15:15:00,2724.201881,2723.206418,2723.838841,-0.9954629999997451,-0.36304000000018277,-0.6792514999999639
2021-09-02 15:30:00,2724.204214,2723.203047,2723.837257,-1.0011669999998958,-0.3669569999997293,-0.6840619999998125
2021-09-02 15:45:00,2724.201112,2723.202855,2723.836031,-0.9982570000001942,-0.365081000000373,-0.6816690000002836
2021-09-02 16:00:00,2724.203058,2723.210685,2723.837978,-0.9923730000000432,-0.3650800000000345,-0.6787265000000389
2021-09-02 16:30:00,2724.203641,2723.211269,2723.839255,-0.9923720000001595,-0.36438600000019505,-0.6783790000001773
2021-09-02 16:45:00,2724.203058,2723.208483,2723.840421,-0.9945750000001681,-0.36263700000017707,-0.6786060000001726
2021-09-02 17:15:00,2724.203058,2723.208486,2723.837837,-0.994572000000062,-0.36522100000001956,-0.6798965000000408
2021-09-02 17:30:00,2724.202474,2723.205283,2723.839421,-0.9971910000003845,-0.36305300000003626,-0.6801220000002104
2021-09-02 17:45:00,2724.199559,2723.206739,2723.838671,-0.9928199999999379,-0.3608880000001591,-0.6768540000000485
2021-09-02 18:00:00,2724.200918,2723.206349,2723.837864,-0.9945689999999558,-0.36305399999992005,-0.678811499999938
2021-09-02 18:15:00,2724.201298,2723.207321,2723.838257,-0.9939770000000863,-0.36304100000006656,-0.6785090000000764
2021-09-02 18:30:00,2724.201298,2723.201895,2723.840423,-0.999402999999802,-0.36087499999985084,-0.6801389999998264
2021-09-02 18:45:00,2724.201298,2723.207323,2723.836808,-0.9939749999998639,-0.3644899999999325,-0.6792324999998982
2021-09-02 19:00:00,2724.200528,2723.207713,2723.838646,-0.9928150000000642,-0.36188199999969584,-0.67734849999988
2021-09-02 19:15:00,2724.200335,2723.203568,2723.838454,-0.9967670000000908,-0.36188099999981205,-0.6793239999999514
2021-09-02 20:00:00,2724.200715,2723.205271,2723.83984,-0.9954440000001341,-0.36087499999985084,-0.6781594999999925
2021-09-02 20:15:00,2724.199159,2723.206359,2723.839719,-0.9927999999999884,-0.3594399999997222,-0.6761199999998553
2021-09-02 20:30:00,2724.201878,2723.204686,2723.842161,-0.9971919999998136,-0.35971699999981865,-0.6784544999998161
2021-09-02 20:45:00,2724.202461,2723.207914,2723.842442,-0.994546999999784,-0.3600189999997383,-0.6772829999997612
2021-09-02 21:00:00,2724.199742,2723.205634,2723.84161,-0.9941079999998692,-0.35813199999984136,-0.6761199999998553
2021-09-02 21:15:00,2724.199555,2723.206028,2723.841588,-0.9935270000000855,-0.3579670000003716,-0.6757470000002286
2021-09-02 21:30:00,2724.199555,2723.204555,2723.839562,-0.9950000000003456,-0.3599930000000313,-0.6774965000001885
2021-09-02 21:45:00,2724.198972,2723.208797,2723.839254,-0.9901750000003631,-0.3597180000001572,-0.6749465000002601
2021-09-02 22:00:00,2724.200722,2723.203973,2723.841004,-0.9967489999999088,-0.3597180000001572,-0.678233500000033
2021-09-02 22:15:00,2724.199555,2723.206031,2723.842004,-0.9935239999999794,-0.3575510000000577,-0.6755375000000186
2021-09-02 22:30:00,2724.200139,2723.203391,2723.840421,-0.9967480000000251,-0.3597180000001572,-0.6782330000000911
2021-09-02 22:45:00,2724.198389,2723.207345,2723.840145,-0.9910440000003291,-0.35824400000001333,-0.6746440000001712
2021-09-03 00:15:00,2724.199555,2723.204558,2723.841286,-0.9949970000002395,-0.35826900000029127,-0.6766330000002654
2021-09-03 00:30:00,2724.197223,2723.203974,2723.840702,-0.9932490000001053,-0.3565210000001571,-0.6748850000001312
2021-09-03 01:15:00,2724.200139,2723.205141,2723.841593,-0.9949980000001233,-0.358545999999933,-0.6767720000000281
2021-09-03 01:30:00,2724.200722,2723.208344,2723.842176,-0.9923779999999169,-0.358545999999933,-0.675461999999925
2021-09-03 01:45:00,2724.199555,2723.21113,2723.84131,-0.9884250000000065,-0.35824500000035187,-0.6733350000001792
2021-09-03 02:00:00,2724.200722,2723.210546,2723.840727,-0.9901760000002469,-0.35999500000025364,-0.6750855000002502
2021-09-03 02:15:00,2724.201888,2723.205137,2723.841895,-0.9967510000001312,-0.3599930000000313,-0.6783720000000812
2021-09-03 02:45:00,2724.200525,2723.212098,2723.84373,-0.9884270000002289,-0.3567950000001474,-0.6726110000001881
2021-09-03 03:00:00,2724.201298,2723.207768,2723.843331,-0.9935299999997369,-0.3579669999999169,-0.6757484999998269
2021-09-03 03:15:00,2724.202078,2723.210751,2723.843533,-0.9913269999997283,-0.35854499999959444,-0.6749359999996614
2021-09-03 03:30:00,2724.199555,2723.202799,2723.841285,-0.9967560000000049,-0.35827000000017506,-0.67751300000009
2021-09-03 03:45:00,2724.201305,2723.206753,2723.841009,-0.9945520000001125,-0.36029599999983475,-0.6774239999999736
2021-09-03 04:00:00,2724.203054,2723.206297,2723.842759,-0.9967569999998886,-0.36029499999995096,-0.6785259999999198
2021-09-03 04:15:00,2724.201888,2723.207749,2723.843343,-0.9941389999999046,-0.3585450000000492,-0.6763419999999769
2021-09-03 04:45:00,2724.201888,2723.207331,2723.84376,-0.9945569999999861,-0.35812799999985145,-0.6763424999999188
2021-09-03 05:15:00,2724.201888,2723.209949,2723.84201,-0.9919390000000021,-0.359878000000208,-0.675908500000105
2021-09-03 05:30:00,2724.199749,2723.21176,2723.84162,-0.9879889999997431,-0.35812899999973524,-0.6730589999997392
2021-09-03 05:45:00,2724.200718,2723.208777,2723.84259,-0.9919410000002244,-0.35812799999985145,-0.675034500000038
2021-09-03 06:00:00,2724.200718,2723.212728,2723.842173,-0.9879900000000816,-0.3585450000000492,-0.6732675000000654
2021-09-03 06:15:00,2724.203054,2723.212143,2723.843756,-0.9909109999998691,-0.35929799999985335,-0.6751044999998612
2021-09-03 07:00:00,2724.200915,2723.208237,2723.842773,-0.992678000000069,-0.3581420000000435,-0.6754100000000562
2021-09-03 07:15:00,2724.199359,2723.208428,2723.842689,-0.9909310000002733,-0.35667000000012195,-0.6738005000001976
2021-09-03 07:30:00,2724.199166,2723.212188,2723.842495,-0.9869779999999082,-0.35667100000000573,-0.671824499999957
2021-09-03 07:45:00,2724.198969,2723.214192,2723.842299,-0.9847770000001219,-0.35667000000012195,-0.6707235000001219
2021-09-03 08:00:00,2724.198969,2723.210239,2723.840131,-0.9887300000000323,-0.35883800000010524,-0.6737840000000688
2021-09-03 08:15:00,2724.198969,2723.210236,2723.842716,-0.9887330000001384,-0.3562529999999242,-0.6724930000000313
2021-09-03 08:45:00,2724.201498,2723.209703,2723.843079,-0.9917949999999109,-0.3584189999996852,-0.6751069999997981
2021-09-03 09:00:00,2724.200718,2723.209072,2723.841139,-0.9916459999999461,-0.3595789999999397,-0.6756124999999429
2021-09-03 09:15:00,2724.199945,2723.208146,2723.842973,-0.9917989999999008,-0.3569720000000416,-0.6743854999999712
2021-09-03 09:30:00,2724.201491,2723.211024,2723.839744,-0.9904669999996258,-0.361746999999923,-0.6761069999997744
2021-09-03 09:45:00,2724.198976,2723.208484,2723.838388,-0.9904919999999038,-0.360588000000007,-0.6755399999999554
2021-09-03 10:00:00,2724.198969,2723.208498,2723.837221,-0.9904710000000705,-0.3617479999998068,-0.6761094999999386
2021-09-03 10:15:00,2724.200718,2723.212451,2723.840836,-0.9882670000001781,-0.3598820000001979,-0.674074500000188
2021-09-03 10:30:00,2724.200135,2723.209663,2723.840253,-0.9904719999999543,-0.3598820000001979,-0.6751770000000761
2021-09-03 10:45:00,2724.197803,2723.207327,2723.836054,-0.9904759999999442,-0.3617490000001453,-0.6761125000000447
2021-09-03 11:00:00,2724.197226,2723.209371,2723.835201,-0.987854999999854,-0.36202499999990323,-0.6749399999998786
2021-09-03 11:15:00,2724.198779,2723.20507,2723.838331,-0.9937089999998534,-0.36044799999990573,-0.6770784999998796
2021-09-03 11:30:00,2724.199166,2723.211311,2723.841162,-0.987854999999854,-0.3580039999997098,-0.6729294999997819
2021-09-03 11:45:00,2724.197226,2723.204522,2723.840555,-0.992703999999776,-0.356670999999551,-0.6746874999996635
2021-09-03 12:00:00,2724.200528,2723.208732,2723.838608,-0.9917959999997947,-0.36191999999982727,-0.676857999999811
2021-09-03 12:15:00,2724.200718,2723.204516,2723.839111,-0.9962020000002667,-0.36160700000027646,-0.6789045000002716
2021-09-03 12:30:00,2724.200332,2723.204129,2723.836558,-0.9962029999996957,-0.3637739999999212,-0.6799884999998085
2021-09-03 12:45:00,2724.201695,2723.203744,2723.838339,-0.9979510000002847,-0.36335600000029444,-0.6806535000002896
2021-09-03 13:00:00,2724.201301,2723.205101,2723.841549,-0.9962000000000444,-0.359751999999844,-0.6779759999999442
2021-09-03 13:15:00,2724.198969,2723.205829,2723.839807,-0.9931400000000394,-0.3591620000001967,-0.6761510000001181
2021-09-03 13:30:00,2724.198969,2723.205831,2723.838336,-0.9931379999998171,-0.36063300000023446,-0.6768855000000258
2021-09-03 13:45:00,2724.200135,2723.205249,2723.837473,-0.9948859999999513,-0.36266200000000026,-0.6787739999999758
2021-09-03 14:00:00,2724.197803,2723.203356,2723.834307,-0.9944470000000365,-0.363495999999941,-0.6789714999999887
2021-09-03 14:30:00,2724.198193,2723.201105,2723.837142,-0.9970880000000761,-0.361051000000316,-0.6790695000001961
2021-09-03 14:45:00,2724.19722,2723.207462,2723.838333,-0.9897580000001653,-0.35888699999986784,-0.6743225000000166
2021-09-03 15:00:00,2724.197803,2723.204091,2723.837166,-0.9937119999999595,-0.36063700000022436,-0.6771745000000919
2021-09-03 15:15:00,2724.199942,2723.203337,2723.837556,-0.9966050000002724,-0.36238600000024235,-0.6794955000002574
2021-09-03 15:30:00,2724.198972,2723.205868,2723.837919,-0.9931040000001303,-0.36105300000008356,-0.6770785000001069
2021-09-03 15:45:00,2724.199555,2723.208656,2723.836361,-0.9908990000003541,-0.36319400000002133,-0.6770465000001877
2021-09-03 16:00:00,2724.198972,2723.201917,2723.837503,-0.9970550000002731,-0.36146899999994275,-0.679262000000108
2021-09-03 16:15:00,2724.200139,2723.205288,2723.839365,-0.994850999999926,-0.36077400000021953,-0.6778125000000728
2021-09-03 16:30:00,2724.198969,2723.205291,2723.837221,-0.993677999999818,-0.3617479999998068,-0.6777129999998124
2021-09-03 16:45:00,2724.198972,2723.203231,2723.837804,-0.9957410000001801,-0.36116800000036164,-0.6784545000002709
2021-09-03 17:00:00,2724.199939,2723.205823,2723.836025,-0.9941160000003038,-0.3639140000000225,-0.6790150000001631
2021-09-03 17:15:00,2724.200908,2723.206795,2723.836578,-0.9941129999997429,-0.3643299999998817,-0.6792214999998123
2021-09-03 17:30:00,2724.198772,2723.204658,2723.834441,-0.9941140000000814,-0.36433100000022023,-0.6792225000001508
2021-09-03 17:45:00,2724.198962,2723.204851,2723.834631,-0.9941109999999753,-0.3643309999997655,-0.6792209999998704
2021-09-03 18:00:00,2724.200129,2723.206018,2723.835798,-0.9941109999999753,-0.3643309999997655,-0.6792209999998704
2021-09-03 18:30:00,2724.19663,2723.208227,2723.834362,-0.9884029999998347,-0.36226799999985815,-0.6753354999998464
2021-09-03 18:45:00,2724.198379,2723.204273,2723.836215,-0.9941060000001016,-0.3621640000001207,-0.6781350000001112
2021-09-03 19:15:00,2724.197993,2723.20739,2723.837577,-0.990603000000192,-0.3604160000004413,-0.6755095000003166
2021-09-03 19:30:00,2724.19722,2723.204868,2723.836805,-0.99235200000021,-0.36041500000010274,-0.6763835000001563
2021-09-03 19:45:00,2724.198386,2723.206035,2723.83622,-0.9923509999998714,-0.3621659999998883,-0.6772584999998799
2021-09-03 20:00:00,2724.197806,2723.204288,2723.835919,-0.993518000000222,-0.3618870000000243,-0.6777025000001231
2021-09-03 20:15:00,2724.197999,2723.207123,2723.834388,-0.9908759999998438,-0.3636109999997643,-0.677243499999804
2021-09-03 20:30:00,2724.198969,2723.208513,2723.838254,-0.9904559999999947,-0.3607150000002548,-0.6755855000001247
2021-09-03 20:45:00,2724.201885,2723.20793,2723.839559,-0.9939549999999144,-0.3623259999999391,-0.6781404999999268
2021-09-03 21:15:00,2724.200915,2723.2137,2723.840606,-0.9872150000001056,-0.36030899999968824,-0.6737619999998969
2021-09-03 21:30:00,2724.199552,2723.204707,2723.839659,-0.9948450000001685,-0.35989299999982904,-0.6773689999999988
2021-09-03 21:45:00,2724.198386,2723.210139,2723.841714,-0.9882470000002286,-0.3566719999998895,-0.672459500000059
2021-09-03 22:00:00,2724.198969,2723.210722,2723.840548,-0.9882470000002286,-0.3584209999999075,-0.673334000000068
2021-09-03 22:15:00,2724.198386,2723.206185,2723.839547,-0.9922010000000228,-0.35883899999998903,-0.6755200000000059
2021-09-03 22:30:00,2724.198969,2723.206768,2723.839075,-0.9922010000000228,-0.3598940000001676,-0.6760475000000952
2021-09-03 22:45:00,2724.19722,2723.208972,2723.839492,-0.9882480000001124,-0.35772799999995186,-0.6729880000000321
2021-09-03 23:30:00,2724.196053,2723.202961,2723.840076,-0.9930920000001606,-0.3559770000001663,-0.6745345000001635
2021-09-03 23:45:00,2724.200135,2723.205292,2723.840242,-0.9948429999999462,-0.35989299999982904,-0.6773679999998876
2021-09-04 00:00:00,2724.198386,2723.203544,2723.838076,-0.9948420000000624,-0.3603100000000268,-0.6775760000000446
2021-09-04 00:15:00,2724.198969,2723.208081,2723.840409,-0.9908879999998135,-0.358560000000125,-0.6747239999999692
2021-09-04 00:45:00,2724.198189,2723.212424,2723.841215,-0.9857650000003559,-0.3569740000002639,-0.6713695000003099
2021-09-04 01:00:00,2724.19683,2723.211063,2723.839717,-0.9857669999996688,-0.35711300000002666,-0.6714399999998477
2021-09-04 01:15:00,2724.198189,2723.208469,2723.841494,-0.9897200000000339,-0.3566950000003999,-0.6732075000002169
2021-09-04 01:30:00,2724.199749,2723.20711,2723.841884,-0.9926390000000538,-0.35786499999994703,-0.6752520000000004
2021-09-04 01:45:00,2724.200718,2723.208079,2723.841104,-0.9926390000000538,-0.359613999999965,-0.6761265000000094
2021-09-04 02:00:00,2724.200718,2723.212032,2723.841521,-0.9886860000001434,-0.35919700000022203,-0.6739415000001827
2021-09-04 03:00:00,2724.201108,2723.213314,2723.841911,-0.9877940000001217,-0.35919700000022203,-0.6734955000001719
2021-09-04 03:15:00,2724.199749,2723.215014,2723.842301,-0.9847350000000006,-0.3574479999997493,-0.6710914999998749
2021-09-04 03:30:00,2724.202468,2723.210279,2723.843271,-0.9921890000000531,-0.3591969999997673,-0.6756929999999102
2021-09-04 04:00:00,2724.199166,2723.20827,2723.841301,-0.9908959999997933,-0.35786499999994703,-0.6743804999998702
2021-09-04 04:15:00,2724.200718,2723.212919,2723.841242,-0.9877989999999954,-0.35947600000008606,-0.6736375000000407
2021-09-04 04:30:00,2724.198386,2723.210131,2723.842108,-0.9882550000002084,-0.35627800000020216,-0.6722665000002053
2021-09-04 04:45:00,2724.19722,2723.20632,2723.840941,-0.9909000000002379,-0.35627900000008594,-0.6735895000001619
2021-09-04 05:00:00,2724.198969,2723.20896,2723.841219,-0.9900090000001001,-0.3577500000001237,-0.6738795000001119
2021-09-04 05:45:00,2724.200332,2723.208571,2723.839105,-0.9917609999997694,-0.3612269999998716,-0.6764939999998205
2021-09-04 06:00:00,2724.198196,2723.208184,2723.839472,-0.9900119999997514,-0.35872399999971094,-0.6743679999997312
2021-09-04 06:15:00,2724.200718,2723.212911,2723.842691,-0.9878069999999752,-0.35802700000022014,-0.6729170000000977
2021-09-04 06:45:00,2724.200332,2723.210319,2723.838688,-0.99001300000009,-0.36164400000006935,-0.6758285000000797
2021-09-04 07:00:00,2724.198976,2723.208962,2723.837331,-0.9900139999999737,-0.36164499999995314,-0.6758294999999634
2021-09-04 07:15:00,2724.202468,2723.208231,2723.84022,-0.9942369999998846,-0.36224799999990864,-0.6782424999998966
2021-09-04 07:30:00,2724.199745,2723.211501,2723.840278,-0.9882439999996677,-0.3594669999997677,-0.6738554999997177
2021-09-04 07:45:00,2724.197799,2723.205598,2723.839389,-0.9922010000000228,-0.3584099999998216,-0.6753054999999222
2021-09-04 08:15:00,2724.198966,2723.208966,2723.838805,-0.9899999999997817,-0.3601610000000619,-0.6750804999999218
2021-09-04 08:30:00,2724.198966,2723.211171,2723.836776,-0.9877950000000055,-0.3621899999998277,-0.6749924999999166
2021-09-04 08:45:00,2724.200328,2723.207824,2723.837666,-0.9925039999998262,-0.36266200000000026,-0.6775829999999132
2021-09-04 09:00:00,2724.197796,2723.210124,2723.836023,-0.9876719999997476,-0.3617730000000847,-0.6747224999999162
2021-09-04 09:15:00,2724.198966,2723.208662,2723.837055,-0.9903039999999237,-0.3619109999999637,-0.6761074999999437
2021-09-04 09:30:00,2724.197413,2723.209751,2723.835502,-0.9876620000000003,-0.3619109999999637,-0.674786499999982
2021-09-04 09:45:00,2724.200139,2723.206322,2723.836895,-0.9938170000000355,-0.36324400000012247,-0.678530500000079
2021-09-04 10:00:00,2724.197806,2723.20794,2723.838479,-0.9898660000003474,-0.3593270000001212,-0.6745965000002343
2021-09-04 10:15:00,2724.196057,2723.202234,2723.834979,-0.9938230000002477,-0.36107799999990675,-0.6774505000000772
2021-09-04 10:30:00,2724.197223,2723.205164,2723.833978,-0.9920590000001539,-0.36324500000000626,-0.6776520000000801
2021-09-04 10:45:00,2724.197026,2723.204512,2723.838115,-0.9925140000000283,-0.35891099999980725,-0.6757124999999178
2021-09-04 11:00:00,2724.19605,2723.205285,2723.836721,-0.9907650000000103,-0.35932899999988877,-0.6750469999999495
2021-09-04 11:15:00,2724.198382,2723.205869,2723.834722,-0.9925130000001445,-0.36365999999998166,-0.6780865000000631
2021-09-04 11:45:00,2724.201881,2723.201914,2723.834027,-0.9999669999997423,-0.3678540000000794,-0.6839104999999108
2021-09-04 12:15:00,2724.198379,2723.206618,2723.836189,-0.9917609999997694,-0.3621899999998277,-0.6769754999997986
2021-09-04 12:30:00,2724.200518,2723.209211,2723.836163,-0.9913070000002335,-0.36435500000015963,-0.6778310000001966
2021-09-04 12:45:00,2724.197799,2723.209994,2723.835193,-0.9878050000002077,-0.36260600000014165,-0.6752055000001747
2021-09-04 13:00:00,2724.200522,2723.207012,2723.836862,-0.9935100000002421,-0.36365999999998166,-0.6785850000001119
2021-09-04 13:15:00,2724.200328,2723.208281,2723.83889,-0.9920469999997295,-0.36143799999990733,-0.6767424999998184
2021-09-04 13:30:00,2724.198772,2723.205829,2723.835469,-0.9929430000001958,-0.3633030000000872,-0.6781230000001415
2021-09-04 13:45:00,2724.198392,2723.208813,2723.834998,-0.9895789999995941,-0.36339399999997113,-0.6764864999997826
2021-09-04 14:00:00,2724.200718,2723.209983,2723.838054,-0.9907349999998587,-0.3626640000002226,-0.6766995000000406
2021-09-04 14:15:00,2724.197809,2723.20603,2723.833998,-0.9917789999999513,-0.3638109999997141,-0.6777949999998327
2021-09-04 14:30:00,2724.200142,2723.208816,2723.838915,-0.9913260000002992,-0.36122700000032637,-0.6762765000003128
2021-09-04 14:45:00,2724.200528,2723.207002,2723.837414,-0.993525999999747,-0.36311399999976857,-0.6783199999997578
2021-09-04 15:00:00,2724.199552,2723.206604,2723.834168,-0.9929480000000694,-0.36538400000017646,-0.679166000000123
2021-09-04 15:15:00,2724.199359,2723.203792,2723.833973,-0.995567000000392,-0.3653860000003988,-0.6804765000003954
2021-09-04 15:30:00,2724.200135,2723.210145,2723.835165,-0.9899900000000343,-0.36497000000008484,-0.6774800000000596
2021-09-04 15:45:00,2724.197803,2723.20561,2723.834165,-0.992193000000043,-0.36363799999980984,-0.6779154999999264
2021-09-04 16:00:00,2724.196053,2723.20386,2723.832831,-0.992193000000043,-0.36322199999995064,-0.6777074999999968
2021-09-04 16:30:00,2724.198386,2723.208401,2723.832998,-0.9899850000001607,-0.36538800000016636,-0.6776865000001635
2021-09-04 16:45:00,2724.197803,2723.205615,2723.832138,-0.9921880000001693,-0.36566499999980806,-0.6789264999999887
2021-09-04 17:00:00,2724.198386,2723.202243,2723.832305,-0.9961429999998472,-0.366081000000122,-0.6811119999999846
2021-09-04 17:30:00,2724.19722,2723.204581,2723.834776,-0.9926390000000538,-0.36244399999986854,-0.6775414999999612
2021-09-04 17:45:00,2724.196636,2723.208406,2723.832026,-0.9882299999999304,-0.36461000000008426,-0.6764200000000073
2021-09-04 18:00:00,2724.196053,2723.205619,2723.831721,-0.9904340000002776,-0.364332000000104,-0.6773830000001908
2021-09-04 18:15:00,2724.196053,2723.205622,2723.831304,-0.9904310000001715,-0.36474900000030175,-0.6775900000002366
2021-09-04 18:30:00,2724.197803,2723.209577,2723.833472,-0.9882259999999405,-0.36433100000022023,-0.6762785000000804
2021-09-04 18:45:00,2724.198969,2723.207245,2723.830859,-0.9917239999999765,-0.3681099999998878,-0.6799169999999322
2021-09-04 19:00:00,2724.198579,2723.208605,2723.831165,-0.9899740000000747,-0.36741399999982605,-0.6786939999999504
2021-09-04 19:15:00,2724.196633,2723.202253,2723.832416,-0.994380000000092,-0.36421699999982593,-0.679298499999959
2021-09-04 19:30:00,2724.19722,2723.204292,2723.833721,-0.9929280000001199,-0.3634990000000471,-0.6782135000000835
2021-09-04 19:45:00,2724.193917,2723.201266,2723.831752,-0.9926510000000235,-0.3621650000000045,-0.677408000000014
2021-09-04 20:00:00,2724.19606,2723.204304,2723.834136,-0.9917560000003505,-0.3619240000002719,-0.6768400000003112
2021-09-04 20:15:00,2724.196247,2723.205081,2723.83233,-0.9911659999997937,-0.36391699999967386,-0.6775414999997338
2021-09-04 20:30:00,2724.197799,2723.200933,2723.834716,-0.9968659999999545,-0.3630830000001879,-0.6799745000000712
2021-09-04 20:45:00,2724.196826,2723.202892,2723.834915,-0.9939340000000811,-0.3619109999999637,-0.6779225000000224
2021-09-04 21:00:00,2724.197796,2723.204735,2723.836023,-0.9930610000001252,-0.3617730000000847,-0.677417000000105
2021-09-04 21:45:00,2724.196243,2723.204932,2723.833751,-0.9913109999997687,-0.36249199999974735,-0.676901499999758
2021-09-04 22:00:00,2724.19547,2723.208114,2723.835145,-0.9873560000000907,-0.3603250000001026,-0.6738405000000967
2021-09-04 22:30:00,2724.194887,2723.206222,2723.833867,-0.9886650000003101,-0.36102000000028056,-0.6748425000002953
2021-09-04 22:45:00,2724.197223,2723.204746,2723.836885,-0.9924770000002354,-0.3603379999999561,-0.6764075000000958
2021-09-04 23:15:00,2724.198389,2723.206364,2723.836303,-0.9920250000000124,-0.3620860000000903,-0.6770555000000513
2021-09-04 23:30:00,2724.197223,2723.209592,2723.837164,-0.9876309999999648,-0.36005900000009206,-0.6738450000000284
2021-09-04 23:45:00,2724.198389,2723.212962,2723.838331,-0.9854270000000724,-0.36005800000020827,-0.6727425000001404
2021-09-05 00:00:00,2724.196057,2723.210177,2723.837748,-0.9858800000001793,-0.3583090000001903,-0.6720945000001848
2021-09-05 00:30:00,2724.198776,2723.21335,2723.83844,-0.9854260000001887,-0.3603360000001885,-0.6728810000001886
2021-09-05 00:45:00,2724.19663,2723.214122,2723.837324,-0.9825080000000526,-0.35930599999983315,-0.6709069999999429
2021-09-05 01:00:00,2724.197799,2723.211919,2723.839212,-0.9858800000001793,-0.3585870000001705,-0.6722335000001749
2021-09-05 01:15:00,2724.198382,2723.212062,2723.838324,-0.9863199999999779,-0.36005800000020827,-0.6731890000000931
2021-09-05 01:30:00,2724.199549,2723.20532,2723.839908,-0.9942289999999048,-0.35964100000001054,-0.6769349999999577
2021-09-05 01:45:00,2724.198382,2723.21206,2723.839334,-0.9863220000002002,-0.35904800000025716,-0.6726850000002287
2021-09-05 02:00:00,2724.199939,2723.209246,2723.83914,-0.9906930000001921,-0.3607990000000427,-0.6757460000001174
2021-09-05 02:15:00,2724.198382,2723.208117,2723.839029,-0.9902649999999085,-0.35935299999982817,-0.6748089999998683
2021-09-05 02:30:00,2724.199549,2723.209281,2723.840613,-0.9902680000000146,-0.3589360000000852,-0.6746020000000499
2021-09-05 03:00:00,2724.199549,2723.207529,2723.838748,-0.9920200000001387,-0.3608009999998103,-0.6764104999999745
2021-09-05 03:30:00,2724.197799,2723.205326,2723.840196,-0.9924730000002455,-0.3576029999999264,-0.675038000000086
2021-09-05 03:45:00,2724.200715,2723.212648,2723.84178,-0.9880669999997735,-0.35893499999974665,-0.6735009999997601
2021-09-05 04:15:00,2724.197799,2723.209728,2723.838446,-0.9880710000002182,-0.35935299999982817,-0.6737120000000232
2021-09-05 04:30:00,2724.197409,2723.211088,2723.840223,-0.9863209999998617,-0.35718599999972866,-0.6717534999997952
2021-09-05 04:45:00,2724.199549,2723.210308,2723.837276,-0.9892409999997653,-0.36227299999973184,-0.6757569999997486
2021-09-05 05:00:00,2724.198769,2723.211856,2723.842,-0.986913000000186,-0.3567689999999857,-0.6718410000000858
2021-09-05 05:30:00,2724.199159,2723.212243,2723.839806,-0.9869159999998374,-0.35935299999982817,-0.6731344999998328
2021-09-05 05:45:00,2724.199939,2723.20965,2723.841583,-0.9902890000003026,-0.3583560000001853,-0.674322500000244
2021-09-05 06:00:00,2724.201495,2723.215613,2723.842826,-0.9858819999999469,-0.3586689999997361,-0.6722754999998415
2021-09-05 06:15:00,2724.19663,2723.213664,2723.839443,-0.9829660000000331,-0.3571870000000672,-0.6700765000000501
2021-09-05 06:30:00,2724.199549,2723.214102,2723.842353,-0.9854470000000219,-0.3571959999999308,-0.6713214999999764
2021-09-05 06:45:00,2724.198579,2723.212239,2723.841383,-0.9863399999999274,-0.3571959999999308,-0.6717679999999291
2021-09-05 07:00:00,2724.199555,2723.210153,2723.840331,-0.9894020000001547,-0.35922400000026755,-0.6743130000002111
2021-09-05 07:15:00,2724.201108,2723.213907,2723.842301,-0.9872010000003684,-0.3588070000000698,-0.6730040000002191
2021-09-05 07:30:00,2724.201688,2723.212284,2723.840714,-0.9894039999999222,-0.3609740000001693,-0.6751890000000458
2021-09-05 08:00:00,2724.199166,2723.207553,2723.84139,-0.9916129999996883,-0.3577759999998307,-0.6746944999997595
2021-09-05 08:15:00,2724.19722,2723.20956,2723.839164,-0.9876600000002327,-0.35805600000003324,-0.672858000000133
2021-09-05 08:30:00,2724.199362,2723.207748,2723.840138,-0.9916140000000269,-0.3592239999998128,-0.6754189999999198
2021-09-05 08:45:00,2724.199166,2723.207551,2723.839941,-0.9916149999999107,-0.3592249999996966,-0.6754199999998036
2021-09-05 09:00:00,2724.197806,2723.211615,2723.838581,-0.9861909999999625,-0.35922500000015134,-0.6727080000000569
2021-09-05 09:15:00,2724.198972,2723.21103,2723.838276,-0.9879420000002028,-0.3606960000001891,-0.674319000000196
2021-09-05 09:30:00,2724.197806,2723.211613,2723.839277,-0.9861930000001848,-0.3585290000000896,-0.6723610000001372
2021-09-05 09:45:00,2724.19664,2723.210446,2723.842026,-0.9861940000000686,-0.3546140000003106,-0.6704040000001896
2021-09-05 10:00:00,2724.195667,2723.207997,2723.839304,-0.9876699999999801,-0.35636299999987386,-0.672016499999927
2021-09-05 10:15:00,2724.195277,2723.211281,2723.838497,-0.9839959999999337,-0.35677999999961685,-0.6703879999997753
2021-09-05 10:30:00,2724.197223,2723.211477,2723.838693,-0.9857460000002902,-0.35852999999997337,-0.6721380000001318
2021-09-05 10:45:00,2724.19664,2723.206486,2723.837414,-0.990154000000075,-0.35922600000003513,-0.6746900000000551
2021-09-05 11:00:00,2724.198389,2723.206046,2723.835943,-0.9923430000003464,-0.36244600000009086,-0.6773945000002186
2021-09-05 11:15:00,2724.19664,2723.208687,2723.835248,-0.9879530000002887,-0.36139200000025085,-0.6746725000002698
2021-09-05 11:30:00,2724.196053,2723.202673,2723.836526,-0.993380000000343,-0.359527000000071,-0.676453500000207
2021-09-05 11:45:00,2724.196636,2723.204148,2723.83711,-0.9924880000003213,-0.3595260000001872,-0.6760070000002543
2021-09-05 12:00:00,2724.194304,2723.203567,2723.833327,-0.990737000000081,-0.36097700000027544,-0.6758570000001782
2021-09-05 12:15:00,2724.197609,2723.205124,2723.835163,-0.9924849999997605,-0.3624459999996361,-0.6774654999996983
2021-09-05 12:30:00,2724.197223,2723.201199,2723.839109,-0.996024000000034,-0.3581140000001142,-0.6770690000000741
2021-09-05 12:45:00,2724.198972,2723.207356,2723.839802,-0.9916160000002492,-0.3591700000001765,-0.6753930000002129
2021-09-05 13:00:00,2724.19547,2723.205009,2723.83811,-0.9904610000003231,-0.3573599999999715,-0.6739105000001473
2021-09-05 13:15:00,2724.19489,2723.202821,2723.836219,-0.992069000000356,-0.3586710000004132,-0.6753700000003846
2021-09-05 13:30:00,2724.194307,2723.200488,2723.834199,-0.9938190000002578,-0.3601080000003094,-0.6769635000002836
2021-09-05 13:45:00,2724.192941,2723.202043,2723.833727,-0.9908980000000156,-0.3592139999996107,-0.6750559999998131
2021-09-05 14:00:00,2724.19488,2723.206188,2723.835667,-0.9886919999999009,-0.35921300000018164,-0.6739525000000413
2021-09-05 14:15:00,2724.194494,2723.201848,2723.83528,-0.992645999999695,-0.3592140000000654,-0.6759299999998802
2021-09-05 14:30:00,2724.193524,2723.197517,2723.832003,-0.9960069999997359,-0.36152099999981147,-0.6787639999997737
2021-09-05 14:45:00,2724.195853,2723.203801,2723.834634,-0.9920520000000579,-0.36121900000034657,-0.6766355000002022
2021-09-05 15:00:00,2724.19566,2723.207563,2723.835915,-0.9880969999999252,-0.35974499999974796,-0.6739209999998366
2021-09-05 15:15:00,2724.19527,2723.200577,2723.833775,-0.9946930000000975,-0.3614950000001045,-0.678094000000101
2021-09-05 15:30:00,2724.196633,2723.202395,2723.835414,-0.9942380000002231,-0.3612189999998918,-0.6777285000000575
2021-09-05 15:45:00,2724.197799,2723.205314,2723.832966,-0.9924850000002152,-0.36483300000008967,-0.6786590000001524
2021-09-05 16:00:00,2724.19605,2723.205768,2723.832664,-0.9902820000002066,-0.3633859999999913,-0.676834000000099
2021-09-05 16:15:00,2724.193724,2723.199757,2723.833247,-0.9939670000003389,-0.3604770000001736,-0.6772220000002562
2021-09-05 16:30:00,2724.19528,2723.205269,2723.833356,-0.9900109999998676,-0.36192399999981717,-0.6759674999998424
2021-09-05 16:45:00,2724.193921,2723.204351,2723.835194,-0.9895700000001852,-0.3587270000002718,-0.6741485000002285
2021-09-05 17:00:00,2724.193141,2723.200928,2723.834693,-0.9922129999999925,-0.3584480000004078,-0.6753305000002001
2021-09-05 17:15:00,2724.192558,2723.207978,2723.834109,-0.9845800000002782,-0.35844900000029156,-0.6715145000002849
2021-09-05 17:45:00,2724.196057,2723.208423,2723.832383,-0.987634000000071,-0.3636740000001737,-0.6756540000001223
2021-09-05 18:00:00,2724.193724,2723.205197,2723.831799,-0.9885269999999764,-0.3619250000001557,-0.675226000000066
2021-09-05 18:15:00,2724.194307,2723.206952,2723.83383,-0.9873550000002069,-0.3604770000001736,-0.6739160000001903
2021-09-05 18:45:00,2724.193141,2723.203585,2723.832248,-0.9895559999999932,-0.36089300000003277,-0.675224500000013
2021-09-05 19:00:00,2724.194301,2723.203587,2723.831276,-0.9907140000000254,-0.36302500000010696,-0.6768695000000662
2021-09-05 19:15:00,2724.193911,2723.207154,2723.833332,-0.9867569999996704,-0.3605789999996887,-0.6736679999996795
2021-09-05 19:30:00,2724.19663,2723.206374,2723.832552,-0.9902560000000449,-0.3640780000000632,-0.677167000000054
2021-09-05 19:45:00,2724.195463,2723.199051,2723.832856,-0.9964119999999639,-0.36260700000002544,-0.6795094999999947
2021-09-05 20:00:00,2724.194494,2723.198521,2723.833056,-0.9959730000000491,-0.36143799999990733,-0.6787054999999782
2021-09-05 20:15:00,2724.194304,2723.203029,2723.832866,-0.9912750000003143,-0.36143799999990733,-0.6763565000001108
2021-09-05 20:30:00,2724.193141,2723.205068,2723.833719,-0.9880729999999858,-0.359421999999995,-0.6737474999999904
2021-09-05 20:45:00,2724.1945,2723.20643,2723.835913,-0.9880699999998797,-0.3585870000001705,-0.6733285000000251
2021-09-05 21:00:00,2724.194887,2723.202864,2723.833855,-0.9920230000002448,-0.36103200000025026,-0.6765275000002475
2021-09-05 21:45:00,2724.193721,2723.209769,2723.834856,-0.9839520000000448,-0.35886500000015076,-0.6714085000000978
2021-09-05 22:00:00,2724.193721,2723.208298,2723.836305,-0.9854230000000825,-0.35741600000028484,-0.6714195000001837
2021-09-05 22:15:00,2724.19547,2723.206095,2723.835888,-0.9893750000001091,-0.3595820000000458,-0.6744785000000775
2021-09-05 22:30:00,2724.1945,2723.203375,2723.83347,-0.9911250000000109,-0.36103000000002794,-0.6760775000000194
2021-09-05 22:45:00,2724.193144,2723.203768,2723.833561,-0.9893759999999929,-0.3595829999999296,-0.6744794999999613
2021-09-05 23:00:00,2724.194311,2723.204935,2723.834728,-0.9893759999999929,-0.35958300000038435,-0.6744795000001886
2021-09-05 23:15:00,2724.196446,2723.203118,2723.837282,-0.9933280000000195,-0.3591639999999643,-0.6762459999999919
2021-09-05 23:30:00,2724.19625,2723.20908,2723.839252,-0.9871699999998782,-0.35699799999974857,-0.6720839999998134
2021-09-06 00:00:00,2724.194311,2723.205354,2723.837312,-0.9889570000000276,-0.3569990000000871,-0.6729780000000574
2021-09-06 00:15:00,2724.19606,2723.203151,2723.837729,-0.9929090000000542,-0.3583310000003621,-0.6756200000002082
2021-09-06 00:30:00,2724.195477,2723.20477,2723.837146,-0.9907070000003841,-0.3583310000003621,-0.6745190000003731
2021-09-06 00:45:00,2724.194894,2723.201567,2723.838311,-0.9933270000001357,-0.3565830000002279,-0.6749550000001818
2021-09-06 01:15:00,2724.194894,2723.212094,2723.835728,-0.9828000000002248,-0.3591660000001866,-0.6709830000002057
2021-09-06 01:45:00,2724.19547,2723.205353,2723.838007,-0.9901170000002821,-0.35746300000027986,-0.673790000000281
2021-09-06 02:30:00,2724.194311,2723.207554,2723.836257,-0.9867570000001251,-0.35805400000026566,-0.6724055000001954
2021-09-06 02:45:00,2724.194894,2723.203767,2723.834975,-0.9911270000002332,-0.3599189999999908,-0.675523000000112
2021-09-06 03:00:00,2724.19606,2723.211507,2723.838007,-0.9845530000002327,-0.35805300000038187,-0.6713030000003073
2021-09-06 03:15:00,2724.197606,2723.207939,2723.838394,-0.9896670000002814,-0.35921200000029785,-0.6744395000002896
2021-09-06 03:30:00,2724.19722,2723.206091,2723.837718,-0.9911290000000008,-0.35950199999979304,-0.6753154999998969
2021-09-06 03:45:00,2724.19547,2723.210045,2723.838135,-0.9854250000003049,-0.3573350000001483,-0.6713800000002266
2021-09-06 04:00:00,2724.19547,2723.204339,2723.836384,-0.9911310000002231,-0.35908599999993385,-0.6751085000000785
2021-09-06 04:15:00,2724.196636,2723.207256,2723.837552,-0.9893799999999828,-0.35908400000016627,-0.6742320000000745
2021-09-06 04:30:00,2724.197609,2723.209701,2723.838801,-0.9879079999996065,-0.3588079999999536,-0.6733579999997801
2021-09-06 05:00:00,2724.19664,2723.210039,2723.838133,-0.9866010000000642,-0.35850699999991775,-0.672553999999991
2021-09-06 05:15:00,2724.19664,2723.207833,2723.83986,-0.988807000000179,-0.3567800000000716,-0.6727935000001253
2021-09-06 05:45:00,2724.197416,2723.207752,2723.838886,-0.9896640000001753,-0.35852999999997337,-0.6740970000000743
2021-09-06 06:00:00,2724.19547,2723.204911,2723.836243,-0.9905590000003031,-0.3592269999999189,-0.674893000000111
2021-09-06 06:15:00,2724.193721,2723.200956,2723.836939,-0.992764999999963,-0.3567820000002939,-0.6747735000001285
2021-09-06 06:30:00,2724.194887,2723.204325,2723.836077,-0.9905619999999544,-0.35881000000017593,-0.6746860000000652
2021-09-06 06:45:00,2724.195084,2723.20394,2723.836274,-0.9911440000000766,-0.35881000000017593,-0.6749770000001263
2021-09-06 07:00:00,2724.19722,2723.207537,2723.839418,-0.989683000000241,-0.3578019999999924,-0.6737425000001167
2021-09-06 07:15:00,2724.196053,2723.208118,2723.837975,-0.9879350000001068,-0.35807800000020507,-0.6730065000001559
2021-09-06 07:30:00,2724.19547,2723.207533,2723.836673,-0.9879370000003291,-0.35879700000032244,-0.6733670000003258
2021-09-06 07:45:00,2724.19508,2723.207143,2723.836283,-0.9879369999998744,-0.3587969999998677,-0.673366999999871
2021-09-06 08:00:00,2724.192551,2723.208563,2723.835503,-0.9839879999999539,-0.35704800000030446,-0.6705180000001292
2021-09-06 08:15:00,2724.19605,2723.206358,2723.835919,-0.9896920000001046,-0.3601309999999103,-0.6749115000000074
2021-09-06 08:45:00,2724.19605,2723.208561,2723.837669,-0.987489000000096,-0.3583810000000085,-0.6729350000000522
2021-09-06 09:00:00,2724.194107,2723.206163,2723.834614,-0.9879439999999704,-0.35949299999992945,-0.6737184999999499
2021-09-06 09:15:00,2724.193914,2723.204216,2723.834421,-0.9896979999998621,-0.35949299999992945,-0.6745954999998958
2021-09-06 09:30:00,2724.194107,2723.202205,2723.835031,-0.9919019999997545,-0.3590759999997317,-0.6754889999997431
2021-09-06 09:45:00,2724.19508,2723.205381,2723.833837,-0.9896989999997459,-0.3612429999998312,-0.6754709999997885
2021-09-06 10:15:00,2724.19508,2723.203629,2723.834254,-0.99145099999987,-0.36082600000008824,-0.6761384999999791
2021-09-06 10:30:00,2724.194301,2723.20505,2723.830891,-0.9892509999999675,-0.36340999999993073,-0.6763304999999491
2021-09-06 10:45:00,2724.193524,2723.20207,2723.83228,-0.9914539999999761,-0.361243999999715,-0.6763489999998455
2021-09-06 11:00:00,2724.19722,2723.201394,2723.834227,-0.9958259999998518,-0.36299300000018775,-0.6794095000000198
2021-09-06 11:15:00,2724.196053,2723.20418,2723.833363,-0.9918729999999414,-0.36268999999992957,-0.6772814999999355
2021-09-06 11:30:00,2724.197803,2723.205653,2723.835529,-0.9921500000000378,-0.3622740000000704,-0.6772120000000541
2021-09-06 11:45:00,2724.195477,2723.202282,2723.833946,-0.9931950000000143,-0.3615310000000136,-0.6773630000000139
2021-09-06 12:00:00,2724.193531,2723.199882,2723.833748,-0.9936490000000049,-0.3597829999998794,-0.6767159999999421
2021-09-06 12:15:00,2724.196053,2723.200213,2723.832633,-0.9958400000000438,-0.36342000000013286,-0.6796300000000883
2021-09-06 12:30:00,2724.19547,2723.201382,2723.8338,-0.9940879999999197,-0.3616700000002311,-0.6778790000000754
2021-09-06 12:45:00,2724.194111,2723.20177,2723.834547,-0.9923409999996693,-0.3595639999998639,-0.6759524999997666
2021-09-06 13:00:00,2724.1945,2723.197769,2723.831382,-0.9967310000001817,-0.3631180000002132,-0.6799245000001974
2021-09-06 13:15:00,2724.193524,2723.197963,2723.831158,-0.995560999999725,-0.3623659999998381,-0.6789634999997816
2021-09-06 13:30:00,2724.196443,2723.200885,2723.831911,-0.9955579999996189,-0.36453199999959907,-0.680044999999609
2021-09-06 13:45:00,2724.193141,2723.19933,2723.830948,-0.993811000000278,-0.36219300000038857,-0.6780020000003333
2021-09-06 14:00:00,2724.192558,2723.200208,2723.830644,-0.9923499999999876,-0.3619140000000698,-0.6771320000000287
2021-09-06 14:15:00,2724.194107,2723.202513,2723.831197,-0.9915939999996226,-0.36290999999982887,-0.6772519999997257
2021-09-06 14:30:00,2724.195463,2723.199917,2723.833388,-0.995546000000104,-0.36207500000000437,-0.6788105000000542
2021-09-06 14:45:00,2724.193131,2723.205052,2723.83016,-0.988079000000198,-0.3629710000000159,-0.675525000000107
2021-09-06 15:00:00,2724.191778,2723.198703,2723.829992,-0.9930749999998625,-0.3617859999999382,-0.6774304999999003
2021-09-06 15:15:00,2724.194301,2723.198898,2723.831631,-0.9954029999998966,-0.36266999999998006,-0.6790364999999383
2021-09-06 15:30:00,2724.191975,2723.197732,2723.832214,-0.9942430000000968,-0.3597610000001623,-0.6770020000001296
2021-09-06 15:45:00,2724.194114,2723.199872,2723.830021,-0.9942419999997583,-0.36409299999968425,-0.6791674999997213
2021-09-06 16:00:00,2724.192561,2723.200071,2723.832663,-0.9924899999996342,-0.35989799999970273,-0.6761939999996684
2021-09-06 16:15:00,2724.192361,2723.200624,2723.830447,-0.99173699999983,-0.3619140000000698,-0.6768254999999499
2021-09-06 16:30:00,2724.195084,2723.202179,2723.832279,-0.9929050000000643,-0.3628049999997529,-0.6778549999999086
2021-09-06 16:45:00,2724.193141,2723.201406,2723.831227,-0.9917350000000624,-0.3619140000000698,-0.6768245000000661
2021-09-06 17:00:00,2724.193141,2723.203613,2723.831506,-0.9895280000000639,-0.36163500000020576,-0.6755815000001348
2021-09-06 17:15:00,2724.192361,2723.196675,2723.832476,-0.9956859999997505,-0.35988499999984924,-0.6777854999997999
2021-09-06 17:30:00,2724.194301,2723.206248,2723.832666,-0.9880530000000363,-0.36163500000020576,-0.674844000000121
2021-09-06 18:00:00,2724.191392,2723.201137,2723.829339,-0.9902550000001611,-0.3620530000002873,-0.6761540000002242
2021-09-06 18:15:00,2724.191778,2723.199323,2723.832169,-0.9924550000000636,-0.35960900000009133,-0.6760320000000775
2021-09-06 19:00:00,2724.193914,2723.201757,2723.831862,-0.9921570000001338,-0.36205199999994875,-0.6771045000000413
2021-09-06 19:15:00,2724.190808,2723.199088,2723.830506,-0.9917199999999866,-0.360302000000047,-0.6760110000000168
2021-09-06 20:00:00,2724.193727,2723.200843,2723.832811,-0.9928839999997763,-0.36091599999963364,-0.676899999999705
2021-09-06 20:15:00,2724.191588,2723.200455,2723.830254,-0.9911329999999907,-0.3613340000001699,-0.6762335000000803
2021-09-06 20:30:00,2724.191392,2723.194972,2723.831493,-0.9964200000003984,-0.35989900000004127,-0.6781595000002199
2021-09-06 20:45:00,2724.192558,2723.202299,2723.833077,-0.990259000000151,-0.3594810000004145,-0.6748700000002827
2021-09-06 21:00:00,2724.192161,2723.205136,2723.832991,-0.9870249999999032,-0.35916999999972177,-0.6730974999998125
2021-09-06 21:15:00,2724.191388,2723.199656,2723.831629,-0.9917320000004111,-0.35975900000039474,-0.6757455000004029
2021-09-06 21:30:00,2724.191382,2723.20068,2723.831217,-0.9907020000000557,-0.3601650000000518,-0.6754335000000538
2021-09-06 22:00:00,2724.191382,2723.20509,2723.834493,-0.9862920000000486,-0.35688900000013746,-0.671590500000093
2021-09-06 22:30:00,2724.193714,2723.199515,2723.836804,-0.9941990000002079,-0.35690999999997075,-0.6755545000000893
2021-09-06 23:00:00,2724.193131,2723.204639,2723.837971,-0.9884919999999511,-0.355160000000069,-0.67182600000001
2021-09-06 23:15:00,2724.193131,2723.202889,2723.836522,-0.9902419999998529,-0.3566089999999349,-0.6734254999998939
2021-09-06 23:45:00,2724.194297,2723.202303,2723.835939,-0.991993999999977,-0.3583579999999529,-0.6751759999999649
2021-09-07 00:00:00,2724.193714,2723.201722,2723.835772,-0.9919920000002094,-0.3579420000000937,-0.6749670000001515
2021-09-07 00:30:00,2724.193521,2723.207232,2723.834745,-0.9862889999999425,-0.3587760000000344,-0.6725324999999884
2021-09-07 00:45:00,2724.193911,2723.203666,2723.837023,-0.990244999999959,-0.3568879999997989,-0.6735664999998789
2021-09-07 01:15:00,2724.191388,2723.207731,2723.83566,-0.9836570000002212,-0.35572799999999916,-0.6696925000001102
2021-09-07 01:30:00,2724.194104,2723.207813,2723.836498,-0.9862910000001648,-0.3576060000000325,-0.6719485000000986
2021-09-07 01:45:00,2724.193328,2723.209679,2723.83644,-0.9836489999997866,-0.3568879999997989,-0.6702684999997928
2021-09-07 02:00:00,2724.191965,2723.201717,2723.835076,-0.9902480000000651,-0.35688900000013746,-0.6735685000001013
2021-09-07 02:30:00,2724.190612,2723.208698,2723.836633,-0.9819139999999607,-0.35397899999998117,-0.6679464999999709
2021-09-07 02:45:00,2724.194301,2723.205525,2723.837692,-0.9887760000001435,-0.3566089999999349,-0.6726925000000392
2021-09-07 03:00:00,2724.192551,2723.200096,2723.835247,-0.9924550000000636,-0.35730400000011286,-0.6748795000000882
2021-09-07 03:15:00,2724.193911,2723.20249,2723.834857,-0.9914209999997183,-0.35905400000001464,-0.6752374999998665
2021-09-07 03:30:00,2724.19488,2723.201707,2723.835827,-0.9931729999998424,-0.35905300000013085,-0.6761129999999866
2021-09-07 03:45:00,2724.191771,2723.20474,2723.836217,-0.9870309999996607,-0.35555399999975634,-0.6712924999997085
2021-09-07 04:00:00,2724.192161,2723.203657,2723.835914,-0.9885039999999208,-0.35624700000016674,-0.6723755000000438
2021-09-07 04:15:00,2724.193131,2723.206551,2723.83366,-0.9865799999997762,-0.35947100000021237,-0.6730254999999943
2021-09-07 04:45:00,2724.193521,2723.204736,2723.836217,-0.9887850000000071,-0.35730400000011286,-0.67304450000006
2021-09-07 05:00:00,2724.192551,2723.202873,2723.83483,-0.9896779999999126,-0.3577210000003106,-0.6736995000001116
2021-09-07 05:15:00,2724.19566,2723.201008,2723.836607,-0.99465199999986,-0.3590529999996761,-0.676852499999768
2021-09-07 05:30:00,2724.194297,2723.202285,2723.834968,-0.9920120000001589,-0.35932899999988877,-0.6756705000000238
2021-09-07 05:45:00,2724.19488,2723.201118,2723.835827,-0.9937620000000607,-0.35905300000013085,-0.6764075000000958
2021-09-07 06:00:00,2724.193131,2723.201116,2723.83555,-0.9920149999998102,-0.3575810000002093,-0.6747980000000098
2021-09-07 06:15:00,2724.194297,2723.202281,2723.835243,-0.9920160000001488,-0.35905400000001464,-0.6755350000000817
2021-09-07 06:30:00,2724.191382,2723.205067,2723.835525,-0.9863150000001042,-0.3558570000000145,-0.6710860000000594
2021-09-07 06:45:00,2724.19488,2723.203757,2723.837416,-0.9911229999997886,-0.35746400000016365,-0.6742934999999761
2021-09-07 07:15:00,2724.19508,2723.206282,2723.836029,-0.9887979999998606,-0.3590509999999085,-0.6739244999998846
2021-09-07 07:30:00,2724.19489,2723.206092,2723.835977,-0.9887980000003154,-0.35891300000002957,-0.6738555000001725
2021-09-07 07:45:00,2724.194307,2723.208127,2723.83683,-0.9861800000003313,-0.35747700000001714,-0.6718285000001742
2021-09-07 08:00:00,2724.1945,2723.204364,2723.837023,-0.9901359999998931,-0.35747700000001714,-0.6738064999999551
2021-09-07 08:15:00,2724.194111,2723.203974,2723.83478,-0.9901369999997769,-0.35933099999965634,-0.6747339999997166
2021-09-07 09:00:00,2724.1945,2723.206564,2723.83744,-0.9879359999999906,-0.35706000000027416,-0.6724980000001324
2021-09-07 09:15:00,2724.194887,2723.206948,2723.837409,-0.9879390000000967,-0.35747799999990093,-0.6727084999999988
2021-09-07 09:30:00,2724.194887,2723.207691,2723.835659,-0.9871960000000399,-0.35922800000025745,-0.6732120000001487
2021-09-07 09:45:00,2724.192748,2723.205989,2723.833241,-0.9867589999998927,-0.3595070000001215,-0.6731330000000071
2021-09-07 10:00:00,2724.191192,2723.201789,2723.833074,-0.9894029999995837,-0.35811799999964933,-0.6737604999996165
2021-09-07 10:15:00,2724.189249,2723.201593,2723.832603,-0.9876560000002428,-0.35664600000018254,-0.6721510000002127
2021-09-07 10:30:00,2724.189635,2723.202871,2723.830127,-0.9867640000002211,-0.35950800000000527,-0.6731360000001132
2021-09-07 10:45:00,2724.191971,2723.201394,2723.83346,-0.9905770000000302,-0.3585110000003624,-0.6745440000001963
2021-09-07 11:00:00,2724.192361,2723.201784,2723.831962,-0.9905770000000302,-0.3603989999996884,-0.6754879999998593
2021-09-07 11:15:00,2724.193721,2723.201253,2723.832048,-0.9924679999999171,-0.36167299999988245,-0.6770704999998998
2021-09-07 11:45:00,2724.191581,2723.201882,2723.829907,-0.9896990000002006,-0.361674000000221,-0.6756865000002108
2021-09-07 12:00:00,2724.191775,2723.19666,2723.8301,-0.9951149999997142,-0.36167499999965,-0.6783949999996821
2021-09-07 12:15:00,2724.194694,2723.200626,2723.831863,-0.9940679999999702,-0.36283099999991464,-0.6784494999999424
2021-09-07 12:30:00,2724.1945,2723.200431,2723.830615,-0.994068999999854,-0.3638850000002094,-0.6789770000000317
2021-09-07 13:00:00,2724.19489,2723.204776,2723.834561,-0.990114000000176,-0.3603290000000925,-0.6752215000001343
2021-09-07 13:15:00,2724.193141,2723.203027,2723.832394,-0.990114000000176,-0.360747000000174,-0.675430500000175
2021-09-07 13:30:00,2724.191192,2723.201354,2723.831219,-0.9898379999999634,-0.35997299999962706,-0.6749054999997952
2021-09-07 13:45:00,2724.19488,2723.19686,2723.829883,-0.9980199999999968,-0.36499700000013036,-0.6815085000000636
2021-09-07 14:00:00,2724.190995,2723.202631,2723.829079,-0.9883639999998195,-0.36191599999983737,-0.6751399999998284
2021-09-07 14:15:00,2724.190608,2723.200043,2723.82911,-0.9905650000000605,-0.36149799999975585,-0.6760314999999082
2021-09-07 14:30:00,2724.193328,2723.201016,2723.83008,-0.9923119999998562,-0.3632479999996576,-0.6777799999997569
2021-09-07 14:45:00,2724.193721,2723.201407,2723.830474,-0.9923140000000785,-0.3632470000002286,-0.6777805000001536
2021-09-07 15:00:00,2724.193721,2723.205363,2723.830056,-0.988358000000062,-0.3636650000003101,-0.6760115000001861
2021-09-07 15:15:00,2724.191971,2723.20141,2723.827889,-0.9905610000000706,-0.3640820000000531,-0.6773215000000619
2021-09-07 15:30:00,2724.192941,2723.200633,2723.828859,-0.9923079999998663,-0.36408199999959834,-0.6781949999997323
2021-09-07 15:45:00,2724.192548,2723.20199,2723.830633,-0.9905579999999645,-0.3619149999999536,-0.676236499999959
2021-09-07 16:00:00,2724.192355,2723.196371,2723.829407,-0.995984000000135,-0.3629479999999603,-0.6794660000000476
2021-09-07 16:15:00,2724.192161,2723.19924,2723.83124,-0.9929210000000239,-0.3609209999999621,-0.676920999999993
2021-09-07 16:30:00,2724.191771,2723.199013,2723.830574,-0.992757999999867,-0.36119699999972,-0.6769774999997935
2021-09-07 16:45:00,2724.190995,2723.196766,2723.83049,-0.9942289999999048,-0.3605050000001029,-0.6773670000000038
2021-09-07 17:00:00,2724.189049,2723.193649,2723.827711,-0.9954000000002452,-0.3613380000001598,-0.6783690000002025
2021-09-07 17:15:00,2724.191382,2723.202582,2723.829767,-0.988800000000083,-0.3616149999998015,-0.6752074999999422
2021-09-07 17:30:00,2724.191971,2723.198629,2723.830044,-0.9933420000002116,-0.36192700000037803,-0.6776345000002948
2021-09-07 17:45:00,2724.190798,2723.202002,2723.829461,-0.988796000000093,-0.361337000000276,-0.6750665000001845
2021-09-07 18:00:00,2724.191382,2723.200837,2723.828017,-0.990545000000111,-0.36336500000015803,-0.6769550000001345
2021-09-07 18:15:00,2724.190215,2723.194824,2723.828877,-0.9953909999999269,-0.3613380000001598,-0.6783645000000433
2021-09-07 18:45:00,2724.191382,2723.200841,2723.827601,-0.9905410000001211,-0.36378100000001723,-0.6771610000000692
2021-09-07 19:15:00,2724.190995,2723.20441,2723.828662,-0.9865850000001046,-0.3623330000000351,-0.6744590000000699
2021-09-07 19:30:00,2724.190805,2723.19484,2723.828194,-0.9959650000000693,-0.36261100000001534,-0.6792880000000423
2021-09-07 19:45:00,2724.190222,2723.198213,2723.828027,-0.9920090000000528,-0.36219500000015614,-0.6771020000001045
2021-09-07 20:00:00,2724.190998,2723.199884,2723.830253,-0.991113999999925,-0.3607449999999517,-0.6759294999999383
2021-09-07 20:15:00,2724.189639,2723.199104,2723.82989,-0.9905350000003637,-0.3597490000001926,-0.6751420000002781
2021-09-07 20:30:00,2724.189832,2723.198257,2723.829387,-0.9915750000000116,-0.3604449999997996,-0.6760099999999056
2021-09-07 21:00:00,2724.191388,2723.203492,2723.829601,-0.9878960000000916,-0.36178700000027675,-0.6748415000001842
2021-09-07 21:15:00,2724.189835,2723.197094,2723.829797,-0.9927410000000236,-0.36003800000025876,-0.6763895000001412
2021-09-07 21:30:00,2724.190812,2723.198964,2723.830473,-0.9918479999996634,-0.36033899999983987,-0.6760934999997517
2021-09-07 21:45:00,2724.192561,2723.202917,2723.830194,-0.989643999999771,-0.3623669999997219,-0.6760054999997465
2021-09-07 22:00:00,2724.191978,2723.200131,2723.831361,-0.9918469999997797,-0.3606169999998201,-0.6762319999997999
2021-09-07 22:15:00,2724.190812,2723.205562,2723.829162,-0.9852499999997235,-0.36164999999982683,-0.6734499999997752
2021-09-07 22:30:00,2724.192561,2723.198966,2723.829441,-0.9935949999999139,-0.3631199999999808,-0.6783574999999473
2021-09-07 22:45:00,2724.192561,2723.203361,2723.831607,-0.9891999999999825,-0.3609539999997651,-0.6750769999998738
2021-09-07 23:00:00,2724.192171,2723.202971,2723.831218,-0.9891999999999825,-0.36095300000033603,-0.6750765000001593
2021-09-07 23:15:00,2724.193141,2723.201753,2723.830438,-0.9913880000003701,-0.3627030000002378,-0.677045500000304
2021-09-07 23:30:00,2724.191781,2723.199938,2723.830828,-0.9918429999997898,-0.3609529999998813,-0.6763979999998355
2021-09-07 23:45:00,2724.191588,2723.199746,2723.832082,-0.9918420000003607,-0.3595060000002377,-0.6756740000002992
2021-09-08 00:00:00,2724.193134,2723.198821,2723.83044,-0.9943130000001474,-0.36269399999991947,-0.6785035000000335
2021-09-08 00:45:00,2724.190808,2723.200136,2723.829273,-0.9906719999999041,-0.3615350000000035,-0.6761034999999538
2021-09-08 01:00:00,2724.190802,2723.200442,2723.829858,-0.990360000000237,-0.3609440000000177,-0.6756520000001274
2021-09-08 01:15:00,2724.194884,2723.195145,2723.832607,-0.9997389999998632,-0.3622770000001765,-0.6810080000000198
2021-09-08 01:30:00,2724.193717,2723.204507,2723.832775,-0.9892100000001847,-0.3609420000002501,-0.6750760000002174
2021-09-08 01:45:00,2724.193134,2723.203922,2723.83219,-0.9892119999999522,-0.3609440000000177,-0.675077999999985
2021-09-08 02:00:00,2724.191968,2723.204087,2723.831023,-0.9878810000000158,-0.3609449999999015,-0.6744129999999586
2021-09-08 03:00:00,2724.191392,2723.206143,2723.832024,-0.9852490000002945,-0.35936800000035873,-0.6723085000003266
2021-09-08 03:45:00,2724.192551,2723.204668,2723.831191,-0.9878830000002381,-0.3613599999998769,-0.6746215000000575
2021-09-08 04:00:00,2724.191392,2723.206141,2723.829024,-0.985251000000062,-0.3623680000000604,-0.6738095000000612
2021-09-08 04:45:00,2724.193134,2723.203498,2723.831472,-0.989636000000246,-0.3616620000002513,-0.6756490000002486
2021-09-08 05:00:00,2724.193134,2723.201294,2723.831078,-0.9918400000001384,-0.36205599999993865,-0.6769480000000385
2021-09-08 05:30:00,2724.192551,2723.202911,2723.830193,-0.9896400000002359,-0.36235800000031304,-0.6759990000002745
2021-09-08 05:45:00,2724.193134,2723.203495,2723.831194,-0.9896389999998974,-0.3619400000002315,-0.6757895000000644
2021-09-08 06:00:00,2724.193717,2723.202743,2723.831777,-0.9909740000002785,-0.3619400000002315,-0.676457000000255
2021-09-08 06:15:00,2724.192161,2723.202935,2723.828356,-0.9892260000001443,-0.36380499999995664,-0.6765155000000505
2021-09-08 06:30:00,2724.191382,2723.199535,2723.830773,-0.9918469999997797,-0.3606089999998403,-0.67622799999981
2021-09-08 07:00:00,2724.193131,2723.203903,2723.829326,-0.9892279999999118,-0.36380499999995664,-0.6765164999999342
2021-09-08 07:15:00,2724.194297,2723.207271,2723.83208,-0.987025999999787,-0.3622169999998732,-0.6746214999998301
2021-09-08 07:30:00,2724.192548,2723.203772,2723.83033,-0.9887760000001435,-0.36221800000021176,-0.6754970000001776
2021-09-08 07:45:00,2724.193131,2723.204794,2723.831934,-0.988336999999774,-0.36119700000017474,-0.6747669999999744
2021-09-08 08:00:00,2724.193914,2723.202202,2723.831964,-0.9917120000000068,-0.3619499999999789,-0.6768309999999929
2021-09-08 08:15:00,2724.193141,2723.201428,2723.832941,-0.9917130000003453,-0.3602000000000771,-0.6759565000002112
2021-09-08 08:30:00,2724.192558,2723.204796,2723.83019,-0.9877620000002025,-0.3623680000000604,-0.6750650000001315
2021-09-08 08:45:00,2724.192361,2723.204599,2723.830131,-0.9877619999997478,-0.3622299999997267,-0.6749959999997373
2021-09-08 09:00:00,2724.191968,2723.202001,2723.831071,-0.9899669999999787,-0.36089700000002267,-0.6754320000000007
2021-09-08 09:15:00,2724.192551,2723.200834,2723.832489,-0.9917169999998805,-0.36006200000019817,-0.6758895000000393
2021-09-08 09:30:00,2724.192551,2723.200831,2723.830321,-0.9917199999999866,-0.36223000000018146,-0.676975000000084
2021-09-08 09:45:00,2724.191581,2723.205565,2723.829351,-0.9860159999998359,-0.36223000000018146,-0.6741230000000087
2021-09-08 10:00:00,2724.193141,2723.199669,2723.829161,-0.9934720000001107,-0.36398000000008324,-0.678726000000097
2021-09-08 10:15:00,2724.190808,2723.201729,2723.830745,-0.989078999999947,-0.3600629999996272,-0.6745709999997871
2021-09-08 10:30:00,2724.190612,2723.205045,2723.827964,-0.985566999999719,-0.36264799999980823,-0.6741074999997636
2021-09-08 10:45:00,2724.192165,2723.200439,2723.831685,-0.9917259999997441,-0.36047999999982494,-0.6761029999997845
2021-09-08 11:00:00,2724.189642,2723.199667,2723.828746,-0.9899749999999585,-0.36089599999968414,-0.6754354999998213
2021-09-08 11:15:00,2724.191778,2723.200052,2723.828112,-0.9917259999997441,-0.36366599999973914,-0.6776959999997416
2021-09-08 11:30:00,2724.190998,2723.196628,2723.82761,-0.9943699999998898,-0.36338800000021365,-0.6788790000000517
2021-09-08 12:00:00,2724.191965,2723.200966,2723.827998,-0.9909990000001017,-0.363966999999775,-0.6774829999999383
2021-09-08 12:15:00,2724.193131,2723.202133,2723.828748,-0.9909980000002179,-0.36438300000008894,-0.6776905000001534
2021-09-08 12:30:00,2724.191771,2723.19682,2723.829553,-0.9949509999996735,-0.362217999999757,-0.6785844999997153
2021-09-08 12:45:00,2724.191385,2723.200386,2723.828412,-0.9909990000001017,-0.36297300000023824,-0.67698600000017
2021-09-08 13:00:00,2724.192551,2723.203757,2723.829138,-0.9887939999998707,-0.36341300000003685,-0.6761034999999538
2021-09-08 13:15:00,2724.193524,2723.199629,2723.828385,-0.9938949999996112,-0.3651389999999992,-0.6795169999998052
2021-09-08 13:30:00,2724.194304,2723.204365,2723.828332,-0.9899390000000494,-0.36597200000005614,-0.6779555000000528
2021-09-08 13:45:00,2724.190812,2723.198933,2723.828026,-0.9918789999996989,-0.3627859999996872,-0.677332499999693
2021-09-08 14:00:00,2724.193144,2723.199957,2723.830498,-0.9931870000000345,-0.36264600000004066,-0.6779165000000376
2021-09-08 14:15:00,2724.195477,2723.200102,2723.827049,-0.995375000000422,-0.3684280000002218,-0.6819015000003219
2021-09-08 14:30:00,2724.193144,2723.201724,2723.826466,-0.9914199999998345,-0.3666779999998653,-0.6790489999998499
2021-09-08 14:45:00,2724.192561,2723.194982,2723.827609,-0.9975789999998597,-0.3649519999999029,-0.6812654999998813
2021-09-08 15:00:00,2724.191781,2723.198158,2723.827131,-0.9936229999998432,-0.36464999999998327,-0.6791364999999132
2021-09-08 15:15:00,2724.191971,2723.202303,2723.827737,-0.9896680000001652,-0.36423400000012407,-0.6769510000001446
2021-09-08 15:30:00,2724.193134,2723.200243,2723.827905,-0.992891000000327,-0.36522899999999936,-0.6790600000001632
2021-09-08 15:45:00,2724.192551,2723.19966,2723.825885,-0.9928909999998723,-0.3666659999998956,-0.6797784999998839
2021-09-08 16:00:00,2724.191385,2723.199536,2723.827579,-0.991849000000002,-0.36380600000029517,-0.6778275000001486
2021-09-08 16:15:00,2724.191775,2723.198142,2723.82783,-0.9936329999995905,-0.36394499999960317,-0.6787889999995969
2021-09-08 16:30:00,2724.193138,2723.199091,2723.827027,-0.9940470000001369,-0.36611100000027363,-0.6800790000002053
2021-09-08 17:00:00,2724.189635,2723.200711,2723.826442,-0.9889240000002246,-0.36319300000013754,-0.6760585000001811
2021-09-08 17:30:00,2724.193721,2723.197928,2723.823994,-0.9957930000000488,-0.36972700000023906,-0.6827600000001439
2021-09-08 17:45:00,2724.189052,2723.199679,2723.826161,-0.9893730000003416,-0.3628910000002179,-0.6761320000002797
2021-09-08 18:00:00,2724.190222,2723.201884,2723.828305,-0.9883380000001125,-0.3619170000001759,-0.6751275000001442
2021-09-08 18:15:00,2724.191971,2723.19793,2723.82644,-0.9940410000003794,-0.36553100000037375,-0.6797860000003766
2021-09-08 18:30:00,2724.191971,2723.199681,2723.82761,-0.9922900000001391,-0.36436100000037186,-0.6783255000002555
2021-09-08 19:00:00,2724.189056,2723.194563,2723.826859,-0.9944930000001477,-0.36219700000037847,-0.6783450000002631
2021-09-08 19:15:00,2724.189639,2723.197352,2723.825277,-0.992287000000033,-0.36436200000025565,-0.6783245000001443
2021-09-08 19:30:00,2724.190222,2723.20014,2723.82411,-0.9900820000002568,-0.3661120000001574,-0.6780970000002071
2021-09-08 20:00:00,2724.190998,2723.194761,2723.82636,-0.9962369999998373,-0.36463800000001356,-0.6804374999999254
2021-09-08 20:15:00,2724.191968,2723.200141,2723.82558,-0.9918270000002849,-0.36638799999991534,-0.6791075000001001
2021-09-08 20:30:00,2724.190802,2723.201142,2723.828016,-0.9896600000001854,-0.36278600000014194,-0.6762230000001637
2021-09-08 20:45:00,2724.189832,2723.200462,2723.828518,-0.9893700000002354,-0.3613140000002204,-0.6753420000002279
2021-09-08 21:00:00,2724.190229,2723.200583,2723.827745,-0.9896459999999934,-0.36248399999976755,-0.6760649999998805
2021-09-08 21:15:00,2724.190812,2723.195461,2723.826161,-0.9953510000000279,-0.36465099999986705,-0.6800009999999475
2021-09-08 21:30:00,2724.189062,2723.197214,2723.826994,-0.9918480000001182,-0.36206799999990835,-0.6769580000000133
2021-09-08 22:15:00,2724.190812,2723.20117,2723.826578,-0.9896420000000035,-0.3642339999996693,-0.6769379999998364
2021-09-08 22:30:00,2724.192171,2723.198578,2723.829107,-0.9935930000001463,-0.3630640000001222,-0.6783285000001342
2021-09-08 22:45:00,2724.191781,2723.198188,2723.826134,-0.9935930000001463,-0.3656470000000809,-0.6796200000001136
2021-09-08 23:15:00,2724.192558,2723.203373,2723.827328,-0.9891850000003615,-0.3652300000003379,-0.6772075000003497
2021-09-08 23:30:00,2724.192551,2723.200003,2723.828328,-0.9925480000001698,-0.36422300000003816,-0.678385500000104
2021-09-09 00:00:00,2724.191975,2723.201026,2723.828635,-0.9909490000000005,-0.36334000000033484,-0.6771445000001677
2021-09-09 00:15:00,2724.192558,2723.205565,2723.829495,-0.986992999999984,-0.3630630000002384,-0.6750280000001112
2021-09-09 00:30:00,2724.191392,2723.197802,2723.828051,-0.9935900000000402,-0.36334100000021863,-0.6784655000001294
2021-09-09 01:30:00,2724.193141,2723.199552,2723.829801,-0.9935890000001564,-0.36334000000033484,-0.6784645000002456
2021-09-09 01:45:00,2724.191392,2723.204398,2723.830077,-0.9869940000003226,-0.3613150000001042,-0.6741545000002134
2021-09-09 02:00:00,2724.191968,2723.201609,2723.826911,-0.9903589999998985,-0.36505699999997887,-0.6777079999999387
2021-09-09 02:30:00,2724.191781,2723.198189,2723.828301,-0.9935919999998077,-0.3634799999999814,-0.6785359999998946
2021-09-09 02:45:00,2724.193721,2723.198969,2723.829081,-0.9947520000000623,-0.3646400000002359,-0.6796960000001491
2021-09-09 03:30:00,2724.193141,2723.199549,2723.826023,-0.9935920000002625,-0.3671180000001186,-0.6803550000001906
2021-09-09 04:00:00,2724.193531,2723.198628,2723.828579,-0.9949029999997947,-0.3649519999999029,-0.6799274999998488
2021-09-09 04:15:00,2724.192561,2723.198967,2723.829359,-0.9935940000000301,-0.36320200000000114,-0.6783980000000156
2021-09-09 04:30:00,2724.193331,2723.204734,2723.826803,-0.988597000000027,-0.3665280000000166,-0.6775625000000218
2021-09-09 04:45:00,2724.190032,2723.198186,2723.826551,-0.9918459999998959,-0.36348099999986516,-0.6776634999998805
2021-09-09 05:15:00,2724.193144,2723.197346,2723.827498,-0.9957979999999225,-0.36564599999974234,-0.6807219999998324
2021-09-09 05:30:00,2724.193338,2723.197537,2723.830274,-0.9958010000000286,-0.3630640000001222,-0.6794325000000754
2021-09-09 05:45:00,2724.193141,2723.199544,2723.827911,-0.9935970000001362,-0.3652300000003379,-0.679413500000237
2021-09-09 06:30:00,2724.194894,2723.201295,2723.829665,-0.9935990000003585,-0.36522899999999936,-0.6794140000001789
2021-09-09 06:45:00,2724.194497,2723.201928,2723.829858,-0.9925690000000031,-0.36463899999989735,-0.6786039999999502
2021-09-09 07:15:00,2724.194884,2723.197338,2723.830662,-0.9975460000000567,-0.36422200000015437,-0.6808840000001055
2021-09-09 07:30:00,2724.192551,2723.196477,2723.828327,-0.9960740000001351,-0.36422399999992194,-0.6801490000000285
2021-09-09 08:00:00,2724.192551,2723.198955,2723.829776,-0.9935960000002524,-0.362775000000056,-0.6781855000001542
2021-09-09 08:15:00,2724.192161,2723.196361,2723.829386,-0.9958000000001448,-0.362775000000056,-0.6792875000001004
2021-09-09 08:30:00,2724.191771,2723.198172,2723.82872,-0.9935989999999038,-0.36305099999981394,-0.6783249999998588
2021-09-09 08:45:00,2724.194301,2723.203322,2723.829083,-0.9909790000001522,-0.36521799999991345,-0.6780985000000328
2021-09-09 09:00:00,2724.195467,2723.200533,2723.830388,-0.9949339999998301,-0.3650790000001507,-0.6800064999999904
2021-09-09 09:15:00,2724.193328,2723.197977,2723.828248,-0.9953510000000279,-0.3650800000000345,-0.6802155000000312
2021-09-09 09:45:00,2724.193717,2723.199815,2723.825302,-0.9939020000001619,-0.36841499999991356,-0.6811585000000377
2021-09-09 10:00:00,2724.191965,2723.20098,2723.827301,-0.9909849999999096,-0.3646640000001753,-0.6778245000000425
2021-09-09 10:15:00,2724.193717,2723.200252,2723.82858,-0.9934650000000147,-0.36513700000023164,-0.6793010000001232
2021-09-09 11:00:00,2724.191771,2723.200782,2723.826553,-0.9909889999998995,-0.36521799999991345,-0.6781034999999065
2021-09-09 11:15:00,2724.189635,2723.200395,2723.826166,-0.9892400000003363,-0.3634690000003502,-0.6763545000003433
2021-09-09 11:30:00,2724.190802,2723.201143,2723.826301,-0.9896590000003016,-0.3645010000000184,-0.67708000000016
2021-09-09 11:45:00,2724.190802,2723.194707,2723.826577,-0.9960949999999684,-0.3642250000002605,-0.6801600000001145
2021-09-09 12:00:00,2724.193134,2723.199246,2723.824718,-0.9938879999999699,-0.3684160000002521,-0.681152000000111
2021-09-09 12:30:00,2724.191971,2723.193234,2723.824132,-0.9987370000003466,-0.3678390000000036,-0.6832880000001751
2021-09-09 12:45:00,2724.191978,2723.199248,2723.822078,-0.9927299999999377,-0.3698999999996886,-0.6813149999998132
2021-09-09 13:00:00,2724.191978,2723.198355,2723.8278,-0.9936229999998432,-0.3641779999998107,-0.6789004999998269
2021-09-09 13:15:00,2724.190032,2723.190251,2723.825436,-0.9997809999999845,-0.36459599999989223,-0.6821884999999384
2021-09-09 13:30:00,2724.191585,2723.197963,2723.824861,-0.9936219999999594,-0.3667239999999765,-0.6801729999999679
2021-09-09 13:45:00,2724.190612,2723.197718,2723.823945,-0.9928939999999784,-0.36666699999977936,-0.6797804999998789
2021-09-09 14:00:00,2724.191968,2723.197325,2723.823413,-0.9946429999999964,-0.36855500000001484,-0.6815990000000056
2021-09-09 14:15:00,2724.189635,2723.19425,2723.823246,-0.9953850000001694,-0.3663890000002539,-0.6808870000002116
2021-09-09 15:00:00,2724.191192,2723.199763,2723.824688,-0.9914289999996981,-0.36650399999962247,-0.6789664999996603
2021-09-09 15:15:00,2724.192554,2723.196301,2723.826469,-0.9962530000002516,-0.3660850000001119,-0.6811690000001818
2021-09-09 15:30:00,2724.190802,2723.195719,2723.823301,-0.9950830000002497,-0.3675010000001748,-0.6812920000002123
2021-09-09 15:45:00,2724.191775,2723.196255,2723.821352,-0.9955199999999422,-0.37042299999984607,-0.6829714999998941
2021-09-09 16:15:00,2724.189639,2723.198073,2723.823411,-0.991566000000148,-0.3662280000003193,-0.6788970000002337
2021-09-09 16:30:00,2724.188473,2723.194702,2723.821966,-0.993771000000379,-0.3665070000001833,-0.6801390000002812
2021-09-09 16:45:00,2724.189639,2723.195593,2723.821244,-0.9940460000002531,-0.36839499999996406,-0.6812205000001086
2021-09-09 17:00:00,2724.189639,2723.193228,2723.822994,-0.9964110000000801,-0.3666450000000623,-0.6815280000000712
2021-09-09 17:15:00,2724.187306,2723.192646,2723.822827,-0.9946599999998398,-0.36447899999984656,-0.6795694999998432
2021-09-09 17:30:00,2724.186723,2723.197929,2723.821827,-0.9887939999998707,-0.36489599999958955,-0.6768449999997301
2021-09-09 17:45:00,2724.187889,2723.197347,2723.821661,-0.9905420000000049,-0.36622799999986455,-0.6783849999999347
2021-09-09 18:00:00,2724.187889,2723.19691,2723.82194,-0.9909789999996974,-0.3659490000000005,-0.678463999999849
2021-09-09 18:15:00,2724.189639,2723.195145,2723.821975,-0.9944940000000315,-0.3676640000003317,-0.6810790000001816
2021-09-09 19:00:00,2724.190222,2723.200416,2723.823299,-0.9898060000000442,-0.3669230000000425,-0.6783645000000433
2021-09-09 19:15:00,2724.188473,2723.20042,2723.821411,-0.9880530000000363,-0.36706200000026,-0.6775575000001481
2021-09-09 20:00:00,2724.1875,2723.195496,2723.825188,-0.9920040000001791,-0.3623120000002018,-0.6771580000001904
2021-09-09 20:15:00,2724.187303,2723.195301,2723.822824,-0.9920019999999568,-0.3644790000003013,-0.678240500000129
2021-09-09 20:30:00,2724.190222,2723.199694,2723.825468,-0.9905280000002676,-0.36475400000017544,-0.6776410000002215
2021-09-09 20:45:00,2724.190805,2723.198528,2723.823885,-0.9922770000002856,-0.36692000000039116,-0.6795985000003384
2021-09-09 21:00:00,2724.191581,2723.200177,2723.822911,-0.9914039999998749,-0.3686699999998382,-0.6800369999998566
2021-09-09 21:15:00,2724.190219,2723.19399,2723.824132,-0.9962289999998575,-0.3660869999998795,-0.6811579999998685
2021-09-09 21:30:00,2724.189052,2723.193115,2723.823996,-0.99593700000014,-0.3650560000000951,-0.6804965000001175
2021-09-09 21:45:00,2724.190802,2723.194575,2723.823718,-0.9962270000000899,-0.3670839999999771,-0.6816555000000335
2021-09-09 22:45:00,2724.191388,2723.199109,2723.824885,-0.9922790000000532,-0.3665030000001934,-0.6793910000001233
2021-09-09 23:00:00,2724.189052,2723.195449,2723.821968,-0.9936030000003484,-0.3670839999999771,-0.6803435000001627
2021-09-09 23:15:00,2724.189835,2723.195353,2723.825499,-0.9944820000000618,-0.3643360000000939,-0.6794090000000779
2021-09-09 23:30:00,2724.188279,2723.198921,2723.825528,-0.989357999999811,-0.3627510000001166,-0.6760544999999638
2021-09-09 23:45:00,2724.192168,2723.197688,2723.827518,-0.9944799999998395,-0.36464999999998327,-0.6795649999999114
2021-09-10 00:00:00,2724.190615,2723.196135,2723.827715,-0.9944799999998395,-0.3629000000000815,-0.6786899999999605
2021-09-10 00:15:00,2724.190415,2723.195355,2723.826935,-0.9950600000001941,-0.3634799999999814,-0.6792700000000877
2021-09-10 00:30:00,2724.190225,2723.195165,2723.825309,-0.9950599999997394,-0.3649159999999938,-0.6799879999998666
2021-09-10 01:00:00,2724.190812,2723.201179,2723.825141,-0.9896329999996851,-0.3656710000000203,-0.6776519999998527
2021-09-10 01:15:00,2724.190812,2723.197226,2723.824725,-0.9935860000000503,-0.3660869999998795,-0.6798364999999649
2021-09-10 01:30:00,2724.191395,2723.201761,2723.827162,-0.9896340000000237,-0.36423299999978553,-0.6769334999999046
2021-09-10 02:00:00,2724.191395,2723.199118,2723.826745,-0.9922769999998309,-0.36464999999998327,-0.6784634999999071
2021-09-10 02:15:00,2724.190229,2723.195748,2723.826308,-0.9944809999997233,-0.36392099999966376,-0.6792009999996935
2021-09-10 02:45:00,2724.190812,2723.198533,2723.825744,-0.9922789999995985,-0.36506799999961004,-0.6786734999996042
2021-09-10 03:15:00,2724.192561,2723.198973,2723.829361,-0.9935879999998178,-0.3631999999997788,-0.6783939999997983
2021-09-10 03:30:00,2724.193727,2723.20014,2723.828523,-0.993586999999934,-0.3652039999997214,-0.6793954999998277
2021-09-10 03:45:00,2724.192171,2723.194629,2723.824799,-0.9975420000000668,-0.36737200000015946,-0.6824570000001131
2021-09-10 04:00:00,2724.189059,2723.199862,2723.825879,-0.9891969999998764,-0.3631799999998293,-0.6761884999998529
2021-09-10 04:15:00,2724.193134,2723.198386,2723.827463,-0.9947480000000724,-0.3656710000000203,-0.6802095000000463
2021-09-10 04:30:00,2724.193141,2723.202193,2723.82863,-0.9909480000001167,-0.3645110000002205,-0.6777295000001686
2021-09-10 04:45:00,2724.192558,2723.198967,2723.829494,-0.9935910000003787,-0.3630640000001222,-0.6783275000002504
2021-09-10 05:00:00,2724.193134,2723.198383,2723.827463,-0.9947510000001785,-0.3656710000000203,-0.6802110000000994
2021-09-10 05:15:00,2724.192558,2723.201168,2723.828046,-0.9913900000001377,-0.3645120000001043,-0.677951000000121
2021-09-10 06:00:00,2724.191968,2723.206432,2723.827052,-0.9855360000001383,-0.3649159999999938,-0.675226000000066
2021-09-10 06:15:00,2724.192161,2723.196371,2723.827246,-0.9957899999999427,-0.36491500000011,-0.6803525000000263
2021-09-10 06:30:00,2724.191382,2723.202165,2723.826048,-0.9892169999998259,-0.3653340000000753,-0.6772754999999506
2021-09-10 07:00:00,2724.194884,2723.204951,2723.829215,-0.9899329999998372,-0.36566899999979796,-0.6778009999998176
2021-09-10 07:15:00,2724.191382,2723.200414,2723.825907,-0.9909680000000662,-0.3654750000000604,-0.6782215000000633
2021-09-10 07:30:00,2724.190995,2723.200026,2723.8258,-0.99096899999995,-0.36519499999985783,-0.6780819999999039
2021-09-10 07:45:00,2724.19489,2723.19969,2723.824331,-0.9952000000002954,-0.3705590000004122,-0.6828795000003538
2021-09-10 08:00:00,2724.191392,2723.197487,2723.826196,-0.993905000000268,-0.36519600000019636,-0.6795505000002322
2021-09-10 08:15:00,2724.192558,2723.198212,2723.825196,-0.9943460000004052,-0.3673620000004121,-0.6808540000004086
2021-09-10 08:30:00,2724.192558,2723.1969,2723.828196,-0.9956580000002759,-0.36436200000025565,-0.6800100000002658
2021-09-10 09:00:00,2724.189642,2723.195291,2723.822696,-0.9943509999998241,-0.3669459999996434,-0.6806484999997338
2021-09-10 09:30:00,2724.190808,2723.197348,2723.82428,-0.9934599999996863,-0.3665280000000166,-0.6799939999998514
2021-09-10 09:45:00,2724.191392,2723.198382,2723.82455,-0.9930100000001403,-0.3668420000003607,-0.6799260000002505
2021-09-10 10:00:00,2724.189059,2723.199551,2723.824244,-0.9895079999996597,-0.36481499999990774,-0.6771614999997837
2021-09-10 10:15:00,2724.189642,2723.202336,2723.825245,-0.9873059999999896,-0.3643969999998262,-0.6758514999999079
2021-09-10 10:30:00,2724.188476,2723.196759,2723.823383,-0.9917169999998805,-0.365092999999888,-0.6784049999998842
2021-09-10 10:45:00,2724.189642,2723.193974,2723.824133,-0.9956680000000233,-0.3655089999997472,-0.6805884999998852
2021-09-10 11:00:00,2724.192361,2723.19494,2723.824084,-0.9974210000000312,-0.3682770000000346,-0.6828490000000329
2021-09-10 11:15:00,2724.192551,2723.199083,2723.826024,-0.9934680000001208,-0.36652700000013283,-0.6799975000001268
2021-09-10 11:30:00,2724.190998,2723.194886,2723.824332,-0.9961119999998118,-0.3666659999998956,-0.6813889999998537
2021-09-10 11:45:00,2724.188859,2723.193916,2723.822945,-0.9949429999996937,-0.3659139999999752,-0.6804284999998345
2021-09-10 12:00:00,2724.191965,2723.197474,2723.824719,-0.9944909999999254,-0.36724599999979546,-0.6808684999998604
2021-09-10 12:15:00,2724.188856,2723.199337,2723.825387,-0.9895190000002003,-0.3634690000003502,-0.6764940000002753
2021-09-10 12:30:00,2724.192161,2723.199421,2723.825912,-0.9927400000001398,-0.3662490000001526,-0.6794945000001462
2021-09-10 12:45:00,2724.191771,2723.197885,2723.825799,-0.9938859999997476,-0.3659719999996014,-0.6799289999996745
2021-09-10 13:00:00,2724.190615,2723.197887,2723.826497,-0.9927280000001701,-0.3641179999999622,-0.6784230000000662
2021-09-10 13:15:00,2724.189839,2723.198862,2723.827471,-0.9909769999999298,-0.3623680000000604,-0.6766724999999951
2021-09-10 13:30:00,2724.191198,2723.198472,2723.826801,-0.9927259999999478,-0.3643969999998262,-0.678561499999887
2021-09-10 13:45:00,2724.191978,2723.200562,2723.826749,-0.9914159999998446,-0.36522899999999936,-0.678322499999922
2021-09-10 14:00:00,2724.191978,2723.196609,2723.824998,-0.995368999999755,-0.3669799999997849,-0.68117449999977
2021-09-10 14:15:00,2724.192561,2723.199396,2723.82761,-0.9931649999998626,-0.3649510000000191,-0.6790579999999409
2021-09-10 14:30:00,2724.191781,2723.200366,2723.827549,-0.9914149999999609,-0.36423199999990175,-0.6778234999999313
2021-09-10 14:45:00,2724.192554,2723.196294,2723.8286,-0.9962600000003476,-0.36395400000037625,-0.680107000000362
2021-09-10 15:00:00,2724.190802,2723.201126,2723.825851,-0.989676000000145,-0.3649510000000191,-0.6773135000000821
2021-09-10 15:15:00,2724.190802,2723.195712,2723.826581,-0.995089999999891,-0.3642210000002706,-0.6796555000000808
2021-09-10 15:30:00,2724.190025,2723.193775,2723.824933,-0.9962499999996908,-0.3650920000000042,-0.6806709999998475
2021-09-10 15:45:00,2724.191971,2723.200129,2723.825861,-0.9918420000003607,-0.36611000000038985,-0.6789760000003753
2021-09-10 16:00:00,2724.190805,2723.196761,2723.826445,-0.9940440000000308,-0.3643600000000333,-0.6792020000000321
2021-09-10 16:30:00,2724.190612,2723.197878,2723.826529,-0.9927339999999276,-0.3640829999999369,-0.6784084999999322
2021-09-10 16:45:00,2724.189832,2723.198268,2723.825169,-0.9915639999999257,-0.36466299999983676,-0.6781134999998812
2021-09-10 17:00:00,2724.189442,2723.193925,2723.824362,-0.9955169999998361,-0.3650800000000345,-0.6802984999999353
2021-09-10 17:15:00,2724.190415,2723.201057,2723.825752,-0.989357999999811,-0.36466299999983676,-0.6770104999998239
2021-09-10 17:30:00,2724.191388,2723.198659,2723.825856,-0.9927290000000539,-0.36553200000025754,-0.6791305000001557
2021-09-10 17:45:00,2724.188276,2723.203312,2723.824945,-0.9849639999997635,-0.3633310000000165,-0.67414749999989
2021-09-10 18:00:00,2724.192751,2723.202668,2723.826502,-0.9900830000001406,-0.3662490000001526,-0.6781660000001466
2021-09-10 18:15:00,2724.191971,2723.199245,2723.825444,-0.9927260000004026,-0.36652700000013283,-0.6796265000002677
2021-09-10 18:30:00,2724.191388,2723.198663,2723.825139,-0.992725000000064,-0.3662490000001526,-0.6794870000001083
2021-09-10 18:45:00,2724.190805,2723.19808,2723.824555,-0.992725000000064,-0.3662500000000364,-0.6794875000000502
2021-09-10 19:30:00,2724.188473,2723.199868,2723.824389,-0.9886050000000068,-0.3640840000002754,-0.6763445000001411
2021-09-10 19:45:00,2724.187303,2723.200146,2723.823972,-0.9871570000000247,-0.3633310000000165,-0.6752440000000206
2021-09-10 20:00:00,2724.189832,2723.199756,2723.823304,-0.9900760000000446,-0.3665280000000166,-0.6783020000000306
2021-09-10 20:15:00,2724.189052,2723.198525,2723.824691,-0.9905270000003839,-0.36436100000037186,-0.6774440000003779
2021-09-10 20:45:00,2724.190219,2723.198814,2723.823377,-0.9914050000002135,-0.36684199999990597,-0.6791235000000597
2021-09-10 21:00:00,2724.188666,2723.193597,2723.823714,-0.9950690000000577,-0.3649519999999029,-0.6800104999999803
2021-09-10 21:15:00,2724.188476,2723.19605,2723.82569,-0.9924259999997957,-0.3627859999996872,-0.6776059999997415
2021-09-10 21:30:00,2724.187313,2723.195028,2723.822941,-0.9922849999998107,-0.364372000000003,-0.6783284999999069
2021-09-10 21:45:00,2724.189062,2723.195031,2723.822662,-0.9940309999997226,-0.36639999999988504,-0.6802154999998038
2021-09-10 22:00:00,2724.187313,2723.197674,2723.824389,-0.9896389999998974,-0.3629240000000209,-0.6762814999999591
2021-09-10 22:15:00,2724.189645,2723.191659,2723.82394,-0.9979859999998553,-0.36570499999970707,-0.6818454999997812
2021-09-10 22:30:00,2724.187893,2723.198986,2723.822524,-0.9889069999999265,-0.3653689999996459,-0.6771379999997862
2021-09-10 22:45:00,2724.187893,2723.196783,2723.823357,-0.9911099999999351,-0.36453599999958897,-0.677822999999762
2021-09-10 23:00:00,2724.188479,2723.198843,2723.825973,-0.9896359999997912,-0.3625059999999394,-0.6760709999998653
2021-09-11 00:15:00,2724.185564,2723.192832,2723.824111,-0.9927319999997053,-0.36145299999998315,-0.6770924999998442
2021-09-11 01:30:00,2724.187896,2723.198263,2723.824972,-0.9896329999996851,-0.3629240000000209,-0.676278499999853
2021-09-11 01:45:00,2724.188479,2723.196202,2723.824108,-0.9922769999998309,-0.36437100000011924,-0.6783239999999751
2021-09-11 02:00:00,2724.187896,2723.197821,2723.823245,-0.990074999999706,-0.36465099999986705,-0.6773629999997866
2021-09-11 02:15:00,2724.190812,2723.196785,2723.823995,-0.9940269999997327,-0.366816999999628,-0.6804219999996803
2021-09-11 02:30:00,2724.189645,2723.198261,2723.824578,-0.9913839999999254,-0.36506699999972625,-0.6782254999998258
2021-09-11 03:15:00,2724.189645,2723.197367,2723.827163,-0.9922779999997147,-0.36248199999999997,-0.6773799999998573
2021-09-11 03:45:00,2724.192948,2723.19892,2723.826132,-0.9940280000000712,-0.36681599999974424,-0.6804219999999077
2021-09-11 04:00:00,2724.192751,2723.194768,2723.826352,-0.9979830000002039,-0.36639900000000125,-0.6821910000001026
2021-09-11 04:15:00,2724.189645,2723.198827,2723.824995,-0.9908179999997628,-0.36464999999998327,-0.677733999999873
2021-09-11 04:30:00,2724.190812,2723.202485,2723.823578,-0.9883270000000266,-0.36723399999982576,-0.6777804999999262
2021-09-11 04:45:00,2724.190812,2723.198532,2723.825745,-0.992279999999937,-0.36506699999972625,-0.6786734999998316
2021-09-11 05:15:00,2724.191978,2723.202342,2723.827329,-0.9896359999997912,-0.36464899999964473,-0.677142499999718
2021-09-11 05:30:00,2724.191978,2723.197948,2723.827028,-0.9940299999998388,-0.3649499999996806,-0.6794899999997597
2021-09-11 05:45:00,2724.192561,2723.199422,2723.825444,-0.9931389999997009,-0.3671169999997801,-0.6801279999997405
2021-09-11 06:00:00,2724.193144,2723.197362,2723.826028,-0.9957819999999629,-0.3671159999998963,-0.6814489999999296
2021-09-11 06:15:00,2724.192561,2723.19999,2723.825467,-0.9925709999997707,-0.3670939999997245,-0.6798324999997476
2021-09-11 06:30:00,2724.192561,2723.202631,2723.826915,-0.9899299999997311,-0.36564599999974234,-0.6777879999997367
2021-09-11 06:45:00,2724.190229,2723.197201,2723.826332,-0.9930279999998675,-0.36389699999972436,-0.6784624999997959
2021-09-11 07:00:00,2724.192561,2723.200881,2723.825165,-0.9916799999996329,-0.3673959999996441,-0.6795379999996385
2021-09-11 07:15:00,2724.190812,2723.199418,2723.827194,-0.9913939999996728,-0.36361799999986033,-0.6775059999997666
2021-09-11 07:30:00,2724.190422,2723.196825,2723.82722,-0.9935970000001362,-0.36320200000000114,-0.6783995000000687
2021-09-11 07:45:00,2724.193141,2723.199998,2723.82644,-0.9931430000001455,-0.36670100000037564,-0.6799220000002606
2021-09-11 08:00:00,2724.192558,2723.197209,2723.827608,-0.9953490000002603,-0.36495000000013533,-0.6801495000001978
2021-09-11 08:15:00,2724.191968,2723.193254,2723.825579,-0.998714000000291,-0.3663890000002539,-0.6825515000002724
2021-09-11 08:30:00,2724.190802,2723.198243,2723.82586,-0.9925590000002558,-0.36494200000015553,-0.6787505000002056
2021-09-11 08:45:00,2724.193717,2723.198098,2723.824861,-0.9956190000002607,-0.3688560000000507,-0.6822375000001557
2021-09-11 09:45:00,2724.193911,2723.202241,2723.825194,-0.9916699999998855,-0.3687169999998332,-0.6801934999998593
2021-09-11 10:00:00,2724.190798,2723.196923,2723.824108,-0.9938750000001164,-0.36669000000028973,-0.6802825000002031
2021-09-11 10:15:00,2724.191382,2723.19428,2723.825107,-0.9971019999998134,-0.3662749999998596,-0.6816884999998365
2021-09-11 10:30:00,2724.190215,2723.193113,2723.821105,-0.9971020000002682,-0.36911000000009153,-0.6831060000001798
2021-09-11 10:45:00,2724.188466,2723.197937,2723.819353,-0.9905290000001514,-0.36911300000019764,-0.6798210000001745
2021-09-11 11:15:00,2724.191382,2723.194278,2723.822687,-0.9971040000000357,-0.3686950000001161,-0.6828995000000759
2021-09-11 11:30:00,2724.190022,2723.196138,2723.82091,-0.9938840000004348,-0.36911200000031386,-0.6814980000003743
2021-09-11 11:45:00,2724.189246,2723.197111,2723.82258,-0.992134999999962,-0.3666659999998956,-0.6794004999999288
2021-09-11 12:00:00,2724.189632,2723.193545,2723.820382,-0.9960869999999886,-0.3692500000001928,-0.6826685000000907
2021-09-11 12:15:00,2724.190605,2723.191874,2723.823244,-0.9987309999996796,-0.3673609999996188,-0.6830459999996492
2021-09-11 12:30:00,2724.192941,2723.192461,2723.821942,-1.0004799999996976,-0.37099899999975605,-0.6857394999997268
2021-09-11 12:45:00,2724.191395,2723.196027,2723.822967,-0.9953679999998712,-0.36842799999976705,-0.6818979999998191
2021-09-11 13:00:00,2724.191588,2723.19447,2723.822106,-0.9971180000002278,-0.3694820000000618,-0.6833000000001448
2021-09-11 13:15:00,2724.188866,2723.190855,2723.82141,-0.9980110000001332,-0.3674559999999474,-0.6827335000000403
2021-09-11 13:30:00,2724.191395,2723.189431,2723.823246,-1.0019640000000436,-0.368148999999903,-0.6850564999999733
2021-09-11 13:45:00,2724.190029,2723.19539,2723.821613,-0.9946390000000065,-0.36841599999979735,-0.6815274999999019
2021-09-11 14:00:00,2724.190222,2723.193673,2723.820219,-0.996548999999959,-0.370002999999997,-0.683275999999978
2021-09-11 14:15:00,2724.190219,2723.190884,2723.819498,-0.9993349999999737,-0.37072100000023056,-0.6850280000001021
2021-09-11 14:30:00,2724.189442,2723.188799,2723.820471,-1.0006429999998545,-0.36897099999987404,-0.6848069999998643
2021-09-11 14:45:00,2724.190805,2723.192367,2723.821495,-0.9984380000000783,-0.3693100000000413,-0.6838740000000598
2021-09-11 15:00:00,2724.190222,2723.195738,2723.820774,-0.9944840000002841,-0.36944800000037503,-0.6819660000003296
2021-09-11 15:15:00,2724.187303,2723.191785,2723.820078,-0.9955180000001747,-0.36722499999996217,-0.6813715000000684
2021-09-11 15:45:00,2724.18672,2723.188556,2723.819496,-0.998164000000088,-0.3672240000000784,-0.6826940000000832
2021-09-11 16:00:00,2724.188859,2723.191592,2723.819886,-0.9972669999997379,-0.3689729999996416,-0.6831199999996898
2021-09-11 16:15:00,2724.190998,2723.191089,2723.820855,-0.9999090000001161,-0.37014300000009825,-0.6850260000001072
2021-09-11 16:30:00,2724.187693,2723.192177,2723.821165,-0.9955159999999523,-0.3665280000000166,-0.6810219999999845
2021-09-11 16:45:00,2724.188473,2723.191787,2723.821945,-0.9966859999999542,-0.3665280000000166,-0.6816069999999854
2021-09-11 17:00:00,2724.187306,2723.192371,2723.820778,-0.9949349999997139,-0.3665280000000166,-0.6807314999998653
2021-09-11 17:15:00,2724.186723,2723.192065,2723.821528,-0.9946579999996175,-0.36519499999985783,-0.6799264999997376
2021-09-11 17:30:00,2724.187306,2723.18842,2723.822528,-0.9988859999998567,-0.3647779999996601,-0.6818319999997584
2021-09-11 17:45:00,2724.190222,2723.189587,2723.821807,-1.0006350000003295,-0.3684150000003683,-0.6845250000003489
2021-09-11 18:15:00,2724.189639,2723.192961,2723.823806,-0.9966779999999744,-0.3658330000002934,-0.6812555000001339
2021-09-11 18:30:00,2724.186723,2723.195749,2723.82264,-0.9909739999998237,-0.3640829999999369,-0.6775284999998803
2021-09-11 19:45:00,2724.188473,2723.195754,2723.824112,-0.9927190000003066,-0.36436100000037186,-0.6785400000003392
2021-09-11 20:00:00,2724.188083,2723.193161,2723.823305,-0.9949219999998604,-0.36477800000011484,-0.6798499999999876
2021-09-11 20:30:00,2724.189249,2723.19433,2723.822304,-0.994919000000209,-0.36694500000021435,-0.6809320000002117
2021-09-11 20:45:00,2724.188469,2723.1984,2723.821941,-0.9900689999999486,-0.3665280000000166,-0.6782984999999826
2021-09-11 21:00:00,2724.187303,2723.191075,2723.822525,-0.9962279999999737,-0.36477800000011484,-0.6805030000000443
2021-09-11 21:15:00,2724.189052,2723.19503,2723.823961,-0.9940220000003137,-0.3650910000001204,-0.6795565000002171
2021-09-11 21:30:00,2724.186333,2723.194478,2723.822715,-0.9918550000002142,-0.3636180000003151,-0.6777365000002646
2021-09-11 21:45:00,2724.18478,2723.192509,2723.820328,-0.9922710000000734,-0.3644520000002558,-0.6783615000001646
2021-09-11 22:00:00,2724.187303,2723.191079,2723.820498,-0.9962239999999838,-0.36680500000011307,-0.6815145000000484
2021-09-11 22:15:00,2724.186137,2723.191662,2723.821082,-0.9944749999999658,-0.3650550000002113,-0.6797650000000885
2021-09-11 22:30:00,2724.187303,2723.195035,2723.822249,-0.9922679999999673,-0.3650540000003275,-0.6786610000001474
2021-09-11 22:45:00,2724.189052,2723.197657,2723.821832,-0.9913950000000114,-0.3672200000000885,-0.6793075000000499
2021-09-11 23:00:00,2724.189052,2723.195452,2723.82299,-0.9936000000002423,-0.3660620000000563,-0.6798310000001493
2021-09-11 23:30:00,2724.189635,2723.197823,2723.822832,-0.9918120000002091,-0.3668030000003455,-0.6793075000002773
2021-09-11 23:45:00,2724.188469,2723.198406,2723.821248,-0.9900630000001911,-0.36722099999997226,-0.6786420000000817
2021-09-12 00:00:00,2724.186137,2723.191225,2723.820665,-0.994912000000113,-0.3654719999999543,-0.6801920000000337
2021-09-12 00:15:00,2724.189442,2723.192783,2723.818883,-0.9966589999999087,-0.37055899999995745,-0.6836089999999331
2021-09-12 00:30:00,2724.189832,2723.193173,2723.821138,-0.9966589999999087,-0.36869400000023234,-0.6826765000000705
2021-09-12 01:00:00,2724.188473,2723.193562,2723.820835,-0.9949110000002293,-0.36763800000017,-0.6812745000001996
2021-09-12 01:15:00,2724.189056,2723.194147,2723.822111,-0.9949090000000069,-0.36694500000021435,-0.6809270000001106
2021-09-12 01:30:00,2724.189639,2723.19473,2723.822694,-0.9949090000000069,-0.36694500000021435,-0.6809270000001106
2021-09-12 01:45:00,2724.189056,2723.19635,2723.824278,-0.9927059999999983,-0.36477800000011484,-0.6787420000000566
2021-09-12 02:15:00,2724.188473,2723.195766,2723.824413,-0.9927070000003368,-0.364060000000336,-0.6783835000003364
2021-09-12 02:30:00,2724.190222,2723.196205,2723.822942,-0.9940169999999853,-0.36728000000039174,-0.6806485000001885
2021-09-12 03:00:00,2724.189056,2723.198098,2723.824556,-0.9909580000003189,-0.3645000000001346,-0.6777290000002267
2021-09-12 03:15:00,2724.189639,2723.198682,2723.824109,-0.9909569999999803,-0.3655300000000352,-0.6782435000000078
2021-09-12 03:30:00,2724.188473,2723.191356,2723.823358,-0.997117000000344,-0.3651150000000598,-0.6811160000002019
2021-09-12 03:45:00,2724.189056,2723.196786,2723.825692,-0.9922700000001896,-0.36336400000027425,-0.6778170000002319
2021-09-12 04:30:00,2724.190805,2723.19414,2723.823941,-0.9966650000001209,-0.3668640000000778,-0.6817645000000994
2021-09-12 04:45:00,2724.191971,2723.199261,2723.82497,-0.9927099999999882,-0.36700100000007296,-0.6798555000000306
2021-09-12 05:00:00,2724.189639,2723.192973,2723.824387,-0.9966660000000047,-0.365252000000055,-0.6809590000000298
2021-09-12 05:15:00,2724.188473,2723.195305,2723.82322,-0.9931679999999687,-0.36525299999993877,-0.6792104999999538
2021-09-12 05:30:00,2724.187886,2723.192388,2723.823803,-0.9954980000002251,-0.3640829999999369,-0.679790500000081
2021-09-12 05:45:00,2724.190222,2723.193553,2723.822803,-0.9966690000001108,-0.3674190000001545,-0.6820440000001327
2021-09-12 06:00:00,2724.189442,2723.198335,2723.82536,-0.991106999999829,-0.3640820000000531,-0.677594499999941
2021-09-12 06:15:00,2724.193527,2723.191154,2723.824777,-1.0023729999998068,-0.36875000000009095,-0.6855614999999489
2021-09-12 06:30:00,2724.187693,2723.190567,2723.822162,-0.9971259999997528,-0.365530999999919,-0.6813284999998359
2021-09-12 06:45:00,2724.191971,2723.193551,2723.825108,-0.9984200000003511,-0.366863000000194,-0.6826415000002726
2021-09-12 07:00:00,2724.193331,2723.19755,2723.825135,-0.9957810000000791,-0.36819599999989805,-0.6819884999999886
2021-09-12 07:15:00,2724.192551,2723.194567,2723.826082,-0.9979840000000877,-0.3664690000000519,-0.6822265000000698
2021-09-12 07:30:00,2724.193717,2723.195732,2723.827387,-0.9979849999999715,-0.36633000000028915,-0.6821575000001303
2021-09-12 07:45:00,2724.193138,2723.198804,2723.825221,-0.9943339999999807,-0.367917000000034,-0.6811255000000074
2021-09-12 08:00:00,2724.191585,2723.195046,2723.825835,-0.9965390000002117,-0.3657499999999345,-0.6811445000000731
2021-09-12 08:15:00,2724.190812,2723.195603,2723.82681,-0.9952089999997042,-0.3640019999998003,-0.6796054999997523
2021-09-12 08:30:00,2724.190615,2723.199779,2723.826614,-0.9908359999999448,-0.36400099999991653,-0.6774184999999306
2021-09-12 08:45:00,2724.190222,2723.197631,2723.82622,-0.992591000000175,-0.36400200000025507,-0.678296500000215
2021-09-12 09:15:00,2724.191002,2723.194039,2723.82525,-0.9969630000000507,-0.36575200000015684,-0.6813575000001038
2021-09-12 09:30:00,2724.190812,2723.196467,2723.824468,-0.9943449999996119,-0.3663440000000264,-0.6803444999998192
2021-09-12 09:45:00,2724.190812,2723.195007,2723.823727,-0.9958050000000185,-0.3670849999998609,-0.6814449999999397
2021-09-12 10:00:00,2724.189062,2723.196465,2723.827331,-0.9925969999999325,-0.3617309999999634,-0.6771639999999479
2021-09-12 10:15:00,2724.190229,2723.190466,2723.823885,-0.9997629999998026,-0.3663440000000264,-0.6830534999999145
2021-09-12 10:30:00,2724.190229,2723.192668,2723.822413,-0.9975609999996777,-0.36781599999994796,-0.6826884999998128
2021-09-12 10:45:00,2724.187313,2723.19296,2723.823413,-0.9943530000000464,-0.36389999999983047,-0.6791264999999385
2021-09-12 11:00:00,2724.187896,2723.193543,2723.823719,-0.9943530000000464,-0.3641769999999269,-0.6792649999999867
2021-09-12 11:15:00,2724.191395,2723.197496,2723.825469,-0.9938990000000558,-0.3659259999999449,-0.6799125000000004
2021-09-12 11:30:00,2724.190229,2723.191922,2723.826052,-0.9983069999998406,-0.3641769999999269,-0.6812419999998838
2021-09-12 11:45:00,2724.188283,2723.191725,2723.8218,-0.9965579999998226,-0.36648299999978917,-0.6815204999998059
2021-09-12 12:00:00,2724.190419,2723.193442,2723.823937,-0.9969770000002427,-0.3664819999999054,-0.681729500000074
2021-09-12 12:15:00,2724.187696,2723.185731,2723.822384,-1.0019649999999274,-0.3653119999999035,-0.6836384999999154
2021-09-12 12:30:00,2724.188469,2723.188707,2723.821721,-0.9997620000003735,-0.36674800000037067,-0.6832550000003721
2021-09-12 12:45:00,2724.190802,2723.193244,2723.822582,-0.9975580000000264,-0.3682200000002922,-0.6828890000001593
2021-09-12 13:00:00,2724.190025,2723.194217,2723.824249,-0.9958079999996698,-0.36577600000009625,-0.680791999999883
2021-09-12 13:15:00,2724.191388,2723.192938,2723.823169,-0.998450000000048,-0.3682190000004084,-0.6833345000002282
2021-09-12 13:30:00,2724.188473,2723.190022,2723.821586,-0.9984509999999318,-0.3668870000001334,-0.6826690000000326
2021-09-12 13:45:00,2724.189639,2723.189439,2723.820887,-1.0001999999999498,-0.3687520000003133,-0.6844760000001315
2021-09-12 14:00:00,2724.190025,2723.191576,2723.820693,-0.9984489999997095,-0.3693319999997584,-0.683890499999734
2021-09-12 14:15:00,2724.1875,2723.186846,2723.820194,-1.0006539999999404,-0.3673060000000987,-0.6839800000000196
2021-09-12 14:30:00,2724.18711,2723.188659,2723.820522,-0.9984509999999318,-0.36658799999986513,-0.6825194999998985
2021-09-12 14:45:00,2724.189056,2723.192812,2723.820581,-0.996244000000388,-0.3684750000002168,-0.6823595000003024
2021-09-12 15:00:00,2724.187313,2723.191356,2723.821748,-0.9959570000000895,-0.36556500000006054,-0.680761000000075
2021-09-12 15:15:00,2724.186533,2723.194532,2723.821281,-0.992001000000073,-0.365252000000055,-0.678626500000064
2021-09-12 15:30:00,2724.18614,2723.19341,2723.822637,-0.9927299999999377,-0.36350299999958224,-0.67811649999976
2021-09-12 15:45:00,2724.187696,2723.18779,2723.82139,-0.99990600000001,-0.366305999999895,-0.6831059999999525
2021-09-12 16:00:00,2724.189642,2723.193415,2723.82117,-0.9962269999996352,-0.36847199999965596,-0.6823494999996456
2021-09-12 16:15:00,2724.184974,2723.186832,2723.81797,-0.9981419999999162,-0.36700399999972433,-0.6825729999998202
2021-09-12 16:30:00,2724.18614,2723.190189,2723.820169,-0.9959509999998772,-0.3659709999997176,-0.6809609999997974
2021-09-12 16:45:00,2724.187306,2723.187403,2723.820304,-0.9999029999999038,-0.36700199999995675,-0.6834524999999303
2021-09-12 17:00:00,2724.183807,2723.185654,2723.818555,-0.9981530000000021,-0.365252000000055,-0.6817025000000285
2021-09-12 17:15:00,2724.184584,2723.186433,2723.818914,-0.9981510000002345,-0.3656700000001365,-0.6819105000001855
2021-09-12 17:30:00,2724.184974,2723.189606,2723.819582,-0.9953679999998712,-0.3653919999997015,-0.6803799999997864
2021-09-12 17:45:00,2724.184391,2723.18682,2723.818999,-0.9975709999998799,-0.3653919999997015,-0.6814814999997907
2021-09-12 18:00:00,2724.184197,2723.188832,2723.817358,-0.9953650000002199,-0.3668390000002546,-0.6811020000002372
2021-09-12 18:45:00,2724.186726,2723.186973,2723.821336,-0.9997530000000552,-0.36538999999993393,-0.6825714999999946
2021-09-12 19:00:00,2724.18614,2723.19151,2723.822336,-0.9946299999996882,-0.3638039999996181,-0.6792169999996531
2021-09-12 19:15:00,2724.185557,2723.187414,2723.821753,-0.9981429999997999,-0.3638039999996181,-0.680973499999709
2021-09-12 19:30:00,2724.18731,2723.191513,2723.821919,-0.9957969999995839,-0.3653909999998177,-0.6805939999997008
2021-09-12 20:00:00,2724.185753,2723.194351,2723.82253,-0.9914020000001074,-0.3632230000002892,-0.6773125000001983
2021-09-12 20:15:00,2724.186723,2723.189167,2723.82175,-0.997555999999804,-0.3649729999997362,-0.6812644999997701
2021-09-12 20:45:00,2724.187889,2723.189314,2723.821304,-0.9985749999996187,-0.366584999999759,-0.6825799999996889
2021-09-12 21:00:00,2724.186723,2723.188149,2723.818273,-0.998573999999735,-0.3684499999999389,-0.6835119999998369
2021-09-12 21:15:00,2724.186723,2723.192544,2723.821888,-0.9941789999998036,-0.36483499999985725,-0.6795069999998304
2021-09-12 21:30:00,2724.189246,2723.192157,2723.822937,-0.9970889999999599,-0.3663090000000011,-0.6816989999999805
2021-09-12 21:45:00,2724.18711,2723.187819,2723.822134,-0.99929099999963,-0.3649759999998423,-0.6821334999997362
2021-09-12 22:00:00,2724.186723,2723.190794,2723.822167,-0.9959289999997054,-0.3645559999999932,-0.6802424999998493
2021-09-12 22:15:00,2724.186723,2723.194751,2723.82,-0.9919719999998051,-0.366722999999638,-0.6793474999997215
2021-09-12 22:30:00,2724.186723,2723.190798,2723.822584,-0.9959249999997155,-0.3641389999997955,-0.6800319999997555
2021-09-12 23:15:00,2724.188466,2723.191382,2723.823583,-0.9970840000000862,-0.3648830000001908,-0.6809835000001385
2021-09-12 23:30:00,2724.187889,2723.190795,2723.824166,-0.9970939999998336,-0.3637229999999363,-0.680408499999885
2021-09-12 23:45:00,2724.187883,2723.196226,2723.82402,-0.991657000000032,-0.3638630000000376,-0.6777600000000348
2021-09-13 00:15:00,2724.189049,2723.189485,2723.822277,-0.9995640000001913,-0.3667719999998553,-0.6831680000000233
2021-09-13 00:30:00,2724.189056,2723.194608,2723.825333,-0.994448000000375,-0.36372300000039104,-0.679085500000383
2021-09-13 00:45:00,2724.187306,2723.191383,2723.823167,-0.9959229999999479,-0.3641389999997955,-0.6800309999998717
2021-09-13 01:15:00,2724.186723,2723.192273,2723.82111,-0.9944499999996879,-0.36561299999993935,-0.6800314999998136
2021-09-13 01:30:00,2724.185557,2723.196809,2723.82211,-0.9887479999997595,-0.36344699999972363,-0.6760974999997416
2021-09-13 01:45:00,2724.186723,2723.193583,2723.825443,-0.9931399999995847,-0.3612799999996241,-0.6772099999996044
2021-09-13 02:00:00,2724.186723,2723.19138,2723.825027,-0.9953429999995933,-0.36169599999993807,-0.6785194999997657
2021-09-13 02:15:00,2724.187306,2723.191963,2723.823443,-0.9953429999995933,-0.3638629999995828,-0.6796029999995881
2021-09-13 02:30:00,2724.188473,2723.194021,2723.821411,-0.9944520000003649,-0.36706200000026,-0.6807570000003125
2021-09-13 02:45:00,2724.187113,2723.187815,2723.821801,-0.9992980000001808,-0.3653119999999035,-0.6823050000000421
2021-09-13 03:30:00,2724.186143,2723.190796,2723.82228,-0.995347000000038,-0.3638630000000376,-0.6796050000000378
2021-09-13 03:45:00,2724.18731,2723.194167,2723.824165,-0.9931429999996908,-0.363144999999804,-0.6781439999997474
2021-09-13 04:00:00,2724.189642,2723.196499,2723.827946,-0.9931429999996908,-0.36169599999993807,-0.6774194999998144
2021-09-13 04:15:00,2724.189059,2723.195914,2723.825476,-0.9931449999999131,-0.363582999999835,-0.6783639999998741
2021-09-13 04:45:00,2724.187113,2723.192494,2723.82325,-0.994619000000057,-0.3638630000000376,-0.6792410000000473
2021-09-13 05:00:00,2724.188672,2723.195087,2723.82364,-0.9935850000001665,-0.3650320000001557,-0.6793085000001611
2021-09-13 05:15:00,2724.186723,2723.188148,2723.82286,-0.9985749999996187,-0.3638629999995828,-0.6812189999996008
2021-09-13 05:30:00,2724.187113,2723.194695,2723.822833,-0.992417999999816,-0.36427999999978056,-0.6783489999997983
2021-09-13 06:00:00,2724.189252,2723.188926,2723.823223,-1.0003260000003138,-0.3660290000002533,-0.6831775000002835
2021-09-13 06:15:00,2724.189642,2723.192097,2723.82286,-0.9975449999997181,-0.3667819999996027,-0.6821634999996604
2021-09-13 06:30:00,2724.191392,2723.189894,2723.822443,-1.0014980000000833,-0.36894900000015696,-0.6852235000001201
2021-09-13 07:15:00,2724.186143,2723.192985,2723.820831,-0.9931579999997666,-0.3653119999999035,-0.679234999999835
2021-09-13 07:30:00,2724.187503,2723.18995,2723.822608,-0.9975530000001527,-0.3648950000001605,-0.6812240000001566
2021-09-13 07:45:00,2724.188473,2723.18961,2723.822107,-0.9988630000002559,-0.36636600000019826,-0.682614500000227
2021-09-13 08:00:00,2724.190222,2723.189608,2723.824273,-1.0006140000000414,-0.3659490000000005,-0.683281500000021
2021-09-13 08:15:00,2724.188473,2723.193561,2723.823995,-0.994912000000113,-0.3644779999999628,-0.6796950000000379
2021-09-13 08:45:00,2724.190612,2723.193949,2723.824385,-0.9966629999998986,-0.36622699999998076,-0.6814449999999397
2021-09-13 09:00:00,2724.188669,2723.195957,2723.820136,-0.9927120000002105,-0.36853300000029776,-0.6806225000002541
2021-09-13 09:15:00,2724.187306,2723.192389,2723.823106,-0.9949169999999867,-0.36419999999998254,-0.6795584999999846
2021-09-13 09:30:00,2724.189639,2723.192971,2723.82369,-0.996668000000227,-0.3659490000000005,-0.6813085000001138
2021-09-13 09:45:00,2724.188473,2723.194447,2723.822245,-0.9940260000003036,-0.3662280000003193,-0.6801270000003115
2021-09-13 10:15:00,2724.188473,2723.194445,2723.823693,-0.9940280000000712,-0.36478000000033717,-0.6794040000002042
2021-09-13 10:30:00,2724.188473,2723.194003,2723.822523,-0.9944700000000921,-0.36595000000033906,-0.6802100000002156
2021-09-13 10:45:00,2724.187696,2723.192771,2723.81958,-0.9949249999999665,-0.36811600000010003,-0.6815205000000333
2021-09-13 11:00:00,2724.190225,2723.189598,2723.822805,-1.000626999999895,-0.36742000000003827,-0.6840234999999666
2021-09-13 11:15:00,2724.18731,2723.192382,2723.82311,-0.9949279999996179,-0.36419999999998254,-0.6795639999998002
2021-09-13 11:30:00,2724.188476,2723.190616,2723.82036,-0.997859999999946,-0.3681159999996453,-0.6829879999997956
2021-09-13 11:45:00,2724.187306,2723.19457,2723.822109,-0.9927359999996952,-0.3651969999996254,-0.6789664999996603
2021-09-13 12:00:00,2724.188473,2723.193986,2723.823555,-0.9944869999999355,-0.3649180000002161,-0.6797025000000758
2021-09-13 12:15:00,2724.188862,2723.188218,2723.820051,-1.000644000000193,-0.36881099999982325,-0.6847275000000081
2021-09-13 12:45:00,2724.184977,2723.191784,2723.819943,-0.9931929999997919,-0.36503399999992325,-0.6791134999998576
2021-09-13 13:00:00,2724.18653,2723.188967,2723.821169,-0.9975629999999001,-0.36536100000012084,-0.6814620000000104
2021-09-13 13:15:00,2724.187303,2723.191945,2723.820379,-0.9953580000001239,-0.36692400000038106,-0.6811410000002525
2021-09-13 13:30:00,2724.18672,2723.188719,2723.81938,-0.9980009999999311,-0.36734000000024025,-0.6826705000000857
2021-09-13 13:45:00,2724.186133,2723.193258,2723.820693,-0.9928750000003674,-0.36544000000003507,-0.6791575000002013
2021-09-13 14:00:00,2724.184774,2723.191898,2723.819612,-0.9928759999997965,-0.36516200000005483,-0.6790189999999257
2021-09-13 14:15:00,2724.187886,2723.187103,2723.817359,-1.0007829999999558,-0.37052700000003824,-0.685654999999997
2021-09-13 14:30:00,2724.18672,2723.186518,2723.817942,-1.0002020000001721,-0.36877800000002026,-0.6844900000000962
2021-09-13 14:45:00,2724.187893,2723.19326,2723.820555,-0.9946329999997943,-0.36733800000001793,-0.6809854999999061
2021-09-13 15:00:00,2724.186143,2723.189307,2723.820972,-0.9968359999998029,-0.3651709999999184,-0.6810034999998607
2021-09-13 15:15:00,2724.184784,2723.1919,2723.817445,-0.992884000000231,-0.3673389999999017,-0.6801115000000664
2021-09-13 15:30:00,2724.18498,2723.191227,2723.819668,-0.9937530000001971,-0.3653119999999035,-0.6795325000000503
2021-09-13 15:45:00,2724.187116,2723.18941,2723.82119,-0.9977060000001075,-0.3659259999999449,-0.6818160000000262
2021-09-13 16:00:00,2724.184974,2723.191221,2723.820796,-0.9937529999997423,-0.3641779999998107,-0.6789654999997765
2021-09-13 16:15:00,2724.184387,2723.190056,2723.819212,-0.9943309999998746,-0.3651749999999083,-0.6797529999998915
2021-09-13 16:30:00,2724.186137,2723.191806,2723.823409,-0.9943310000003294,-0.362728000000061,-0.6785295000001952
2021-09-13 16:45:00,2724.187303,2723.191803,2723.822408,-0.9954999999999927,-0.3648950000001605,-0.6801975000000766
2021-09-13 17:15:00,2724.187303,2723.19401,2723.820658,-0.9932929999999942,-0.3666450000000623,-0.6799690000000282
2021-09-13 17:30:00,2724.18672,2723.193427,2723.821546,-0.9932929999999942,-0.36517400000002453,-0.6792335000000094
2021-09-13 17:45:00,2724.186137,2723.192845,2723.821242,-0.9932920000001104,-0.3648950000001605,-0.6790935000001355
2021-09-13 18:15:00,2724.185554,2723.194014,2723.819963,-0.9915399999999863,-0.36559100000022227,-0.6785655000001043
2021-09-13 19:00:00,2724.186137,2723.188442,2723.821242,-0.9976950000000215,-0.3648950000001605,-0.681295000000091
2021-09-13 19:30:00,2724.187693,2723.192205,2723.821048,-0.995488000000023,-0.3666450000000623,-0.6810665000000427
2021-09-13 19:45:00,2724.188083,2723.189952,2723.823605,-0.9981309999998302,-0.3644779999999628,-0.6813044999998965
2021-09-13 20:00:00,2724.18672,2723.195188,2723.823992,-0.9915320000000065,-0.362728000000061,-0.6771300000000338
2021-09-13 20:15:00,2724.186723,2723.186114,2723.822825,-1.000608999999713,-0.36389799999960815,-0.6822534999996606
2021-09-13 20:30:00,2724.18614,2723.189762,2723.822242,-0.9963779999998224,-0.36389799999960815,-0.6801379999997152
2021-09-13 20:45:00,2724.186723,2723.19124,2723.822546,-0.9954829999996946,-0.3641769999999269,-0.6798299999998108
2021-09-13 21:00:00,2724.184584,2723.188067,2723.823025,-0.9965170000000398,-0.3615589999999429,-0.6790379999999914
2021-09-13 21:15:00,2724.187313,2723.191832,2723.823251,-0.995480999999927,-0.3640620000001036,-0.6797715000000153
2021-09-13 22:00:00,2724.189062,2723.191834,2723.825003,-0.9972279999997227,-0.36405899999999747,-0.6806434999998601
2021-09-13 22:30:00,2724.188479,2723.19167,2723.824002,-0.9968089999997574,-0.364477000000079,-0.6806429999999182
2021-09-13 23:00:00,2724.186923,2723.187495,2723.822862,-0.9994280000000799,-0.3640610000002198,-0.6817445000001499
2021-09-13 23:15:00,2724.186533,2723.189308,2723.822055,-0.9972250000000713,-0.3644779999999628,-0.680851500000017
2021-09-13 23:30:00,2724.187313,2723.194458,2723.821502,-0.9928549999999632,-0.36581100000012157,-0.6793330000000424
2021-09-14 00:00:00,2724.187313,2723.190088,2723.823668,-0.9972250000000713,-0.36364499999990585,-0.6804349999999886
2021-09-14 00:15:00,2724.187896,2723.192874,2723.822364,-0.9950220000000627,-0.3655319999998028,-0.6802769999999327
2021-09-14 00:30:00,2724.187313,2723.192291,2723.82353,-0.9950220000000627,-0.3637829999997848,-0.6794024999999237
2021-09-14 00:45:00,2724.187896,2723.186718,2723.820498,-1.0011779999999817,-0.36739799999986644,-0.6842879999999241
2021-09-14 01:00:00,2724.189062,2723.189635,2723.821665,-0.9994269999997414,-0.36739699999998265,-0.683411999999862
2021-09-14 01:30:00,2724.185564,2723.191838,2723.823809,-0.9937259999996968,-0.3617549999999028,-0.6777404999997998
2021-09-14 01:45:00,2724.187313,2723.194041,2723.819915,-0.9932719999997062,-0.36739799999986644,-0.6803349999997863
2021-09-14 02:15:00,2724.187699,2723.190474,2723.822747,-0.9972250000000713,-0.3649519999999029,-0.6810884999999871
2021-09-14 02:30:00,2724.186723,2723.192558,2723.823937,-0.9941649999996116,-0.3627859999996872,-0.6784754999996494
2021-09-14 02:45:00,2724.188473,2723.192998,2723.82352,-0.9954750000001695,-0.36495300000024145,-0.6802140000002055
2021-09-14 03:30:00,2724.188473,2723.188603,2723.825385,-0.9998700000001008,-0.3630880000000616,-0.6814790000000812
2021-09-14 04:00:00,2724.187306,2723.18698,2723.82452,-1.000325999999859,-0.3627859999996872,-0.6815559999997731
2021-09-14 04:15:00,2724.187889,2723.19241,2723.822937,-0.9954789999997047,-0.3649519999999029,-0.6802154999998038
2021-09-14 04:30:00,2724.188086,2723.189686,2723.821104,-0.9983999999999469,-0.36698200000000725,-0.6826909999999771
2021-09-14 04:45:00,2724.18595,2723.190469,2723.820717,-0.995480999999927,-0.36523299999998926,-0.6803569999999581
2021-09-14 05:00:00,2724.187306,2723.186978,2723.822074,-1.0003279999996266,-0.3652319999996507,-0.6827799999996387
2021-09-14 05:15:00,2724.189639,2723.192406,2723.824825,-0.9972330000000511,-0.36481400000002395,-0.6810235000000375
2021-09-14 05:30:00,2724.188473,2723.195192,2723.823658,-0.9932810000000245,-0.3648150000003625,-0.6790480000001935
2021-09-14 05:45:00,2724.189835,2723.189959,2723.825021,-0.9998760000003131,-0.36481400000002395,-0.6823450000001685
2021-09-14 06:00:00,2724.190812,2723.189626,2723.825697,-1.0011859999999615,-0.36511499999960506,-0.6831504999997833
2021-09-14 06:15:00,2724.189062,2723.189623,2723.825001,-0.9994389999997111,-0.36406099999976504,-0.6817499999997381
2021-09-14 06:45:00,2724.190229,2723.193409,2723.826864,-0.9968199999998433,-0.3633649999997033,-0.6800924999997733
2021-09-14 07:00:00,2724.188089,2723.19522,2723.826612,-0.9928690000001552,-0.3614770000003773,-0.6771730000002663
2021-09-14 07:15:00,2724.189052,2723.191069,2723.823831,-0.9979830000002039,-0.36522100000001956,-0.6816020000001117
2021-09-14 07:30:00,2724.190219,2723.188281,2723.825415,-1.0019379999998819,-0.3648040000002766,-0.6833710000000792
2021-09-14 08:15:00,2724.191388,2723.195603,2723.827004,-0.995785000000069,-0.36438399999997273,-0.6800845000000209
2021-09-14 08:30:00,2724.187303,2723.190482,2723.826114,-0.9968210000001818,-0.36118900000019494,-0.6790050000001884
2021-09-14 08:45:00,2724.189635,2723.195017,2723.826421,-0.9946180000001732,-0.36321399999997084,-0.678916000000072
2021-09-14 09:00:00,2724.188469,2723.191647,2723.824838,-0.9968220000000656,-0.36363100000016857,-0.6802265000001171
2021-09-14 09:15:00,2724.188662,2723.191561,2723.82503,-0.9971009999999296,-0.36363200000005236,-0.680366499999991
2021-09-14 09:30:00,2724.18555,2723.187553,2723.822193,-0.9979969999999412,-0.36335700000017823,-0.6806770000000597
2021-09-14 09:45:00,2724.184384,2723.189029,2723.822501,-0.9953550000000178,-0.36188300000003437,-0.6786190000000261
2021-09-14 10:00:00,2724.184384,2723.186386,2723.823194,-0.9979980000002797,-0.3611900000000787,-0.6795940000001792
2021-09-14 10:15:00,2724.186523,2723.189419,2723.824,-0.9971040000000357,-0.36252299999978277,-0.6798134999999093
2021-09-14 10:30:00,2724.188473,2723.190196,2723.821921,-0.9982770000001437,-0.366551999999956,-0.6824145000000499
2021-09-14 10:45:00,2724.186137,2723.190779,2723.82467,-0.9953580000001239,-0.3614670000001752,-0.6784125000001495
2021-09-14 11:00:00,2724.188469,2723.188718,2723.823781,-0.9997510000002876,-0.3646880000001147,-0.6822195000002012
2021-09-14 11:15:00,2724.187496,2723.18627,2723.820941,-1.0012259999998605,-0.36655500000006214,-0.6838904999999613
2021-09-14 11:30:00,2724.186523,2723.186769,2723.823167,-0.999753999999939,-0.3633559999998397,-0.6815549999998893
2021-09-14 11:45:00,2724.187886,2723.188132,2723.824531,-0.999753999999939,-0.3633549999999559,-0.6815544999999474
2021-09-14 12:00:00,2724.188469,2723.188716,2723.825114,-0.9997530000000552,-0.3633549999999559,-0.6815540000000055
2021-09-14 12:15:00,2724.186137,2723.185965,2723.819581,-1.0001720000000205,-0.3665559999999459,-0.6833639999999832
2021-09-14 12:30:00,2724.189052,2723.187549,2723.822498,-1.001502999999957,-0.36655400000017835,-0.6840285000000677
2021-09-14 12:45:00,2724.188276,2723.188105,2723.819833,-1.000170999999682,-0.36844299999984287,-0.6843069999997624
2021-09-14 13:00:00,2724.189249,2723.187328,2723.820806,-1.0019210000000385,-0.36844299999984287,-0.6851819999999407
2021-09-14 13:15:00,2724.18595,2723.185188,2723.819384,-1.0007620000001225,-0.36656600000014805,-0.6836640000001353
2021-09-14 13:45:00,2724.186723,2723.186542,2723.82002,-1.000180999999884,-0.3667029999996885,-0.6834419999997863
2021-09-14 14:00:00,2724.187306,2723.19108,2723.820603,-0.9962259999997514,-0.3667029999996885,-0.6814644999997199
2021-09-14 14:15:00,2724.186137,2723.187127,2723.822353,-0.9990099999999984,-0.36378400000012334,-0.6813970000000609
2021-09-14 14:30:00,2724.185554,2723.190057,2723.81988,-0.9954970000003414,-0.3656740000001264,-0.6805855000002339
2021-09-14 14:45:00,2724.187886,2723.188437,2723.821193,-0.999449000000368,-0.3666929999999411,-0.6830710000001545
2021-09-14 15:00:00,2724.18672,2723.186818,2723.8215,-0.99990200000002,-0.36522000000013577,-0.6825610000000779
2021-09-14 15:15:00,2724.18536,2723.189866,2723.821437,-0.9954939999997805,-0.3639229999998861,-0.6797084999998333
2021-09-14 15:30:00,2724.186723,2723.189026,2723.82178,-0.9976969999997891,-0.36494299999958457,-0.6813199999996868
2021-09-14 15:45:00,2724.184387,2723.189612,2723.822363,-0.9947749999996631,-0.3620239999995647,-0.6783994999996139
2021-09-14 16:00:00,2724.18536,2723.189426,2723.822167,-0.9959340000000338,-0.36319300000013754,-0.6795635000000857
2021-09-14 16:15:00,2724.182834,2723.186899,2723.821089,-0.9959350000003724,-0.3617450000001554,-0.6788400000002639
2021-09-14 16:30:00,2724.186723,2723.187871,2723.820332,-0.9988519999997152,-0.36639100000002145,-0.6826214999998683
2021-09-14 16:45:00,2724.184974,2723.18421,2723.82061,-1.00076399999989,-0.3643639999995685,-0.6825639999997293
2021-09-14 17:00:00,2724.183028,2723.187388,2723.819138,-0.995640000000094,-0.3638900000000831,-0.6797650000000885
2021-09-14 17:15:00,2724.184974,2723.189046,2723.819614,-0.9959279999998216,-0.3653599999997823,-0.680643999999802
2021-09-14 17:45:00,2724.182638,2723.184508,2723.821193,-0.9981300000004012,-0.36144500000000335,-0.6797875000002023
2021-09-14 18:30:00,2724.185554,2723.185677,2723.822777,-0.9998770000001969,-0.36277700000027835,-0.6813270000002376
2021-09-14 19:15:00,2724.18497,2723.185097,2723.821776,-0.9998729999997522,-0.3631939999995666,-0.6815334999996594
2021-09-14 19:30:00,2724.182641,2723.18584,2723.821475,-0.9968009999997776,-0.3611659999996846,-0.6789834999997311
2021-09-14 19:45:00,2724.183224,2723.187296,2723.82003,-0.9959279999998216,-0.36319400000002133,-0.6795609999999215
2021-09-14 20:00:00,2724.184584,2723.188658,2723.821807,-0.995926000000054,-0.36277700000027835,-0.6793515000001662
2021-09-14 20:30:00,2724.183221,2723.181139,2723.820026,-1.002081999999973,-0.3631949999999051,-0.6826384999999391
2021-09-14 20:45:00,2724.184974,2723.190523,2723.820334,-0.9944509999995716,-0.36463999999978114,-0.6795454999996764
2021-09-14 21:00:00,2724.185167,2723.185729,2723.8218,-0.999438000000282,-0.3633669999999256,-0.6814025000001038
2021-09-14 21:30:00,2724.182648,2723.190388,2723.82161,-0.9922599999999875,-0.36103800000000774,-0.6766489999999976
2021-09-14 22:00:00,2724.18498,2723.184376,2723.822193,-1.0006039999998393,-0.36278700000002573,-0.6816954999999325
2021-09-14 22:15:00,2724.182648,2723.189951,2723.819443,-0.9926970000001347,-0.36320500000010725,-0.677951000000121
2021-09-14 22:30:00,2724.187313,2723.191118,2723.823194,-0.996194999999716,-0.364118999999846,-0.680156999999781
2021-09-14 23:00:00,2724.18595,2723.194148,2723.822885,-0.991802000000007,-0.36306500000000597,-0.6774335000000065
2021-09-14 23:15:00,2724.186337,2723.191893,2723.82355,-0.9944439999999304,-0.36278700000002573,-0.6786154999999781
2021-09-15 00:30:00,2724.18673,2723.188333,2723.824777,-0.9983969999998408,-0.361953000000085,-0.6801749999999629
2021-09-15 00:45:00,2724.186147,2723.187748,2723.824193,-0.9983990000000631,-0.3619539999999688,-0.680176500000016
2021-09-15 01:15:00,2724.185564,2723.191558,2723.825637,-0.9940059999998994,-0.3599269999999706,-0.676966499999935
2021-09-15 01:30:00,2724.18498,2723.190536,2723.823302,-0.9944439999999304,-0.3616780000002109,-0.6780610000000706
2021-09-15 01:45:00,2724.186147,2723.192594,2723.824886,-0.9935529999997925,-0.36126100000001315,-0.6774069999999028
2021-09-15 02:00:00,2724.187313,2723.189369,2723.82347,-0.9979439999997339,-0.36384300000008807,-0.680893499999911
2021-09-15 02:15:00,2724.185564,2723.189367,2723.822415,-0.9961969999999383,-0.3631489999997939,-0.6796729999998661
2021-09-15 02:30:00,2724.186533,2723.194292,2723.825273,-0.9922409999999218,-0.36126000000012937,-0.6767505000000256
2021-09-15 02:45:00,2724.186723,2723.19448,2723.825047,-0.9922429999996893,-0.36167599999998856,-0.676959499999839
2021-09-15 03:00:00,2724.186723,2723.192276,2723.827213,-0.9944469999995817,-0.35950999999977284,-0.6769784999996773
2021-09-15 03:15:00,2724.185753,2723.19351,2723.827993,-0.9922430000001441,-0.3577600000003258,-0.675001500000235
2021-09-15 03:30:00,2724.18595,2723.193705,2723.826138,-0.9922449999999117,-0.35981200000014724,-0.6760285000000295
2021-09-15 03:45:00,2724.187503,2723.196151,2723.827692,-0.9913520000000062,-0.35981100000026345,-0.6755815000001348
2021-09-15 04:00:00,2724.184397,2723.194794,2723.826335,-0.9896029999999882,-0.3580619999997907,-0.6738324999998895
2021-09-15 04:15:00,2724.188479,2723.195376,2723.830559,-0.9931029999997918,-0.35791999999992186,-0.6755114999998568
2021-09-15 04:30:00,2724.186147,2723.193901,2723.827808,-0.9922459999997955,-0.35833899999988716,-0.6752924999998413
2021-09-15 05:00:00,2724.187306,2723.192588,2723.828225,-0.9947179999999207,-0.3590809999996054,-0.6768994999997631
2021-09-15 05:15:00,2724.189639,2723.197123,2723.828809,-0.9925160000002506,-0.36083000000007814,-0.6766730000001644
2021-09-15 05:30:00,2724.187313,2723.192001,2723.827226,-0.9953120000000126,-0.36008700000002136,-0.677699500000017
2021-09-15 05:45:00,2724.188473,2723.194204,2723.828674,-0.9942690000002585,-0.35979900000029374,-0.6770340000002761
2021-09-15 06:15:00,2724.188473,2723.194479,2723.828257,-0.9939940000003844,-0.36021600000003673,-0.6771050000002106
2021-09-15 06:30:00,2724.191971,2723.194895,2723.830145,-0.9970760000001064,-0.36182600000029197,-0.6794510000001992
2021-09-15 07:00:00,2724.191581,2723.192297,2723.829755,-0.9992839999999887,-0.3618259999998372,-0.680554999999913
2021-09-15 07:45:00,2724.187303,2723.189764,2723.829079,-0.9975389999999607,-0.3582240000000638,-0.6778815000000122
2021-09-15 08:00:00,2724.186913,2723.191122,2723.828272,-0.9957909999998265,-0.3586409999998068,-0.6772159999998166
2021-09-15 08:15:00,2724.186523,2723.188981,2723.826862,-0.9975420000000668,-0.35966099999996004,-0.6786015000000134
2021-09-15 09:00:00,2724.185554,2723.191962,2723.827642,-0.9935920000002625,-0.35791199999994205,-0.6757520000001023
2021-09-15 09:30:00,2724.188662,2723.189366,2723.827252,-0.9992959999999584,-0.361409999999978,-0.6803529999999682
2021-09-15 09:45:00,2724.186133,2723.19079,2723.824304,-0.995343000000048,-0.36182899999994333,-0.6785859999999957
2021-09-15 10:00:00,2724.187689,2723.188392,2723.826278,-0.9992969999998422,-0.3614109999998618,-0.680353999999852
2021-09-15 10:15:00,2724.185554,2723.191958,2723.826309,-0.9935960000002524,-0.35924500000010084,-0.6764205000001766
2021-09-15 10:30:00,2724.187886,2723.194743,2723.826892,-0.9931430000001455,-0.36099400000011883,-0.6770685000001322
2021-09-15 10:45:00,2724.189635,2723.190334,2723.826475,-0.9993010000002869,-0.36316000000033455,-0.6812305000003107
2021-09-15 11:00:00,2724.189052,2723.193704,2723.828338,-0.9953480000003765,-0.360714000000371,-0.6780310000003738
2021-09-15 11:15:00,2724.189052,2723.189749,2723.827921,-0.9993030000000545,-0.361131000000114,-0.6802170000000842
2021-09-15 11:30:00,2724.188469,2723.18875,2723.827337,-0.9997190000003684,-0.3611319999999978,-0.6804255000001831
2021-09-15 11:45:00,2724.187886,2723.188165,2723.825004,-0.999721000000136,-0.3628820000003543,-0.6813015000002451
2021-09-15 12:00:00,2724.190025,2723.186351,2723.827144,-1.0036740000000464,-0.3628810000000158,-0.6832775000000311
2021-09-15 12:15:00,2724.189062,2723.191972,2723.827919,-0.9970899999998437,-0.3611430000000837,-0.6791164999999637
2021-09-15 12:30:00,2724.190032,2723.188989,2723.826722,-1.001042999999754,-0.3633100000001832,-0.6821764999999687
2021-09-15 12:45:00,2724.189835,2723.190102,2723.828692,-0.9997330000001057,-0.3611430000000837,-0.6804380000000947
2021-09-15 13:00:00,2724.18595,2723.184012,2723.824666,-1.0019379999998819,-0.3612840000000688,-0.6816109999999753
2021-09-15 13:15:00,2724.187306,2723.187134,2723.822825,-1.0001720000000205,-0.36448099999961414,-0.6823264999998173
2021-09-15 13:45:00,2724.184777,2723.190733,2723.824965,-0.9940440000000308,-0.35981200000014724,-0.676928000000089
2021-09-15 14:00:00,2724.185557,2723.188893,2723.825607,-0.9966639999997824,-0.35994999999957145,-0.6783069999996769
2021-09-15 14:15:00,2724.186723,2723.190061,2723.823586,-0.9966620000000148,-0.3631369999998242,-0.6798994999999195
2021-09-15 14:30:00,2724.18653,2723.188118,2723.822221,-0.9984119999999166,-0.3643090000000484,-0.6813604999999825
2021-09-15 14:45:00,2724.189056,2723.191375,2723.823751,-0.9976810000002843,-0.3653050000002622,-0.6814930000002732
2021-09-15 15:00:00,2724.186723,2723.190793,2723.825614,-0.9959299999995892,-0.36110899999994217,-0.6785194999997657
2021-09-15 15:15:00,2724.18711,2723.187227,2723.82425,-0.9998829999999543,-0.36285999999972773,-0.681371499999841
2021-09-15 15:30:00,2724.186133,2723.186832,2723.82544,-0.9993010000002869,-0.360693000000083,-0.6799970000001849
2021-09-15 15:45:00,2724.184967,2723.185664,2723.822408,-0.9993030000000545,-0.3625590000001466,-0.6809310000001005
2021-09-15 16:00:00,2724.186133,2723.184629,2723.825302,-1.0015040000002955,-0.36083099999996193,-0.6811675000001287
2021-09-15 16:15:00,2724.185947,2723.190011,2723.823077,-0.9959359999998014,-0.36286999999992986,-0.6794029999998656
2021-09-15 16:30:00,2724.18692,2723.184409,2723.826216,-1.0025110000001405,-0.3607040000001689,-0.6816075000001547
2021-09-15 16:45:00,2724.185364,2723.185475,2723.824659,-0.9998889999997118,-0.3607050000000527,-0.6802969999998822
2021-09-15 17:00:00,2724.187303,2723.186257,2723.825441,-1.001046000000315,-0.3618620000002011,-0.681454000000258
2021-09-15 17:30:00,2724.185753,2723.189822,2723.825049,-0.9959310000003825,-0.3607040000001689,-0.6783175000002757
2021-09-15 17:45:00,2724.184974,2723.189042,2723.823853,-0.9959319999998115,-0.3611209999999119,-0.6785264999998617
2021-09-15 18:00:00,2724.184974,2723.189045,2723.825303,-0.9959289999997054,-0.3596709999997074,-0.6777999999997064
2021-09-15 18:30:00,2724.186133,2723.193,2723.825024,-0.9931329999999434,-0.36110899999994217,-0.6771209999999428
2021-09-15 18:45:00,2724.18555,2723.192418,2723.824718,-0.9931320000000596,-0.36083200000030047,-0.67698200000018
2021-09-15 19:00:00,2724.183224,2723.191251,2723.823273,-0.9919729999996889,-0.35995099999991,-0.6759619999997994
2021-09-15 19:30:00,2724.183997,2723.189104,2723.823166,-0.9948930000000473,-0.36083099999996193,-0.6778620000000046
2021-09-15 19:45:00,2724.184391,2723.186274,2723.823696,-0.9981169999996382,-0.36069499999985055,-0.6794059999997444
2021-09-15 20:00:00,2724.186723,2723.189063,2723.826145,-0.9976599999999962,-0.3605779999998049,-0.6791189999999006
2021-09-15 20:15:00,2724.184391,2723.186277,2723.827312,-0.9981139999999868,-0.3570789999998851,-0.677596499999936
2021-09-15 20:30:00,2724.185753,2723.189115,2723.827227,-0.9966380000000754,-0.35852599999998347,-0.6775820000000294
2021-09-15 20:45:00,2724.184391,2723.185549,2723.826883,-0.9988419999999678,-0.3575079999995978,-0.6781749999997828
2021-09-15 21:00:00,2724.184974,2723.185692,2723.825716,-0.9992819999997664,-0.35925799999995434,-0.6792699999998604
2021-09-15 21:15:00,2724.18614,2723.189502,2723.824716,-0.9966379999996207,-0.3614239999997153,-0.679030999999668
2021-09-15 21:30:00,2724.184974,2723.184384,2723.826132,-1.0005899999996473,-0.3588419999996404,-0.6797159999996438
2021-09-15 22:15:00,2724.184974,2723.188339,2723.825856,-0.9966349999999693,-0.35911799999985305,-0.6778764999999112
2021-09-15 22:30:00,2724.185557,2723.191543,2723.828607,-0.9940139999998792,-0.35694999999986976,-0.6754819999998745
2021-09-15 22:45:00,2724.186723,2723.186136,2723.827882,-1.000586999999996,-0.3588409999997566,-0.6797139999998763
2021-09-15 23:15:00,2724.184197,2723.191518,2723.827385,-0.9926789999999528,-0.3568119999999908,-0.6747454999999718
2021-09-15 23:30:00,2724.188476,2723.190095,2723.829915,-0.9983809999998812,-0.3585610000000088,-0.678470999999945
2021-09-15 23:45:00,2724.187893,2723.188619,2723.830478,-0.9992739999997866,-0.3574149999999463,-0.6783444999998665
2021-09-16 00:00:00,2724.18731,2723.188035,2723.831331,-0.9992749999996704,-0.3559789999999339,-0.6776269999998021
2021-09-16 00:15:00,2724.186726,2723.189655,2723.828896,-0.997070999999778,-0.3578299999999217,-0.6774504999998499
2021-09-16 00:30:00,2724.18614,2723.186285,2723.825862,-0.9998549999995703,-0.3602779999996528,-0.6800664999996116
2021-09-16 00:45:00,2724.186143,2723.18687,2723.826562,-0.9992729999999028,-0.3595809999997073,-0.679426999999805
2021-09-16 01:00:00,2724.185557,2723.185703,2723.827146,-0.9998539999996865,-0.3584109999997054,-0.6791324999996959
2021-09-16 01:15:00,2724.186723,2723.193026,2723.826863,-0.9936969999998837,-0.35986000000002605,-0.6767784999999549
2021-09-16 01:45:00,2724.187306,2723.193609,2723.827724,-0.9936969999998837,-0.35958199999959106,-0.6766394999997374
2021-09-16 02:45:00,2724.187693,2723.190039,2723.825945,-0.997653999999784,-0.3617479999998068,-0.6797009999997954
2021-09-16 03:00:00,2724.187496,2723.191594,2723.827914,-0.9959020000001146,-0.3595820000000458,-0.6777420000000802
2021-09-16 03:15:00,2724.188473,2723.192292,2723.829584,-0.9961809999999787,-0.35888900000009016,-0.6775350000000344
2021-09-16 03:30:00,2724.188859,2723.188724,2723.827529,-1.0001349999997728,-0.36132999999972526,-0.680732499999749
2021-09-16 03:45:00,2724.187883,2723.189058,2723.828994,-0.9988250000001244,-0.35888900000009016,-0.6788570000001073
2021-09-16 04:00:00,2724.186716,2723.189639,2723.826994,-0.9970769999999902,-0.3597220000001471,-0.6783995000000687
2021-09-16 04:15:00,2724.1873,2723.190222,2723.827578,-0.997077999999874,-0.3597220000001471,-0.6784000000000106
2021-09-16 04:30:00,2724.186716,2723.189637,2723.829161,-0.9970790000002125,-0.3575550000000476,-0.6773170000001301
2021-09-16 04:45:00,2724.184384,2723.189053,2723.828578,-0.9953310000000783,-0.3558060000000296,-0.675568500000054
2021-09-16 05:15:00,2724.187883,2723.193006,2723.830744,-0.9948770000000877,-0.3571390000001884,-0.676008000000138
2021-09-16 06:00:00,2724.187883,2723.189048,2723.826411,-0.9988349999998718,-0.36147200000004887,-0.6801534999999603
2021-09-16 06:30:00,2724.18711,2723.188713,2723.829695,-0.9983969999998408,-0.3574149999999463,-0.6779059999998935
2021-09-16 07:00:00,2724.190802,2723.193437,2723.8315,-0.9973650000001726,-0.359302000000298,-0.6783335000002353
2021-09-16 07:15:00,2724.188662,2723.190993,2723.83053,-0.9976689999998598,-0.35813199999984136,-0.6779004999998506
2021-09-16 07:45:00,2724.187893,2723.189049,2723.830478,-0.9988439999997354,-0.3574149999999463,-0.6781294999998408
2021-09-16 08:00:00,2724.18731,2723.192417,2723.830173,-0.9948929999995926,-0.35713699999996606,-0.6760149999997793
2021-09-16 08:15:00,2724.186143,2723.19125,2723.82656,-0.9948930000000473,-0.3595829999999296,-0.6772379999999885
2021-09-16 09:15:00,2724.185753,2723.193499,2723.829774,-0.99225400000023,-0.3559790000003886,-0.6741165000003093
2021-09-16 09:30:00,2724.187889,2723.18993,2723.83016,-0.9979589999998097,-0.35772899999983565,-0.6778439999998227
2021-09-16 09:45:00,2724.18614,2723.185977,2723.825827,-1.0001629999997022,-0.36031299999967814,-0.6802379999996901
2021-09-16 10:00:00,2724.18614,2723.190383,2723.82666,-0.9957569999996849,-0.3594799999996212,-0.6776184999996531
2021-09-16 10:15:00,2724.184974,2723.190964,2723.826965,-0.9940099999998893,-0.35800899999958347,-0.6760094999997364
2021-09-16 10:30:00,2724.184974,2723.183058,2723.825077,-1.00191599999971,-0.35989699999981895,-0.6809064999997645
2021-09-16 10:45:00,2724.18614,2723.188176,2723.825965,-0.9979639999996834,-0.3601749999997992,-0.6790694999997413
2021-09-16 11:00:00,2724.184974,2723.188759,2723.826827,-0.9962149999996655,-0.35814699999991717,-0.6771809999997913
2021-09-16 11:15:00,2724.185557,2723.186699,2723.825558,-0.9988579999999274,-0.3599989999997888,-0.6794284999998581
2021-09-16 11:30:00,2724.188473,2723.190069,2723.827557,-0.9984039999999368,-0.3609160000000884,-0.6796600000000126
2021-09-16 11:45:00,2724.185943,2723.19193,2723.827947,-0.9940129999999954,-0.35799599999973,-0.6760044999998627
2021-09-16 12:15:00,2724.187693,2723.187977,2723.825364,-0.9997159999998075,-0.3623290000000452,-0.6810224999999264
2021-09-16 12:30:00,2724.186133,2723.189477,2723.827582,-0.9966560000002573,-0.3585510000002614,-0.6776035000002594
2021-09-16 12:45:00,2724.187496,2723.186885,2723.825446,-1.0006109999999353,-0.36205000000018117,-0.6813305000000582
2021-09-16 13:00:00,2724.185943,2723.185334,2723.823777,-1.0006090000001677,-0.3621659999998883,-0.681387500000028
2021-09-16 13:15:00,2724.187883,2723.185524,2723.826134,-1.0023590000000695,-0.3617490000001453,-0.6820540000001074
2021-09-16 13:30:00,2724.18555,2723.188894,2723.825551,-0.9966560000002573,-0.35999900000024354,-0.6783275000002504
2021-09-16 13:45:00,2724.186716,2723.192263,2723.824551,-0.9944530000002487,-0.3621650000000045,-0.6783090000001266
2021-09-16 14:00:00,2724.187883,2723.187727,2723.825717,-1.0001560000000609,-0.3621659999998883,-0.6811609999999746
2021-09-16 14:15:00,2724.185357,2723.186082,2723.824524,-0.9992749999996704,-0.3608329999997295,-0.6800539999997
2021-09-16 14:30:00,2724.186143,2723.188899,2723.823548,-0.9972439999996823,-0.36259500000005573,-0.679919499999869
2021-09-16 14:45:00,2724.184394,2723.182325,2723.823272,-1.0020689999996648,-0.36112199999979566,-0.6815954999997302
2021-09-16 15:00:00,2724.184977,2723.184384,2723.824549,-1.0005929999997534,-0.36042799999995623,-0.6805104999998548
2021-09-16 15:30:00,2724.186726,2723.185694,2723.820528,-1.001032000000123,-0.3661979999997129,-0.6836149999999179
2021-09-16 15:45:00,2724.18556,2723.192874,2723.820694,-0.9926860000000488,-0.36486599999989267,-0.6787759999999707
2021-09-16 16:00:00,2724.184977,2723.183493,2723.820111,-1.0014839999998912,-0.36486599999989267,-0.683174999999892
2021-09-16 16:15:00,2724.186143,2723.180707,2723.821973,-1.0054359999999178,-0.3641699999998309,-0.6848029999998744
2021-09-16 16:30:00,2724.188283,2723.187253,2723.822363,-1.0010299999999006,-0.3659199999997327,-0.6834749999998166
2021-09-16 16:45:00,2724.184591,2723.183108,2723.821891,-1.0014830000000075,-0.3627000000001317,-0.6820915000000696
2021-09-16 17:00:00,2724.184394,2723.183367,2723.818056,-1.0010269999997945,-0.3663379999998142,-0.6836824999998043
2021-09-16 17:15:00,2724.184394,2723.182912,2723.819944,-1.001481999999669,-0.36445000000003347,-0.6829659999998512
2021-09-16 17:45:00,2724.18731,2723.186286,2723.823278,-1.0010239999996884,-0.36403199999995195,-0.6825279999998202
2021-09-16 18:00:00,2724.18556,2723.186288,2723.823694,-0.999272000000019,-0.36186599999973623,-0.6805689999998776
2021-09-16 18:15:00,2724.186143,2723.185561,2723.821835,-1.0005820000001222,-0.36430799999970986,-0.682444999999916
2021-09-16 18:30:00,2724.18556,2723.18498,2723.822688,-1.0005799999998999,-0.36287199999969744,-0.6817259999997987
2021-09-16 18:45:00,2724.184394,2723.186294,2723.821105,-0.9980999999997948,-0.36328899999989517,-0.680694499999845
2021-09-16 19:00:00,2724.185753,2723.183423,2723.820715,-1.0023300000002564,-0.3650380000003679,-0.6836840000003122
2021-09-16 19:15:00,2724.186133,2723.189079,2723.822102,-0.9970539999999346,-0.36403100000006816,-0.6805425000000014
2021-09-16 19:30:00,2724.1873,2723.188496,2723.823684,-0.9988039999998364,-0.36361600000009275,-0.6812099999999646
2021-09-16 19:45:00,2724.183997,2723.187361,2723.821715,-0.9966360000003078,-0.3622820000000502,-0.679459000000179
2021-09-16 20:00:00,2724.18614,2723.181599,2723.821528,-1.00454099999979,-0.36461199999985183,-0.684576499999821
2021-09-16 20:15:00,2724.184391,2723.187757,2723.821944,-0.9966339999996308,-0.36244699999997465,-0.6795404999998027
2021-09-16 20:30:00,2724.184974,2723.184827,2723.822528,-1.0001469999997425,-0.3624459999996361,-0.6812964999996893
2021-09-16 20:45:00,2724.18692,2723.187809,2723.826919,-0.9991110000000845,-0.3600010000000111,-0.6795560000000478
2021-09-16 21:00:00,2724.184391,2723.187029,2723.825547,-0.9973619999996117,-0.3588439999998627,-0.6781029999997372
2021-09-16 21:15:00,2724.184584,2723.184001,2723.826158,-1.000583000000006,-0.35842600000023594,-0.679504500000121
2021-09-16 21:30:00,2724.182055,2723.185864,2723.824684,-0.9961910000001808,-0.3573710000000574,-0.6767810000001191
2021-09-16 21:45:00,2724.185554,2723.187613,2723.826852,-0.9979410000000826,-0.35870199999999386,-0.6783215000000382
2021-09-16 22:15:00,2724.185554,2723.187616,2723.827128,-0.9979379999999765,-0.35842600000023594,-0.6781820000001062
2021-09-16 22:30:00,2724.185943,2723.19021,2723.825768,-0.9957329999997455,-0.3601749999997992,-0.6779539999997723
2021-09-16 22:45:00,2724.186333,2723.188399,2723.825741,-0.9979339999999866,-0.3605919999999969,-0.6792629999999917
2021-09-16 23:00:00,2724.187303,2723.187619,2723.82496,-0.9996840000003431,-0.3623430000002372,-0.6810135000002902
2021-09-16 23:15:00,2724.187889,2723.188786,2723.826127,-0.9991029999996499,-0.3617619999999988,-0.6804324999998244
2021-09-17 00:00:00,2724.18614,2723.189656,2723.828711,-0.9964839999997821,-0.3574289999996836,-0.6769564999997328
2021-09-17 00:15:00,2724.184587,2723.189852,2723.827158,-0.9947350000002189,-0.35742900000013833,-0.6760820000001786
2021-09-17 00:30:00,2724.183814,2723.189079,2723.824217,-0.9947349999997641,-0.3595970000001216,-0.6771659999999429
2021-09-17 01:00:00,2724.183814,2723.190829,2723.827556,-0.9929849999998623,-0.3562579999997979,-0.6746214999998301
2021-09-17 01:15:00,2724.187699,2723.189465,2723.827943,-0.9982340000001386,-0.3597560000002886,-0.6789950000002136
2021-09-17 01:30:00,2724.188086,2723.193805,2723.83008,-0.9942810000002282,-0.3580059999999321,-0.6761435000000802
2021-09-17 01:45:00,2724.188479,2723.190245,2723.828723,-0.9982340000001386,-0.3597559999998339,-0.6789949999999862
2021-09-17 02:00:00,2724.183814,2723.191281,2723.825389,-0.992533000000094,-0.3584249999998974,-0.6754789999999957
2021-09-17 02:30:00,2724.18634,2723.189285,2723.828471,-0.9970550000002731,-0.3578690000003917,-0.6774620000003324
2021-09-17 02:45:00,2724.186143,2723.193042,2723.828274,-0.9931010000000242,-0.35786899999993693,-0.6754849999999806
2021-09-17 03:15:00,2724.189052,2723.189088,2723.827857,-0.9999640000000909,-0.3611949999999524,-0.6805795000000217
2021-09-17 03:30:00,2724.186533,2723.193432,2723.825802,-0.9931010000000242,-0.3607310000002144,-0.6769160000001193
2021-09-17 03:45:00,2724.188473,2723.190255,2723.829027,-0.998218000000179,-0.35944599999993443,-0.6788320000000567
2021-09-17 04:00:00,2724.187313,2723.190256,2723.827277,-0.9970570000000407,-0.36003600000003644,-0.6785465000000386
2021-09-17 04:15:00,2724.186723,2723.192459,2723.824694,-0.9942639999999301,-0.36202899999989313,-0.6781464999999116
2021-09-17 04:30:00,2724.187896,2723.194791,2723.82786,-0.9931050000000141,-0.36003600000003644,-0.6765705000000253
2021-09-17 04:45:00,2724.188479,2723.193171,2723.830194,-0.9953080000000227,-0.3582849999997961,-0.6767964999999094
2021-09-17 05:00:00,2724.188666,2723.193089,2723.827192,-0.9955770000001394,-0.36147399999981644,-0.6785254999999779
2021-09-17 05:15:00,2724.187303,2723.191727,2723.827001,-0.9955760000002556,-0.360302000000047,-0.6779390000001513
2021-09-17 05:30:00,2724.188079,2723.192502,2723.829945,-0.9955770000001394,-0.3581340000000637,-0.6768555000001015
2021-09-17 05:45:00,2724.187303,2723.189499,2723.830165,-0.9978040000000874,-0.3571380000003046,-0.677471000000196
2021-09-17 06:00:00,2724.189052,2723.19345,2723.829748,-0.9956019999999626,-0.35930400000006557,-0.6774530000000141
2021-09-17 06:15:00,2724.186333,2723.19248,2723.828778,-0.9938529999999446,-0.3575550000000476,-0.6757039999999961
2021-09-17 06:30:00,2724.18556,2723.191704,2723.831746,-0.9938560000000507,-0.3538140000000567,-0.6738350000000537
2021-09-17 06:45:00,2724.189059,2723.192144,2723.829996,-0.9969149999997171,-0.35906299999987823,-0.6779889999997977
2021-09-17 07:00:00,2724.187893,2723.192726,2723.829444,-0.9951669999995829,-0.3584489999998368,-0.6768079999997099
2021-09-17 07:15:00,2724.188089,2723.194395,2723.830359,-0.9936940000002323,-0.3577300000001742,-0.6757120000002033
2021-09-17 07:30:00,2724.187893,2723.194198,2723.827996,-0.9936949999996614,-0.35989699999981895,-0.6767959999997402
2021-09-17 07:45:00,2724.188669,2723.189546,2723.831356,-0.9991230000000542,-0.35731299999997646,-0.6782180000000153
2021-09-17 08:00:00,2724.18614,2723.19097,2723.828133,-0.995169999999689,-0.3580069999998159,-0.6765884999997525
2021-09-17 08:15:00,2724.187503,2723.18925,2723.827028,-0.9982530000002043,-0.36047499999995125,-0.6793640000000778
2021-09-17 08:30:00,2724.18595,2723.191648,2723.827362,-0.9943020000000615,-0.3585880000000543,-0.6764450000000579
2021-09-17 08:45:00,2724.18633,2723.188665,2723.830185,-0.9976649999998699,-0.3561450000001969,-0.6769050000000334
2021-09-17 09:00:00,2724.184584,2723.189561,2723.824836,-0.9950229999999465,-0.3597480000003088,-0.6773855000001276
2021-09-17 09:15:00,2724.18672,2723.188197,2723.827075,-0.9985230000002048,-0.35964500000000044,-0.6790840000001026
2021-09-17 09:30:00,2724.186137,2723.187158,2723.825797,-0.998978999999963,-0.3603400000001784,-0.6796595000000707
2021-09-17 09:45:00,2724.185747,2723.190721,2723.829022,-0.9950260000000526,-0.35672500000009677,-0.6758755000000747
2021-09-17 10:00:00,2724.184191,2723.187412,2723.824545,-0.9967789999996057,-0.3596459999998842,-0.678212499999745
2021-09-17 10:15:00,2724.183804,2723.185563,2723.82563,-0.9982409999997799,-0.3581739999999627,-0.6782074999998713
2021-09-17 10:30:00,2724.186723,2723.185561,2723.827078,-1.001162000000022,-0.35964500000000044,-0.6804035000000113
2021-09-17 10:45:00,2724.183414,2723.185609,2723.824521,-0.9978049999999712,-0.35889300000008006,-0.6783490000000256
2021-09-17 11:00:00,2724.186527,2723.183159,2723.826465,-1.003367999999682,-0.3600619999997434,-0.6817149999997127
2021-09-17 11:15:00,2724.186723,2723.187307,2723.826661,-0.9994159999996555,-0.3600619999997434,-0.6797389999996994
2021-09-17 11:30:00,2724.18633,2723.186331,2723.826105,-0.9999990000001162,-0.3602249999999003,-0.6801120000000083
2021-09-17 11:45:00,2724.186527,2723.189463,2723.824021,-0.997063999999682,-0.3625059999999394,-0.6797849999998107
2021-09-17 12:15:00,2724.187303,2723.186562,2723.826686,-1.0007410000002892,-0.36061700000027486,-0.680679000000282
2021-09-17 12:30:00,2724.185943,2723.187403,2723.825186,-0.9985400000000482,-0.3607569999999214,-0.6796484999999848
2021-09-17 12:45:00,2724.186333,2723.18515,2723.825992,-1.0011830000003101,-0.3603410000000622,-0.6807620000001862
2021-09-17 13:00:00,2724.185943,2723.189606,2723.825881,-0.9963370000000396,-0.3600619999997434,-0.6781994999998915
2021-09-17 13:15:00,2724.185557,2723.190971,2723.825079,-0.9945859999997992,-0.3604779999996026,-0.6775319999997009
2021-09-17 13:30:00,2724.185557,2723.186125,2723.826828,-0.9994319999996151,-0.35872899999958463,-0.6790804999995999
2021-09-17 13:45:00,2724.188859,2723.189881,2723.826631,-0.9989780000000792,-0.36222799999995914,-0.6806030000000192
2021-09-17 14:00:00,2724.186723,2723.192858,2723.826987,-0.9938649999999143,-0.35973599999988437,-0.6768004999998993
2021-09-17 14:15:00,2724.187883,2723.184081,2723.826385,-1.003802000000178,-0.3614980000002106,-0.6826500000001943
2021-09-17 14:30:00,2724.18692,2723.18253,2723.826582,-1.0043900000000576,-0.3603379999999561,-0.6823640000000069
2021-09-17 14:45:00,2724.187313,2723.185125,2723.825087,-1.0021879999999328,-0.3622259999997368,-0.6822069999998348
2021-09-17 15:00:00,2724.184784,2723.188717,2723.825778,-0.9960670000000391,-0.3590060000001358,-0.6775365000000875
2021-09-17 15:15:00,2724.186723,2723.185557,2723.827719,-1.001166000000012,-0.3590039999999135,-0.6800849999999627
2021-09-17 15:30:00,2724.186723,2723.18951,2723.82583,-0.9972129999996469,-0.360892999999578,-0.6790529999996124
2021-09-17 15:45:00,2724.188473,2723.185559,2723.825135,-1.0029140000001462,-0.3633380000001125,-0.6831260000001294
2021-09-17 16:15:00,2724.187889,2723.18893,2723.826302,-0.9989590000000135,-0.3615869999998722,-0.6802729999999428
2021-09-17 16:30:00,2724.188473,2723.190245,2723.824856,-0.9982280000003811,-0.36361699999997654,-0.6809225000001788
2021-09-17 16:45:00,2724.188473,2723.188041,2723.824439,-1.0004320000002735,-0.3640340000001743,-0.6822330000002239
2021-09-17 17:00:00,2724.189056,2723.191247,2723.825719,-0.9978089999999611,-0.3633370000002287,-0.6805730000000949
2021-09-17 17:15:00,2724.187503,2723.187491,2723.823469,-1.0000119999999697,-0.3640340000001743,-0.682023000000072
2021-09-17 17:30:00,2724.18595,2723.189895,2723.824778,-0.9960550000000694,-0.3611719999998968,-0.6786134999999831
2021-09-17 18:00:00,2724.186337,2723.187661,2723.824749,-0.9986760000001595,-0.36158800000021074,-0.6801320000001851
2021-09-17 18:15:00,2724.183231,2723.186306,2723.823392,-0.9969249999999192,-0.35983900000019275,-0.678382000000056
2021-09-17 18:30:00,2724.184391,2723.187179,2723.82353,-0.9972119999997631,-0.3608609999996588,-0.6790364999997109
2021-09-17 18:45:00,2724.182648,2723.184393,2723.824382,-0.9982549999999719,-0.35826600000018516,-0.6782605000000785
2021-09-17 19:00:00,2724.186723,2723.189514,2723.823696,-0.997208999999657,-0.36302699999987453,-0.6801179999997657
2021-09-17 19:15:00,2724.18498,2723.184978,2723.824966,-1.0000020000002223,-0.3600139999998646,-0.6800080000000435
2021-09-17 19:30:00,2724.184974,2723.185563,2723.825549,-0.9994109999997818,-0.3594249999996464,-0.6794179999997141
2021-09-17 19:45:00,2724.184584,2723.186923,2723.82705,-0.99766099999988,-0.3575340000002143,-0.6775975000000471
2021-09-17 20:00:00,2724.18497,2723.186,2723.82527,-0.9989699999996446,-0.35969999999997526,-0.67933499999981
2021-09-17 20:30:00,2724.185554,2723.184835,2723.82744,-1.0007190000001174,-0.3581140000001142,-0.6794165000001158
2021-09-17 20:45:00,2724.185164,2723.186941,2723.829495,-0.9982230000000527,-0.35566900000003443,-0.6769460000000436
2021-09-17 21:00:00,2724.186137,2723.185433,2723.826436,-1.0007040000000416,-0.3597010000003138,-0.6802025000001777
2021-09-17 21:15:00,2724.183418,2723.184466,2723.823716,-0.9989519999999175,-0.3597020000001976,-0.6793270000000575
2021-09-17 21:30:00,2724.188089,2723.186637,2723.82853,-1.0014520000004268,-0.35955900000044494,-0.6805055000004359
2021-09-17 21:45:00,2724.18731,2723.188061,2723.826603,-0.9992489999999634,-0.36070699999982025,-0.6799779999998918
2021-09-17 22:00:00,2724.18556,2723.188791,2723.824575,-0.9967689999998584,-0.3609849999998005,-0.6788769999998294
2021-09-17 22:15:00,2724.184394,2723.186314,2723.825574,-0.9980799999998453,-0.3588199999999233,-0.6784499999998843
2021-09-17 22:30:00,2724.186726,2723.184695,2723.824304,-1.0020309999999881,-0.3624219999996967,-0.6822264999998424
2021-09-17 22:45:00,2724.18556,2723.188794,2723.825304,-0.9967659999997522,-0.36025599999993574,-0.678510999999844
2021-09-17 23:00:00,2724.185753,2723.187237,2723.824768,-0.9985160000001088,-0.36098500000025524,-0.679750500000182
2021-09-17 23:15:00,2724.184197,2723.187871,2723.82496,-0.9963259999999536,-0.35923700000012104,-0.6777815000000373
2021-09-17 23:30:00,2724.189642,2723.192022,2723.826907,-0.9976199999996425,-0.36273499999970227,-0.6801774999996724
2021-09-17 23:45:00,2724.189059,2723.189234,2723.826323,-0.9998249999998734,-0.3627360000000408,-0.6812804999999571
