Date_Time,P1_h_left,P1_h_right,P1_h_average,P2_h_left,P2_h_right,P2_h_average,P3_h_left,P3_h_right,P3_h_average
2022-07-30 00:00:00,,,,,,,,,
2022-07-30 00:15:00,-0.7161680000003798,-0.7687770000002274,-0.7424725000003036,-0.7338469999999688,-0.4138039999998,-0.5738254999998844,-1.0133759999998802,-0.4448989999996229,-0.7291374999997515
2022-07-30 00:30:00,-0.711109999999735,-0.7658590000000913,-0.7384844999999132,-0.7331440000002658,-0.41263500000013664,-0.5728895000002012,-1.012079999999969,-0.44139999999970314,-0.7267399999998361
2022-07-30 00:45:00,-0.7087089999999989,-0.7694860000001427,-0.7390975000000708,-0.7350780000001578,-0.4145379999999932,-0.5748080000000755,-1.017493999999715,-0.4427419999997255,-0.7301179999997203
2022-07-30 01:00:00,-0.7240130000000136,-0.7765199999998913,-0.7502664999999524,-0.7303780000002007,-0.41231500000003507,-0.5713465000001179,-1.001792000000023,-0.4366829999999027,-0.7192374999999629
2022-07-30 01:15:00,-0.7201230000000578,-0.7747709999998733,-0.7474469999999656,-0.7325940000000628,-0.4140650000003916,-0.5733295000002272,-1.0074939999999515,-0.44018199999982244,-0.723837999999887
2022-07-30 01:30:00,-0.720122000000174,-0.780844999999772,-0.750483499999973,-0.730844000000161,-0.4149480000000949,-0.572896000000128,-1.0039959999999155,-0.43702099999973143,-0.7205084999998235
2022-07-30 01:45:00,-0.7183129999998528,-0.7781519999998636,-0.7482324999998582,-0.7333710000002611,-0.414553000000069,-0.5739620000001651,-1.0076629999998659,-0.43640699999969,-0.7220349999997779
2022-07-30 02:00:00,-0.7204550000001291,-0.7781529999997474,-0.7493039999999382,-0.7311560000002828,-0.412804000000051,-0.5719800000001669,-1.0072089999998752,-0.43815700000004654,-0.7226829999999609
2022-07-30 02:30:00,-0.7169549999998708,-0.7820299999998497,-0.7494924999998602,-0.729406000000381,-0.41325400000005175,-0.5713300000002164,-1.0037090000000717,-0.43340699999998833,-0.71855800000003
2022-07-30 03:00:00,-0.7184440000000905,-0.7885909999999967,-0.7535175000000436,-0.7326370000000679,-0.41521099999999933,-0.5739240000000336,-1.008104000000003,-0.4322950000000674,-0.7201995000000352
2022-07-30 03:15:00,-0.7133850000000166,-0.7848579999999856,-0.7491215000000011,-0.7336830000003829,-0.4155470000000605,-0.5746150000002217,-1.0103070000000116,-0.43243299999994633,-0.721369999999979
2022-07-30 03:30:00,-0.7147420000001148,-0.7915250000000924,-0.7531335000001036,-0.7353190000003451,-0.41643500000009226,-0.5758770000002187,-1.0107629999997698,-0.42810000000008586,-0.7194314999999278
2022-07-30 03:45:00,-0.7163030000001527,-0.7902349999999387,-0.7532690000000457,-0.7331030000000283,-0.4157010000003538,-0.574402000000191,-1.0085589999998774,-0.4302659999998468,-0.7194124999998621
2022-07-30 04:00:00,-0.7141599999999926,-0.7943230000000767,-0.7542415000000346,-0.7335700000003271,-0.4169210000000021,-0.5752455000001646,-1.0107629999997698,-0.4295729999998912,-0.7201679999998305
2022-07-30 04:15:00,-0.712992000000213,-0.7956140000001142,-0.7543030000001636,-0.7289009999999507,-0.4129859999998189,-0.5709434999998848,-1.009592999999768,-0.4279870000000301,-0.718789999999899
2022-07-30 04:30:00,-0.7091009999999187,-0.7974920000001475,-0.7532965000000331,-0.7311160000003838,-0.41663900000003196,-0.5738775000002079,-1.0112159999998767,-0.4281590000000506,-0.7196874999999636
2022-07-30 04:45:00,-0.7069609999998647,-0.7982019999999466,-0.7525814999999056,-0.7333330000001297,-0.41737200000034136,-0.5753525000002355,-1.014002999999775,-0.4265740000000733,-0.7202884999999242
2022-07-30 05:15:00,-0.704819999999927,-0.7998470000002271,-0.752333500000077,-0.7355489999999918,-0.41961200000014287,-0.5775805000000673,-1.0173760000002403,-0.4274639999998726,-0.7224200000000565
2022-07-30 05:45:00,-0.711243000000195,-0.803487000000132,-0.7573650000001635,-0.7324020000000928,-0.416899000000285,-0.5746505000001889,-1.0095949999999903,-0.4222620000000461,-0.7159285000000182
2022-07-30 06:00:00,-0.7116359999999986,-0.8034889999998995,-0.7575624999999491,-0.7336850000001505,-0.42039999999997235,-0.5770425000000614,-1.0073910000000978,-0.42401299999983166,-0.7157019999999648
2022-07-30 06:15:00,-0.7129930000000968,-0.8076969999997345,-0.7603449999999157,-0.7341529999998784,-0.41938299999992523,-0.5767679999999018,-1.0107669999997597,-0.42301499999985026,-0.716890999999805
2022-07-30 06:45:00,-0.7183759999998074,-0.8068819999998595,-0.7626289999998335,-0.7308500000003733,-0.4191399999999703,-0.5749950000001718,-1.0005049999999756,-0.42198400000006586,-0.7112445000000207
2022-07-30 07:15:00,-0.7118940000000293,-0.8101550000001225,-0.7610245000000759,-0.7281240000002072,-0.41953600000033475,-0.573830000000271,-1.002418999999918,-0.4225980000001073,-0.7125085000000126
2022-07-30 07:30:00,-0.708393000000342,-0.812956000000213,-0.7606745000002775,-0.7312739999997575,-0.42002400000001217,-0.5756489999998848,-1.0107820000002903,-0.42232400000011694,-0.7165530000002036
2022-07-30 07:45:00,-0.7007969999999659,-0.8176390000003266,-0.7592180000001463,-0.7297650000000431,-0.4200780000001032,-0.5749215000000731,-1.0144980000000032,-0.4204589999999371,-0.7174784999999702
2022-07-30 08:00:00,-0.6990490000002865,-0.8148490000003221,-0.7569490000003043,-0.7332639999999628,-0.42081000000007407,-0.5770370000000185,-1.0162470000000212,-0.4182909999999538,-0.7172689999999875
2022-07-30 08:15:00,-0.7011880000000019,-0.8149680000001354,-0.7580780000000686,-0.7292990000000827,-0.4185749999996915,-0.5739369999998871,-1.014042000000245,-0.42031600000018443,-0.7171790000002147
2022-07-30 08:30:00,-0.6954749999999876,-0.8149690000000192,-0.7552220000000034,-0.730544000000009,-0.4185749999996915,-0.5745594999998502,-1.0199280000001636,-0.4203170000000682,-0.7201225000001159
2022-07-30 09:15:00,-0.7117630000002464,-0.8174269999999524,-0.7645950000000994,-0.7294529999999213,-0.4210570000000189,-0.5752549999999701,-1.0025840000002972,-0.4181490000000849,-0.7103665000001911
2022-07-30 09:30:00,-0.7097520000002078,-0.8173070000002554,-0.7635295000002316,-0.730935000000045,-0.4215429999999287,-0.5762389999999868,-1.0069790000002286,-0.4196230000002288,-0.7133010000002287
2022-07-30 09:45:00,-0.709751000000324,-0.8215160000004289,-0.7656335000003764,-0.7303549999996903,-0.4234470000001238,-0.5769009999999071,-1.0052290000003268,-0.41920600000003105,-0.7122175000001789
2022-07-30 10:15:00,-0.7100150000001122,-0.8177780000000894,-0.7638965000001008,-0.730623999999807,-0.4220399999999245,-0.5763319999998657,-1.0054949999998826,-0.4193470000000161,-0.7124209999999493
2022-07-30 10:30:00,-0.7093610000001718,-0.820234000000255,-0.7647975000002134,-0.732571999999891,-0.42102299999987736,-0.5767974999998842,-1.0091850000003433,-0.41602000000011685,-0.7126025000002301
2022-07-30 10:45:00,-0.7097520000002078,-0.8219859999999244,-0.7658690000000661,-0.7274379999998928,-0.41985399999975925,-0.573645999999826,-1.0063909999998941,-0.4189299999998184,-0.7126604999998563
2022-07-30 11:15:00,-0.7101430000002438,-0.8226950000002944,-0.7664190000002691,-0.7269699999997101,-0.42058799999995244,-0.5737789999998313,-1.0030260000003182,-0.41735300000027564,-0.7101895000002969
2022-07-30 11:45:00,-0.7097499999999854,-0.8267960000002859,-0.7682730000001357,-0.729186000000027,-0.42180999999982305,-0.575497999999925,-1.0052300000002106,-0.41490699999985736,-0.710068500000034
2022-07-30 12:00:00,-0.7072190000003502,-0.8267960000002859,-0.767007500000318,-0.7301189999998314,-0.42006099999980506,-0.5750899999998182,-1.0125490000000354,-0.41606799999999566,-0.7143085000000156
2022-07-30 12:15:00,-0.707611999999699,-0.8225879999999961,-0.7650999999998476,-0.7314029999997729,-0.4210779999998522,-0.5762404999998125,-1.010935000000245,-0.4170750000002954,-0.7140050000002702
2022-07-30 12:30:00,-0.7073529999997845,-0.8245779999997467,-0.7659654999997656,-0.734621000000061,-0.4242349999999533,-0.5794280000000072,-1.0135549999999967,-0.4180940000001101,-0.7158245000000534
2022-07-30 13:00:00,-0.708784000000378,-0.8266920000000937,-0.7677380000002358,-0.7308109999999033,-0.42055200000004334,-0.5756814999999733,-1.0103320000002896,-0.41462900000033187,-0.7124805000003107
2022-07-30 13:30:00,-0.7105329999999412,-0.8304290000000947,-0.770481000000018,-0.7278900000001158,-0.4190400000002228,-0.5734650000001693,-1.0085800000001655,-0.4138990000001286,-0.711239500000147
2022-07-30 14:15:00,-0.7108519999997043,-0.8326389999997446,-0.7717454999997244,-0.7311210000002575,-0.4212750000001506,-0.576198000000204,-1.0129729999998744,-0.4153729999998177,-0.7141729999998461
2022-07-30 15:00:00,-0.7076149999998051,-0.8332430000000386,-0.7704289999999219,-0.731387000000268,-0.4242480000002615,-0.5778175000002648,-1.007408999999825,-0.41175799999973606,-0.7095834999997805
2022-07-30 15:15:00,-0.7077440000002753,-0.8298500000000786,-0.7687970000001769,-0.7306550000002972,-0.4220090000003438,-0.5763320000003205,-1.009599999999864,-0.4137860000000728,-0.7116929999999684
2022-07-30 15:30:00,-0.7094929999998385,-0.8332430000000386,-0.7713679999999385,-0.7289040000000568,-0.42074900000034177,-0.5748265000001993,-1.007846999999856,-0.4117559999999685,-0.7098014999999123
2022-07-30 15:45:00,-0.7116329999998925,-0.8366359999999986,-0.7741344999999455,-0.7266890000000785,-0.4212410000000091,-0.5739650000000438,-1.0056439999998474,-0.4132289999997738,-0.7094364999998106
2022-07-30 16:00:00,-0.7073510000000169,-0.8332430000000386,-0.7702970000000278,-0.7311200000003737,-0.42249900000024354,-0.5768095000003086,-1.010052000000087,-0.4117559999999685,-0.7109040000000277
2022-07-30 16:15:00,-0.7109120000000075,-0.8375790000000052,-0.7742455000000064,-0.730344999999943,-0.42338500000005297,-0.576864999999998,-1.0046379999998862,-0.4085939999999937,-0.70661599999994
2022-07-30 16:30:00,-0.7094920000004095,-0.8357120000000577,-0.7726020000002336,-0.7289169999999103,-0.4214939999997114,-0.5752054999998109,-1.0090300000001662,-0.4125100000001112,-0.7107700000001387
2022-07-30 17:30:00,-0.706583000000137,-0.833962000000156,-0.7702725000001465,-0.730652000000191,-0.4244010000002163,-0.5775265000002037,-1.0060960000000705,-0.41075899999987087,-0.7084274999999707
2022-07-30 17:45:00,-0.7115039999998771,-0.8386289999998553,-0.7750664999998662,-0.7303420000002916,-0.42271200000004683,-0.5765270000001692,-1.0052049999999326,-0.40773699999999735,-0.706470999999965
2022-07-30 18:00:00,-0.707611999999699,-0.8371159999996962,-0.7723639999996976,-0.7314010000000053,-0.42295500000000175,-0.5771780000000035,-1.0109300000003714,-0.4105180000001383,-0.7107240000002548
2022-07-30 18:15:00,-0.7068340000000717,-0.8293990000001941,-0.7681165000001329,-0.7291839999998047,-0.42100200000004406,-0.5750929999999244,-1.0052260000002207,-0.40987900000027366,-0.7075525000002472
2022-07-30 18:30:00,-0.7087850000002618,-0.8364060000003519,-0.7725955000003069,-0.7308079999997972,-0.42222099999980856,-0.5765144999998029,-1.0085790000002817,-0.409186000000318,-0.7088825000002998
2022-07-30 19:15:00,-0.7080030000001898,-0.8346559999999954,-0.7713295000000926,-0.7262649999997848,-0.4193019999997887,-0.5727834999997867,-1.0052260000002207,-0.40918599999986327,-0.707206000000042
2022-07-30 19:30:00,-0.7090440000001763,-0.8330270000001292,-0.7710355000001528,-0.731087000000116,-0.42173400000001493,-0.5764105000000654,-1.0042059999996127,-0.40596199999981764,-0.7050839999997152
2022-07-30 19:45:00,-0.7087850000002618,-0.8375880000003235,-0.7731865000002927,-0.7325559999999314,-0.4222740000000158,-0.5774149999999736,-1.006825999999819,-0.40382099999987986,-0.7053234999998494
2022-07-30 20:00:00,-0.7061840000001212,-0.8339600000003884,-0.7700720000002548,-0.7311179999996966,-0.4197919999996884,-0.5754549999996925,-1.0100489999999809,-0.4059870000000956,-0.7080180000000382
2022-07-30 20:15:00,-0.7072250000001077,-0.8388770000001387,-0.7730510000001232,-0.7330219999998917,-0.4212569999999687,-0.5771394999999302,-1.009610000000066,-0.402234000000135,-0.7059220000001005
2022-07-30 20:30:00,-0.7054750000002059,-0.8341960000002473,-0.7698355000002266,-0.733024000000114,-0.42120500000009997,-0.577114500000107,-1.0090329999998175,-0.403519999999844,-0.7062764999998308
2022-07-30 20:45:00,-0.7050840000001699,-0.8341950000003635,-0.7696395000002667,-0.7334900000000744,-0.41945499999974345,-0.5764724999999089,-1.0135650000001988,-0.40409900000031485,-0.7088320000002568
2022-07-30 21:15:00,-0.7057920000002014,-0.8371270000002369,-0.7714595000002191,-0.7333330000001297,-0.4195070000000669,-0.5764200000000983,-1.0122540000002118,-0.4016530000003513,-0.7069535000002816
2022-07-30 21:30:00,-0.7091040000000248,-0.8375879999998688,-0.7733459999999468,-0.7328699999998207,-0.4205249999999978,-0.5766974999999093,-1.010052000000087,-0.4038210000003346,-0.7069365000002108
2022-07-30 21:45:00,-0.7072220000000016,-0.8359590000000026,-0.7715905000000021,-0.7318649999997433,-0.42003899999963323,-0.5759519999996883,-1.0113820000001397,-0.4058469999999943,-0.708614500000067
2022-07-30 22:00:00,-0.7089719999999033,-0.8388909999998759,-0.7739314999998896,-0.7330369999999675,-0.4195119999999406,-0.5762744999999541,-1.011384000000362,-0.4022320000003674,-0.7068080000003647
2022-07-30 22:15:00,-0.7068340000000717,-0.8371430000001965,-0.7719885000001341,-0.7340829999998277,-0.4183439999997063,-0.576213499999767,-1.0153369999998176,-0.40223199999991266,-0.7087844999998651
2022-07-30 23:15:00,-0.7107949999999619,-0.8415850000001228,-0.7761900000000423,-0.7310889999998835,-0.42048899999963396,-0.5757889999997587,-1.0041980000000876,-0.399337999999716,-0.7017679999999018
2022-07-30 23:30:00,-0.7083920000000035,-0.8373759999999493,-0.7728839999999764,-0.7312870000000657,-0.41625500000009197,-0.5737710000000789,-1.0107939999998052,-0.3997519999998076,-0.7052729999998064
2022-07-31 00:00:00,-0.7100120000000061,-0.843804000000091,-0.7769080000000486,-0.7337719999995898,-0.41981499999974403,-0.5767934999996669,-1.0103579999999965,-0.39789999999993597,-0.7041289999999663
2022-07-31 00:15:00,-0.7061220000000503,-0.8378450000000157,-0.771983500000033,-0.7342380000000048,-0.4173310000001038,-0.5757845000000543,-1.0125610000000052,-0.39656700000023193,-0.7045640000001185
2022-07-31 01:00:00,-0.7086530000001403,-0.8432290000000648,-0.7759410000001026,-0.7298059999998259,-0.41922900000008667,-0.5745174999999563,-1.0081540000001041,-0.40080799999986993,-0.704480999999987
2022-07-31 01:15:00,-0.7046910000003663,-0.8396000000002459,-0.7721455000003061,-0.7357199999996737,-0.42024599999967904,-0.5779829999996764,-1.0157939999999144,-0.4000660000001517,-0.707930000000033
2022-07-31 01:30:00,-0.7101410000000214,-0.8443839999999909,-0.7772625000000062,-0.7318679999998494,-0.41922500000009677,-0.5755464999999731,-1.0096379999999954,-0.3990710000002764,-0.7043545000001359
2022-07-31 01:45:00,-0.706963000000087,-0.8439229999999043,-0.7754429999999957,-0.7315869999997631,-0.41820899999993344,-0.5748979999998483,-1.0105080000003,-0.3969050000000607,-0.7037065000001803
2022-07-31 02:15:00,-0.706963000000087,-0.8431100000002516,-0.7750365000001693,-0.7333380000000034,-0.4197159999998803,-0.5765269999999418,-1.0105099999996128,-0.39704299999993964,-0.7037764999997762
2022-07-31 02:30:00,-0.7068340000000717,-0.8395860000000539,-0.7732100000000628,-0.7334929999997257,-0.41849299999967116,-0.5759929999996984,-1.0129909999996016,-0.39948799999956464,-0.7062394999995831
2022-07-31 02:45:00,-0.7062560000003941,-0.8431110000001354,-0.7746835000002648,-0.7334929999997257,-0.4197169999997641,-0.5766049999997449,-1.012988999999834,-0.3987929999998414,-0.7058909999998377
2022-07-31 03:00:00,-0.7065730000003896,-0.8439240000002428,-0.7752485000003162,-0.7355539999998655,-0.4199589999998352,-0.5777564999998503,-1.0144639999998617,-0.39690499999960593,-0.7056844999997338
2022-07-31 03:30:00,-0.706963000000087,-0.8426469999999426,-0.7748050000000148,-0.7333380000000034,-0.4175279999999475,-0.5754329999999754,-1.0105100000000675,-0.39370499999995445,-0.702107500000011
2022-07-31 03:45:00,-0.7077420000000529,-0.8406480000003285,-0.7741950000001907,-0.7338039999999637,-0.41606099999989965,-0.5749324999999317,-1.0162130000003344,-0.3980380000002697,-0.707125500000302
2022-07-31 04:30:00,-0.706572000000051,-0.8397150000000693,-0.7731435000000602,-0.7338059999997313,-0.41572599999972226,-0.5747659999997268,-1.0162159999999858,-0.3973209999999199,-0.7067684999999528
2022-07-31 05:30:00,-0.7112449999999626,-0.8443969999998444,-0.7778209999999035,-0.7324069999999665,-0.419278000000304,-0.5758425000001353,-1.007853999999952,-0.3972039999998742,-0.7025289999999131
2022-07-31 05:45:00,-0.7091040000000248,-0.844398000000183,-0.7767510000001039,-0.7340429999999287,-0.42044899999973495,-0.5772459999998318,-1.0100580000002992,-0.39720600000009654,-0.7036320000001979
2022-07-31 06:15:00,-0.7083929999998873,-0.8438160000000607,-0.776104499999974,-0.7347770000001219,-0.4204469999999674,-0.5776120000000446,-1.0096189999999297,-0.39545399999997244,-0.702536499999951
2022-07-31 06:30:00,-0.708784999999807,-0.8432490000000143,-0.7760169999999107,-0.7325630000000274,-0.4170019999996839,-0.5747824999998556,-1.005666999999903,-0.3900899999998728,-0.6978784999998879
2022-07-31 06:45:00,-0.708393000000342,-0.8426470000003974,-0.7755200000003697,-0.7330289999999877,-0.4175279999999475,-0.5752784999999676,-1.0125410000000556,-0.39720400000032896,-0.7048725000001923
2022-07-31 07:15:00,-0.7118940000000293,-0.8436879999999292,-0.7777909999999792,-0.7312799999999697,-0.41504600000007486,-0.5731630000000223,-1.0107910000001539,-0.39587200000005396,-0.7033315000001039
2022-07-31 07:30:00,-0.7125430000000961,-0.8468539999998939,-0.779698499999995,-0.7310939999997572,-0.41826199999968594,-0.5746779999997216,-1.0042170000001533,-0.39328800000021147,-0.6987525000001824
2022-07-31 08:00:00,-0.7091050000003634,-0.8433570000001964,-0.7762310000002799,-0.7346259999999347,-0.4182630000000245,-0.5764444999999796,-1.008314000000155,-0.39154000000007727,-0.6999270000001161
2022-07-31 08:15:00,-0.7111119999999573,-0.8448659999999109,-0.7779889999999341,-0.7325769999997647,-0.41802400000005946,-0.5753004999999121,-1.0091910000001008,-0.39576800000031653,-0.7024795000002086
2022-07-31 08:30:00,-0.7089730000002419,-0.8421960000000581,-0.77558450000015,-0.7347930000000815,-0.4165219999999863,-0.5756575000000339,-1.012554999999793,-0.3932879999997567,-0.7029214999997748
2022-07-31 09:00:00,-0.7062510000000657,-0.8462990000002719,-0.7762750000001688,-0.7352589999995871,-0.4183259999999791,-0.5767924999997831,-1.0118500000003223,-0.39026300000023184,-0.7010565000002771
2022-07-31 09:45:00,-0.71014200000036,-0.8455900000003567,-0.7778660000003583,-0.7330449999999473,-0.4158429999997679,-0.5744439999998576,-1.0108079999999973,-0.3918389999998908,-0.701323499999944
2022-07-31 10:00:00,-0.7097520000002078,-0.8480490000001737,-0.7789005000001907,-0.7352609999998094,-0.4165769999999611,-0.5759189999998853,-1.0147609999999077,-0.3914230000000316,-0.7030919999999696
2022-07-31 10:15:00,-0.7101400000001377,-0.8455880000001343,-0.777864000000136,-0.7347930000000815,-0.4175909999999021,-0.5761919999999918,-1.0108079999999973,-0.3918389999998908,-0.701323499999944
2022-07-31 11:00:00,-0.7121540000002824,-0.8505079999999907,-0.7813310000001366,-0.7333129999997254,-0.4173099999998158,-0.5753114999997706,-1.0070040000000517,-0.3880970000000161,-0.6975505000000339
2022-07-31 11:30:00,-0.7086549999999079,-0.8462989999998172,-0.7774769999998625,-0.7315630000002784,-0.4165769999999611,-0.5740700000001198,-1.0081640000003063,-0.39142500000025393,-0.6997945000002801
2022-07-31 11:45:00,-0.7082639999998719,-0.8487579999996342,-0.778510999999753,-0.7337790000001405,-0.4173099999998158,-0.5755444999999781,-1.0103690000000825,-0.38925700000027064,-0.6998130000001765
2022-07-31 12:00:00,-0.7082629999999881,-0.8494650000002366,-0.7788640000001124,-0.7355279999997038,-0.41804199999978664,-0.5767849999997452,-1.0103680000001987,-0.3870889999998326,-0.6987285000000156
2022-07-31 12:30:00,-0.7101440000001276,-0.848051000000396,-0.7790975000002618,-0.7318759999998292,-0.4154089999997268,-0.573642499999778,-1.0096470000003137,-0.3902649999999994,-0.6999560000001566
2022-07-31 13:00:00,-0.7122830000002978,-0.8521380000001955,-0.7822105000002466,-0.730829999999969,-0.41604800000004616,-0.5734390000000076,-1.007444000000305,-0.38957100000016,-0.6985075000002325
2022-07-31 13:15:00,-0.7107240000000274,-0.8516770000001088,-0.7812005000000681,-0.735374999999749,-0.4173599999999169,-0.5763674999998329,-1.0131459999997787,-0.3891529999996237,-0.7011494999997012
2022-07-31 13:30:00,-0.7111150000000634,-0.8553070000002663,-0.7832110000001649,-0.7314089999999851,-0.41751499999963926,-0.5744619999998122,-1.0074420000000828,-0.3881570000003194,-0.6977995000002011
2022-07-31 14:00:00,-0.7107960000003004,-0.8520320000002357,-0.7814140000002681,-0.7310959999999795,-0.4182869999999639,-0.5746914999999717,-1.0030490000003738,-0.3875420000003942,-0.695295500000384
2022-07-31 14:45:00,-0.7097579999999653,-0.8511029999999664,-0.7804304999999658,-0.7303489999999329,-0.417946000000029,-0.5741474999999809,-1.0017150000003312,-0.3868140000004132,-0.6942645000003722
2022-07-31 15:00:00,-0.7115080000003218,-0.8535600000000159,-0.7825340000001688,-0.7291780000000472,-0.41575799999964147,-0.5724679999998443,-1.0034620000001269,-0.38639499999999316,-0.69492850000006
2022-07-31 15:15:00,-0.712289999999939,-0.8509809999995923,-0.7816354999997657,-0.7282430000000204,-0.41725999999971464,-0.5727514999998675,-0.997302000000218,-0.38653500000009444,-0.6919185000001562
2022-07-31 15:30:00,-0.710149999999885,-0.8468939999997929,-0.778521999999839,-0.7287099999998645,-0.41604199999983393,-0.5723759999998492,-0.9995060000001104,-0.3872290000003886,-0.6933675000002495
2022-07-31 15:45:00,-0.7107379999997647,-0.8473619999999755,-0.7790499999998701,-0.7287100000003193,-0.41477700000041295,-0.5717435000003661,-0.9995060000001104,-0.38520199999993565,-0.692354000000023
2022-07-31 16:00:00,-0.7098879999998644,-0.8509819999999308,-0.7804349999998976,-0.7301900000002206,-0.4172600000001694,-0.573725000000195,-1.00214700000015,-0.38653500000009444,-0.6943410000001222
2022-07-31 16:15:00,-0.7118960000002517,-0.8466530000000603,-0.779274500000156,-0.7269719999999325,-0.41288399999984904,-0.5699279999998907,-0.9995159999998577,-0.38619900000003327,-0.6928574999999455
2022-07-31 16:30:00,-0.7105389999996987,-0.8451399999999012,-0.7778394999998,-0.7276640000000043,-0.41545700000006036,-0.5715605000000323,-0.9955610000001798,-0.3854820000001382,-0.690521500000159
2022-07-31 16:45:00,-0.7118980000000192,-0.8510969999997542,-0.7814974999998867,-0.7281300000004194,-0.41619100000025355,-0.5721605000003365,-0.9995140000000902,-0.3868160000001808,-0.6931650000001355
2022-07-31 17:15:00,-0.7105390000001535,-0.85005799999999,-0.7802985000000717,-0.7276649999998881,-0.416924999999992,-0.57229499999994,-0.9955610000001798,-0.3846480000001975,-0.6901045000001886
2022-07-31 18:00:00,-0.7105389999996987,-0.8485329999998612,-0.77953599999978,-0.7247520000000804,-0.4147880000000441,-0.5697700000000623,-0.9955559999998513,-0.38695400000005975,-0.6912549999999555
2022-07-31 18:15:00,-0.7144289999996545,-0.8521619999996801,-0.7832954999996673,-0.7260360000000219,-0.41669199999978446,-0.5713639999999032,-0.9951019999998607,-0.38770500000009633,-0.6914034999999785
2022-07-31 19:00:00,-0.7105379999998149,-0.8533449999999903,-0.7819414999999026,-0.7264999999997599,-0.4167440000001079,-0.5716219999999339,-0.9973039999999855,-0.38583999999991647,-0.691571999999951
2022-07-31 19:15:00,-0.7122889999996005,-0.8541599999998652,-0.7832244999997329,-0.728251999999884,-0.4169879999999466,-0.5726199999999153,-0.9990550000002258,-0.3857020000000375,-0.6923785000001317
2022-07-31 19:30:00,-0.7126799999996365,-0.8517009999995935,-0.782190499999615,-0.7242849999997816,-0.41450499999973545,-0.5693949999997585,-0.9951000000000931,-0.38611900000023525,-0.6906095000001642
2022-07-31 20:00:00,-0.713448999999855,-0.8550839999998061,-0.7842664999998306,-0.7259109999999964,-0.4149859999997716,-0.570448499999884,-0.9967240000000857,-0.384092000000237,-0.6904080000001613
2022-07-31 20:15:00,-0.7122909999998228,-0.8534399999998641,-0.7828654999998435,-0.7264879999997902,-0.41624499999988984,-0.57136649999984,-0.9955410000002303,-0.38437100000010105,-0.6899560000001657
2022-07-31 20:30:00,-0.7119009999996706,-0.8566069999997126,-0.7842539999996916,-0.7269539999997505,-0.41421200000013414,-0.5705829999999423,-0.9994950000000244,-0.38178600000037477,-0.6906405000001996
2022-07-31 20:45:00,-0.7125499999997373,-0.8570769999996628,-0.7848134999997001,-0.7250179999996362,-0.41528799999969124,-0.5701529999996637,-0.9946680000002743,-0.38209900000038033,-0.6883835000003273
2022-07-31 21:00:00,-0.7105419999998048,-0.8553289999999834,-0.7829354999998941,-0.7264879999997902,-0.41528799999969124,-0.5708879999997407,-0.9972900000002483,-0.38209900000038033,-0.6896945000003143
2022-07-31 21:15:00,-0.7104100000001381,-0.8546190000001843,-0.7825145000001612,-0.7254840000000513,-0.4145539999999528,-0.570019000000002,-0.996871000000283,-0.3825160000001233,-0.6896935000002031
2022-07-31 21:30:00,-0.7119709999997212,-0.8589569999999185,-0.7854639999998199,-0.7261879999996381,-0.41719100000000253,-0.5716894999998203,-0.9929190000002563,-0.3799330000001646,-0.6864260000002105
2022-07-31 21:45:00,-0.7082680000003165,-0.8561549999999443,-0.7822115000001304,-0.727118999999675,-0.4149539999998524,-0.5710364999997637,-1.0002439999998387,-0.3813779999995859,-0.6908109999997123
2022-07-31 22:00:00,-0.7098280000000159,-0.8589560000000347,-0.7843920000000253,-0.7266529999997147,-0.417189999999664,-0.5719214999996893,-0.995122000000265,-0.3799320000002808,-0.6875270000002729
2022-07-31 22:30:00,-0.7125500000001921,-0.8619950000002063,-0.7872725000001992,-0.7244379999997363,-0.4161749999998392,-0.5703064999997878,-0.9946680000002743,-0.38126499999998487,-0.6879665000001296
2022-07-31 23:00:00,-0.7139810000003308,-0.8595490000002428,-0.7867650000002868,-0.7247059999999692,-0.416023999999652,-0.5703649999998106,-0.9931939999996757,-0.38167899999962174,-0.6874364999996487
2022-07-31 23:15:00,-0.7118410000002768,-0.8570930000000772,-0.784467000000177,-0.7269229999997151,-0.4170409999996991,-0.5719819999997071,-0.997150000000147,-0.383846000000176,-0.6904980000001615
2022-07-31 23:30:00,-0.7115790000002562,-0.8554470000003676,-0.7835130000003119,-0.7266540000000532,-0.4148009999998976,-0.5707274999999754,-0.9962930000001506,-0.38062500000023647,-0.6884590000001936
2022-08-01 00:00:00,-0.7108010000001741,-0.8573380000002544,-0.7840695000002142,-0.7244390000000749,-0.41325899999992544,-0.5688490000000002,-0.9975890000000618,-0.3812620000003335,-0.6894255000001976
2022-08-01 00:45:00,-0.715078000000176,-0.8566150000001471,-0.7858465000001615,-0.728403999999955,-0.4142199999996592,-0.5713119999998071,-0.9997919999996157,-0.3817939999998998,-0.6907929999997577
2022-08-01 01:30:00,-0.7115780000003724,-0.8560480000001007,-0.7838130000002366,-0.7266540000000532,-0.41252299999996467,-0.5695885000000089,-0.9986229999999523,-0.37875800000028903,-0.6886905000001207
2022-08-01 02:00:00,-0.7155999999999949,-0.8564939999996568,-0.7860469999998259,-0.7260229999997136,-0.4135360000000219,-0.5697794999998678,-0.9950879999996687,-0.38034799999968527,-0.687717999999677
2022-08-01 02:15:00,-0.7144310000003316,-0.8553270000002158,-0.7848790000002737,-0.7260229999997136,-0.4135369999999057,-0.5697799999998097,-0.9950890000000072,-0.3803490000000238,-0.6877190000000155
2022-08-01 03:15:00,-0.7161820000001171,-0.852987000000212,-0.7845845000001646,-0.727773999999954,-0.4140669999997044,-0.5709204999998292,-0.996838999999909,-0.38279099999999744,-0.6898149999999532
2022-08-01 03:45:00,-0.715849000000162,-0.8528660000001764,-0.7843575000001692,-0.727462999999716,-0.4145509999998467,-0.5710069999997813,-0.9936280000001716,-0.3807639999999992,-0.6871960000000854
2022-08-01 04:15:00,-0.7158509999999296,-0.8531060000000252,-0.7844784999999774,-0.7257150000000365,-0.41246000000001004,-0.5690875000000233,-0.9918800000000374,-0.3782850000002327,-0.685082500000135
2022-08-01 04:30:00,-0.715588999999909,-0.8553270000002158,-0.7854580000000624,-0.728947000000062,-0.4152870000002622,-0.5721170000001621,-0.9945250000000669,-0.37859900000012203,-0.6865620000000945
2022-08-01 04:45:00,-0.713839999999891,-0.8538159999998243,-0.7838279999998576,-0.727198000000044,-0.4131949999996323,-0.5701964999998381,-0.9945260000004055,-0.3778700000002573,-0.6861980000003314
2022-08-01 05:00:00,-0.7144899999998415,-0.8518259999996189,-0.7831579999997302,-0.7252479999997377,-0.41353499999968335,-0.5693914999997105,-0.9879280000000108,-0.37684800000033647,-0.6823880000001736
2022-08-01 05:15:00,-0.7137089999996533,-0.8567439999997077,-0.7852264999996805,-0.7279319999997824,-0.4132529999997132,-0.5705924999997478,-0.9940880000003744,-0.37426500000037777,-0.6841765000003761
2022-08-01 05:45:00,-0.7164989999996578,-0.8565089999997326,-0.7865039999996952,-0.7249509999996917,-0.41475999999966007,-0.5698554999996759,-0.987058000000161,-0.3767330000000584,-0.6818955000001097
2022-08-01 06:15:00,-0.7148230000002513,-0.8526550000001407,-0.783739000000196,-0.7267299999998613,-0.4132030000000668,-0.5699664999999641,-0.9928920000002108,-0.37845900000002075,-0.6856755000001158
2022-08-01 06:30:00,-0.7146890000003623,-0.8560350000002472,-0.7853620000003048,-0.72572799999989,-0.41368999999986045,-0.5697089999998752,-0.9924759999998969,-0.3781819999999243,-0.6853289999999106
2022-08-01 06:45:00,-0.7144989999997051,-0.8560489999999845,-0.7852739999998448,-0.7235099999998056,-0.41427399999975023,-0.5688919999997779,-0.9879400000004352,-0.3781800000001567,-0.683060000000296
2022-08-01 07:45:00,-0.718000000000302,-0.8608460000000377,-0.7894230000001698,-0.7252610000000459,-0.4127260000000206,-0.5689935000000332,-0.991439999999784,-0.37531799999987925,-0.6833789999998316
2022-08-01 08:00:00,-0.718260999999984,-0.8585070000003725,-0.7883840000001783,-0.723779999999806,-0.41325800000004165,-0.5685189999999238,-0.9887980000003154,-0.377762999999959,-0.6832805000001372
2022-08-01 08:15:00,-0.7165119999999661,-0.8616759999999886,-0.7890939999999773,-0.7249509999996917,-0.4158950000000914,-0.5704229999998915,-0.9853010000001632,-0.3734309999999823,-0.6793660000000727
2022-08-01 08:30:00,-0.7182630000002064,-0.8585100000000239,-0.7883865000001151,-0.7267010000000482,-0.4161779999999453,-0.5714394999999968,-0.9905490000001009,-0.3795130000003155,-0.6850310000002082
2022-08-01 08:45:00,-0.7178710000002866,-0.8609670000000733,-0.78941900000018,-0.7259970000000067,-0.4139909999998963,-0.5699939999999515,-0.9892550000004121,-0.37384700000029625,-0.6815510000003542
2022-08-01 09:15:00,-0.7196210000001884,-0.8656489999998485,-0.7926350000000184,-0.7271679999998923,-0.4152139999996507,-0.5711909999997715,-0.9927560000000994,-0.37548000000015236,-0.6841180000001259
2022-08-01 09:45:00,-0.7165119999999661,-0.8613219999997455,-0.7889169999998558,-0.7255329999998139,-0.4155470000000605,-0.5705399999999372,-0.9888030000001891,-0.37562000000025364,-0.6822115000002213
2022-08-01 10:30:00,-0.7158620000000155,-0.8620299999997769,-0.7889459999998962,-0.7292299999999159,-0.4145300000000134,-0.5718799999999646,-0.9953980000000229,-0.3734540000000379,-0.6844260000000304
2022-08-01 10:45:00,-0.7178710000002866,-0.867989000000307,-0.7929300000002968,-0.7242489999998725,-0.41351499999973385,-0.5688819999998032,-0.9892570000001797,-0.37128800000027695,-0.6802725000002283
2022-08-01 11:00:00,-0.7158599999997932,-0.8637789999997949,-0.7898194999997941,-0.7257309999999961,-0.4127809999999954,-0.5692559999999958,-0.9936490000000049,-0.3734540000000379,-0.6835515000000214
2022-08-01 11:15:00,-0.7180019999996148,-0.8613209999998617,-0.7896614999997382,-0.7252669999998034,-0.4120499999999083,-0.5686584999998558,-0.9914480000002186,-0.37387300000000323,-0.6826605000001109
2022-08-01 12:15:00,-0.717609999999695,-0.8679889999998522,-0.7927994999997736,-0.7274809999998979,-0.4152649999996356,-0.5713729999997668,-0.9936500000003434,-0.3730380000001787,-0.6833440000002611
2022-08-01 12:30:00,-0.7183210000002873,-0.8662370000001829,-0.7922790000002351,-0.7284829999998692,-0.41468399999985195,-0.5715834999998606,-0.9928960000002007,-0.37128700000039316,-0.682091500000297
2022-08-01 12:45:00,-0.7185799999997471,-0.8655300000000352,-0.7920549999998912,-0.7252650000000358,-0.4139519999998811,-0.5696084999999584,-0.9902770000003329,-0.37345500000037646,-0.6818660000003547
2022-08-01 13:00:00,-0.7194899999999507,-0.865762999999788,-0.7926264999998693,-0.7273129999998673,-0.41302300000006653,-0.5701679999999669,-0.9958149999997659,-0.3744849999998223,-0.6851499999997941
2022-08-01 13:45:00,-0.7210990000003221,-0.8679860000002009,-0.7945425000002615,-0.7292199999997138,-0.41351399999985006,-0.5713669999997819,-0.9971379999997225,-0.3730359999999564,-0.6850869999998395
2022-08-01 14:00:00,-0.7173389999998108,-0.8678820000000087,-0.7926104999999097,-0.7307009999999536,-0.41575399999965157,-0.5732274999998026,-0.9980320000004212,-0.3727580000004309,-0.6853950000004261
2022-08-01 14:15:00,-0.7181209999998828,-0.8620300000002317,-0.7900755000000572,-0.7262680000003456,-0.4127800000001116,-0.5695240000002286,-0.9918729999999414,-0.3734540000000379,-0.6826634999999897
2022-08-01 14:30:00,-0.7218820000002779,-0.8678820000000087,-0.7948820000001433,-0.7265370000000075,-0.41400400000020454,-0.570270500000106,-0.9892290000002504,-0.3710080000000744,-0.6801185000001624
2022-08-01 14:45:00,-0.718319000000065,-0.863788999999997,-0.791054000000031,-0.7273239999999532,-0.412789999999859,-0.5700569999999061,-0.9946549999999661,-0.37345300000015413,-0.6840540000000601
2022-08-01 15:15:00,-0.7169609999996283,-0.861210999999912,-0.7890859999997701,-0.7268569999996544,-0.41429299999981595,-0.5705749999997352,-0.9907010000001719,-0.3735940000001392,-0.6821475000001556
2022-08-01 15:45:00,-0.7216289999996661,-0.8654179999998632,-0.7935234999997647,-0.7262769999997545,-0.41152599999986705,-0.5689014999998108,-0.9936200000001918,-0.3731750000001739,-0.6833975000001828
2022-08-01 16:00:00,-0.7177399999995941,-0.861449999999877,-0.7895949999997356,-0.7284930000000713,-0.412199999999757,-0.5703464999999142,-0.9940740000001824,-0.37111400000003414,-0.6825940000001083
2022-08-01 16:15:00,-0.7196209999997336,-0.8639079999998103,-0.7917644999997719,-0.7294959999999264,-0.4129330000000664,-0.5712144999999964,-0.9944909999999254,-0.3706959999999526,-0.682593499999939
2022-08-01 16:30:00,-0.72195099999999,-0.8629619999996976,-0.7924564999998438,-0.7300759999998263,-0.41253599999981816,-0.5713059999998222,-0.9962390000000596,-0.3730000000000473,-0.6846195000000534
2022-08-01 18:00:00,-0.7180609999995795,-0.8661290000000008,-0.7920949999997902,-0.7288049999997384,-0.41226099999994403,-0.5705329999998412,-0.9955469999999877,-0.3692620000001625,-0.6824045000000751
2022-08-01 18:15:00,-0.7194889999996121,-0.8636659999997391,-0.7915774999996756,-0.726741999999831,-0.4097759999999653,-0.5682589999998982,-0.9940719999999601,-0.3696770000001379,-0.681874500000049
2022-08-01 18:30:00,-0.7208519999999226,-0.8668410000000222,-0.7938464999999724,-0.7246409999997923,-0.41123800000013944,-0.5679394999999658,-0.9885039999999208,-0.3688409999999749,-0.6786724999999478
2022-08-01 18:45:00,-0.7180610000000343,-0.8619209999997111,-0.7899909999998727,-0.7287900000001173,-0.40976999999975305,-0.5692799999999352,-0.9972820000002685,-0.3696740000000318,-0.6834780000001501
2022-08-01 19:15:00,-0.722342000000026,-0.8685889999997016,-0.7954654999998638,-0.7261079999998401,-0.4112369999998009,-0.5686724999998205,-0.9911250000000109,-0.36884100000042963,-0.6799830000002203
2022-08-01 20:00:00,-0.71884399999999,-0.8650909999996657,-0.7919674999998279,-0.7261089999997239,-0.4112379999996847,-0.5686734999997043,-0.9905349999999089,-0.3682510000003276,-0.6793930000001183
2022-08-01 20:15:00,-0.720201999999972,-0.8643809999998666,-0.7922914999999193,-0.7283269999998083,-0.41050399999994625,-0.5694154999998773,-0.9962399999999434,-0.3704170000000886,-0.683328500000016
2022-08-01 21:30:00,-0.7241609999996399,-0.8661259999998947,-0.7951434999997673,-0.72534399999995,-0.4122589999997217,-0.5688014999998359,-0.9857109999998102,-0.3692599999999402,-0.6774854999998752
2022-08-01 22:30:00,-0.7244230000001153,-0.8656800000003386,-0.795051500000227,-0.7250220000000809,-0.41123700000025565,-0.5681295000001683,-0.9842380000000048,-0.3670910000000731,-0.675664500000039
2022-08-01 22:45:00,-0.7245410000000447,-0.864379000000099,-0.7944600000000719,-0.7248670000003585,-0.41225200000008044,-0.5685595000002195,-0.9823369999999159,-0.3680869999998322,-0.675211999999874
2022-08-01 23:00:00,-0.7226019999998243,-0.8656799999998839,-0.7941409999998541,-0.7275510000004033,-0.41123700000025565,-0.5693940000003295,-0.9896650000000591,-0.3670910000000731,-0.6783780000000661
2022-08-01 23:15:00,-0.7234990000001744,-0.8684680000001208,-0.7959835000001476,-0.7278719999999339,-0.41056299999991097,-0.5692174999999224,-0.989390000000185,-0.3638949999999568,-0.6766425000000709
2022-08-01 23:30:00,-0.7237710000003972,-0.8666010000001734,-0.7951860000002853,-0.7304699999999684,-0.4144890000002306,-0.5724795000000995,-0.9896659999999429,-0.3678110000000743,-0.6787385000000086
2022-08-02 00:30:00,-0.7201999999997497,-0.8614699999998265,-0.7908349999997881,-0.731246999999712,-0.4105019999997239,-0.570874499999718,-0.998012000000017,-0.3692569999998341,-0.6836344999999255
2022-08-02 01:30:00,-0.7198819999998705,-0.8662679999997636,-0.793074999999817,-0.7297779999998966,-0.4112959999997656,-0.5705369999998311,-0.9936219999999594,-0.36522800000011557,-0.6794250000000375
2022-08-02 02:00:00,-0.7239029999996092,-0.8626259999996364,-0.7932644999996228,-0.726814000000104,-0.40875899999991816,-0.5677865000000111,-0.9883340000001226,-0.36576000000013664,-0.6770470000001296
2022-08-02 02:15:00,-0.724091000000044,-0.8673079999998663,-0.7956994999999552,-0.7307799999998679,-0.4117320000000291,-0.5712559999999485,-0.9922890000002553,-0.3650640000000749,-0.6786765000001651
2022-08-02 02:30:00,-0.7266230000000178,-0.8648479999997107,-0.7957354999998643,-0.7269289999999273,-0.4098289999997178,-0.5683789999998226,-0.986721000000216,-0.3660710000003746,-0.6763960000002953
2022-08-02 03:00:00,-0.722733000000062,-0.8657969999999295,-0.7942649999999958,-0.7273940000000039,-0.4102179999999862,-0.568805999999995,-0.9871760000000904,-0.36317300000018804,-0.6751745000001392
2022-08-02 03:15:00,-0.7241640000002008,-0.8667330000002949,-0.7954485000002478,-0.7288330000001224,-0.41347600000017337,-0.5711545000001479,-0.9839530000003833,-0.36331200000040553,-0.6736325000003944
2022-08-02 03:30:00,-0.7228039999999964,-0.8656920000003083,-0.7942480000001524,-0.7231179999998858,-0.40895999999975174,-0.5660389999998188,-0.9800000000000182,-0.36114400000042224,-0.6705720000002202
2022-08-02 03:45:00,-0.7221530000001621,-0.8640470000000278,-0.793100000000095,-0.7268139999996492,-0.4084679999996297,-0.5676409999996395,-0.9883450000002085,-0.36317200000030425,-0.6757585000002564
2022-08-02 05:45:00,-0.7259139999996478,-0.8662679999997636,-0.7960909999997057,-0.725336999999854,-0.4060469999999441,-0.565691999999899,-0.9857069999998203,-0.3599879999997029,-0.6728474999997616
2022-08-02 06:15:00,-0.7266230000000178,-0.868724999999813,-0.7976739999999154,-0.7269299999998111,-0.40852899999981673,-0.5677294999998139,-0.9878830000002381,-0.3624790000003486,-0.6751810000002934
2022-08-02 06:30:00,-0.724739999999656,-0.8662649999996574,-0.7955024999996567,-0.7270969999999579,-0.4089640000001964,-0.5680305000000772,-0.9863080000000082,-0.3617370000001756,-0.6740225000000919
2022-08-02 07:15:00,-0.7255239999999503,-0.8669769999996788,-0.7962504999998146,-0.7232469999999012,-0.40852899999981673,-0.565887999999859,-0.9801519999996344,-0.3613199999999779,-0.6707359999998062
2022-08-02 08:00:00,-0.7305859999996756,-0.8691999999996369,-0.7998929999996562,-0.7239380000000892,-0.4078490000001693,-0.5658935000001293,-0.9790949999996883,-0.3598709999996572,-0.6694829999996728
2022-08-02 09:00:00,-0.7284459999996216,-0.8667409999998199,-0.7975934999997207,-0.7244059999998171,-0.4071169999997437,-0.5657614999997804,-0.9824610000000575,-0.36144800000010946,-0.6719545000000835
2022-08-02 09:45:00,-0.7263039999998,-0.8667409999998199,-0.79652249999981,-0.7260409999998956,-0.4082859999998618,-0.5671634999998787,-0.9864139999999679,-0.36319700000012745,-0.6748055000000477
2022-08-02 10:00:00,-0.7280559999999241,-0.8723659999996016,-0.8002109999997629,-0.7266209999997955,-0.40756599999986065,-0.567093499999828,-0.9864139999999679,-0.358447999999953,-0.6724309999999605
2022-08-02 10:30:00,-0.7287010000000009,-0.8699060000003556,-0.7993035000001782,-0.7241060000001198,-0.40800099999978556,-0.5660534999999527,-0.9815910000002077,-0.3606119999999464,-0.6711015000000771
2022-08-02 11:00:00,-0.7263060000000223,-0.8715539999998327,-0.7989299999999275,-0.7266230000000178,-0.40907400000014604,-0.5678485000000819,-0.988166000000092,-0.3620860000000903,-0.6751260000000912
2022-08-02 11:30:00,-0.7263069999999061,-0.8715559999996003,-0.7989314999997532,-0.7266230000000178,-0.40907500000002983,-0.5678490000000238,-0.986417000000074,-0.3603379999999561,-0.6733775000000151
2022-08-02 11:45:00,-0.7266989999998259,-0.8676879999998164,-0.7971934999998211,-0.7226580000001377,-0.40576499999997395,-0.5642115000000558,-0.9859620000001996,-0.36381299999993644,-0.674887500000068
2022-08-02 13:00:00,-0.725528999999824,-0.871780999999828,-0.798654999999826,-0.7232370000001538,-0.40872899999976653,-0.5659829999999602,-0.983049999999821,-0.36136999999962427,-0.6722099999997226
2022-08-02 13:15:00,-0.7274080000001959,-0.8738940000002913,-0.8006510000002436,-0.7207539999999426,-0.4050459999998566,-0.5628999999998996,-0.9834890000001906,-0.359653000000435,-0.6715710000003128
2022-08-02 13:30:00,-0.7263090000001284,-0.8741330000002563,-0.8002210000001924,-0.7170539999997345,-0.4064519999997174,-0.5617529999997259,-0.9739730000001146,-0.3577530000002298,-0.6658630000001722
2022-08-02 13:45:00,-0.7259169999997539,-0.8739080000000286,-0.7999124999998912,-0.7210329999998066,-0.40854899999976624,-0.5647909999997864,-0.9820260000001326,-0.3625600000000304,-0.6722930000000815
2022-08-02 14:00:00,-0.7277970000000096,-0.8763679999997294,-0.8020824999998695,-0.7185490000001664,-0.40578400000003967,-0.562166500000103,-0.9795469999999113,-0.35922400000026755,-0.6693855000000895
2022-08-02 14:15:00,-0.7260479999999916,-0.8741449999997712,-0.8000964999998814,-0.7202969999998459,-0.4082130000001598,-0.5642550000000028,-0.9795450000001438,-0.36067400000001726,-0.6701095000000805
2022-08-02 14:30:00,-0.7239049999998315,-0.8748510000000351,-0.7993779999999333,-0.719014000000243,-0.4054470000000947,-0.5622305000001688,-0.9799990000001344,-0.356757000000016,-0.6683780000000752
2022-08-02 14:45:00,-0.7227379999999357,-0.8728550000000723,-0.797796500000004,-0.7178439999997863,-0.4040310000000318,-0.560937499999909,-0.9799970000003668,-0.35689800000000105,-0.6684475000001839
2022-08-02 15:15:00,-0.7232610000000932,-0.8734580000000278,-0.7983595000000605,-0.7166280000001279,-0.40350400000033915,-0.5600660000002335,-0.9770379999999932,-0.35503200000039215,-0.6660350000001927
2022-08-02 15:30:00,-0.7267579999997906,-0.8764809999997851,-0.8016194999997879,-0.7166270000002442,-0.40418300000010277,-0.5604050000001735,-0.9770360000002256,-0.35647900000003574,-0.6667575000001307
2022-08-02 15:45:00,-0.7249510000001465,-0.8729840000000877,-0.7989675000001171,-0.7119280000001709,-0.4012640000000829,-0.5565960000001269,-0.9694429999999556,-0.35298099999999977,-0.6612119999999777
2022-08-02 16:00:00,-0.7243020000000797,-0.8752079999999296,-0.7997550000000047,-0.7173630000002049,-0.4040850000001228,-0.5607240000001639,-0.9760169999999562,-0.3532829999999194,-0.6646499999999378
2022-08-02 16:15:00,-0.7281899999998132,-0.8756680000001325,-0.8019289999999728,-0.7168940000001385,-0.40452000000004773,-0.5607070000000931,-0.9738110000002962,-0.35486900000023525,-0.6643400000002657
2022-08-02 16:30:00,-0.7285830000000715,-0.8763770000000477,-0.8024800000000596,-0.7129279999999198,-0.40175500000032116,-0.5573415000001205,-0.9716040000002977,-0.35445300000037605,-0.6630285000003369
2022-08-02 16:45:00,-0.7289710000000014,-0.8763749999998254,-0.8026729999999134,-0.7124599999997372,-0.4035030000000006,-0.5579814999998689,-0.967649000000165,-0.3544510000001537,-0.6610500000001593
2022-08-02 17:15:00,-0.7292930000003253,-0.8785860000002685,-0.8039395000002969,-0.7139419999998609,-0.403990999999678,-0.5589664999997694,-0.9691319999997177,-0.3530160000000251,-0.6610739999998714
2022-08-02 18:00:00,-0.7292930000003253,-0.8744990000000143,-0.8018960000001698,-0.715689999999995,-0.40452000000004773,-0.5601050000000214,-0.9702900000002046,-0.35486900000023525,-0.6625795000002199
2022-08-02 18:15:00,-0.7253989999999249,-0.8734549999999217,-0.7994269999999233,-0.7161539999997331,-0.4035019999996621,-0.5598279999996976,-0.9678329999997004,-0.34804199999962293,-0.6579374999996617
2022-08-02 18:45:00,-0.7250130000002173,-0.8734580000000278,-0.7992355000001226,-0.7166229999997995,-0.4017549999998664,-0.559188999999833,-0.9752859999998691,-0.351542999999765,-0.663414499999817
2022-08-02 19:30:00,-0.7235239999999976,-0.8741660000000593,-0.7988450000000284,-0.7168879999999263,-0.40423699999973906,-0.5605624999998327,-0.9708899999995992,-0.3493759999996655,-0.6601329999996324
2022-08-02 20:00:00,-0.7264430000000175,-0.8775590000000193,-0.8020010000000184,-0.7168879999999263,-0.40355700000009165,-0.560222500000009,-0.9708909999999378,-0.3479279999996834,-0.6594094999998106
2022-08-02 20:15:00,-0.7268330000001697,-0.8729820000003201,-0.7999075000002449,-0.7146719999996094,-0.4030129999996461,-0.5588424999996278,-0.9680969999999434,-0.351231000000098,-0.6596640000000207
2022-08-02 20:30:00,-0.7289719999998852,-0.8763760000001639,-0.8026740000000245,-0.712456000000202,-0.4035039999998844,-0.5579800000000432,-0.965893000000051,-0.35270300000001953,-0.6592980000000352
2022-08-02 20:45:00,-0.7285820000001877,-0.8768489999997655,-0.8027154999999766,-0.7146720000000641,-0.402824000000237,-0.5587480000001506,-0.9680969999999434,-0.3495039999997971,-0.6588004999998702
2022-08-02 21:00:00,-0.7250829999998132,-0.8734559999998055,-0.7992694999998093,-0.7146710000001804,-0.4040820000000167,-0.5593765000000985,-0.9680970000003981,-0.35153300000001764,-0.6598150000002079
2022-08-02 21:30:00,-0.7267000000001644,-0.875912999999855,-0.8013065000000097,-0.713669000000209,-0.4013159999999516,-0.5574925000000803,-0.9676789999998618,-0.3476149999996778,-0.6576469999997698
2022-08-02 22:00:00,-0.7285799999999654,-0.8770840000001954,-0.8028320000000804,-0.7164339999999356,-0.40423599999985527,-0.5603349999998954,-0.9686990000000151,-0.3493660000003729,-0.659032500000194
2022-08-02 22:15:00,-0.7264399999999114,-0.8754420000000209,-0.8009409999999662,-0.7169020000001183,-0.4037469999998393,-0.5603244999999788,-0.9709060000000136,-0.3496450000002369,-0.6602755000001252
2022-08-02 23:15:00,-0.7311119999999391,-0.8812929999999142,-0.8062024999999267,-0.7215590000000702,-0.40671900000006644,-0.5641390000000683,-0.9755530000002182,-0.3506990000000769,-0.6631260000001475
2022-08-02 23:45:00,-0.7263699999998607,-0.8776640000000953,-0.802016999999978,-0.7223370000001523,-0.4059860000002118,-0.5641615000001821,-0.9792310000002544,-0.35111600000027465,-0.6651735000002645
2022-08-03 00:15:00,-0.7264399999999114,-0.8752049999998235,-0.8008224999998674,-0.7180579999999281,-0.4052510000001348,-0.5616545000000315,-0.9720520000000761,-0.35153200000013385,-0.661792000000105
2022-08-03 01:15:00,-0.7279299999995601,-0.8770829999998568,-0.8025064999997085,-0.7230399999998554,-0.40715399999999136,-0.5650969999999234,-0.9746970000001056,-0.34878600000001825,-0.6617415000000619
2022-08-03 01:30:00,-0.7261809999999969,-0.874163999999837,-0.8001724999999169,-0.7212920000001759,-0.4042349999999715,-0.5627635000000737,-0.9764500000001135,-0.3493660000003729,-0.6629080000002432
2022-08-03 01:45:00,-0.7265710000001491,-0.8736900000003516,-0.8001305000002503,-0.7179049999999734,-0.403744999999617,-0.5608249999997952,-0.9724930000002132,-0.35081399999990026,-0.6616535000000567
2022-08-03 02:00:00,-0.7300709999999526,-0.875912999999855,-0.8029919999999038,-0.717906999999741,-0.4013159999999516,-0.5596114999998463,-0.9724949999999808,-0.34761600000001636,-0.6600554999999986
2022-08-03 02:15:00,-0.7264420000001337,-0.8671289999997498,-0.7967854999999417,-0.7168919999999162,-0.40003900000010617,-0.5584655000000112,-0.9738070000003063,-0.35192700000015975,-0.662867000000233
2022-08-03 02:30:00,-0.7265710000001491,-0.8712319999999636,-0.7989015000000563,-0.7179070000001957,-0.4030120000002171,-0.5604595000002064,-0.9707459999999628,-0.34948099999974147,-0.6601134999998521
2022-08-03 02:45:00,-0.7285830000000715,-0.8687720000002628,-0.7986775000001671,-0.7164259999999558,-0.4005290000000059,-0.5584774999999809,-0.9716010000001916,-0.3516469999999572,-0.6616240000000744
2022-08-03 03:00:00,-0.7285809999998492,-0.8712299999997413,-0.7999054999997952,-0.7181739999996353,-0.40300999999999476,-0.560591999999815,-0.9686930000002576,-0.3483200000000579,-0.6585065000001578
2022-08-03 03:15:00,-0.7304619999999886,-0.868771999999808,-0.7996169999998983,-0.7191889999999148,-0.40227599999980157,-0.5607324999998582,-0.9702910000000884,-0.3498960000001716,-0.66009350000013
2022-08-03 03:30:00,-0.7304609999996501,-0.8736899999998968,-0.8020754999997735,-0.7174419999996644,-0.4019949999997152,-0.5597184999996898,-0.9691340000003947,-0.34790300000031493,-0.6585185000003548
2022-08-03 03:45:00,-0.7300720000002912,-0.8712320000004183,-0.8006520000003547,-0.7179099999998471,-0.3995129999998426,-0.5587114999998448,-0.9713409999999385,-0.3465719999999237,-0.6589564999999311
2022-08-03 04:30:00,-0.7323409999999058,-0.8712299999997413,-0.8017854999998235,-0.718456999999944,-0.4012609999999768,-0.5598589999999604,-0.9695729999998548,-0.3483189999997194,-0.6589459999997871
2022-08-03 04:45:00,-0.7290310000003046,-0.8676020000002609,-0.7983165000002828,-0.7189239999997881,-0.4005280000001221,-0.5597259999999551,-0.9717789999999695,-0.3487379999996847,-0.6602584999998271
2022-08-03 05:45:00,-0.7304609999996501,-0.8674939999996241,-0.7989774999996371,-0.7191920000000209,-0.39984599999979764,-0.5595189999999093,-0.9708850000001803,-0.34728800000038973,-0.659086500000285
2022-08-03 06:00:00,-0.7307219999997869,-0.8692449999998644,-0.7999834999998257,-0.7188809999997829,-0.40276700000003984,-0.5608239999999114,-0.9676520000002711,-0.3484470000003057,-0.6580495000002884
2022-08-03 06:30:00,-0.7318209999998544,-0.8693519999997079,-0.8005864999997812,-0.7208300000002055,-0.40052700000023833,-0.5606785000002219,-0.9725019999996221,-0.346976999999697,-0.6597394999996595
2022-08-03 06:45:00,-0.7335699999998724,-0.8718089999997574,-0.8026894999998149,-0.7225800000001072,-0.401260000000093,-0.5619200000001001,-0.9742540000002009,-0.346559999999954,-0.6604070000000775
2022-08-03 07:00:00,-0.7303320000000895,-0.8689049999998133,-0.7996184999999514,-0.7211000000002059,-0.40184499999986656,-0.5614725000000362,-0.9716109999999389,-0.3471379999996316,-0.6593744999997853
2022-08-03 07:30:00,-0.7311110000000554,-0.8707819999999629,-0.8009465000000091,-0.723316000000068,-0.40082799999981944,-0.5620719999999437,-0.9755640000003041,-0.3449709999999868,-0.6602675000001454
2022-08-03 07:45:00,-0.7332509999996546,-0.8700739999999314,-0.801662499999793,-0.7210999999997512,-0.4000949999999648,-0.560597499999858,-0.9716110000003937,-0.34538800000018455,-0.6584995000002891
2022-08-03 08:15:00,-0.7335100000000239,-0.8705439999998816,-0.8020269999999527,-0.7208000000000538,-0.40059000000019296,-0.5606950000001234,-0.9719100000002072,-0.346871000000192,-0.6593905000001996
2022-08-03 08:30:00,-0.7374009999998634,-0.8747519999997166,-0.80607649999979,-0.7203359999998611,-0.4013239999999314,-0.5608299999998962,-0.9697080000000824,-0.3464550000003328,-0.6580815000002076
2022-08-03 09:00:00,-0.7342920000000959,-0.8737099999998463,-0.8040009999999711,-0.7163700000000972,-0.4003080000002228,-0.55833900000016,-0.9640050000002702,-0.3442880000002333,-0.6541465000002518
2022-08-03 09:45:00,-0.7320810000001075,-0.8770939999999428,-0.8045875000000251,-0.7193670000001475,-0.400796999999784,-0.5600819999999658,-0.973388000000341,-0.34576300000026094,-0.659575500000301
2022-08-03 10:15:00,-0.7320809999996527,-0.8759359999999106,-0.8040084999997816,-0.719365999999809,-0.39962900000000445,-0.5594974999999067,-0.9751360000000204,-0.3463390000001709,-0.6607375000000957
2022-08-03 10:30:00,-0.7356409999997595,-0.8836429999996653,-0.8096419999997124,-0.7174190000000635,-0.4015829999998459,-0.5595009999999547,-0.9667920000001686,-0.3417309999999816,-0.6542615000000751
2022-08-03 11:00:00,-0.7338310000000092,-0.8862199999998666,-0.8100254999999379,-0.7176180000001295,-0.4012470000002395,-0.5594325000001845,-0.9733900000001086,-0.3445130000000063,-0.6589515000000574
2022-08-03 11:15:00,-0.7299410000000535,-0.8778019999999742,-0.8038715000000138,-0.7198339999999916,-0.39978000000019165,-0.5598070000000916,-0.975594000000001,-0.34359600000016144,-0.6595950000000812
2022-08-03 11:30:00,-0.7324709999998049,-0.879551999999876,-0.8060114999998405,-0.7171509999998307,-0.4015300000000934,-0.559340499999962,-0.9694349999999758,-0.3453460000000632,-0.6573905000000195
2022-08-03 12:30:00,-0.7336439999999129,-0.8838940000000548,-0.8087689999999839,-0.7188869999999952,-0.40299000000004526,-0.5609385000000202,-0.9723310000003949,-0.3456690000002709,-0.6590000000003329
2022-08-03 12:45:00,-0.7317619999998897,-0.8801539999999477,-0.8059579999999187,-0.7178840000001401,-0.39983200000006036,-0.5588580000001002,-0.9707440000001952,-0.341729000000214,-0.6562365000002046
2022-08-03 13:15:00,-0.7367559999997866,-0.8802639999998974,-0.808509999999842,-0.7144549999998162,-0.3987579999998161,-0.5566064999998162,-0.9650010000000293,-0.3431660000001102,-0.6540835000000698
2022-08-03 13:30:00,-0.736362999999983,-0.8843659999997726,-0.8103644999998778,-0.7166700000002493,-0.39998000000014144,-0.5583250000001954,-0.9654569999997875,-0.33897099999967395,-0.6522139999997307
2022-08-03 13:45:00,-0.7346159999997326,-0.882618999999977,-0.8086174999998548,-0.718420000000151,-0.401730999999927,-0.560075500000039,-0.9672049999999217,-0.34072199999991426,-0.653963499999918
2022-08-03 14:00:00,-0.7359750000000531,-0.8850760000000264,-0.8105255000000398,-0.7188869999999952,-0.3989639999999781,-0.5589254999999866,-0.9711589999997159,-0.33855399999993097,-0.6548564999998234
2022-08-03 14:15:00,-0.7350019999998949,-0.8868210000000545,-0.8109114999999747,-0.7211019999999735,-0.4012990000001082,-0.5612005000000408,-0.9745319999997264,-0.34031499999991865,-0.6574234999998225
2022-08-03 14:30:00,-0.7353949999996985,-0.8850720000000365,-0.8102334999998675,-0.7188860000001114,-0.39954900000020643,-0.5592175000001589,-0.9705790000002708,-0.3385660000003554,-0.6545725000003131
2022-08-03 15:00:00,-0.7573020000004362,-0.9022990000003119,-0.8298005000003741,-0.7358839999997144,-0.4242749999998523,-0.5800794999997834,-0.9893510000001697,-0.3733390000002146,-0.6813450000001922
2022-08-03 15:15:00,,,,-0.7403449999997065,-0.4289899999998852,-0.5846674999997958,-0.9956389999997555,-0.40143299999999726,-0.6985359999998764
2022-08-03 15:30:00,,,,-0.713792999999896,-0.4031519999998636,-0.5584724999998798,-0.9499799999998686,-0.3926519999999982,-0.6713159999999334
2022-08-03 15:45:00,,,,-0.6834169999997357,-0.38873499999999694,-0.5360759999998663,-0.8987309999997706,-0.4115809999998419,-0.6551559999998062
2022-08-03 16:00:00,,,,-0.6704310000000078,-0.37366900000006353,-0.5220500000000357,-0.8729829999997492,-0.4175519999998869,-0.645267499999818
2022-08-03 16:15:00,,,,-0.6679009999998016,-0.3687419999996564,-0.518321499999729,-0.8710509999996248,-0.4329909999996744,-0.6520209999996496
2022-08-03 16:30:00,,,,-0.6568629999997029,-0.35824400000001333,-0.5075534999998581,-0.8536499999995613,-0.4343779999999242,-0.6440139999997427
2022-08-03 16:45:00,,,,-0.6551119999999173,-0.3516420000000835,-0.5033770000000004,-0.8513169999996535,-0.4375489999997626,-0.644432999999708
2022-08-03 17:00:00,,,,-0.6576390000000174,-0.3502099999996062,-0.5039244999998118,-0.8538249999996879,-0.4381869999997434,-0.6460059999997156
2022-08-03 17:15:00,,,,-0.658292000000074,-0.34455099999968297,-0.5014214999998785,-0.8608559999997851,-0.4404110000000401,-0.6506334999999126
2022-08-03 17:30:00,,,,-0.6631910000000971,-0.3427999999998974,-0.5029954999999973,-0.8709679999997206,-0.43865999999979977,-0.6548139999997602
2022-08-03 17:45:00,,,,-0.6676760000000286,-0.34090699999978824,-0.5042914999999084,-0.8795019999997749,-0.4361669999998412,-0.657834499999808
2022-08-03 18:00:00,,,,-0.6740439999998671,-0.34213099999988117,-0.5080874999998741,-0.8887380000001031,-0.4319729999997435,-0.6603554999999233
2022-08-03 18:15:00,,,,-0.679721999999856,-0.34014799999977186,-0.509934999999814,-0.9042779999999766,-0.42752699999982724,-0.6659024999999019
2022-08-03 18:30:00,,,,-0.6875709999999344,-0.34332999999969616,-0.5154504999998153,-0.9196549999996932,-0.4257189999998445,-0.6726869999997689
2022-08-03 18:45:00,,,,-0.6939520000000812,-0.344756999999845,-0.5193544999999631,-0.9306609999998727,-0.42041500000004817,-0.6755379999999604
2022-08-03 19:00:00,,,,-0.6985799999997653,-0.34570399999984147,-0.5221419999998034,-0.9404859999999644,-0.4159789999998793,-0.6782324999999219
2022-08-03 19:15:00,,,,-0.7044940000000679,-0.34664500000008047,-0.5255695000000742,-0.9522060000003876,-0.4138710000001993,-0.6830385000002934
2022-08-03 19:30:00,,,,-0.7042570000003252,-0.3467000000000553,-0.5254785000001903,-0.9542750000000524,-0.4108360000000175,-0.682555500000035
2022-08-03 19:45:00,,,,-0.7113319999998566,-0.3510369999999057,-0.5311844999998812,-0.9642469999998866,-0.4084509999997863,-0.6863489999998365
2022-08-03 20:00:00,,,,-0.7113330000001952,-0.3519780000001447,-0.5316555000001699,-0.9659979999996722,-0.4069219999996676,-0.6864599999996699
2022-08-03 20:15:00,,,,-0.7176989999998113,-0.355399000000034,-0.5365489999999227,-0.9769790000000285,-0.4032290000000103,-0.6901040000000194
2022-08-03 20:30:00,,,,-0.7211600000000544,-0.35614899999973204,-0.5386544999998932,-0.9850659999997333,-0.39647199999990335,-0.6907689999998183
2022-08-03 20:45:00,,,,-0.7240819999997257,-0.35810399999991205,-0.5410929999998189,-0.9879880000003141,-0.3953630000000885,-0.6916755000002013
2022-08-03 21:00:00,-0.7259039999999004,-0.7132329999999456,-0.719568499999923,-0.7288350000003447,-0.36061100000006263,-0.5447230000002037,-0.9956190000002607,-0.3903610000002118,-0.6929900000002363
2022-08-03 21:15:00,,,,-0.7297670000002654,-0.36207899999999427,-0.5459230000001298,-1.0017750000001797,-0.39127600000028906,-0.6965255000002344
2022-08-03 21:30:00,,,,-0.733455000000049,-0.36466999999993277,-0.5490624999999909,-1.0072040000000015,-0.3877180000004046,-0.6974610000002031
2022-08-03 21:45:00,-0.7223199999998542,-0.7378239999998186,-0.7300719999998364,-0.7327619999996386,-0.3632880000000114,-0.548024999999825,-1.009407999999894,-0.3832830000001195,-0.6963455000000067
2022-08-03 22:00:00,-0.7197900000001027,-0.7425069999999323,-0.7311485000000175,-0.7366050000000541,-0.3662520000002587,-0.5514285000001564,-1.014987999999903,-0.38258799999994153,-0.6987879999999222
2022-08-03 22:15:00,-0.7179099999998471,-0.7448450000001685,-0.7313775000000078,-0.7367589999998927,-0.3668910000001233,-0.551825000000008,-1.0180470000000241,-0.38364400000000387,-0.700845500000014
2022-08-03 22:45:00,,,,-0.7392830000003414,-0.37255499999992026,-0.5559190000001308,-1.021122000000105,-0.38083000000005995,-0.7009760000000824
2022-08-03 23:15:00,,,,-0.7404130000004443,-0.3739290000003166,-0.5571710000003804,-1.0292169999997896,-0.3797300000001087,-0.7044734999999491
2022-08-03 23:30:00,-0.7037030000001323,-0.766161000000011,-0.7349320000000716,-0.7451570000002903,-0.3749990000001162,-0.5600780000002032,-1.0351009999999405,-0.37653199999977005,-0.7058164999998553
2022-08-03 23:45:00,-0.7031229999997777,-0.7697889999999461,-0.7364559999998619,-0.74340600000005,-0.37573199999997087,-0.5595690000000104,-1.0350979999998344,-0.37786499999992884,-0.7064814999998816
2022-08-04 00:00:00,-0.6951399999998102,-0.7729570000001331,-0.7340484999999717,-0.7458500000002459,-0.37544900000011694,-0.5606495000001814,-1.0439149999997426,-0.3747009999997317,-0.7093079999997371
2022-08-04 00:15:00,-0.7154489999998077,-0.7776410000001306,-0.7465449999999691,-0.742982000000211,-0.37667300000020987,-0.5598275000002104,-1.0265620000000126,-0.3745859999999084,-0.7005739999999605
2022-08-04 00:30:00,,,,-0.743445999999949,-0.3771230000002106,-0.5602845000000798,-1.0252639999998792,-0.3680859999999484,-0.6966749999999138
2022-08-04 00:45:00,,,,-0.7424329999998918,-0.3757110000001376,-0.5590720000000147,-1.0283260000001064,-0.3705529999997452,-0.6994394999999258
2022-08-04 01:00:00,-0.7052669999998216,-0.7843189999998685,-0.744792999999845,-0.7446920000002137,-0.37936100000024453,-0.5620265000002291,-1.0328970000000481,-0.3713109999998778,-0.702103999999963
2022-08-04 01:15:00,-0.6987129999997705,-0.7901719999999841,-0.7444424999998773,-0.7450739999999314,-0.3805849999998827,-0.5628294999999071,-1.0373199999999088,-0.3688659999997981,-0.7030929999998534
2022-08-04 01:30:00,-0.6940439999998489,-0.7904199999998127,-0.7422319999998308,-0.7433240000000296,-0.380301000000145,-0.5618125000000873,-1.0373199999999088,-0.3680309999999736,-0.7026754999999412
2022-08-04 01:45:00,-0.7088380000000143,-0.7913539999999557,-0.750095999999985,-0.7404160000000957,-0.3771390000001702,-0.5587775000001329,-1.0292199999998957,-0.3687489999997524,-0.698984499999824
2022-08-04 02:00:00,-0.708444999999756,-0.7974399999998241,-0.75294249999979,-0.744380000000092,-0.3815239999998994,-0.5629519999999957,-1.031423999999788,-0.3673349999999118,-0.6993794999998499
2022-08-04 02:15:00,-0.7076670000001286,-0.7961510000000089,-0.7519090000000688,-0.7421640000002299,-0.3802600000003622,-0.561212000000296,-1.0274709999998777,-0.3653070000000298,-0.6963889999999537
2022-08-04 02:30:00,-0.7072749999997541,-0.8003600000001825,-0.7538174999999683,-0.7414610000000721,-0.37982400000009875,-0.5606425000000854,-1.0285049999997682,-0.36372099999971397,-0.6961129999997411
2022-08-04 03:00:00,,,,-0.7432100000000901,-0.38206399999990026,-0.5626369999999952,-1.031423999999788,-0.3663609999998698,-0.6988924999998289
2022-08-04 03:15:00,,,,-0.742392000000109,-0.37929699999995137,-0.5608445000000302,-1.0346630000003643,-0.36302500000010696,-0.6988440000002356
2022-08-04 03:30:00,-0.7013739999997597,-0.8043549999997595,-0.7528644999997596,-0.7433949999999641,-0.3832870000001094,-0.5633410000000367,-1.0333300000002055,-0.3644970000000285,-0.698913500000117
2022-08-04 03:45:00,,,,-0.7456099999999424,-0.3827559999999721,-0.5641829999999572,-1.037282000000232,-0.3620530000002873,-0.6996675000002597
2022-08-04 04:00:00,,,,-0.7429290000000037,-0.38100699999995413,-0.5619679999999789,-1.0293759999999565,-0.35855499999979656,-0.6939654999998766
2022-08-04 04:15:00,,,,-0.7429280000001199,-0.3834889999998268,-0.5632084999999734,-1.029377000000295,-0.35988700000007157,-0.6946320000001833
2022-08-04 04:30:00,,,,-0.7448749999998654,-0.3824720000002344,-0.5636735000000499,-1.0394710000000487,-0.362967000000026,-0.7012190000000373
2022-08-04 05:00:00,,,,-0.7444500000001426,-0.38355200000023615,-0.5640010000001894,-1.0355329999997593,-0.3591889999997875,-0.6973609999997734
2022-08-04 05:15:00,,,,-0.7459309999999277,-0.38496699999996054,-0.5654489999999441,-1.037007000000358,-0.35905300000013085,-0.6980300000002444
2022-08-04 05:30:00,,,,-0.7446480000003248,-0.3825369999999566,-0.5635925000001407,-1.0392110000002504,-0.35760400000026493,-0.6984075000002576
2022-08-04 05:45:00,,,,-0.7465440000000854,-0.3836980000000949,-0.5651210000000901,-1.0399429999997665,-0.3570249999997941,-0.6984839999997803
2022-08-04 06:00:00,,,,-0.7458090000000084,-0.38296300000001793,-0.5643860000000132,-1.0386329999996633,-0.3574399999997695,-0.6980364999997164
2022-08-04 06:15:00,,,,-0.7451049999999668,-0.3826810000000478,-0.5638930000000073,-1.041417000000365,-0.3566070000001673,-0.6990120000002662
2022-08-04 06:30:00,,,,-0.7486039999998866,-0.38516299999992043,-0.5668834999999035,-1.043166000000383,-0.3561899999999696,-0.6996780000001763
2022-08-04 07:00:00,-0.6927390000000742,-0.816530000000057,-0.7546345000000656,-0.7477880000001278,-0.38394000000016604,-0.5658640000001469,-1.0487459999999373,-0.3598050000000512,-0.7042754999999943
2022-08-04 07:15:00,,,,-0.7467839999999342,-0.3844850000000406,-0.5656344999999874,-1.0483279999998558,-0.3576629999997749,-0.7029954999998154
2022-08-04 07:30:00,-0.6911759999998139,-0.8219209999997474,-0.7565484999997807,-0.7500170000002981,-0.3858979999999974,-0.5679575000001478,-1.0498019999999997,-0.3557749999999942,-0.7027884999999969
2022-08-04 07:45:00,,,,-0.746983999999884,-0.38274200000023484,-0.5648630000000594,-1.0520069999997759,-0.3565049999997427,-0.7042559999997593
2022-08-04 08:00:00,-0.6988419999997859,-0.8213439999999537,-0.7600929999998698,-0.7443430000002991,-0.3841489999999794,-0.5642460000001392,-1.0395140000000538,-0.3575230000001284,-0.6985185000000911
2022-08-04 08:15:00,-0.6987119999998868,-0.8194749999997839,-0.7590934999998353,-0.7462470000000394,-0.38517600000022867,-0.565711500000134,-1.0402349999999387,-0.3579420000000937,-0.6990885000000162
2022-08-04 08:30:00,-0.704033999999865,-0.8228669999998601,-0.7634504999998626,-0.7442989999999554,-0.3844970000000103,-0.5643979999999829,-1.0353870000003553,-0.35649300000022777,-0.6959400000002915
2022-08-04 08:45:00,,,,-0.7463620000003175,-0.3866430000002765,-0.566502500000297,-1.036862999999812,-0.35535899999968024,-0.6961109999997461
2022-08-04 09:00:00,-0.7022850000003018,-0.8260370000002695,-0.7641610000002856,-0.7472099999999955,-0.38887300000033065,-0.5680415000001631,-1.0353900000000067,-0.3556599999997161,-0.6955249999998614
2022-08-04 09:15:00,-0.7044260000002396,-0.8253280000003542,-0.7648770000002969,-0.7420859999997447,-0.38523099999974875,-0.5636584999997467,-1.0314359999997578,-0.3560769999999138,-0.6937564999998358
2022-08-04 09:30:00,-0.7064350000000559,-0.8260370000002695,-0.7662360000001627,-0.740617999999813,-0.3824660000000222,-0.5615419999999176,-1.02881699999989,-0.3521619999996801,-0.690489499999785
2022-08-04 09:45:00,-0.7042950000000019,-0.8277889999999388,-0.7660419999999704,-0.7428350000000137,-0.3859669999997095,-0.5644009999998616,-1.0327720000000227,-0.3556629999998222,-0.6942174999999224
2022-08-04 10:00:00,-0.7057880000002115,-0.8302470000003268,-0.7680175000002691,-0.7443029999999453,-0.38495000000011714,-0.5646265000000312,-1.0353909999998905,-0.35349600000017745,-0.694443500000034
2022-08-04 10:15:00,-0.7029959999999846,-0.8296530000002349,-0.7663245000001098,,,,-1.0311619999997674,-0.35291899999992893,-0.6920404999998482
2022-08-04 10:30:00,-0.703773000000183,-0.8314020000002529,-0.7675875000002179,,,,-1.0362860000000182,-0.35466600000017934,-0.6954760000000988
2022-08-04 10:45:00,-0.6987160000003314,-0.8332970000001296,-0.7660065000002305,,,,-1.0402389999999286,-0.35355600000002596,-0.6968974999999773
2022-08-04 11:00:00,-0.7019580000001042,-0.8359840000002805,-0.7689710000001924,-0.7529839999997421,-0.39308200000004945,-0.5730329999998958,-1.041725999999926,-0.3525369999997565,-0.6971314999998413
2022-08-04 11:15:00,-0.7016340000000127,-0.8355060000003505,-0.7685700000001816,-0.7514990000004218,-0.3943380000000616,-0.5729185000002417,-1.0390800000000127,-0.35456299999987095,-0.6968214999999418
2022-08-04 11:30:00,-0.7004630000001271,-0.8325840000002245,-0.7665235000001758,-0.7497490000000653,-0.39083700000037425,-0.5702930000002198,-1.0373300000001109,-0.3510620000001836,-0.6941960000001473
2022-08-04 12:30:00,-0.7012460000000829,-0.7927730000001247,-0.7470095000001038,-0.7488160000002608,-0.3832750000001397,-0.5660455000002003,-1.0311719999999696,-0.36091799999985597,-0.6960449999999128
2022-08-04 12:45:00,-0.6998129999997218,-0.7850509999998394,-0.7424319999997806,-0.755196000000069,-0.37840600000026825,-0.5668010000001686,-1.0439259999998285,-0.3591190000001916,-0.70152250000001
2022-08-04 13:00:00,-0.6968950000000405,-0.7750999999998385,-0.7359974999999395,-0.7551980000002914,-0.3771240000000944,-0.5661610000001929,-1.042758000000049,-0.36049899999989066,-0.7016284999999698
2022-08-04 13:15:00,-0.6920350000000326,-0.7650400000002264,-0.7285375000001295,-0.7512310000001889,-0.3751670000001468,-0.5631990000001679,-1.0388029999999162,-0.3633599999998296,-0.7010814999998729
2022-08-04 13:30:00,-0.6920370000002549,-0.7655100000001767,-0.7287735000002158,-0.7512300000003052,-0.37449300000025687,-0.562861500000281,-1.0399720000000343,-0.3630940000002738,-0.7015330000001541
2022-08-04 14:00:00,-0.6820579999998699,-0.7496329999999034,-0.7158454999998867,-0.7566649999998845,-0.37428799999997864,-0.5654764999999315,-1.0453779999998005,-0.36303300000008676,-0.7042054999999436
2022-08-04 14:30:00,,,,-0.7584139999999024,-0.37174499999991895,-0.5650794999999107,-1.047125000000051,-0.3635540000000219,-0.7053395000000364
2022-08-04 14:45:00,,,,-0.7532790000000205,-0.3725290000002133,-0.5629040000001169,-1.0443420000001424,-0.3653629999998884,-0.7048525000000154
2022-08-04 15:00:00,,,,-0.7547600000002603,-0.37375199999996767,-0.564256000000114,-1.0458159999998315,-0.36349699999982477,-0.7046564999998282
2022-08-04 15:15:00,,,,-0.7571310000002995,-0.37586000000010245,-0.566495500000201,-1.0604159999998046,-0.3713079999997717,-0.7158619999997882
2022-08-04 15:30:00,,,,-0.7519940000001952,-0.3751800000000003,-0.5635870000000978,-1.0453750000001492,-0.3616910000000644,-0.7035330000001068
2022-08-04 15:45:00,,,,-0.753943000000163,-0.3768910000003416,-0.5654170000002523,-1.0484740000001693,-0.3589719999999943,-0.7037230000000818
2022-08-04 16:15:00,,,,-0.7519929999998567,-0.3766059999998106,-0.5642994999998336,-1.0436249999997926,-0.3563859999999295,-0.7000054999998611
2022-08-04 16:30:00,,,,-0.7552249999998821,-0.3795799999998053,-0.5674024999998437,-1.0480179999999564,-0.35744100000010803,-0.7027295000000322
2022-08-04 16:45:00,,,,-0.7523160000000644,-0.3773519999999735,-0.5648340000000189,-1.0480170000000726,-0.35889199999974153,-0.7034544999999071
2022-08-04 17:15:00,,,,-0.7556909999998425,-0.3808039999998982,-0.5682474999998703,-1.046722999999929,-0.3532470000000103,-0.6999849999999697
2022-08-04 17:30:00,,,,-0.7545320000003812,-0.3789120000001276,-0.5667220000002544,-1.0484729999998308,-0.3554149999999936,-0.7019439999999122
2022-08-04 17:45:00,,,,-0.757904999999937,-0.3814830000001166,-0.5696940000000268,-1.0524230000000898,-0.3564440000000104,-0.7044335000000501
2022-08-04 18:15:00,,,,-0.7500970000000962,-0.3793080000000373,-0.5647025000000667,-1.039400999999998,-0.35311799999999494,-0.6962594999999965
2022-08-04 19:00:00,,,,-0.7544039999997949,-0.3800700000001598,-0.5672369999999773,-1.0489219999999477,-0.3554129999997713,-0.7021674999998595
2022-08-04 19:15:00,,,,-0.7561540000001514,-0.3797869999998511,-0.5679705000000013,-1.0524209999998675,-0.35457899999983056,-0.703499999999849
2022-08-04 19:45:00,,,,-0.7527690000001712,-0.38080600000012055,-0.5667875000001459,-1.047298999999839,-0.3567480000001524,-0.7020234999999957
2022-08-04 20:30:00,,,,-0.7546730000003663,-0.38120000000026266,-0.5679365000003145,-1.0480290000000423,-0.3538619999999355,-0.7009454999999889
2022-08-04 21:15:00,,,,-0.7546739999997953,-0.3817819999999301,-0.5682279999998627,-1.0462800000000243,-0.35269400000015594,-0.6994870000000901
2022-08-04 21:30:00,,,,-0.7551499999999578,-0.37998000000015963,-0.5675650000000587,-1.0490829999998823,-0.35338499999988926,-0.7012339999998858
2022-08-04 21:45:00,,,,-0.7573680000000422,-0.38179200000013225,-0.5695800000000872,-1.052458999999999,-0.3527039999999033,-0.7025814999999511
2022-08-04 22:00:00,,,,-0.7551520000001801,-0.37881800000013754,-0.5669850000001588,-1.0520050000000083,-0.35514699999976074,-0.7035759999998845
2022-08-04 22:30:00,,,,-0.7556179999996857,-0.3778009999996357,-0.5667094999996607,-1.054208000000017,-0.352980000000116,-0.7035940000000664
2022-08-04 22:45:00,,,,-0.7573660000002747,-0.3813540000001012,-0.5693600000001879,-1.0507080000002134,-0.3493660000003729,-0.7000370000002931
2022-08-04 23:00:00,,,,-0.7556159999999181,-0.3795500000001084,-0.5675830000000133,-1.0524569999997766,-0.352980000000116,-0.7027184999999463
2022-08-05 00:00:00,,,,-0.7519189999998162,-0.379605999999967,-0.5657624999998916,-1.0476090000001932,-0.3528660000001764,-0.7002375000001848
2022-08-05 00:30:00,,,,-0.7551510000002963,-0.3803370000000541,-0.5677440000001752,-1.0485050000002047,-0.34894800000029136,-0.698726500000248
2022-08-05 00:45:00,,,,-0.7541370000003553,-0.38082900000017617,-0.5674830000002657,-1.0515660000000935,-0.3521690000002309,-0.7018675000001622
2022-08-05 01:00:00,,,,-0.7575120000001334,-0.3814970000003086,-0.569504500000221,-1.0555190000000039,-0.3524480000000949,-0.7039835000000494
2022-08-05 01:30:00,,,,-0.7578330000001188,-0.381507000000056,-0.5696700000000874,-1.0546620000000075,-0.35011800000029325,-0.7023900000001504
2022-08-05 01:45:00,,,,-0.7570860000000721,-0.38077400000020134,-0.5689300000001367,-1.0556590000001052,-0.3528639999999541,-0.7042615000000296
2022-08-05 02:00:00,,,,-0.7554509999999937,-0.38082399999984773,-0.5681374999999207,-1.0517049999998562,-0.35042199999998047,-0.7010634999999183
2022-08-05 02:30:00,,,,-0.7544470000002548,-0.37907300000006217,-0.5667600000001585,-1.051288999999997,-0.3486720000000787,-0.6999805000000379
2022-08-05 03:00:00,,,,-0.756083000000217,-0.38097700000025725,-0.5685300000002371,-1.0534939999997732,-0.34825499999988097,-0.7008744999998271
2022-08-05 03:15:00,,,,-0.7559179999998378,-0.3805419999998776,-0.5682299999998577,-1.0550819999998566,-0.3490080000001399,-0.7020449999999983
2022-08-05 04:15:00,,,,-0.7537010000000919,-0.38023800000019037,-0.5669695000001411,-1.0499589999999444,-0.34982899999977235,-0.6998939999998584
2022-08-05 05:15:00,,,,-0.754903000000013,-0.38204300000006697,-0.56847300000004,-1.0534720000000561,-0.34971500000028755,-0.7015935000001718
2022-08-05 05:30:00,,,,-0.7593040000001565,-0.3824779999999919,-0.5708910000000742,-1.0572870000000876,-0.34955100000024686,-0.7034190000001672
2022-08-05 05:45:00,,,,-0.7570869999999559,-0.380971000000045,-0.5690290000000005,-1.0533319999999549,-0.3476630000000114,-0.7004974999999831
2022-08-05 06:00:00,,,,-0.7559190000001763,-0.3814620000002833,-0.5686905000002298,-1.053914000000077,-0.3491340000000491,-0.7015240000000631
2022-08-05 06:30:00,,,,-0.755453000000216,-0.3810320000002321,-0.568242500000224,-1.0517100000001847,-0.34756000000015774,-0.6996350000001712
2022-08-05 06:45:00,,,,-0.7544509999997899,-0.3815589999999247,-0.5680049999998573,-1.0524639999998726,-0.35117600000012317,-0.7018199999999979
2022-08-05 08:15:00,,,,-0.7583040000004075,-0.383462000000236,-0.5708830000003218,-1.0586230000003525,-0.3507590000003802,-0.7046910000003663
2022-08-05 08:30:00,,,,-0.7560880000000907,-0.3820490000002792,-0.5690685000001849,-1.0529200000000856,-0.34797900000012305,-0.7004495000001043
2022-08-05 08:45:00,,,,-0.7549149999999827,-0.3810320000002321,-0.5679735000001074,-1.0552379999999175,-0.3493100000000595,-0.7022739999999885
2022-08-05 09:00:00,,,,-0.7549149999999827,-0.3787959999999657,-0.5668554999999742,-1.0552370000000337,-0.3478360000003704,-0.7015365000002021
2022-08-05 09:30:00,,,,-0.7583050000002913,-0.38278200000013385,-0.5705435000002126,-1.056876000000102,-0.3475619999999253,-0.7022190000000137
2022-08-05 10:00:00,,,,-0.7553840000000491,-0.3795250000002852,-0.5674545000001672,-1.0586239999997815,-0.34859199999982593,-0.7036079999998037
2022-08-05 11:00:00,,,,-0.7586040000001049,-0.38001500000018495,-0.5693095000001449,-1.0629949999997734,-0.3483129999999619,-0.7056539999998677
2022-08-05 11:15:00,,,,-0.7612859999999273,-0.3807489999999234,-0.5710174999999253,-1.069152000000031,-0.3478949999998804,-0.7085234999999557
2022-08-05 11:45:00,,,,-0.7586040000001049,-0.37365700000009383,-0.5661305000000993,-1.0647440000002462,-0.35367500000029395,-0.70920950000027
2022-08-05 12:00:00,,,,-0.7551050000001851,-0.37367600000015955,-0.5643905000001723,-1.0618249999997715,-0.3496660000000702,-0.7057454999999209
2022-08-05 12:45:00,,,,-0.7565859999999702,-0.37943100000029517,-0.5680085000001327,-1.0627190000000155,-0.348301999999876,-0.7055104999999458
2022-08-05 13:00:00,,,,-0.7576320000002852,-0.377730000000156,-0.5676810000002206,-1.0666730000002644,-0.3458580000001348,-0.7062655000001996
2022-08-05 13:15:00,,,,-0.7549490000001242,-0.3814380000003439,-0.568193500000234,-1.057593999999881,-0.34357600000021193,-0.7005850000000464
2022-08-05 13:45:00,,,,-0.7556939999999486,-0.38319899999987683,-0.5694464999999127,-1.058324999999968,-0.3447470000000976,-0.7015360000000328
2022-08-05 14:15:00,,,,-0.7554240000004029,-0.3826670000003105,-0.5690455000003567,-1.0609660000000076,-0.34405299999980343,-0.7025094999999055
2022-08-05 14:30:00,,,,-0.7536740000000464,-0.380916999999954,-0.5672955000000002,-1.0609650000001238,-0.34405199999991964,-0.7025085000000217
2022-08-05 14:45:00,,,,-0.7558900000003632,-0.38315800000009403,-0.5695240000002286,-1.0631690000000162,-0.3437739999999394,-0.7034714999999778
2022-08-05 15:00:00,,,,-0.7541419999997743,-0.3803939999997965,-0.5672679999997854,-1.0631699999999,-0.341609999999946,-0.702389999999923
2022-08-05 15:15:00,,,,-0.7576380000000427,-0.3839450000000397,-0.5707915000000412,-1.0631670000002487,-0.3397429999999986,-0.7014550000001236
2022-08-05 15:30:00,,,,-0.7525040000000445,-0.38097200000038356,-0.566738000000214,-1.0592139999998835,-0.3416079999997237,-0.7004109999998036
2022-08-05 15:45:00,,,,-0.7536740000000464,-0.38039200000002893,-0.5670330000000376,-1.06096400000024,-0.34160800000017844,-0.7012860000002092
2022-08-05 16:00:00,,,,-0.7532059999998637,-0.38161700000000565,-0.5674114999999347,-1.0570080000002235,-0.3391630000000987,-0.6980855000001611
2022-08-05 16:15:00,,,,-0.7542520000001787,-0.38341600000012477,-0.5688340000001517,-1.0598009999998794,-0.33906000000024505,-0.6994305000000622
2022-08-05 16:30:00,,,,-0.7535030000003644,-0.3836980000000949,-0.5686005000002297,-1.056716999999935,-0.33989400000018577,-0.6983055000000604
2022-08-05 16:45:00,,,,-0.7512880000003861,-0.38336200000003373,-0.5673250000002099,-1.0545130000000427,-0.34092499999997017,-0.6977190000000064
2022-08-05 17:00:00,,,,-0.7535040000002482,-0.3840960000002269,-0.5688000000002376,-1.056716999999935,-0.3387590000002092,-0.6977380000000721
2022-08-05 17:30:00,,,,-0.7552530000002662,-0.3844320000002881,-0.5698425000002771,-1.060214999999971,-0.341226000000006,-0.7007204999999885
2022-08-05 17:45:00,,,,-0.7547150000000329,-0.3844320000002881,-0.5695735000001605,-1.0602509999998802,-0.33947600000010425,-0.6998634999999922
2022-08-05 18:15:00,,,,-0.7567010000002483,-0.3888179999999011,-0.5727595000000747,-1.0604989999997088,-0.34330099999988306,-0.7018999999997959
2022-08-05 20:00:00,,,,-0.737873000000036,-0.3828900000003159,-0.560381500000176,-1.0341459999999643,-0.33835399999998117,-0.6862499999999727
2022-08-05 20:45:00,,,,-0.7413719999999557,-0.3853719999997338,-0.5633719999998448,-1.0323969999999463,-0.3344379999998637,-0.683417499999905
2022-08-05 21:00:00,,,,-0.7432779999999184,-0.38726500000029773,-0.5652715000001081,-1.033730000000105,-0.3340210000001207,-0.6838755000001129
2022-08-05 21:15:00,,,,-0.7450280000002749,-0.38751200000024255,-0.5662700000002587,-1.0372270000002572,-0.3356300000000374,-0.6864285000001473
2022-08-05 21:45:00,,,,-0.7435910000003787,-0.3850300000003699,-0.5643105000003743,-1.0369529999998122,-0.33429800000021714,-0.6856255000000147
2022-08-05 22:45:00,,,,-0.7448730000000978,-0.38730500000019674,-0.5660890000001473,-1.0347470000001522,-0.33674199999995835,-0.6857445000000553
2022-08-05 23:00:00,,,,-0.7450290000001587,-0.38555500000029497,-0.5652920000002268,-1.0372290000000248,-0.33674199999995835,-0.6869854999999916
2022-08-05 23:15:00,,,,-0.7464980000004289,-0.3862880000001496,-0.5663930000002892,-1.039850000000115,-0.33632500000021537,-0.6880875000001652
2022-08-05 23:45:00,,,,-0.7465000000001965,-0.3856150000001435,-0.56605750000017,-1.0398519999998825,-0.33488900000020294,-0.6873705000000427
2022-08-06 00:00:00,,,,-0.7470910000001822,-0.3866310000003068,-0.5668610000002445,-1.0387040000000525,-0.3353059999999459,-0.6870049999999992
2022-08-06 01:15:00,,,,-0.7467799999999443,-0.38736400000016147,-0.5670720000000529,-1.037232000000131,-0.33488900000020294,-0.6860605000001669
2022-08-06 01:30:00,,,,-0.7464990000003127,-0.38561299999992116,-0.5660560000001169,-1.0381029999998646,-0.33313799999996263,-0.6856204999999136
2022-08-06 01:45:00,,,,-0.7460329999998976,-0.3860450000001947,-0.5660390000000461,-1.0358989999999721,-0.33471400000007634,-0.6853065000000242
2022-08-06 02:00:00,,,,-0.7499980000002324,-0.38677700000016557,-0.568387500000199,-1.0398519999998825,-0.33254600000009304,-0.6861989999999878
2022-08-06 02:30:00,,,,-0.7420670000001337,-0.3850280000001476,-0.5635475000001406,-1.0301970000000438,-0.33254600000009304,-0.6813715000000684
2022-08-06 02:45:00,,,,-0.7418800000000374,-0.3872630000000754,-0.5645715000000564,-1.0271199999997407,-0.33401899999989837,-0.6805694999998195
2022-08-06 03:00:00,,,,-0.74234800000022,-0.3862469999999121,-0.5642975000000661,-1.0293249999999716,-0.3318530000001374,-0.6805890000000545
2022-08-06 03:15:00,,,,-0.7416010000001734,-0.3879980000001524,-0.5647995000001629,-1.0279919999998128,-0.33360399999992296,-0.6807979999998679
2022-08-06 03:45:00,,,,-0.7416030000003957,-0.3862480000002506,-0.5639255000003232,-1.0297450000002755,-0.33360399999992296,-0.6816745000000992
2022-08-06 04:45:00,,,,-0.741602999999941,-0.3862469999999121,-0.5639249999999265,-1.0297449999998207,-0.3336030000000392,-0.68167399999993
2022-08-06 05:00:00,,,,-0.7401340000001255,-0.387264999999843,-0.5636994999999843,-1.0242149999999128,-0.3328620000002047,-0.6785385000000588
2022-08-06 05:15:00,,,,-0.7396680000001652,-0.38698100000010527,-0.5633245000001352,-1.023171000000275,-0.33143599999993967,-0.6773035000001073
2022-08-06 05:45:00,,,,-0.7379180000002634,-0.38576100000000224,-0.5618395000001328,-1.0214209999999184,-0.3321289999998953,-0.6767749999999069
2022-08-06 06:15:00,,,,-0.7428170000002865,-0.3857620000003408,-0.5642895000003136,-1.0315340000001925,-0.33213100000011764,-0.681832500000155
2022-08-06 07:00:00,,,,-0.7386540000002242,-0.3828470000003108,-0.5607505000002675,-1.0227350000000115,-0.3292230000001837,-0.6759790000000976
2022-08-06 07:15:00,,,,-0.7411810000003243,-0.3858210000003055,-0.5635010000003149,-1.028161000000182,-0.3302760000001399,-0.6792185000001609
2022-08-06 07:30:00,,,,-0.7386540000002242,-0.3856140000002597,-0.5621340000002419,-1.0239040000001296,-0.3343079999999645,-0.6791060000000471
2022-08-06 07:45:00,,,,-0.7389659999998912,-0.385330999999951,-0.5621484999999211,-1.0253779999998187,-0.3317259999998896,-0.6785519999998542
2022-08-06 08:00:00,,,,-0.7364379999999073,-0.38533000000006723,-0.5608839999999873,-1.0199499999998807,-0.3317250000000058,-0.6758374999999432
2022-08-06 09:00:00,,,,-0.7391219999999521,-0.3828480000001946,-0.5609850000000733,-1.0284390000001622,-0.3327209999997649,-0.6805799999999635
2022-08-06 09:15:00,,,,-0.7413369999999304,-0.38358000000016546,-0.5624585000000479,-1.0306439999999384,-0.33055500000000393,-0.6805994999999712
2022-08-06 09:30:00,,,,-0.738655000000108,-0.3828470000003108,-0.5607510000002094,-1.024485999999797,-0.3309719999997469,-0.677728999999772
2022-08-06 09:45:00,,,,-0.7408709999999701,-0.3856670000000122,-0.5632689999999911,-1.0266900000001442,-0.33127299999978277,-0.6789814999999635
2022-08-06 10:30:00,,,,-0.7415760000003502,-0.3848040000002584,-0.5631900000003043,-1.0262370000000374,-0.3286889999999403,-0.6774629999999888
2022-08-06 10:45:00,,,,-0.7402929999998378,-0.38339799999994284,-0.5618454999998903,-1.0278609999995751,-0.3288399999996727,-0.6783504999996239
2022-08-06 11:00:00,,,,-0.7425089999996999,-0.38480600000002596,-0.5636574999998629,-1.0335650000001806,-0.3316090000002987,-0.6825870000002396
2022-08-06 11:15:00,,,,-0.7402929999998378,-0.38480600000002596,-0.5625494999999319,-1.0284409999999298,-0.3304400000001806,-0.6794405000000552
2022-08-06 11:45:00,,,,-0.739589000000251,-0.3818850000002385,-0.5607370000002447,-1.0323950000001787,-0.3304370000000745,-0.6814160000001266
2022-08-06 12:00:00,,,,-0.7430899999999383,-0.38538599999992584,-0.5642379999999321,-1.0323969999999463,-0.33043899999984205,-0.6814179999998942
2022-08-06 12:15:00,,,,-0.7408720000003086,-0.38412400000015623,-0.5624980000002324,-1.026691000000028,-0.3266600000001745,-0.6766755000001012
2022-08-06 12:30:00,,,,-0.7383890000000974,-0.38359900000023117,-0.5609940000001643,-1.0271309999998266,-0.3277140000000145,-0.6774224999999205
2022-08-06 13:00:00,,,,-0.7432870000002367,-0.3830550000002404,-0.5631710000002386,-1.0389930000001186,-0.33160799999996016,-0.6853005000000394
2022-08-06 13:15:00,,,,-0.7450350000003709,-0.38461000000006607,-0.5648225000002185,-1.0372419999998783,-0.3281329999999798,-0.6826874999999291
2022-08-06 13:30:00,,,,-0.7445690000004106,-0.3860230000000229,-0.5652960000002167,-1.035037999999986,-0.32916500000010274,-0.6821015000000443
2022-08-06 14:00:00,,,,-0.7438250000000153,-0.3857820000002903,-0.5648035000001528,-1.0337079999999332,-0.329305000000204,-0.6815065000000686
2022-08-06 14:30:00,,,,-0.7441039999998793,-0.38635999999996784,-0.5652319999999236,-1.0310840000001917,-0.3281329999999798,-0.6796085000000858
2022-08-06 14:45:00,,,,-0.7416070000003856,-0.3850489999999809,-0.5633280000001832,-1.0297519999999167,-0.329721999999947,-0.6797369999999319
2022-08-06 15:00:00,,,,-0.7444130000003497,-0.38354500000014013,-0.5639790000002449,-1.035454999999729,-0.32898900000009235,-0.6822219999999106
2022-08-06 15:15:00,,,,-0.7455820000000131,-0.38578400000005786,-0.5656830000000355,-1.0337150000000292,-0.3275509999998576,-0.6806329999999434
2022-08-06 15:30:00,,,,-0.7476450000003751,-0.38753500000029817,-0.5675900000003367,-1.0351909999999407,-0.3275530000000799,-0.6813720000000103
2022-08-06 16:15:00,,,,-0.7445700000002944,-0.3842730000001211,-0.5644215000002077,-1.035037999999986,-0.3274139999998624,-0.6812259999999242
2022-08-06 16:30:00,,,,-0.7438220000003639,-0.3842730000001211,-0.5640475000002425,-1.0337049999998271,-0.32741500000020096,-0.680560000000014
2022-08-06 17:45:00,,,,-0.7379220000002533,-0.38359500000024127,-0.5607585000002473,-1.0260960000000523,-0.3288870000001225,-0.6774915000000874
2022-08-06 19:30:00,,,,-0.7465550000001713,-0.38777600000003076,-0.567165500000101,-1.0335469999999987,-0.3309100000001308,-0.6822285000000647
2022-08-06 20:30:00,,,,-0.7455400000003465,-0.3860850000000937,-0.5658125000002201,-1.0348570000001018,-0.32905699999992066,-0.6819570000000112
2022-08-06 20:45:00,,,,-0.7470220000000154,-0.38710200000014083,-0.5670620000000781,-1.035750999999891,-0.3294740000001184,-0.6826125000000047
2022-08-06 21:00:00,,,,-0.7411080000001675,-0.3858780000000479,-0.5634930000001077,-1.0252019999998083,-0.33017000000018015,-0.6776859999999942
2022-08-06 21:15:00,,,,-0.7378889999999956,-0.3836430000001201,-0.5607660000000578,-1.0225789999999506,-0.33044599999993807,-0.6765124999999443
2022-08-06 21:45:00,,,,-0.7401060000001962,-0.38262600000007296,-0.5613660000001346,-1.0282830000001013,-0.3300290000001951,-0.6791560000001482
2022-08-06 22:00:00,,,,-0.741265999999996,-0.3848570000000109,-0.5630615000000034,-1.0265340000000833,-0.32858100000021295,-0.6775575000001481
2022-08-06 22:30:00,,,,-0.7415740000001279,-0.3848560000001271,-0.5632150000001275,-1.0279960000002575,-0.32858100000021295,-0.6782885000002352
2022-08-06 22:45:00,,,,-0.7408410000002732,-0.3843760000004295,-0.5626085000003513,-1.0278450000000703,-0.3300290000001951,-0.6789370000001327
2022-08-07 00:00:00,,,,-0.7434820000003128,-0.385044999999991,-0.5642635000001519,-1.02699100000018,-0.32680900000013935,-0.6769000000001597
2022-08-07 01:15:00,,,,-0.7413910000000214,-0.38437500000009095,-0.5628830000000562,-1.0243329999998423,-0.3282800000001771,-0.6763065000000097
2022-08-07 01:30:00,,,,-0.7455410000002303,-0.3848610000000008,-0.5652010000001155,-1.031362000000172,-0.32625300000017887,-0.6788075000001754
2022-08-07 01:45:00,,,,-0.7418569999999818,-0.38412800000014613,-0.562992500000064,-1.0247880000001715,-0.32666999999992186,-0.6757290000000467
2022-08-07 02:00:00,,,,-0.743326000000252,-0.383111000000099,-0.5632185000001755,-1.027987999999823,-0.325083000000177,-0.6765355
2022-08-07 02:15:00,,,,-0.744104000000334,-0.38334800000029645,-0.5637260000003153,-1.031086999999843,-0.3243520000000899,-0.6777194999999665
2022-08-07 02:30:00,,,,-0.7399399999999332,-0.38363200000003417,-0.5617859999999837,-1.0240349999999125,-0.32868599999983417,-0.6763604999998734
2022-08-07 02:45:00,,,,-0.7414210000001731,-0.38159799999993993,-0.5615095000000565,-1.0266780000001745,-0.3243520000000899,-0.6755150000001322
2022-08-07 03:15:00,,,,-0.7414229999999407,-0.38363299999991796,-0.5625279999999293,-1.0249300000000403,-0.3269370000002709,-0.6759335000001556
2022-08-07 03:45:00,,,,-0.7439070000000356,-0.38607900000033624,-0.5649930000001859,-1.0279890000001615,-0.3255450000001474,-0.6767670000001544
2022-08-07 04:15:00,,,,-0.743637999999919,-0.3838380000001962,-0.5637380000000576,-1.0288840000002892,-0.3240730000002259,-0.6764785000002576
2022-08-07 04:30:00,,,,-0.7400959999999941,-0.3823729999999159,-0.561234499999955,-1.0230169999999816,-0.32490899999993417,-0.6739629999999579
2022-08-07 05:30:00,,,,-0.7396750000002612,-0.38359700000000885,-0.561636000000135,-1.0249330000001464,-0.3259619999998904,-0.6754475000000184
2022-08-07 06:00:00,,,,-0.7404089999999997,-0.3845729999998184,-0.562490999999909,-1.0262429999997948,-0.3254069999998137,-0.6758249999998043
2022-08-07 06:30:00,,,,-0.7381930000001375,-0.3826760000001741,-0.5604345000001558,-1.0222890000000007,-0.32466699999986304,-0.6734779999999319
2022-08-07 07:00:00,,,,-0.7423270000003868,-0.38457900000003065,-0.5634530000002087,-1.026998000000276,-0.32367100000010396,-0.67533450000019
2022-08-07 08:00:00,,,,-0.7427929999998923,-0.3823429999997643,-0.5625679999998283,-1.0309510000001865,-0.3239470000003166,-0.6774490000002515
2022-08-07 08:45:00,,,,-0.7433310000001256,-0.3853070000000116,-0.5643190000000686,-1.0291659999998046,-0.3249900000000707,-0.6770779999999377
2022-08-07 09:15:00,,,,-0.74302200000011,-0.38680999999996857,-0.5649160000000393,-1.0265450000001692,-0.3257220000000416,-0.6761335000001054
2022-08-07 09:45:00,,,,-0.7404219999998531,-0.38288399999964895,-0.561652999999751,-1.0280060000000049,-0.3235549999999421,-0.6757804999999735
2022-08-07 10:00:00,,,,-0.7418499999998858,-0.3853060000001278,-0.5635780000000068,-1.0265229999999974,-0.32498900000018693,-0.6757560000000922
2022-08-07 10:15:00,,,,-0.743797000000086,-0.3842899999999645,-0.5640435000000252,-1.030210000000352,-0.321664999999939,-0.6759375000001455
2022-08-07 10:30:00,,,,-0.744532000000163,-0.3836100000003171,-0.56407100000024,-1.0326810000001387,-0.3213749999999891,-0.6770280000000639
2022-08-07 11:00:00,,,,-0.744532000000163,-0.3848160000002281,-0.5646740000001955,-1.0309309999997822,-0.32351999999991676,-0.6772254999998495
2022-08-07 11:15:00,,,,-0.7427840000000288,-0.38180800000009185,-0.5622960000000603,-1.0332720000001245,-0.32383100000015475,-0.6785515000001396
2022-08-07 12:00:00,,,,-0.7457039999999324,-0.3840420000001359,-0.5648730000000342,-1.0327030000003106,-0.3218040000001565,-0.6772535000002335
2022-08-07 12:15:00,,,,-0.7457039999999324,-0.38477700000021287,-0.5652405000000726,-1.0344519999998738,-0.3231380000001991,-0.6787950000000365
2022-08-07 12:30:00,,,,-0.7455469999999877,-0.384349999999813,-0.5649484999999004,-1.0348680000001877,-0.3227190000002338,-0.6787935000002108
2022-08-07 12:45:00,,,,-0.7423290000001543,-0.3848410000000513,-0.5635850000001028,-1.0287490000000616,-0.32069300000011935,-0.6747210000000905
2022-08-07 14:30:00,,,,-0.7426359999999477,-0.3838999999998123,-0.56326799999988,-1.0331169999999474,-0.32688099999995757,-0.6799989999999525
2022-08-07 14:45:00,,,,-0.7477620000004208,-0.38389900000038324,-0.565830500000402,-1.0370700000003126,-0.32397000000037224,-0.6805200000003424
2022-08-07 15:00:00,,,,-0.7437950000003184,-0.38405199999988326,-0.5639235000001008,-1.0331150000001799,-0.3247230000001764,-0.6789190000001781
2022-08-07 15:15:00,,,,-0.7452760000001035,-0.3828280000002451,-0.5640520000001743,-1.037507000000005,-0.3271679999998014,-0.6823374999999032
2022-08-07 15:45:00,,,,-0.7518070000000989,-0.39031599999998434,-0.5710615000000416,-1.0388029999999162,-0.33038799999985713,-0.6845954999998867
2022-08-07 16:00:00,,,,-0.7500580000000809,-0.3878330000002279,-0.5689455000001544,-1.0405519999999342,-0.33255400000007285,-0.6865530000000035
2022-08-07 16:15:00,,,,-0.749746999999843,-0.38798099999985425,-0.5688639999998486,-1.035580000000209,-0.32804600000008577,-0.6818130000001474
2022-08-07 16:30:00,,,,-0.7463600000000952,-0.3877740000002632,-0.5670670000001792,-1.0322040000000925,-0.33265899999969406,-0.6824314999998933
2022-08-07 16:45:00,,,,-0.7505240000000413,-0.3860240000003614,-0.5682740000002013,-1.0427559999998266,-0.33265799999981027,-0.6877069999998184
2022-08-07 17:00:00,,,,-0.7495910000002368,-0.38709400000016103,-0.5683425000001989,-1.0377650000000358,-0.33237800000006246,-0.6850715000000491
2022-08-07 18:00:00,,,,-0.7493100000001505,-0.38378300000022136,-0.5665465000001859,-1.0374660000002223,-0.32943699999987075,-0.6834515000000465
2022-08-07 18:15:00,,,,-0.7465580000002774,-0.38237100000014834,-0.5644645000002129,-1.0370499999999083,-0.33015500000010434,-0.6836025000000063
2022-08-07 19:00:00,,,,-0.7487740000001395,-0.3818810000002486,-0.565327500000194,-1.0392550000001393,-0.3286840000000666,-0.6839695000001029
2022-08-07 19:30:00,,,,-0.7462470000000394,-0.3823769999999058,-0.5643119999999726,-1.033828000000085,-0.32841800000005605,-0.6811230000000705
2022-08-07 19:45:00,,,,-0.7465580000002774,-0.38019400000030146,-0.5633760000002894,-1.0353009999998903,-0.3250790000001871,-0.6801900000000387
2022-08-07 20:15:00,,,,-0.7490419999999176,-0.3826779999999417,-0.5658599999999296,-1.0366119999998773,-0.32466199999998935,-0.6806369999999333
2022-08-07 20:30:00,,,,-0.743326000000252,-0.3791790000000219,-0.5612525000001369,-1.0326560000003155,-0.32466199999998935,-0.6786590000001524
2022-08-07 21:00:00,,,,-0.7467019999999138,-0.38140800000019226,-0.564055000000053,-1.0348629999998593,-0.3232140000000072,-0.6790384999999333
2022-08-07 21:15:00,,,,-0.7491979999999785,-0.3838900000000649,-0.5665440000000217,-1.0356050000000323,-0.322208000000046,-0.6789065000000392
2022-08-07 21:30:00,,,,-0.7474470000001929,-0.3828809999999976,-0.5651640000000953,-1.0361720000000787,-0.3223819999998341,-0.6792769999999564
2022-08-07 22:30:00,,,,-0.7484179999996741,-0.38312699999960387,-0.565772499999639,-1.0324940000000424,-0.32049200000028577,-0.6764930000001641
2022-08-07 22:45:00,,,,-0.7488850000004277,-0.38015400000040245,-0.5645195000004151,-1.0364469999999528,-0.321187000000009,-0.6788169999999809
2022-08-07 23:00:00,,,,-0.7466669999998885,-0.3819029999999657,-0.5642849999999271,-1.0307429999998021,-0.321187000000009,-0.6759649999999056
2022-08-07 23:15:00,,,,-0.7472459999999046,-0.38190099999974336,-0.564573499999824,-1.03249199999982,-0.32235499999978856,-0.6774234999998043
2022-08-07 23:30:00,,,,-0.7491939999999886,-0.3819020000000819,-0.5655480000000352,-1.0390879999999925,-0.32410499999969034,-0.6815964999998414
2022-08-08 00:15:00,,,,-0.7456950000000688,-0.3799050000002353,-0.5628000000001521,-1.0344199999999546,-0.32132599999977174,-0.6778729999998632
2022-08-08 00:30:00,,,,-0.7474459999998544,-0.3801530000000639,-0.5637994999999592,-1.036171999999624,-0.3211879999998928,-0.6786799999997584
2022-08-08 00:45:00,,,,-0.7469810000002326,-0.37942100000009304,-0.5632010000001628,-1.0322179999998298,-0.319854999999734,-0.6760364999997819
2022-08-08 01:00:00,,,,-0.7491960000002109,-0.3811709999999948,-0.5651835000001029,-1.0379199999997581,-0.3233540000001085,-0.6806369999999333
2022-08-08 01:15:00,,,,-0.7502110000000357,-0.38184300000011717,-0.5660270000000764,-1.0366119999998773,-0.3230399999997644,-0.6798259999998209
2022-08-08 01:30:00,,,,-0.7482639999998355,-0.38117000000011103,-0.5647169999999733,-1.0300139999999374,-0.3198539999998502,-0.6749339999998938
2022-08-08 01:45:00,,,,-0.7487300000002506,-0.3823299999999108,-0.5655300000000807,-1.03396900000007,-0.3227640000000065,-0.6783665000000383
2022-08-08 02:15:00,,,,-0.7469790000000103,-0.3815949999998338,-0.564286999999922,-1.0322189999997136,-0.3231799999998657,-0.6776994999997896
2022-08-08 02:30:00,,,,-0.7465139999999337,-0.3803760000000693,-0.5634450000000015,-1.0282659999998032,-0.32212499999968713,-0.6751954999997452
2022-08-08 02:45:00,,,,-0.748728999999912,-0.382329000000027,-0.5655289999999695,-1.0322189999997136,-0.3210140000001047,-0.6766164999999091
2022-08-08 04:15:00,,,,-0.7469850000002225,-0.3786770000001525,-0.5628310000001875,-1.0334029999999075,-0.3214319999997315,-0.6774174999998195
2022-08-08 06:00:00,,,,-0.7528959999999643,-0.38117000000011103,-0.5670330000000376,-1.04277299999967,-0.321603999999752,-0.682188499999711
2022-08-08 06:45:00,,,,-0.7474510000001828,-0.3788920000001781,-0.5631715000001805,-1.037927999999738,-0.3209119999996801,-0.679419999999709
2022-08-08 07:00:00,,,,-0.7506830000002083,-0.3791390000001229,-0.5649110000001656,-1.040571,-0.31902199999967706,-0.6797964999998385
2022-08-08 07:15:00,,,,-0.7551130000001649,-0.38162000000011176,-0.5683665000001383,-1.0449789999997847,-0.3168550000000323,-0.6809169999999085
2022-08-08 07:30:00,,,,-0.7461680000001252,-0.3763730000000578,-0.5612705000000915,-1.0383809999998448,-0.3168550000000323,-0.6776179999999385
2022-08-08 07:45:00,,,,-0.7474510000001828,-0.37744300000031217,-0.5624470000002475,-1.0373480000002928,-0.3165760000001683,-0.6769620000002305
2022-08-08 08:15:00,,,,-0.7533659999999145,-0.37738900000022113,-0.5653775000000678,-1.047900000000027,-0.3184419999997772,-0.683170999999902
2022-08-08 09:00:00,,,,-0.7555809999998928,-0.38094200000023193,-0.5682615000000624,-1.0471859999997832,-0.3154070000000502,-0.6812964999999167
2022-08-08 09:30:00,,,,-0.7518830000003618,-0.38094200000023193,-0.5664125000002969,-1.0417579999998452,-0.31657700000005207,-0.6791674999999486
2022-08-08 10:45:00,,,,-0.7540990000002239,-0.38041100000009465,-0.5672550000001593,-1.0457109999997556,-0.3141329999998561,-0.6799219999998058
2022-08-08 11:00:00,,,,-0.7518839999997908,-0.3781760000001668,-0.5650299999999788,-1.0435069999998632,-0.3144090000000688,-0.678957999999966
2022-08-08 11:15:00,,,,-0.7523500000002059,-0.37939600000026985,-0.5658730000002379,-1.0462909999996555,-0.3142969999998968,-0.6802939999997761
2022-08-08 11:30:00,,,,-0.7518840000002456,-0.38035900000022593,-0.5661215000002358,-1.0440879999996469,-0.3183289999997214,-0.6812084999996841
2022-08-08 11:45:00,,,,-0.7499809999999343,-0.37939700000015364,-0.564689000000044,-1.0445270000000164,-0.3172159999999167,-0.6808714999999665
2022-08-08 12:45:00,,,,-0.7511490000001686,-0.3798850000002858,-0.5655170000002272,-1.04277699999966,-0.31401800000003277,-0.6783974999998463
2022-08-08 13:00:00,,,,-0.7546480000000884,-0.38460799999984374,-0.569627999999966,-1.0445259999996779,-0.315070999999989,-0.6797984999998334
2022-08-08 13:30:00,,,,-0.7557619999997769,-0.3880420000000413,-0.5719019999999091,-1.0497350000000552,-0.3268430000002809,-0.688289000000168
2022-08-08 14:15:00,,,,-0.7740420000000086,-0.40528500000027634,-0.5896635000001424,-1.0697439999999006,-0.347903999999744,-0.7088239999998223
2022-08-08 14:30:00,,,,-0.7706539999999222,-0.4018989999999576,-0.5862764999999399,-1.0710369999997056,-0.3589889999998377,-0.7150129999997716
2022-08-08 14:45:00,,,,,,,-1.0271999999999935,-0.37331499999982043,-0.7002574999999069
2022-08-08 15:00:00,,,,,,,-0.9762129999999161,-0.3876490000002377,-0.6819310000000769
2022-08-08 15:15:00,,,,,,,-0.9070839999999407,-0.39926100000002407,-0.6531724999999824
2022-08-08 15:30:00,,,,-0.6393130000001293,-0.32991100000026563,-0.48461200000019744,-0.8651039999999739,-0.40631200000007084,-0.6357080000000224
2022-08-08 15:45:00,,,,-0.6204250000000684,-0.3196410000000469,-0.47003300000005765,-0.8236339999998563,-0.4121470000000045,-0.6178904999999304
2022-08-08 16:00:00,,,,-0.613550000000032,-0.3093569999996362,-0.4614534999998341,-0.8167710000002444,-0.4124329999999645,-0.6146020000001045
2022-08-08 16:15:00,,,,-0.621976999999788,-0.30623800000012125,-0.4641074999999546,-0.8292159999996329,-0.4088859999997112,-0.6190509999996721
2022-08-08 16:30:00,,,,-0.6305739999997968,-0.30667099999982383,-0.4686224999998103,-0.8459249999996246,-0.4104619999998249,-0.6281934999997247
2022-08-08 16:45:00,,,,-0.6406380000003082,-0.30842000000029657,-0.4745290000003024,-0.8605850000003556,-0.407542000000376,-0.6340635000003658
2022-08-08 17:00:00,,,,-0.6507160000001022,-0.3093029999999999,-0.48000950000005105,-0.8799369999996998,-0.40613200000007055,-0.6430344999998852
2022-08-08 17:15:00,,,,-0.6591459999999643,-0.3081509999997252,-0.4836484999998447,-0.8953150000002097,-0.3997940000003837,-0.6475545000002967
2022-08-08 17:30:00,,,,-0.6689030000002276,-0.31375800000023446,-0.49133050000023104,-0.9120139999999992,-0.40001699999993434,-0.6560154999999668
2022-08-08 17:45:00,,,,-0.6733759999997346,-0.3127019999997174,-0.493038999999726,-0.9222770000001219,-0.3951300000003357,-0.6587035000002288
2022-08-08 18:00:00,,,,-0.6803350000000137,-0.3145059999997102,-0.49742049999986193,-0.9332799999997405,-0.39268399999991743,-0.662981999999829
2022-08-08 18:15:00,,,,-0.6844849999997678,-0.31539299999985815,-0.49993899999981295,-0.9443969999997535,-0.3936100000000806,-0.669003499999917
2022-08-08 18:30:00,,,,-0.6878749999996217,-0.31836299999986295,-0.5031189999997423,-0.94428599999992,-0.389419000000089,-0.6668525000000045
2022-08-08 18:45:00,,,,-0.6940989999998237,-0.31930499999998574,-0.5067019999999047,-0.9580479999999625,-0.3878899999999703,-0.6729689999999664
2022-08-08 19:00:00,,,,-0.7004640000000109,-0.32058199999983117,-0.510522999999921,-0.9690300000002026,-0.3835789999998269,-0.6763045000000147
2022-08-08 19:15:00,,,,-0.7047840000000178,-0.3229719999999361,-0.513877999999977,-0.9773930000001201,-0.3828870000002098,-0.680140000000165
2022-08-08 19:30:00,,,,-0.7073109999996632,-0.3226889999996274,-0.5149999999996453,-0.9857279999996535,-0.3832119999997303,-0.6844699999996919
2022-08-08 19:45:00,,,,-0.7077769999996235,-0.32470100000000457,-0.516238999999814,-0.9861819999996442,-0.3784859999996115,-0.6823339999996278
2022-08-08 20:00:00,,,,-0.7148919999999634,-0.3247599999999693,-0.5198259999999664,-0.9984979999999268,-0.3748839999998381,-0.6866909999998825
2022-08-08 20:15:00,,,,-0.7148929999998472,-0.32643599999983053,-0.5206644999998389,-1.0002479999998286,-0.37293799999997646,-0.6865929999999025
2022-08-08 20:30:00,,,,-0.7187460000000101,-0.3300899999999274,-0.5244179999999687,-1.0081569999997555,-0.376021000000037,-0.6920889999998963
2022-08-08 20:45:00,,,,-0.7195230000002084,-0.32903299999998126,-0.5242780000000948,-1.0100840000000062,-0.36938400000008187,-0.689734000000044
2022-08-08 21:00:00,,,,-0.7254360000001725,-0.3334740000000238,-0.5294550000000982,-1.018884000000071,-0.3678549999999632,-0.6933695000000171
2022-08-08 21:15:00,,,,-0.7257490000001781,-0.3317739999997684,-0.5287614999999732,-1.0250280000000203,-0.3689110000000255,-0.6969695000000229
2022-08-08 21:45:00,,,,-0.7263699999998607,-0.33393999999998414,-0.5301549999999224,-1.0267929999999978,-0.3637669999998252,-0.6952799999999115
2022-08-08 22:00:00,,,,-0.7298689999997805,-0.33817199999975855,-0.5340204999997695,-1.0285409999996773,-0.3651009999998678,-0.6968209999997725
2022-08-08 22:15:00,,,,-0.732281999999941,-0.3383800000001429,-0.535331000000042,-1.0350119999998242,-0.36165799999980663,-0.6983349999998154
2022-08-08 22:30:00,,,,-0.7349659999999858,-0.33907399999998233,-0.5370199999999841,-1.0417509999997492,-0.3591000000001259,-0.7004254999999375
2022-08-08 22:45:00,,,,-0.7349659999999858,-0.3398080000001755,-0.5373870000000807,-1.040002000000186,-0.3569340000003649,-0.6984680000002754
2022-08-08 23:15:00,,,,-0.7386499999997795,-0.3427809999998317,-0.5407154999998056,-1.0448249999999462,-0.3562389999997322,-0.7005319999998392
2022-08-08 23:30:00,,,,-0.7413329999999405,-0.34230399999978545,-0.541818499999863,-1.0492349999999533,-0.3501810000002479,-0.6997080000001006
2022-08-08 23:45:00,,,,-0.7428150000000642,-0.34319300000015573,-0.54300400000011,-1.0542170000003352,-0.3511069999999563,-0.7026620000001458
2022-08-09 00:15:00,,,,-0.7435940000000301,-0.34324599999990824,-0.5434199999999691,-1.059067000000141,-0.3504120000002331,-0.704739500000187
2022-08-09 00:30:00,,,,-0.7472880000000259,-0.3451500000001033,-0.5462190000000646,-1.0644810000003417,-0.34999500000003536,-0.7072380000001885
2022-08-09 00:45:00,,,,-0.7469790000000103,-0.346367999999984,-0.5466734999999971,-1.0624299999999494,-0.3487119999999777,-0.7055709999999635
2022-08-09 01:00:00,,,,-0.7472800000000461,-0.3467070000001513,-0.5469935000000987,-1.065642999999909,-0.35118999999986045,-0.7084164999998848
2022-08-09 01:15:00,,,,-0.7480270000000928,-0.3476470000000518,-0.5478370000000723,-1.0652259999997113,-0.3461609999999382,-0.7056934999998248
2022-08-09 01:30:00,,,,-0.7517109999998866,-0.35056399999984933,-0.5511374999998679,-1.07004999999981,-0.34733399999959147,-0.7086919999997008
2022-08-09 01:45:00,,,,-0.7527260000001661,-0.3512959999998202,-0.5520109999999931,-1.0722390000000814,-0.3486660000003212,-0.7104525000002013
2022-08-09 02:30:00,,,,-0.74980800000003,-0.34960099999989325,-0.5497044999999616,-1.0693219999998291,-0.3450519999996686,-0.7071869999997489
2022-08-09 02:45:00,,,,-0.750271999999768,-0.34960000000000946,-0.5499359999998887,-1.0726929999996173,-0.34621999999990294,-0.7094564999997601
2022-08-09 03:00:00,,,,-0.7463069999998879,-0.34935799999993833,-0.5478324999999131,-1.065820999999687,-0.34519000000000233,-0.7055054999998447
2022-08-09 03:15:00,,,,-0.7502739999999903,-0.35155799999984083,-0.5509159999999156,-1.0715259999997215,-0.3439389999998639,-0.7077324999997927
2022-08-09 03:30:00,,,,-0.7480580000001282,-0.3508249999999862,-0.5494415000000572,-1.0687419999999292,-0.3455279999998311,-0.7071349999998802
2022-08-09 03:45:00,,,,-0.7524899999998524,-0.3520450000000892,-0.5522674999999708,-1.0766499999999724,-0.34483499999987544,-0.7107424999999239
2022-08-09 04:30:00,,,,-0.7502760000002127,-0.35355200000003606,-0.5519140000001244,-1.0697800000002644,-0.34380400000009104,-0.7067920000001777
2022-08-09 05:00:00,,,,-0.7529570000001513,-0.3520450000000892,-0.5525010000001203,-1.0776859999996304,-0.34366199999976743,-0.7106739999996989
2022-08-09 06:00:00,,,,-0.7504699999999502,-0.3552270000000135,-0.5528484999999819,-1.0746139999996558,-0.34185699999989083,-0.7082354999997733
2022-08-09 06:15:00,,,,-0.7526860000002671,-0.35449300000027506,-0.5535895000002711,-1.0785669999995662,-0.3422739999996338,-0.7104204999996
2022-08-09 06:30:00,,,,-0.7545909999998912,-0.35449100000005274,-0.554540999999972,-1.0781299999998737,-0.33935299999984636,-0.70874149999986
2022-08-09 07:00:00,,,,-0.754591999999775,-0.3552270000000135,-0.5549094999998943,-1.0798800000002302,-0.3406870000003437,-0.710283500000287
2022-08-09 07:15:00,,,,-0.7545909999998912,-0.356691999999839,-0.5556414999998651,-1.0792900000001282,-0.3392619999999624,-0.7092760000000453
2022-08-09 07:30:00,,,,-0.7568070000002081,-0.3552249999997912,-0.5560159999999996,-1.0832430000000386,-0.34009500000001935,-0.711669000000029
2022-08-09 08:30:00,,,,-0.7518410000002405,-0.35494500000004336,-0.5533930000001419,-1.0788760000000366,-0.33926500000006854,-0.7090705000000526
2022-08-09 09:00:00,,,,-0.7539019999999255,-0.35494299999982104,-0.5544224999998733,-1.08209799999986,-0.3392629999998462,-0.710680499999853
2022-08-09 09:45:00,,,,-0.7526189999998678,-0.3542109999998502,-0.553414999999859,-1.084302000000207,-0.3414299999999457,-0.7128660000000764
2022-08-09 10:30:00,,,,-0.7521550000001298,-0.35494699999981094,-0.5535509999999704,-1.0803510000000642,-0.33926599999995233,-0.7098085000000083
2022-08-09 10:45:00,,,,-0.752154000000246,-0.355677999999898,-0.553916000000072,-1.082100999999966,-0.3405969999998888,-0.7113489999999274
2022-08-09 11:00:00,,,,-0.7548240000000987,-0.351741999999831,-0.5532829999999649,-1.089994999999817,-0.3372699999999895,-0.7136324999999033
2022-08-09 11:15:00,,,,-0.7558389999999235,-0.3571860000001834,-0.5565125000000535,-1.0886749999999665,-0.34248600000000806,-0.7155804999999873
2022-08-09 11:45:00,,,,-0.7526080000002366,-0.35275899999987814,-0.5526835000000574,-1.0872009999998227,-0.3405969999998888,-0.7138989999998557
2022-08-09 12:00:00,,,,-0.7500009999998838,-0.35033100000009654,-0.5501659999999902,-1.0857660000001488,-0.337409000000207,-0.7115875000001779
2022-08-09 12:30:00,,,,-0.7501550000001771,-0.3508209999999963,-0.5504880000000867,-1.0882449999999153,-0.3388789999999062,-0.7135619999999108
2022-08-09 12:45:00,,,,-0.7484039999999368,-0.35053800000014235,-0.5494710000000396,-1.0864940000001297,-0.33629700000028606,-0.7113955000002079
2022-08-09 13:00:00,,,,-0.7516350000000784,-0.3510240000000522,-0.5513295000000653,-1.0891370000003917,-0.3342710000001716,-0.7117040000002817
2022-08-09 13:15:00,,,,-0.7511700000000019,-0.35170400000015434,-0.5514370000000781,-1.0857640000003812,-0.33454900000015186,-0.7101565000002665
2022-08-09 13:30:00,,,,-0.7519560000000638,-0.35127600000032544,-0.5516160000001946,-1.0906099999997423,-0.33413199999995413,-0.7123709999998482
2022-08-09 13:45:00,,,,-0.7479899999998452,-0.3506969999998546,-0.5493434999998499,-1.0866560000004029,-0.33530300000029456,-0.7109795000003487
2022-08-09 14:00:00,,,,-0.7495030000000042,-0.35001899999997477,-0.5497609999999895,-1.0928120000003219,-0.3350239999999758,-0.7139180000001488
2022-08-09 14:15:00,,,,-0.7472870000001421,-0.34900199999992765,-0.5481445000000349,-1.0888589999999567,-0.332857000000331,-0.7108580000001439
2022-08-09 14:30:00,,,,-0.7501959999999599,-0.3505040000000008,-0.5503499999999804,-1.093518000000131,-0.33649700000023586,-0.7150075000001834
2022-08-09 14:45:00,,,,-0.7519440000000941,-0.35292800000024727,-0.5524360000001707,-1.090596000000005,-0.3350150000001122,-0.7128055000000586
2022-08-09 15:00:00,,,,-0.7499280000001818,-0.35016399999994974,-0.5500460000000658,-1.0932400000001508,-0.334599000000253,-0.7139195000002019
2022-08-09 15:15:00,,,,-0.7538930000000619,-0.3536280000002989,-0.5537605000001804,-1.0954430000001594,-0.33187500000030923,-0.7136590000002343
2022-08-09 15:30:00,,,,-0.7526060000000143,-0.35289300000022195,-0.5527495000001181,-1.0958940000000439,-0.3322910000001684,-0.7140925000001062
2022-08-09 15:45:00,,,,-0.7524080000002868,-0.35435899999993126,-0.553383500000109,-1.0892969999999877,-0.3279569999999694,-0.7086269999999786
2022-08-09 16:00:00,,,,-0.7506579999999303,-0.3531350000002931,-0.5518965000001117,-1.0892969999999877,-0.33040299999993294,-0.7098499999999603
2022-08-09 16:15:00,,,,-0.7516720000003261,-0.3536260000000766,-0.5526490000002013,-1.0879840000002332,-0.32837400000016714,-0.7081790000002002
2022-08-09 16:30:00,,,,-0.7503890000002684,-0.3518770000000586,-0.5511330000001635,-1.0919370000001436,-0.3301240000000689,-0.7110305000001063
2022-08-09 17:15:00,,,,-0.7543530000002647,-0.35435899999993126,-0.554356000000098,-1.0958870000004026,-0.3297080000002097,-0.7127975000003062
2022-08-09 17:30:00,,,,-0.7526040000002467,-0.3518770000000586,-0.5522405000001527,-1.0958880000002864,-0.3301249999999527,-0.7130065000001196
2022-08-09 18:00:00,,,,-0.7514320000000225,-0.35042299999986426,-0.5509274999999434,-1.0947259999998096,-0.3263809999998557,-0.7105534999998326
2022-08-09 18:15:00,,,,-0.7524470000003021,-0.3526050000000396,-0.5525260000001708,-1.096324999999979,-0.3308790000000954,-0.7136020000000372
2022-08-09 18:30:00,,,,-0.7519800000000032,-0.3543560000002799,-0.5531680000001415,-1.0912100000000464,-0.3297210000000632,-0.7104655000000548
2022-08-09 18:45:00,,,,-0.7524460000004183,-0.35309600000027785,-0.5527710000003481,-1.0951629999999568,-0.32944099999986065,-0.7123019999999087
2022-08-09 19:00:00,,,,-0.7506969999999455,-0.35158899999987625,-0.5511429999999109,-1.0934139999999388,-0.32755299999962517,-0.710483499999782
2022-08-09 19:15:00,,,,-0.7546609999999419,-0.35388300000022355,-0.5542720000000827,-1.0973669999998492,-0.3254099999999198,-0.7113884999998845
2022-08-09 19:30:00,,,,-0.7538850000000821,-0.3538290000001325,-0.5538570000001073,-1.0954310000001897,-0.3290150000002541,-0.7122230000002219
2022-08-09 19:45:00,,,,-0.7527119999999741,-0.3534020000001874,-0.5530570000000807,-1.090748000000076,-0.3239379999999983,-0.7073430000000371
2022-08-09 20:00:00,,,,-0.7543470000000525,-0.3528230000001713,-0.5535850000001119,-1.0976200000000063,-0.3268580000003567,-0.7122390000001815
2022-08-09 20:15:00,,,,-0.7543470000000525,-0.35408200000028955,-0.554214500000171,-1.0947009999999864,-0.32596700000021883,-0.7103340000001026
2022-08-09 20:30:00,,,,-0.7565630000003694,-0.3544190000002345,-0.5554910000003019,-1.101575000000139,-0.3296050000003561,-0.7155900000002475
2022-08-09 20:45:00,,,,-0.756097000000409,-0.3563770000000659,-0.5562370000002375,-1.0976200000000063,-0.3267419999997401,-0.7121809999998732
2022-08-09 21:15:00,,,,-0.7550940000000992,-0.3544190000002345,-0.5547565000001669,-1.098953000000165,-0.3296050000003561,-0.7142790000002606
2022-08-09 21:30:00,,,,-0.7565660000000207,-0.3558219999999892,-0.556194000000005,-1.100427000000309,-0.3294660000001386,-0.7149465000002238
2022-08-09 21:45:00,,,,-0.7543500000001586,-0.3537890000002335,-0.5540695000001961,-1.0964740000003985,-0.3251340000001619,-0.7108040000002802
2022-08-09 22:15:00,,,,-0.7562560000001213,-0.3543200000003708,-0.555288000000246,-1.0972059999999146,-0.32582700000011755,-0.7115165000000161
2022-08-09 22:30:00,,,,-0.7552400000004127,-0.3536460000000261,-0.5544430000002194,-1.0985169999999016,-0.3261400000001231,-0.7123285000000124
2022-08-09 22:45:00,,,,-0.7574560000002748,-0.35533600000007937,-0.5563960000001771,-1.100720999999794,-0.3279939999997623,-0.7143574999997782
2022-08-09 23:00:00,,,,-0.7569889999999759,-0.3553950000000441,-0.55619200000001,-1.0985170000003563,-0.3261400000001231,-0.7123285000002397
2022-08-10 00:00:00,,,,-0.758006000000023,-0.3543240000003607,-0.5561650000001919,-1.0989480000002914,-0.32582800000000134,-0.7123880000001463
2022-08-10 00:15:00,,,,-0.7570020000002842,-0.35490900000013426,-0.5559555000002092,-1.098529000000326,-0.32640600000013364,-0.7124675000002298
2022-08-10 00:30:00,,,,-0.7566830000000664,-0.35607100000015635,-0.5563770000001114,-1.100557000000208,-0.3310770000002776,-0.7158170000002428
2022-08-10 01:00:00,,,,-0.7565370000002076,-0.3568080000000009,-0.5566725000001043,-1.0945780000001832,-0.32541100000025835,-0.7099945000002208
2022-08-10 01:15:00,,,,-0.758006000000023,-0.3568080000000009,-0.557407000000012,-1.0989480000002914,-0.32716100000016013,-0.7130545000002257
2022-08-10 02:00:00,,,,-0.7587530000000697,-0.3570910000003096,-0.5579220000001897,-1.0967830000004142,-0.32624600000008286,-0.7115145000002485
2022-08-10 02:30:00,,,,-0.7602230000002237,-0.356565000000046,-0.5583940000001348,-1.101154000000406,-0.32555100000035964,-0.7133525000003829
2022-08-10 02:45:00,,,,-0.7559460000002218,-0.35486900000023525,-0.5554075000002285,-1.0957280000002356,-0.3236840000004122,-0.7097060000003239
2022-08-10 03:00:00,,,,-0.75730300000032,-0.3547150000003967,-0.5560090000003584,-1.099405000000388,-0.32410200000003897,-0.7117535000002135
2022-08-10 03:15:00,,,,-0.7569930000004206,-0.35471700000016426,-0.5558550000002924,-1.101430000000164,-0.32760200000029727,-0.7145160000002306
2022-08-10 03:30:00,,,,-0.7559470000001056,-0.35662100000035934,-0.5562840000002325,-1.0957280000002356,-0.32543600000008155,-0.7105820000001586
2022-08-10 04:30:00,,,,-0.7565270000000055,-0.354432000000088,-0.5554795000000468,-1.0974790000000212,-0.32326800000009825,-0.7103735000000597
2022-08-10 05:15:00,,,,-0.7584740000002057,-0.35588400000006004,-0.5571790000001329,-1.099996999999803,-0.32468999999991865,-0.7123434999998608
2022-08-10 05:30:00,,,,-0.7546230000002652,-0.35471499999994194,-0.5546690000001036,-1.0949989999999161,-0.3258499999997184,-0.7104244999998173
2022-08-10 05:45:00,,,,-0.7547910000002958,-0.35481700000036653,-0.5548040000003311,-1.0945840000003955,-0.3255520000002434,-0.7100680000003194
2022-08-10 06:00:00,,,,-0.758476000000428,-0.3548150000001442,-0.5566455000002861,-1.0999990000000253,-0.3243899999997666,-0.7121944999998959
2022-08-10 06:30:00,,,,-0.7587570000000596,-0.356619000000137,-0.5576880000000983,-1.1002880000000914,-0.32543400000031397,-0.7128610000002027
2022-08-10 07:00:00,,,,-0.7603819999999359,-0.3575350000000981,-0.558958500000017,-1.098993000000064,-0.32207300000027317,-0.7105330000001686
2022-08-10 07:15:00,,,,-0.7589429999998174,-0.35510599999997794,-0.5570244999998977,-1.10220500000014,-0.3223750000001928,-0.7122900000001664
2022-08-10 08:00:00,,,,-0.7571539999999004,-0.35437400000000707,-0.5557639999999537,-1.1010210000004008,-0.3257120000002942,-0.7133665000003475
2022-08-10 08:30:00,,,,-0.7574640000002546,-0.35409000000026936,-0.555777000000262,-1.102484000000004,-0.32312699999965844,-0.7128054999998312
2022-08-10 08:45:00,,,,-0.7600740000002588,-0.35651899999993475,-0.5582965000000968,-1.1010229999997136,-0.3234059999999772,-0.7122144999998454
2022-08-10 09:00:00,,,,-0.7577310000001489,-0.35534899999993286,-0.5565400000000409,-1.1015910000000986,-0.32515600000033373,-0.7133735000002162
2022-08-10 09:15:00,,,,-0.7583239999999023,-0.3552589999999327,-0.5567914999999175,-1.1010230000001684,-0.3231270000001132,-0.7120750000001408
2022-08-10 09:45:00,,,,-0.7586350000001403,-0.3547710000002553,-0.5567030000001978,-1.1042359999996734,-0.3251569999997628,-0.7146964999997181
2022-08-10 10:00:00,,,,-0.758197999999993,-0.35394300000007206,-0.5560705000000326,-1.1037939999996524,-0.32413599999972575,-0.7139649999996891
2022-08-10 10:45:00,,,,-0.7571540000003552,-0.35234600000012506,-0.5547500000002401,-1.1015929999998662,-0.3219699999999648,-0.7117814999999155
2022-08-10 11:00:00,,,,-0.7549360000002707,-0.3533620000002884,-0.5541490000002796,-1.0970569999999498,-0.32355599999982587,-0.7103064999998878
2022-08-10 11:15:00,,,,-0.7561510000000453,-0.35287200000038865,-0.554511500000217,-1.1011759999996684,-0.32441500000004453,-0.7127954999998565
2022-08-10 11:30:00,,,,-0.7589030000003731,-0.3536060000001271,-0.5562545000002501,-1.1027619999999843,-0.3234179999999469,-0.7130899999999656
2022-08-10 12:00:00,,,,-0.7542339999999967,-0.3501610000002984,-0.5521975000001476,-1.101592000000437,-0.3215530000002218,-0.7115725000003295
2022-08-10 12:15:00,,,,-0.7564630000001671,-0.35170800000014424,-0.5540855000001557,-1.104979000000185,-0.32557400000041525,-0.7152765000003001
2022-08-10 12:30:00,,,,-0.759838999999829,-0.3548259999997754,-0.5573324999998022,-1.1054340000000593,-0.3209640000000036,-0.7131990000000314
2022-08-10 12:45:00,,,,-0.7596940000003087,-0.35191400000030626,-0.5558040000003075,-1.1058729999999741,-0.3192109999999957,-0.7125419999999849
2022-08-10 13:00:00,,,,-0.7574779999999919,-0.3524010000000999,-0.5549395000000459,-1.103668000000198,-0.32068500000013955,-0.7121765000001687
2022-08-10 13:30:00,,,,-0.7584100000003673,-0.3507110000000466,-0.554560500000207,-1.1086559999998826,-0.3176619999999275,-0.7131589999999051
2022-08-10 14:00:00,,,,-0.7554070000001047,-0.35429599999997663,-0.5548515000000407,-1.0992740000001504,-0.3202699999997094,-0.7097719999999299
2022-08-10 14:15:00,,,,-0.7579439999999522,-0.3524030000003222,-0.5551735000001372,-1.1076190000003407,-0.32243600000037986,-0.7150275000003603
2022-08-10 14:30:00,,,,-0.7551789999997709,-0.35138599999982034,-0.5532824999997956,-1.1054320000002917,-0.32027000000016415,-0.7128510000002279
2022-08-10 14:45:00,,,,-0.7561940000000504,-0.35114300000032017,-0.5536685000001853,-1.1047000000003209,-0.31923600000027363,-0.7119680000002973
2022-08-10 15:15:00,,,,-0.7551770000000033,-0.35018600000012157,-0.5526815000000624,-1.1042580000003,-0.3152170000003025,-0.7097375000003012
2022-08-10 15:30:00,,,,-0.7564590000001772,-0.35470200000008845,-0.5555805000001328,-1.102053000000069,-0.3191350000001876,-0.7105940000001283
2022-08-10 15:45:00,,,,-0.7505899999996473,-0.34944699999959994,-0.5500184999996236,-1.0967900000000554,-0.31679299999996147,-0.7067915000000085
2022-08-10 16:00:00,,,,-0.7547409999997399,-0.34944599999971615,-0.552093499999728,-1.105565999999726,-0.31679099999973914,-0.7111784999997326
2022-08-10 16:15:00,,,,-0.7554449999997814,-0.3506659999998192,-0.5530554999998003,-1.1033739999998033,-0.3149389999998675,-0.7091564999998354
2022-08-10 16:30:00,,,,-0.7557560000000194,-0.35061299999961193,-0.5531844999998157,-1.1060059999999794,-0.31796499999973094,-0.7119854999998552
2022-08-10 16:45:00,,,,-0.7528059999999641,-0.3516839999997501,-0.5522449999998571,-1.1007440000003044,-0.3182670000001053,-0.7095055000002048
2022-08-10 17:15:00,,,,-0.754273000000012,-0.35018099999979313,-0.5522269999999025,-1.1033620000002884,-0.3163760000002185,-0.7098690000002534
2022-08-10 17:30:00,,,,-0.7520579999995789,-0.3491649999996298,-0.5506114999996043,-1.099406999999701,-0.31421000000000276,-0.7068084999998518
2022-08-10 18:00:00,,,,-0.7582390000002306,-0.35416699999996126,-0.5562030000000959,-1.1044059999999263,-0.31494100000008984,-0.7096735000000081
2022-08-10 18:15:00,,,,-0.7595220000002882,-0.3548990000003869,-0.5572105000003376,-1.1039510000000519,-0.31452200000012454,-0.7092365000000882
2022-08-10 18:45:00,,,,-0.7579699999996592,-0.3529059999996207,-0.5554379999996399,-1.1070479999998497,-0.3146600000000035,-0.7108539999999266
2022-08-10 19:00:00,,,,-0.7539600000000064,-0.3518349999999373,-0.5528974999999718,-1.1007260000001224,-0.3161079999999856,-0.708417000000054
2022-08-10 19:30:00,,,,-0.7577710000000479,-0.3532079999999951,-0.5554895000000215,-1.103360000000066,-0.3120790000002671,-0.7077195000001666
2022-08-10 19:45:00,,,,-0.754439000000275,-0.3503930000001674,-0.5524160000002212,-1.1029410000001008,-0.31235500000002503,-0.7076480000000629
2022-08-10 20:00:00,,,,-0.760153000000173,-0.35490800000025047,-0.5575305000002118,-1.1068950000003497,-0.3145230000000083,-0.710709000000179
2022-08-10 20:30:00,,,,-0.7579380000001947,-0.35456599999997707,-0.5562520000000859,-1.1058610000000044,-0.31671200000027966,-0.711286500000142
2022-08-10 20:45:00,,,,-0.7598320000001877,-0.35631100000000515,-0.5580715000000964,-1.1071719999999914,-0.3173039999996945,-0.7122379999998429
2022-08-10 21:00:00,,,,-0.7539580000002388,-0.3535450000003948,-0.5537515000003168,-1.0989730000001146,-0.31338700000014796,-0.7061800000001313
2022-08-10 21:15:00,,,,-0.7564440000001014,-0.3548990000003869,-0.5556715000002441,-1.1037859999996726,-0.3180229999998119,-0.7109044999997423
2022-08-10 21:30:00,,,,-0.7542269999999007,-0.35665000000017244,-0.5554385000000366,-1.0980799999997544,-0.3180219999999281,-0.7080509999998412
2022-08-10 21:45:00,,,,-0.7549300000000585,-0.3568020000002434,-0.555866000000151,-1.095875999999862,-0.31585599999971237,-0.7058659999997872
2022-08-10 22:30:00,,,,-0.7546620000002804,-0.35587900000018635,-0.5552705000002334,-1.097939999999653,-0.3157149999997273,-0.7068274999996902
2022-08-10 22:45:00,,,,-0.7524470000003021,-0.3548100000002705,-0.5536285000002863,-1.092236999999841,-0.3136650000001282,-0.7029509999999846
2022-08-10 23:30:00,,,,-0.753729999999905,-0.3575749999999971,-0.555652499999951,-1.0900320000000647,-0.3158309999998892,-0.702931499999977
2022-08-11 00:30:00,,,,-0.7534620000001269,-0.3548080000000482,-0.5541350000000875,-1.09150899999986,-0.3124939999997878,-0.7020014999998239
2022-08-11 00:45:00,,,,-0.749496000000363,-0.35427700000036566,-0.5518865000003643,-1.0887229999998453,-0.31296999999995023,-0.7008464999998978
2022-08-11 01:15:00,,,,-0.7500770000001467,-0.3544080000001486,-0.5522425000001476,-1.0893059999998513,-0.31655099999989034,-0.7029284999998708
2022-08-11 01:45:00,,,,-0.7527150000000802,-0.3567470000002686,-0.5547310000001744,-1.0919249999997191,-0.31772000000000844,-0.7048224999998638
2022-08-11 02:30:00,,,,-0.7512460000002648,-0.3568000000000211,-0.5540230000001429,-1.091055000000324,-0.3176040000003013,-0.7043295000003127
2022-08-11 02:45:00,,,,-0.7534540000001471,-0.3555780000001505,-0.5545160000001488,-1.0944199999999,-0.31772099999989223,-0.7060704999998961
2022-08-11 03:00:00,,,,-0.7534540000001471,-0.35631100000000515,-0.5548825000000761,-1.0944199999999,-0.3173029999998107,-0.7058614999998554
2022-08-11 03:30:00,,,,-0.7512379999998302,-0.3552949999998418,-0.553266499999836,-1.0904669999999896,-0.31513700000004974,-0.7028020000000197
2022-08-11 04:00:00,,,,-0.7517039999997905,-0.3545610000001034,-0.553132499999947,-1.0926699999999983,-0.3155530000003637,-0.704111500000181
2022-08-11 04:30:00,,,,-0.7537770000003547,-0.3556419999999889,-0.5547095000001718,-1.0953160000003663,-0.31527600000026723,-0.7052960000003168
2022-08-11 05:00:00,,,,-0.7533109999999397,-0.3556419999999889,-0.5544764999999643,-1.0931120000000192,-0.31527500000038344,-0.7041935000002013
2022-08-11 05:15:00,,,,-0.7547920000001795,-0.3557850000001963,-0.5552885000001879,-1.096335000000181,-0.31484800000043833,-0.7055915000003097
2022-08-11 05:30:00,,,,-0.7502779999999802,-0.3528160000000753,-0.5515470000000278,-1.0941470000002482,-0.315541000000394,-0.7048440000003211
2022-08-11 06:00:00,,,,-0.7537780000002385,-0.35529900000028647,-0.5545385000002625,-1.0941490000000158,-0.31337500000017826,-0.703762000000097
2022-08-11 06:30:00,,,,-0.7537780000002385,-0.354624000000058,-0.5542010000001483,-1.0958980000000338,-0.31368700000030003,-0.7047925000001669
2022-08-11 07:15:00,,,,-0.7515620000003764,-0.35389100000020335,-0.5527265000002899,-1.0919440000002396,-0.314104000000043,-0.7030240000001413
2022-08-11 07:30:00,,,,-0.7493460000000596,-0.354624000000058,-0.5519850000000588,-1.0879910000003292,-0.31368700000030003,-0.7008390000003146
2022-08-11 07:45:00,,,,-0.7534550000000309,-0.3550500000001193,-0.5542525000000751,-1.0926750000003267,-0.31352400000014313,-0.7030995000002349
2022-08-11 08:15:00,,,,-0.7531890000000203,-0.3547680000001492,-0.5539785000000848,-1.0935710000003382,-0.31094100000018443,-0.7022560000002613
2022-08-11 09:30:00,,,,-0.7549389999999221,-0.35651899999993475,-0.5557289999999284,-1.09532100000024,-0.31269200000042474,-0.7040065000003324
2022-08-11 10:15:00,,,,-0.7527250000002823,-0.35476999999991676,-0.5537475000000995,-1.093119999999999,-0.31269300000030853,-0.7029065000001538
2022-08-11 10:45:00,,,,-0.7531909999997879,-0.354769000000033,-0.5539799999999104,-1.0953230000000076,-0.3126910000000862,-0.7040070000000469
2022-08-11 11:15:00,,,,-0.7542480000001888,-0.35409700000036537,-0.5541725000002771,-1.1010260000002745,-0.31416600000011385,-0.7075960000001942
2022-08-11 11:45:00,,,,-0.7502839999997377,-0.35161499999958323,-0.5509494999996605,-1.0959050000001298,-0.3134140000001935,-0.7046595000001616
2022-08-11 12:00:00,,,,-0.7547970000000532,-0.3552599999998165,-0.5550284999999349,-1.0980920000001788,-0.31415300000026036,-0.7061225000002196
2022-08-11 12:15:00,,,,-0.7508319999997184,-0.3530209999998988,-0.5519264999998086,-1.0923890000003667,-0.3126830000001064,-0.7025360000002365
2022-08-11 13:00:00,,,,-0.7498160000000098,-0.3538479999997435,-0.5518319999998766,-1.0931189999996604,-0.3142920000000231,-0.7037054999998418
2022-08-11 13:30:00,,,,-0.7540939999998955,-0.35559799999964525,-0.5548459999997704,-1.0985459999997147,-0.3142929999999069,-0.7064194999998108
2022-08-11 13:45:00,,,,-0.7512849999998252,-0.3535109999997985,-0.5523979999998119,-1.0963299999998526,-0.31416399999989153,-0.7052469999998721
2022-08-11 14:00:00,,,,-0.7518639999998413,-0.35457699999960823,-0.5532204999997248,-1.0945780000001832,-0.31213800000023184,-0.7033580000002075
2022-08-11 14:15:00,,,,-0.7496479999999792,-0.35160799999994197,-0.5506279999999606,-1.0923749999997199,-0.31283099999973274,-0.7026029999997263
2022-08-11 14:30:00,,,,-0.7533450000000812,-0.354577000000063,-0.5539610000000721,-1.0989700000000084,-0.3138869999997951,-0.7064284999999018
2022-08-11 14:45:00,,,,-0.755094999999983,-0.35356000000001586,-0.5543274999999994,-1.0989709999998922,-0.3099699999997938,-0.704470499999843
2022-08-11 15:00:00,,,,-0.7528769999998985,-0.3540490000000318,-0.5534629999999652,-1.0938459999997576,-0.3085209999999279,-0.7011834999998428
2022-08-11 15:15:00,,,,-0.7525660000001153,-0.3545400000002701,-0.5535530000001927,-1.0923719999996138,-0.30824299999994764,-0.7003074999997807
2022-08-11 15:45:00,,,,-0.7528879999999845,-0.35231100000009974,-0.5525995000000421,-1.0967639999998937,-0.30969299999969735,-0.7032284999997955
2022-08-11 16:00:00,,,,-0.7578560000001744,-0.3587790000001405,-0.5583175000001575,-1.095886000000064,-0.30724899999995614,-0.7015675000000101
2022-08-11 16:15:00,,,,-0.7511369999997441,-0.3532470000000103,-0.5521919999998772,-1.0950119999997696,-0.30641400000013164,-0.7007129999999506
2022-08-11 16:30:00,,,,-0.7526060000000143,-0.3542639999996027,-0.5534349999998085,-1.09413399999994,-0.30508199999985663,-0.6996079999998983
2022-08-11 16:45:00,,,,-0.7557940000001508,-0.3570220000001427,-0.5564080000001468,-1.0985090000003765,-0.3113250000001244,-0.7049170000002505
2022-08-15 00:15:00,,,,-0.7488539999999375,-0.3582789999995839,-0.5535664999997607,-1.0921949999997196,-0.29114099999969767,-0.6916679999997086
2022-08-15 00:45:00,,,,-0.7506049999997231,-0.3587659999998323,-0.5546854999997777,-1.09394599999996,-0.29086499999993976,-0.6924054999999498
2022-08-15 01:45:00,,,,-0.7489680000003318,-0.3575949999999466,-0.5532815000001392,-1.0905719999996109,-0.28969499999993786,-0.6901334999997744
2022-08-15 02:15:00,,,,-0.7472179999999753,-0.35725200000024415,-0.5522350000001097,-1.090570999999727,-0.29071399999975256,-0.6906424999997398
2022-08-15 02:30:00,,,,-0.7516200000000026,-0.35992799999985436,-0.5557739999999285,-1.0932169999996404,-0.29085299999997005,-0.6920349999998052
2022-08-15 02:45:00,,,,-0.7509159999999611,-0.3575340000002143,-0.5542250000000877,-1.0954209999999875,-0.2915469999998095,-0.6934839999998985
2022-08-15 03:00:00,,,,-0.7489680000003318,-0.3587580000003072,-0.5538630000003195,-1.087072999999691,-0.2873509999999442,-0.6872119999998176
2022-08-15 03:15:00,,,,-0.7504500000000007,-0.35826799999995274,-0.5543589999999767,-1.0897169999998368,-0.287630999999692,-0.6886739999997644
2022-08-15 03:45:00,,,,-0.7486999999996442,-0.3565169999997124,-0.5526084999996783,-1.0897190000000592,-0.2876299999998082,-0.6886744999999337
2022-08-15 04:15:00,,,,-0.7501819999997679,-0.3580249999999978,-0.5541034999998828,-1.0912020000000666,-0.2883590000001277,-0.6897805000000972
2022-08-15 04:30:00,,,,-0.7523970000002009,-0.35728900000003705,-0.554843000000119,-1.0951540000000932,-0.2887740000001031,-0.6919640000000982
2022-08-15 04:45:00,,,,-0.750336999999945,-0.3562739999997575,-0.5533054999998512,-1.0948429999998552,-0.28951699999970515,-0.6921799999997802
2022-08-15 05:00:00,,,,-0.750336999999945,-0.35744400000021415,-0.5538905000000796,-1.0936830000000555,-0.2895269999999073,-0.6916049999999814
2022-08-15 05:45:00,,,,-0.7523989999999685,-0.3591949999999997,-0.5557969999999841,-1.0963160000001153,-0.29068899999992937,-0.6935025000000223
2022-08-15 06:00:00,,,,-0.7543040000000474,-0.3579690000001392,-0.5561365000000933,-1.097639000000072,-0.29022299999996903,-0.6939310000000205
2022-08-15 06:45:00,,,,-0.7491690000001654,-0.3572910000002594,-0.5532300000002124,-1.0907680000000255,-0.2887749999999869,-0.6897715000000062
2022-08-15 08:00:00,,,,-0.7491699999995944,-0.3568009999999049,-0.5529854999997497,-1.091928999999709,-0.29021499999998923,-0.6910719999998491
2022-08-15 08:30:00,,,,-0.7474209999995765,-0.3540949999996883,-0.5507579999996324,-1.091928999999709,-0.2861939999997958,-0.6890614999997524
2022-08-15 08:45:00,,,,-0.7518530000002102,-0.35802600000033635,-0.5549395000002733,-1.0980850000000828,-0.2895189999999275,-0.6938020000000051
2022-08-15 09:00:00,,,,-0.749637000000348,-0.35686100000020815,-0.5532490000002781,-1.0958819999996194,-0.29011099999979706,-0.6929964999997082
2022-08-15 10:30:00,,,,-0.750807999999779,-0.35673099999985425,-0.5537694999998166,-1.0976339999997435,-0.2871109999996406,-0.6923724999996921
2022-08-15 11:00:00,,,,-0.7533349999998791,-0.35949699999991935,-0.5564159999998992,-1.1013119999997798,-0.28927699999985634,-0.6952944999998181
2022-08-15 11:15:00,,,,-0.7523220000002766,-0.3555630000000747,-0.5539425000001756,-1.1049629999997705,-0.28827999999975873,-0.6966214999997646
2022-08-15 11:45:00,,,,-0.7501059999999597,-0.3560529999999744,-0.5530794999999671,-1.1010099999998602,-0.2880019999997785,-0.6945059999998193
2022-08-15 12:45:00,,,,-0.7496380000002318,-0.35605200000009063,-0.5528450000001612,-1.0958849999997256,-0.2850819999998748,-0.6904834999998002
2022-08-15 13:00:00,,,,-0.7530249999999796,-0.3589719999999943,-0.555998499999987,-1.0998399999998583,-0.2868319999997766,-0.6933359999998174
2022-08-15 13:30:00,,,,-0.7484800000001997,-0.3576199999997698,-0.5530499999999847,-1.094727000000148,-0.28511900000012247,-0.6899230000001353
2022-08-15 13:45:00,,,,-0.7499609999999848,-0.3571320000000924,-0.5535465000000386,-1.0973690000000715,-0.2853930000001128,-0.6913810000000922
2022-08-15 14:00:00,,,,-0.7467280000000756,-0.35605600000008053,-0.551392000000078,-1.0958839999998418,-0.2879880000000412,-0.6919359999999415
2022-08-15 14:15:00,,,,-0.7512440000000424,-0.3600419999997939,-0.5556429999999182,-1.0951640000002953,-0.28655299999991257,-0.690858500000104
2022-08-15 14:30:00,,,,-0.7504149999999754,-0.3548470000000634,-0.5526310000000194,-1.1024709999996958,-0.2841089999997166,-0.6932899999997062
2022-08-15 14:45:00,,,,-0.7471949999999197,-0.3547929999999724,-0.550993999999946,-1.09809899999982,-0.2859730000000127,-0.6920359999999164
2022-08-15 15:00:00,,,,-0.7499479999996765,-0.3582939999996597,-0.5541209999996681,-1.0985160000000178,-0.28772499999968204,-0.6931204999998499
2022-08-15 15:45:00,,,,-0.7492119999997158,-0.3589320000000953,-0.5540719999999055,-1.097784000000047,-0.2870299999999588,-0.6924070000000029
2022-08-15 16:00:00,,,,-0.7529099999997015,-0.35893199999964054,-0.555920999999671,-1.1008830000000671,-0.28353100000003906,-0.6922070000000531
2022-08-15 16:30:00,,,,-0.7518979999999829,-0.35752099999990605,-0.5547094999999445,-1.1022039999998015,-0.28425000000015643,-0.6932269999999789
2022-08-15 17:00:00,,,,-0.7518970000000991,-0.3582539999997607,-0.5550754999999299,-1.1022020000000339,-0.2838339999998425,-0.6930179999999382
2022-08-15 18:00:00,,,,-0.7517379999999321,-0.3577669999999671,-0.5547524999999496,-1.1026170000000093,-0.28526899999997113,-0.6939429999999902
2022-08-15 18:30:00,,,,-0.749210999999832,-0.3594169999996666,-0.5543139999997493,-1.0942909999998847,-0.2832400000002053,-0.688765500000045
2022-08-15 19:15:00,,,,-0.7477300000000469,-0.3589859999997316,-0.5533579999998892,-1.0933979999999792,-0.28341599999976097,-0.6884069999998701
2022-08-15 20:00:00,,,,-0.750720999999885,-0.35796899999968446,-0.5543449999997847,-1.1021850000001905,-0.28241799999977957,-0.692301499999985
2022-08-15 20:15:00,,,,-0.7492099999999482,-0.3584069999997155,-0.5538084999998318,-1.0942799999997987,-0.2810869999998431,-0.6876834999998209
2022-08-15 20:45:00,,,,-0.7494759999999587,-0.3592329999996764,-0.5543544999998176,-1.0933829999999034,-0.2815249999998741,-0.6874539999998888
2022-08-15 21:00:00,,,,-0.7521599999995487,-0.3592339999995602,-0.5556969999995545,-1.1024619999998322,-0.2844449999997778,-0.693453499999805
2022-08-15 21:15:00,,,,-0.7504089999997632,-0.3578209999996034,-0.5541149999996833,-1.102458999999726,-0.2851620000001276,-0.6938104999999268
2022-08-15 21:30:00,,,,-0.749362999999903,-0.35675099999980375,-0.5530569999998534,-1.0985060000002704,-0.28369100000008984,-0.6910985000001801
2022-08-15 21:45:00,,,,-0.7526379999999335,-0.358560000000125,-0.5555990000000293,-1.1052669999999125,-0.2835880000002362,-0.6944275000000744
2022-08-15 22:00:00,,,,-0.753331999999773,-0.3602459999997336,-0.5567889999997533,-1.102473999999802,-0.2854429999997592,-0.6939584999997805
2022-08-15 22:30:00,,,,-0.7518489999997655,-0.35874299999977666,-0.5552959999997711,-1.1015779999997903,-0.2853029999996579,-0.6934404999997241
2022-08-15 23:15:00,,,,-0.752864000000045,-0.36024500000030457,-0.5565545000001748,-1.0985179999997854,-0.2836929999998574,-0.6911054999998214
2022-08-16 00:30:00,,,,-0.753331999999773,-0.3602449999998498,-0.5567884999998114,-1.1013140000000021,-0.28428299999995943,-0.6927984999999808
2022-08-16 00:45:00,,,,-0.7515809999999874,-0.36091999999962354,-0.5562504999998055,-1.0978140000001986,-0.2839720000001762,-0.6908930000001874
2022-08-16 01:45:00,,,,-0.7587330000001202,-0.36633000000028915,-0.5625315000002047,-1.1090320000002976,-0.2917200000001685,-0.700376000000233
2022-08-16 02:00:00,,,,-0.7562070000003587,-0.3678340000001299,-0.5620205000002443,-1.103606000000127,-0.2936120000003939,-0.6986090000002605
2022-08-16 02:30:00,,,,-0.7526660000003176,-0.3644170000002305,-0.558541500000274,-1.100090999999793,-0.29329699999971126,-0.6966939999997521
2022-08-16 03:00:00,,,,-0.7585790000002817,-0.3644160000003467,-0.5614975000003142,-1.1042239999997037,-0.2868789999997716,-0.6955514999997376
2022-08-16 03:30:00,,,,-0.7560520000001816,-0.3634450000004108,-0.5597485000002962,-1.1011270000003606,-0.28977500000019063,-0.6954510000002756
2022-08-16 03:45:00,,,,-0.7557830000000649,-0.3626160000003438,-0.5591995000002044,-1.103769000000284,-0.291070000000218,-0.697419500000251
2022-08-16 04:00:00,,,,-0.7541470000001027,-0.36294900000029884,-0.5585480000002008,-1.1015650000003916,-0.29296000000022104,-0.6972625000003063
2022-08-16 04:45:00,,,,-0.7585800000001655,-0.3629489999998441,-0.5607645000000048,-1.107723999999962,-0.29121000000031927,-0.6994670000001406
2022-08-16 05:00:00,,,,-0.7600480000000971,-0.3634780000002138,-0.5617630000001554,-1.108596000000034,-0.2919030000002749,-0.7002495000001545
2022-08-16 05:30:00,,,,-0.7590460000001258,-0.3607130000000325,-0.5598795000000791,-1.1064300000002731,-0.28623800000013944,-0.6963340000002063
2022-08-16 05:45:00,,,,-0.7575340000003052,-0.3606590000003962,-0.5590965000003507,-1.1020220000000336,-0.28868299999976443,-0.695352499999899
2022-08-16 06:00:00,,,,-0.7568299999998089,-0.3599789999998393,-0.5584044999998241,-1.104225999999926,-0.2884039999999004,-0.6963149999999132
2022-08-16 06:15:00,,,,-0.7550810000002457,-0.3567230000003292,-0.5559020000002874,-1.1042250000000422,-0.2865159999996649,-0.6953704999998536
2022-08-16 06:30:00,,,,-0.7547700000000077,-0.35841900000013993,-0.5565945000000738,-1.1015819999997802,-0.28896199999962846,-0.6952719999997043
2022-08-16 06:45:00,,,,-0.7547709999998915,-0.3559949999998935,-0.5553829999998925,-1.1033339999999043,-0.28752499999973224,-0.6954294999998183
2022-08-16 07:00:00,,,,-0.7525550000000294,-0.35774499999979525,-0.5551499999999123,-1.097631999999976,-0.28752599999961603,-0.692578999999796
2022-08-16 07:30:00,,,,-0.755547000000206,-0.35847800000010466,-0.5570125000001553,-1.1035130000000208,-0.2853600000003098,-0.6944365000001653
2022-08-16 08:00:00,,,,-0.7577660000001742,-0.3577470000000176,-0.5577565000000959,-1.108636999999817,-0.28694599999971615,-0.6977914999997665
2022-08-16 08:15:00,,,,-0.7562840000000506,-0.3583300000000236,-0.5573070000000371,-1.1059940000000097,-0.28752399999984846,-0.6967589999999291
2022-08-16 08:45:00,,,,-0.754816000000119,-0.35556399999995847,-0.5551900000000387,-1.1051239999997051,-0.28535699999974895,-0.695240499999727
2022-08-16 09:00:00,,,,-0.757455000000391,-0.3584840000003169,-0.557969500000354,-1.1059949999998935,-0.28535799999963274,-0.6956764999997631
2022-08-16 09:30:00,,,,-0.7557040000001507,-0.35746700000026976,-0.5565855000002102,-1.1059950000003482,-0.28494000000000597,-0.6954675000001771
2022-08-16 10:30:00,,,,-0.7564509999997426,-0.3592169999997168,-0.5578339999997297,-1.1073280000000523,-0.28668999999990774,-0.69700899999998
2022-08-16 10:45:00,,,,-0.756452999999965,-0.35853799999995317,-0.5574954999999591,-1.1073299999998198,-0.2852429999998094,-0.6962864999998146
2022-08-16 11:00:00,,,,-0.7551690000000235,-0.35678799999959665,-0.5559784999998101,-1.1124529999997321,-0.2881609999999455,-0.7003069999998388
2022-08-16 11:30:00,,,,-0.7561730000002171,-0.3575230000001284,-0.5568480000001728,-1.10995099999991,-0.2848260000000664,-0.6973884999999882
2022-08-16 11:45:00,,,,-0.7579219999997804,-0.35970399999996516,-0.5588129999998728,-1.111699999999928,-0.28816399999959685,-0.6999319999997624
2022-08-16 12:00:00,,,,-0.7567520000002332,-0.35853399999996327,-0.5576430000000983,-1.108201999999892,-0.2846649999996771,-0.6964334999997845
2022-08-16 12:15:00,,,,-0.7589699999998629,-0.35926999999992404,-0.5591199999998935,-1.1121570000000247,-0.28425000000015643,-0.6982035000000906
2022-08-16 12:30:00,,,,-0.7554689999997208,-0.3565019999996366,-0.5559854999996787,-1.1121549999998024,-0.2838309999997364,-0.6979929999997694
2022-08-16 12:45:00,,,,-0.7587000000003172,-0.3587430000002314,-0.5587215000002743,-1.1147979999996096,-0.28355299999975614,-0.6991754999996829
2022-08-16 13:00:00,,,,-0.755315000000337,-0.3568399999999201,-0.5560775000001286,-1.1114239999997153,-0.28454999999985375,-0.6979869999997845
2022-08-16 13:15:00,,,,-0.7586999999998625,-0.35849999999982174,-0.5585999999998421,-1.1153769999996257,-0.2842709999999897,-0.6998239999998077
2022-08-16 13:30:00,,,,-0.7560189999999238,-0.3574829999997746,-0.5567509999998492,-1.1103899999998248,-0.2832739999998921,-0.6968319999998585
2022-08-16 13:45:00,,,,-0.7597159999995711,-0.3599669999998696,-0.5598414999997203,-1.115816999999879,-0.28343699999959426,-0.6996269999997367
2022-08-16 14:00:00,,,,-0.758813999999802,-0.3609799999999268,-0.5598969999998644,-1.1096739999998135,-0.2815299999997478,-0.6956019999997807
2022-08-16 14:45:00,,,,-0.757951999999932,-0.35888599999998405,-0.558418999999958,-1.1123019999999997,-0.2813860000001114,-0.6968440000000555
2022-08-16 15:00:00,,,,-0.7564829999996618,-0.36214399999971647,-0.5593134999996892,-1.1096819999997933,-0.2850260000000162,-0.6973539999999048
2022-08-16 15:15:00,,,,-0.7582319999996798,-0.36073499999974956,-0.5594834999997147,-1.1096809999999095,-0.2822550000000774,-0.6959679999999935
2022-08-16 15:30:00,,,,-0.7545749999999316,-0.35923300000013114,-0.5569040000000314,-1.1083459999999832,-0.2832739999998921,-0.6958099999999376
2022-08-16 15:45:00,,,,-0.7526410000000396,-0.3599150000000009,-0.5562780000000203,-1.1035219999998844,-0.28472499999998035,-0.6941234999999324
2022-08-16 16:00:00,,,,-0.7523599999999533,-0.35769100000015897,-0.5550255000000561,-1.1061429999999746,-0.2804120000000694,-0.693277500000022
2022-08-16 16:15:00,,,,-0.7541099999998551,-0.36045899999999165,-0.5572844999999234,-1.1043939999999566,-0.2808319999999185,-0.6926129999999375
2022-08-16 16:30:00,,,,-0.7563239999999496,-0.3621539999999186,-0.5592389999999341,-1.1065950000001976,-0.28269600000021455,-0.6946455000002061
2022-08-16 16:45:00,,,,-0.7528239999996913,-0.3593869999999697,-0.5561054999998305,-1.1065960000000814,-0.2822779999996783,-0.6944369999998798
2022-08-16 17:00:00,,,,-0.7534049999999297,-0.3585019999995893,-0.5559534999997595,-1.1083450000000994,-0.2848629999998593,-0.6966039999999794
2022-08-16 17:15:00,,,,-0.7528229999998075,-0.3589870000000701,-0.5559049999999388,-1.1048439999999573,-0.28166700000019773,-0.6932555000000775
2022-08-16 17:30:00,,,,-0.7530919999999242,-0.3589879999999539,-0.556039999999939,-1.1039510000000519,-0.2816680000000815,-0.6928095000000667
2022-08-16 17:45:00,,,,-0.7507219999997687,-0.35951799999975265,-0.5551199999997607,-1.0992670000000544,-0.28411099999993894,-0.6916889999999967
2022-08-16 18:15:00,,,,-0.755036999999902,-0.3608889999995881,-0.5579629999997451,-1.1087950000001001,-0.28241899999966336,-0.6956069999998817
2022-08-16 18:30:00,,,,-0.7541049999999814,-0.3604040000000168,-0.5572544999999991,-1.1043869999998606,-0.2826959999997598,-0.6935414999998102
2022-08-16 18:45:00,,,,-0.7563209999998435,-0.36147399999981644,-0.55889749999983,-1.1048420000001897,-0.2794979999998759,-0.6921700000000328
2022-08-16 19:15:00,,,,-0.7558549999998831,-0.36171699999977136,-0.5587859999998273,-1.1043870000003153,-0.28110800000013114,-0.6927475000002232
2022-08-16 19:30:00,,,,-0.7530929999998079,-0.3611289999998917,-0.5571109999998498,-1.1028009999999995,-0.2811099999998987,-0.6919554999999491
2022-08-16 19:45:00,,,,-0.75262500000008,-0.3606960000001891,-0.5566605000001346,-1.1000049999997827,-0.278943999999683,-0.6894744999997329
2022-08-16 20:00:00,,,,-0.7530909999995856,-0.3599619999999959,-0.5565264999997908,-1.1039579999996931,-0.2811109999997825,-0.6925344999997378
2022-08-16 20:15:00,,,,-0.7505639999999403,-0.36069999999972424,-0.5556319999998323,-1.0991119999998773,-0.2812719999997171,-0.6901919999997972
2022-08-16 20:30:00,,,,-0.7539489999999205,-0.36186999999972613,-0.5579094999998233,-1.1042339999999058,-0.2824409999998352,-0.6933374999998705
2022-08-16 20:45:00,,,,-0.7569119999998293,-0.3631310000000667,-0.560021499999948,-1.107770999999957,-0.28272100000003775,-0.6952459999999974
2022-08-16 21:15:00,,,,-0.7530579999997826,-0.3599269999999706,-0.5564924999998766,-1.1021820000000844,-0.2789669999997386,-0.6905744999999115
2022-08-16 21:30:00,,,,-0.7546839999999975,-0.3621029999999337,-0.5583934999999656,-1.105554000000211,-0.28230200000007244,-0.6939280000001418
2022-08-16 21:45:00,,,,-0.7529330000002119,-0.3606960000001891,-0.5568145000002005,-1.1055529999998726,-0.2830340000000433,-0.6942934999999579
2022-08-16 22:00:00,,,,-0.754950000000008,-0.363709000000199,-0.5593295000001035,-1.1046579999997448,-0.285059999999703,-0.6948589999997239
2022-08-16 22:30:00,,,,-0.7542160000002696,-0.363119000000097,-0.5586675000001833,-1.1015990000000784,-0.28272100000003775,-0.6921600000000581
2022-08-16 23:30:00,,,,-0.7571360000001732,-0.3648190000003524,-0.5609775000002628,-1.1050999999997657,-0.28691200000002937,-0.6960059999998975
2022-08-16 23:45:00,,,,-0.7544830000001639,-0.36364800000001196,-0.5590655000000879,-1.1024549999997362,-0.28691299999991315,-0.6946839999998247
2022-08-17 00:45:00,,,,-0.7556550000003881,-0.3636540000002242,-0.5596545000003061,-1.1024569999999585,-0.28575499999988097,-0.6941059999999197
2022-08-17 01:45:00,,,,-0.7559660000001713,-0.3646650000000591,-0.5603155000001152,-1.1033509999997477,-0.28732899999977235,-0.69533999999976
2022-08-17 02:30:00,,,,-0.7546830000001137,-0.36165200000004916,-0.5581675000000814,-1.1055550000000949,-0.28530399999999645,-0.6954295000000457
2022-08-17 03:00:00,,,,-0.7579150000001391,-0.36116500000025553,-0.5595400000001973,-1.1082010000000082,-0.2838289999999688,-0.6960149999999885
2022-08-17 03:30:00,,,,-0.7601310000000012,-0.36242500000025757,-0.5612780000001294,-1.1121539999999186,-0.28585900000007314,-0.6990064999999959
2022-08-17 04:00:00,,,,-0.758183000000372,-0.36140800000021045,-0.5597955000002912,-1.1055559999999787,-0.28194100000018807,-0.6937485000000834
2022-08-17 05:30:00,,,,-0.7571680000000924,-0.36175100000036764,-0.55945950000023,-1.1068679999998494,-0.2844230000000607,-0.6956454999999551
2022-08-17 06:00:00,,,,-0.7598210000001018,-0.3629220000002533,-0.5613715000001775,-1.109512999999879,-0.2844239999999445,-0.6969684999999117
2022-08-17 06:15:00,,,,-0.7565899999999601,-0.3601550000003044,-0.5583725000001323,-1.1068689999997332,-0.2822550000000774,-0.6945619999999053
2022-08-17 07:00:00,,,,-0.7586509999996451,-0.3631649999997535,-0.5609079999996993,-1.1065929999999753,-0.28253600000016377,-0.6945645000000695
2022-08-17 07:15:00,,,,-0.7605569999996078,-0.3617519999997967,-0.5611544999997022,-1.1102350000001024,-0.2826639999998406,-0.6964494999999715
2022-08-17 07:45:00,,,,-0.7608679999998458,-0.36248499999965134,-0.5616764999997486,-1.1134569999999258,-0.2839960000001156,-0.6987265000000207
2022-08-17 08:15:00,,,,-0.7583509999999478,-0.362920000000031,-0.5606354999999894,-1.108629999999721,-0.286160000000109,-0.6973949999999149
2022-08-17 09:15:00,,,,-0.76204000000007,-0.3639389999998457,-0.5629894999999578,-1.1134609999999157,-0.2865799999999581,-0.7000204999999369
2022-08-17 10:15:00,,,,-0.7623199999998178,-0.3649179999997614,-0.5636189999997896,-1.1120089999999436,-0.2854419999998754,-0.6987254999999095
2022-08-17 10:30:00,,,,-0.7627869999996619,-0.3649199999999837,-0.5638534999998228,-1.1130429999998341,-0.2842729999997573,-0.6986579999997957
2022-08-17 11:30:00,,,,-0.7615019999998367,-0.36365599999999176,-0.5625789999999142,-1.1152469999997265,-0.2839969999999994,-0.699621999999863
2022-08-17 11:45:00,,,,-0.7625069999999141,-0.3621539999999186,-0.5623304999999164,-1.1156659999996918,-0.28210699999999633,-0.6988864999998441
2022-08-17 12:30:00,,,,-0.7620389999997315,-0.36561299999993935,-0.5638259999998354,-1.1134589999996933,-0.28288500000007843,-0.6981719999998859
2022-08-17 13:00:00,,,,-0.7623509999998532,-0.36370899999974426,-0.5630299999997987,-1.1161039999997229,-0.2833019999998214,-0.6997029999997721
2022-08-17 13:30:00,,,,-0.7615730000002259,-0.3648780000003171,-0.5632255000002715,-1.1112659999998868,-0.28330899999991743,-0.6972874999999021
2022-08-17 13:45:00,,,,-0.7591200000001663,-0.363709000000199,-0.5614145000001827,-1.1099709999998595,-0.28156200000012177,-0.6957664999999906
2022-08-17 14:00:00,,,,-0.7576389999999265,-0.36269399999991947,-0.560166499999923,-1.109077999999954,-0.28114499999992404,-0.695111499999939
2022-08-17 14:15:00,,,,-0.7613350000001446,-0.36419599999999264,-0.5627655000000686,-1.1156739999996717,-0.2830349999999271,-0.6993544999997994
2022-08-17 15:15:00,,,,-0.7588519999999335,-0.3615769999996701,-0.5602144999998018,-1.1143640000000232,-0.2798579999998765,-0.6971109999999499
2022-08-17 15:30:00,,,,-0.7564380000003439,-0.36283700000012686,-0.5596375000002354,-1.105562000000191,-0.28013700000019526,-0.6928495000001931
2022-08-17 15:45:00,,,,-0.7609119999997347,-0.3609449999999015,-0.5609284999998181,-1.1158150000001115,-0.2793860000001587,-0.6976005000001351
2022-08-17 16:00:00,,,,-0.7594409999996969,-0.36143399999991743,-0.5604374999998072,-1.1131909999999152,-0.2791050000000723,-0.6961479999999938
2022-08-17 16:45:00,,,,-0.759117999999944,-0.3624450000002071,-0.5607815000000755,-1.1099680000002081,-0.279533999999785,-0.6947509999999966
2022-08-17 17:45:00,,,,-0.7564360000001216,-0.36536100000012084,-0.5608985000001212,-1.1043899999999667,-0.2830229999999574,-0.693706499999962
2022-08-17 18:15:00,,,,-0.7596669999998085,-0.3646899999998823,-0.5621784999998454,-1.111109999999826,-0.28391199999987293,-0.6975109999998494
2022-08-17 18:30:00,,,,-0.7571410000000469,-0.3672630000000936,-0.5622020000000703,-1.1033659999998235,-0.28377499999987776,-0.6935704999998507
2022-08-17 18:45:00,,,,-0.7596659999999247,-0.36643899999990026,-0.5630524999999125,-1.1099420000000464,-0.2844919999997728,-0.6972169999999096
2022-08-17 19:30:00,,,,-0.7623859999998785,-0.37285400000018853,-0.5676200000000335,-1.1068519999998898,-0.288003000000117,-0.6974275000000034
2022-08-17 20:00:00,,,,-0.7584200000001147,-0.3678460000000996,-0.5631330000001071,-1.10755700000027,-0.28902300000027026,-0.6982900000002701
2022-08-17 20:30:00,,,,-0.758389999999963,-0.3690560000000005,-0.5637229999999818,-1.1022929999999178,-0.2899959999999737,-0.6961444999999458
2022-08-17 20:45:00,,,,-0.7548890000002757,-0.3683240000000296,-0.5616065000001527,-1.1017110000002504,-0.2933330000000751,-0.6975220000001627
2022-08-17 21:00:00,,,,-0.7556689999996706,-0.36365399999976944,-0.55966149999972,-1.1053910000000542,-0.28866299999981493,-0.6970269999999346
2022-08-17 21:30:00,,,,-0.7587020000000848,-0.3650460000003477,-0.5618740000002163,-1.103186999999707,-0.2907689999997274,-0.6969779999997172
2022-08-17 22:00:00,,,,-0.7574190000000272,-0.36003900000014255,-0.5587290000000849,-1.1071410000004107,-0.28888000000006286,-0.6980105000002368
2022-08-17 22:15:00,,,,-0.7613860000001296,-0.3617360000002918,-0.5615610000002107,-1.1128459999999905,-0.2924970000003668,-0.7026715000001786
2022-08-17 23:00:00,,,,-0.7583499999996093,-0.3575559999999314,-0.5579529999997703,-1.109798999999839,-0.2857979999998861,-0.6977984999998625
2022-08-17 23:30:00,,,,-0.757883999999649,-0.35930599999983315,-0.558594999999741,-1.1064249999999447,-0.28637899999966976,-0.6964019999998072
2022-08-17 23:45:00,,,,-0.7588189999996757,-0.3560899999997673,-0.5574544999997215,-1.1137549999998555,-0.28838299999961237,-0.7010689999997339
2022-08-18 01:15:00,,,,-0.7620360000000801,-0.35906299999987823,-0.5605494999999792,-1.1152039999997214,-0.28651700000000346,-0.7008604999998624
2022-08-18 01:30:00,,,,-0.7591169999996055,-0.35633299999972223,-0.5577249999996639,-1.1134549999997034,-0.28649499999983163,-0.6999749999997675
2022-08-18 02:30:00,,,,-0.7580740000003061,-0.3573150000001988,-0.5576945000002524,-1.1106740000000173,-0.28593799999998737,-0.6983060000000023
2022-08-18 02:45:00,,,,-0.7580710000002,-0.35804800000005343,-0.5580595000001267,-1.1077629999999772,-0.2826119999999719,-0.6951874999999745
2022-08-18 03:00:00,,,,-0.7576040000003559,-0.35921300000018164,-0.5584085000002688,-1.1055590000000848,-0.28378399999974135,-0.6946714999999131
2022-08-18 03:45:00,,,,-0.7591190000002825,-0.35877700000037294,-0.5589480000003277,-1.1117189999999937,-0.28336699999999837,-0.697542999999996
2022-08-18 04:00:00,,,,-0.7564350000002378,-0.35926800000015646,-0.5578515000001971,-1.1055590000000848,-0.28308800000013434,-0.6943235000001096
2022-08-18 05:00:00,,,,-0.7564370000000054,-0.3567840000000615,-0.5566105000000334,-1.1055609999998524,-0.28175499999997555,-0.693657999999914
2022-08-18 07:00:00,,,,-0.7593180000003485,-0.3575190000001385,-0.5584185000002435,-1.1165679999999156,-0.28308900000001813,-0.6998284999999669
2022-08-18 07:30:00,,,,-0.7595860000001267,-0.35825100000010934,-0.558918500000118,-1.1156740000001264,-0.2826719999998204,-0.6991729999999734
2022-08-18 08:45:00,,,,-0.7618040000002111,-0.35883200000034776,-0.5603180000002794,-1.117881000000125,-0.2815019999998185,-0.6996914999999717
2022-08-18 09:00:00,,,,-0.7621130000002267,-0.3600010000000111,-0.5610570000001189,-1.1176009999999224,-0.2809219999999186,-0.6992614999999205
2022-08-18 10:00:00,,,,-0.7629730000003292,-0.36239500000010594,-0.5626840000002176,-1.1178809999996702,-0.2819770000000972,-0.6999289999998837
2022-08-18 10:15:00,,,,-0.7632849999999962,-0.36117200000035155,-0.5622285000001739,-1.122262999999748,-0.28558099999963815,-0.7039219999996931
2022-08-18 11:00:00,,,,-0.7610680000002503,-0.36218800000006013,-0.5616280000001552,-1.1171489999996993,-0.2865879999999379,-0.7018684999998186
2022-08-18 11:15:00,,,,-0.7607570000000123,-0.36239500000010594,-0.5615760000000591,-1.113926999999876,-0.2819770000000972,-0.6979519999999866
2022-08-18 11:30:00,,,,-0.7650340000000142,-0.36399200000005294,-0.5645130000000336,-1.1205239999999321,-0.28414399999974194,-0.702333999999837
2022-08-18 11:45:00,,,,-0.7610690000001341,-0.3617120000003524,-0.5613905000002433,-1.1200690000000577,-0.2851999999998043,-0.702634499999931
2022-08-18 12:30:00,,,,-0.7572270000000572,-0.36122599999998783,-0.5592265000000225,-1.1109929999997803,-0.2837169999997968,-0.6973549999997886
2022-08-18 12:45:00,,,,-0.7588529999998173,-0.3623859999997876,-0.5606194999998024,-1.1143659999997908,-0.2848869999997987,-0.6996264999997948
2022-08-18 13:30:00,,,,-0.7588529999998173,-0.36171699999977136,-0.5602849999997943,-1.1143560000000434,-0.2834379999999328,-0.6988969999999881
2022-08-18 14:00:00,,,,-0.7593200000001161,-0.361475000000155,-0.5603975000001356,-1.1183089999999538,-0.2853260000001683,-0.701817500000061
2022-08-18 14:15:00,,,,,,,-1.1197699999997894,-0.2831590000000688,-0.7014644999999291
2022-08-18 14:30:00,,,,,,,-1.1183089999999538,-0.2841910000001917,-0.7012500000000728
2022-08-18 14:45:00,,,,,,,-1.1197819999997591,-0.2812699999999495,-0.7005259999998543
2022-08-18 15:15:00,,,,,,,-1.1175789999997505,-0.28316099999983635,-0.7003699999997934
2022-08-18 15:30:00,,,,,,,-1.117576999999983,-0.2834360000001652,-0.7005065000000741
2022-08-18 15:45:00,,,,,,,-1.1162689999996473,-0.28099299999985305,-0.6986309999997502
2022-08-18 16:00:00,,,,,,,-1.116269000000102,-0.2832769999999982,-0.6997730000000502
2022-08-18 16:30:00,,,,,,,-1.1167209999998704,-0.2789429999997992,-0.6978319999998348
2022-08-18 16:45:00,,,,,,,-1.1167239999999765,-0.2811119999996663,-0.6989179999998214
2022-08-18 17:00:00,,,,-0.7599430000000211,-0.35631400000011126,-0.5581285000000662,-1.1224259999999049,-0.282104999999774,-0.7022654999998394
2022-08-18 17:45:00,,,,-0.7623950000001969,-0.363166000000092,-0.5627805000001445,-1.1167209999998704,-0.2836939999997412,-0.7002074999998058
2022-08-18 19:15:00,,,,-0.7656130000000303,-0.3631639999998697,-0.56438849999995,-1.1210909999999785,-0.2836939999997412,-0.7023924999998599
2022-08-18 19:30:00,,,,-0.7633960000002844,-0.36214700000027733,-0.5627715000002809,-1.1188849999998638,-0.2832749999997759,-0.7010799999998198
2022-08-18 21:00:00,,,,-0.761066000000028,-0.3627320000000509,-0.5618990000000395,-1.1148060000000442,-0.2821039999998902,-0.6984549999999672
2022-08-18 21:15:00,,,,-0.7628559999998288,-0.3627320000000509,-0.5627939999999398,-1.1189110000000255,-0.282104999999774,-0.7005079999998998
2022-08-18 21:30:00,,,,-0.7631249999999454,-0.363749000000098,-0.5634370000000217,-1.1180159999998978,-0.2842719999998735,-0.7011439999998856
2022-08-18 21:45:00,,,,-0.7626589999999851,-0.36399200000005294,-0.563325500000019,-1.1158129999998891,-0.28413399999999456,-0.6999734999999419
2022-08-18 22:00:00,,,,-0.7609090000000833,-0.3622419999996964,-0.5615754999998899,-1.1158120000000054,-0.28413300000011077,-0.6999725000000581
2022-08-18 22:15:00,,,,-0.7613750000000437,-0.36122500000010405,-0.5613000000000739,-1.1180159999998978,-0.28196699999989505,-0.6999914999998964
2022-08-18 22:30:00,,,,-0.7616030000003775,-0.3636850000002596,-0.5626440000003186,-1.1118599999999788,-0.2849670000000515,-0.6984135000000151
2022-08-19 00:15:00,,,,-0.7660479999999552,-0.36325799999985975,-0.5646529999999075,-1.1209499999999935,-0.2845510000001923,-0.7027505000000929
2022-08-19 01:00:00,,,,-0.7628179999996973,-0.3627329999999347,-0.562775499999816,-1.1183070000001862,-0.28385500000013053,-0.7010810000001584
2022-08-19 01:30:00,,,,-0.7655819999999949,-0.3649190000000999,-0.5652505000000474,-1.116997000000083,-0.28369199999997363,-0.7003445000000283
2022-08-19 02:00:00,,,,-0.7658940000001166,-0.36267799999995987,-0.5642860000000383,-1.1202199999997902,-0.28397099999983766,-0.7020954999998139
2022-08-19 02:30:00,,,,-0.7636779999997998,-0.36389799999960815,-0.563787999999704,-1.116265999999996,-0.2832769999999982,-0.6997714999999971
2022-08-19 03:00:00,,,,-0.7641320000002452,-0.3630110000003697,-0.5635715000003074,-1.1196169999998347,-0.2858599999999569,-0.7027384999998958
2022-08-19 04:00:00,,,,-0.7641320000002452,-0.3637459999999919,-0.5639390000001185,-1.1196169999998347,-0.28544400000009773,-0.7025304999999662
2022-08-19 04:45:00,,,,-0.7656150000002526,-0.3638930000001892,-0.5647540000002209,-1.1193530000000464,-0.28152600000021266,-0.7004395000001296
2022-08-19 05:30:00,,,,-0.7641329999996742,-0.3643829999996342,-0.5642579999996542,-1.1167120000000068,-0.2812480000002324,-0.6989800000001196
2022-08-19 06:00:00,,,,-0.7636669999997139,-0.3651159999999436,-0.5643914999998287,-1.1145070000002306,-0.2808310000000347,-0.6976690000001327
2022-08-19 06:45:00,,,,-0.7619160000003831,-0.36321799999996074,-0.5625670000001719,-1.1145040000001245,-0.2818379999998797,-0.6981710000000021
2022-08-19 07:30:00,,,,-0.7619180000001506,-0.3639530000000377,-0.5629355000000942,-1.112756999999874,-0.2796730000000025,-0.6962149999999383
2022-08-19 08:30:00,,,,-0.7636789999996836,-0.36564799999996467,-0.5646634999998241,-1.114520000000084,-0.283277999999882,-0.6988989999999831
2022-08-19 09:00:00,,,,-0.7594030000000203,-0.36512299999958486,-0.5622629999998026,-1.10793300000023,-0.2814229999999043,-0.6946780000000672
2022-08-19 09:15:00,,,,-0.7619319999998879,-0.3643899999997302,-0.5631609999998091,-1.1162709999998697,-0.28474899999991976,-0.7005099999998947
2022-08-19 12:00:00,,,,-0.7614519999997356,-0.36560199999985343,-0.5635269999997945,-1.1123050000001058,-0.28230299999995623,-0.697304000000031
2022-08-19 12:15:00,,,,-0.7611839999999575,-0.3648689999999988,-0.5630264999999781,-1.114947999999913,-0.28446900000017195,-0.6997085000000425
2022-08-19 12:45:00,,,,-0.7634119999997893,-0.3638630000000376,-0.5636374999999134,-1.1189049999998133,-0.28230399999984,-0.7006044999998267
2022-08-19 13:00:00,,,,-0.766910999999709,-0.36736199999995733,-0.5671364999998332,-1.1189039999999295,-0.28230299999995623,-0.7006034999999429
2022-08-19 13:15:00,,,,-0.7634109999999055,-0.36459599999989223,-0.5640034999998988,-1.1189039999999295,-0.2818859999997585,-0.700394999999844
2022-08-19 13:30:00,,,,-0.7639920000001439,-0.36493400000017573,-0.5644630000001598,-1.1206529999999475,-0.283773999999994,-0.7022134999999707
2022-08-19 13:45:00,,,,-0.7662070000001222,-0.3666840000000775,-0.5664455000000999,-1.121107999999822,-0.2820259999998598,-0.7015669999998408
2022-08-19 14:00:00,,,,-0.7649959999998828,-0.36561399999982314,-0.565304999999853,-1.117572999999993,-0.2817249999998239,-0.6996489999999085
2022-08-19 14:15:00,,,,-0.7672090000000935,-0.3660989999998492,-0.5666539999999713,-1.1215240000001359,-0.28144700000029843,-0.7014855000002171
2022-08-19 14:45:00,,,,-0.7653059999997822,-0.36419599999999264,-0.5647509999998874,-1.1190449999999146,-0.2806949999999233,-0.699869999999919
2022-08-19 15:00:00,,,,-0.7686929999999847,-0.36536599999999453,-0.5670294999999896,-1.1229990000001635,-0.2806949999999233,-0.7018470000000434
2022-08-19 15:15:00,,,,-0.7690020000000004,-0.36566199999970195,-0.5673319999998512,-1.1256400000002031,-0.2798609999999826,-0.7027505000000929
2022-08-19 15:30:00,,,,-0.7647280000001047,-0.36507799999981216,-0.5649029999999584,-1.1184760000001006,-0.279269000000113,-0.6988725000001068
2022-08-19 15:45:00,,,,-0.761496999999963,-0.3643440000000737,-0.5629205000000184,-1.1140840000002754,-0.279685999999856,-0.6968850000000657
2022-08-19 16:00:00,,,,-0.763245999999981,-0.36556700000028286,-0.5644065000001319,-1.1146739999999227,-0.27782999999999447,-0.6962519999999586
2022-08-19 16:15:00,,,,-0.7640349999996943,-0.36440799999991214,-0.5642214999998032,-1.119521000000077,-0.27782999999999447,-0.6986755000000358
2022-08-19 16:30:00,,,,-0.7684150000000045,-0.36658400000033,-0.5674995000001672,-1.1221439999999347,-0.278248000000076,-0.7001960000000054
2022-08-19 18:30:00,,,,-0.7631019999998898,-0.3673239999998259,-0.5652129999998579,-1.1151119999999537,-0.28075300000000425,-0.697932499999979
2022-08-19 19:00:00,,,,-0.7631019999998898,-0.36585699999977805,-0.5644794999998339,-1.1133629999999357,-0.2798370000000432,-0.6965999999999894
2022-08-19 19:30:00,,,,-0.762789999999768,-0.364556999999877,-0.5636734999998225,-1.1118890000002466,-0.275086999999985,-0.6934880000001158
2022-08-19 19:45:00,,,,-0.7618170000000646,-0.36382400000002235,-0.5628205000000435,-1.1155650000000605,-0.2772530000002007,-0.6964090000001306
2022-08-19 20:00:00,,,,-0.7598710000002029,-0.36339300000008734,-0.5616320000001451,-1.1124690000001465,-0.2774160000003576,-0.694942500000252
2022-08-19 20:30:00,,,,-0.763245999999981,-0.3651380000001154,-0.5641920000000482,-1.114082000000053,-0.2756680000002234,-0.6948750000001382
2022-08-19 20:45:00,,,,-0.7627799999995659,-0.366153999999824,-0.564466999999695,-1.1118780000001607,-0.27783399999998437,-0.6948560000000725
2022-08-19 21:00:00,,,,-0.7627769999999146,-0.36581699999987904,-0.5642969999998968,-1.114194999999654,-0.27944499999966865,-0.6968199999996614
2022-08-19 21:15:00,,,,-0.7605610000000524,-0.3647999999998319,-0.5626804999999422,-1.1084929999997257,-0.2755290000000059,-0.6920109999998658
2022-08-19 22:00:00,,,,-0.7620739999997568,-0.362163999999666,-0.5621189999997114,-1.1163980000001175,-0.2781110000000808,-0.6972545000000991
2022-08-19 22:15:00,,,,-0.7632429999998749,-0.36440399999992223,-0.5638234999998986,-1.1158199999999852,-0.2778330000001006,-0.6968265000000429
2022-08-20 00:45:00,,,,-0.7649929999997767,-0.364350999999715,-0.5646719999997458,-1.1181480000000192,-0.2802790000000641,-0.6992135000000417
2022-08-20 01:30:00,,,,-0.761297999999897,-0.36385399999971924,-0.5625759999998081,-1.1127349999997023,-0.28171599999996033,-0.6972254999998313
2022-08-20 02:30:00,,,,-0.7635139999997591,-0.365603999999621,-0.5645589999996901,-1.1131880000002639,-0.27996600000005856,-0.6965770000001612
2022-08-20 02:45:00,,,,-0.7610299999996641,-0.36385399999971924,-0.5624419999996917,-1.1153779999999642,-0.2834649999999783,-0.6994214999999713
2022-08-20 03:15:00,,,,-0.763046999999915,-0.36682699999983015,-0.5649369999998726,-1.1127339999998185,-0.2810190000000148,-0.6968764999999166
2022-08-20 03:45:00,,,,-0.7610300000001189,-0.36259400000017195,-0.5618120000001454,-1.1153769999996257,-0.28143599999975777,-0.6984064999996917
2022-08-20 04:30:00,,,,-0.7624679999998989,-0.365755999999692,-0.5641119999997954,-1.1092359999997825,-0.27779899999995905,-0.6935174999998708
2022-08-20 06:00:00,,,,-0.760841999999684,-0.3656149999997069,-0.5632284999996955,-1.1087899999997717,-0.28172700000004625,-0.695258499999909
2022-08-20 06:15:00,,,,-0.7615459999997256,-0.3675169999996797,-0.5645314999997026,-1.106586999999763,-0.2813089999999647,-0.6939479999998639
2022-08-20 06:45:00,,,,-0.761688999999933,-0.36852200000021185,-0.5651055000000724,-1.1108150000000023,-0.28697299999976167,-0.698893999999882
2022-08-20 07:15:00,,,,-0.7597430000000713,-0.36950000000024374,-0.5646215000001575,-1.1042190000002847,-0.28466900000012174,-0.6944440000002032
2022-08-20 07:30:00,,,,-0.7619590000003882,-0.36876600000005055,-0.5653625000002194,-1.1099220000000969,-0.28683600000022125,-0.6983790000001591
2022-08-20 07:45:00,,,,-0.7619580000000497,-0.36876500000016676,-0.5653615000001082,-1.1110819999998967,-0.2879949999996825,-0.6995384999997896
2022-08-20 08:00:00,,,,-0.761489999999867,-0.36977999999999156,-0.5656349999999293,-1.1077159999999822,-0.2889999999997599,-0.698357999999871
2022-08-20 09:00:00,,,,-0.759588000000349,-0.36637700000028417,-0.5629825000003166,-1.1063979999998992,-0.28751899999997477,-0.696958499999937
2022-08-20 09:15:00,,,,-0.7642559999999321,-0.3710430000000997,-0.5676495000000159,-1.1063979999998992,-0.28751699999975244,-0.6969574999998258
2022-08-20 09:45:00,,,,-0.7610250000002452,-0.3690870000000359,-0.5650560000001406,-1.1084240000000136,-0.2950490000002901,-0.7017365000001519
2022-08-20 10:15:00,,,,-0.7610380000000987,-0.36519600000019636,-0.5631170000001475,-1.1055269999997108,-0.28977599999961967,-0.6976514999996652
2022-08-20 11:45:00,,,,-0.7588220000002366,-0.36226200000010067,-0.5605420000001686,-1.1015739999998004,,-1.1015739999998004
2022-08-20 12:15:00,,,,-0.764723000000231,-0.36181000000033237,-0.5632665000002817,-1.1132720000000518,-0.29561299999977564,-0.7044424999999137
2022-08-20 13:30:00,,,,-0.761504000000059,-0.35733299999992596,-0.5594184999999925,-1.1089030000002822,-0.292667000000165,-0.7007850000002236
2022-08-20 13:45:00,,,,-0.7619710000003579,-0.35485000000016953,-0.5584105000002637,-1.1128559999997378,-0.2930830000000242,-0.702969499999881
2022-08-20 14:00:00,,,,-0.7614650000000438,-0.3555840000003627,-0.5585245000002033,-1.1187380000001212,-0.294416000000183,-0.7065770000001521
2022-08-20 14:15:00,,,,-0.7636800000000221,-0.3543600000002698,-0.559020000000146,-1.1226920000003702,-0.29511200000024473,-0.7089020000003075
2022-08-20 14:45:00,,,,-0.7633689999997841,-0.3541169999998601,-0.5587429999998221,-1.1200490000001082,-0.2940800000001218,-0.707064500000115
2022-08-20 15:00:00,,,,-0.7627370000000155,-0.35368000000016764,-0.5582085000000916,-1.1182640000001811,-0.29366299999992407,-0.7059635000000526
2022-08-20 15:15:00,,,,-0.7658839999999145,-0.3546360000000277,-0.5602599999999711,-1.1231250000000728,-0.29418299999997544,-0.7086540000000241
2022-08-20 15:45:00,,,,-0.7651489999998375,-0.3536189999999806,-0.5593839999999091,-1.1235639999999876,-0.29376600000023245,-0.70866500000011
2022-08-20 16:00:00,,,,-0.7629350000001978,-0.35337799999979325,-0.5581564999999955,-1.121360999999979,-0.295654999999897,-0.708507999999938
2022-08-20 16:15:00,,,,-0.7646840000002157,-0.35337799999979325,-0.5590310000000045,-1.1213600000000952,-0.29390600000033373,-0.7076330000002145
2022-08-20 16:30:00,,,,-0.7619599999998172,-0.3528879999998935,-0.5574239999998554,-1.114585000000261,-0.29593300000033196,-0.7052590000002965
2022-08-20 16:45:00,,,,-0.7634410000000571,-0.3540579999998954,-0.5587494999999763,-1.1154790000000503,-0.29535400000031586,-0.7054165000001831
2022-08-20 17:45:00,,,,-0.7573019999999815,-0.34721300000001065,-0.5522574999999961,-1.1099269999999706,-0.28910899999982576,-0.6995179999998982
2022-08-20 20:00:00,,,,-0.7639910000002601,-0.35018600000012157,-0.5570885000001908,-1.122403999999733,-0.288412999999764,-0.7054084999997485
2022-08-20 20:30:00,,,,-0.7582760000000235,-0.3459539999998924,-0.552114999999958,-1.1167019999998047,-0.28708099999994374,-0.7018914999998742
2022-08-20 21:00:00,,,,-0.7617760000002818,-0.3499040000001514,-0.5558400000002166,-1.1184509999998227,-0.2858309999996891,-0.7021409999997559
2022-08-20 21:15:00,,,,-0.7622419999997874,-0.347479999999905,-0.5548609999998462,-1.1206539999998313,-0.2826439999998911,-0.7016489999998612
2022-08-20 21:30:00,,,,-0.7597050000003946,-0.34814900000037596,-0.5539270000003853,-1.1140589999999975,-0.28292300000020987,-0.6984910000001037
2022-08-20 21:45:00,,,,-0.7606369999998606,-0.34688999999980297,-0.5537634999998318,-1.1184659999998985,-0.2808949999998731,-0.6996804999998858
2022-08-20 22:00:00,,,,-0.7646020000001954,-0.3497090000000753,-0.5571555000001354,-1.1224200000001474,-0.28119599999990896,-0.7018080000000282
2022-08-20 22:15:00,,,,-0.7604819999996835,-0.3497109999998429,-0.5550964999997632,-1.118895000000066,-0.28410600000006525,-0.7015005000000656
2022-08-20 22:30:00,,,,-0.7622310000001562,-0.35068600000022343,-0.5564585000001898,-1.1171449999997094,-0.28005099999973027,-0.6985979999997198
2022-08-20 22:45:00,,,,-0.7634020000000419,-0.3523480000003474,-0.5578750000001946,-1.1188959999999497,-0.2815229999996518,-0.7002094999998008
2022-08-20 23:00:00,,,,-0.7630900000003749,-0.3508409999999458,-0.5569655000001603,-1.1174219999998058,-0.27963499999987107,-0.6985284999998385
2022-08-20 23:30:00,,,,-0.7631639999999607,-0.35191100000020015,-0.5575375000000804,-1.120394000000033,-0.2781960000002073,-0.6992950000001201
2022-08-20 23:45:00,,,,-0.7653810000001613,-0.3508950000000368,-0.558138000000099,-1.1272589999998672,-0.2789399999996931,-0.7030994999997802
2022-08-21 00:00:00,,,,-0.7631639999999607,-0.35239700000011,-0.5577805000000353,-1.1215539999998327,-0.2790799999997944,-0.7003169999998136
2022-08-21 00:30:00,,,,-0.7612290000001849,-0.3538109999999506,-0.5575200000000677,-1.1167289999998502,-0.2801129999998011,-0.6984209999998257
2022-08-21 01:00:00,,,,-0.7608789999999317,-0.3503119999995761,-0.5555954999997539,-1.12218299999995,-0.27720399999998335,-0.6996934999999667
2022-08-21 01:15:00,,,,-0.7596639999997024,-0.35181799999963914,-0.5557409999996707,-1.120394000000033,-0.28084099999978207,-0.7006174999999075
2022-08-21 01:30:00,,,,-0.7591989999996258,-0.3518189999999777,-0.5555089999998017,-1.1181890000002568,-0.2808410000002368,-0.6995150000002468
2022-08-21 02:00:00,,,,-0.7601700000000164,-0.35322599999972226,-0.5566979999998694,-1.116262000000006,-0.2818609999999353,-0.6990614999999707
2022-08-21 02:30:00,,,,-0.7592499999996107,-0.35227199999962977,-0.5557609999996203,-1.113025000000107,-0.27899600000000646,-0.6960105000000567
2022-08-21 02:45:00,,,,-0.7578129999997145,-0.35202599999956874,-0.5549194999996416,-1.1145000000001346,-0.2808879999997771,-0.6976939999999558
2022-08-21 03:00:00,,,,-0.7587439999997514,-0.35304299999961586,-0.5558934999996836,-1.1154089999999997,-0.2795569999998406,-0.6974829999999201
2022-08-21 03:15:00,,,,-0.7644580000001042,-0.35625700000036886,-0.5603575000002365,-1.11936199999991,-0.2769709999997758,-0.6981664999998429
2022-08-21 03:30:00,,,,-0.7609599999996135,-0.3538359999997738,-0.5573979999996936,-1.1193629999997938,-0.2772869999998875,-0.6983249999998407
2022-08-21 03:45:00,,,,-0.7622429999996712,-0.35552599999982704,-0.5588844999997491,-1.1189070000000356,-0.28088900000011563,-0.6998980000000756
2022-08-21 04:00:00,,,,-0.7578119999998307,-0.35281799999984287,-0.5553149999998368,-1.11100099999976,-0.2751180000000204,-0.6930594999998902
2022-08-21 05:30:00,,,,-0.7609600000000682,-0.35432700000001205,-0.5576435000000401,-1.1181919999999081,-0.27583899999990535,-0.6970154999999068
2022-08-21 06:15:00,,,,-0.7592399999998634,-0.3569529999999759,-0.5580964999999196,-1.108357000000069,-0.27442500000006476,-0.6913910000000669
2022-08-21 06:30:00,,,,-0.7587749999997868,-0.3547129999997196,-0.5567439999997532,-1.1096520000000965,-0.27645299999994677,-0.6930525000000216
2022-08-21 06:45:00,,,,-0.7553170000001046,-0.35471400000005815,-0.5550155000000814,-1.0980709999998908,-0.2747060000001511,-0.6863885000000209
2022-08-21 07:00:00,,,,-0.7594819999999345,-0.35719799999969837,-0.5583399999998164,-1.1173210000001745,-0.27778699999998935,-0.6975540000000819
2022-08-21 07:15:00,,,,-0.7646150000000489,-0.3603979999998046,-0.5625064999999267,-1.118934999999965,-0.27803099999982805,-0.6984829999998965
2022-08-21 07:30:00,,,,-0.7626310000000558,-0.35680100000035964,-0.5597160000002077,-1.123344999999972,-0.2765829999998459,-0.699963999999909
2022-08-21 07:45:00,,,,-0.759947000000011,-0.35753299999987576,-0.5587399999999434,-1.1171869999998307,-0.2761649999997644,-0.6966759999997976
2022-08-21 08:00:00,,,,-0.7606529999998202,-0.3587049999996452,-0.5596789999997327,-1.1149839999998221,-0.27616699999998673,-0.6955754999999044
2022-08-21 08:30:00,,,,-0.7587039999998524,-0.3611329999998816,-0.559918499999867,-1.1118859999996857,-0.2811139999998886,-0.6964999999997872
2022-08-21 08:45:00,,,,-0.7609200000001692,-0.3607010000000628,-0.560810500000116,-1.1158389999995961,-0.2795239999995829,-0.6976814999995895
2022-08-21 09:00:00,,,,-0.7640690000002905,-0.36143600000013976,-0.5627525000002152,-1.12362099999973,-0.2785289999997076,-0.7010749999997188
2022-08-21 09:15:00,,,,-0.7601029999996172,-0.35895199999959004,-0.5595274999996036,-1.1196679999998196,-0.27894500000002154,-0.6993064999999206
2022-08-21 11:00:00,,,,-0.7623199999998178,-0.3582729999998264,-0.5602964999998221,-1.1224529999999504,-0.2763279999999213,-0.6993904999999359
2022-08-21 11:30:00,,,,-0.7662860000000364,-0.3607560000000376,-0.563521000000037,-1.127574999999979,-0.2770810000001802,-0.7023280000000796
2022-08-21 11:45:00,,,,-0.7640699999997196,-0.3600229999997282,-0.5620464999997239,-1.1271209999999883,-0.28099699999984296,-0.7040589999999156
2022-08-21 12:15:00,,,,-0.7601049999998395,-0.35875999999962005,-0.5594324999997298,-1.120249000000058,-0.27780200000006516,-0.6990255000000616
2022-08-21 12:30:00,,,,-0.7607250000000931,-0.3575900000000729,-0.559157500000083,-1.1255229999997027,-0.2789709999997285,-0.7022469999997156
2022-08-21 12:45:00,,,,-0.7598369999996066,-0.359440999999606,-0.5596389999996063,-1.122892999999749,-0.28100099999983286,-0.7019469999997909
2022-08-21 13:15:00,,,,-0.7626319999999396,-0.3590019999996912,-0.5608169999998154,-1.1250959999997576,-0.2770839999998316,-0.7010899999997946
2022-08-21 13:30:00,,,,-0.7640999999998712,-0.36090599999988626,-0.5625029999998787,-1.1277169999998478,-0.2778370000000905,-0.7027769999999691
2022-08-21 13:45:00,,,,-0.7636340000003656,-0.3601720000001478,-0.5619030000002567,-1.1226040000001376,-0.2753440000001319,-0.6989740000001348
2022-08-21 14:15:00,,,,-0.7585100000001148,-0.35624700000016674,-0.5573785000001408,-1.121560000000045,-0.27608699999973396,-0.6988234999998895
2022-08-21 15:00:00,,,,-0.7586670000000595,-0.3559949999998935,-0.5573309999999765,-1.122892999999749,-0.2768069999997351,-0.6998499999997421
2022-08-21 15:15:00,,,,-0.7601359999998749,-0.35667499999999563,-0.5584054999999353,-1.1243530000001556,-0.277096000000256,-0.7007245000002058
2022-08-21 15:30:00,,,,-0.7585100000001148,-0.3577549999999974,-0.5581325000000561,-1.123309000000063,-0.279725999999755,-0.701517499999909
2022-08-21 15:45:00,,,,-0.7594420000000355,-0.3570220000001427,-0.5582320000000891,-1.126557000000048,-0.27898400000003676,-0.7027705000000424
2022-08-21 16:30:00,,,,-0.7597540000001572,-0.3545890000000327,-0.557171500000095,-1.12920000000031,-0.27695800000037707,-0.7030790000003435
2022-08-21 17:00:00,,,,-0.7589749999997366,-0.35774499999979525,-0.5583599999997659,-1.1255200000000514,-0.27972600000020975,-0.7026230000001306
2022-08-21 17:30:00,,,,-0.7572249999998348,-0.35532199999988734,-0.5562734999998611,-1.1226019999999153,-0.2753709999997227,-0.698986499999819
2022-08-21 18:30:00,,,,-0.7607239999997546,-0.3570119999999406,-0.5588679999998476,-1.1255200000000514,-0.27839399999993475,-0.7019569999999931
2022-08-21 18:45:00,,,,-0.7602579999997943,-0.3594950000001518,-0.559876499999973,-1.1203980000000229,-0.27680800000007366,-0.6986030000000483
2022-08-21 19:15:00,,,,-0.7623600000001716,-0.36066500000015367,-0.5615125000001626,-1.125974000000042,-0.27797800000007555,-0.7019760000000588
2022-08-21 19:30:00,,,,-0.7586639999999534,-0.35824300000012954,-0.5584535000000415,-1.1193790000002082,-0.27479300000004514,-0.6970860000001267
2022-08-21 20:00:00,,,,-0.7596669999998085,-0.35789799999975,-0.5587824999997792,-1.123305000000073,-0.27755900000011025,-0.7004320000000916
2022-08-21 20:30:00,,,,-0.7604160000000775,-0.358480000000327,-0.5594480000002022,-1.124637999999777,-0.2781399999998939,-0.7013889999998355
2022-08-21 20:45:00,,,,-0.761583999999857,-0.3602289999998902,-0.5609064999998736,-1.1228869999999915,-0.2769709999997758,-0.6999289999998837
2022-08-21 21:00:00,,,,-0.759635999999773,-0.36075899999968897,-0.560197499999731,-1.120958999999857,-0.28233200000022407,-0.7016455000000406
2022-08-21 21:15:00,,,,-0.7608059999997749,-0.3611940000000686,-0.5609999999999218,-1.1256279999997787,-0.2874170000000049,-0.7065224999998918
2022-08-21 21:30:00,,,,-0.7635980000000018,-0.3631869999999253,-0.5633924999999635,-1.1266500000001543,-0.285530000000108,-0.7060900000001311
2022-08-21 22:00:00,,,,-0.7576970000000074,-0.35968700000012177,-0.5586920000000646,-1.1178709999999228,-0.28377999999975145,-0.7008254999998371
2022-08-21 22:15:00,,,,-0.7594469999999092,-0.36070399999971414,-0.5600754999998117,-1.119619000000057,-0.28594699999985096,-0.702782999999954
2022-08-21 22:30:00,,,,-0.7609170000000631,-0.3602139999998144,-0.5605654999999388,-1.1193229999998948,-0.2833069999996951,-0.701314999999795
2022-08-21 22:45:00,,,,-0.7588559999999234,-0.3594789999997374,-0.5591674999998304,-1.1178599999998369,-0.28547100000014325,-0.7016654999999901
2022-08-22 00:00:00,,,,-0.7623540000004141,-0.3595570000002226,-0.5609555000003184,-1.1207790000003115,-0.2903340000002572,-0.7055565000002844
2022-08-22 00:15:00,,,,-0.7586989999999787,-0.3563019999996868,-0.5575004999998328,-1.1217859999997017,-0.2919459999998253,-0.7068659999997635
2022-08-22 00:30:00,,,,-0.7586980000000949,-0.35434299999997165,-0.5565205000000333,-1.1200359999998,-0.29130799999984447,-0.7056719999998222
2022-08-22 01:15:00,,,,-0.7610720000002402,-0.351861000000099,-0.5564665000001696,-1.121813000000202,-0.28705600000012055,-0.7044345000001613
2022-08-22 01:30:00,,,,-0.7625530000000253,-0.3518600000002152,-0.5572065000001203,-1.1244560000000092,-0.28705500000023676,-0.705755500000123
2022-08-22 02:30:00,,,,-0.7599010000003545,-0.34772000000020853,-0.5538105000002815,-1.1200630000003002,-0.28424900000027264,-0.7021560000002864
2022-08-22 02:45:00,,,,-0.7541879999998855,-0.3459739999998419,-0.5500809999998637,-1.117858999999953,-0.2877510000002985,-0.7028050000001258
2022-08-22 03:00:00,,,,-0.7567119999998795,-0.3445639999999912,-0.5506379999999353,-1.1215240000001359,-0.2849800000003597,-0.7032520000002478
2022-08-22 03:30:00,,,,-0.7606770000002143,-0.348453999999947,-0.5545655000000806,-1.1254780000003848,-0.2855819999999767,-0.7055300000001807
2022-08-22 03:45:00,,,,-0.7581940000000031,-0.3459729999999581,-0.5520834999999806,-1.1241700000000492,-0.28600100000039674,-0.705085500000223
2022-08-22 04:15:00,,,,-0.7588179999997919,-0.3461229999998068,-0.5524704999997994,-1.1271159999996598,-0.28500599999961196,-0.7060609999996359
2022-08-22 05:15:00,,,,-0.7571819999998297,-0.34865899999977046,-0.5529204999998001,-1.1219939999996313,-0.2827239999996891,-0.7023589999996602
2022-08-22 05:30:00,,,,-0.7549649999996291,-0.3479259999999158,-0.5514454999997724,-1.1180379999996148,-0.28314099999988684,-0.7005894999997508
2022-08-22 05:45:00,,,,-0.7578859999998713,-0.35084599999981947,-0.5543659999998454,-1.120958999999857,-0.2860609999997905,-0.7035099999998238
2022-08-22 06:45:00,,,,-0.7571820000002845,-0.34915100000034727,-0.5531665000003159,-1.1214129999998477,-0.2818669999996928,-0.7016399999997702
2022-08-22 07:00:00,,,,-0.7569119999998293,-0.34808099999963815,-0.5524964999997337,-1.1246240000000398,-0.283893999999691,-0.7042589999998654
2022-08-22 07:30:00,,,,-0.7591259999999238,-0.35163299999976516,-0.5553794999998445,-1.1268270000000484,-0.28377899999986766,-0.705302999999958
2022-08-22 07:45:00,,,,-0.7586609999998473,-0.3516349999999875,-0.5551479999999174,-1.122874000000138,-0.2820299999998497,-0.7024519999999939
2022-08-22 08:15:00,,,,-0.7563629999999648,-0.3488689999999224,-0.5526159999999436,-1.1263890000000174,-0.2816130000001067,-0.704001000000062
2022-08-22 10:00:00,,,,-0.7563629999999648,-0.3499449999999342,-0.5531539999999495,-1.1246409999998832,-0.28017799999997806,-0.7024094999999306
2022-08-22 10:15:00,,,,-0.7566750000000866,-0.3489289999997709,-0.5528019999999287,-1.127864000000045,-0.2797609999997803,-0.7038124999999127
2022-08-22 10:45:00,,,,-0.7541459999997642,-0.34941799999978684,-0.5517819999997755,-1.1224349999997685,-0.2794810000000325,-0.7009579999999005
2022-08-22 11:00:00,,,,-0.7523980000000847,-0.34815600000001723,-0.550277000000051,-1.1206889999998566,-0.2774570000001404,-0.6990729999999985
2022-08-22 11:15:00,,,,-0.7541470000001027,-0.3515950000000885,-0.5528710000000956,-1.1206879999999728,-0.2810589999999138,-0.7008734999999433
2022-08-22 11:30:00,,,,-0.7549650000000838,-0.3516540000000532,-0.5533095000000685,-1.11453100000017,-0.2757059999999001,-0.6951185000000351
2022-08-22 11:45:00,,,,-0.755598000000191,-0.35233900000002905,-0.55396850000011,-1.1198169999997845,-0.2794839999996839,-0.6996504999997342
2022-08-22 12:00:00,,,,-0.7533809999999903,-0.35233900000002905,-0.5528600000000097,-1.1187810000001264,-0.28240199999981996,-0.7005914999999732
2022-08-22 12:30:00,,,,-0.7541980000000876,-0.3575869999999668,-0.5558925000000272,-1.1161219999999048,-0.2876499999997577,-0.7018859999998313
2022-08-22 12:45:00,,,,-0.7502329999997528,-0.35476199999993696,-0.5524974999998449,-1.1104199999999764,-0.2855869999998504,-0.6980034999999134
2022-08-22 13:00:00,,,,-0.7509989999998652,-0.35110900000017864,-0.5510540000000219,-1.1169959999997445,-0.2860040000000481,-0.7014999999998963
2022-08-22 13:15:00,,,,-0.7522109999999884,-0.35037599999986924,-0.5512934999999288,-1.1176110000001245,-0.2835009999998874,-0.700556000000006
2022-08-22 13:30:00,,,,-0.7549649999996291,-0.35139099999969403,-0.5531779999996616,-1.1197799999999916,-0.28566799999998693,-0.7027239999999892
2022-08-22 13:45:00,,,,-0.7546959999999672,-0.34935799999993833,-0.5520269999999527,-1.1206730000003517,-0.28133500000012646,-0.7010040000002391
2022-08-22 14:00:00,,,,-0.7536839999997937,-0.3491509999998925,-0.5514174999998431,-1.1214159999999538,-0.2853669999999511,-0.7033914999999524
2022-08-22 14:15:00,,,,-0.7532180000002882,-0.34773800000039046,-0.5504780000003393,-1.1192109999997228,-0.28433499999982814,-0.7017729999997755
2022-08-22 14:30:00,,,,-0.7539199999996526,-0.3499239999996462,-0.5519219999996494,-1.1152560000000449,-0.2847520000000259,-0.7000040000000354
2022-08-22 15:00:00,,,,-0.7527500000001055,-0.3494330000003174,-0.5510915000002115,-1.1187550000004194,-0.289698000000044,-0.7042265000002317
2022-08-22 15:45:00,,,,-0.7530719999999747,-0.3457899999998517,-0.5494309999999132,-1.118478999999752,-0.2854459999998653,-0.7019624999998086
2022-08-22 16:00:00,,,,-0.755286999999953,-0.34754000000020824,-0.5514135000000806,-1.1224319999996624,-0.2871959999997671,-0.7048139999997147
2022-08-22 16:30:00,,,,-0.7549659999999676,-0.3489429999999629,-0.5519544999999653,-1.1162899999999354,-0.28355899999996836,-0.6999244999999519
2022-08-22 16:45:00,,,,-0.7532169999999496,-0.344763999999941,-0.5489904999999453,-1.1162899999999354,-0.2803609999996297,-0.6983254999997826
2022-08-22 17:15:00,,,,-0.7525229999996554,-0.34339700000009543,-0.5479599999998754,-1.1184939999998278,-0.2832229999999072,-0.7008584999998675
2022-08-22 17:45:00,,,,-0.7495730000000549,-0.3425339999998869,-0.5460534999999709,-1.1149799999998322,-0.28180899999961184,-0.698394499999722
2022-08-22 18:15:00,,,,-0.7510849999998754,-0.34010499999976673,-0.5455949999998211,-1.1211370000000898,-0.27977999999984604,-0.7004584999999679
2022-08-22 18:45:00,,,,-0.7525230000001102,-0.3442850000001272,-0.5484040000001187,-1.1184949999997116,-0.28181099999983417,-0.7001529999997729
2022-08-22 19:00:00,,,,-0.7541489999998703,-0.3459349999998267,-0.5500419999998485,-1.1206979999997202,-0.28153299999985393,-0.7011154999997871
2022-08-22 19:30:00,,,,-0.7510809999998855,-0.3436059999999088,-0.5473434999998972,-1.1199529999998958,-0.2821129999997538,-0.7010329999998248
2022-08-22 20:00:00,,,,-0.7527079999999842,-0.34423999999989974,-0.548473999999942,-1.1204090000001088,-0.2779179999997723,-0.6991634999999405
2022-08-22 20:15:00,,,,-0.7544559999996636,-0.34549799999967945,-0.5499769999996715,-1.1221569999997882,-0.2799449999997705,-0.7010509999997794
2022-08-22 20:30:00,,,,-0.7512260000003153,-0.3432590000002165,-0.5472425000002659,-1.1177639999996245,-0.27847499999961656,-0.6981194999996205
2022-08-22 21:00:00,,,,-0.7578429999998662,-0.3469119999999748,-0.5523774999999205,-1.124362999999903,-0.27805899999975736,-0.7012109999998302
2022-08-22 21:15:00,,,,-0.754613000000063,-0.34623899999996866,-0.5504260000000158,-1.1228900000000976,-0.2795419999997648,-0.7012159999999312
2022-08-22 21:30:00,,,,-0.7531420000000253,-0.34623800000008487,-0.5496900000000551,-1.1202659999999014,-0.279540999999881,-0.6999034999998912
2022-08-22 21:45:00,,,,-0.7522100000001046,-0.3465209999999388,-0.5493655000000217,-1.1158580000001166,-0.28212500000017826,-0.6989915000001474
2022-08-22 22:00:00,,,,-0.755203000000165,-0.34522100000003775,-0.5502120000001014,-1.1246590000000651,-0.27854500000012195,-0.7016020000000935
2022-08-22 22:15:00,,,,-0.7563729999997122,-0.3476550000000316,-0.5520139999998719,-1.1217400000000453,-0.27765199999976176,-0.6996959999999035
2022-08-22 22:30:00,,,,-0.7548929999998109,-0.34798899999987043,-0.5514409999998406,-1.1202669999997852,-0.2795419999997648,-0.699904499999775
2022-08-22 22:45:00,,,,-0.7548919999999271,-0.347255000000132,-0.5510735000000295,-1.1220159999998032,-0.28170799999998053,-0.7018619999998919
2022-08-22 23:15:00,,,,-0.7552040000000488,-0.34595599999966,-0.5505799999998544,-1.123489999999947,-0.2769589999998061,-0.7002244999998766
2022-08-26 12:45:00,,,,-0.7572149999996327,-0.34522100000003775,-0.5512179999998352,,,
2022-08-26 13:00:00,,,,-0.7591210000000501,-0.3459530000000086,-0.5525370000000294,,,
2022-08-26 13:15:00,,,,-0.7601230000000214,-0.3478490000002239,-0.5539860000001227,,,
2022-08-26 13:30:00,,,,-0.7564380000003439,-0.348866000000271,-0.5526520000003075,,,
2022-08-26 14:00:00,,,,-0.7572040000000015,-0.34643800000003466,-0.5518210000000181,,,
2022-08-26 14:15:00,,,,-0.7567360000002736,-0.3476020000002791,-0.5521690000002764,,,
2022-08-26 14:30:00,,,,-0.7559600000004139,-0.34711700000025303,-0.5515385000003334,,,
2022-08-26 14:45:00,,,,-0.7555670000001555,-0.34541699999999764,-0.5504920000000766,,,
2022-08-26 15:15:00,,,,-0.7549870000002556,-0.346433000000161,-0.5507100000002083,,,
2022-08-26 15:30:00,,,,-0.7567359999998189,-0.34861899999987145,-0.5526774999998452,,,
2022-08-26 15:45:00,,,,-0.7564680000000408,-0.34658699999999953,-0.5515275000000202,,,
2022-08-26 16:15:00,,,,-0.7548420000002807,-0.3469340000001466,-0.5508880000002137,,,
2022-08-26 16:30:00,,,,-0.757057000000259,-0.34935900000027686,-0.5532080000002679,,,
2022-08-26 16:45:00,,,,-0.7563100000002123,-0.34809400000040114,-0.5522020000003067,,,
2022-08-26 17:00:00,,,,-0.7548410000003969,-0.34877400000004855,-0.5518075000002227,,,
2022-08-26 17:15:00,,,,-0.7563110000000961,-0.3480960000001687,-0.5522035000001324,,,
2022-08-26 17:30:00,,,,-0.756467000000157,-0.3495010000001457,-0.5529840000001514,,,
2022-08-26 18:00:00,,,,-0.7542499999999563,-0.34897099999989223,-0.5516104999999243,,,
2022-08-26 18:30:00,,,,-0.7563080000004447,-0.35125600000037593,-0.5537820000004103,,,
2022-08-26 18:45:00,,,,-0.7570560000003752,-0.35052400000040507,-0.5537900000003901,,,
2022-08-26 19:00:00,,,,-0.7574690000001283,-0.3517379999998411,-0.5546034999999847,,,
2022-08-26 20:00:00,,,,-0.7557700000002114,-0.34815400000024965,-0.5519620000002305,-1.1183200000000397,-0.2799369999997907,-0.6991284999999152
2022-08-26 20:30:00,,,,-0.7572399999999107,-0.3491100000001097,-0.5531750000000102,-1.118043000000398,-0.2810480000002826,-0.6995455000003403
2022-08-26 20:45:00,,,,-0.7564630000001671,-0.35033500000008644,-0.5533990000001268,-1.1143560000000434,-0.28034299999990253,-0.697349499999973
2022-08-26 21:00:00,,,,-0.7569600000001628,-0.3486750000001848,-0.5528175000001738,-1.1218230000004041,-0.2823700000003555,-0.7020965000003798
2022-08-26 21:15:00,,,,-0.7576630000003206,-0.3525159999999232,-0.5550895000001219,-1.119040000000041,-0.28485100000034436,-0.7019455000001926
2022-08-26 21:30:00,,,,-0.7576630000003206,-0.35110300000042116,-0.5543830000003709,-1.1190379999998186,-0.2838189999997667,-0.7014284999997926
2022-08-26 22:00:00,,,,-0.7615129999999226,-0.35227199999962977,-0.5568924999997762,-1.1234460000000581,-0.2820689999998649,-0.7027574999999615
2022-08-26 22:30:00,,,,-0.757394000000204,-0.348283000000265,-0.5528385000002345,-1.1216830000003029,-0.28351800000018557,-0.7026005000002442
2022-08-26 23:30:00,,,,-0.7563770000001568,-0.34856600000011895,-0.5524715000001379,-1.1218199999998433,-0.28668000000016036,-0.7042500000000018
2022-08-26 23:45:00,,,,-0.7596100000000661,-0.34862000000021,-0.554115000000138,-1.1256350000003295,-0.2842350000000806,-0.704935000000205
2022-08-27 00:30:00,,,,-0.7600740000002588,-0.34856500000023516,-0.554319500000247,-1.1284160000000156,-0.2866790000002766,-0.7075475000001461
2022-08-27 00:45:00,,,,-0.7599209999998493,-0.34666199999992386,-0.5532914999998866,-1.1271080000001348,-0.28534700000000157,-0.7062275000000682
2022-08-27 01:00:00,,,,-0.7594560000002275,-0.34739600000011706,-0.5534260000001723,-1.1249050000001262,-0.2849300000002586,-0.7049175000001924
2022-08-27 01:15:00,,,,-0.7606120000000374,-0.3466610000000401,-0.5536365000000387,-1.1231430000002547,-0.2824380000001838,-0.7027905000002193
2022-08-27 01:30:00,,,,-0.7623619999999391,-0.34782499999982974,-0.5550934999998844,-1.1266419999997197,-0.28534399999989546,-0.7059929999998076
2022-08-27 02:00:00,,,,-0.761667999999645,-0.34491499999967346,-0.5532914999996592,-1.1253459999998086,-0.2800950000000739,-0.7027204999999412
2022-08-27 02:15:00,,,,-0.7621339999996053,-0.34564899999986665,-0.553891499999736,-1.1292979999998352,-0.28142799999977797,-0.7053629999998066
2022-08-27 02:45:00,,,,-0.7613999999998668,-0.34540700000025026,-0.5534035000000586,-1.127987999999732,-0.2815659999996569,-0.7047769999996945
2022-08-27 04:15:00,,,,-0.7602310000002035,-0.3454029999998056,-0.5528170000000046,-1.1268199999999524,-0.28156799999987925,-0.7041939999999158
2022-08-27 05:00:00,,,,-0.760229999999865,-0.3454019999999218,-0.5528159999998934,-1.1268199999999524,-0.281568000000334,-0.7041940000001432
2022-08-27 05:15:00,,,,-0.7617129999998724,-0.34736000000020795,-0.5545365000000402,-1.1277160000004187,-0.27870700000039506,-0.7032115000004069
2022-08-27 05:30:00,,,,-0.7621760000001814,-0.34764099999983955,-0.5549085000000105,-1.1281669999998485,-0.27953999999999724,-0.7038534999999229
2022-08-27 06:00:00,,,,-0.7628720000002431,-0.34939299999996365,-0.5561325000001034,-1.1375639999996565,-0.2830409999996846,-0.7103024999996705
2022-08-27 06:30:00,,,,-0.7611630000001242,-0.346136000000115,-0.5536495000001196,-1.1312279999997372,-0.28115299999990384,-0.7061904999998205
2022-08-27 07:00:00,,,,-0.7646620000000439,-0.349634000000151,-0.5571480000000975,-1.1312299999999595,-0.2811530000003586,-0.7061915000001591
2022-08-27 07:30:00,,,,-0.7658340000002681,-0.3500730000000658,-0.557953500000167,-1.1347310000001016,-0.28506900000002133,-0.7099000000000615
2022-08-27 07:45:00,,,,-0.7594130000002224,-0.34545699999989665,-0.5524350000000595,-1.1323980000001939,-0.2826239999999416,-0.7075110000000677
2022-08-27 08:00:00,,,,-0.7611649999998917,-0.3472069999997984,-0.5541859999998451,-1.1312320000001819,-0.28145500000027823,-0.70634350000023
2022-08-27 08:15:00,,,,-0.7633810000002086,-0.3479409999999916,-0.5556610000001001,-1.1351850000000923,-0.2810380000000805,-0.7081115000000864
2022-08-27 08:30:00,,,,-0.7624489999998332,-0.3478869999999006,-0.5551679999998669,-1.1307770000003075,-0.28290400000014415,-0.7068405000002258
2022-08-27 09:00:00,,,,-0.7638459999998304,-0.3468689999999697,-0.5553574999999,-1.1373880000001009,-0.28073600000016086,-0.7090620000001309
2022-08-27 09:45:00,,,,-0.7648619999999937,-0.34939299999996365,-0.5571274999999787,-1.13608000000022,-0.2830420000000231,-0.7095610000001216
2022-08-27 10:00:00,,,,-0.7631139999998595,-0.34837800000013885,-0.5557459999999992,-1.1378300000001218,-0.2843750000001819,-0.7111025000001518
2022-08-27 10:15:00,,,,-0.7635799999998198,-0.34837900000002264,-0.5559794999999212,-1.1382830000002286,-0.2826250000002801,-0.7104540000002544
2022-08-27 10:30:00,,,,-0.7633810000002086,-0.34837700000025507,-0.5558790000002318,-1.133436999999958,-0.28087600000026214,-0.7071565000001101
2022-08-27 10:45:00,,,,-0.765327999999954,-0.3491100000001097,-0.5572190000000319,-1.141783999999916,-0.2839570000001004,-0.7128705000000082
2022-08-27 11:00:00,,,,-0.7608150000000933,-0.34487799999988056,-0.5528464999999869,-1.1378450000001976,-0.28087500000037835,-0.709360000000288
2022-08-27 11:15:00,,,,-0.760349000000133,-0.3431820000000698,-0.5517655000001014,-1.1373909999997522,-0.27900899999985995,-0.7081999999998061
2022-08-27 11:30:00,,,,-0.7734470000000329,-0.34843099999989136,-0.5609389999999621,-1.1562659999999596,-0.28250900000011825,-0.7193875000000389
2022-08-27 11:45:00,,,,-0.7631160000000818,-0.3459490000000187,-0.5545325000000503,-1.1378320000003441,-0.2811780000001818,-0.709505000000263
2022-08-27 12:00:00,,,,-0.7635810000001584,-0.34561200000007375,-0.5545965000001161,-1.1400360000002365,-0.28046000000040294,-0.7102480000003197
2022-08-27 12:15:00,,,,-0.7650929999999789,-0.3456660000001648,-0.5553795000000719,-1.1444430000001375,-0.2780130000001009,-0.7112280000001192
2022-08-27 12:45:00,,,,-0.7643459999999322,-0.3449319999999716,-0.5546389999999519,-1.1419400000004316,-0.2772600000002967,-0.7096000000003642
2022-08-27 13:00:00,,,,-0.7638810000003105,-0.3446870000002491,-0.5542840000002798,-1.1432360000003428,-0.28090200000042387,-0.7120690000003833
2022-08-27 13:15:00,,,,-0.7609710000001542,-0.344260000000304,-0.5526155000002291,-1.139737000000423,-0.27873500000032436,-0.7092360000003737
2022-08-27 13:30:00,,,,-0.7616640000001098,-0.344684000000143,-0.5531740000001264,-1.137532999999621,-0.27914899999996123,-0.7083409999997912
2022-08-27 13:45:00,,,,-0.7605049999997391,-0.344412999999804,-0.5524589999997715,-1.1375340000004144,-0.27773900000011054,-0.7076365000002625
2022-08-27 14:15:00,,,,-0.7624519999999393,-0.34367799999972704,-0.5530649999998332,-1.1441289999997935,-0.2799029999996492,-0.7120159999997213
2022-08-27 14:45:00,,,,-0.7643549999997958,-0.34683599999971193,-0.5555954999997539,-1.1419489999998405,-0.27801499999986845,-0.7099819999998545
2022-08-27 15:00:00,,,,-0.7668819999998959,-0.34839300000021467,-0.5576375000000553,-1.1467949999996563,-0.27745999999979176,-0.712127499999724
2022-08-27 15:30:00,,,,-0.7642009999999573,-0.3476590000000215,-0.5559299999999894,-1.1423879999997553,-0.2796260000000075,-0.7110069999998814
2022-08-27 15:45:00,,,,-0.7621699999999691,-0.3460640000002968,-0.554117000000133,-1.1432589999999436,-0.27862999999979365,-0.7109444999998686
2022-08-27 16:00:00,,,,-0.7632170000001679,-0.3438780000001316,-0.5535475000001497,-1.1460419999998521,-0.2752940000000308,-0.7106679999999415
2022-08-27 16:15:00,,,,-0.7659800000001269,-0.3488830000001144,-0.5574315000001206,-1.1447299999999814,-0.2771819999998115,-0.7109559999998964
2022-08-27 16:45:00,,,,-0.7639189999999871,-0.3481489999999212,-0.5560339999999542,-1.1432660000000396,-0.2793469999996887,-0.7113064999998642
2022-08-27 17:00:00,,,,-0.7642280000000028,-0.3468500000003587,-0.5555390000001807,-1.144727999999759,-0.27459799999996903,-0.709662999999864
2022-08-27 17:15:00,,,,-0.7624789999999848,-0.34538400000019465,-0.5539315000000897,-1.144727999999759,-0.2771819999998115,-0.7109549999997853
2022-08-27 17:30:00,,,,-0.7627470000002177,-0.3461170000000493,-0.5544320000001335,-1.1420849999999518,-0.275014999999712,-0.7085499999998319
2022-08-27 19:30:00,,,,-0.7643800000000738,-0.3475300000000061,-0.55595500000004,-1.147204000000329,-0.2777960000003077,-0.7125000000003183
2022-08-27 20:30:00,,,,-0.7673429999999826,-0.34839400000009846,-0.5578685000000405,-1.1524890000000596,-0.28096000000005006,-0.7167245000000548
2022-08-27 20:45:00,,,,-0.7656640000000152,-0.3466430000003129,-0.5561535000001641,-1.144999000000098,-0.2774600000002465,-0.7112295000001723
2022-08-27 21:00:00,,,,-0.7648140000001149,-0.34854600000016944,-0.5566800000001422,-1.1423909999998614,-0.27529299999969226,-0.7088419999997768
2022-08-27 21:30:00,,,,-0.767341000000215,-0.3486450000000332,-0.5579930000001241,-1.1507269999997334,-0.27906999999959226,-0.7148984999996628
2022-08-27 21:45:00,,,,-0.7690920000000006,-0.34932000000026164,-0.5592060000001311,-1.1489769999998316,-0.27700999999979103,-0.7129934999998113
2022-08-27 22:00:00,,,,-0.7646600000002763,-0.34981100000004517,-0.5572355000001608,-1.1445700000003853,-0.2802300000003015,-0.7124000000003434
2022-08-27 22:15:00,,,,-0.7651260000002367,-0.3470430000002125,-0.5560845000002246,-1.148522999999841,-0.2780619999998635,-0.7132924999998522
2022-08-27 22:30:00,,,,-0.7646589999999378,-0.3490750000000844,-0.5568670000000111,-1.1428200000000288,-0.27889600000025894,-0.7108580000001439
2022-08-27 23:15:00,,,,-0.7668750000002547,-0.3508260000003247,-0.5588505000002897,-1.145024000000376,-0.2788980000000265,-0.7119610000002012
2022-08-27 23:45:00,,,,-0.7668760000001384,-0.34756900000002133,-0.5572225000000799,-1.1467740000002777,-0.27700800000002346,-0.7118910000001506
2022-08-28 00:30:00,,,,-0.7624440000004142,-0.3468360000001667,-0.5546400000002905,-1.1388680000000022,-0.2774250000002212,-0.7081465000001117
2022-08-28 01:00:00,,,,-0.7686260000000402,-0.3486470000002555,-0.5586365000001479,-1.146773999999823,-0.2755729999998948,-0.7111734999998589
2022-08-28 01:45:00,,,,-0.7666070000000218,-0.34738500000003114,-0.5569960000000265,-1.149417000000085,-0.27704399999993257,-0.7132305000000088
2022-08-28 02:00:00,,,,-0.7668739999999161,-0.34980799999993906,-0.5583409999999276,-1.1467729999999392,-0.2784790000000612,-0.7126260000000002
2022-08-28 02:15:00,,,,-0.7662949999999,-0.3473260000000664,-0.5568104999999832,-1.1467830000001413,-0.27773700000034296,-0.7122600000002421
2022-08-28 02:30:00,,,,-0.7685120000001007,-0.3495620000003328,-0.5590370000002167,-1.147240999999667,-0.27571199999965756,-0.7114764999996623
2022-08-28 03:00:00,,,,-0.7670740000003207,-0.3467950000003839,-0.5569345000003523,-1.1487139999999272,-0.2735450000000128,-0.71112949999997
2022-08-28 04:00:00,,,,-0.767891999999847,-0.35029500000018743,-0.5590935000000172,-1.1443060000001424,-0.2752950000003693,-0.7098005000002559
2022-08-28 04:15:00,,,,-0.7683590000001459,-0.3492790000000241,-0.558819000000085,-1.1500110000001769,-0.2766270000001896,-0.7133190000001832
2022-08-28 04:45:00,,,,-0.7661410000000615,-0.3485439999999471,-0.5573425000000043,-1.1443060000001424,-0.275293000000147,-0.7097995000001447
2022-08-28 06:00:00,,,,-0.7668770000000222,-0.3487910000003467,-0.5578340000001845,-1.1456190000003517,-0.27515200000016193,-0.7103855000002568
2022-08-28 06:15:00,,,,-0.7670740000003207,-0.3463070000002517,-0.5566905000002862,-1.1487160000001495,-0.27381900000000314,-0.7112675000000763
2022-08-28 06:30:00,,,,-0.7673429999999826,-0.34879099999989194,-0.5580669999999373,-1.1478219999999055,-0.2751509999998234,-0.7114864999998645
2022-08-28 06:45:00,,,,-0.770719999999983,-0.3504779999998391,-0.560598999999911,-1.1511880000002748,-0.27700899999990725,-0.714098500000091
2022-08-28 07:00:00,,,,-0.7667539999997643,-0.34921799999983705,-0.5579859999998007,-1.1472340000000258,-0.2767300000000432,-0.7119820000000345
2022-08-28 07:15:00,,,,-0.7667550000001029,-0.3497459999998682,-0.5582504999999855,-1.1472340000000258,-0.27917500000012296,-0.7132045000000744
2022-08-28 07:30:00,,,,-0.7672210000000632,-0.34799599999996644,-0.5576085000000148,-1.1511880000002748,-0.27917500000012296,-0.7151815000001989
2022-08-28 07:45:00,,,,-0.7689719999998488,-0.34980499999983294,-0.5593884999998409,-1.1511900000000423,-0.27732200000036755,-0.714256000000205
2022-08-28 08:00:00,,,,-0.7655970000000707,-0.3479130000000623,-0.5567550000000665,-1.1472380000000157,-0.2777399999999943,-0.712489000000005
2022-08-28 08:30:00,,,,-0.7676890000002459,-0.347997000000305,-0.5578430000002754,-1.1533940000003895,-0.27917600000000675,-0.7162850000001981
2022-08-28 08:45:00,,,,-0.7678130000003875,-0.3483040000000983,-0.5580585000002429,-1.1511910000003809,-0.27659300000004805,-0.7138920000002145
2022-08-28 09:00:00,,,,-0.7689730000001873,-0.34872900000027585,-0.5588510000002316,-1.1511930000001485,-0.2770100000002458,-0.7141015000001971
2022-08-28 09:15:00,,,,-0.7711890000000494,-0.3494620000001305,-0.56032550000009,-1.155145000000175,-0.27659200000016426,-0.7158685000001697
2022-08-28 09:30:00,,,,-0.7689740000000711,-0.34873000000015963,-0.5588520000001154,-1.1511930000001485,-0.2770100000002458,-0.7141015000001971
2022-08-28 10:15:00,,,,-0.769753000000037,-0.34873000000015963,-0.5592415000000983,-1.1548720000000685,-0.27700899999990725,-0.7159404999999879
2022-08-28 10:30:00,,,,-0.7682709999999133,-0.34655000000020664,-0.55741050000006,-1.156898000000183,-0.27835400000003574,-0.7176260000001093
2022-08-28 10:45:00,,,,-0.7687380000002122,-0.3465510000000904,-0.5576445000001513,-1.1591020000000753,-0.2783550000003743,-0.7187285000002248
2022-08-28 11:00:00,,,,-0.7682720000002519,-0.3465510000000904,-0.5574115000001711,-1.155728000000181,-0.27718700000013996,-0.7164575000001605
2022-08-28 11:30:00,,,,-0.7689749999999549,-0.34879000000000815,-0.5588824999999815,-1.1529440000003888,-0.27690700000039215,-0.7149255000003905
2022-08-28 12:00:00,,,,-0.7668449999996483,-0.34588099999973565,-0.556362999999692,-1.1566240000001926,-0.27690700000039215,-0.7167655000002924
2022-08-28 12:30:00,,,,-0.7665329999999813,-0.34661400000004505,-0.5565735000000132,-1.1551510000003873,-0.2764900000001944,-0.7158205000002908
2022-08-28 12:45:00,,,,-0.7669989999999416,-0.34602799999993294,-0.5565134999999373,-1.1556049999999232,-0.2741489999998521,-0.7148769999998876
2022-08-28 13:00:00,,,,-0.7669989999999416,-0.3467619999996714,-0.5568804999998065,-1.1556040000000394,-0.2737309999997706,-0.714667499999905
2022-08-28 13:45:00,,,,-0.7643180000000029,-0.34826699999985067,-0.5562924999999268,-1.1500369999998838,-0.27621300000009796,-0.7131249999999909
2022-08-28 14:00:00,,,,-0.7643159999997806,-0.3457809999999881,-0.5550484999998844,-1.1529440000003888,-0.2777880000003279,-0.7153660000003583
2022-08-28 14:15:00,,,,-0.7643189999998867,-0.34578400000009424,-0.5550514999999905,-1.1511970000001384,-0.27603999999973894,-0.7136184999999386
2022-08-28 14:30:00,,,,-0.7646289999997862,-0.3477759999996124,-0.5562024999996993,-1.1526779999999235,-0.2776619999999639,-0.7151699999999437
2022-08-28 14:45:00,,,,-0.7673090000002958,-0.347248000000036,-0.5572785000001659,-1.1570859999997083,-0.27346499999976004,-0.7152754999997342
2022-08-28 15:00:00,,,,-0.7668440000002192,-0.3482650000000831,-0.5575545000001512,-1.154881999999816,-0.27563099999997576,-0.7152564999998958
2022-08-28 15:15:00,,,,-0.7635700000000725,-0.34875700000020515,-0.5561635000001388,-1.1487019999999575,-0.275934999999663,-0.7123184999998102
2022-08-28 15:30:00,,,,-0.7646140000001651,-0.34875099999999293,-0.556682500000079,-1.1509039999996276,-0.2753549999997631,-0.7131294999996953
2022-08-28 15:45:00,,,,-0.7646150000000489,-0.3494860000000699,-0.5570505000000594,-1.1509029999997438,-0.2749399999997877,-0.7129214999997657
2022-08-28 16:00:00,,,,-0.764346000000387,-0.3470030000003135,-0.5556745000003502,-1.1535479999997733,-0.2753569999999854,-0.7144524999998794
2022-08-28 16:15:00,,,,-0.7646140000001651,-0.348468000000139,-0.556541000000152,-1.150904999999966,-0.2727719999998044,-0.7118384999998852
2022-08-28 16:30:00,,,,-0.7665620000002491,-0.34773600000016813,-0.5571490000002086,-1.1575009999996837,-0.2749399999997877,-0.7162204999997357
2022-08-28 16:45:00,,,,-0.7643450000000485,-0.34822699999995166,-0.5562860000000001,-1.1500459999997474,-0.2711629999998877,-0.7106044999998176
2022-08-28 17:00:00,,,,-0.7638780000002043,-0.34773500000028434,-0.5558065000002443,-1.1495919999997568,-0.2731899999998859,-0.7113909999998214
2022-08-28 17:15:00,,,,-0.7660920000002989,-0.34997400000020207,-0.5580330000002505,-1.151792000000114,-0.2729110000000219,-0.712351500000068
2022-08-28 18:15:00,,,,-0.7643430000002809,-0.3475459999999657,-0.5559445000001233,-1.1517929999999978,-0.27146300000003976,-0.7116280000000188
2022-08-28 19:00:00,,,,-0.7668260000000373,-0.351046000000224,-0.5589360000001307,-1.1531009999998787,-0.27321299999994153,-0.7131569999999101
2022-08-28 19:15:00,,,,-0.7657800000001771,-0.34997599999996964,-0.5578780000000734,-1.15089799999987,-0.27349199999980556,-0.7121949999998378
2022-08-28 19:45:00,,,,-0.7641550000003008,-0.34880900000007387,-0.5564820000001873,-1.1475439999999253,-0.2723200000000361,-0.7099319999999807
2022-08-28 20:00:00,,,,-0.7670740000003207,-0.35172899999997753,-0.5594015000001491,-1.1487139999999272,-0.27348899999969944,-0.7111014999998133
2022-08-28 20:15:00,,,,-0.7668369999996685,-0.34803599999986545,-0.557436499999767,-1.156619999999748,-0.2729340000000775,-0.7147769999999127
2022-08-28 20:30:00,,,,-0.7660590000000411,-0.3494879999998375,-0.5577734999999393,-1.1500240000000304,-0.27376700000013443,-0.7118955000000824
2022-08-28 20:45:00,,,,-0.7665259999998852,-0.3473079999998845,-0.5569169999998849,-1.1522279999999228,-0.2704429999998865,-0.7113354999999046
2022-08-28 21:15:00,,,,-0.7662040000000161,-0.35021899999992456,-0.5582114999999703,-1.1507440000000315,-0.27335400000038135,-0.7120490000002064
2022-08-28 21:30:00,,,,-0.7682660000000396,-0.34973200000013094,-0.5589990000000853,-1.1522169999998368,-0.27187999999978274,-0.7120484999998098
2022-08-28 22:00:00,,,,-0.7650429999998778,-0.3466289999996661,-0.555835999999772,-1.152491000000282,-0.2719040000001769,-0.7121975000002294
2022-08-28 22:45:00,,,,-0.7628270000000157,-0.34682199999997465,-0.5548244999999952,-1.1485380000003715,-0.2736290000002555,-0.7110835000003135
2022-08-28 23:15:00,,,,-0.7642989999999372,-0.3489990000002763,-0.5566490000001068,-1.1465129999996861,-0.27229699999998047,-0.7094049999998333
2022-08-28 23:45:00,,,,-0.7647640000000138,-0.34798099999989063,-0.5563724999999522,-1.1522140000001855,-0.2736280000003717,-0.7129210000002786
2022-08-29 00:15:00,,,,-0.7676839999999174,-0.34899799999993775,-0.5583409999999276,-1.1551340000000891,-0.27579500000001644,-0.7154645000000528
2022-08-29 01:15:00,,,,-0.7675309999999627,-0.35001599999986865,-0.5587734999999157,-1.1526570000000902,-0.2762150000003203,-0.7144360000002052
2022-08-29 02:00:00,,,,-0.7726969999998801,-0.35132800000019415,-0.5620125000000371,-1.161293999999998,-0.275796000000355,-0.7185450000001765
2022-08-29 02:30:00,,,,-0.767797999999857,-0.3502560000001722,-0.5590270000000146,-1.151183000000401,-0.2754930000000968,-0.7133380000002489
2022-08-29 02:45:00,,,,-0.7714980000000651,-0.3512759999998707,-0.5613869999999679,-1.156612000000223,-0.2764930000003005,-0.7165525000002617
2022-08-29 03:00:00,,,,-0.7711859999999433,-0.3514279999999417,-0.5613069999999425,-1.155717999999979,-0.276075000000219,-0.715896500000099
2022-08-29 03:30:00,,,,-0.7700159999999414,-0.3512749999999869,-0.5606454999999642,-1.1539700000002995,-0.27649200000041674,-0.7152310000003581
2022-08-29 03:45:00,,,,-0.7716510000000198,-0.3500130000002173,-0.5608320000001186,-1.156173000000308,-0.2732930000001943,-0.7147330000002512
2022-08-29 04:00:00,,,,-0.7694360000000415,-0.3500140000001011,-0.5597250000000713,-1.1533900000003996,-0.2744630000001962,-0.7139265000002979
2022-08-29 04:30:00,,,,-0.7682669999999234,-0.3495259999999689,-0.5588964999999462,-1.153389000000061,-0.27591300000040064,-0.7146510000002309
2022-08-29 04:45:00,,,,-0.7716510000000198,-0.3524430000002212,-0.5620470000001205,-1.1573420000004262,-0.2776600000001963,-0.7175010000003113
2022-08-29 05:00:00,,,,-0.7701830000000882,-0.35176499999988664,-0.5609739999999874,-1.1529730000002019,-0.27446499999996377,-0.7137190000000828
2022-08-29 05:30:00,,,,-0.7723980000000665,-0.352006000000074,-0.5622020000000703,-1.156926999999996,-0.27432500000031723,-0.7156260000001566
2022-08-29 05:45:00,,,,-0.7713540000004286,-0.35171100000025035,-0.5615325000003395,-1.1547230000001036,-0.2769090000001597,-0.7158160000001317
2022-08-29 06:00:00,,,,-0.7703390000001491,-0.3514280000003964,-0.5608835000002728,-1.1542850000000726,-0.2743249999998625,-0.7143049999999675
2022-08-29 06:30:00,,,,-0.7735710000001745,-0.3509950000002391,-0.5622830000002068,-1.159849000000122,-0.2739050000000134,-0.7168770000000677
2022-08-29 06:45:00,,,,-0.7679650000000038,-0.34977100000014616,-0.558868000000075,-1.1542569999996886,-0.2780999999999949,-0.7161784999998417
2022-08-29 07:00:00,,,,-0.771342999999888,-0.3502579999999398,-0.5608004999999139,-1.1564629999998033,-0.2749149999999645,-0.7156889999998839
2022-08-29 07:15:00,,,,-0.7698610000002191,-0.34957799999983763,-0.5597195000000283,-1.153819999999996,-0.27346699999998236,-0.7136434999999892
2022-08-29 07:30:00,,,,-0.7725430000000415,-0.3502579999999398,-0.5614004999999906,-1.1599779999996827,-0.2749149999999645,-0.7174464999998236
2022-08-29 07:45:00,,,,-0.773826999999983,-0.35156999999981053,-0.5626984999998967,-1.1577760000000126,-0.27332899999964866,-0.7155524999998306
2022-08-29 08:00:00,,,,-0.7716120000000046,-0.3508369999999559,-0.5612244999999803,-1.1549820000000182,-0.2749060000001009,-0.7149440000000595
2022-08-29 08:15:00,,,,-0.7732470000000831,-0.3537570000003143,-0.5635020000001987,-1.158936000000267,-0.27840500000002066,-0.7186705000001439
2022-08-29 08:45:00,,,,-0.7685920000003534,-0.34997599999996964,-0.5592840000001615,-1.1560389999999643,-0.27407199999970544,-0.7150554999998349
2022-08-29 09:00:00,,,,-0.7698750000004111,-0.35206200000038734,-0.5609685000003992,-1.1520859999995992,-0.27304099999992104,-0.7125634999997601
2022-08-29 09:30:00,,,,-0.7717800000000352,-0.35274500000014086,-0.562262500000088,-1.1516480000000229,-0.2715669999997772,-0.7116074999999
2022-08-29 09:45:00,,,,-0.7710770000003322,-0.35157600000002276,-0.5613265000001775,-1.155601999999817,-0.27331699999967896,-0.714459499999748
2022-08-29 11:00:00,,,,-0.7706120000002556,-0.35129200000028504,-0.5609520000002703,-1.1545699999996941,-0.27190299999983836,-0.7132364999997662
2022-08-29 11:15:00,,,,-0.7700329999997848,-0.35099700000000666,-0.5605149999998957,-1.1545689999998103,-0.2744870000001356,-0.714527999999973
2022-08-29 11:30:00,,,,-0.7706120000002556,-0.3500690000000759,-0.5603405000001658,-1.1563200000000506,-0.2743479999999181,-0.7153339999999844
2022-08-29 11:45:00,,,,-0.771078000000216,-0.35129300000016883,-0.5611855000001924,-1.1585230000000593,-0.27365299999974013,-0.7160879999998997
2022-08-29 12:00:00,,,,-0.7710790000000998,-0.34988700000030803,-0.5604830000002039,-1.158523999999943,-0.27263399999992544,-0.7155789999999342
2022-08-29 12:15:00,,,,-0.7710799999999836,-0.35056100000019796,-0.5608205000000908,-1.1573539999999412,-0.27290199999970355,-0.7151279999998224
2022-08-29 12:30:00,,,,-0.7725620000001072,-0.35177999999996246,-0.5621710000000348,-1.1582499999999527,-0.27045899999984613,-0.7143544999998994
2022-08-29 15:00:00,,,,-0.765943000000334,-0.34892100000024584,-0.5574320000002899,-1.1533979999999247,-0.2703559999999925,-0.7118769999999586
2022-08-29 15:15:00,,,,-0.7674240000001191,-0.3503680000003442,-0.5588960000002317,-1.1560409999997319,-0.2740969999999834,-0.7150689999998576
2022-08-29 15:45:00,,,,-0.7688630000002377,-0.3522720000000845,-0.5605675000001611,-1.1545670000000428,-0.27309999999988577,-0.7138334999999643
2022-08-29 16:00:00,,,,-0.7648959999996805,-0.3512550000000374,-0.558075499999859,-1.149452999999994,-0.2715240000002268,-0.7104885000001104
2022-08-29 16:15:00,,,,-0.768579999999929,-0.35275799999999435,-0.5606689999999617,-1.157187000000249,-0.2745740000000296,-0.7158805000001394
2022-08-29 16:30:00,,,,-0.7647390000001906,-0.35058200000003126,-0.5576605000001109,-1.1510290000001078,-0.27240600000004633,-0.711717500000077
2022-08-29 16:45:00,,,,-0.7688610000000153,-0.35232500000029177,-0.5605930000001536,-1.154566000000159,-0.27123500000016065,-0.7129005000001598
2022-08-29 17:00:00,,,,-0.7652049999996962,-0.34941699999990306,-0.5573109999997996,-1.1549820000000182,-0.2729849999996077,-0.7139834999998129
2022-08-29 17:30:00,,,,-0.7688600000001315,-0.35306500000024243,-0.560962500000187,-1.1551429999999527,-0.2714109999997163,-0.7132769999998345
2022-08-29 18:00:00,,,,-0.7683940000001712,-0.3523320000003878,-0.5603630000002795,-1.1511899999995876,-0.27007800000001225,-0.7106339999997999
2022-08-29 18:15:00,,,,-0.7659390000003441,-0.35130900000012844,-0.5586240000002363,-1.1516429999996944,-0.26906899999994494,-0.7103559999998197
2022-08-29 18:30:00,,,,-0.7652060000000347,-0.35057700000015757,-0.5578915000000961,-1.1503309999998237,-0.2694859999996879,-0.7099084999997558
2022-08-29 19:15:00,,,,-0.7671080000000075,-0.3518410000001495,-0.5594745000000785,-1.1528089999997064,-0.27152699999987817,-0.7121679999997923
2022-08-29 19:45:00,,,,-0.7656260000003385,-0.35110800000029485,-0.5583670000003167,-1.1519149999999172,-0.27369199999975535,-0.7128034999998363
2022-08-29 20:00:00,,,,-0.7675739999999678,-0.3519349999996848,-0.5597544999998263,-1.1555939999998373,-0.2729629999998906,-0.7142784999998639
2022-08-29 20:15:00,,,,-0.7656369999999697,-0.35455699999965873,-0.5600969999998142,-1.1490169999997306,-0.2761359999999513,-0.712576499999841
2022-08-29 20:30:00,,,,-0.7638879999999517,-0.3513020000000324,-0.5575949999999921,-1.1501870000001873,-0.27541699999983393,-0.7128020000000106
2022-08-29 21:30:00,,,,-0.7651580000001559,-0.35275700000011057,-0.5589575000001332,-1.1485499999998865,-0.2734139999997751,-0.7109819999998308
2022-08-29 21:45:00,,,,-0.7653129999998782,-0.3530439999999544,-0.5591784999999163,-1.1492700000003424,-0.2759840000003351,-0.7126270000003387
2022-08-29 22:00:00,,,,-0.7653119999999944,-0.35153700000000754,-0.558424500000001,-1.1492700000003424,-0.2740969999999834,-0.7116835000001629
2022-08-29 22:15:00,,,,-0.7660599999999249,-0.35255400000005466,-0.5593069999999898,-1.1488540000000285,-0.2745140000001811,-0.7116840000001048
2022-08-29 22:30:00,,,,-0.7672299999999268,-0.35255999999981213,-0.5598949999998695,-1.1488540000000285,-0.2733560000001489,-0.7111050000000887
2022-08-30 00:45:00,,,,-0.7729440000002796,-0.3536290000001827,-0.5632865000002312,-1.1557259999999587,-0.27307699999983015,-0.7144014999998944
2022-08-30 01:00:00,,,,-0.7726649999999609,-0.352411000000302,-0.5625380000001314,-1.1583489999998164,-0.2755219999999099,-0.7169354999998632
2022-08-30 01:15:00,,,,-0.7734120000000075,-0.35212600000022576,-0.5627690000001166,-1.1596819999999752,-0.2729359999998451,-0.7163089999999102
2022-08-30 01:45:00,,,,-0.7729470000003857,-0.35363100000040504,-0.5632890000003954,-1.1557279999997263,-0.2730790000000525,-0.7144034999998894
2022-08-30 02:15:00,,,,-0.7707310000000689,-0.35212700000010955,-0.5614290000000892,-1.1535249999997177,-0.27293699999972887,-0.7132309999997233
2022-08-30 03:00:00,,,,-0.7734140000002299,-0.35314500000004045,-0.5632795000001352,-1.157933999999841,-0.2733549999998104,-0.7156444999998257
2022-08-30 03:45:00,,,,-0.7729370000001836,-0.3540200000002187,-0.5634785000002012,-1.1563099999998485,-0.2725199999999859,-0.7144149999999172
2022-08-30 04:30:00,,,,-0.7724710000002233,-0.3543570000001637,-0.5634140000001935,-1.1541059999999561,-0.27323699999988094,-0.7136714999999185
2022-08-30 05:15:00,,,,-0.7721599999999853,-0.3562600000000202,-0.5642100000000028,-1.152632999999696,-0.27399100000002363,-0.7133119999998598
2022-08-30 05:30:00,,,,-0.7736410000002252,-0.35475300000007337,-0.5641970000001493,-1.15352699999994,-0.27035399999977017,-0.7119404999998551
2022-08-30 05:45:00,,,,-0.7721610000003238,-0.3545470000003661,-0.563354000000345,-1.1508859999999004,-0.27321699999993143,-0.7120514999999159
2022-08-30 06:00:00,,,,-0.7733300000004419,-0.35869000000002416,-0.566010000000233,-1.1491359999999986,-0.2725209999998697,-0.7108284999999341
2022-08-30 06:15:00,,,,-0.7726270000002842,-0.35352899999998044,-0.5630780000001323,-1.1565890000001673,-0.2745479999998679,-0.7155685000000176
2022-08-30 06:30:00,,,,-0.7726260000004004,-0.35509500000034677,-0.5638605000003736,-1.1530899999997928,-0.27108399999997346,-0.7120869999998831
2022-08-30 07:00:00,,,,-0.7727939999999762,-0.3564499999997679,-0.5646219999998721,-1.1561719999999696,-0.276299999999992,-0.7162359999999808
2022-08-30 07:30:00,,,,-0.7720490000001519,-0.35396800000035,-0.5630085000002509,-1.1548419999999169,-0.2749669999998332,-0.714904499999875
2022-08-30 07:45:00,,,,-0.7748559999999998,-0.3552900000004229,-0.5650730000002113,-1.1588080000001355,-0.2745500000000902,-0.7166790000001129
2022-08-30 08:15:00,,,,-0.7726410000000214,-0.3560240000001613,-0.5643325000000914,-1.1548540000003413,-0.27413300000034724,-0.7144935000003443
2022-08-30 09:15:00,,,,-0.7729100000001381,-0.35704000000032465,-0.5649750000002314,-1.1522130000003017,-0.274550999999974,-0.7133820000001379
2022-08-30 09:30:00,,,,-0.7716270000000804,-0.3535950000000412,-0.5626110000000608,-1.1579160000001139,-0.2744340000003831,-0.7161750000002485
2022-08-30 10:00:00,,,,-0.7745359999998982,-0.3571839999999611,-0.5658599999999296,-1.1579160000001139,-0.2758820000003652,-0.7168990000002395
2022-08-30 10:45:00,,,,-0.7716269999996257,-0.3528619999997318,-0.5622444999996787,-1.1579169999999976,-0.2748510000001261,-0.7163840000000619
2022-08-30 11:00:00,,,,-0.7720940000003793,-0.3528630000000703,-0.5624785000002248,-1.1601200000000063,-0.2748510000001261,-0.7174855000000662
2022-08-30 11:15:00,,,,-0.7729130000002442,-0.35433000000011816,-0.5636215000001812,-1.1557160000002114,-0.27226900000005116,-0.7139925000001313
2022-08-30 12:15:00,,,,-0.7738450000001649,-0.3550100000002203,-0.5644275000001926,-1.1618710000002466,-0.2754660000000513,-0.7186685000001489
2022-08-30 12:30:00,,,,-0.7735760000000482,-0.3547610000000532,-0.5641685000000507,-1.1610149999996793,-0.27385699999967983,-0.7174359999996796
2022-08-30 12:45:00,,,,-0.7731109999999717,-0.3544789999996283,-0.5637949999998,-1.1588119999996707,-0.2712739999997211,-0.7150429999996959
2022-08-30 13:00:00,,,,-0.7731099999996331,-0.35496799999964423,-0.5640389999996387,-1.1588119999996707,-0.2709949999998571,-0.7149034999997639
2022-08-30 13:15:00,,,,-0.7733790000002045,-0.3565660000003845,-0.5649725000002945,-1.1579289999999673,-0.2737529999999424,-0.7158409999999549
2022-08-30 13:30:00,,,,-0.7738439999998263,-0.3560389999997824,-0.5649414999998044,-1.1612919999997757,-0.27246599999989485,-0.7168789999998353
2022-08-30 13:45:00,,,,-0.7748469999996814,-0.3570549999999457,-0.5659509999998136,-1.1587989999998172,-0.2717240000001766,-0.7152614999999969
2022-08-30 14:00:00,,,,-0.7730980000001182,-0.35496299999977055,-0.5640304999999444,-1.1605490000001737,-0.2727439999998751,-0.7166465000000244
2022-08-30 14:30:00,,,,-0.7718979999999647,-0.3554500000000189,-0.5636739999999918,-1.1552850000002763,-0.2707170000003316,-0.713001000000304
2022-08-30 15:00:00,,,,-0.7697109999999157,-0.354280000000017,-0.5619954999999663,-1.1536740000001373,-0.26954699999987497,-0.7116105000000061
2022-08-30 15:15:00,,,,-0.770727000000079,-0.3544329999999718,-0.5625800000000254,-1.154113999999936,-0.26854999999977736,-0.7113319999998566
2022-08-30 15:30:00,,,,-0.770727000000079,-0.3554500000000189,-0.563088500000049,-1.154113999999936,-0.27071699999987686,-0.7124154999999064
2022-08-30 15:45:00,,,,-0.7689749999999549,-0.35273600000027727,-0.5608555000001161,-1.154109999999946,-0.2666839999997137,-0.7103969999998299
2022-08-30 16:00:00,,,,-0.7689859999995861,-0.3541019999997843,-0.5615439999996852,-1.151781999999912,-0.2672419999998965,-0.7095119999999042
2022-08-30 16:15:00,,,,-0.7675049999998009,-0.3547810000000027,-0.5611429999999018,-1.1497190000000046,-0.2692699999997785,-0.7094944999998916
2022-08-30 16:30:00,,,,-0.7672359999996843,-0.3520149999999376,-0.5596254999998109,-1.15061199999991,-0.26535299999977724,-0.7079824999998436
2022-08-30 16:45:00,,,,-0.7707329999998365,-0.3570150000000467,-0.5638739999999416,-1.1535289999997076,-0.2701619999998002,-0.7118454999997539
2022-08-30 17:15:00,,,,-0.766301999999996,-0.3542499999998654,-0.5602759999999307,-1.1473729999997886,-0.2679960000000392,-0.7076844999999139
2022-08-30 18:00:00,,,,-0.7696760000003451,-0.3576900000002752,-0.5636830000003101,-1.1495740000000296,-0.2704399999997804,-0.710006999999905
2022-08-30 18:15:00,,,,-0.767500999999811,-0.356246999999712,-0.5618739999997615,-1.150883999999678,-0.2696059999998397,-0.7102449999997589
2022-08-30 18:30:00,,,,-0.7673479999998563,-0.35434499999973923,-0.5608464999997977,-1.1501539999999295,-0.26885300000003554,-0.7095034999999825
2022-08-30 19:15:00,,,,-0.7699429999997847,-0.35793299999977535,-0.56393799999978,-1.148678000000018,-0.27030199999990145,-0.7094899999999598
2022-08-30 19:30:00,,,,-0.7692400000000816,-0.3550129999998717,-0.5621264999999767,-1.1514619999998104,-0.2691310000000158,-0.7102964999999131
2022-08-30 19:45:00,,,,-0.7708759999995891,-0.3554500000000189,-0.563162999999804,-1.1565839999998389,-0.27246800000011717,-0.714525999999978
2022-08-30 20:00:00,,,,-0.7686589999998432,-0.3540069999999105,-0.5613329999998768,-1.1537879999996221,-0.26988299999993615,-0.7118354999997791
2022-08-30 20:15:00,,,,-0.7684739999999692,-0.3560400000001209,-0.5622570000000451,-1.1478039999997236,-0.27130899999974645,-0.709556499999735
2022-08-30 20:30:00,,,,-0.7706880000000638,-0.35603800000035335,-0.5633630000002086,-1.1500080000000708,-0.26955599999973856,-0.7097819999999047
2022-08-30 20:45:00,,,,-0.7701090000000477,-0.3579429999999775,-0.5640260000000126,-1.1511679999998705,-0.27205099999991944,-0.711609499999895
2022-08-30 21:00:00,,,,-0.7718589999999494,-0.3557019999998374,-0.5637804999998934,-1.1511679999998705,-0.2688299999999799,-0.7099989999999252
2022-08-30 21:15:00,,,,-0.7723250000003645,-0.35603900000023714,-0.5641820000003008,-1.1551210000002357,-0.2712960000003477,-0.7132085000002917
2022-08-30 21:30:00,,,,-0.773019000000204,-0.35670900000013717,-0.5648640000001706,-1.152918000000227,-0.2715769999999793,-0.7122475000001032
2022-08-30 21:45:00,,,,-0.7706880000000638,-0.356565000000046,-0.5636265000000549,-1.1499969999999848,-0.27199400000017704,-0.7109955000000809
2022-08-30 22:00:00,,,,-0.7740640000001804,-0.3572389999999359,-0.5656515000000581,-1.155699000000368,-0.27401899999995294,-0.7148590000001604
2022-08-30 22:15:00,,,,-0.7718469999999797,-0.3572380000000521,-0.5645425000000159,-1.149996000000101,-0.27226900000005116,-0.7111325000000761
2022-08-30 22:30:00,,,,-0.7700990000003003,-0.35447400000020934,-0.5622865000002548,-1.1511669999999867,-0.27127299999983734,-0.711219999999912
2022-08-30 22:45:00,,,,-0.7711540000000241,-0.35607900000013615,-0.5636165000000801,-1.1539490000000114,-0.27401899999995294,-0.7139839999999822
2022-08-31 00:00:00,,,,-0.7703650000003108,-0.356221000000005,-0.5632930000001579,-1.148522999999841,-0.27127299999983734,-0.7098979999998392
2022-08-31 00:15:00,,,,-0.7718469999999797,-0.3567480000001524,-0.5642975000000661,-1.149996000000101,-0.2725479999999152,-0.7112720000000081
2022-08-31 01:00:00,,,,-0.7740629999998418,-0.35776399999986097,-0.5659134999998514,-1.1539490000000114,-0.2747140000001309,-0.7143315000000712
2022-08-31 01:15:00,,,,-0.7731309999999212,-0.35893399999986286,-0.566032499999892,-1.1495410000002266,-0.2758840000001328,-0.7127125000001797
2022-08-31 01:30:00,,,,-0.7691650000001573,-0.35650500000019747,-0.5628350000001774,-1.1438390000002983,-0.2726860000002489,-0.7082625000002736
2022-08-31 02:00:00,,,,-0.7718570000001819,-0.355007999999998,-0.5634325000000899,-1.149417000000085,-0.2702189999999973,-0.7098180000000411
2022-08-31 02:15:00,,,,-0.7755449999999655,-0.357857999999851,-0.5667014999999083,-1.156594000000041,-0.27557100000012724,-0.7160825000000841
2022-08-31 02:30:00,,,,-0.7703750000000582,-0.3560240000001613,-0.5631995000001098,-1.1502720000003137,-0.275883000000249,-0.7130775000002814
2022-08-31 04:30:00,,,,-0.7746110000002773,-0.3561680000002525,-0.5653895000002649,-1.1521739999998317,-0.2719680000000153,-0.7120709999999235
2022-08-31 05:45:00,,,,-0.7760929999999462,-0.35835499999984677,-0.5672239999998965,-1.1548189999998613,-0.2753060000000005,-0.7150624999999309
2022-08-31 07:00:00,,,,-0.776361000000179,-0.35921700000017154,-0.5677890000001753,-1.152176000000054,-0.2767189999999573,-0.7144475000000057
2022-08-31 08:45:00,,,,-0.7736110000000735,-0.35888199999999415,-0.5662465000000338,-1.1500120000000607,-0.27600200000006225,-0.7130070000000615
2022-08-31 09:00:00,,,,-0.7734440000003815,-0.35771100000010847,-0.565577500000245,-1.152180000000044,-0.27775100000008024,-0.7149655000000621
2022-08-31 10:30:00,,,,-0.7750800000003437,-0.35869300000013027,-0.566886500000237,-1.1572930000002088,-0.27893400000039037,-0.7181135000002996
2022-08-31 10:45:00,,,,-0.7739099999998871,-0.3570329999997739,-0.5654714999998305,-1.1555419999999685,-0.2774620000000141,-0.7165019999999913
2022-08-31 11:00:00,,,,-0.7743759999998474,-0.3552829999998721,-0.5648294999998598,-1.158335999999963,-0.2763020000002143,-0.7173190000000886
2022-08-31 11:15:00,,,,-0.7753929999998945,-0.3582029999997758,-0.5667979999998352,-1.1587770000001,-0.279222000000118,-0.718999500000109
2022-08-31 11:30:00,,,,-0.7727100000001883,-0.356452999999874,-0.5645815000000312,-1.1543669999996382,-0.27922099999977945,-0.7167939999997088
2022-08-31 11:45:00,,,,-0.7729400000002897,-0.3540240000002086,-0.5634820000002492,-1.1609809999999925,-0.2771939999997812,-0.7190874999998869
2022-08-31 12:15:00,,,,-0.7742240000002312,-0.3557740000001104,-0.5649990000001708,-1.157028000000082,-0.27544499999976324,-0.7162364999999227
2022-08-31 12:30:00,,,,-0.7764390000002095,-0.35767200000009325,-0.5670555000001514,-1.1609809999999925,-0.27619899999990594,-0.7185899999999492
2022-08-31 12:45:00,,,,-0.7732619999997041,-0.35476399999970454,-0.5640129999997043,-1.1607049999997798,-0.27502999999978783,-0.7178674999997838
2022-08-31 13:00:00,,,,-0.774576000000252,-0.35641400000031354,-0.5654950000002827,-1.1631859999997687,-0.27650199999970937,-0.719843999999739
2022-08-31 13:15:00,,,,-0.7763250000002699,-0.35787900000013906,-0.5671020000002045,-1.163184999999885,-0.2739169999999831,-0.718550999999934
2022-08-31 13:30:00,,,,-0.7744189999998525,-0.35773699999981545,-0.566077999999834,-1.1618530000000646,-0.2760849999999664,-0.7189690000000155
2022-08-31 13:45:00,,,,-0.7744189999998525,-0.35890199999994365,-0.5666604999998981,-1.1601029999997081,-0.27549199999975826,-0.7177974999997332
2022-08-31 14:00:00,,,,-0.7722029999999904,-0.35613499999999476,-0.5641689999999926,-1.1578999999996995,-0.2733259999999973,-0.7156129999998484
2022-08-31 14:15:00,,,,-0.7727829999998903,-0.3564669999996113,-0.5646249999997508,-1.1584789999997156,-0.27404500000011467,-0.7162619999999151
2022-08-31 14:30:00,,,,-0.774967999999717,-0.3591040000001158,-0.5670359999999164,-1.1571690000000672,-0.27146399999992354,-0.7143164999999954
2022-08-31 14:45:00,,,,-0.773953999999776,-0.35695799999984956,-0.5654559999998128,-1.1579099999999016,-0.27201800000011644,-0.714964000000009
2022-08-31 15:00:00,,,,-0.7747339999996257,-0.357691999999588,-0.5662129999996068,-1.1645079999998416,-0.2745209999998224,-0.719514499999832
2022-08-31 15:15:00,,,,-0.7747340000000804,-0.35667600000033417,-0.5657050000002073,-1.1633489999999256,-0.2711949999998069,-0.7172719999998662
2022-08-31 15:30:00,,,,-0.7742659999998978,-0.35769100000015897,-0.5659785000000284,-1.159392999999909,-0.27161100000012084,-0.715502000000015
2022-08-31 15:45:00,,,,-0.7735190000003058,-0.35662100000035934,-0.5650700000003326,-1.1615590000001248,-0.27480900000000474,-0.7181840000000648
2022-08-31 16:00:00,,,,-0.7730510000001232,-0.35885600000028717,-0.5659535000002052,-1.157603999999992,-0.2745319999999083,-0.7160679999999502
2022-08-31 16:15:00,,,,-0.7735179999999673,-0.35710800000015297,-0.5653130000000601,-1.1598079999998845,-0.2727829999998903,-0.7162954999998874
2022-08-31 17:00:00,,,,-0.7776899999998932,-0.35711099999980433,-0.5674004999998488,-1.1686070000000655,-0.2727709999999206,-0.720688999999993
2022-08-31 17:45:00,,,,-0.7735269999998309,-0.35833599999978105,-0.565931499999806,-1.159806000000117,-0.2720760000001974,-0.7159410000001571
2022-08-31 18:15:00,,,,-0.775742999999693,-0.35935299999982817,-0.5675479999997606,-1.1620100000000093,-0.27249299999994037,-0.7172514999999748
2022-08-31 18:30:00,,,,-0.7769010000001799,-0.3600810000002639,-0.5684910000002219,-1.1620069999999032,-0.2709180000001652,-0.7164625000000342
2022-08-31 19:30:00,,,,-0.7769010000001799,-0.3583310000003621,-0.567616000000271,-1.163756999999805,-0.27091799999971045,-0.7173374999997577
2022-08-31 19:45:00,,,,-0.7746839999999793,-0.3593470000000707,-0.567015500000025,-1.1598009999997885,-0.27308499999980995,-0.7164429999997992
2022-08-31 20:00:00,,,,-0.7749640000001818,-0.36002600000028906,-0.5674950000002354,-1.1589300000000549,-0.2745319999999083,-0.7167309999999816
2022-08-31 20:15:00,,,,-0.7803669999998419,-0.36288599999988946,-0.5716264999998657,-1.1695670000003702,-0.2839630000003126,-0.7267650000003414
2022-08-31 20:45:00,,,,-0.7459149999999681,-0.3457650000000285,-0.5458399999999983,-1.1044560000000274,-0.3000969999998233,-0.7022764999999254
2022-08-31 21:00:00,,,,-0.7190150000001267,-0.3170439999998962,-0.5180295000000115,-1.0659900000000562,-0.2980489999999918,-0.682019500000024
2022-08-31 21:15:00,,,,-0.7049299999998766,-0.2984510000001137,-0.5016904999999952,-1.0490169999998216,-0.298457999999755,-0.6737374999997883
2022-08-31 21:30:00,,,,-0.7059429999999338,-0.2950100000002749,-0.5004765000001044,-1.0361069999999017,-0.30033000000003085,-0.6682184999999663
2022-08-31 21:45:00,,,,-0.656336999999894,-0.27857300000005125,-0.46745499999997264,-0.9535519999999451,-0.31243099999983315,-0.6329914999998891
2022-08-31 22:00:00,,,,-0.5842800000000352,-0.2545820000000276,-0.4194310000000314,-0.8352129999998397,-0.3257269999999153,-0.5804699999998775
2022-08-31 22:15:00,,,,-0.5266719999999623,-0.22766699999965567,-0.377169499999809,-0.7452029999999468,-0.3259020000000419,-0.5355524999999943
2022-08-31 22:30:00,,,,-0.49816099999998187,-0.21069399999987581,-0.35442749999992884,-0.6836539999999331,-0.31982399999969857,-0.5017389999998159
2022-08-31 22:45:00,,,,-0.49540799999977025,-0.1986269999997603,-0.3470174999997653,-0.6814859999999499,-0.3092910000000302,-0.49538849999999
2022-08-31 23:00:00,,,,-0.512119999999868,-0.1956409999997959,-0.35388049999983195,-0.719604999999774,-0.2991750000001048,-0.5093899999999394
2022-08-31 23:15:00,,,,-0.5303549999998722,-0.1948499999998603,-0.36260249999986627,-0.7441840000001321,-0.28665200000023106,-0.5154180000001816
2022-08-31 23:30:00,,,,-0.5490159999999378,-0.19750100000010207,-0.3732585000000199,-0.778472999999849,-0.2806519999999182,-0.5295624999998836
2022-08-31 23:45:00,,,,-0.5667450000000827,-0.20161599999983082,-0.38418049999995674,-0.8066050000002178,-0.2720680000002176,-0.5393365000002177
2022-09-01 00:00:00,,,,-0.5869609999999739,-0.20383199999969293,-0.3953964999998334,-0.8482569999996485,-0.264491999999791,-0.5563744999997198
2022-09-01 00:15:00,,,,-0.601231000000098,-0.2057089999998425,-0.40346999999997024,-0.867134999999962,-0.2550179999998363,-0.5610764999998992
2022-09-01 00:30:00,,,,-0.6172110000002249,-0.20787400000017442,-0.41254250000019965,-0.8970159999998941,-0.2510439999996379,-0.574029999999766
2022-09-01 00:45:00,,,,-0.6322599999998602,-0.2115960000000996,-0.4219279999999799,-0.9172419999999875,-0.24184699999977965,-0.5795444999998836
2022-09-01 01:00:00,,,,-0.6454730000000382,-0.21390999999994165,-0.4296914999999899,-0.9484319999996842,-0.24037799999996423,-0.5944049999998242
2022-09-01 01:15:00,,,,-0.6647259999999733,-0.2230690000001232,-0.44389750000004824,-0.9798240000000078,-0.2381559999998899,-0.6089899999999489
2022-09-01 01:30:00,,,,-0.6766939999997703,-0.22396900000012465,-0.4503314999999475,-1.0138210000000072,-0.23565400000006775,-0.6247375000000375
2022-09-01 01:45:00,,,,-0.6821759999997994,-0.22720200000003388,-0.45468899999991663,-1.0158260000002883,-0.23198600000023362,-0.623906000000261
2022-09-01 02:00:00,,,,-0.6960509999998976,-0.23335099999985687,-0.46470099999987724,-1.0366280000002916,-0.22773400000005495,-0.6321810000001733
2022-09-01 02:15:00,,,,-0.7018509999998059,-0.23889899999994668,-0.4703749999998763,-1.0493929999997818,-0.23157099999980346,-0.6404819999997926
2022-09-01 02:30:00,,,,-0.7070600000001832,-0.2395080000001144,-0.4732840000001488,-1.0586269999998876,-0.2252330000001166,-0.6419300000000021
2022-09-01 02:45:00,,,,-0.7139059999999517,-0.24432800000022326,-0.4791170000000875,-1.077085999999781,-0.2324079999998503,-0.6547469999998157
2022-09-01 03:00:00,,,,-0.7269630000000689,-0.2508010000001377,-0.4888820000001033,-1.0993750000002365,-0.23229300000002695,-0.6658340000001317
2022-09-01 03:15:00,,,,-0.728204999999889,-0.2532459999997627,-0.49072549999982584,-1.106412999999975,-0.23207400000001144,-0.6692434999999932
2022-09-01 03:30:00,,,,-0.7267350000001898,-0.25440900000012334,-0.49057200000015655,-1.095683999999892,-0.2338119999999435,-0.6647479999999177
2022-09-01 03:45:00,,,,-0.7314799999999195,-0.26014600000007704,-0.4958129999999983,-1.104486000000179,-0.23820699999987482,-0.6713465000000269
2022-09-01 04:00:00,,,,-0.7359129999999823,-0.2638010000000577,-0.49985700000002,-1.1094740000003185,-0.23779100000001563,-0.6736325000001671
2022-09-01 04:15:00,,,,-0.7378600000001825,-0.2667750000000524,-0.5023175000001174,-1.1125710000001163,-0.23709800000005998,-0.6748345000000882
2022-09-01 04:30:00,,,,-0.7450450000001183,-0.27002700000002733,-0.5075360000000728,-1.1243960000001607,-0.2424869999999828,-0.6834415000000718
2022-09-01 04:45:00,,,,-0.7481929999999011,-0.2737339999998767,-0.5109634999998889,-1.132756999999856,-0.24312499999996362,-0.6879409999999098
2022-09-01 05:00:00,,,,-0.7446939999999813,-0.27441600000020117,-0.5095550000000912,-1.1275080000000344,-0.24282399999992776,-0.6851659999999811
2022-09-01 05:15:00,,,,-0.7488560000001598,-0.2766550000001189,-0.5127555000001394,-1.1363080000000991,-0.2442949999999655,-0.6903015000000323
2022-09-01 05:30:00,,,,-0.754261999999926,-0.27854999999999563,-0.5164059999999608,-1.1509780000001228,-0.24504000000024462,-0.6980090000001837
2022-09-01 05:45:00,,,,-0.7556600000002618,-0.28254100000003746,-0.5191005000001496,-1.159338999999818,-0.2500110000000859,-0.704674999999952
2022-09-01 06:00:00,,,,-0.7528259999999136,-0.28303200000027573,-0.5179290000000947,-1.1420149999999012,-0.2479840000000877,-0.6949994999999944
2022-09-01 06:15:00,,,,-0.7569889999999759,-0.2849300000002586,-0.5209595000001173,-1.1543139999998857,-0.25223700000015015,-0.7032755000000179
2022-09-01 06:30:00,,,,-0.7547749999998814,-0.28425300000026255,-0.519514000000072,-1.1503609999999753,-0.2507900000000518,-0.7005755000000136
2022-09-01 06:45:00,,,,-0.7592060000001766,-0.28820100000029925,-0.5237035000002379,-1.1565209999998842,-0.24953899999991336,-0.7030299999998988
2022-09-01 07:00:00,,,,-0.7641309999999066,-0.2911210000002029,-0.5276260000000548,-1.1672120000002906,-0.25070899999991525,-0.7089605000001029
2022-09-01 07:15:00,,,,-0.7645259999999325,-0.2901050000000396,-0.5273154999999861,-1.175155999999788,-0.25029300000005605,-0.712724499999922
2022-09-01 07:30:00,,,,-0.7651069999997162,-0.2945230000000265,-0.5298149999998714,-1.16064200000028,-0.24868400000013935,-0.7046630000002096
2022-09-01 07:45:00,,,,-0.7676329999999325,-0.29584699999986697,-0.5317399999998997,-1.1689649999998437,-0.2517670000001999,-0.7103660000000218
2022-09-01 08:00:00,,,,-0.7670450000000528,-0.29632900000024165,-0.5316870000001472,-1.1672169999997095,-0.25031899999976304,-0.7087679999997363
2022-09-01 08:15:00,,,,-0.7697290000000976,-0.2968160000000353,-0.5332725000000664,-1.176875999999993,-0.25354299999980867,-0.7152094999999008
2022-09-01 08:30:00,,,,-0.7714789999999994,-0.30071300000008705,-0.5360960000000432,-1.176875999999993,-0.2541579999997339,-0.7155169999998634
2022-09-01 08:45:00,,,,-0.7712110000002212,-0.2994539999999688,-0.535332500000095,-1.177770000000237,-0.2521300000003066,-0.7149500000002718
2022-09-01 09:00:00,,,,-0.7727340000001277,-0.3002520000000004,-0.5364930000000641,-1.182180000000244,-0.24926900000036767,-0.7157245000003059
2022-09-01 09:30:00,,,,-0.7775930000002518,-0.3031620000001567,-0.5403775000002042,-1.1887779999997292,-0.2510199999996985,-0.7198989999997139
2022-09-01 09:45:00,,,,-0.7761110000001281,-0.30466500000011365,-0.5403880000001209,-1.18788399999994,-0.25466000000005806,-0.721271999999999
2022-09-01 10:00:00,,,,-0.7791179999999258,-0.30350799999996525,-0.5413129999999455,-1.1984370000000126,-0.25640999999995984,-0.7274234999999862
2022-09-01 10:15:00,,,,-0.7787950000001729,-0.30681300000014744,-0.5428040000001602,-1.192294999999831,-0.25352699999984907,-0.72291099999984
2022-09-01 10:30:00,,,,-0.7820260000003145,-0.30681200000026365,-0.5444190000002891,-1.1949379999996381,-0.2517769999999473,-0.7233574999997927
2022-09-01 10:45:00,,,,-0.779117000000042,-0.30663400000003094,-0.5428755000000365,-1.1931879999997363,-0.251220000000103,-0.7222039999999197
2022-09-01 11:00:00,,,,-0.7783699999999953,-0.30663400000003094,-0.5425020000000131,-1.1924349999999322,-0.2518000000000029,-0.7221174999999675
2022-09-01 11:15:00,,,,-0.7783690000001116,-0.3073070000000371,-0.5428380000000743,-1.1941850000002887,-0.25498400000014954,-0.7245845000002191
2022-09-01 11:30:00,,,,-0.7816299999999501,-0.30959500000017215,-0.5456125000000611,-1.1985920000001897,-0.2522620000004281,-0.7254270000003089
2022-09-01 11:45:00,,,,-0.782336000000214,-0.3095929999999498,-0.5459645000000819,-1.1958220000001347,-0.2505110000001878,-0.7231665000001612
2022-09-01 12:00:00,,,,-0.7828429999999571,-0.3083350000001701,-0.5455890000000636,-1.2038769999999204,-0.251980999999887,-0.7279289999999037
2022-09-01 12:30:00,,,,-0.7853570000002037,-0.30906499999991865,-0.5472110000000612,-1.211041000000023,-0.25332799999978306,-0.732184499999903
2022-09-01 12:45:00,,,,-0.7838889999998173,-0.3100819999999658,-0.5469854999998915,-1.207832000000053,-0.2549050000002353,-0.7313685000001442
2022-09-01 13:15:00,,,,-0.7855150000000322,-0.31320899999991525,-0.5493619999999737,-1.2082860000000437,-0.25205400000004374,-0.7301700000000437
2022-09-01 13:30:00,,,,-0.7863040000002002,-0.31103299999995215,-0.5486685000000762,-1.2137150000003203,-0.25046700000029887,-0.7320910000003096
2022-09-01 13:45:00,,,,-0.7863019999999779,-0.3125350000000253,-0.5494185000000016,-1.2137109999998756,-0.2523569999998472,-0.7330339999998614
2022-09-01 14:00:00,,,,-0.7863040000002002,-0.31219400000009045,-0.5492490000001453,-1.2172139999997853,-0.25512599999956365,-0.7361699999996745
2022-09-01 14:15:00,,,,-0.7877830000002177,-0.3124000000002525,-0.5500915000002351,-1.2198539999999412,-0.25226400000019567,-0.7360590000000684
2022-09-01 14:30:00,,,,-0.7858360000000175,-0.31224599999995917,-0.5490409999999883,-1.212677999999869,-0.2509309999995821,-0.7318044999997255
2022-09-01 14:45:00,,,,-0.7880520000003344,-0.316237000000001,-0.5521445000001677,-1.2166309999997793,-0.2541519999999764,-0.7353914999998779
2022-09-01 15:00:00,,,,-0.7880520000003344,-0.31570600000031845,-0.5518790000003264,-1.214882000000216,-0.249960000000101,-0.7324210000001585
2022-09-01 15:15:00,,,,-0.7873050000002877,-0.31687600000032035,-0.552090500000304,-1.2141300000002957,-0.25171000000000276,-0.7329200000001492
2022-09-01 15:30:00,,,,-0.7895210000001498,-0.31614300000001094,-0.5528320000000804,-1.219253000000208,-0.2532970000002024,-0.7362750000002052
2022-09-01 15:45:00,,,,-0.7873040000004039,-0.3176100000000588,-0.5524570000002313,-1.2158759999997528,-0.253041999999823,-0.7344589999997879
2022-09-01 16:00:00,,,,-0.7876150000001871,-0.3176100000000588,-0.552612500000123,-1.215020000000095,-0.25071299999990515,-0.7328665000000001
2022-09-01 16:15:00,,,,-0.7880820000000313,-0.3180969999998524,-0.5530894999999418,-1.2189739999998892,-0.252187000000049,-0.7355804999999691
2022-09-01 17:15:00,,,,-0.7863320000001295,-0.3189800000000105,-0.55265600000007,-1.2172220000002199,-0.2507630000000063,-0.7339925000001131
2022-09-01 17:30:00,,,,-0.7858639999999468,-0.3207280000001447,-0.5532960000000458,-1.2132690000003095,-0.2507620000001225,-0.732015500000216
2022-09-01 17:45:00,,,,-0.7890959999999723,-0.32223500000009153,-0.5556655000000319,-1.216501999999764,-0.2514899999996487,-0.7339959999997063
2022-09-01 18:00:00,,,,-0.7836480000000847,-0.3222359999999753,-0.55294200000003,-1.2110630000001947,-0.25440000000025975,-0.7327315000002272
2022-09-01 18:15:00,,,,-0.7842380000001867,-0.3222960000002786,-0.5532670000002327,-1.209903999999824,-0.2507989999999154,-0.7303514999998697
2022-09-01 18:45:00,,,,-0.7876139999998486,-0.32345600000007835,-0.5555349999999635,-1.2156059999997524,-0.2525470000000496,-0.734076499999901
2022-09-01 19:30:00,,,,-0.7873439999998482,-0.32661899999993693,-0.5569814999998925,-1.214748999999756,-0.2535800000000563,-0.7341644999999062
2022-09-01 19:45:00,,,,-0.7836470000002009,-0.32340400000020963,-0.5535255000002053,-1.2128099999999904,-0.2573240000001533,-0.7350670000000719
2022-09-01 20:00:00,,,,-0.7826319999999214,-0.322439999999915,-0.5525359999999182,-1.2106229999999414,-0.2515419999999722,-0.7310824999999568
2022-09-01 20:30:00,,,,-0.782361999999921,-0.32560700000021825,-0.5539845000000696,-1.2103440000000774,-0.2531500000000051,-0.7317470000000412
2022-09-01 20:45:00,,,,-0.784266000000116,-0.3243830000001253,-0.5543245000001207,-1.2145740000000842,-0.25559500000008484,-0.7350845000000845
2022-09-01 21:00:00,,,,-0.7885430000001179,-0.3278820000000451,-0.5582125000000815,-1.2211730000003627,-0.25851700000021083,-0.7398450000002867
2022-09-01 21:15:00,,,,-0.7870750000001863,-0.3268660000003365,-0.5569705000002614,-1.216801999999916,-0.2545999999997548,-0.7357009999998354
2022-09-01 21:30:00,,,,-0.7845460000003186,-0.32613800000035553,-0.5553420000003371,-1.2090350000003127,-0.2526890000003732,-0.730862000000343
2022-09-01 21:45:00,,,,-0.7899940000002061,-0.329052000000047,-0.5595230000001266,-1.2168020000003708,-0.25501800000029107,-0.7359100000003309
2022-09-01 22:15:00,,,,-0.7838130000000092,-0.32438900000033755,-0.5541010000001734,-1.2123920000003636,-0.25560900000027686,-0.7340005000003202
2022-09-01 22:45:00,,,,-0.7877790000002278,-0.32843300000013187,-0.5581060000001798,-1.2145990000003621,-0.25346600000011676,-0.7340325000002395
2022-09-01 23:00:00,,,,-0.7867630000000645,-0.32794200000034834,-0.5573525000002064,-1.2124089999997523,-0.25199499999962427,-0.7322019999996883
2022-09-01 23:30:00,,,,-0.7867630000000645,-0.32619200000044657,-0.5564775000002555,-1.2159090000000106,-0.253744000000097,-0.7348265000000538
2022-09-01 23:45:00,,,,-0.7889789999999266,-0.32794200000034834,-0.5584605000001375,-1.219282000000021,-0.2549140000000989,-0.73709800000006
2022-09-02 00:30:00,,,,-0.7879229999998643,-0.3301189999997405,-0.5590209999998024,-1.2141590000001088,-0.2559100000003127,-0.7350345000002108
2022-09-02 01:30:00,,,,-0.7892069999998057,-0.3308529999999337,-0.5600299999998697,-1.2166239999996833,-0.25841399999990244,-0.7375189999997929
2022-09-02 01:45:00,,,,-0.7858340000002499,-0.32843400000001566,-0.5571340000001328,-1.2097550000003139,-0.25346700000000055,-0.7316110000001572
2022-09-02 03:15:00,,,,-0.7933729999999741,-0.32881899999983943,-0.5610959999999068,-1.225427999999738,-0.25407899999981964,-0.7397534999997788
2022-09-02 03:45:00,,,,-0.7914259999997739,-0.33158599999978833,-0.5615059999997811,-1.2170830000000024,-0.2544990000001235,-0.7357910000000629
2022-09-02 04:30:00,,,,-0.7869940000000497,-0.3303259999997863,-0.558659999999918,-1.2109260000001996,-0.25421800000003714,-0.7325720000001184
2022-09-02 04:45:00,,,,-0.7889820000000327,-0.32916800000020885,-0.5590750000001208,-1.2192870000003495,-0.25422100000014325,-0.7367540000002464
2022-09-02 05:30:00,,,,-0.7904490000000806,-0.3303249999999025,-0.5603869999999915,-1.2224959999998646,-0.2559669999996004,-0.7392314999997325
2022-09-02 06:15:00,,,,-0.7899859999997716,-0.33124899999984336,-0.5606174999998075,-1.2185460000000603,-0.25553000000036263,-0.7370380000002115
2022-09-02 06:30:00,,,,-0.7877699999999095,-0.33124899999984336,-0.5595094999998764,-1.216342000000168,-0.2572800000002644,-0.7368110000002162
2022-09-02 07:00:00,,,,-0.7897880000000441,-0.33333600000014485,-0.5615620000000945,-1.213698999999906,-0.2562480000001415,-0.7349735000000237
2022-09-02 07:30:00,,,,-0.7880399999999099,-0.33110000000033324,-0.5595700000001216,-1.2119520000001103,-0.2547749999998814,-0.7333634999999958
2022-09-02 07:45:00,,,,-0.7896750000004431,-0.331253000000288,-0.5604640000003656,-1.2176540000000386,-0.2561080000000402,-0.7368810000000394
2022-09-02 08:15:00,,,,-0.7907220000001871,-0.33158800000001065,-0.5611550000000989,-1.2216079999998328,-0.25799800000004325,-0.739802999999938
2022-09-02 09:00:00,,,,-0.7877410000000964,-0.3340210000001207,-0.5608810000001085,-1.2139910000000782,-0.26118399999995745,-0.7375875000000178
2022-09-02 09:15:00,,,,-0.7896780000000945,-0.33349100000032195,-0.5615845000002082,-1.2159080000001268,-0.25583199999982753,-0.7358699999999772
2022-09-02 09:30:00,,,,-0.7896770000002107,-0.3334899999999834,-0.561583500000097,-1.2141590000001088,-0.25408199999992576,-0.7341205000000173
2022-09-02 09:45:00,,,,-0.788209000000279,-0.3345079999999143,-0.5613585000000967,-1.2144470000002912,-0.25916000000006534,-0.7368035000001782
2022-09-02 10:00:00,,,,-0.7877430000003187,-0.33232500000030996,-0.5600340000003143,-1.2122440000002825,-0.2558200000003126,-0.7340320000002976
2022-09-02 10:15:00,,,,-0.789491999999882,-0.3365039999998771,-0.5629979999998795,-1.2104940000003808,-0.2572680000002947,-0.7338810000003377
2022-09-02 10:30:00,,,,-0.7837770000001001,-0.3322720000001027,-0.5580245000001014,-1.2082910000003722,-0.259436000000278,-0.7338635000003251
2022-09-02 10:45:00,,,,-0.7857960000001185,-0.33407500000021173,-0.5599355000001651,-1.2073960000002444,-0.25757000000021435,-0.7324830000002294
2022-09-02 11:00:00,,,,-0.7837790000003224,-0.33174300000018775,-0.5577610000002551,-1.2082930000001397,-0.25699400000030437,-0.732643500000222
2022-09-02 12:15:00,,,,-0.7917419999998856,-0.33354700000018056,-0.5626445000000331,-1.2220539999998437,-0.25688799999988987,-0.7394709999998668
2022-09-02 12:30:00,,,,-0.7862960000002204,-0.3323239999999714,-0.5593100000000959,-1.2137099999999919,-0.2575849999998354,-0.7356474999999136
2022-09-02 12:45:00,,,,-0.7840780000001359,-0.33252900000024965,-0.5583035000001928,-1.2097539999999753,-0.25472099999979037,-0.7322374999998829
2022-09-02 13:00:00,,,,-0.7837690000001203,-0.3317970000002788,-0.5577830000001995,-1.2082930000001397,-0.2551389999998719,-0.7317160000000058
2022-09-02 13:15:00,,,,-0.7859860000003209,-0.3342260000003989,-0.5601060000003599,-1.210497999999916,-0.25658800000019255,-0.7335430000000542
2022-09-02 13:45:00,,,,-0.7902600000002167,-0.33529600000019855,-0.5627780000002076,-1.2176629999999022,-0.25688899999977366,-0.737275999999838
2022-09-02 14:30:00,,,,-0.7830770000000484,-0.33084499999995387,-0.5569610000000011,-1.2122460000000501,-0.25402600000006714,-0.7331360000000586
2022-09-02 14:45:00,,,,-0.7874660000002223,-0.33667000000014013,-0.5620680000001812,-1.2148889999998573,-0.2569490000000769,-0.7359189999999671
2022-09-02 15:00:00,,,,-0.7880569999997533,-0.33477599999969243,-0.5614164999997229,-1.216638999999759,-0.2573649999999361,-0.7370019999998476
2022-09-02 16:00:00,,,,-0.7859840000000986,-0.33525600000029954,-0.5606200000001991,-1.2122449999997116,-0.2559160000000702,-0.7340804999998909
2022-09-02 16:15:00,,,,-0.7840770000002522,-0.33375400000022637,-0.5589155000002393,-1.209751999999753,-0.25402699999995093,-0.731889499999852
2022-09-02 16:45:00,,,,-0.783766999999898,-0.33768600000030347,-0.5607265000001007,-1.210037999999713,-0.26086499999973967,-0.7354514999997264
2022-09-02 17:00:00,,,,-0.7859849999999824,-0.3366710000000239,-0.5613280000000032,-1.2139939999997296,-0.2586989999999787,-0.7363464999998541
2022-09-02 17:15:00,,,,-0.7859840000000986,-0.33648200000016004,-0.5612330000001293,-1.2139910000000782,-0.25697200000013254,-0.7354815000001054
2022-09-02 17:30:00,,,,-0.7850510000002942,-0.3374040000003333,-0.5612275000003137,-1.2078349999997045,-0.2565319999998792,-0.7321834999997918
2022-09-02 17:45:00,,,,-0.7881980000001931,-0.3374040000003333,-0.5628010000002632,-1.2161949999999706,-0.2565319999998792,-0.7363634999999249
2022-09-02 18:15:00,,,,-0.7872640000000501,-0.3391520000000128,-0.5632080000000315,-1.2100350000000617,-0.2565319999998792,-0.7332834999999704
2022-09-02 19:00:00,,,,-0.7773980000001757,-0.3363870000002862,-0.5568925000002309,-1.1973029999999198,-0.2561150000001362,-0.726709000000028
2022-09-02 19:30:00,,,,-0.7791470000001937,-0.3392069999999876,-0.5591770000000906,-1.1984600000000682,-0.2575759999999718,-0.72801800000002
2022-09-02 19:45:00,,,,-0.7796100000000479,-0.33789400000023306,-0.5587520000001405,-1.199481999999989,-0.2562440000001516,-0.7278630000000703
2022-09-02 20:00:00,,,,-0.7770850000001701,-0.3374080000003232,-0.5572465000002467,-1.194068000000243,-0.25652000000036423,-0.7252940000003036
2022-09-02 20:15:00,,,,-0.7808939999999893,-0.33944100000007893,-0.5601675000000341,-1.1972780000000967,-0.2591040000002067,-0.7281910000001517
2022-09-02 20:30:00,,,,-0.7813599999999497,-0.3394949999997152,-0.5604274999998324,-1.2012319999998908,-0.25898800000004485,-0.7301099999999678
2022-09-02 20:45:00,,,,-0.7854800000000068,-0.3401739999999336,-0.5628269999999702,-1.2064949999999044,-0.2592669999999089,-0.7328809999999066
2022-09-02 21:00:00,,,,-0.7819799999997485,-0.33618399999977555,-0.559081999999762,-1.2059140000001207,-0.25896400000010544,-0.7324390000001131
2022-09-02 21:15:00,,,,-0.7835730000001604,-0.33900900000026013,-0.5612910000002103,-1.2069310000001678,-0.2610270000000128,-0.7339790000000903
2022-09-02 21:30:00,,,,-0.7810490000001664,-0.33866600000010294,-0.5598575000001347,-1.200358000000051,-0.25913800000034826,-0.7297480000001997
2022-09-02 22:00:00,,,,-0.7835329999998066,-0.339926000000105,-0.5617294999999558,-1.2010879999997996,-0.25883599999997386,-0.7299619999998868
2022-09-02 23:00:00,,,,-0.7792570000001433,-0.33885600000030536,-0.5590565000002243,-1.195650999999998,-0.26027499999963766,-0.7279629999998178
2022-09-03 00:00:00,,,,-0.7851690000002236,-0.338369000000057,-0.5617690000001403,-1.206202000000303,-0.26055100000030507,-0.7333765000003041
2022-09-03 00:15:00,,,,-0.7836890000003223,-0.3373540000002322,-0.5605215000002772,-1.2053090000003976,-0.26013400000010733,-0.7327215000002525
2022-09-03 00:30:00,,,,-0.7847030000002633,-0.3385230000003503,-0.5616130000003068,-1.2028280000004088,-0.25838400000020556,-0.7306060000003072
2022-09-03 01:00:00,,,,-0.7837020000001758,-0.3370170000002872,-0.5603595000002315,-1.2041630000003352,-0.2582460000003266,-0.7312045000003309
2022-09-03 01:15:00,,,,-0.7851680000003398,-0.3387650000004214,-0.5619665000003806,-1.2050310000004174,-0.2582450000004428,-0.7316380000004301
2022-09-03 01:30:00,,,,-0.7847040000001471,-0.33729900000025737,-0.5610015000002022,-1.2028310000000602,-0.2590800000002673,-0.7309555000001637
2022-09-03 01:45:00,,,,-0.7834210000000894,-0.33628300000009403,-0.5598520000000917,-1.2032850000000508,-0.2569140000000516,-0.7300995000000512
2022-09-03 02:30:00,,,,-0.7854520000000775,-0.33905000000004293,-0.5622510000000602,-1.2024129999999786,-0.25908099999969636,-0.7307469999998375
2022-09-03 03:30:00,,,,-0.7869220000002315,-0.33808600000020306,-0.5625040000002173,-1.2067860000001929,-0.2567980000003445,-0.7317920000002687
2022-09-03 04:00:00,,,,-0.7839300000000549,-0.3402099999998427,-0.5620699999999488,-1.1980060000000776,-0.2608310000000529,-0.7294185000000653
2022-09-03 04:15:00,,,,-0.7835050000003321,-0.34011899999995876,-0.5618120000001454,-1.1993179999999484,-0.26113100000020495,-0.7302245000000767
2022-09-03 05:45:00,,,,-0.7806989999999132,-0.3391929999997956,-0.5599459999998544,-1.194785000000138,-0.25983400000041,-0.7273095000002741
2022-09-03 06:15:00,,,,-0.783382999999958,-0.3387039999997796,-0.5610434999998688,-1.202694000000065,-0.2618630000001758,-0.7322785000001204
2022-09-03 06:45:00,,,,-0.7855970000000525,-0.3390380000000732,-0.5623175000000629,-1.2066469999999754,-0.26258000000007087,-0.7346135000000231
2022-09-03 07:00:00,,,,-0.7858350000001337,-0.3426920000001701,-0.5642635000001519,-1.2004890000002888,-0.2621630000003279,-0.7313260000003083
2022-09-03 07:15:00,,,,-0.7832250000001295,-0.33928500000001804,-0.5612550000000738,-1.2002010000001064,-0.2606900000000678,-0.7304455000000871
2022-09-03 07:30:00,,,,-0.7866100000001097,-0.34220600000026025,-0.564408000000185,-1.2041540000000168,-0.2624390000000858,-0.7332965000000513
2022-09-03 07:45:00,,,,-0.7836510000001908,-0.340020000000095,-0.5618355000001429,-1.200050999999803,-0.26027399999975387,-0.7301624999997784
2022-09-03 08:00:00,,,,-0.786612000000332,-0.3409430000001521,-0.5637775000002421,-1.2041559999997844,-0.26041399999985515,-0.7322849999998198
2022-09-03 08:45:00,,,,-0.7851310000000922,-0.3397770000001401,-0.5624540000001161,-1.203262999999879,-0.26099199999998746,-0.7321274999999332
2022-09-03 09:00:00,,,,-0.7870780000002924,-0.3397770000001401,-0.5634275000002162,-1.209280999999919,-0.26216199999998935,-0.7357214999999542
2022-09-03 09:15:00,,,,-0.7873460000000705,-0.3425430000002052,-0.5649445000001379,-1.2048869999998715,-0.26257799999984854,-0.73373249999986
2022-09-03 10:00:00,,,,-0.7873590000003787,-0.342265000000225,-0.5648120000003019,-1.205489999999827,-0.2605879999996432,-0.7330389999997351
2022-09-03 10:15:00,,,,-0.7819140000001426,-0.3392940000003364,-0.5606040000002395,-1.200644999999895,-0.26303299999972296,-0.731838999999809
2022-09-03 10:30:00,,,,-0.7851450000002842,-0.3415330000002541,-0.5633390000002692,-1.2032879999997022,-0.26275399999985893,-0.7330209999997805
2022-09-03 10:45:00,,,,-0.7841290000001209,-0.340516000000207,-0.5623225000001639,-1.2040099999999256,-0.26174799999989773,-0.7328789999999117
2022-09-03 11:00:00,,,,-0.7823809999999867,-0.33775199999990946,-0.5600664999999481,-1.2040090000000419,-0.25958200000013676,-0.7317955000000893
2022-09-03 11:45:00,,,,-0.7875170000002072,-0.34241500000007363,-0.5649660000001404,-1.2079749999998057,-0.2613289999999324,-0.7346519999998691
2022-09-03 12:00:00,,,,-0.784132000000227,-0.339556000000357,-0.561844000000292,-1.2057709999999133,-0.2594739999999547,-0.732622499999934
2022-09-03 12:15:00,,,,-0.7833840000002965,-0.34022900000036316,-0.5618065000003298,-1.2026879999998528,-0.2591619999998329,-0.7309249999998428
2022-09-03 12:30:00,,,,-0.7833850000001803,-0.3387630000001991,-0.5610740000001897,-1.2061879999996563,-0.2634949999996934,-0.7348414999996749
2022-09-03 12:45:00,,,,-0.7829189999997652,-0.34051199999976234,-0.5617154999997638,-1.201064999999744,-0.26232500000014625,-0.7316949999999451
2022-09-03 13:00:00,,,,-0.7861800000000585,-0.34124100000008184,-0.5637105000000702,-1.2089710000000196,-0.2630810000000565,-0.736026000000038
2022-09-03 13:15:00,,,,-0.7859130000001642,-0.3399819999999636,-0.5629475000000639,-1.2116139999998268,-0.26280199999973775,-0.7372079999997823
2022-09-03 13:30:00,,,,-0.7832310000003417,-0.3385690000000068,-0.5609000000001743,-1.203708000000006,-0.26001899999982925,-0.7318634999999176
2022-09-03 13:45:00,,,,-0.787351999999828,-0.3429000000000997,-0.5651259999999638,-1.20665500000041,-0.26047200000039084,-0.7335635000004004
2022-09-03 14:00:00,,,,-0.7833869999999479,-0.3399810000000798,-0.5616840000000138,-1.204450000000179,-0.2610520000002907,-0.7327510000002349
2022-09-03 14:15:00,,,,-0.7839780000003884,-0.3407260000003589,-0.5623520000003737,-1.2044510000000628,-0.2600560000000769,-0.7322535000000698
2022-09-03 15:45:00,,,,-0.788677000000007,-0.34324400000014066,-0.5659605000000738,-1.2102939999999762,-0.26294300000017756,-0.7366185000000769
2022-09-03 16:00:00,,,,-0.784244999999828,-0.34047899999995934,-0.5623619999998937,-1.2041350000004059,-0.26077699999996184,-0.7324560000001838
2022-09-03 16:15:00,,,,-0.7852900000002592,-0.3404720000003181,-0.5628810000002886,-1.2063380000004145,-0.26018400000020847,-0.7332610000003115
2022-09-03 16:30:00,,,,-0.7867400000000089,-0.3439760000001115,-0.5653580000000602,-1.2037180000002081,-0.26077600000007806,-0.7322470000001431
2022-09-03 17:00:00,,,,-0.7845250000000306,-0.34296100000028673,-0.5637430000001586,-1.1997650000002977,-0.2586100000003171,-0.7291875000003074
2022-09-03 17:45:00,,,,-0.7849900000001071,-0.34121100000038496,-0.563100500000246,-1.2048859999999877,-0.25977899999998044,-0.7323324999999841
2022-09-03 18:00:00,,,,-0.7856830000000627,-0.3451369999997951,-0.5654099999999289,-1.1997630000000754,-0.26077600000007806,-0.7302695000000767
2022-09-03 18:15:00,,,,-0.7824529999998049,-0.34290099999998347,-0.5626769999998942,-1.196541000000252,-0.2604730000002746,-0.7285070000002634
2022-09-03 18:45:00,,,,-0.7824519999999211,-0.3421680000001288,-0.562310000000025,-1.198287000000164,-0.2626390000000356,-0.7304630000000998
2022-09-03 19:00:00,,,,-0.7802369999999428,-0.3421690000000126,-0.5612029999999777,-1.1943339999997988,-0.2626399999999194,-0.7284869999998591
2022-09-03 19:45:00,,,,-0.7824510000000373,-0.34342700000024706,-0.5629390000001422,-1.1965369999998074,-0.26291700000001583,-0.7297269999999116
2022-09-03 20:15:00,,,,-0.781985000000077,-0.34269300000005387,-0.5623390000000654,-1.1960829999998168,-0.2650839999996606,-0.7305834999997387
2022-09-03 20:30:00,,,,-0.7829180000003362,-0.33977500000037253,-0.5613465000003544,-1.2022389999997358,-0.26391400000011345,-0.7330764999999246
2022-09-03 20:45:00,,,,-0.7831559999999627,-0.3399280000003273,-0.561542000000145,-1.1978329999997186,-0.26174700000001394,-0.7297899999998663
2022-09-03 21:00:00,,,,-0.7830280000002858,-0.34050600000000486,-0.5617670000001453,-1.1971049999997376,-0.25999799999999595,-0.7285514999998668
2022-09-03 21:15:00,,,,-0.7785960000001069,-0.338608000000022,-0.5586020000000644,-1.1938649999997324,-0.2639119999998911,-0.7288884999998118
2022-09-03 22:00:00,,,,-0.7819810000000871,-0.3405110000003333,-0.5612460000002102,-1.1943179999998392,-0.25999499999988984,-0.7271564999998645
2022-09-03 23:00:00,,,,-0.7819830000003094,-0.33949500000016997,-0.5607390000002397,-1.1960699999999633,-0.25957800000014686,-0.7278240000000551
2022-09-03 23:30:00,,,,-0.7816720000000714,-0.3411900000000969,-0.5614310000000842,-1.1946060000000216,-0.26319299999977375,-0.7288994999998977
2022-09-03 23:45:00,,,,-0.7834219999999732,-0.3429399999999987,-0.5631809999999859,-1.1934369999999035,-0.26202399999965564,-0.7277304999997796
2022-09-04 00:30:00,,,,-0.7822540000001936,-0.34124100000008184,-0.5617475000001377,-1.1951899999999114,-0.2613309999997,-0.7282604999998057
2022-09-04 01:30:00,,,,-0.7817870000003495,-0.3427470000001449,-0.5622670000002472,-1.192986000000019,-0.2632189999999355,-0.7281024999999772
2022-09-04 02:00:00,,,,-0.7795689999998103,-0.3434790000001158,-0.561523999999963,-1.1855310000000827,-0.25930200000038894,-0.7224165000002358
2022-09-04 03:00:00,,,,-0.780036999999993,-0.3409969999997884,-0.5605169999998907,-1.1894860000002154,-0.2597190000001319,-0.7246025000001737
2022-09-04 03:45:00,,,,-0.7782870000000912,-0.3413919999998143,-0.5598394999999527,-1.1894870000000992,-0.26033300000017334,-0.7249100000001363
2022-09-04 04:00:00,,,,-0.7815200000000004,-0.34290099999998347,-0.562210499999992,-1.1909620000001269,-0.25930300000027273,-0.7251325000001998
2022-09-04 04:15:00,,,,-0.7788359999999557,-0.34188300000005256,-0.5603595000000041,-1.1848030000001017,-0.25713500000028944,-0.7209690000001956
2022-09-04 05:00:00,,,,-0.7793040000001383,-0.34188399999993635,-0.5605940000000373,-1.1852610000000823,-0.25538600000027145,-0.7203235000001769
2022-09-04 06:00:00,,,,-0.7789929999999003,-0.3433860000000095,-0.5611894999999549,-1.1855360000004111,-0.2590260000001763,-0.7222810000002937
2022-09-04 06:15:00,,,,-0.7793059999999059,-0.3441200000002027,-0.5617130000000543,-1.1870120000003226,-0.25860899999997855,-0.7228105000001506
2022-09-04 06:45:00,,,,-0.780475000000024,-0.3448520000001736,-0.5626635000000988,-1.1881810000004407,-0.25819200000023557,-0.7231865000003381
2022-09-04 07:15:00,,,,-0.7786120000000665,-0.3419440000002396,-0.560278000000153,-1.1892150000003312,-0.2564420000003338,-0.7228285000003325
2022-09-04 07:30:00,,,,-0.7785279999998238,-0.3433869999998933,-0.5609574999998586,-1.1815860000001521,-0.2572780000000421,-0.7194320000000971
2022-09-04 07:45:00,,,,-0.7793069999997897,-0.3441210000000865,-0.5617139999999381,-1.1870130000002064,-0.2586100000003171,-0.7228115000002617
2022-09-04 08:00:00,,,,-0.7825370000000476,-0.34688599999981307,-0.5647114999999303,-1.1879069999999956,-0.2590280000003986,-0.7234675000001971
2022-09-04 09:00:00,,,,-0.7815340000001925,-0.3447110000001885,-0.5631225000001905,-1.1886410000001888,-0.2568620000001829,-0.7227515000001858
2022-09-04 09:30:00,,,,-0.7813790000000154,-0.34544400000004316,-0.5634115000000293,-1.189658000000236,-0.25819400000000314,-0.7239260000001195
2022-09-04 09:45:00,,,,-0.780746999999792,-0.34587099999998827,-0.5633089999998901,-1.1872920000000704,-0.26036000000021886,-0.7238260000001446
2022-09-04 10:00:00,,,,-0.7832840000000942,-0.34544400000004316,-0.5643640000000687,-1.190389999999752,-0.25644499999998516,-0.7234174999998686
2022-09-04 10:30:00,,,,-0.7810679999997774,-0.34344999999984793,-0.5622589999998127,-1.1899349999998776,-0.2583299999996598,-0.7241324999997687
2022-09-04 10:45:00,,,,-0.7798999999999978,-0.3412060000000565,-0.5605530000000272,-1.1916859999996632,-0.2597679999998945,-0.7257269999997789
2022-09-04 11:00:00,,,,-0.7813700000001518,-0.34295700000029683,-0.5621635000002243,-1.1925579999997353,-0.2597689999997783,-0.7261634999997568
2022-09-04 11:15:00,,,,-0.7835850000001301,-0.3436890000002677,-0.5636370000001989,-1.1965109999996457,-0.2593509999996968,-0.7279309999996713
2022-09-04 11:30:00,,,,-0.7806339999997363,-0.3427130000000034,-0.5616734999998698,-1.1918379999997342,-0.2604969999997593,-0.7261674999997467
2022-09-04 11:45:00,,,,-0.783006000000114,-0.34169599999995626,-0.5623510000000351,-1.1947729999997136,-0.256579999999758,-0.7256764999997358
2022-09-04 12:15:00,,,,-0.7828500000000531,-0.34344199999986813,-0.5631459999999606,-1.1952109999997447,-0.259501999999884,-0.7273564999998143
2022-09-04 12:30:00,,,,-0.7846010000002934,-0.3439320000002226,-0.564266500000258,-1.1957929999998669,-0.25805399999990186,-0.7269234999998844
2022-09-04 12:45:00,,,,-0.7860700000001088,-0.3443290000000161,-0.5651995000000625,-1.200162999999975,-0.25866899999982707,-0.729415999999901
2022-09-04 13:00:00,,,,-0.788285999999971,-0.34685300000001007,-0.5675694999999905,-1.2006169999999656,-0.25922399999990375,-0.7299204999999347
2022-09-04 13:15:00,,,,-0.7849099999998543,-0.34394199999997,-0.5644259999999122,-1.1984129999996185,-0.25922399999990375,-0.7288184999997611
2022-09-04 13:30:00,,,,-0.7828930000000582,-0.34267999999974563,-0.5627864999999019,-1.1993079999997462,-0.25894800000014584,-0.729127999999946
2022-09-04 13:45:00,,,,-0.7865489999999227,-0.34583599999996295,-0.5661924999999428,-1.201799999999821,-0.25996600000007675,-0.7308829999999489
2022-09-04 14:00:00,,,,-0.7860829999999623,-0.34510199999976976,-0.565592499999866,-1.1984259999999267,-0.2592139999997016,-0.7288199999998142
2022-09-04 14:15:00,,,,-0.7870979999997871,-0.34685300000001007,-0.5669754999998986,-1.1971159999998235,-0.2592139999997016,-0.7281649999997626
2022-09-04 14:30:00,,,,-0.78592800000024,-0.34583599999996295,-0.5658820000001015,-1.1988650000002963,-0.25996600000007675,-0.7294155000001865
2022-09-04 15:00:00,,,,-0.7841670000002523,-0.34442399999988993,-0.5642955000000711,-1.1982630000002246,-0.26010500000029424,-0.7291840000002594
2022-09-04 15:30:00,,,,-0.7854489999999714,-0.3463219999998728,-0.5658854999999221,-1.1948979999997391,-0.2579510000000482,-0.7264244999998937
2022-09-04 15:45:00,,,,-0.7869290000003275,-0.3466040000002977,-0.5667665000003126,-1.1975400000001173,-0.2605340000000069,-0.7290370000000621
2022-09-04 16:00:00,,,,-0.7834310000002915,-0.34384000000000015,-0.5636355000001458,-1.195791999999983,-0.25836900000012974,-0.7270805000000564
2022-09-04 16:30:00,,,,-0.7840189999997165,-0.3449190000001181,-0.5644689999999173,-1.1975389999997788,-0.25983899999982896,-0.7286889999998039
2022-09-04 16:45:00,,,,-0.7856450000003861,-0.34681200000022727,-0.5662285000003067,-1.1979919999998856,-0.2576720000001842,-0.7278320000000349
2022-09-04 17:15:00,,,,-0.7866610000000946,-0.34681399999999485,-0.5667375000000447,-1.1990129999999226,-0.25825299999996787,-0.7286329999999452
2022-09-04 17:30:00,,,,-0.7851800000003095,-0.34579699999994773,-0.5654885000001286,-1.1975390000002335,-0.25725599999987026,-0.7273975000000519
2022-09-04 17:45:00,,,,-0.7870830000001661,-0.34675300000026255,-0.5669180000002143,-1.197099999999864,-0.2583559999998215,-0.7277279999998427
2022-09-04 18:00:00,,,,-0.7843990000001213,-0.34797600000001694,-0.5661875000000691,-1.192688999999973,-0.25940899999977773,-0.7260489999998754
2022-09-04 18:15:00,,,,-0.7834379999999328,-0.3445759999999609,-0.5640069999999469,-1.1969559999997728,-0.2591090000000804,-0.7280324999999266
2022-09-04 19:00:00,,,,-0.7864690000001247,-0.3478320000003805,-0.5671505000002526,-1.1953290000001289,-0.259827000000314,-0.7275780000002214
2022-09-04 20:15:00,,,,-0.7839310000003934,-0.3472420000002785,-0.565586500000336,-1.1904799999997522,-0.25982599999997547,-0.7251529999998638
2022-09-04 20:30:00,,,,-0.7854130000000623,-0.3472430000001623,-0.5663280000001123,-1.193123999999898,-0.25982699999985925,-0.7264754999998786
2022-09-04 21:45:00,,,,-0.7843990000001213,-0.345346999999947,-0.5648730000000342,-1.1938540000001012,-0.2602560000000267,-0.727055000000064
2022-09-04 22:30:00,,,,-0.782959000000119,-0.34500500000012835,-0.5639820000001237,-1.195325000000139,-0.2612770000000637,-0.7283010000001013
2022-09-04 23:15:00,,,,-0.7843960000000152,-0.347487000000001,-0.5659415000000081,-1.190932999999859,-0.2579409999998461,-0.7244369999998526
2022-09-04 23:30:00,,,,-0.7843960000000152,-0.3485030000001643,-0.5664495000000898,-1.1903529999999591,-0.2595269999997072,-0.7249399999998332
2022-09-04 23:45:00,,,,-0.7821800000001531,-0.34724199999982375,-0.5647109999999884,-1.1887290000004214,-0.25982599999997547,-0.7242775000001984
2022-09-05 00:00:00,,,,-0.7843950000001314,-0.34899300000006406,-0.5666940000000977,-1.1903520000000753,-0.25924799999984316,-0.7247999999999593
2022-09-05 00:30:00,,,,-0.7876270000001568,-0.34951900000032765,-0.5685730000002422,-1.1947449999997843,-0.2616929999999229,-0.7282189999998536
2022-09-05 01:00:00,,,,-0.7843960000000152,-0.346751999999924,-0.5655739999999696,-1.1921019999999771,-0.2595240000000558,-0.7258130000000165
2022-09-05 01:45:00,,,,-0.7839290000001711,-0.3482600000002094,-0.5660945000001902,-1.18989799999963,-0.2614140000000589,-0.7256559999998444
2022-09-05 02:15:00,,,,-0.7842510000000402,-0.34851300000036645,-0.5663820000002033,-1.1913720000002286,-0.2612770000000637,-0.7263245000001461
2022-09-05 02:30:00,,,,-0.7805539999999382,-0.3487960000002204,-0.5646750000000793,-1.1847760000000562,-0.2638590000001386,-0.7243175000000974
2022-09-05 04:00:00,,,,-0.7815709999999854,-0.34952900000007503,-0.5655500000000302,-1.1852180000000772,-0.2634430000002794,-0.7243305000001783
2022-09-05 04:30:00,,,,-0.7778720000001158,-0.3475860000003195,-0.5627290000002176,-1.1786190000002534,-0.25996800000029907,-0.7192935000002763
2022-09-05 04:45:00,,,,-0.7811020000003737,-0.34933500000033746,-0.5652185000003556,-1.1812609999997221,-0.25996699999996054,-0.7206139999998413
2022-09-05 05:00:00,,,,-0.7788870000003953,-0.34860100000014427,-0.5637440000002698,-1.1773079999998117,-0.2603839999997035,-0.7188459999997576
2022-09-05 05:30:00,,,,-0.7833210000003419,-0.34860200000002806,-0.565961500000185,-1.1869669999996404,-0.26213400000006004,-0.7245504999998502
2022-09-05 06:30:00,,,,-0.7871630000004188,-0.3489990000002763,-0.5680810000003476,-1.1925360000000182,-0.25924999999961074,-0.7258929999998145
2022-09-05 06:45:00,,,,-0.78301300000021,-0.34933600000022125,-0.5661745000002156,-1.1837579999996706,-0.2599679999998443,-0.7218629999997574
2022-09-05 07:30:00,,,,-0.7840149999997266,-0.35074200000008204,-0.5673784999999043,-1.183016000000407,-0.259827000000314,-0.7214215000003605
2022-09-05 07:45:00,,,,-0.7850720000001274,-0.34958300000016607,-0.5673275000001468,-1.1869690000003175,-0.2598280000001978,-0.7233985000002576
2022-09-05 08:00:00,,,,-0.7862319999999272,-0.35021099999994476,-0.568221499999936,-1.1852209999997285,-0.25563499999998385,-0.7204279999998562
2022-09-05 08:15:00,,,,-0.786822999999913,-0.351086000000123,-0.568954500000018,-1.1887209999999868,-0.26171800000020085,-0.7252195000000938
2022-09-05 08:45:00,,,,-0.7850730000000112,-0.34856600000011895,-0.5668195000000651,-1.1887209999999868,-0.25941000000011627,-0.7240655000000515
2022-09-05 09:30:00,,,,-0.7884500000000116,-0.35122899999987567,-0.5698394999999437,-1.189176999999745,-0.25780299999996714,-0.7234899999998561
2022-09-05 11:00:00,,,,-0.787757000000056,-0.34978700000010576,-0.5687720000000809,-1.194880000000012,-0.2587180000000444,-0.7267990000000282
2022-09-05 11:30:00,,,,-0.7847959999999148,-0.3473049999997784,-0.5660504999998466,-1.1895949999998265,-0.2573859999997694,-0.723490499999798
2022-09-05 12:15:00,,,,-0.7855429999999615,-0.34954500000003463,-0.567543999999998,-1.190929999999753,-0.25885699999980716,-0.72489349999978
2022-09-05 12:30:00,,,,-0.7849530000003142,-0.34881200000018,-0.5668825000002471,-1.1920889999996689,-0.2610230000000229,-0.7265559999998459
2022-09-05 12:45:00,,,,-0.7867029999997612,-0.3495459999999184,-0.5681244999998398,-1.192087999999785,-0.25885799999969095,-0.725472999999738
2022-09-05 13:15:00,,,,-0.7855320000003303,-0.3520280000002458,-0.568780000000288,-1.1920889999996689,-0.2613589999996293,-0.7267239999996491
2022-09-05 13:45:00,,,,-0.7837839999997414,-0.34901700000000346,-0.5664004999998724,-1.192667999999685,-0.2599149999996371,-0.726291499999661
2022-09-05 14:00:00,,,,-0.7865490000003774,-0.3517820000001848,-0.5691655000002811,-1.1913579999995818,-0.2603319999998348,-0.7258449999997083
2022-09-05 14:30:00,,,,-0.7850670000002538,-0.3503279999999904,-0.5676975000001221,-1.1881349999998747,-0.25599800000009054,-0.7220664999999826
2022-09-05 14:45:00,,,,-0.7831639999999425,-0.35178399999995236,-0.5674739999999474,-1.185656999999992,-0.2597539999997025,-0.7227054999998472
2022-09-05 15:00:00,,,,-0.7865489999999227,-0.3514989999998761,-0.5690239999998994,-1.1907790000000205,-0.25716999999986,-0.7239744999999402
2022-09-05 15:15:00,,,,-0.7865490000003774,-0.35272299999996903,-0.5696360000001732,-1.189618999999766,-0.2553139999999985,-0.7224664999998822
2022-09-05 15:30:00,,,,-0.7847999999999047,-0.35048399999959656,-0.5676419999997506,-1.1907790000000205,-0.2567529999996623,-0.7237659999998414
2022-09-05 16:00:00,,,,-0.7828509999999369,-0.3514999999997599,-0.5671754999998484,-1.1876800000000003,-0.26066899999977977,-0.72417449999989
2022-09-05 16:15:00,,,,-0.7852639999996427,-0.35024099999964164,-0.5677524999996422,-1.191820000000007,-0.2557310000001962,-0.7237755000001016
2022-09-05 16:30:00,,,,-0.7836389999997664,-0.35199199999988195,-0.5678154999998242,-1.1896179999998822,-0.2586420000002363,-0.7241300000000592
2022-09-05 16:45:00,,,,-0.7863910000000942,-0.35374099999989994,-0.5700659999999971,-1.1882850000001781,-0.25689199999987977,-0.7225885000000289
2022-09-05 17:00:00,,,,-0.7824249999998756,-0.3519379999997909,-0.5671814999998332,-1.1860790000000634,-0.2605069999999614,-0.7232930000000124
2022-09-05 17:30:00,,,,-0.7837819999999738,-0.3536889999995765,-0.5687354999997751,-1.190914999999677,-0.26283699999976307,-0.7268759999997201
2022-09-05 17:45:00,,,,-0.7844850000001315,-0.3532529999997678,-0.5688689999999497,-1.1898809999997866,-0.2612460000000283,-0.7255634999999074
2022-09-05 18:00:00,,,,-0.7878300000002127,-0.35543600000028164,-0.5716330000002472,-1.1920689999997194,-0.2640040000001136,-0.7280364999999165
2022-09-05 18:15:00,,,,-0.7838630000001103,-0.3544190000002345,-0.5691410000001724,-1.1869440000000395,-0.26241799999979776,-0.7246809999999186
2022-09-05 18:30:00,,,,-0.7843289999996159,-0.35441999999966356,-0.5693744999996397,-1.1920669999999518,-0.26533699999981764,-0.7287019999998847
2022-09-05 19:15:00,,,,-0.7858790000000226,-0.35567800000035277,-0.5707785000001877,-1.1842999999998938,-0.26094699999976,-0.7226234999998269
2022-09-05 19:30:00,,,,-0.7858780000001389,-0.3549430000002758,-0.5704105000002073,-1.18429900000001,-0.2613629999996192,-0.7228309999998146
2022-09-05 19:45:00,,,,-0.7878270000001066,-0.35494500000004336,-0.571386000000075,-1.1908949999997276,-0.2631129999999757,-0.7270039999998517
2022-09-05 20:00:00,,,,-0.7885610000002998,-0.35494500000004336,-0.5717530000001716,-1.1951240000003054,-0.2660319999999956,-0.7305780000001505
2022-09-05 20:15:00,,,,-0.7826159999999618,-0.3542150000002948,-0.5684155000001283,-1.1810590000000047,-0.2652769999999691,-0.7231679999999869
2022-09-05 20:30:00,,,,-0.7855779999999868,-0.35547400000041307,-0.5705260000001999,-1.184596000000056,-0.2655560000002879,-0.7250760000001719
2022-09-05 20:45:00,,,,-0.787670000000162,-0.35386700000026394,-0.570768500000213,-1.191921000000093,-0.26455799999985175,-0.7282394999999724
2022-09-05 21:00:00,,,,-0.7867380000002413,-0.3544470000001638,-0.5705925000002026,-1.1857649999997193,-0.26338799999984985,-0.7245764999997846
2022-09-05 21:15:00,,,,-0.785298000000239,-0.35249500000008993,-0.5688965000001645,-1.1872260000000097,-0.2662489999997888,-0.7267374999998992
2022-09-05 21:30:00,,,,-0.7838169999999991,-0.3509880000001431,-0.5674025000000711,-1.1863319999997657,-0.26611000000002605,-0.7262209999998959
2022-09-05 21:45:00,,,,-0.7840830000000096,-0.35206300000027113,-0.5680730000001404,-1.1819369999998344,-0.26292400000011185,-0.7224304999999731
2022-09-05 22:00:00,,,,-0.7867350000001352,-0.353233000000273,-0.5699840000002041,-1.1857420000001184,-0.26408500000025015,-0.7249135000001843
2022-09-05 22:15:00,,,,-0.7879360000001725,-0.35425000000032014,-0.5710930000002463,-1.187507000000096,-0.26450100000010934,-0.7260040000001027
2022-09-05 22:30:00,,,,-0.7839710000002924,-0.3492980000000898,-0.5666345000001911,-1.1835540000001856,-0.25899900000013076,-0.7212765000001582
2022-09-05 22:45:00,,,,-0.7825010000001384,-0.3522179999999935,-0.567359500000066,-1.17918200000031,-0.26016900000013266,-0.7196755000002213
2022-09-05 23:00:00,,,,-0.7864669999999023,-0.35274299999991854,-0.5696049999999104,-1.183136999999988,-0.2608640000003106,-0.7220005000001493
2022-09-05 23:15:00,,,,-0.7842520000003788,-0.3520640000001549,-0.5681580000002668,-1.1809330000000955,-0.26116499999989173,-0.7210489999999936
2022-09-05 23:30:00,,,,-0.7837840000001961,-0.3532869999999093,-0.5685355000000527,-1.1769790000003013,-0.25872000000026674,-0.717849500000284
2022-09-06 00:00:00,,,,-0.7829670000000988,-0.35003099999994447,-0.5664990000000216,-1.1813850000003185,-0.25683200000003126,-0.7191085000001749
2022-09-06 02:15:00,,,,-0.7837840000001961,-0.3557700000001205,-0.5697770000001583,-1.1758179999997083,-0.25889299999971627,-0.7173554999997123
2022-09-06 02:45:00,,,,-0.7837850000000799,-0.35451100000000224,-0.5691480000000411,-1.1758199999999306,-0.25686399999995047,-0.7163419999999405
2022-09-06 03:15:00,,,,-0.7825020000000222,-0.35227100000020073,-0.5673865000001115,-1.1809339999999793,-0.2600540000003093,-0.7204940000001443
2022-09-06 03:30:00,,,,-0.7833200000000033,-0.356260999999904,-0.5697904999999537,-1.173616999999922,-0.25861399999985224,-0.7161154999998871
2022-09-06 04:00:00,,,,-0.784787999999935,-0.35475399999995716,-0.5697709999999461,-1.1762370000001283,-0.2567269999999553,-0.7164820000000418
2022-09-06 05:30:00,,,,-0.7827390000002197,-0.35451000000011845,-0.5686245000001691,-1.1712780000002567,-0.2551050000001851,-0.7131915000002209
2022-09-06 05:45:00,,,,-0.7827409999999873,-0.35451100000000224,-0.5686259999999947,-1.1730290000000423,-0.2568550000000869,-0.7149420000000646
2022-09-06 06:00:00,,,,-0.7832069999999476,-0.35401999999976397,-0.5686134999998558,-1.1769819999999527,-0.2588829999999689,-0.7179324999999608
2022-09-06 06:15:00,,,,-0.7793540000002395,-0.3547540000004119,-0.5670540000003257,-1.166154000000006,-0.2549679999997352,-0.7105609999998705
2022-09-06 06:30:00,,,,-0.7818370000004506,-0.35475300000007337,-0.568295000000262,-1.1709639999999126,-0.2567159999998694,-0.713839999999891
2022-09-06 06:45:00,,,,-0.7811060000003636,-0.35251900000002934,-0.5668125000001965,-1.1708249999996951,-0.25641300000006595,-0.7136189999998805
2022-09-06 07:00:00,,,,-0.7825320000001739,-0.35644300000012663,-0.5694875000001502,-1.1681810000000041,-0.2585789999998269,-0.7133799999999155
2022-09-06 07:15:00,,,,-0.7812490000001162,-0.35251300000027186,-0.566881000000194,-1.1703859999997803,-0.25525500000003376,-0.712820499999907
2022-09-06 07:30:00,,,,-0.7831649999998263,-0.35469899999998233,-0.5689319999999043,-1.1717189999999391,-0.25742099999979473,-0.7145699999998669
2022-09-06 07:45:00,,,,-0.7797810000001846,-0.3543169999998099,-0.5670489999999972,-1.1695150000000467,-0.25688899999977366,-0.7132019999999102
2022-09-06 08:15:00,,,,-0.7816850000003797,-0.35426300000017363,-0.5679740000002766,-1.1719939999998132,-0.2587539999999535,-0.7153739999998834
2022-09-06 08:30:00,,,,-0.7826990000003207,-0.3565030000004299,-0.5696010000003753,-1.1689350000001468,-0.2567269999999553,-0.7128310000000511
2022-09-06 08:45:00,,,,-0.7814180000000306,-0.35324800000034884,-0.5673330000001897,-1.1728910000001633,-0.25658900000007634,-0.7147400000001198
2022-09-06 09:15:00,,,,-0.7831680000003871,-0.35368400000015754,-0.5684260000002723,-1.1734710000000632,-0.25700499999993554,-0.7152379999999994
2022-09-06 09:30:00,,,,-0.782701999999972,-0.35475399999995716,-0.5687279999999646,-1.1712670000001708,-0.2573069999998552,-0.714287000000013
2022-09-06 09:45:00,,,,-0.7836340000003474,-0.35325200000033874,-0.5684430000003431,-1.1774239999999736,-0.2571659999998701,-0.7172949999999219
2022-09-06 10:15:00,,,,-0.7839040000003479,-0.35506200000008903,-0.5694830000002185,-1.174192999999832,-0.2547230000000127,-0.7144579999999223
2022-09-06 10:30:00,,,,-0.7845970000003035,-0.3567470000002686,-0.5706720000002861,-1.1719899999998233,-0.2571689999999762,-0.7145794999998998
2022-09-06 10:45:00,,,,-0.781688000000031,-0.35282100000040373,-0.5672545000002174,-1.1719899999998233,-0.2550019999998767,-0.71349599999985
2022-09-06 11:00:00,,,,-0.7794719999997142,-0.3520879999996396,-0.5657799999996769,-1.1715359999998327,-0.258918999999878,-0.7152274999998554
2022-09-06 11:30:00,,,,-0.7812220000000707,-0.35607900000013615,-0.5686505000001034,-1.1668759999997746,-0.25573200000008,-0.7113039999999273
2022-09-06 12:00:00,,,,-0.777020999999877,-0.35039499999993495,-0.563707999999906,-1.171991999999591,-0.25647499999968204,-0.7142334999996365
2022-09-06 12:15:00,,,,-0.7816899999997986,-0.35223699999960445,-0.5669634999997015,-1.1743310000001657,-0.2567490000001271,-0.7155400000001464
2022-09-06 12:30:00,,,,-0.7814220000000205,-0.35204899999962436,-0.5667354999998224,-1.1763849999997547,-0.2561969999997018,-0.7162909999997282
2022-09-06 12:45:00,,,,-0.7797839999998359,-0.35403599999972357,-0.5669099999997798,-1.1730189999998402,-0.25780699999995704,-0.7154129999998986
2022-09-06 13:00:00,,,,-0.7797860000000583,-0.35351100000025326,-0.5666485000001558,-1.1695230000000265,-0.25186299999995754,-0.710692999999992
2022-09-06 13:15:00,,,,-0.7793200000000979,-0.35452699999996184,-0.5669235000000299,-1.1708169999997153,-0.2575289999999768,-0.7141729999998461
2022-09-06 13:30:00,,,,-0.7797859999996035,-0.3535099999999147,-0.5666479999997591,-1.1712720000000445,-0.25361100000009174,-0.7124415000000681
2022-09-06 13:45:00,,,,-0.7797859999996035,-0.35424399999965317,-0.5670149999996283,-1.1712720000000445,-0.2531949999997778,-0.7122334999999111
2022-09-06 14:00:00,,,,-0.7794739999999365,-0.35452699999996184,-0.5670004999999492,-1.1680489999998827,-0.25402900000017326,-0.711039000000028
2022-09-06 14:30:00,,,,-0.7758209999997234,-0.35176199999978053,-0.563791499999752,-1.1673180000002503,-0.25361300000031406,-0.7104655000002822
2022-09-06 15:15:00,,,,-0.7785019999996621,-0.35204399999975067,-0.5652729999997064,-1.1717260000000351,-0.2544469999998,-0.7130864999999176
2022-09-06 15:30:00,,,,-0.78153599999996,-0.35501399999975547,-0.5682749999998578,-1.1712720000000445,-0.25375400000029913,-0.7125130000001718
2022-09-06 16:15:00,,,,-0.7758210000001782,-0.3504990000001271,-0.5631600000001526,-1.1690659999999298,-0.2533370000001014,-0.7112015000000156
2022-09-06 16:30:00,,,,-0.7802510000001348,-0.35326500000019223,-0.5667580000001635,-1.1752229999997326,-0.25550399999974616,-0.7153634999997394
2022-09-06 17:00:00,,,,-0.7771020000000135,-0.35473099999990154,-0.5659164999999575,-1.1651099999999133,-0.2529190000000199,-0.7090144999999666
2022-09-06 17:30:00,,,,-0.7758189999999558,-0.35224799999969036,-0.5640334999998231,-1.1655650000002424,-0.2515880000000834,-0.7085765000001629
2022-09-06 17:45:00,,,,-0.7775679999999738,-0.35298199999988356,-0.5652749999999287,-1.1690630000002784,-0.25291999999990367,-0.710991500000091
2022-09-06 18:30:00,,,,-0.7777209999999286,-0.35415100000000166,-0.5659359999999651,-1.1668720000002395,-0.2511700000000019,-0.7090210000001207
2022-09-06 18:45:00,,,,-0.7777219999998124,-0.3546819999996842,-0.5662019999997483,-1.1715410000001611,-0.25828199999978096,-0.7149114999999711
2022-09-06 19:30:00,,,,-0.7772540000000845,-0.3557510000000548,-0.5665025000000696,-1.1640859999997701,-0.2533349999998791,-0.7087104999998246
2022-09-06 20:00:00,,,,-0.7756180000001223,-0.3559950000003482,-0.5658065000002352,-1.1607129999997596,-0.25319600000011633,-0.706954499999938
2022-09-06 20:30:00,,,,-0.7772539999996297,-0.3552669999999125,-0.5662604999997711,-1.1640760000000228,-0.2536159999999654,-0.7088459999999941
2022-09-06 20:45:00,,,,-0.7757840000003853,-0.35526700000036726,-0.5655255000003763,-1.163202999999612,-0.2553649999999834,-0.7092839999997977
2022-09-06 21:00:00,,,,-0.7762520000001132,-0.3520149999999376,-0.5641335000000254,-1.1671590000000833,-0.25347499999998035,-0.7103170000000318
2022-09-06 21:15:00,,,,-0.7781460000001061,-0.35370100000000093,-0.5659235000000535,-1.1684689999997317,-0.2559209999999439,-0.7121949999998378
2022-09-06 21:30:00,,,,-0.7797380000001795,-0.35646700000006604,-0.5681025000001227,-1.1677270000000135,-0.2580880000000434,-0.7129075000000284
2022-09-06 21:45:00,,,,-0.7786909999999807,-0.35588700000016615,-0.5672890000000734,-1.164940999999999,-0.257506999999805,-0.7112239999999019
2022-09-06 22:00:00,,,,-0.7753050000001167,-0.35370000000011714,-0.5645025000001169,-1.1609880000000885,-0.255341000000044,-0.7081645000000663
2022-09-06 22:30:00,,,,-0.7776750000002721,-0.35471700000016426,-0.5661960000002182,-1.1662499999997635,-0.25808599999982107,-0.7121679999997923
2022-09-06 22:45:00,,,,-0.7776750000002721,-0.3553970000002664,-0.5665360000002693,-1.1662499999997635,-0.2595360000000255,-0.7128929999998945
2022-09-07 00:45:00,,,,-0.7789560000001075,-0.35646400000041467,-0.5677100000002611,-1.1622950000000856,-0.2563359999999193,-0.7093155000000024
2022-09-07 01:15:00,,,,-0.7754570000001877,-0.35349600000017745,-0.5644765000001826,-1.160544999999729,-0.25702899999987494,-0.708786999999802
2022-09-07 03:30:00,,,,-0.7752740000000813,-0.35505300000022544,-0.5651635000001534,-1.1574719999998706,-0.25705599999992046,-0.7072639999998955
2022-09-07 03:45:00,,,,-0.7727770000001328,-0.35398299999997107,-0.563380000000052,-1.15438899999981,-0.2567540000000008,-0.7055714999999054
2022-09-07 04:00:00,,,,-0.7767430000003515,-0.35466200000018944,-0.5657025000002704,-1.1600939999998445,-0.25820199999998295,-0.7091479999999137
2022-09-07 04:30:00,,,,-0.7723100000002887,-0.3528160000000753,-0.562563000000182,-1.1521849999999176,-0.2555809999998928,-0.7038829999999052
2022-09-07 04:45:00,,,,-0.7764340000003358,-0.3547160000002805,-0.5655750000003081,-1.1568830000001071,-0.2545889999996689,-0.705735999999888
2022-09-07 05:30:00,,,,-0.7789580000003298,-0.3564120000000912,-0.5676850000002105,-1.1605479999998352,-0.25645299999996496,-0.7085004999999001
2022-09-07 06:00:00,,,,-0.774808000000121,-0.3552460000000792,-0.5650270000001001,-1.1506009999998241,-0.25411099999973885,-0.7023559999997815
2022-09-07 06:45:00,,,,-0.7752740000000813,-0.35530000000017026,-0.5652870000001258,-1.1568929999998545,-0.2563350000000355,-0.706613999999945
2022-09-07 07:00:00,,,,-0.7774910000002819,-0.35428300000012314,-0.5658870000002025,-1.1596789999998691,-0.2529970000000503,-0.7063379999999597
2022-09-07 07:15:00,,,,-0.7736799999997857,-0.35370499999999083,-0.5636924999998882,-1.1564570000000458,-0.25416900000027454,-0.7053130000001602
2022-09-07 07:30:00,,,,-0.7752749999999651,-0.35597999999981766,-0.5656274999998914,-1.1557270000002973,-0.25661300000001575,-0.7061700000001565
2022-09-07 07:45:00,,,,-0.776444999999967,-0.35530599999992774,-0.5658754999999474,-1.1551460000000588,-0.2534289999998691,-0.704287499999964
2022-09-07 08:45:00,,,,-0.7774929999995948,-0.3577909999999065,-0.5676419999997506,-1.1579320000000735,-0.2547629999999117,-0.7063474999999926
2022-09-07 09:00:00,,,,-0.7804009999999835,-0.359965000000102,-0.5701830000000427,-1.1596819999999752,-0.25692800000024363,-0.7083050000001094
2022-09-07 09:30:00,,,,-0.775742999999693,-0.3560410000000047,-0.5658919999998488,-1.1596819999999752,-0.2565119999999297,-0.7080969999999525
2022-09-07 10:30:00,,,,-0.7774939999999333,-0.3579389999999876,-0.5677164999999604,-1.1596840000001976,-0.25550299999986237,-0.70759350000003
2022-09-07 10:45:00,,,,-0.7757449999999153,-0.35671599999977843,-0.5662304999998469,-1.1596840000001976,-0.25794900000028065,-0.7088165000002391
2022-09-07 11:15:00,,,,-0.7767610000000786,-0.35726599999998143,-0.56701350000003,-1.1583740000000944,-0.2540670000003047,-0.7062205000001995
2022-09-07 11:45:00,,,,-0.7772139999997307,-0.35550599999987753,-0.5663599999998041,-1.1623050000002877,-0.25405700000010256,-0.7081810000001951
2022-09-07 12:15:00,,,,-0.7772150000000693,-0.355996000000232,-0.5666055000001506,-1.1623070000000553,-0.2537789999996676,-0.7080429999998614
2022-09-07 12:30:00,,,,-0.7784990000000107,-0.3577460000001338,-0.5681225000000723,-1.1583550000000287,-0.25203000000010434,-0.7051925000000665
2022-09-07 13:00:00,,,,-0.7801369999997405,-0.36032899999963774,-0.5702329999996891,-1.1634890000000269,-0.2559799999999086,-0.7097344999999677
2022-09-07 13:15:00,,,,-0.776752000000215,-0.3589660000002368,-0.5678590000002259,-1.1601160000000164,-0.25483600000006845,-0.7074760000000424
2022-09-07 13:30:00,,,,-0.7773419999998623,-0.35746900000003734,-0.5674054999999498,-1.1601150000001326,-0.2523679999999331,-0.7062415000000328
2022-09-07 13:45:00,,,,-0.7780359999997017,-0.3596459999998842,-0.568840999999793,-1.157912000000124,-0.2545340000001488,-0.7062230000001364
2022-09-07 14:00:00,,,,-0.7773019999999633,-0.35789599999998245,-0.5675989999999729,-1.156601000000137,-0.25278400000024703,-0.704692500000192
2022-09-07 14:15:00,,,,-0.7748579999997673,-0.3554759999997259,-0.5651669999997466,-1.1576460000001134,-0.2513460000000123,-0.7044960000000628
2022-09-07 14:30:00,,,,-0.7762960000000021,-0.35698299999967276,-0.5666394999998374,-1.1579219999998713,-0.25323400000024776,-0.7055780000000595
2022-09-07 14:45:00,,,,-0.7777649999998175,-0.3583899999998721,-0.5680774999998448,-1.158792000000176,-0.2525030000001607,-0.7056475000001683
2022-09-07 15:00:00,,,,-0.7777649999998175,-0.35906999999997424,-0.5684174999998959,-1.1605420000000777,-0.2557019999999284,-0.708122000000003
2022-09-07 15:30:00,,,,-0.777610999999979,-0.358386999999766,-0.5679989999998725,-1.1580629999998564,-0.2525070000001506,-0.7052850000000035
2022-09-07 15:45:00,,,,-0.7753960000000006,-0.35712699999976394,-0.5662614999998823,-1.1570299999998497,-0.2533979999998337,-0.7052139999998417
2022-09-07 16:00:00,,,,-0.7776100000000952,-0.35770599999978003,-0.5676579999999376,-1.1592329999998583,-0.2522279999998318,-0.705730499999845
2022-09-07 16:15:00,,,,-0.7771450000000186,-0.35814399999981106,-0.5676444999999148,-1.157028000000082,-0.25381500000003143,-0.7054215000000568
2022-09-07 16:30:00,,,,-0.7758599999997386,-0.3563930000000255,-0.5661264999998821,-1.1574829999999565,-0.25206500000012966,-0.7047740000000431
2022-09-07 16:45:00,,,,-0.7790790000003653,-0.3598930000002838,-0.5694860000003246,-1.1606830000000627,-0.2543949999999313,-0.707538999999997
2022-09-07 17:15:00,,,,-0.775702999999794,-0.356452999999874,-0.566077999999834,-1.157897999999932,-0.251372000000174,-0.704635000000053
2022-09-07 17:30:00,,,,-0.7789339999999356,-0.35746999999992113,-0.5682019999999284,-1.1611210000000938,-0.2523690000002716,-0.7067450000001827
2022-09-07 18:00:00,,,,-0.775702999999794,-0.356452999999874,-0.566077999999834,-1.154978999999912,-0.24845300000015413,-0.7017160000000331
2022-09-07 18:15:00,,,,-0.7757010000000264,-0.35786000000007334,-0.5667805000000499,-1.1567259999997077,-0.2512209999999868,-0.7039734999998473
2022-09-07 18:30:00,,,,-0.7784670000000915,-0.3596099999999751,-0.5690385000000333,-1.1589159999998628,-0.2529709999998886,-0.7059434999998757
2022-09-07 19:15:00,,,,-0.7739499999997861,-0.3576170000001184,-0.5657834999999523,-1.1567239999999401,-0.25310799999988376,-0.704915999999912
2022-09-07 20:15:00,,,,-0.7752339999997275,-0.3578599999996186,-0.5665469999996731,-1.1545189999997092,-0.2512199999996483,-0.7028694999996787
2022-09-07 21:00:00,,,,-0.7776069999999891,-0.3588759999997819,-0.5682414999998855,-1.1609749999997803,-0.2551469999998517,-0.708060999999816
2022-09-07 21:15:00,,,,-0.7771390000002611,-0.3594029999999293,-0.5682710000000952,-1.1570200000001023,-0.25584200000002966,-0.706431000000066
2022-09-07 21:45:00,,,,-0.7771389999998064,-0.3594029999999293,-0.5682709999998679,-1.1558500000001004,-0.25467200000002777,-0.7052610000000641
2022-09-07 22:15:00,,,,-0.7749239999998281,-0.3583859999998822,-0.5666549999998551,-1.1530659999998534,-0.2536760000002687,-0.703371000000061
2022-09-07 22:45:00,,,,-0.780369999999948,-0.35940199999959077,-0.5698859999997694,-1.1614119999999275,-0.25584100000014587,-0.7086265000000367
2022-09-07 23:45:00,,,,-0.7778410000000804,-0.3609080000001086,-0.5693745000000945,-1.1548130000001038,-0.2565599999998085,-0.7056864999999561
2022-09-08 00:15:00,,,,-0.7765589999999065,-0.35658299999977316,-0.5665709999998398,-1.1570200000001023,-0.2543719999998757,-0.705695999999989
2022-09-08 01:00:00,,,,-0.776206000000002,-0.35866900000019086,-0.5674375000000964,-1.1526100000000952,-0.2562600000001112,-0.7044350000001032
2022-09-08 01:30:00,,,,-0.7766709999996237,-0.35793499999999767,-0.5673029999998107,-1.1530640000000858,-0.2549260000000686,-0.7039950000000772
2022-09-08 01:45:00,,,,-0.7781419999996615,-0.35759299999972427,-0.5678674999996929,-1.1591859999998633,-0.2576960000001236,-0.7084409999999934
2022-09-08 02:00:00,,,,-0.7781399999998939,-0.35808200000019497,-0.5681110000000444,-1.1574339999997392,-0.25566600000001927,-0.7065499999998792
2022-09-08 02:15:00,,,,-0.7810640000002422,-0.3590990000002421,-0.5700815000002422,-1.1586189999998169,-0.25608299999976225,-0.7073509999997896
2022-09-08 02:30:00,,,,-0.7799039999999877,-0.3579389999999876,-0.5689214999999876,-1.1574479999999312,-0.25491199999987657,-0.7061799999999039
2022-09-08 03:00:00,,,,-0.7739899999996851,-0.35760199999958786,-0.5657959999996365,-1.1498169999999845,-0.2571140000000014,-0.703465499999993
2022-09-08 03:15:00,,,,-0.7759379999997691,-0.35633800000005067,-0.5661379999999099,-1.1552449999999226,-0.25566799999978684,-0.7054564999998547
2022-09-08 04:45:00,,,,-0.7791560000000572,-0.36061100000006263,-0.5698835000000599,-1.1561259999998583,-0.25798299999996743,-0.7070544999999129
2022-09-08 05:00:00,,,,-0.7769400000001951,-0.35886100000016086,-0.567900500000178,-1.153921999999966,-0.25798299999996743,-0.7059524999999667
2022-09-08 05:45:00,,,,-0.7730900000001384,-0.3588519999998425,-0.5659709999999905,-1.1460160000001451,-0.2573929999998654,-0.7017045000000053
2022-09-08 06:15:00,,,,-0.7767860000003566,-0.35958400000026813,-0.5681850000003124,-1.1514419999998609,-0.25580600000012055,-0.7036239999999907
2022-09-08 06:45:00,,,,-0.7745710000003783,-0.3600760000003902,-0.5673235000003842,-1.1492389999998522,-0.2572789999999259,-0.7032589999998891
2022-09-08 07:30:00,,,,-0.7772540000000845,-0.3583250000001499,-0.5677895000001172,-1.1571479999997791,-0.2572780000000421,-0.7072129999999106
2022-09-08 08:45:00,,,,-0.7775320000000647,-0.36183600000003935,-0.569684000000052,-1.152176000000054,-0.2566999999999098,-0.7044379999999819
2022-09-08 09:00:00,,,,-0.780764999999974,-0.36081899999999223,-0.5707919999999831,-1.1554000000000997,-0.2533630000002631,-0.7043815000001814
2022-09-08 09:45:00,,,,-0.7760530000000472,-0.35955699999976787,-0.5678049999999075,-1.1501140000000305,-0.25308700000005047,-0.7016005000000405
2022-09-08 10:15:00,,,,-0.7770990000003621,-0.35838600000033694,-0.5677425000003495,-1.1558169999998427,-0.2548349999997299,-0.7053259999997863
2022-09-08 11:30:00,,,,-0.7815350000000763,-0.362376999999924,-0.5719560000000001,-1.1602499999999054,-0.2545679999998356,-0.7074089999998705
2022-09-08 11:45:00,,,,-0.7785839999996824,-0.35954999999967185,-0.5690669999996771,-1.1584849999999278,-0.25600299999996423,-0.707243999999946
2022-09-08 12:00:00,,,,-0.7785839999996824,-0.35930299999972704,-0.5689434999997047,-1.1567360000003646,-0.2543949999999313,-0.705565500000148
2022-09-08 12:15:00,,,,-0.7798659999998563,-0.36038300000018353,-0.5701245000000199,-1.159179000000222,-0.25761499999998705,-0.7083970000001045
2022-09-08 12:30:00,,,,-0.7847230000002128,-0.3636890000002495,-0.5742060000002311,-1.1628569999998035,-0.2553100000000086,-0.709083499999906
2022-09-08 12:45:00,,,,-0.7830979999998817,-0.3630199999997785,-0.5730589999998301,-1.1606529999999111,-0.25503200000002835,-0.7078424999999697
2022-09-08 13:00:00,,,,-0.7814619999999195,-0.3630159999997886,-0.5722389999998541,-1.1567000000000007,-0.25445399999989604,-0.7055769999999484
2022-09-08 13:45:00,,,,-0.7833969999996953,-0.36233599999968646,-0.5728664999996909,-1.1597750000000815,-0.2512569999998959,-0.7055159999999887
2022-09-08 14:00:00,,,,-0.785345999999663,-0.36052799999970375,-0.5729369999996834,-1.1681229999999232,-0.25485900000012407,-0.7114910000000236
2022-09-08 14:15:00,,,,-0.7821969999999965,-0.3620339999997668,-0.5721154999998816,-1.1580109999999877,-0.254997000000003,-0.7065039999999954
2022-09-08 14:30:00,,,,-0.7815040000000408,-0.3617580000000089,-0.5716310000000249,-1.1619630000000143,-0.2553350000002865,-0.7086490000001504
2022-09-08 15:00:00,,,,-0.7826749999999265,-0.36326299999973344,-0.57296899999983,-1.160237000000052,-0.25431299999991097,-0.7072749999999814
2022-09-08 15:30:00,,,,-0.78297399999974,-0.36151299999983166,-0.5722434999997859,-1.16460700000016,-0.25548299999991286,-0.7100450000000365
2022-09-08 16:00:00,,,,-0.7804479999999785,-0.36267499999985375,-0.5715614999999161,-1.1597609999998895,-0.25722499999983484,-0.7084929999998621
2022-09-08 16:45:00,,,,-0.7822410000003401,-0.36126100000001315,-0.5717510000001766,-1.162127000000055,-0.2544429999998101,-0.7082849999999326
2022-09-08 17:15:00,,,,-0.7813069999997424,-0.3634069999998246,-0.5723569999997835,-1.1577170000000478,-0.25505699999985154,-0.7063869999999497
2022-09-08 17:30:00,,,,-0.7802919999999176,-0.3638980000000629,-0.5720949999999903,-1.1555279999997765,-0.25302899999996953,-0.704278499999873
2022-09-08 17:45:00,,,,-0.7790919999997641,-0.36267499999985375,-0.5708834999998089,-1.1537650000000212,-0.25547499999993306,-0.7046199999999772
2022-09-08 18:00:00,,,,-0.7806139999997868,-0.3620049999999537,-0.5713094999998702,-1.1599200000000565,-0.25519500000018525,-0.7075575000001209
2022-09-08 18:15:00,,,,-0.7823640000001433,-0.3620059999998375,-0.5721849999999904,-1.1599209999999402,-0.25344700000005105,-0.7066839999999956
2022-09-08 19:00:00,,,,-0.7780849999999191,-0.36127200000009907,-0.5696785000000091,-1.1544930000000022,-0.25561400000015055,-0.7050535000000764
2022-09-08 19:30:00,,,,-0.7776189999999588,-0.36249099999986356,-0.5700549999999112,-1.1522890000001098,-0.2549180000000888,-0.7036035000000993
2022-09-08 19:45:00,,,,-0.7790879999997742,-0.3609879999999066,-0.5700379999998404,-1.1537499999999454,-0.25186900000016976,-0.7028095000000576
2022-09-08 20:00:00,,,,-0.7771529999999984,-0.3627379999998084,-0.5699454999999034,-1.1483349999998609,-0.25302899999996953,-0.7006819999999152
2022-09-08 21:30:00,,,,-0.779356000000007,-0.36353600000029473,-0.5714460000001509,-1.1511160000000018,-0.2568870000000061,-0.7040015000000039
2022-09-08 21:45:00,,,,-0.7815730000002077,-0.3625200000001314,-0.5720465000001695,-1.1562399999997979,-0.25588999999990847,-0.7060649999998532
2022-09-08 22:15:00,,,,-0.7771419999999125,-0.36145100000021557,-0.569296500000064,-1.1506620000000112,-0.25791899999967427,-0.7042904999998427
2022-09-08 23:00:00,,,,-0.7771399999996902,-0.36246699999992416,-0.5698034999998072,-1.1489109999997709,-0.2583369999997558,-0.7036239999997633
2022-09-08 23:15:00,,,,-0.779356000000007,-0.36246600000004037,-0.5709110000000237,-1.1528639999996813,-0.258335999999872,-0.7055999999997766
2022-09-09 00:15:00,,,,-0.774934999999914,-0.36033099999986007,-0.567632999999887,-1.1443770000000768,-0.2571429999998145,-0.7007599999999456
2022-09-09 01:00:00,,,,-0.7786189999997077,-0.36121800000000803,-0.5699184999998579,-1.1527000000000953,-0.2574770000001081,-0.7050885000001017
2022-09-09 01:15:00,,,,-0.7799019999997654,-0.36349299999983486,-0.5716974999998001,-1.1504970000000867,-0.2599239999999554,-0.7052105000000211
2022-09-09 02:00:00,,,,-0.7722420000000056,-0.35857999999961976,-0.5654109999998127,-1.138220000000274,-0.25540000000000873,-0.6968100000001414
2022-09-09 02:15:00,,,,-0.7773769999998876,-0.36290599999983897,-0.5701414999998633,-1.1439230000000862,-0.25817000000006374,-0.701046500000075
2022-09-09 03:45:00,,,,-0.7776890000000094,-0.3619799999996758,-0.5698344999998426,-1.1453959999998915,-0.2568620000001829,-0.7011290000000372
2022-09-09 04:00:00,,,,-0.782669000000169,-0.3639170000001286,-0.5732930000001488,-1.1497880000001715,-0.25858800000014526,-0.7041880000001584
2022-09-09 04:30:00,,,,-0.7775350000001708,-0.3614900000002308,-0.5695125000002008,-1.144086000000243,-0.25656000000026324,-0.7003230000002532
2022-09-09 05:00:00,,,,-0.7816859999998087,-0.36148899999989226,-0.5715874999998505,-1.1546149999999216,-0.25830900000028123,-0.7064620000001014
2022-09-09 06:00:00,,,,-0.777690999999777,-0.3604729999997289,-0.569081999999753,-1.1465680000001157,-0.2561439999999493,-0.7013560000000325
2022-09-09 06:15:00,,,,-0.7781559999998535,-0.35973799999965195,-0.5689469999997527,-1.15052199999991,-0.258310000000165,-0.7044160000000375
2022-09-09 07:00:00,,,,-0.7819670000003498,-0.36222200000020166,-0.5720945000002757,-1.15199500000017,-0.2561430000000655,-0.7040690000001177
2022-09-09 08:30:00,,,,-0.7813889999997627,-0.36148999999977605,-0.5714394999997694,-1.1519969999999375,-0.2571400000001631,-0.7045685000000503
2022-09-09 09:45:00,,,,-0.7772249999998166,-0.361978999999792,-0.5696019999998043,-1.1431969999998728,-0.2568620000001829,-0.7000295000000278
2022-09-09 10:45:00,,,,-0.7806869999999435,-0.36227899999994406,-0.5714829999999438,-1.1542030000000523,-0.25603000000000975,-0.705116500000031
2022-09-09 11:00:00,,,,-0.7762540000003355,-0.36120800000026065,-0.5687310000002981,-1.149793999999929,-0.25922700000000987,-0.7045104999999694
2022-09-09 11:15:00,,,,-0.7762539999998808,-0.3624309999995603,-0.5693424999997205,-1.1480440000000272,-0.2567819999999301,-0.7024129999999786
2022-09-09 11:45:00,,,,-0.7797550000000228,-0.36709700000028533,-0.5734260000001541,-1.1480460000002495,-0.25795400000015434,-0.7030000000002019
2022-09-09 12:00:00,,,,-0.7789349999998194,-0.36170399999991787,-0.5703194999998686,-1.1553499999999985,-0.2583709999998973,-0.7068604999999479
2022-09-09 12:15:00,,,,-0.7778779999998733,-0.3635959999996885,-0.5707369999997809,-1.148478999999952,-0.25503500000013446,-0.7017570000000433
2022-09-09 12:30:00,,,,-0.7789370000000417,-0.36219500000015614,-0.5705660000000989,-1.1541830000001028,-0.2569229999999152,-0.705553000000009
2022-09-09 12:45:00,,,,-0.7784689999998591,-0.3621939999998176,-0.5703314999998383,-1.151976999999988,-0.2569220000000314,-0.7044495000000097
2022-09-09 13:00:00,,,,-0.776252999999997,-0.3629280000000108,-0.5695905000000039,-1.1491930000001958,-0.2576750000002903,-0.703434000000243
2022-09-09 13:15:00,,,,-0.7757870000000366,-0.36394400000017413,-0.5698655000001054,-1.1458200000001852,-0.2586719999999332,-0.7022460000000592
2022-09-09 13:45:00,,,,-0.7786969999997382,-0.36758899999995265,-0.5731429999998454,-1.1469900000001871,-0.25942699999995966,-0.7032085000000734
2022-09-09 14:00:00,,,,-0.7764099999999416,-0.3635979999999108,-0.5700039999999262,-1.1505259999998998,-0.2597040000000561,-0.705114999999978
2022-09-09 14:15:00,,,,-0.7799090000003162,-0.3660800000002382,-0.5729945000002772,-1.1505259999998998,-0.2575369999999566,-0.7040314999999282
2022-09-09 14:45:00,,,,-0.7781589999999596,-0.3643289999999979,-0.5712439999999788,-1.1487769999998818,-0.25578700000005483,-0.7022819999999683
2022-09-09 15:30:00,,,,-0.7780029999998987,-0.36467799999991257,-0.5713404999999057,-1.1480240000000776,-0.2565060000001722,-0.7022650000001249
2022-09-09 15:45:00,,,,-0.7834490000000187,-0.3675909999997202,-0.5755199999998695,-1.15462000000025,-0.25766299999986586,-0.7061415000000579
2022-09-09 19:00:00,,,,-0.7779700000000958,-0.3673439999997754,-0.5726569999999356,-1.1474269999998796,-0.2613019999998869,-0.7043644999998833
2022-09-09 19:15:00,,,,-0.7764000000001943,-0.37099399999988236,-0.5736970000000383,-1.140646999999717,-0.26439299999992727,-0.7025199999998222
2022-09-09 19:45:00,,,,-0.770966000000044,-0.36693000000013853,-0.5689480000000913,-1.1317439999997987,-0.2670319999997446,-0.6993879999997716
2022-09-09 20:00:00,,,,-0.7766820000001644,-0.36502599999994345,-0.5708540000000539,-1.1391969999999674,-0.2662789999999404,-0.7027379999999539
2022-09-09 20:30:00,,,,-0.7739990000000034,-0.3620370000003277,-0.5680180000001656,-1.13012099999969,-0.2668919999996433,-0.6985064999996666
2022-09-09 20:45:00,,,,-0.7749710000002779,-0.3613040000000183,-0.5681375000001481,-1.1316920000003847,-0.27080700000033175,-0.7012495000003582
2022-09-09 21:00:00,,,,-0.773450000000139,-0.3605720000000474,-0.5670110000000932,-1.1266940000000432,-0.27122399999962,-0.6989589999998316
2022-09-09 21:15:00,,,,-0.7776830000002519,-0.36284599999999045,-0.5702645000001212,-1.129754000000048,-0.2736680000002707,-0.7017110000001594
2022-09-09 21:30:00,,,,-0.7748870000000352,-0.3595399999999245,-0.5672134999999798,-1.1287169999995967,-0.275391999999556,-0.7020544999995764
2022-09-09 21:45:00,,,,-0.7751979999998184,-0.3575829999999769,-0.5663904999998977,-1.1272710000002917,-0.27358500000036656,-0.7004280000003291
2022-09-09 22:00:00,,,,-0.771979999999985,-0.3542120000001887,-0.5630960000000869,-1.1258209999996325,-0.2765849999996135,-0.701202999999623
2022-09-09 22:15:00,,,,-0.7712750000000597,-0.3512770000002092,-0.5612760000001344,-1.1251070000002983,-0.2765020000001641,-0.7008045000002312
2022-09-09 22:30:00,,,,-0.7748449999999139,-0.3480600000002596,-0.5614525000000867,-1.1321330000000671,-0.2744150000003174,-0.7032740000001922
2022-09-09 22:45:00,,,,-0.7759049999999661,-0.3449369999998453,-0.5604209999999057,-1.1331900000000132,-0.27260599999999613,-0.7028980000000047
2022-09-09 23:00:00,,,,-0.7753120000002127,-0.3445999999999003,-0.5599560000000565,-1.1355070000004162,-0.27480700000023717,-0.7051570000003267
2022-09-09 23:15:00,,,,-0.7758510000003298,-0.340947000000142,-0.5583990000002359,-1.1424230000002353,-0.272305000000415,-0.7073640000003252
2022-09-09 23:45:00,,,,-0.778534000000036,-0.3410020000001168,-0.5597680000000764,-1.1503280000001723,-0.27218800000036936,-0.7112580000002708
2022-09-10 00:00:00,,,,-0.7775590000001102,-0.3398010000000795,-0.5586800000000949,-1.1504939999999806,-0.266559000000143,-0.7085265000000618
2022-09-10 00:15:00,,,,-0.7802409999999327,-0.3422249999998712,-0.561232999999902,-1.1566510000002381,-0.2697440000001734,-0.7131975000002058
2022-09-10 00:30:00,,,,-0.7789569999999912,-0.3419420000000173,-0.5604495000000043,-1.1571060000001125,-0.2671610000002147,-0.7121335000001636
2022-09-10 00:45:00,,,,-0.7745680000002721,-0.34141200000021854,-0.5579900000002453,-1.142877000000226,-0.26471900000024107,-0.7037980000002335
2022-09-10 01:00:00,,,,-0.7778010000001814,-0.3440490000002683,-0.5609250000002248,-1.1455219999998008,-0.2633049999999457,-0.7044134999998732
2022-09-10 01:15:00,,,,-0.778856999999789,-0.343431999999666,-0.5611444999997275,-1.14831600000025,-0.2600000000002183,-0.7041580000002341
2022-09-10 01:30:00,,,,-0.7783909999998286,-0.3463489999999183,-0.5623699999998735,-1.146111000000019,-0.26292300000022806,-0.7045170000001235
2022-09-10 01:45:00,,,,-0.778733000000102,-0.3464920000001257,-0.5626125000001139,-1.148768999999902,-0.26075500000024476,-0.7047620000000734
2022-09-10 02:00:00,,,,-0.7799860000000081,-0.3448049999997238,-0.5623954999998659,-1.1540709999999308,-0.25656100000014703,-0.7053160000000389
2022-09-10 02:15:00,,,,-0.7780389999998079,-0.3465559999999641,-0.562297499999886,-1.1509730000002492,-0.2600600000000668,-0.705516500000158
2022-09-10 02:30:00,,,,-0.7799869999998919,-0.34704799999963143,-0.5635174999997616,-1.1540709999999308,-0.25803399999995236,-0.7060524999999416
2022-09-10 03:00:00,,,,-0.7790549999999712,-0.34900100000004386,-0.5640280000000075,-1.149663000000146,-0.2569240000002537,-0.7032935000001999
2022-09-10 03:15:00,,,,-0.7780399999996916,-0.3487169999998514,-0.5633784999997715,-1.1509729999997944,-0.2560889999999745,-0.7035309999998844
2022-09-10 03:30:00,,,,-0.7782670000001417,-0.35196399999995265,-0.5651155000000472,-1.1448169999998754,-0.25680899999997564,-0.7008129999999255
2022-09-10 03:45:00,,,,-0.7824730000002091,-0.3515380000003461,-0.5670055000002776,-1.157133000000158,-0.25639200000023266,-0.7067625000001954
2022-09-10 04:15:00,,,,-0.77609399999983,-0.35101199999962773,-0.5635529999997289,-1.146129000000201,-0.2556960000001709,-0.7009125000001859
2022-09-10 04:30:00,,,,-0.7763190000000577,-0.35173900000017966,-0.5640290000001187,-1.1399689999998373,-0.2523710000000392,-0.6961699999999382
2022-09-10 04:45:00,,,,-0.7776029999999992,-0.35465400000020963,-0.5661285000001044,-1.1389259999996284,-0.25468799999998737,-0.6968069999998079
2022-09-10 05:30:00,,,,-0.7766029999997954,-0.3542250000000422,-0.5654139999999188,-1.1402610000000095,-0.25486499999988155,-0.6975629999999455
2022-09-10 05:45:00,,,,-0.7774910000002819,-0.3546599999999671,-0.5660755000001245,-1.1411309999998593,-0.25528199999962453,-0.6982064999997419
2022-09-10 06:00:00,,,,-0.7770249999998668,-0.35588499999994383,-0.5664549999999053,-1.1406769999998687,-0.2563359999999193,-0.698506499999894
2022-09-10 06:15:00,,,,-0.7750900000000911,-0.3548670000000129,-0.564978500000052,-1.1358530000002247,-0.25416900000027454,-0.6950110000002496
2022-09-10 06:30:00,,,,-0.7763740000000325,-0.3573510000001079,-0.5668625000000702,-1.1301509999998416,-0.2502529999997023,-0.6902019999997719
2022-09-10 06:45:00,,,,-0.7773070000002917,-0.3561819999999898,-0.5667445000001408,-1.1363080000000991,-0.2508339999999407,-0.6935710000000199
2022-09-10 07:00:00,,,,-0.7783500000000458,-0.3571990000000369,-0.5677745000000414,-1.140248000000156,-0.2541710000000421,-0.6972095000000991
2022-09-10 07:15:00,,,,-0.7760200000002442,-0.3563350000003993,-0.5661775000003217,-1.1384989999996833,-0.2515869999997449,-0.6950429999997141
2022-09-10 07:30:00,,,,-0.7745390000000043,-0.3561859999999797,-0.565362499999992,-1.137604999999894,-0.2543310000000929,-0.6959679999999935
2022-09-10 07:45:00,,,,-0.7754700000000412,-0.3566729999997733,-0.5660714999999072,-1.1420129999996789,-0.25405499999988024,-0.6980339999997796
2022-09-10 08:15:00,,,,-0.7793970000002446,-0.3581400000002759,-0.5687685000002602,-1.1540529999997489,-0.2532209999999395,-0.7036369999998442
2022-09-10 08:30:00,,,,-0.7815720000003239,-0.36003200000004654,-0.5708020000001852,-1.1527430000001004,-0.2510549999997238,-0.7018989999999121
2022-09-10 08:45:00,,,,-0.7825450000000274,-0.3574060000000827,-0.569975500000055,-1.1589159999998628,-0.25013999999964653,-0.7045279999997547
2022-09-10 09:00:00,,,,-0.7802150000002257,-0.35887300000013056,-0.5695440000001781,-1.1478969999998299,-0.24930599999970582,-0.6986014999997678
2022-09-10 09:15:00,,,,-0.7774090000002616,-0.35930000000007567,-0.5683545000001686,-1.1456929999999375,-0.2532219999998233,-0.6994574999998804
2022-09-10 09:30:00,,,,-0.7818409999999858,-0.36104900000009366,-0.5714450000000397,-1.1535979999998744,-0.2549690000000737,-0.7042834999999741
2022-09-10 10:45:00,,,,-0.7776899999998932,-0.36104999999997744,-0.5693699999999353,-1.1430719999998473,-0.2532229999997071,-0.6981474999997772
2022-09-10 11:00:00,,,,-0.7783429999999498,-0.36003400000026886,-0.5691885000001093,-1.151271000000179,-0.2539750000000822,-0.7026230000001306
2022-09-10 11:15:00,,,,-0.7781580000000758,-0.3582840000003671,-0.5682210000002215,-1.1464470000000802,-0.25047600000016246,-0.6984615000001213
2022-09-10 11:30:00,,,,-0.7759420000002137,-0.36003400000026886,-0.5679880000002413,-1.1442430000001877,-0.2539750000000822,-0.699109000000135
2022-09-10 11:45:00,,,,-0.7786230000001524,-0.3593590000000404,-0.5689910000000964,-1.1486509999999726,-0.25078800000028423,-0.6997195000001284
2022-09-10 12:00:00,,,,-0.7823090000001685,-0.3607680000000073,-0.5715385000000879,-1.153475999999955,-0.2500589999999647,-0.7017674999999599
2022-09-10 12:15:00,,,,-0.7783439999998336,-0.3590189999999893,-0.5686814999999115,-1.151271000000179,-0.25180900000032125,-0.7015400000002501
2022-09-10 12:45:00,,,,-0.7806829999999536,-0.3600980000001073,-0.5703905000000304,-1.1547709999999825,-0.2532779999996819,-0.7040244999998322
2022-09-10 13:00:00,,,,-0.7818440000000919,-0.36024100000031467,-0.5710425000002033,-1.1547719999998662,-0.25111199999992095,-0.7029419999998936
2022-09-10 13:30:00,,,,-0.7800949999996192,-0.3602429999996275,-0.5701689999996233,-1.151854000000185,-0.24994500000002517,-0.700899500000105
2022-09-10 13:45:00,,,,-0.7789339999999356,-0.36009799999965253,-0.5695159999997941,-1.1530240000001868,-0.25327999999990425,-0.7031520000000455
2022-09-10 14:00:00,,,,-0.7805599999996957,-0.36097499999959837,-0.570767499999647,-1.1523090000000593,-0.24777799999992567,-0.7000434999999925
2022-09-10 14:15:00,,,,-0.7796280000002298,-0.36199200000010023,-0.570810000000165,-1.1496499999998377,-0.25169400000004316,-0.7006719999999405
2022-09-10 14:30:00,,,,-0.7817000000000007,-0.3623390000002473,-0.572019500000124,-1.152292999999645,-0.2518319999999221,-0.7020624999997835
2022-09-10 14:45:00,,,,-0.7821659999999611,-0.36200200000030236,-0.5720840000001317,-1.154497999999876,-0.25111399999968853,-0.7028059999997822
2022-09-10 15:00:00,,,,-0.7804169999999431,-0.3602529999998296,-0.5703349999998863,-1.15624600000001,-0.25286400000004505,-0.7045550000000276
2022-09-10 15:30:00,,,,-0.7808390000000145,-0.3627230000001873,-0.5717810000001009,-1.152603999999883,-0.25069500000017797,-0.7016495000000305
2022-09-10 16:30:00,,,,-0.7803740000003927,-0.3613170000003265,-0.5708455000003596,-1.1504009999998743,-0.24967599999990853,-0.7000384999998914
2022-09-10 17:00:00,,,,-0.7786240000000362,-0.36257700000032855,-0.5706005000001824,-1.1469019999999546,-0.2499560000001111,-0.6984290000000328
2022-09-10 17:15:00,,,,-0.7805719999996654,-0.3609809999998106,-0.570776499999738,-1.1540780000000268,-0.24953899999991336,-0.7018084999999701
2022-09-10 17:30:00,,,,-0.7801060000001598,-0.36126400000011927,-0.5706850000001396,-1.1518740000001344,-0.25212199999987206,-0.7019980000000032
2022-09-10 17:45:00,,,,-0.7808399999998983,-0.36131799999975556,-0.5710789999998269,-1.1526040000003377,-0.24967700000024706,-0.7011405000002924
2022-09-10 18:30:00,,,,-0.77990600000021,-0.3644730000000891,-0.5721895000001496,-1.1464449999998578,-0.25069500000017797,-0.6985700000000179
2022-09-10 19:15:00,,,,-0.7788910000003852,-0.36257599999999,-0.5707335000001876,-1.1477560000002995,-0.2517040000002453,-0.6997300000002724
2022-09-10 19:30:00,,,,-0.7764070000002903,-0.3619969999999739,-0.5692020000001321,-1.1452750000003107,-0.2517050000001291,-0.6984900000002199
2022-09-10 20:00:00,,,,-0.7800600000000486,-0.36273300000038944,-0.571396500000219,-1.145994999999857,-0.24777599999970334,-0.6968854999997802
2022-09-10 20:15:00,,,,-0.7765620000000126,-0.3617180000001099,-0.5691400000000613,-1.1477459999996427,-0.2508579999998801,-0.6993019999997614
2022-09-10 20:45:00,,,,-0.7805270000003475,-0.36223500000005515,-0.5713810000002013,-1.1487889999998515,-0.24863600000026054,-0.698712500000056
2022-09-10 21:30:00,,,,-0.7779990000003636,-0.363503000000037,-0.5707510000002003,-1.1433619999997973,-0.25067399999988993,-0.6970179999998436
2022-09-10 21:45:00,,,,-0.7802150000002257,-0.3642370000002302,-0.5722260000002279,-1.1467360000001463,-0.24967700000024706,-0.6982065000001967
2022-09-10 22:15:00,,,,-0.7803290000001653,-0.36457400000017515,-0.5724515000001702,-1.1468610000001718,-0.2521449999999277,-0.6995030000000497
2022-09-10 22:30:00,,,,-0.7769949999997152,-0.3632199999997283,-0.5701074999997218,-1.1446940000000723,-0.24984100000028775,-0.69726750000018
2022-09-10 22:45:00,,,,-0.7804959999998573,-0.36423699999977543,-0.5723664999998164,-1.1464449999998578,-0.25025800000003073,-0.6983514999999443
2022-09-10 23:00:00,,,,-0.7785799999996925,-0.3623339999999189,-0.5704569999998057,-1.1451120000001538,-0.2506740000003447,-0.6978930000002492
2022-09-10 23:15:00,,,,-0.7782799999999952,-0.36423699999977543,-0.5712584999998853,-1.1424919999999474,-0.25025700000014695,-0.6963745000000472
2022-09-11 00:00:00,,,,-0.779015999999956,-0.3645749999996042,-0.5717954999997801,-1.1449720000000525,-0.2521460000002662,-0.6985590000001594
2022-09-11 01:45:00,,,,-0.7794369999996889,-0.36248699999987366,-0.5709619999997813,-1.1436389999998937,-0.24850800000012896,-0.6960735000000113
2022-09-11 02:30:00,,,,-0.7767989999997553,-0.3625419999998485,-0.5696704999998019,-1.14276800000016,-0.24956199999996898,-0.6961650000000645
2022-09-11 04:00:00,,,,-0.7775029999997969,-0.36253999999962616,-0.5700214999997115,-1.141722999999729,-0.24954999999999927,-0.6956364999998641
2022-09-11 06:30:00,,,,-0.7758669999998347,-0.3620539999997163,-0.5689604999997755,-1.1366009999997004,-0.2480769999997392,-0.6923389999997198
2022-09-11 06:45:00,,,,-0.777027999999973,-0.36496500000021115,-0.570996500000092,-1.1366029999999228,-0.2498279999999795,-0.6932154999999511
2022-09-11 07:30:00,,,,-0.7782290000000103,-0.3635580000000118,-0.570893500000011,-1.1412869999999202,-0.2499790000001667,-0.6956330000000435
2022-09-11 07:45:00,,,,-0.7742610000000241,-0.36429099999986647,-0.5692759999999453,-1.1373319999997875,-0.25131099999998696,-0.6943214999998872
2022-09-11 08:15:00,,,,-0.7737979999997151,-0.3620509999996102,-0.5679244999996627,-1.1368790000001354,-0.25159000000030574,-0.6942345000002206
2022-09-11 09:45:00,,,,-0.7792160000003605,-0.3660420000001068,-0.5726290000002336,-1.1382140000000618,-0.25014199999986886,-0.6941779999999653
2022-09-11 10:00:00,,,,-0.7757160000001022,-0.36429199999975026,-0.5700039999999262,-1.1393840000000637,-0.25306200000022727,-0.6962230000001455
2022-09-11 10:15:00,,,,-0.7773089999996046,-0.36628399999972316,-0.5717964999996639,-1.137482000000091,-0.2517530000000079,-0.6946175000000494
2022-09-11 11:00:00,,,,-0.7752489999998033,-0.36380099999996673,-0.569524999999885,-1.136007999999947,-0.2521700000002056,-0.6940890000000763
2022-09-11 11:15:00,,,,-0.7757159999996475,-0.3627849999998034,-0.5692504999997254,-1.1399649999998474,-0.2517530000000079,-0.6958589999999276
2022-09-11 11:30:00,,,,-0.7760269999998854,-0.36429199999975026,-0.5701594999998179,-1.1414380000001074,-0.2536409999997886,-0.697539499999948
2022-09-11 12:15:00,,,,-0.7784689999998591,-0.36570499999970707,-0.5720869999997831,-1.1386310000002595,-0.2511739999999918,-0.6949025000001257
2022-09-11 12:30:00,,,,-0.7777639999999337,-0.364292000000205,-0.5710280000000694,-1.1408349999996972,-0.25131199999987075,-0.696073499999784
2022-09-11 12:45:00,,,,-0.7792460000000574,-0.3632750000001579,-0.5712605000001076,-1.1434779999999591,-0.24914599999965503,-0.6963119999998071
2022-09-11 13:00:00,,,,-0.7809970000002977,-0.3656989999999496,-0.5733480000001236,-1.1440609999999651,-0.2511629999999059,-0.6976119999999355
2022-09-11 13:15:00,,,,-0.7800330000000031,-0.3627889999997933,-0.5714109999998982,-1.1489039999996749,-0.25116099999968355,-0.7000324999996792
2022-09-11 13:30:00,,,,-0.7780879999995705,-0.36429299999963405,-0.5711904999996023,-1.1423110000000634,-0.25130300000000716,-0.6968070000000353
2022-09-11 13:45:00,,,,-0.7773519999996097,-0.36205699999982244,-0.5697044999997161,-1.140997999999854,-0.2498289999998633,-0.6954134999998587
2022-09-11 15:15:00,,,,-0.779088999999658,-0.3637659999999414,-0.5714274999997997,-1.1427349999999024,-0.24886700000024575,-0.695801000000074
2022-09-11 15:30:00,,,,-0.7764069999998355,-0.36478199999965,-0.5705944999997428,-1.1365780000000996,-0.2510330000000067,-0.6938055000000531
2022-09-11 15:45:00,,,,-0.7751240000002326,-0.36303300000008676,-0.5690785000001597,-1.138781999999992,-0.2510330000000067,-0.6949074999999993
2022-09-11 16:00:00,,,,-0.7751260000000002,-0.3623489999999947,-0.5687374999999975,-1.1382140000000618,-0.2490069999998923,-0.693610499999977
2022-09-11 16:15:00,,,,-0.7758300000000418,-0.3649319999999534,-0.5703809999999976,-1.1377600000000712,-0.2517880000000332,-0.6947740000000522
2022-09-11 16:45:00,,,,-0.7743490000002566,-0.36419900000009875,-0.5692740000001777,-1.133368000000246,-0.25045600000021295,-0.6919120000002295
2022-09-11 17:00:00,,,,-0.776564000000235,-0.3666820000003099,-0.5716230000002724,-1.1355710000002546,-0.2500390000000152,-0.6928050000001349
2022-09-11 17:30:00,,,,-0.7780459999999039,-0.36526899999989837,-0.5716574999999011,-1.1382149999999456,-0.24900800000023082,-0.6936115000000882
2022-09-11 18:00:00,,,,-0.7764069999998355,-0.3653089999997974,-0.5708579999998165,-1.1365780000000996,-0.25347899999997026,-0.6950285000000349
2022-09-11 18:30:00,,,,-0.7760960000000523,-0.36594700000023295,-0.5710215000001426,-1.1333660000000236,-0.2504559999997582,-0.6919109999998909
2022-09-11 20:00:00,,,,-0.7738490000001548,-0.36696800000026997,-0.5704085000002124,-1.130554999999731,-0.25610799999958545,-0.6933314999996583
2022-09-11 20:30:00,,,,-0.7750049999999646,-0.36816700000008495,-0.5715860000000248,-1.1305419999998776,-0.25882999999976164,-0.6946859999998196
2022-09-11 20:45:00,,,,-0.7682469999999739,-0.36481700000013007,-0.566532000000052,-1.121487999999772,-0.2555059999999685,-0.6884969999998702
2022-09-11 21:00:00,,,,-0.7687140000002728,-0.3625179999999091,-0.5656160000000909,-1.123693000000003,-0.25588799999968614,-0.6897904999998445
2022-09-11 21:15:00,,,,-0.7733290000001034,-0.3635340000000724,-0.5684315000000879,-1.1346730000000207,-0.25805399999990186,-0.6963634999999613
2022-09-11 21:30:00,,,,-0.769362000000001,-0.36178300000028685,-0.5655725000001439,-1.1289670000001024,-0.2563040000000001,-0.6926355000000513
2022-09-11 21:45:00,,,,-0.76571899999999,-0.3605709999997089,-0.5631449999998495,-1.1178090000003067,-0.25875900000028196,-0.6882840000002943
2022-09-11 22:00:00,,,,-0.7694159999996373,-0.35934599999973216,-0.5643809999996847,-1.1226550000001225,-0.2577049999999872,-0.6901800000000549
2022-09-11 22:15:00,,,,-0.7695300000000316,-0.3604159999999865,-0.564973000000009,-1.1210320000000138,-0.25800600000002305,-0.6895190000000184
2022-09-11 22:30:00,,,,-0.7746130000000448,-0.3615810000001147,-0.5680970000000798,-1.1342179999996915,-0.2591639999996005,-0.696690999999646
2022-09-11 22:45:00,,,,-0.7704619999999522,-0.3598299999998744,-0.5651459999999133,-1.1254389999999148,-0.2574139999996987,-0.6914264999998068
2022-09-11 23:00:00,,,,-0.7716169999998783,-0.3615780000000086,-0.5665974999999435,-1.124836999999843,-0.25741299999981493,-0.691124999999829
2022-09-11 23:15:00,,,,-0.769992000000002,-0.359686000000238,-0.56483900000012,-1.1243819999999687,-0.25957900000003065,-0.6919804999999997
2022-09-11 23:30:00,,,,-0.7717420000003585,-0.3619220000000496,-0.5668320000002041,-1.1232129999998506,-0.2581339999996999,-0.6906734999997752
2022-09-12 00:00:00,,,,-0.7684839999997166,-0.35768999999982043,-0.5630869999997685,-1.1199870000000374,-0.2585500000000138,-0.6892685000000256
2022-09-12 00:15:00,,,,-0.7721799999999348,-0.35910199999989345,-0.5656409999999141,-1.121335999999701,-0.25433399999974426,-0.6878349999997226
2022-09-12 00:45:00,,,,-0.7705439999999726,-0.35943900000029316,-0.5649915000001329,-1.116222000000107,-0.25331199999982346,-0.6847669999999653
2022-09-12 01:00:00,,,,-0.7707310000000689,-0.35891300000002957,-0.5648220000000492,-1.1227979999998752,-0.254367000000002,-0.6885824999999386
2022-09-12 01:15:00,,,,-0.7700270000000273,-0.3559930000001259,-0.5630100000000766,-1.1250030000001061,-0.25261700000010023,-0.6888100000001032
2022-09-12 01:30:00,,,,-0.7724790000002031,-0.35959200000024794,-0.5660355000002255,-1.1216269999999895,-0.25289500000008047,-0.687261000000035
2022-09-12 01:45:00,,,,-0.776644000000033,-0.35979500000030384,-0.5682195000001684,-1.1304289999998218,-0.2500359999999091,-0.6902324999998655
2022-09-12 02:15:00,,,,-0.7717770000003839,-0.35964300000023286,-0.5657100000003084,-1.1255809999997837,-0.2539520000000266,-0.6897664999999051
2022-09-12 02:30:00,,,,-0.7730599999999868,-0.3618820000001506,-0.5674710000000687,-1.1216279999998733,-0.2519240000001446,-0.6867760000000089
2022-09-12 03:00:00,,,,-0.7724809999999707,-0.35979500000030384,-0.5661380000001373,-1.1233790000001136,-0.2517849999999271,-0.6875820000000203
2022-09-12 03:15:00,,,,-0.7723270000001321,-0.3593590000000404,-0.5658430000000862,-1.1220680000001266,-0.24961900000016612,-0.6858435000001464
2022-09-12 03:30:00,,,,-0.7764059999999517,-0.35984899999994013,-0.5681274999999459,-1.1348370000000614,-0.24933999999984735,-0.6920884999999544
2022-09-12 03:45:00,,,,-0.7781570000001921,-0.36261500000000524,-0.5703860000000986,-1.133089999999811,-0.24975799999992887,-0.6914239999998699
2022-09-12 04:00:00,,,,-0.7754740000000311,-0.36159900000029666,-0.5685365000001639,-1.12867899999992,-0.24933999999984735,-0.6890094999998837
2022-09-12 04:15:00,,,,-0.775206000000253,-0.3603390000002946,-0.5677725000002738,-1.1313239999999496,-0.2490619999998671,-0.6901929999999084
2022-09-12 04:30:00,,,,-0.7737250000000131,-0.36174700000037774,-0.5677360000001954,-1.1286810000001424,-0.25008100000013656,-0.6893810000001395
2022-09-12 05:00:00,,,,-0.7747420000000602,-0.36101400000006834,-0.5678780000000643,-1.129120999999941,-0.25049799999987954,-0.6898094999999103
2022-09-12 05:15:00,,,,-0.7748960000003535,-0.36101400000006834,-0.5679550000002109,-1.1286820000000262,-0.24932899999976144,-0.6890054999998938
2022-09-12 05:45:00,,,,-0.7739639999999781,-0.36149999999997817,-0.5677319999999781,-1.1254440000002432,-0.25022100000023784,-0.6878325000002405
2022-09-12 06:00:00,,,,-0.7710539999998218,-0.3600029999997787,-0.5655284999998003,-1.1236939999998867,-0.24950300000000425,-0.6865984999999455
2022-09-12 06:15:00,,,,-0.7728030000002946,-0.3628230000003896,-0.5678130000003421,-1.1236949999997705,-0.2498049999999239,-0.6867499999998472
2022-09-12 06:30:00,,,,-0.7757140000003346,-0.36296600000014223,-0.5693400000002384,-1.1271959999999126,-0.2493880000001809,-0.6882920000000468
2022-09-12 06:45:00,,,,-0.7757139999998799,-0.3636989999999969,-0.5697064999999384,-1.123696000000109,-0.24547100000017963,-0.6845835000001443
2022-09-12 07:15:00,,,,-0.7759829999999965,-0.36398300000018935,-0.5699830000000929,-1.1228030000002036,-0.24805500000002212,-0.6854290000001129
2022-09-12 07:30:00,,,,-0.7769149999999172,-0.3664680000001681,-0.5716915000000427,-1.1289600000000064,-0.25113999999985026,-0.6900499999999283
2022-09-12 07:45:00,,,,-0.7737270000002354,-0.36156000000028143,-0.5676435000002584,-1.1286839999997937,-0.24836899999991147,-0.6885264999998526
2022-09-12 08:00:00,,,,-0.772443000000294,-0.3605430000002343,-0.5664930000002641,-1.130888000000141,-0.24795200000016848,-0.6894200000001547
2022-09-12 08:15:00,,,,-0.7733760000000984,-0.36121800000000803,-0.5672970000000532,-1.133546000000024,-0.24763900000016292,-0.6905925000000934
2022-09-12 08:45:00,,,,-0.7785830000002534,-0.3639849999999569,-0.5712840000001052,-1.1433689999998933,-0.24980700000014622,-0.6965880000000197
2022-09-12 09:00:00,,,,-0.7782310000002326,-0.3634590000001481,-0.5708450000001903,-1.1482310000001235,-0.24736100000018268,-0.6977960000001531
2022-09-12 09:15:00,,,,-0.775677000000087,-0.3636490000003505,-0.5696630000002187,-1.1335330000001704,-0.25083900000026915,-0.6921860000002198
2022-09-12 10:00:00,,,,-0.7778920000000653,-0.36520800000016607,-0.5715500000001157,-1.137485000000197,-0.25085900000021866,-0.6941720000002078
2022-09-12 10:15:00,,,,-0.7761430000000473,-0.3652100000003884,-0.5706765000002179,-1.135736000000179,-0.25086099999998623,-0.6932985000000826
2022-09-12 10:45:00,,,,-0.7761439999999311,-0.36419200000000274,-0.5701679999999669,-1.137489000000187,-0.2504429999999047,-0.6939660000000458
2022-09-12 11:15:00,,,,-0.7759869999999864,-0.3635229999999865,-0.5697549999999865,-1.1361560000000281,-0.2484150000000227,-0.6922855000000254
2022-09-12 11:30:00,,,,-0.7719910000000709,-0.3634710000001178,-0.5677310000000944,-1.1286890000001222,-0.25086199999987,-0.6897754999999961
2022-09-12 12:00:00,,,,-0.7687909999999647,-0.3590039999999135,-0.5638974999999391,-1.1295599999998558,-0.2462519999999131,-0.6879059999998844
2022-09-12 12:15:00,,,,-0.771005999999943,-0.36001900000019305,-0.565512500000068,-1.1335119999998824,-0.2484159999999065,-0.6909639999998944
2022-09-12 12:30:00,,,,-0.7722899999998845,-0.3629939999996168,-0.5676419999997506,-1.129558999999972,-0.24597300000004907,-0.6877660000000105
2022-09-12 12:45:00,,,,-0.7727559999998448,-0.362992999999733,-0.5678744999997889,-1.1335129999997662,-0.24772200000006706,-0.6906174999999166
2022-09-12 13:15:00,,,,-0.7743530000002465,-0.36401000000023487,-0.5691815000002407,-1.1327949999999873,-0.24814999999989595,-0.6904724999999416
2022-09-12 13:30:00,,,,-0.7705409999998665,-0.3627459999997882,-0.5666434999998273,-1.1295709999999417,-0.24787300000025425,-0.688722000000098
2022-09-12 13:45:00,,,,-0.768916999999874,-0.3647449999998571,-0.5668309999998655,-1.1256179999995766,-0.24889399999983652,-0.6872559999997065
2022-09-12 14:15:00,,,,-0.7703969999997753,-0.36469099999976606,-0.5675439999997707,-1.1288410000001932,-0.25133899999991627,-0.6900900000000547
2022-09-12 14:30:00,,,,-0.768181999999797,-0.3627499999997781,-0.5654659999997875,-1.12313899999981,-0.24611099999992803,-0.684624999999869
2022-09-12 14:45:00,,,,-0.768181999999797,-0.36343200000010256,-0.5658069999999498,-1.1248880000002828,-0.24931100000003426,-0.6870995000001585
2022-09-12 15:00:00,,,,-0.7724459999999453,-0.36327699999992547,-0.5678614999999354,-1.1314619999998285,-0.24972799999977724,-0.6905949999998029
2022-09-12 15:15:00,,,,-0.7721779999997125,-0.3634319999996478,-0.5678049999996801,-1.1341050000000905,-0.25048100000003615,-0.6922930000000633
2022-09-12 16:00:00,,,,-0.7714029999997365,-0.36464999999998327,-0.5680264999998599,-1.1275209999998879,-0.24686800000017683,-0.6871945000000323
2022-09-12 16:15:00,,,,-0.7731519999997545,-0.36639999999988504,-0.5697759999998198,-1.1275209999998879,-0.24686900000006062,-0.6871949999999742
2022-09-12 16:45:00,,,,-0.7717149999998583,-0.3641549999997551,-0.5679349999998067,-1.1301640000001498,-0.24830400000018926,-0.6892340000001695
2022-09-12 17:00:00,,,,-0.7709359999998924,-0.36464399999977104,-0.5677899999998317,-1.1264860000001136,-0.2480249999998705,-0.687255499999992
2022-09-12 17:15:00,,,,-0.7709350000000086,-0.3639109999999164,-0.5674229999999625,-1.1247349999998733,-0.24669300000005023,-0.6857139999999617
2022-09-12 19:30:00,,,,-0.7690269999998236,-0.3649379999997109,-0.5669824999997672,-1.122241000000031,-0.24886999999989712,-0.685555499999964
2022-09-12 19:45:00,,,,-0.7728690000003553,-0.36391100000037113,-0.5683900000003632,-1.1301469999998517,-0.24728200000026845,-0.6887145000000601
2022-09-12 20:00:00,,,,-0.7724029999999402,-0.3651350000000093,-0.5687689999999748,-1.127943999999843,-0.24658700000009048,-0.6872654999999668
2022-09-12 20:30:00,,,,-0.7709320000003572,-0.364643000000342,-0.5677875000003496,-1.1235710000000836,-0.24511500000016895,-0.6843430000001263
2022-09-12 20:45:00,,,,-0.7713989999997466,-0.36250299999983326,-0.5669509999997899,-1.1257739999996375,-0.2445129999996425,-0.68514349999964
2022-09-12 21:00:00,,,,-0.7696499999997286,-0.36093799999980547,-0.565293999999767,-1.125774999999976,-0.24622899999985748,-0.6860019999999167
2022-09-12 21:15:00,,,,-0.771244999999908,-0.3637629999998353,-0.5675039999998717,-1.1262040000001434,-0.24770100000023376,-0.6869525000001886
2022-09-12 21:45:00,,,,-0.7690289999995912,-0.36302999999998065,-0.5660294999997859,-1.1210909999999785,-0.24695799999972223,-0.6840244999998504
2022-09-12 22:30:00,,,,-0.7709329999997863,-0.3612799999996241,-0.5661064999997052,-1.1264799999999013,-0.24811700000009296,-0.6872984999999971
2022-09-12 23:15:00,,,,-0.7724020000000564,-0.36005999999997584,-0.5662310000000161,-1.1279399999998532,-0.24765099999967788,-0.6877954999997655
2022-09-12 23:45:00,,,,-0.7738519999998061,-0.3633700000000317,-0.5686109999999189,-1.1264799999999013,-0.24766399999998612,-0.6870719999999437
2022-09-13 00:30:00,,,,-0.7721029999997882,-0.3619639999997162,-0.5670334999997522,-1.1264799999999013,-0.24839399999973466,-0.687436999999818
2022-09-13 01:00:00,,,,-0.771635999999944,-0.36263599999983853,-0.5671359999998913,-1.120777999999973,-0.24633200000016586,-0.6835550000000694
2022-09-13 01:15:00,,,,-0.7661880000000565,-0.36094699999966906,-0.5635674999998628,-1.1159280000001672,-0.2462279999999737,-0.6810780000000705
2022-09-13 02:45:00,,,,-0.7682499999996253,-0.36146599999983664,-0.564857999999731,-1.1185719999998582,-0.2480799999998453,-0.6833259999998518
2022-09-13 03:00:00,,,,-0.766769999999724,-0.36073499999974956,-0.5637524999997368,-1.1159309999998186,-0.24850000000014916,-0.6822154999999839
2022-09-13 04:15:00,,,,-0.7682509999999638,-0.3619000000003325,-0.5650755000001482,-1.119162999999844,-0.25026100000013685,-0.6847119999999904
2022-09-13 04:45:00,,,,-0.7697190000003502,-0.3631230000000869,-0.5664210000002186,-1.1200340000000324,-0.2478150000001733,-0.6839245000001029
2022-09-13 05:00:00,,,,-0.7697190000003502,-0.36306899999999587,-0.566394000000173,-1.1217839999999342,-0.25143000000025495,-0.6866070000000946
2022-09-13 05:15:00,,,,-0.7719350000002123,-0.364140000000134,-0.5680375000001732,-1.1239869999999428,-0.24998099999993428,-0.6869839999999385
2022-09-13 05:30:00,,,,-0.7680929999996806,-0.3619629999998324,-0.5650279999997565,-1.1160800000002382,-0.24606600000015533,-0.6810730000001968
2022-09-13 06:00:00,,,,-0.7714700000001358,-0.3645360000000437,-0.5680030000000897,-1.1217860000001565,-0.2488469999998415,-0.685316499999999
2022-09-13 06:15:00,,,,-0.7692540000002737,-0.36380300000018906,-0.5665285000002314,-1.117833000000246,-0.24926400000003923,-0.6835485000001427
2022-09-13 06:30:00,,,,-0.7699999999999818,-0.36366099999986545,-0.5668304999999236,-1.1185639999998784,-0.24968200000012075,-0.6841229999999996
2022-09-13 08:15:00,,,,-0.7720620000000054,-0.36512699999957476,-0.5685944999997901,-1.1217889999998079,-0.24884800000018004,-0.685318499999994
2022-09-13 08:30:00,,,,-0.7689440000003742,-0.3648729999999887,-0.5669085000001814,-1.1146130000001904,-0.2478160000000571,-0.6812145000001237
2022-09-13 09:00:00,,,,-0.769256999999925,-0.3621090000001459,-0.5656830000000355,-1.1213339999999334,-0.2491490000002159,-0.6852415000000747
2022-09-13 09:15:00,,,,-0.7670419999999467,-0.3606960000001891,-0.5638690000000679,-1.1138820000001033,-0.2446180000001732,-0.6792500000001382
2022-09-13 10:00:00,,,,-0.7710079999997106,-0.3656079999996109,-0.5683079999996608,-1.1195859999997992,-0.24914899999976114,-0.6843674999997802
2022-09-13 10:15:00,,,,-0.7695370000001276,-0.3649270000000797,-0.5672320000001037,-1.1152160000001459,-0.24595099999987724,-0.6805835000000116
2022-09-13 11:00:00,,,,-0.7697239999997691,-0.3614279999997052,-0.5655759999997372,-1.1217909999995754,-0.24594999999999345,-0.6838704999997844
2022-09-13 11:15:00,,,,-0.7685639999999694,-0.3612870000001749,-0.5649255000000721,-1.1235389999997096,-0.24986799999987852,-0.6867034999997941
2022-09-13 12:15:00,,,,-0.7714829999999893,-0.3631879999998091,-0.5673354999998992,-1.1229600000001483,-0.24712099999987913,-0.6850405000000137
2022-09-13 12:30:00,,,,-0.7719520000000557,-0.3643560000000434,-0.5681540000000496,-1.125166000000263,-0.24829500000032567,-0.6867305000002943
2022-09-13 12:45:00,,,,-0.7713319999998021,-0.36392099999966376,-0.5676264999997329,-1.1239810000001853,-0.24845800000002782,-0.6862195000001066
2022-09-13 13:00:00,,,,-0.7737839999999778,-0.365577999999914,-0.5696809999999459,-1.1217780000001767,-0.24642799999992349,-0.6841030000000501
2022-09-13 13:15:00,,,,-0.7730799999999363,-0.36542499999995925,-0.5692524999999478,-1.1204830000001493,-0.24509699999998702,-0.6827900000000682
2022-09-13 13:30:00,,,,-0.7735469999997804,-0.36563299999988885,-0.5695899999998346,-1.1261859999999615,-0.24573300000020026,-0.6859595000000809
2022-09-13 13:45:00,,,,-0.7692729999998846,-0.36265899999989415,-0.5659659999998894,-1.1207720000002155,-0.24642799999992349,-0.6836000000000695
2022-09-13 14:00:00,,,,-0.772490999999718,-0.36528999999973166,-0.5688904999997249,-1.123971999999867,-0.24558200000001307,-0.68477699999994
2022-09-13 14:15:00,,,,-0.7724899999998343,-0.366305999999895,-0.5693979999998646,-1.1239709999999832,-0.24774800000022879,-0.685859500000106
2022-09-13 14:30:00,,,,-0.7691060000001926,-0.36382000000003245,-0.5664630000001125,-1.1217679999999746,-0.24933800000007977,-0.6855530000000272
2022-09-13 14:45:00,,,,-0.7703890000002502,-0.36630200000035984,-0.568345500000305,-1.1160660000000462,-0.24542199999996228,-0.6807440000000042
2022-09-13 15:00:00,,,,-0.7679049999997005,-0.3643099999999322,-0.5661074999998164,-1.1165030000001934,-0.24730799999997544,-0.6819055000000844
2022-09-13 15:15:00,,,,-0.770864999999958,-0.36558000000013635,-0.5682225000000471,-1.1200279999998202,-0.24759899999980917,-0.6838134999998147
2022-09-13 15:45:00,,,,-0.7726579999998648,-0.36659599999984493,-0.5696269999998549,-1.125304000000142,-0.25092499999982465,-0.6881144999999833
2022-09-13 16:00:00,,,,-0.7723470000000816,-0.3660700000000361,-0.5692085000000588,-1.122671999999966,-0.24732100000028368,-0.6849965000001248
2022-09-13 17:30:00,,,,-0.7689599999998791,-0.3631500000001324,-0.5660550000000057,-1.1187149999996109,-0.24557099999992715,-0.682142999999769
2022-09-13 17:45:00,,,,-0.7679140000000189,-0.36505299999998897,-0.5664835000000039,-1.114763000000039,-0.24515400000018417,-0.6799585000001116
2022-09-13 18:00:00,,,,-0.7745890000001054,-0.3734940000003917,-0.5740415000002486,-1.1202769999999873,-0.25589499999978216,-0.6880859999998847
2022-09-13 18:15:00,,,,-0.7745890000001054,-0.37407200000006924,-0.5743305000000873,-1.1220260000000053,-0.25822299999981624,-0.6901244999999108
2022-09-13 18:45:00,,,,-0.7659929999999804,-0.3675990000001548,-0.5667960000000676,-1.1053179999998974,-0.25367000000005646,-0.679493999999977
2022-09-13 19:00:00,,,,-0.7714420000002065,-0.36711300000024494,-0.5692775000002257,-1.1101659999999356,-0.2504469999998946,-0.6803064999999151
2022-09-13 19:15:00,,,,-0.7663149999998495,-0.36200400000006994,-0.5641594999999597,-1.1079609999997047,-0.25344700000005105,-0.6807039999998779
2022-09-13 19:30:00,,,,-0.7677440000002207,-0.3627270000001772,-0.565235500000199,-1.1053179999998974,-0.25011099999983344,-0.6777144999998654
2022-09-13 19:45:00,,,,-0.7715550000002622,-0.36267399999996996,-0.5671145000001161,-1.1207279999998718,-0.2537250000000313,-0.6872264999999516
2022-09-13 20:00:00,,,,-0.7674449999999524,-0.3632639999996172,-0.5653544999997848,-1.103867000000264,-0.2525660000001153,-0.6782165000001896
2022-09-13 20:15:00,,,,-0.770085999999992,-0.36427999999978056,-0.5671829999998863,-1.1163590000001022,-0.2547330000002148,-0.6855460000001585
2022-09-13 20:30:00,,,,-0.7696200000000317,-0.362920000000031,-0.5662700000000314,-1.1141560000000936,-0.25183500000002823,-0.6829955000000609
2022-09-13 21:00:00,,,,-0.7701120000001538,-0.36398600000029546,-0.5670490000002246,-1.1105889999998908,-0.2527279999999337,-0.6816584999999122
2022-09-13 21:15:00,,,,-0.7736949999998615,-0.3647289999998975,-0.5692119999998795,-1.128657000000203,-0.25348200000007637,-0.6910695000001397
2022-09-13 21:30:00,,,,-0.7724420000004102,-0.36515600000029735,-0.5687990000003538,-1.1216060000001562,-0.25389799999993556,-0.6877520000000459
2022-09-13 22:00:00,,,,-0.7749779999999191,-0.3647280000000137,-0.5698529999999664,-1.1247040000002926,-0.24998200000027282,-0.6873430000002827
2022-09-13 22:30:00,,,,-0.7747110000000248,-0.3612289999996392,-0.567969999999832,-1.1290960000001178,-0.24998099999993428,-0.689538500000026
2022-09-13 22:45:00,,,,-0.777744999999868,-0.3657459999999446,-0.5717454999999063,-1.127473000000009,-0.2527279999999337,-0.6901004999999714
2022-09-13 23:00:00,,,,-0.7769560000001547,-0.36515300000019124,-0.571054500000173,-1.1220470000002933,-0.250398000000132,-0.6862225000002127
2022-09-13 23:15:00,,,,-0.7759939999996277,-0.3609440000000177,-0.5684689999998227,-1.1268930000001092,-0.2456480000000738,-0.6862705000000915
2022-09-13 23:30:00,,,,-0.7747400000002926,-0.36393100000032064,-0.5693355000003066,-1.1215919999999642,-0.25459300000011353,-0.6880925000000389
2022-09-13 23:45:00,,,,-0.7764900000001944,-0.36421400000017456,-0.5703520000001845,-1.123341999999866,-0.25717600000007224,-0.6902589999999691
2022-09-14 00:15:00,,,,-0.7747529999996914,-0.36203699999987293,-0.5683949999997822,-1.1227749999998196,-0.25500899999997273,-0.6888919999998961
2022-09-14 00:30:00,,,,-0.7759949999999662,-0.3595550000000003,-0.5677749999999833,-1.1286420000001272,-0.2536760000002687,-0.6911590000001979
2022-09-14 00:45:00,,,,-0.7769690000000082,-0.3620370000003277,-0.569503000000168,-1.1220589999998083,-0.25034099999993487,-0.6861999999998716
2022-09-14 01:00:00,,,,-0.7796780000003309,-0.3609670000000733,-0.5703225000002021,-1.1322970000001078,-0.251788999999917,-0.6920430000000124
2022-09-14 01:30:00,,,,-0.7813880000003337,-0.36102100000016435,-0.571204500000249,-1.1415509999997084,-0.251093999999739,-0.6963224999997237
2022-09-14 01:45:00,,,,-0.7804169999999431,-0.3627129999999852,-0.5715649999999641,-1.1312920000000304,-0.251198999999815,-0.6912454999999227
2022-09-14 02:15:00,,,,-0.7764510000001792,-0.36145299999998315,-0.5689520000000812,-1.1290869999997994,-0.25266899999996895,-0.6908779999998842
2022-09-14 02:45:00,,,,-0.780924000000141,-0.36218700000017634,-0.5715555000001586,-1.1346810000000005,-0.2475850000000719,-0.6911330000000362
2022-09-14 03:00:00,,,,-0.7806150000001253,-0.36165600000003906,-0.5711355000000822,-1.1367199999999684,-0.24864099999967948,-0.692680499999824
2022-09-14 03:15:00,,,,-0.7791740000002392,-0.3609230000001844,-0.5700485000002118,-1.1376000000000204,-0.2502260000001115,-0.693913000000066
2022-09-14 03:30:00,,,,-0.7810810000000856,-0.3626730000000862,-0.5718770000000859,-1.138922999999977,-0.2508069999998952,-0.6948649999999361
2022-09-14 03:45:00,,,,-0.7813909999999851,-0.3638980000000629,-0.572644500000024,-1.1386339999999109,-0.248363000000154,-0.6934985000000324
2022-09-14 04:00:00,,,,-0.783335999999963,-0.3638949999999568,-0.5736154999999599,-1.1417320000000473,-0.24661199999991368,-0.6941719999999805
2022-09-14 04:15:00,,,,-0.7762970000003406,-0.361992999999984,-0.5691450000001623,-1.1266089999999167,-0.24877900000001318,-0.6876939999999649
2022-09-14 04:30:00,,,,-0.7777790000000095,-0.36346000000003187,-0.5706195000000207,-1.1275030000001607,-0.2461950000001707,-0.6868490000001657
2022-09-14 04:45:00,,,,-0.7758310000003803,-0.36244299999998475,-0.5691370000001825,-1.1214970000000903,-0.242870000000039,-0.6821835000000647
2022-09-14 05:00:00,,,,-0.7760299999999916,-0.36118500000020504,-0.5686075000000983,-1.1292520000001787,-0.24549999999999272,-0.6873760000000857
2022-09-14 05:45:00,,,,-0.7760290000001078,-0.3636670000000777,-0.5698480000000927,-1.126343000000361,-0.24392299999999523,-0.6851330000001781
2022-09-14 06:00:00,,,,-0.7755630000001474,-0.362934000000223,-0.5692485000001852,-1.1241400000003523,-0.24434000000019296,-0.6842400000002726
2022-09-14 07:00:00,,,,-0.7742360000002009,-0.36434700000017983,-0.5692915000001904,-1.1222170000000915,-0.24536200000011377,-0.6837895000001026
2022-09-14 07:15:00,,,,-0.7759860000001026,-0.36542400000007547,-0.5707050000000891,-1.1222170000000915,-0.24392799999986892,-0.6830724999999802
2022-09-14 07:30:00,,,,-0.7747020000001612,-0.36440700000002835,-0.5695545000000948,-1.1226710000000821,-0.24175999999988562,-0.6822154999999839
2022-09-14 07:45:00,,,,-0.7764529999999468,-0.3664400000002388,-0.5714465000000928,-1.1226739999997335,-0.24434299999984432,-0.6835084999997889
2022-09-14 08:00:00,,,,-0.7742360000002009,-0.36440700000002835,-0.5693215000001146,-1.1204680000000735,-0.24175999999988562,-0.6811139999999796
2022-09-14 08:15:00,,,,-0.7724880000000667,-0.36192499999970096,-0.5672064999998838,-1.120469999999841,-0.24217899999985093,-0.681324499999846
2022-09-14 08:30:00,,,,-0.7767629999998462,-0.36542499999995925,-0.5710939999999027,-1.1258840000000419,-0.24392900000020745,-0.6849065000001247
2022-09-14 08:45:00,,,,-0.7724889999999505,-0.36090999999987616,-0.5666994999999133,-1.1222200000001976,-0.24176200000010795,-0.6819910000001528
2022-09-14 09:00:00,,,,-0.7742379999999685,-0.36542499999995925,-0.5698314999999639,-1.122218999999859,-0.2456779999997707,-0.6839484999998149
2022-09-14 09:15:00,,,,-0.7747040000003835,-0.3644080000003669,-0.5695560000003752,-1.1226729999998497,-0.2417609999997694,-0.6822169999998096
2022-09-14 09:30:00,,,,-0.7747059999996964,-0.3644099999996797,-0.569557999999688,-1.1261760000002141,-0.2452619999999115,-0.6857190000000628
2022-09-14 10:00:00,,,,-0.7745479999998679,-0.3644089999997959,-0.5694784999998319,-1.1236830000002556,-0.24351200000000972,-0.6835975000001326
2022-09-14 10:15:00,,,,-0.7759989999999561,-0.36563200000000506,-0.5708154999999806,-1.1239810000001853,-0.24281599999994796,-0.6833985000000666
2022-09-14 11:15:00,,,,-0.7724989999996978,-0.3633919999997488,-0.5679454999997233,-1.1222309999998288,-0.2430939999999282,-0.6826624999998785
2022-09-14 13:00:00,,,,-0.7754810000001271,-0.3655739999999241,-0.5705275000000256,-1.1310089999997217,-0.24758799999972325,-0.6892984999997225
2022-09-14 13:15:00,,,,-0.7772320000003674,-0.36659000000008746,-0.5719110000002274,-1.1315899999999601,-0.24858499999982087,-0.6900874999998905
2022-09-14 13:45:00,,,,-0.7728030000002946,-0.3648900000002868,-0.5688465000002907,-1.1248669999999947,-0.24614199999996345,-0.6855044999999791
2022-09-14 14:00:00,,,,-0.7728029999998398,-0.36488999999983207,-0.5688464999998359,-1.1248669999999947,-0.24614199999996345,-0.6855044999999791
2022-09-14 14:45:00,,,,-0.7745530000001963,-0.3651380000001154,-0.5698455000001559,-1.1266169999998965,-0.24600199999986216,-0.6863094999998793
2022-09-14 15:00:00,,,,-0.7740029999999933,-0.3633869999998751,-0.5686949999999342,-1.1301300000000083,-0.24600199999986216,-0.6880659999999352
2022-09-14 15:15:00,,,,-0.7735469999997804,-0.3633929999996326,-0.5684699999997065,-1.1279359999998633,-0.24601299999994808,-0.6869744999999057
2022-09-14 15:30:00,,,,-0.7735459999998966,-0.3668920000000071,-0.5702189999999518,-1.1244369999999435,-0.24601400000028661,-0.6852255000001151
2022-09-14 15:45:00,,,,-0.7773430000002008,-0.3673220000000583,-0.5723325000001296,-1.1386539999998604,-0.24816699999973935,-0.6934104999997999
2022-09-14 16:00:00,,,,-0.7726040000002286,-0.3676560000003519,-0.5701300000002902,-1.1200180000000728,-0.24830900000006295,-0.6841635000000679
2022-09-14 16:15:00,,,,-0.774550999999974,-0.36839000000009037,-0.5714705000000322,-1.1248639999998886,-0.247892999999749,-0.6863784999998188
2022-09-14 16:30:00,,,,-0.7736190000000533,-0.3666390000003048,-0.5701290000001791,-1.1222060000000056,-0.247892999999749,-0.6850494999998773
2022-09-14 16:45:00,,,,-0.7710919999999533,-0.3656230000001415,-0.5683575000000474,-1.1167789999999513,-0.24572600000010425,-0.6812525000000278
2022-09-14 17:15:00,,,,-0.7736199999999371,-0.3671309999999721,-0.5703754999999546,-1.1222069999998894,-0.24761499999976877,-0.6849109999998291
2022-09-14 18:00:00,,,,-0.7758350000003702,-0.3698970000000372,-0.5728660000002037,-1.126158999999916,-0.2515300000000025,-0.6888444999999592
2022-09-14 18:15:00,,,,-0.7753670000001875,-0.3698939999999311,-0.5726305000000593,-1.1204569999999876,-0.2480310000000827,-0.6842440000000352
2022-09-14 19:15:00,,,,-0.7736170000002858,-0.3668320000001586,-0.5702245000002222,-1.122204999999667,-0.2496169999999438,-0.6859109999998054
2022-09-14 19:30:00,,,,-0.7737740000002304,-0.3655210000001716,-0.569647500000201,-1.1229370000000927,-0.24945500000012544,-0.686196000000109
2022-09-14 19:45:00,,,,-0.7737720000000081,-0.36659000000008746,-0.5701810000000478,-1.1229339999999866,-0.24975499999982276,-0.6863444999999047
2022-09-14 20:00:00,,,,-0.7755219999999099,-0.36683299999958763,-0.5711774999997488,-1.1229349999998703,-0.24786799999992581,-0.6854014999998981
2022-09-14 20:30:00,,,,-0.7748280000000705,-0.3645929999997861,-0.5697104999999283,-1.125727999999981,-0.2481470000002446,-0.6869375000001128
2022-09-14 20:45:00,,,,-0.7742479999997158,-0.3650889999998981,-0.569668499999807,-1.1268979999999829,-0.24963000000025204,-0.6882640000001174
2022-09-14 21:00:00,,,,-0.7727660000000469,-0.36460299999998824,-0.5686845000000176,-1.1242540000002919,-0.24990600000000995,-0.6870800000001509
2022-09-14 21:15:00,,,,-0.7745159999999487,-0.36635299999989,-0.5704344999999194,-1.1242550000001756,-0.24990699999989374,-0.6870810000000347
2022-09-14 21:45:00,,,,-0.7723009999999704,-0.36567399999967165,-0.568987499999821,-1.1185519999999087,-0.24670999999989363,-0.6826309999999012
2022-09-14 23:00:00,,,,-0.7756760000002032,-0.36655000000018845,-0.5711130000001958,-1.1225050000002739,-0.24412500000016735,-0.6833150000002206
2022-09-14 23:45:00,,,,-0.773584000000028,-0.36640499999975873,-0.5699944999998934,-1.1180970000000343,-0.24629099999992832,-0.6821939999999813
2022-09-15 00:15:00,,,,-0.7778920000000653,-0.3658170000003338,-0.5718545000001996,-1.128208000000086,-0.24629300000015064,-0.6872505000001183
2022-09-15 02:00:00,,,,-0.7756749999998647,-0.3661529999999402,-0.5709139999999024,-1.1225039999999353,-0.24526000000014392,-0.6838820000000396
2022-09-15 04:00:00,,,,-0.7756779999999708,-0.36630300000024363,-0.5709905000001072,-1.1242560000000594,-0.2460160000000542,-0.6851360000000568
2022-09-15 04:15:00,,,,-0.7778920000000653,-0.36630200000035984,-0.5720970000002126,-1.1264599999999518,-0.2442670000000362,-0.685363499999994
2022-09-15 04:30:00,,,,-0.7769610000000284,-0.3668330000000424,-0.5718970000000354,-1.1220539999999346,-0.24670999999989363,-0.6843819999999141
2022-09-15 04:45:00,,,,-0.7789080000002286,-0.36751200000026074,-0.5732100000002447,-1.1269000000002052,-0.24815799999987576,-0.6875290000000405
2022-09-15 05:15:00,,,,-0.7774269999999888,-0.36615400000027876,-0.5717905000001338,-1.1260059999999612,-0.24701099999992948,-0.6865084999999453
2022-09-15 05:45:00,,,,-0.7769610000000284,-0.3661529999999402,-0.5715569999999843,-1.1220530000000508,-0.24526000000014392,-0.6836565000000974
2022-09-15 06:00:00,,,,-0.7747450000001663,-0.36737300000004325,-0.5710590000001048,-1.1181000000001404,-0.24456800000007206,-0.6813340000001062
2022-09-15 06:15:00,,,,-0.7737299999998868,-0.3658709999999701,-0.5698004999999284,-1.1159120000002076,-0.2409299999999348,-0.6784210000000712
2022-09-15 06:30:00,,,,-0.7741960000003019,-0.3644640000002255,-0.5693300000002637,-1.121614000000136,-0.24340900000015608,-0.682511500000146
2022-09-15 07:00:00,,,,-0.7766489999999067,-0.36864299999979266,-0.5726459999998497,-1.1194090000003598,-0.24543800000037663,-0.6824235000003682
2022-09-15 07:30:00,,,,-0.7749009999997725,-0.3668939999997747,-0.5708974999997736,-1.1205720000002657,-0.2465980000001764,-0.683585000000221
2022-09-15 08:00:00,,,,-0.7750280000000203,-0.36713700000018434,-0.5710825000001023,-1.1172209999999723,-0.24470999999994092,-0.6809654999999566
2022-09-15 08:15:00,,,,-0.7771289999996043,-0.36762599999974555,-0.5723774999996749,-1.1198789999998553,-0.24151100000017323,-0.6806950000000143
2022-09-15 09:00:00,,,,-0.7749149999999645,-0.36587799999961135,-0.5703964999997879,-1.1194249999998647,-0.2432619999999588,-0.6813434999999117
2022-09-15 10:30:00,,,,-0.7761169999998856,-0.3675749999997606,-0.5718459999998231,-1.1229410000000826,-0.2468779999999242,-0.6849095000000034
2022-09-15 10:45:00,,,,-0.7786439999999857,-0.36645899999984977,-0.5725514999999177,-1.1277869999998984,-0.24326299999984258,-0.6855249999998705
2022-09-15 11:00:00,,,,-0.7798139999999876,-0.3658780000000661,-0.5728460000000268,-1.1295369999998002,-0.2432619999999588,-0.6863994999998795
2022-09-15 11:15:00,,,,-0.7781779999995706,-0.3657259999999951,-0.5719519999997829,-1.1273339999997916,-0.24542999999994208,-0.6863819999998668
2022-09-15 11:45:00,,,,-0.7775979999996707,-0.36582499999985885,-0.5717114999997648,-1.1273329999999078,-0.24687700000004043,-0.6871049999999741
2022-09-15 12:15:00,,,,-0.7781789999999091,-0.36640499999975873,-0.5722919999998339,-1.12733500000013,-0.24687700000004043,-0.6871060000000853
2022-09-15 12:30:00,,,,-0.7778979999998228,-0.3656719999999041,-0.5717849999998634,-1.1299560000002202,-0.24904400000013993,-0.6895000000001801
2022-09-15 12:45:00,,,,-0.776147999999921,-0.3636389999996936,-0.5698934999998073,-1.1282059999998637,-0.2447109999998247,-0.6864584999998442
2022-09-15 13:00:00,,,,-0.7796479999997246,-0.36640499999975873,-0.5730264999997416,-1.129957000000104,-0.2468779999999242,-0.6884175000000141
2022-09-15 13:15:00,,,,-0.7762619999998606,-0.36397600000009334,-0.570118999999977,-1.1260040000001936,-0.2448500000000422,-0.6854270000001179
2022-09-15 13:45:00,,,,-0.7778989999997066,-0.3639769999999771,-0.5709379999998418,-1.1282170000004044,-0.24369100000012622,-0.6859540000002653
2022-09-15 14:30:00,,,,-0.7752169999998841,-0.36344999999982974,-0.5693334999998569,-1.1220600000001468,-0.24124600000004648,-0.6816530000000967
2022-09-15 14:45:00,,,,-0.7772890000001098,-0.3629639999999199,-0.5701265000000149,-1.126451999999972,-0.24268099999972037,-0.6845664999998462
2022-09-15 15:15:00,,,,-0.7795029999997496,-0.36621599999989485,-0.5728594999998222,-1.1286549999999806,-0.24457100000017817,-0.6866130000000794
2022-09-15 15:30:00,,,,-0.7769800000000942,-0.36520100000007005,-0.5710905000000821,-1.1249920000000202,-0.24415399999998044,-0.6845730000000003
2022-09-15 15:45:00,,,,-0.775695999999698,-0.36286999999992986,-0.5692829999998139,-1.126025000000027,-0.24240499999996246,-0.6842149999999947
2022-09-15 16:15:00,,,,-0.7774460000000545,-0.36563799999976254,-0.5715419999999085,-1.124276000000009,-0.24282300000004398,-0.6835495000000265
2022-09-15 17:30:00,,,,-0.7760049999997136,-0.36360500000000684,-0.5698049999998602,-1.127487000000201,-0.24198900000010326,-0.6847380000001522
2022-09-15 19:00:00,,,,-0.7737879999999677,-0.3621909999997115,-0.5679894999998396,-1.1235310000001846,-0.24095699999998033,-0.6822440000000825
2022-09-15 19:45:00,,,,-0.777751999999964,-0.36486299999978655,-0.5713074999998753,-1.125735000000077,-0.2405189999999493,-0.6831270000000131
2022-09-15 20:00:00,,,,-0.7752150000001166,-0.36635999999998603,-0.5707875000000513,-1.1203080000000227,-0.242406000000301,-0.6813570000001619
2022-09-15 20:15:00,,,,-0.7749869999997827,-0.36446699999987686,-0.5697269999998298,-1.1264649999998255,-0.24457299999994575,-0.6855189999998856
2022-09-15 20:45:00,,,,-0.775948999999855,-0.3648570000000291,-0.570402999999942,-1.121618000000126,-0.24051600000029794,-0.6810670000002119
2022-09-15 21:00:00,,,,-0.7737339999998767,-0.36363399999981993,-0.5686839999998483,-1.1194139999997788,-0.24296099999992293,-0.6811874999998508
2022-09-15 21:15:00,,,,-0.7731519999997545,-0.3635799999997289,-0.5683659999997417,-1.1188210000000254,-0.2448170000002392,-0.6818190000001323
2022-09-15 21:30:00,,,,-0.7741989999999532,-0.3636349999997037,-0.5689169999998285,-1.121614999999565,-0.24296199999980672,-0.6822884999996859
2022-09-15 21:45:00,,,,-0.771516999999676,-0.36290199999984907,-0.5672094999997626,-1.1166180000000168,-0.24453899999980422,-0.6805784999999105
2022-09-15 22:00:00,,,,-0.7752129999998942,-0.3653289999997469,-0.5702709999998206,-1.120296000000053,-0.2448170000002392,-0.6825565000001461
2022-09-15 22:15:00,,,,-0.7774289999997563,-0.366345999999794,-0.5718874999997752,-1.123088999999709,-0.24582399999962945,-0.6844564999996692
2022-09-15 23:00:00,,,,-0.775213999999778,-0.36465699999962453,-0.5699354999997013,-1.1202950000001692,-0.24338100000022678,-0.681838000000198
2022-09-15 23:15:00,,,,-0.7756799999997384,-0.365146999999979,-0.5704134999998587,-1.1259979999999814,-0.24660099999982776,-0.6862994999999046
2022-09-15 23:45:00,,,,-0.7753669999997328,-0.3621720000001005,-0.5687694999999167,-1.1227750000002743,-0.24379700000008597,-0.6832860000001801
2022-09-16 00:30:00,,,,-0.7775839999999334,-0.36407099999996717,-0.5708274999999503,-1.1255679999999302,-0.2433789999995497,-0.6844734999997399
2022-09-16 00:45:00,,,,-0.7784749999996166,-0.3653849999996055,-0.571929999999611,-1.1270419999996193,-0.2429629999996905,-0.6850024999996549
2022-09-16 01:00:00,,,,-0.7771179999999731,-0.36407099999996717,-0.5705944999999701,-1.1233649999999216,-0.24337999999988824,-0.6833724999999049
2022-09-16 01:45:00,,,,-0.7764969999998357,-0.3656670000000304,-0.571081999999933,-1.1181009999995695,-0.24379699999963123,-0.6809489999996003
2022-09-16 02:30:00,,,,-0.7747479999998177,-0.36459800000011455,-0.5696729999999661,-1.119850999999926,-0.24699499999996988,-0.6834229999999479
2022-09-16 02:45:00,,,,-0.7787139999995816,-0.3673639999997249,-0.5730389999996532,-1.1238049999997202,-0.24916199999961464,-0.6864834999996674
2022-09-16 03:15:00,,,,-0.7756800000001931,-0.3643560000000434,-0.5700180000001183,-1.1242580000002818,-0.24713300000030358,-0.6856955000002927
2022-09-16 03:30:00,,,,-0.7764970000002904,-0.36736300000029587,-0.5719300000002931,-1.119850999999926,-0.24916200000006938,-0.6845064999999977
2022-09-16 03:45:00,,,,-0.7740539999999783,-0.36421100000006845,-0.5691325000000234,-1.1203049999999166,-0.24755000000004657,-0.6839274999999816
2022-09-16 04:15:00,,,,-0.7761880000002748,-0.3668370000000323,-0.5715125000001535,-1.1183909999999742,-0.24671600000010585,-0.68255350000004
2022-09-16 04:45:00,,,,-0.7768189999997048,-0.3656790000000001,-0.5712489999998525,-1.119575000000168,-0.24379899999985355,-0.6816870000000108
2022-09-16 05:00:00,,,,-0.7762280000001738,-0.36581999999998516,-0.5710240000000795,-1.1195739999998295,-0.24337999999988824,-0.6814769999998589
2022-09-16 06:15:00,,,,-0.7774309999999787,-0.36757200000010926,-0.572501500000044,-1.126009999999951,-0.24805100000003222,-0.6870304999999917
2022-09-16 06:45:00,,,,-0.771516000000247,-0.3629009999999653,-0.5672085000001061,-1.115458000000217,-0.24337999999988824,-0.6794190000000526
2022-09-16 07:00:00,,,,-0.7764980000001742,-0.3674180000002707,-0.5719580000002225,-1.1181040000001303,-0.24554799999987154,-0.6818260000000009
2022-09-16 07:15:00,,,,-0.7766520000000128,-0.3678540000000794,-0.5722530000000461,-1.1194139999997788,-0.2477139999996325,-0.6835639999997056
2022-09-16 07:30:00,,,,-0.7732670000000326,-0.364933999999721,-0.5691004999998768,-1.1154599999999846,-0.24596399999973073,-0.6807119999998577
2022-09-16 07:45:00,,,,-0.7771179999999731,-0.36561399999982314,-0.5713659999998981,-1.1233659999998054,-0.24799199999961274,-0.685678999999709
2022-09-16 08:00:00,,,,-0.7744370000000345,-0.3661039999997229,-0.5702704999998787,-1.1183700000001409,-0.24887399999988702,-0.6836220000000139
2022-09-16 09:00:00,,,,-0.7753689999999551,-0.3639239999997699,-0.5696464999998625,-1.1245260000000599,-0.24729900000011185,-0.6859125000000859
2022-09-16 09:15:00,,,,-0.7751849999999649,-0.36669199999960256,-0.5709384999997837,-1.1162039999999251,-0.24596900000005917,-0.6810864999999922
2022-09-16 09:45:00,,,,-0.7779389999996056,-0.36742499999991196,-0.5726819999997588,-1.1183729999997922,-0.24555199999986144,-0.6819624999998268
2022-09-16 10:00:00,,,,-0.7747179999996661,-0.3669369999997798,-0.5708274999997229,-1.1157490000000507,-0.24757499999986976,-0.6816619999999602
2022-09-16 10:15:00,,,,-0.7769359999997505,-0.3669390000000021,-0.5719374999998763,-1.1197050000000672,-0.24757899999985966,-0.6836419999999634
2022-09-16 10:45:00,,,,-0.7744410000000244,-0.36270799999965675,-0.5685744999998406,-1.1201230000001487,-0.2479950000001736,-0.6840590000001612
2022-09-16 11:00:00,,,,-0.7777020000003176,-0.36377400000037596,-0.5707380000003468,-1.1262790000000678,-0.24771899999996094,-0.6869990000000143
2022-09-16 11:15:00,,,,-0.7784050000000207,-0.365675999999894,-0.5720404999999573,-1.1240760000000591,-0.24730200000021796,-0.6856890000001385
2022-09-16 11:45:00,,,,-0.7759510000000773,-0.36324599999989005,-0.5695984999999837,-1.126278000000184,-0.24702299999989918,-0.6866505000000416
2022-09-16 12:15:00,,,,-0.7752179999997679,-0.362170999999762,-0.568694499999765,-1.125557999999728,-0.2472989999996571,-0.6864284999996926
2022-09-16 12:30:00,,,,-0.7764999999999418,-0.3661589999996977,-0.5713294999998197,-1.1198560000002544,-0.24527100000022983,-0.6825635000002421
2022-09-16 12:45:00,,,,-0.771375999999691,-0.36325099999976374,-0.5673134999997274,-1.1176510000000235,-0.24702000000024782,-0.6823355000001357
2022-09-16 13:00:00,,,,-0.7743000000000393,-0.3651519999998527,-0.569725999999946,-1.1170870000000832,-0.24427800000012212,-0.6806825000001027
2022-09-16 13:15:00,,,,-0.7765150000000176,-0.36616700000013225,-0.5713410000000749,-1.1227900000003501,-0.2481950000001234,-0.6854925000002368
2022-09-16 13:30:00,,,,-0.7774480000002768,-0.3663219999998546,-0.5718850000000657,-1.1271969999997964,-0.24719800000002579,-0.6871974999999111
2022-09-16 13:45:00,,,,-0.7735959999999977,-0.3651519999998527,-0.5693739999999252,-1.1216199999998935,-0.24777799999992567,-0.6846989999999096
2022-09-16 14:15:00,,,,-0.7750649999998132,-0.36564199999975244,-0.5703534999997828,-1.12074100000018,-0.24400000000014188,-0.682370500000161
2022-09-16 14:30:00,,,,-0.7723819999996522,-0.36563999999998487,-0.5690109999998185,-1.1180829999998423,-0.24749699999983932,-0.6827899999998408
2022-09-16 15:15:00,,,,-0.777983999999833,-0.36855100000002494,-0.573267499999929,-1.1242409999999836,-0.24749000000019805,-0.6858655000000908
2022-09-16 16:00:00,,,,-0.7765469999999368,-0.3639429999998356,-0.5702449999998862,-1.1233839999999873,-0.24038700000028257,-0.6818855000001349
2022-09-16 16:15:00,,,,-0.7782959999999548,-0.3661229999997886,-0.5722094999998717,-1.1251340000003438,-0.24371200000041426,-0.684423000000379
2022-09-16 16:30:00,,,,-0.7782959999999548,-0.36685599999964325,-0.572575999999799,-1.1251340000003438,-0.24329400000033274,-0.6842140000003383
2022-09-16 16:45:00,,,,-0.7733159999997952,-0.3640900000000329,-0.568702999999914,-1.1224910000000818,-0.242877000000135,-0.6826840000001084
2022-09-16 18:15:00,,,,-0.7765450000001692,-0.36559600000009596,-0.5710705000001326,-1.1239729999997508,-0.24185599999964325,-0.682914499999697
2022-09-16 18:30:00,,,,-0.7727030000000923,-0.3639459999999417,-0.568324500000017,-1.1178150000000642,-0.24213400000007823,-0.6799745000000712
2022-09-16 18:45:00,,,,-0.7714200000000346,-0.36268699999982346,-0.567053499999929,-1.1200180000000728,-0.2418550000002142,-0.6809365000001435
2022-09-16 19:15:00,,,,-0.7744529999999941,-0.3661329999999907,-0.5702929999999924,-1.1195640000000822,-0.24547200000006342,-0.6825180000000728
2022-09-16 19:30:00,,,,-0.7727019999997538,-0.36686599999984537,-0.5697839999997996,-1.1178130000002966,-0.24505500000032043,-0.6814340000003085
2022-09-16 19:45:00,,,,-0.7722349999999096,-0.3661320000001069,-0.5691835000000083,-1.1156089999999494,-0.24547099999972488,-0.6805399999998372
2022-09-16 20:45:00,,,,-0.7738620000000083,-0.36583999999993466,-0.5698509999999715,-1.1172230000001946,-0.24112900000000081,-0.6791760000000977
2022-09-16 21:00:00,,,,-0.7760769999999866,-0.36583999999993466,-0.5709584999999606,-1.121176000000105,-0.24113000000033935,-0.6811530000002222
2022-09-16 21:15:00,,,,-0.7737790000001041,-0.36286699999982375,-0.5683229999999639,-1.1246900000001006,-0.24357400000008056,-0.6841320000000906
2022-09-16 21:30:00,,,,-0.7740159999998468,-0.36802599999964514,-0.571020999999746,-1.1167840000002798,-0.24329600000010032,-0.68004000000019
2022-09-16 22:00:00,,,,-0.7794629999998506,-0.36802499999976135,-0.573743999999806,-1.1233790000001136,-0.24154500000031476,-0.6824620000002142
2022-09-16 22:15:00,,,,-0.7779799999998431,-0.3690409999999247,-0.5735104999998839,-1.1207360000003064,-0.24371199999995952,-0.682224000000133
2022-09-16 22:30:00,,,,-0.7782930000003034,-0.3661219999999048,-0.5722075000001041,-1.1233790000001136,-0.24196200000005774,-0.6826705000000857
2022-09-16 23:30:00,,,,-0.7738600000002407,-0.3657850000004146,-0.5698225000003276,-1.1189699999999903,-0.24474400000008245,-0.6818570000000364
2022-09-16 23:45:00,,,,-0.7760769999999866,-0.3662770000000819,-0.5711770000000342,-1.1217650000003232,-0.24330700000018624,-0.6825360000002547
2022-09-17 00:00:00,,,,-0.7738599999997859,-0.36578499999995984,-0.5698224999998729,-1.1178099999997357,-0.24358399999982794,-0.6806969999997818
