Date_Time,P1_h_left,P1_h_right,P1_h_average,P2_h_left,P2_h_right,P2_h_average,P3_h_left,P3_h_right,P3_h_average
2023-06-25 00:15:00,-0.4796040000001085,-0.9026289999997061,-0.6911164999999073,-0.8050949999997101,-0.2450859999999011,-0.5250904999998056,-1.358064000000013,-0.14269999999987704,-0.750381999999945
2023-06-25 01:15:00,-0.4784340000001066,-0.9021669999997357,-0.6903004999999212,-0.8068439999997281,-0.24581899999975576,-0.5263314999997419,-1.3568940000000111,-0.13936400000011417,-0.7481290000000627
2023-06-25 03:15:00,-0.47843299999976807,-0.9021659999998519,-0.69029949999981,-0.8068429999998443,-0.24581799999987197,-0.5263304999998581,-1.3598120000001472,-0.14228199999979552,-0.7510469999999714
2023-06-25 03:30:00,-0.4807019999998374,-0.909172000000126,-0.6949369999999817,-0.8087769999997363,-0.2452869999997347,-0.5270319999997355,-1.3646359999997912,-0.1398389999999381,-0.7522374999998647
2023-06-25 03:45:00,-0.4792130000000725,-0.9057950000001256,-0.692504000000099,-0.8061399999996866,-0.24363300000004529,-0.5248864999998659,-1.3620169999999234,-0.14011600000003455,-0.751066499999979
2023-06-25 05:45:00,-0.4794739999997546,-0.9062679999997272,-0.6928709999997409,-0.8058280000000195,-0.24412200000006123,-0.5249750000000404,-1.3622830000003887,-0.14157599999998638,-0.7519295000001875
2023-06-25 06:00:00,-0.4816129999999248,-0.9084869999996954,-0.6950499999998101,-0.8047710000000734,-0.24460700000008728,-0.5246890000000803,-1.3583290000001398,-0.14013999999997395,-0.7492345000000569
2023-06-25 06:30:00,-0.4805850000002465,-0.9068440000000919,-0.6937145000001692,-0.8028659999999945,-0.24411899999995512,-0.5234924999999748,-1.357007000000067,-0.14158999999972366,-0.7492984999998953
2023-06-25 06:45:00,-0.4763060000000223,-0.9065120000000206,-0.6914090000000215,-0.8090459999998529,-0.24558399999978064,-0.5273149999998168,-1.3631639999998697,-0.1372559999999794,-0.7502099999999245
2023-06-25 07:00:00,-0.4796049999999923,-0.9087129999998069,-0.6941589999998996,-0.8068299999999908,-0.24659999999994398,-0.5267149999999674,-1.3580409999999574,-0.138253000000077,-0.7481470000000172
2023-06-25 08:00:00,-0.4812259999998787,-0.9129210000000967,-0.6970734999999877,-0.8075650000000678,-0.24733500000002095,-0.5274500000000444,-1.3587720000000445,-0.13725699999986318,-0.7480144999999538
2023-06-25 08:15:00,-0.47772699999995893,-0.9094219999997222,-0.6935744999998406,-0.8104840000000877,-0.25025400000004083,-0.5303690000000643,-1.3605210000000625,-0.13900599999988117,-0.7497634999999718
2023-06-25 09:00:00,-0.4777279999998427,-0.9062559999997575,-0.6919919999998001,-0.8087350000000697,-0.24878799999987677,-0.5287614999999732,-1.3599420000000464,-0.1410110000001623,-0.7504765000001044
2023-06-25 10:15:00,-0.4786959999996725,-0.9153809999997975,-0.697038499999735,-0.8114169999998921,-0.2492369999999937,-0.5303269999999429,-1.3678479999998672,-0.13975900000014008,-0.7538035000000036
2023-06-25 10:30:00,-0.47759499999983746,-0.9116460000000188,-0.6946204999999281,-0.8059829999997419,-0.2460759999999027,-0.5260294999998223,-1.3595249999998487,-0.13697899999988294,-0.7482519999998658
2023-06-25 10:45:00,-0.4790869999997085,-0.9141039999999521,-0.6965954999998303,-0.804533999999876,-0.2421409999997195,-0.5233374999997977,-1.3638949999999568,-0.13656099999980142,-0.7502279999998791
2023-06-25 11:00:00,-0.47519699999975273,-0.9123549999999341,-0.6937759999998434,-0.8114169999998921,-0.24855799999977535,-0.5299874999998337,-1.3660979999999654,-0.13656099999980142,-0.7513294999998834
2023-06-25 12:00:00,-0.4794759999999769,-0.9182049999999435,-0.6988404999999602,-0.8104849999999715,-0.2515300000000025,-0.531007499999987,-1.36052299999983,-0.13644599999997808,-0.7484844999999041
2023-06-25 12:15:00,-0.4798060000002806,-0.9138790000001791,-0.6968425000002298,-0.8107969999996385,-0.2488949999997203,-0.5298459999996794,-1.36491500000011,-0.1390289999999368,-0.7519720000000234
2023-06-25 12:30:00,-0.47617600000012317,-0.9165720000000874,-0.6963740000001053,-0.8092019999999138,-0.25046199999997043,-0.5298319999999421,-1.3598069999998188,-0.13497499999994034,-0.7473909999998796
2023-06-25 13:00:00,-0.47694499999988693,-0.9145659999999225,-0.6957554999999047,-0.8114169999998921,-0.25074399999994057,-0.5310804999999164,-1.362011000000166,-0.13580899999988105,-0.7489100000000235
2023-06-25 13:30:00,-0.47908400000005713,-0.9145650000000387,-0.6968245000000479,-0.8080329999997957,-0.2478240000000369,-0.5279284999999163,-1.3598090000000411,-0.13580799999999726,-0.7478085000000192
2023-06-25 13:45:00,-0.4780559999999241,-0.9177319999998872,-0.6978939999999056,-0.8072979999997187,-0.24870199999986653,-0.5279999999997926,-1.3602470000000721,-0.13613500000019485,-0.7481910000001335
2023-06-25 14:00:00,-0.4776640000000043,-0.9186660000000302,-0.6981650000000172,-0.8066049999997631,-0.24729900000011185,-0.5269519999999375,-1.3601229999999305,-0.13394400000015594,-0.7470335000000432
2023-06-25 14:15:00,-0.4784460000000763,-0.9162089999999807,-0.6973275000000285,-0.8056729999998424,-0.25006500000017695,-0.5278690000000097,-1.3568860000000313,-0.13903000000027532,-0.7479580000001533
2023-06-25 14:45:00,-0.4776520000000346,-0.9174960000000283,-0.6975740000000314,-0.8095269999998891,-0.24904900000001362,-0.5292879999999514,-1.3613040000000183,-0.13394500000003973,-0.747624500000029
2023-06-25 15:00:00,-0.4766819999999825,-0.9186660000000302,-0.6976740000000063,-0.8070729999999458,-0.24612999999999374,-0.5266014999999697,-1.3652560000000449,-0.1356940000000577,-0.7504750000000513
2023-06-25 15:45:00,-0.47415300000011484,-0.914459000000079,-0.6943060000000969,-0.8048589999998512,-0.24656599999980244,-0.5257124999998268,-1.3583859999998822,-0.13436099999989892,-0.7463734999998906
2023-06-25 16:00:00,-0.4781750000001921,-0.9128160000000207,-0.6954955000001064,-0.807144999999764,-0.24782599999980448,-0.5274854999997842,-1.3595169999998689,-0.13755899999978283,-0.7485379999998258
2023-06-25 16:30:00,-0.47817499999973734,-0.9169170000000122,-0.6975459999998748,-0.8100639999997838,-0.2519680000000335,-0.5310159999999087,-1.3595190000000912,-0.1368640000000596,-0.7481915000000754
2023-06-25 16:45:00,-0.4762919999998303,-0.9137510000000475,-0.6950214999999389,-0.8026420000001053,-0.245832000000064,-0.5242370000000847,-1.3591010000000097,-0.13944600000013452,-0.7492735000000721
2023-06-25 17:00:00,-0.48070400000005975,-0.9115280000000894,-0.6961160000000746,-0.8009640000000218,-0.24476299999969342,-0.5228634999998576,-1.3504429999998138,-0.136225000000195,-0.7433340000000044
2023-06-25 17:30:00,-0.47700499999973545,-0.9144449999998869,-0.6957249999998112,-0.8053949999998622,-0.24773099999993065,-0.5265629999998964,-1.3554400000002715,-0.13437400000020716,-0.7449070000002393
2023-06-25 17:45:00,-0.47674400000005335,-0.9169029999998202,-0.6968234999999368,-0.8068760000001021,-0.2484639999997853,-0.5276699999999437,-1.3598320000000967,-0.13570600000002742,-0.7477690000000621
2023-06-25 18:15:00,-0.47856400000000576,-0.916088999999829,-0.6973264999999174,-0.8014290000000983,-0.2453019999998105,-0.5233654999999544,-1.3561540000000605,-0.13759200000004057,-0.7468730000000505
2023-06-25 18:30:00,-0.4766859999999724,-0.9144449999998869,-0.6955654999999297,-0.8021639999997205,-0.24656099999992875,-0.5243624999998246,-1.3557160000000295,-0.1378709999999046,-0.746793499999967
2023-06-25 18:45:00,-0.47525499999983367,-0.9126949999999852,-0.6939749999999094,-0.8007259999999405,-0.243062000000009,-0.5218939999999748,-1.3571890000002895,-0.13612300000022515,-0.7466560000002573
2023-06-25 19:00:00,-0.48031399999990754,-0.9173679999998967,-0.6988409999999021,-0.8060989999999038,-0.25064500000007683,-0.5283719999999903,-1.3573150000001988,-0.14018799999985276,-0.7487515000000258
2023-06-25 19:30:00,-0.47707500000024083,-0.9126949999999852,-0.694885000000113,-0.8016979999997602,-0.24656099999992875,-0.5241294999998445,-1.352922000000035,-0.1372809999998026,-0.7451014999999188
2023-06-25 20:00:00,-0.47739499999988766,-0.9103589999999713,-0.6938769999999295,-0.8049289999999019,-0.2482609999997294,-0.5265949999998156,-1.3561449999997421,-0.13972299999977622,-0.7479339999997592
2023-06-25 20:15:00,-0.47661399999969944,-0.909650000000056,-0.6931319999998777,-0.8093579999999747,-0.24927699999989272,-0.5293174999999337,-1.3640479999999116,-0.14188899999999194,-0.7529684999999517
2023-06-25 20:45:00,-0.4776539999998022,-0.9080069999999978,-0.6928304999999,-0.8017099999997299,-0.247037999999975,-0.5243739999998525,-1.3546949999999924,-0.14333799999985786,-0.7490164999999251
2023-06-25 21:45:00,-0.47694499999988693,-0.9087150000000292,-0.6928299999999581,-0.8036130000000412,-0.24777099999982966,-0.5256919999999354,-1.3536730000000716,-0.1394220000001951,-0.7465475000001334
2023-06-25 22:15:00,-0.47694499999988693,-0.9028779999998733,-0.6899114999998801,-0.8065220000003137,-0.24771099999998114,-0.5271165000001474,-1.3571729999998752,-0.141863999999714,-0.7495184999997946
2023-06-25 22:30:00,-0.47708600000032675,-0.9082560000001649,-0.6926710000002458,-0.8017060000001948,-0.24728499999991982,-0.5244955000000573,-1.3540899999998146,-0.14260800000010931,-0.748348999999962
2023-06-25 23:00:00,-0.4798639999999068,-0.905561999999918,-0.6927129999999124,-0.806521999999859,-0.2480479999999261,-0.5272849999998925,-1.3583319999997912,-0.14374199999974735,-0.7510369999997693
2023-06-26 00:00:00,-0.4780550000000403,-0.9007520000000113,-0.6894035000000258,-0.806137999999919,-0.24493200000006254,-0.5255349999999908,-1.3619960000000901,-0.14485400000012305,-0.7534250000001066
2023-06-26 00:45:00,-0.476694999999836,-0.9016950000000179,-0.689194999999927,-0.8004229999996824,-0.24182900000005247,-0.5211259999998674,-1.3580419999998412,-0.14371899999969173,-0.7508804999997665
2023-06-26 02:00:00,-0.476694999999836,-0.8982929999997395,-0.6874939999997878,-0.8039209999997183,-0.24594699999988734,-0.5249339999998028,-1.3551330000000235,-0.14411100000006627,-0.7496220000000449
2023-06-26 02:30:00,-0.47811300000012125,-0.9007510000001275,-0.6894320000001244,-0.8036109999998189,-0.246679999999742,-0.5251454999997804,-1.3583309999999074,-0.14835200000015902,-0.7533415000000332
2023-06-26 03:15:00,-0.47597300000006726,-0.900644999999713,-0.6883089999998901,-0.804077999999663,-0.24542099999962375,-0.5247494999996434,-1.3558760000000802,-0.14166599999998652,-0.7487710000000334
2023-06-26 04:00:00,-0.4774619999998322,-0.9001720000001114,-0.6888169999999718,-0.8073099999996884,-0.2461009999997259,-0.5267054999997072,-1.3620179999998072,-0.14486299999998664,-0.7534404999998969
2023-06-26 04:45:00,-0.4762919999998303,-0.9014600000000428,-0.6888759999999365,-0.8090589999997064,-0.2485830000000533,-0.5288209999998799,-1.3602679999999054,-0.14269700000022567,-0.7514825000000656
2023-06-26 05:00:00,-0.4813520000002427,-0.9060079999999289,-0.6936800000000858,-0.8085939999996299,-0.2490699999998469,-0.5288319999997384,-1.3598150000002533,-0.14417099999991478,-0.7519930000000841
2023-06-26 05:15:00,-0.48057299999982206,-0.9032099999999446,-0.6918914999998833,-0.804627999999866,-0.2468340000000353,-0.5257309999999507,-1.3558610000000044,-0.14444700000012745,-0.7501540000000659
2023-06-26 05:45:00,-0.4796019999998862,-0.9026290000001609,-0.6911155000000235,-0.8050939999998263,-0.24508399999967878,-0.5250889999997526,-1.3580649999998968,-0.14269699999977092,-0.7503809999998339
2023-06-26 06:30:00,-0.47811400000000503,-0.9009860000001026,-0.6895500000000538,-0.8047719999999572,-0.24750399999993533,-0.5261379999999463,-1.3565819999998894,-0.14588499999990745,-0.7512334999998984
2023-06-26 07:45:00,-0.480583999999908,-0.905666999999994,-0.693125499999951,-0.8028650000001107,-0.2458070000002408,-0.5243360000001758,-1.3540889999999308,-0.1422699999998258,-0.7481794999998783
2023-06-26 08:00:00,-0.47630500000013853,-0.9014600000000428,-0.6888825000000907,-0.807296999999835,-0.24682399999983318,-0.5270604999998341,-1.3602459999997336,-0.14268799999990733,-0.7514669999998205
2023-06-26 10:15:00,-0.4774630000001707,-0.9084680000000844,-0.6929655000001276,-0.809060000000045,-0.2515520000001743,-0.5303060000001096,-1.3620190000001458,-0.14550400000007357,-0.7537615000001097
2023-06-26 10:30:00,-0.4748749999998836,-0.908006000000114,-0.6914404999999988,-0.8076189999997041,-0.24878699999999299,-0.5282029999998485,-1.3599800000001778,-0.1398389999999381,-0.749909500000058
2023-06-26 11:00:00,-0.4755119999999806,-0.9113979999997355,-0.693454999999858,-0.8117409999999836,-0.2510269999997945,-0.5313839999998891,-1.368174000000181,-0.14305899999999383,-0.7556165000000874
2023-06-26 11:15:00,-0.47590200000013283,-0.911399000000074,-0.6936505000001034,-0.8066069999999854,-0.24810699999989083,-0.5273569999999381,-1.3630520000001525,-0.14188899999999194,-0.7524705000000722
2023-06-26 12:00:00,-0.4766850000000886,-0.9128169999999045,-0.6947509999999966,-0.8039260000000468,-0.2478249999999207,-0.5258754999999837,-1.3539780000000974,-0.13638700000001336,-0.7451825000000554
2023-06-26 12:15:00,-0.47817399999985355,-0.913749999999709,-0.6959619999997813,-0.8083129999999983,-0.2504999999996471,-0.5294064999998227,-1.3583459999999832,-0.1382749999997941,-0.7483104999998886
2023-06-26 12:30:00,-0.4760350000001381,-0.9144599999999627,-0.6952475000000504,-0.8105279999999766,-0.2512329999999565,-0.5308804999999666,-1.3634689999998955,-0.1390270000001692,-0.7512480000000323
2023-06-26 13:15:00,-0.4780449999998382,-0.915487000000212,-0.6967660000000251,-0.8072979999997187,-0.25049600000011196,-0.5288969999999154,-1.3579170000002705,-0.13828700000021854,-0.7481020000002445
2023-06-26 13:45:00,-0.4777850000000399,-0.913028999999824,-0.6954069999999319,-0.8076099999998405,-0.24859399999968446,-0.5281019999997625,-1.3640599999998813,-0.14220299999988129,-0.7531314999998813
2023-06-26 14:00:00,-0.47714399999995294,-0.9178529999999228,-0.6974984999999378,-0.806409000000258,-0.25171399999999267,-0.5290615000001253,-1.355876999999964,-0.13757900000018708,-0.7467280000000756
2023-06-26 14:15:00,-0.47539400000005116,-0.9136450000000877,-0.6945195000000695,-0.8046590000003562,-0.24923100000023624,-0.5269450000002962,-1.3547069999999621,-0.13682599999992817,-0.7457664999999452
2023-06-26 15:00:00,-0.4772170000001097,-0.9155100000002676,-0.6963635000001887,-0.8027219999999033,-0.24996999999984837,-0.5263459999998759,-1.3492820000001302,-0.13583299999982046,-0.7425574999999753
2023-06-26 15:15:00,-0.4789660000001277,-0.9197180000001026,-0.6993420000001151,-0.8044719999998051,-0.25245300000005955,-0.5284624999999323,-1.3492820000001302,-0.13541600000007747,-0.7423490000001038
2023-06-26 15:45:00,-0.472215000000233,-0.918442000000141,-0.695328500000187,-0.8049679999999171,-0.2511939999999413,-0.5280809999999292,-1.3561690000001363,-0.1357269999998607,-0.7459479999999985
2023-06-26 16:15:00,-0.4742230000001655,-0.9170250000001943,-0.6956240000001799,-0.8005809999999656,-0.2485580000002301,-0.5245695000000978,-1.3564579999997477,-0.1412199999999757,-0.7488389999998617
2023-06-26 16:30:00,-0.4776050000000396,-0.9200850000001992,-0.6988450000001194,-0.7970070000001215,-0.24701499999991938,-0.5220110000000204,-1.3453290000002198,-0.13368799999989278,-0.7395085000000563
2023-06-26 16:45:00,-0.4736450000000332,-0.921835000000101,-0.6977400000000671,-0.8064060000001518,-0.2551829999997608,-0.5307944999999563,-1.3529459999999744,-0.13544899999988047,-0.7441974999999275
2023-06-26 17:00:00,-0.4732560000002195,-0.9213620000000446,-0.6973090000001321,-0.8057039999998779,-0.25294499999972686,-0.5293244999998024,-1.3569000000002234,-0.13689700000031735,-0.7468985000002704
2023-06-26 17:15:00,-0.4736470000002555,-0.9155120000000352,-0.6945795000001453,-0.8081569999999374,-0.25464000000010856,-0.531398500000023,-1.3564460000002327,-0.13934100000005856,-0.7478935000001457
2023-06-26 17:45:00,-0.4746130000003177,-0.9177330000002257,-0.6961730000002717,-0.8059430000002976,-0.2551190000003771,-0.5305310000003374,-1.3495960000000196,-0.13614400000005844,-0.742870000000039
2023-06-26 18:45:00,-0.47896300000002157,-0.923345000000154,-0.7011540000000878,-0.7998029999998835,-0.24968799999987823,-0.5247454999998808,-1.35278100000005,-0.1396669999999176,-0.7462239999999838
2023-06-26 19:30:00,-0.48071200000003955,-0.9226360000002387,-0.7016740000001391,-0.8044709999999213,-0.2536219999997229,-0.5290464999998221,-1.3527799999997114,-0.1400829999997768,-0.7464314999997441
2023-06-26 20:15:00,-0.47934399999985544,-0.9214709999996558,-0.7004074999997556,-0.8022450000003118,-0.25419700000020384,-0.5282210000002578,-1.347077999999783,-0.13891199999989112,-0.7429949999998371
2023-06-26 20:30:00,-0.47753499999998894,-0.9158420000003389,-0.6966885000001639,-0.8076889999997547,-0.2566710000000967,-0.5321799999999257,-1.3554009999998016,-0.144832999999835,-0.7501169999998183
2023-06-26 20:45:00,-0.47857299999986935,-0.9201779999998507,-0.69937549999986,-0.8049369999998817,-0.25288899999986825,-0.528912999999875,-1.3561540000000605,-0.14167099999986021,-0.7489124999999603
2023-06-26 21:00:00,-0.47578199999998105,-0.9167850000003455,-0.6962835000001633,-0.7995340000002216,-0.24890000000004875,-0.5242170000001352,-1.3542529999999715,-0.14252799999985655,-0.748390499999914
2023-06-26 21:15:00,-0.4814230000001771,-0.9191289999998844,-0.7002760000000308,-0.8037280000003193,-0.25239300000021103,-0.5280605000002652,-1.3514719999998306,-0.14077700000007098,-0.7461244999999508
2023-06-26 21:30:00,-0.4770749999997861,-0.9149120000001858,-0.6959934999999859,-0.8016969999998764,-0.25048999999989974,-0.5260934999998881,-1.3529210000001513,-0.14235199999984616,-0.7476364999999987
2023-06-26 21:45:00,-0.4792139999999563,-0.9173689999997805,-0.6982914999998684,-0.8012300000000323,-0.2512229999997544,-0.5262264999998933,-1.3478079999999864,-0.1390270000001692,-0.7434175000000778
2023-06-26 22:00:00,-0.47882499999968786,-0.9143100000001141,-0.696567499999901,-0.8028669999998783,-0.2521859999997105,-0.5275264999997944,-1.352922000000035,-0.1447979999998097,-0.7488599999999224
2023-06-26 22:15:00,-0.4784340000001066,-0.915016999999807,-0.6967254999999568,-0.8068299999999908,-0.2529190000000199,-0.5298745000000054,-1.358621999999741,-0.1443810000000667,-0.7515014999999039
2023-06-26 22:30:00,-0.4792139999999563,-0.9161950000002435,-0.6977045000000999,-0.8024000000000342,-0.25122800000008283,-0.5268140000000585,-1.3507180000001426,-0.14077799999995477,-0.7457480000000487
2023-06-26 22:45:00,-0.4788250000001426,-0.913738000000194,-0.6962815000001683,-0.8063649999999143,-0.25224600000001374,-0.529305499999964,-1.3546699999997145,-0.1411960000000363,-0.7479329999998754
2023-06-26 23:00:00,-0.48096499999974185,-0.9147789999997258,-0.6978719999997338,-0.8012300000000323,-0.25034299999970244,-0.5257864999998674,-1.3507159999999203,-0.14336099999991347,-0.7470384999999169
2023-06-26 23:30:00,-0.48070400000005975,-0.9142029999998158,-0.6974534999999378,-0.8044609999997192,-0.25150699999994686,-0.527983999999833,-1.3522000000002663,-0.1416100000001279,-0.7469050000001971
2023-06-26 23:45:00,-0.48148399999990943,-0.9156189999998787,-0.6985514999998941,-0.8000280000001112,-0.24947300000030737,-0.5247505000002093,-1.347791000000143,-0.14077599999973245,-0.7442834999999377
2023-06-27 00:00:00,-0.48252499999989595,-0.9112709999999424,-0.6968979999999192,-0.8036830000000919,-0.2532019999998738,-0.5284424999999828,-1.3485219999997753,-0.145223999999871,-0.7468729999998232
2023-06-27 00:15:00,-0.47993399999995745,-0.9146860000000743,-0.6973100000000159,-0.8057420000000093,-0.2554939999999988,-0.530618000000004,-1.3499940000001516,-0.14307899999994333,-0.7465365000000475
2023-06-27 00:45:00,-0.48110399999995934,-0.9117540000002009,-0.6964290000000801,-0.8022539999997207,-0.250782000000072,-0.5265179999998963,-1.3517440000000533,-0.14552499999990687,-0.7486344999999801
2023-06-27 01:00:00,-0.4796729999998206,-0.9101110000001427,-0.6948919999999816,-0.805475000000115,-0.25320100000044476,-0.5293380000002799,-1.3532169999998587,-0.1458029999998871,-0.7495099999998729
2023-06-27 01:15:00,-0.47896399999990535,-0.9095310000002428,-0.6942475000000741,-0.8027200000001358,-0.24971199999981764,-0.5262159999999767,-1.3521989999999278,-0.14347399999996924,-0.7478364999999485
2023-06-27 02:15:00,-0.47753499999998894,-0.9095210000000407,-0.6935280000000148,-0.8059379999999692,-0.25262100000009013,-0.5292795000000297,-1.3559880000002522,-0.1458029999998871,-0.7508955000000697
2023-06-27 03:00:00,-0.47578599999997095,-0.9099909999999909,-0.6928884999999809,-0.8041889999999512,-0.251948000000084,-0.5280685000000176,-1.3507400000003145,-0.14086900000029345,-0.745804500000304
2023-06-27 03:30:00,-0.47792500000014115,-0.9133839999999509,-0.695654500000046,-0.8019730000000891,-0.2524389999998675,-0.5272059999999783,-1.351444999999785,-0.14524799999981042,-0.7483464999997977
2023-06-27 05:15:00,-0.48006500000019514,-0.9133839999999509,-0.696724500000073,-0.8032570000000305,-0.2541889999997693,-0.5287229999998999,-1.3492419999997765,-0.1452489999996942,-0.7472454999997353
2023-06-27 05:45:00,-0.48285500000019965,-0.9140919999999824,-0.698473500000091,-0.7973569999999199,-0.2514219999998204,-0.5243894999998702,-1.3404660000001059,-0.14308299999993324,-0.7417745000000195
2023-06-27 06:00:00,-0.48149300000022777,-0.9152610000001005,-0.6983770000001641,-0.8035369999997783,-0.25492099999974016,-0.5292289999997593,-1.349540000000161,-0.14600100000006933,-0.7477705000001151
2023-06-27 07:15:00,-0.47818199999983335,-0.908820999999989,-0.6935014999999112,-0.8039920000001075,-0.25538700000015524,-0.5296895000001314,-1.3488250000000335,-0.1473889999997482,-0.7481069999998908
2023-06-27 08:15:00,-0.4832320000000436,-0.9153719999999339,-0.6993019999999888,-0.8035279999999148,-0.25442400000019916,-0.528976000000057,-1.3448730000000069,-0.1416079999999056,-0.7432404999999562
2023-06-27 08:30:00,-0.47993300000007366,-0.9137390000000778,-0.6968360000000757,-0.8039929999999913,-0.2551040000003013,-0.5295485000001463,-1.3470769999998993,-0.14305599999988772,-0.7450664999998935
2023-06-27 08:45:00,-0.4814819999996871,-0.9178299999998671,-0.6996559999997771,-0.8000280000001112,-0.2534080000000358,-0.5267180000000735,-1.343123000000105,-0.1411920000000464,-0.7421575000000757
2023-06-27 09:00:00,-0.4799320000001899,-0.9147800000000643,-0.6973560000001271,-0.8039929999999913,-0.2578710000002502,-0.5309320000001208,-1.3470769999998993,-0.146972999999889,-0.7470249999998941
2023-06-27 09:15:00,-0.479671000000053,-0.9137379999997393,-0.6967044999998961,-0.8025649999999587,-0.2521939999996903,-0.5273794999998245,-1.3485489999998208,-0.14188599999988583,-0.7452174999998533
2023-06-27 09:45:00,-0.4777920000001359,-0.9134909999997944,-0.6956414999999652,-0.8062190000000555,-0.25719699999990553,-0.5317079999999805,-1.3510299999998097,-0.1455270000001292,-0.7482784999999694
2023-06-27 10:15:00,-0.47870300000022326,-0.9163029999999708,-0.697503000000097,-0.8076869999999872,-0.2576859999999215,-0.5326864999999543,-1.3536490000001322,-0.14524699999992663,-0.7494480000000294
2023-06-27 11:00:00,-0.47967400000015914,-0.9219320000001971,-0.7008030000001781,-0.8037229999999909,-0.25580200000013065,-0.5297625000000608,-1.3485380000001896,-0.14049700000032317,-0.7445175000002564
2023-06-27 11:15:00,-0.4796729999998206,-0.9194739999998092,-0.6995734999998149,-0.8072209999995721,-0.2585669999998572,-0.5328939999997147,-1.3502869999997529,-0.1426619999997456,-0.7464744999997492
2023-06-27 11:30:00,-0.4835640000001149,-0.9261400000000322,-0.7048520000000735,-0.8067559999999503,-0.26003399999990506,-0.5333949999999277,-1.346335000000181,-0.14008000000012544,-0.7432075000001532
2023-06-27 11:45:00,-0.48006400000031135,-0.9226400000002286,-0.70135200000027,-0.8003380000000107,-0.2536159999999654,-0.526976999999988,-1.346335000000181,-0.14008000000012544,-0.7432075000001532
2023-06-27 12:00:00,-0.4814229999997224,-0.9253100000000813,-0.7033664999999019,-0.8054720000000088,-0.25803700000005847,-0.5317545000000337,-1.3491180000000895,-0.1408010000000104,-0.74495950000005
2023-06-27 12:30:00,-0.47578399999974863,-0.9267279999999118,-0.7012559999998302,-0.8076869999999872,-0.26125199999978577,-0.5344694999998865,-1.3507399999998597,-0.13938599999983126,-0.7450629999998455
2023-06-27 14:00:00,-0.4781840000000557,-0.9266109999998662,-0.7023974999999609,-0.8040039999996225,-0.2611109999998007,-0.5325574999997116,-1.3459179999999833,-0.14214399999991656,-0.7440309999999499
2023-06-27 14:15:00,-0.4800030000001243,-0.924279000000297,-0.7021410000002106,-0.7985560000001897,-0.25585999999975684,-0.5272079999999733,-1.3393200000000434,-0.13864300000022922,-0.7389815000001363
2023-06-27 14:45:00,-0.4800510000000031,-0.9235599999997248,-0.701805499999864,-0.8015089999998963,-0.25628699999970195,-0.5288979999997991,-1.3469249999998283,-0.1425490000001446,-0.7447369999999864
2023-06-27 15:00:00,-0.4804420000000391,-0.9211030000001301,-0.7007725000000846,-0.7981239999999161,-0.2543839999998454,-0.5262539999998808,-1.3429729999998017,-0.14296599999988757,-0.7429694999998446
2023-06-27 15:15:00,-0.48421100000041406,-0.9254310000001169,-0.7048210000002655,-0.7995709999995597,-0.2575499999998101,-0.5285604999996849,-1.343257999999878,-0.14574399999992238,-0.7445009999999002
2023-06-27 15:30:00,-0.4825949999999466,-0.9253109999999651,-0.7039529999999559,-0.7959069999997155,-0.2551189999999224,-0.5255129999998189,-1.3372580000000198,-0.1408010000000104,-0.7390295000000151
2023-06-27 15:45:00,-0.4804540000000088,-0.9240300000001298,-0.7022420000000693,-0.7998710000001665,-0.25619300000016665,-0.5280320000001666,-1.3429599999999482,-0.14111300000013216,-0.7420365000000402
2023-06-27 16:45:00,-0.48153899999988425,-0.9244949999997516,-0.7030169999998179,-0.8053189999995993,-0.2583729999996649,-0.5318459999996321,-1.3449100000002545,-0.1380290000001878,-0.7414695000002212
2023-06-27 17:00:00,-0.48051200000008976,-0.9208770000000186,-0.7006945000000542,-0.8028229999999894,-0.25588999999990847,-0.5293564999999489,-1.3441579999998794,-0.13902600000028542,-0.7415920000000824
2023-06-27 17:30:00,-0.4783700000002682,-0.9227420000001985,-0.7005560000002333,-0.8038799999999355,-0.25662899999997535,-0.5302544999999554,-1.3469420000001264,-0.13860999999997148,-0.742776000000049
2023-06-27 18:00:00,-0.47811000000001513,-0.923678000000109,-0.7008940000000621,-0.8071110000000772,-0.259885999999824,-0.5334984999999506,-1.3495849999999336,-0.14049800000020696,-0.7450415000000703
2023-06-27 18:15:00,-0.47811000000001513,-0.919575999999779,-0.6988429999998971,-0.8053609999997207,-0.2569119999998293,-0.531136499999775,-1.3525039999999535,-0.14411199999995006,-0.7483079999999518
2023-06-27 19:00:00,-0.48226000000022395,-0.9228620000003502,-0.7025610000002871,-0.803414999999859,-0.2561439999999493,-0.5297794999999041,-1.3488280000001396,-0.1429750000002059,-0.7459015000001727
2023-06-27 19:30:00,-0.48012100000005375,-0.922863000000234,-0.7014920000001439,-0.8050409999996191,-0.25730399999974907,-0.5311724999996841,-1.351032000000032,-0.1429760000000897,-0.7470040000000608
2023-06-27 20:00:00,-0.47739099999989776,-0.919814999999744,-0.6986029999998209,-0.8055049999998118,-0.2565700000000106,-0.5310374999999112,-1.350315000000137,-0.14047299999992902,-0.745394000000033
2023-06-27 20:15:00,-0.47661999999991167,-0.9218210000003637,-0.6992205000001377,-0.8032900000002883,-0.2562860000002729,-0.5297880000002806,-1.3481109999997898,-0.1396389999999883,-0.743874999999889
2023-06-27 21:00:00,-0.47908000000006723,-0.9174619999998868,-0.698270999999977,-0.8008060000001933,-0.25417700000025434,-0.5274915000002238,-1.3485510000000431,-0.14524699999992663,-0.7468989999999849
2023-06-27 21:15:00,-0.4798009999999522,-0.9187649999998939,-0.699282999999923,-0.7971500000003289,-0.25024500000017724,-0.5236975000002531,-1.3460580000000846,-0.14190800000005765,-0.7439830000000711
2023-06-27 21:30:00,-0.47831300000007104,-0.9177239999999074,-0.6980184999999892,-0.7939199999996163,-0.24747999999999593,-0.5206999999998061,-1.3451649999997244,-0.14149099999985992,-0.7433279999997922
2023-06-27 22:00:00,-0.4832309999997051,-0.9146630000000187,-0.6989469999998619,-0.8000280000001112,-0.251940999999988,-0.5259845000000496,-1.346621000000141,-0.14552199999980076,-0.7460714999999709
2023-06-27 22:15:00,-0.48473199999989447,-0.9158330000000205,-0.7002824999999575,-0.8020860000001448,-0.251940999999988,-0.5270135000000664,-1.3498320000003332,-0.1455220000002555,-0.7476770000002944
2023-06-27 22:45:00,-0.4796719999999368,-0.9133820000001833,-0.6965270000000601,-0.8008019999997487,-0.24951699999974153,-0.5251594999997451,-1.3502849999999853,-0.1423360000003413,-0.7463105000001633
2023-06-27 23:15:00,-0.4847310000000107,-0.9187600000000202,-0.7017455000000155,-0.8003359999997883,-0.25025000000005093,-0.5252929999999196,-1.3480819999999767,-0.14191900000014357,-0.7450005000000601
2023-06-27 23:30:00,-0.4796719999999368,-0.9134890000000269,-0.6965804999999818,-0.8037209999997685,-0.25369599999976344,-0.528708499999766,-1.3502849999999853,-0.1443650000001071,-0.7473250000000462
2023-06-27 23:45:00,-0.47779099999979735,-0.9141979999999421,-0.6959944999998697,-0.806217999999717,-0.2561789999999746,-0.5311984999998458,-1.349869000000126,-0.14219899999989138,-0.7460340000000087
2023-06-28 00:15:00,-0.4783109999998487,-0.916302000000087,-0.6973064999999679,-0.8017350000000079,-0.24951800000008006,-0.525626500000044,-1.356441000000359,-0.14408600000024308,-0.7502635000003011
2023-06-28 00:30:00,-0.478570000000218,-0.9146590000000288,-0.6966145000001234,-0.8049339999997756,-0.25369599999976344,-0.5293149999997695,-1.3549809999999525,-0.14552499999990687,-0.7502529999999297
2023-06-28 02:00:00,-0.48006200000008903,-0.9104539999998451,-0.6952579999999671,-0.803255000000263,-0.2541270000001532,-0.5286910000002081,-1.3463329999999587,-0.1441899999999805,-0.7452614999999696
2023-06-28 02:45:00,-0.47792200000003504,-0.9087039999999433,-0.6933129999999892,-0.8025510000002214,-0.25120700000024954,-0.5268790000002355,-1.3502849999999853,-0.1441890000000967,-0.747237000000041
2023-06-28 04:15:00,-0.48121999999966647,-0.9129129999996621,-0.6970664999996643,-0.8050069999999323,-0.25543900000002395,-0.5302229999999781,-1.3480939999999464,-0.14435199999979886,-0.7462229999998726
2023-06-28 04:45:00,-0.48154999999997017,-0.9146619999996801,-0.6981059999998251,-0.8000680000000102,-0.2501900000002024,-0.5251290000001063,-1.349554999999782,-0.14435099999991508,-0.7469529999998485
2023-06-28 05:00:00,-0.48155099999985396,-0.9122049999996307,-0.6968779999997423,-0.8053170000002865,-0.2547060000001693,-0.5300115000002279,-1.349554999999782,-0.1447680000001128,-0.7471614999999474
2023-06-28 05:15:00,-0.480829999999969,-0.9145570000000589,-0.697693500000014,-0.8037250000002132,-0.25243100000034246,-0.5280780000002778,-1.3502989999997226,-0.14232300000003306,-0.7463109999998778
2023-06-28 05:30:00,-0.4794099999999162,-0.9129130000001169,-0.6961615000000165,-0.8022839999998723,-0.25018999999974767,-0.52623699999981,-1.353509000000031,-0.14435099999991508,-0.748929999999973
2023-06-28 05:45:00,-0.48154999999997017,-0.9153710000000501,-0.6984605000000101,-0.8053170000002865,-0.25442300000031537,-0.5298700000003009,-1.3495560000001205,-0.14218399999981557,-0.7458699999999681
2023-06-28 06:00:00,-0.4800609999997505,-0.9153710000000501,-0.6977159999999003,-0.8003370000001269,-0.2526740000002974,-0.5265055000002121,-1.3480829999998605,-0.14510399999971924,-0.7465934999997899
2023-06-28 06:15:00,-0.479671000000053,-0.9160799999999654,-0.6978755000000092,-0.7978829999997288,-0.24698799999987386,-0.5224354999998013,-1.3502869999997529,-0.14118899999994028,-0.7457379999998466
2023-06-28 06:30:00,-0.4808419999999387,-0.9140830000001188,-0.6974625000000287,-0.8054710000001251,-0.25485900000012407,-0.5301650000001246,-1.3485370000003059,-0.142022999999881,-0.7452800000000934
2023-06-28 06:45:00,-0.4829810000001089,-0.916541000000052,-0.6997610000000805,-0.8020870000000286,-0.25267399999984264,-0.5273804999999356,-1.3480830000003152,-0.1433540000002722,-0.7457185000002937
2023-06-28 07:00:00,-0.47695100000009916,-0.9145539999999528,-0.695752500000026,-0.8059370000000854,-0.2559350000001359,-0.5309360000001107,-1.353650000000016,-0.14524600000004284,-0.7494480000000294
2023-06-28 07:15:00,-0.47935000000006767,-0.9152619999999843,-0.697306000000026,-0.8022539999997207,-0.2531699999999546,-0.5277119999998376,-1.348826999999801,-0.14307899999994333,-0.7459529999998722
2023-06-28 07:30:00,-0.47681999999986147,-0.917011999999886,-0.6969159999998737,-0.8066839999996773,-0.25666899999987436,-0.5316764999997758,-1.3532329999998183,-0.14307899999994333,-0.7481559999998808
2023-06-28 07:45:00,-0.4800599999998667,-0.9212189999998373,-0.700639499999852,-0.8064039999999295,-0.25390299999980925,-0.5301534999998694,-1.3587729999999283,-0.1438319999997475,-0.7513024999998379
2023-06-28 08:00:00,-0.47927900000013324,-0.920285000000149,-0.6997820000001411,-0.8030319999998028,-0.2523969999997462,-0.5277144999997745,-1.3554229999999734,-0.14369399999986854,-0.749558499999921
2023-06-28 08:30:00,-0.4781800000000658,-0.9178270000002158,-0.6980035000001408,-0.8039929999999913,-0.2580720000000838,-0.5310325000000375,-1.3453279999998813,-0.14236200000004828,-0.7438449999999648
2023-06-28 08:45:00,-0.47953999999981534,-0.9232170000000224,-0.7013784999999189,-0.8044600000002902,-0.2553600000001097,-0.5299100000001999,-1.3539489999998295,-0.14299799999980678,-0.7484734999998182
2023-06-28 09:15:00,-0.4806999999996151,-0.9260209999997642,-0.7033604999996896,-0.8044600000002902,-0.25585000000000946,-0.5301550000001498,-1.3510309999996934,-0.13980199999969045,-0.745416499999692
2023-06-28 09:45:00,-0.480319000000236,-0.9241510000001654,-0.7022350000002007,-0.8049350000001141,-0.2539569999999003,-0.5294460000000072,-1.35790199999974,-0.14371600000004037,-0.7508089999998901
2023-06-28 10:00:00,-0.48070999999981723,-0.9248609999999644,-0.7027854999998908,-0.8056300000002921,-0.25585000000000946,-0.5307400000001508,-1.3521999999998116,-0.13980099999980666,-0.7460004999998091
2023-06-28 10:30:00,-0.48110099999985323,-0.9296720000002097,-0.7053865000000314,-0.8051640000003317,-0.2578070000004118,-0.5314855000003718,-1.3488279999996848,-0.1375199999997676,-0.7431739999997262
2023-06-28 10:45:00,-0.481869999999617,-0.933053999999629,-0.707461999999623,-0.8056300000002921,-0.25712700000030964,-0.5313785000003008,-1.3522009999996953,-0.13724099999990358,-0.7447209999997995
2023-06-28 11:00:00,-0.48032000000011976,-0.9297769999998309,-0.7050484999999753,-0.8060960000002524,-0.2555680000000393,-0.5308320000001459,-1.3561540000000605,-0.13896799999974974,-0.7475609999999051
2023-06-28 11:30:00,-0.48070999999981723,-0.9362160000000586,-0.7084629999999379,-0.8056310000001758,-0.25800900000012916,-0.5318200000001525,-1.3510329999999158,-0.13465999999971245,-0.7428464999998141
2023-06-28 11:45:00,-0.4781800000000658,-0.9338780000002771,-0.7060290000001714,-0.808310999999776,-0.2585399999998117,-0.5334254999997938,-1.357187999999951,-0.13710300000002462,-0.7471454999999878
2023-06-28 12:00:00,-0.481101000000308,-0.9357430000000022,-0.7084220000001551,-0.8051649999997608,-0.26043899999967834,-0.5328019999997196,-1.3459210000000894,-0.13495000000011714,-0.7404355000001033
2023-06-28 12:15:00,-0.478570000000218,-0.9373860000000604,-0.7079780000001392,-0.8066869999997834,-0.2597689999997783,-0.5332279999997809,-1.3532369999998082,-0.1358300000001691,-0.7445334999999886
2023-06-28 12:30:00,-0.48006100000020524,-0.9373860000000604,-0.7087235000001328,-0.8064060000001518,-0.25626999999985856,-0.5313380000000052,-1.3576069999999163,-0.13582999999971435,-0.7467184999998153
2023-06-28 12:45:00,-0.4787019999998847,-0.9342200000000958,-0.7064609999999902,-0.8059410000000753,-0.2600529999999708,-0.532997000000023,-1.353654000000006,-0.14016300000002957,-0.7469085000000177
2023-06-28 13:00:00,-0.48259200000029523,-0.9398439999999937,-0.7112180000001445,-0.8089730000001509,-0.2622519999999895,-0.5356125000000702,-1.3502910000001975,-0.13425400000005538,-0.7422725000001265
2023-06-28 13:15:00,-0.47714200000018536,-0.9378609999998844,-0.7075015000000349,-0.8081550000001698,-0.2602590000001328,-0.5342070000001513,-1.3535280000000967,-0.1332220000003872,-0.7433750000002419
2023-06-28 13:45:00,-0.4811610000001565,-0.9415980000003401,-0.7113795000002483,-0.8069550000000163,-0.2616659999998774,-0.5343104999999468,-1.3517649999998866,-0.13599100000010367,-0.7438779999999952
2023-06-28 14:00:00,-0.4798020000002907,-0.9414790000000721,-0.7106405000001814,-0.8018200000001343,-0.2592330000002221,-0.5305265000001782,-1.3448920000000726,-0.13279599999987113,-0.7388439999999719
2023-06-28 14:15:00,-0.4790210000001025,-0.9407710000000407,-0.7098960000000716,-0.8015839999998207,-0.2555819999997766,-0.5285829999997986,-1.352799000000232,-0.13496299999997063,-0.7438810000001013
2023-06-28 14:30:00,-0.480829999999969,-0.9431220000001304,-0.7119760000000497,-0.8008079999999609,-0.25680499999998574,-0.5288064999999733,-1.3473850000000311,-0.1325170000000071,-0.7399510000000191
2023-06-28 14:45:00,-0.4796590000000833,-0.9394929999998567,-0.70957599999997,-0.8037259999996422,-0.25898899999992864,-0.5313574999997854,-1.3473839999996926,-0.1329329999998663,-0.7401584999997795
2023-06-28 15:00:00,-0.4818009999999049,-0.938785999999709,-0.710293499999807,-0.8020919999999023,-0.25883699999985765,-0.53046449999988,-1.3469310000000405,-0.13684999999986758,-0.741890499999954
2023-06-28 15:45:00,-0.47979099999975006,-0.9414799999999559,-0.710635499999853,-0.8018239999996695,-0.25923399999965113,-0.5305289999996603,-1.3449150000001282,-0.13280600000007325,-0.7388605000001007
2023-06-28 16:00:00,-0.48193099999980404,-0.9406650000000809,-0.7112979999999425,-0.8031069999997271,-0.2607399999997142,-0.5319234999997207,-1.3444620000000214,-0.13469399999985399,-0.7395779999999377
2023-06-28 16:15:00,-0.4780409999998483,-0.9396229999997558,-0.7088319999998021,-0.8000739999997677,-0.2562249999996311,-0.5281494999996994,-1.3454940000001443,-0.1313559999998688,-0.7384250000000065
2023-06-28 17:45:00,-0.48820200000000114,-0.9506839999999102,-0.7194429999999556,-0.7964630000001307,-0.2602490000003854,-0.5283560000002581,-1.336982000000262,-0.13497200000028897,-0.7359770000002754
2023-06-28 18:00:00,-0.48606400000016947,-0.9505800000001727,-0.7183220000001711,-0.7969279999997525,-0.2589899999998124,-0.5279589999997825,-1.347342000000026,-0.1411009999997077,-0.7442214999998669
2023-06-28 19:15:00,-0.4868459999997867,-0.946067999999741,-0.7164569999997639,-0.7930870000000141,-0.2575339999998505,-0.5253104999999323,-1.341186000000107,-0.14244899999994232,-0.7418175000000247
2023-06-28 19:30:00,-0.4889849999999569,-0.9454649999997855,-0.7172249999998712,-0.79553100000021,-0.26272000000017215,-0.5291255000001911,-1.337231999999858,-0.14489400000002206,-0.7410629999999401
2023-06-28 19:45:00,-0.489245999999639,-0.9430069999998523,-0.7161264999997456,-0.7876400000000103,-0.2555769999999029,-0.5216084999999566,-1.3363380000000689,-0.14705999999978303,-0.741698999999926
2023-06-28 20:15:00,-0.48963800000001356,-0.9378639999999905,-0.713751000000002,-0.7900829999998678,-0.25624699999980294,-0.5231649999998353,-1.33238399999982,-0.1438389999998435,-0.7381114999998317
2023-06-28 21:00:00,-0.4898960000000443,-0.935291999999663,-0.7125939999998536,-0.7886139999995976,-0.2571149999998852,-0.5228644999997414,-1.3309329999997317,-0.1481699999999364,-0.739551499999834
2023-06-28 21:15:00,-0.49106499999970765,-0.936460999999781,-0.7137629999997444,-0.7897830000001704,-0.2582840000000033,-0.5240335000000869,-1.3321019999998498,-0.1493390000000545,-0.7407204999999522
2023-06-28 21:30:00,-0.49359699999968143,-0.9348179999997228,-0.7142074999997021,-0.784183999999641,-0.2548749999996289,-0.5195294999996349,-1.3241979999997966,-0.14786999999978434,-0.7360339999997905
2023-06-28 21:45:00,-0.4917169999998805,-0.933067999999821,-0.7123924999998508,-0.7895860000003267,-0.25954300000012154,-0.5245645000002241,-1.325507000000016,-0.14786899999990055,-0.7366879999999583
2023-06-28 22:00:00,-0.4938579999998183,-0.9323599999997896,-0.7131089999998039,-0.7838710000000901,-0.2553109999998924,-0.5195909999999913,-1.3233040000000074,-0.15003600000000006,-0.7366700000000037
2023-06-28 22:15:00,-0.49242599999979575,-0.9324649999998655,-0.7124454999998306,-0.7859320000002299,-0.25832000000036714,-0.5221260000002985,-1.3230260000000271,-0.1503130000000965,-0.7366695000000618
2023-06-28 22:30:00,-0.4938569999999345,-0.931184999999914,-0.7125209999999242,-0.788539000000128,-0.25881500000014057,-0.5236770000001343,-1.3244629999999233,-0.15003699999988385,-0.7372499999999036
2023-06-28 22:45:00,-0.4926869999999326,-0.929555000000164,-0.7111210000000483,-0.786200000000008,-0.2571599999996579,-0.5216799999998329,-1.3232929999999214,-0.15031299999964176,-0.7368029999997816
2023-06-28 23:30:00,-0.4905459999999948,-0.9290860000000976,-0.7098160000000462,-0.7831670000000486,-0.2543350000000828,-0.5187510000000657,-1.3225870000001123,-0.14883999999983644,-0.7357134999999744
2023-06-28 23:45:00,-0.4905459999999948,-0.9290859999996428,-0.7098159999998188,-0.7866650000000845,-0.2578330000001188,-0.5222490000001017,-1.3237460000000283,-0.14999900000020716,-0.7368725000001177
2023-06-29 00:00:00,-0.48989399999982197,-0.9324639999999818,-0.7111789999999019,-0.786862999999812,-0.2565700000000106,-0.5217164999999113,-1.3285919999998441,-0.1497229999999945,-0.7391574999999193
2023-06-29 02:30:00,-0.48879699999997683,-0.9239299999999275,-0.7063634999999522,-0.7814159999998083,-0.2532109999997374,-0.5173134999997728,-1.3254940000001625,-0.15506300000015472,-0.7402785000001586
2023-06-29 03:00:00,-0.492366999999831,-0.9239299999999275,-0.7081484999998793,-0.779468000000179,-0.25204000000030646,-0.5157540000002427,-1.3200670000001082,-0.1533119999999144,-0.7366895000000113
2023-06-29 03:15:00,-0.492757999999867,-0.9221800000000258,-0.7074689999999464,-0.7790030000001025,-0.25204100000019025,-0.5155220000001464,-1.3178640000000996,-0.15331300000025294,-0.7355885000001763
2023-06-29 03:30:00,-0.4924969999997302,-0.9234609999998611,-0.7079789999997956,-0.7804830000000038,-0.2544630000002144,-0.5174730000001091,-1.3193459999997685,-0.1553369999996903,-0.7373414999997294
2023-06-29 04:15:00,-0.4923679999997148,-0.9193589999999858,-0.7058634999998503,-0.7823879999996279,-0.2544089999996686,-0.5183984999996483,-1.320067999999992,-0.1554430000001048,-0.7377555000000484
2023-06-29 04:30:00,-0.4930770000000848,-0.9241689999998925,-0.7086229999999887,-0.7804839999998876,-0.25286700000015117,-0.5166755000000194,-1.3175870000000032,-0.15083199999980934,-0.7342094999999063
2023-06-29 04:45:00,-0.4954749999997148,-0.923565999999937,-0.7095204999998259,-0.7785490000001118,-0.25514300000031653,-0.5168460000002142,-1.313933000000361,-0.1561960000003637,-0.7350645000003624
2023-06-29 05:00:00,-0.49333500000011554,-0.9211080000000038,-0.7072215000000597,-0.7807639999996354,-0.2561590000000251,-0.5184614999998303,-1.3178859999998167,-0.15836199999966993,-0.7381239999997433
2023-06-29 05:30:00,-0.4962449999998171,-0.9228439999997136,-0.7095444999997653,-0.781934000000092,-0.2561649999997826,-0.5190494999999373,-1.3161369999997987,-0.1554559999999583,-0.7357964999998785
2023-06-29 05:45:00,-0.4930069999995794,-0.9193449999997938,-0.7061759999996866,-0.7822019999998702,-0.2579139999998006,-0.5200579999998354,-1.3117440000000897,-0.15370600000005652,-0.7327250000000731
2023-06-29 06:00:00,-0.4948859999999513,-0.9186369999997623,-0.7067614999998568,-0.7797190000001137,-0.25543199999992794,-0.5175755000000208,-1.3151029999999082,-0.15879099999983737,-0.7369469999998728
2023-06-29 06:15:00,-0.4923549999998613,-0.919463999999607,-0.7059094999997342,-0.7789010000001326,-0.252179999999953,-0.5155405000000428,-1.3183399999998073,-0.1557319999997162,-0.7370359999997618
2023-06-29 06:45:00,-0.49060700000018187,-0.9218040000000656,-0.7062055000001237,-0.7806510000000344,-0.2551499999999578,-0.5179004999999961,-1.3183399999998073,-0.15503899999976056,-0.736689499999784
2023-06-29 07:00:00,-0.49021499999980733,-0.921802999999727,-0.7060089999997672,-0.7811169999999947,-0.253400000000056,-0.5172585000000254,-1.3222929999997177,-0.15503899999976056,-0.7386659999997391
2023-06-29 07:30:00,-0.49164699999982986,-0.9260110000000168,-0.7088289999999233,-0.7903589999996257,-0.25763199999983044,-0.523995499999728,-1.3303280000000086,-0.1528720000001158,-0.7416000000000622
2023-06-29 07:45:00,-0.4880159999997886,-0.9201739999998608,-0.7040949999998247,-0.7876059999998688,-0.2546630000001642,-0.5211345000000165,-1.331079999999929,-0.15473500000007334,-0.7429075000000012
2023-06-29 08:00:00,-0.48840599999994083,-0.9222769999996672,-0.705341499999804,-0.788300000000163,-0.25737800000024436,-0.5228390000002037,-1.3288769999999204,-0.15476099999978032,-0.7418189999998503
2023-06-29 08:15:00,-0.4897659999996904,-0.9240269999995689,-0.7068964999996297,-0.7905180000002474,-0.25737900000012814,-0.5239485000001878,-1.3345829999998386,-0.1565109999996821,-0.7455469999997604
2023-06-29 08:30:00,-0.4884049999996023,-0.9235669999998208,-0.7059859999997116,-0.7914500000001681,-0.2551440000002003,-0.5232970000001842,-1.3401490000001104,-0.1561970000002475,-0.748173000000179
2023-06-29 08:45:00,-0.48704700000007506,-0.9193600000003244,-0.7032035000001997,-0.7927340000001095,-0.2579089999999269,-0.5253215000000182,-1.3361960000002,-0.1566130000001067,-0.7464045000001533
2023-06-29 09:30:00,-0.4876270000004297,-0.9238150000001042,-0.7057210000002669,-0.7927340000001095,-0.25660900000002584,-0.5246715000000677,-1.3367859999998473,-0.1524530000001505,-0.7446194999999989
2023-06-29 10:30:00,-0.49028599999974176,-0.9283629999999903,-0.709324499999866,-0.7977000000000771,-0.2605940000003102,-0.5291470000001937,-1.3405660000003081,-0.15333700000019235,-0.7469515000002502
2023-06-29 10:45:00,-0.49443499999961205,-0.9294039999999768,-0.7119194999997944,-0.7922680000001492,-0.2581119999999828,-0.525190000000066,-1.3328339999998207,-0.15259500000001935,-0.74271449999992
2023-06-29 11:00:00,-0.49242699999967954,-0.9310489999998026,-0.7117379999997411,-0.7919870000000628,-0.2586029999997663,-0.5252949999999146,-1.335454000000027,-0.1540660000000571,-0.744760000000042
2023-06-29 11:30:00,-0.4891160000001946,-0.9305859999999484,-0.7098510000000715,-0.7942010000001574,-0.25933500000019194,-0.5267680000001747,-1.339404999999715,-0.15364799999997558,-0.7465264999998453
2023-06-29 11:45:00,-0.4883359999998902,-0.9330449999997654,-0.7106904999998278,-0.7968850000002021,-0.25832000000036714,-0.5276025000002846,-1.3473129999997582,-0.1532320000001164,-0.7502724999999373
2023-06-29 12:00:00,-0.4863260000001901,-0.9337550000000192,-0.7100405000001047,-0.8001150000000052,-0.2608020000002398,-0.5304585000001225,-1.3482070000000022,-0.15106500000001688,-0.7496360000000095
2023-06-29 12:15:00,-0.48988399999961985,-0.9342159999996511,-0.7120499999996355,-0.7929329999997208,-0.25658100000009654,-0.5247569999999087,-1.3398739999997815,-0.14973299999974188,-0.7448034999997617
2023-06-29 12:30:00,-0.4881350000000566,-0.9349250000000211,-0.7115300000000389,-0.7929330000001755,-0.2573139999999512,-0.5251235000000634,-1.3398740000002363,-0.1493159999999989,-0.7445950000001176
2023-06-29 12:45:00,-0.48457600000028833,-0.9373840000002929,-0.7109800000002906,-0.7972059999997327,-0.2615459999997256,-0.5293759999997292,-1.3423680000000786,-0.14772899999979927,-0.7450484999999389
2023-06-29 13:00:00,-0.4863239999999678,-0.9383039999997891,-0.7123139999998784,-0.793706999999813,-0.25779899999997724,-0.5257529999998951,-1.3441179999999804,-0.14961899999980233,-0.7468684999998914
2023-06-29 13:30:00,-0.48418300000003,-0.9407769999997981,-0.7124799999999141,-0.7988439999999173,-0.26319599999987986,-0.5310199999998986,-1.3475049999997282,-0.15036099999997532,-0.7489329999998517
2023-06-29 13:45:00,-0.484574000000066,-0.9399619999999231,-0.7122679999999946,-0.7954589999999371,-0.26178399999980684,-0.528621499999872,-1.3423910000001342,-0.1493399999999383,-0.7458655000000363
2023-06-29 14:00:00,-0.4828229999998257,-0.9406709999998384,-0.711746999999832,-0.7954580000000533,-0.2625159999997777,-0.5289869999999155,-1.3423910000001342,-0.148920999999973,-0.7456560000000536
2023-06-29 14:15:00,-0.4832129999999779,-0.9389209999999366,-0.7110669999999573,-0.7903239999996003,-0.25784699999985605,-0.5240854999997282,-1.340186999999787,-0.148920999999973,-0.74455399999988
2023-06-29 14:30:00,-0.4835370000000694,-0.9406579999999849,-0.7120975000000271,-0.791794000000209,-0.25901500000009037,-0.5254045000001497,-1.3445580000002337,-0.1518450000003213,-0.7482015000002775
2023-06-29 14:45:00,-0.4831440000002658,-0.9406570000001011,-0.7119005000001835,-0.7957580000002054,-0.26076300000022457,-0.528260500000215,-1.3438419999997677,-0.14717500000006112,-0.7455084999999144
2023-06-29 15:00:00,-0.4852850000002036,-0.9447590000004311,-0.7150220000003173,-0.795292000000245,-0.26198599999997896,-0.528639000000112,-1.343387999999777,-0.14822800000001735,-0.7458079999998972
2023-06-29 15:15:00,-0.48463300000003073,-0.9472170000003644,-0.7159250000001975,-0.7989900000002308,-0.26272000000017215,-0.5308550000002015,-1.3470649999999296,-0.14489300000013827,-0.7459790000000339
2023-06-29 17:00:00,-0.4878169999997226,-0.9463889999997264,-0.7171029999997245,-0.799029000000246,-0.26889100000016697,-0.5339600000002065,-1.338980999999876,-0.149703000000045,-0.7443419999999605
2023-06-29 17:15:00,-0.487163999999666,-0.9488459999997758,-0.7180049999997209,-0.7963180000001557,-0.26321599999982936,-0.5297669999999925,-1.3426690000001145,-0.1463770000000295,-0.744523000000072
2023-06-29 17:30:00,-0.48541500000010274,-0.9458129999998164,-0.7156139999999596,-0.7934000000000196,-0.26072900000008303,-0.5270645000000513,-1.3444190000000162,-0.14970100000027742,-0.7470600000001468
2023-06-29 17:45:00,-0.4871629999997822,-0.9475609999999506,-0.7173619999998664,-0.7980670000001737,-0.26539599999978236,-0.531731499999978,-1.3444180000001325,-0.14969999999993888,-0.7470590000000357
2023-06-29 18:00:00,-0.48502400000006674,-0.9500199999997676,-0.7175219999999172,-0.7985340000000178,-0.26612999999997555,-0.5323319999999967,-1.3448730000000069,-0.1475350000000617,-0.7462040000000343
2023-06-29 18:30:00,-0.48684400000001915,-0.9516589999998359,-0.7192514999999275,-0.7948350000001483,-0.26545500000020184,-0.5301450000001751,-1.3400249999999687,-0.14784700000018347,-0.7439360000000761
2023-06-29 18:45:00,-0.4875539999998182,-0.9497819999996864,-0.7186679999997523,-0.7941019999998389,-0.26472300000023097,-0.5294125000000349,-1.3404640000003383,-0.15001400000028298,-0.7452390000003106
2023-06-29 19:00:00,-0.48684499999990294,-0.9493079999997462,-0.7180764999998246,-0.795994999999948,-0.26714099999981045,-0.5315679999998792,-1.3411849999997685,-0.15145099999972444,-0.7463179999997465
2023-06-29 19:15:00,-0.48535599999968326,-0.950724999999693,-0.7180404999996881,-0.7898549999999886,-0.262199000000237,-0.5260270000001128,-1.3367920000000595,-0.14711899999974776,-0.7419554999999036
2023-06-29 20:00:00,-0.48749599999973725,-0.9483869999999115,-0.7179414999998244,-0.7905489999998281,-0.2638899999997193,-0.5272194999997737,-1.3328389999996944,-0.14781300000004194,-0.7403259999998681
2023-06-29 21:00:00,-0.48431499999969674,-0.9442850000000362,-0.7142999999998665,-0.7891110000000481,-0.2626649999997426,-0.5258879999998953,-1.3337320000000545,-0.14967699999988326,-0.7417044999999689
2023-06-29 21:15:00,-0.48885199999995166,-0.9469689999996262,-0.717910499999789,-0.7916079999999965,-0.2630030000000261,-0.5273055000000113,-1.3379839999997785,-0.15156500000011874,-0.7447744999999486
2023-06-29 21:45:00,-0.4835350000003018,-0.9416990000004262,-0.712617000000364,-0.7947110000000066,-0.264697999999953,-0.5297044999999798,-1.3416379999998753,-0.15283899999985806,-0.7472384999998667
2023-06-29 22:30:00,-0.48671199999989767,-0.947783999999956,-0.7172479999999268,-0.7932409999998526,-0.26441399999976056,-0.5288274999998066,-1.3419340000000375,-0.15317499999991924,-0.7475544999999784
2023-06-29 23:00:00,-0.48353499999984706,-0.9383189999998649,-0.710926999999856,-0.7964600000000246,-0.2642120000000432,-0.5303360000000339,-1.3445560000000114,-0.15428500000007261,-0.749420500000042
2023-06-29 23:30:00,-0.4853530000000319,-0.9370300000000498,-0.7111915000000408,-0.7892759999999726,-0.25997899999993024,-0.5246274999999514,-1.336232000000109,-0.15295199999991382,-0.7445920000000115
2023-06-30 00:00:00,-0.48483200000009674,-0.9393589999999676,-0.7120955000000322,-0.7939759999999296,-0.2640579999997499,-0.5290169999998398,-1.3426540000000386,-0.15644099999963146,-0.749547499999835
2023-06-30 00:30:00,-0.4871029999999337,-0.9392530000000079,-0.7131779999999708,-0.7927749999998923,-0.2627990000000864,-0.5277869999999893,-1.3391409999999269,-0.15441199999986566,-0.7467764999998963
2023-06-30 02:15:00,-0.4916440000001785,-0.9346780000000763,-0.7131610000001274,-0.786862999999812,-0.25875600000017585,-0.5228094999999939,-1.330931999999848,-0.15539699999999357,-0.7431644999999207
2023-06-30 03:00:00,-0.4902839999999742,-0.9356129999996483,-0.7129484999998112,-0.7895449999996345,-0.25909299999966606,-0.5243189999996503,-1.3382579999997688,-0.1572839999998905,-0.7477709999998297
2023-06-30 03:45:00,-0.48827499999970314,-0.9345719999996618,-0.7114234999996825,-0.7945130000002791,-0.26157499999999345,-0.5280440000001363,-1.3408779999999751,-0.15511800000012954,-0.7479980000000523
2023-06-30 04:00:00,-0.4885939999999209,-0.9387799999999515,-0.7136869999999362,-0.7895770000000084,-0.25706099999979415,-0.5233189999999013,-1.340603000000101,-0.1529529999997976,-0.7467779999999493
2023-06-30 04:30:00,-0.4856739999995625,-0.9326929999997446,-0.7091834999996536,-0.7930740000001606,-0.2608420000001388,-0.5269580000001497,-1.3423509999997805,-0.1572839999998905,-0.7498174999998355
2023-06-30 04:45:00,-0.4878840000001219,-0.9322189999998045,-0.7100514999999632,-0.7949790000002395,-0.26035100000035527,-0.5276650000002974,-1.3430819999998675,-0.15581299999985276,-0.7494474999998602
2023-06-30 05:00:00,-0.4857440000000679,-0.9340979999997217,-0.7099209999998948,-0.7936949999998433,-0.2587559999997211,-0.5262254999997822,-1.347034999999778,-0.15656600000011167,-0.7518004999999448
2023-06-30 06:30:00,-0.48911199999974997,-0.9344409999998788,-0.7117764999998144,-0.7912930000002234,-0.260841000000255,-0.5260670000002392,-1.3382470000001376,-0.15727300000025934,-0.7477600000001985
2023-06-30 07:30:00,-0.49066399999992427,-0.9323289999997542,-0.7114964999998392,-0.7919980000001487,-0.26278499999989435,-0.5273915000000216,-1.332546000000093,-0.1560799999997471,-0.7443129999999201
2023-06-30 07:45:00,-0.48671399999966525,-0.9330359999999018,-0.7098749999997835,-0.7914900000000671,-0.2582689999999275,-0.5248794999999973,-1.3430819999998675,-0.156833000000006,-0.7499574999999368
2023-06-30 08:00:00,-0.4869759999996859,-0.9330369999997856,-0.7100064999997358,-0.7935069999998632,-0.26176799999984723,-0.5276374999998552,-1.3386900000000423,-0.155083999999988,-0.7468870000000152
2023-06-30 08:15:00,-0.48671499999954904,-0.9354949999997189,-0.711104999999634,-0.7949889999999868,-0.2625020000000404,-0.5287455000000136,-1.3413329999998496,-0.15466699999979028,-0.7479999999998199
2023-06-30 08:30:00,-0.48632299999962925,-0.9354939999998351,-0.7109084999997322,-0.7954540000000634,-0.26075200000013865,-0.528103000000101,-1.3435359999998582,-0.1529169999998885,-0.7482264999998733
2023-06-30 09:15:00,-0.4849639999997635,-0.9371249999999236,-0.7110444999998435,-0.7885710000000472,-0.2583180000001448,-0.523444500000096,-1.3413339999997334,-0.15613900000016656,-0.74873649999995
2023-06-30 10:15:00,-0.48632199999974546,-0.9405179999998836,-0.7134199999998145,-0.7942859999998291,-0.2623069999999643,-0.5282964999998967,-1.3423689999999624,-0.1529409999998279,-0.7476549999998952
2023-06-30 10:30:00,-0.485341999999946,-0.9363109999999324,-0.7108264999999392,-0.7976739999999154,-0.26157400000010966,-0.5296240000000125,-1.3475039999998444,-0.15335800000002564,-0.750430999999935
2023-06-30 10:45:00,-0.4849520000002485,-0.9412280000001374,-0.713090000000193,-0.8010610000001179,-0.2642120000000432,-0.5326365000000806,-1.3502980000002935,-0.15136500000016895,-0.7508315000002312
2023-06-30 11:00:00,-0.4823740000001635,-0.9400679999998829,-0.7112210000000232,-0.8002000000001317,-0.2630420000000413,-0.5316210000000865,-1.3517590000001292,-0.15136500000016895,-0.751562000000149
2023-06-30 11:45:00,-0.48567300000013347,-0.9482570000000123,-0.7169650000000729,-0.8020630000000892,-0.2666540000000168,-0.534358500000053,-1.3460460000001149,-0.14530800000011368,-0.7456770000001143
2023-06-30 12:00:00,-0.48178199999983917,-0.9475499999998647,-0.7146659999998519,-0.7996100000000297,-0.26650100000006205,-0.5330555000000459,-1.349420999999893,-0.15039500000011685,-0.7499080000000049
2023-06-30 12:30:00,-0.48353399999996327,-0.9470759999999245,-0.7153049999999439,-0.7978610000000117,-0.2636819999997897,-0.5307714999999007,-1.349999999999909,-0.1506730000000971,-0.7503365000000031
2023-06-30 12:45:00,-0.48528399999986505,-0.9536360000001878,-0.7194600000000264,-0.7996109999999135,-0.265639000000192,-0.5326250000000528,-1.3482510000003458,-0.14606300000014016,-0.747157000000243
2023-06-30 13:00:00,-0.4813920000001417,-0.949427999999898,-0.7154100000000199,-0.8018259999998918,-0.2666549999999006,-0.5342404999998962,-1.353954000000158,-0.14997799999991912,-0.7519660000000385
2023-06-30 13:15:00,-0.48236499999984517,-0.9507170000001679,-0.7165410000000065,-0.8013609999998152,-0.2673890000000938,-0.5343749999999545,-1.3517510000001494,-0.1495629999999437,-0.7506570000000465
2023-06-30 13:45:00,-0.4827530000002298,-0.9499020000002929,-0.7163275000002614,-0.7991429999997308,-0.26714399999991656,-0.5331434999998237,-1.3466269999998985,-0.1485290000000532,-0.7475779999999759
2023-06-30 14:00:00,-0.48178199999983917,-0.95107199999984,-0.7164269999998396,-0.7996100000000297,-0.26714499999980035,-0.533377499999915,-1.3500009999997928,-0.14969999999993888,-0.7498504999998659
2023-06-30 14:15:00,-0.48288400000001275,-0.9542249999999513,-0.718554499999982,-0.798989999999776,-0.2686069999999745,-0.5337984999998753,-1.3453169999997954,-0.1471200000000863,-0.7462184999999408
2023-06-30 14:30:00,-0.4807429999996202,-0.9528089999998883,-0.7167759999997543,-0.7959579999997004,-0.267142999999578,-0.5315504999996392,-1.3475220000000263,-0.15145299999994677,-0.7494874999999865
2023-06-30 14:45:00,-0.47860199999968245,-0.9494289999997818,-0.7140154999997321,-0.7981719999997949,-0.2666559999997844,-0.5324139999997897,-1.3479750000001332,-0.14822899999990113,-0.7481020000000171
2023-06-30 15:30:00,-0.48035200000003897,-0.9494289999997818,-0.7148904999999104,-0.7981729999996787,-0.2649059999998826,-0.5315394999997807,-1.348566000000119,-0.14706900000010137,-0.7478175000001102
2023-06-30 15:45:00,-0.47860099999979866,-0.9517660000001342,-0.7151834999999664,-0.7981719999997949,-0.2661249999996471,-0.532148499999721,-1.3503140000002531,-0.1481250000001637,-0.7492195000002084
2023-06-30 16:00:00,-0.47834199999988414,-0.951057999999648,-0.7146999999997661,-0.7984940000001188,-0.26598199999989447,-0.5322380000000067,-1.3529570000000604,-0.15029200000026322,-0.7516245000001618
2023-06-30 16:15:00,-0.48048100000005434,-0.948598999999831,-0.7145399999999427,-0.7991879999999583,-0.2664079999999558,-0.532797999999957,-1.3460860000000139,-0.14604099999996834,-0.7460634999999911
2023-06-30 16:30:00,-0.47852999999986423,-0.9515309999997044,-0.7150304999997843,-0.8036189999997987,-0.2676309999997102,-0.5356249999997544,-1.3569099999999708,-0.14826300000004267,-0.7525865000000067
2023-06-30 17:00:00,-0.478921999999784,-0.9510629999999765,-0.7149924999998802,-0.7984950000000026,-0.2653970000001209,-0.5319460000000618,-1.3512080000000424,-0.14795100000037564,-0.749579500000209
2023-06-30 17:15:00,-0.48035200000003897,-0.9515320000000429,-0.7159420000000409,-0.7999319999998988,-0.2664719999997942,-0.5332019999998465,-1.350315000000137,-0.14709399999992456,-0.7487045000000307
2023-06-30 17:30:00,-0.4811299999996663,-0.9571470000000772,-0.7191384999998718,-0.7968989999999394,-0.26336399999991045,-0.5301314999999249,-1.3525170000002618,-0.1459460000000945,-0.7492315000001781
2023-06-30 18:15:00,-0.4819119999997383,-0.9546900000000278,-0.7183009999998831,-0.7994659999999385,-0.2696280000000115,-0.534546999999975,-1.3492799999999079,-0.1510310000003301,-0.750155500000119
2023-06-30 18:45:00,-0.4800909999999021,-0.9571489999998448,-0.7186199999998735,-0.8031510000000708,-0.27151999999978216,-0.5373354999999265,-1.3529550000002928,-0.14886500000011438,-0.7509100000002036
2023-06-30 19:15:00,-0.4786020000001372,-0.955159999999978,-0.7168810000000576,-0.7952620000000934,-0.2654560000000856,-0.5303590000000895,-1.3503120000000308,-0.14959600000020146,-0.7499540000001161
2023-06-30 19:30:00,-0.47821099999964645,-0.955159999999978,-0.7166854999998122,-0.7986369999998715,-0.2666150000000016,-0.5326259999999365,-1.357173999999759,-0.1525050000000192,-0.7548394999998891
2023-06-30 19:45:00,-0.4821020000003955,-0.9552660000003925,-0.718684000000394,-0.8016700000002857,-0.2696240000000216,-0.5356470000001536,-1.3532209999998486,-0.15103300000009767,-0.7521269999999731
2023-06-30 20:30:00,-0.48178299999972296,-0.9559879999997065,-0.7188854999997147,-0.7984389999996893,-0.2674419999998463,-0.5329404999997678,-1.3499990000000253,-0.14886599999999817,-0.7494325000000117
2023-06-30 21:30:00,-0.4810130000000754,-0.954345000000103,-0.7176790000000892,-0.7898159999999734,-0.2617040000000088,-0.5257599999999911,-1.3478039999999964,-0.15206299999999828,-0.7499334999999974
2023-06-30 21:45:00,-0.48029300000007424,-0.9552690000000439,-0.7177810000000591,-0.796385999999984,-0.26962700000012774,-0.5330065000000559,-1.3467749999999796,-0.15219200000001365,-0.7494834999999966
2023-06-30 22:15:00,-0.47854400000005626,-0.9501259999997274,-0.7143349999998918,-0.7963869999998678,-0.26738799999975527,-0.5318874999998116,-1.3479449999999815,-0.1518909999999778,-0.7499179999999797
2023-06-30 22:45:00,-0.48165300000027855,-0.9527050000001509,-0.7171790000002147,-0.7986030000001847,-0.26588500000025306,-0.5322440000002189,-1.3536479999997937,-0.15174999999999272,-0.7526989999998932
2023-06-30 23:00:00,-0.4799019999995835,-0.9502459999998791,-0.7150739999997313,-0.7986019999998462,-0.26690099999996164,-0.5327514999999039,-1.3518970000000081,-0.15216599999985192,-0.75203149999993
2023-06-30 23:15:00,-0.4832129999999779,-0.9536349999998492,-0.7184239999999136,-0.7992960000001403,-0.269137000000228,-0.5342165000001842,-1.3496939999999995,-0.15247999999974127,-0.7510869999998704
2023-06-30 23:30:00,-0.4828219999999419,-0.9553859999996348,-0.7191039999997884,-0.79860299999973,-0.2679769999999735,-0.5332899999998517,-1.3530679999998938,-0.15364899999985937,-0.7533584999998766
2023-07-01 00:00:00,-0.48133299999972223,-0.949532999999974,-0.7154329999998481,-0.7982810000003155,-0.26791300000013507,-0.5330970000002253,-1.350423999999748,-0.15434499999992113,-0.7523844999998346
2023-07-01 00:45:00,-0.4802929999996195,-0.9477879999999459,-0.7140404999997827,-0.7963850000001003,-0.26616699999976845,-0.5312759999999344,-1.3496900000000096,-0.1543299999998453,-0.7520099999999275
2023-07-01 01:00:00,-0.482434000000012,-0.9453300000000127,-0.7138820000000123,-0.7959200000000237,-0.2654349999997976,-0.5306774999999107,-1.3492369999999028,-0.1564979999998286,-0.7528674999998657
2023-07-01 01:15:00,-0.4824329999996735,-0.9470799999999144,-0.714756499999794,-0.7959190000001399,-0.26718399999981557,-0.5315514999999778,-1.347487000000001,-0.15649699999994482,-0.7519919999999729
2023-07-01 01:30:00,-0.4837929999998778,-0.9488299999998162,-0.716311499999847,-0.7998859999997876,-0.2689340000001721,-0.5344099999999798,-1.3514439999999013,-0.1564979999998286,-0.7539709999998649
2023-07-01 02:15:00,-0.4856019999997443,-0.9470799999999144,-0.7163409999998294,-0.7956100000001243,-0.2654339999999138,-0.530522000000019,-1.347776999999951,-0.15649699999994482,-0.7521369999999479
2023-07-01 02:30:00,-0.48418299999957526,-0.9488299999998162,-0.7165064999996957,-0.79300000000012,-0.26426500000025044,-0.5286325000001852,-1.3463179999998829,-0.15532799999982672,-0.7508229999998548
2023-07-01 03:00:00,-0.48807199999964723,-0.9481200000000172,-0.7180959999998322,-0.7954540000000634,-0.2664509999999609,-0.5309525000000122,-1.3435359999998582,-0.15516500000012456,-0.7493504999999914
2023-07-01 03:15:00,-0.48632099999986167,-0.9488279999995939,-0.7175744999997278,-0.7937029999998231,-0.2654339999999138,-0.5295684999998684,-1.3452839999999924,-0.15649699999994482,-0.7508904999999686
2023-07-01 03:30:00,-0.4856129999998302,-0.949062999999569,-0.7173379999996996,-0.7944379999999001,-0.2656769999998687,-0.5300574999998844,-1.346013999999741,-0.15577900000016598,-0.7508964999999534
2023-07-01 04:45:00,-0.485613999999714,-0.9405149999997775,-0.7130644999997457,-0.7961879999998018,-0.2640630000000783,-0.5301254999999401,-1.3460150000000795,-0.1558719999998175,-0.7509434999999485
2023-07-01 05:15:00,-0.487362999999732,-0.9422639999997955,-0.7148134999997637,-0.7961900000000242,-0.2640639999999621,-0.5301269999999931,-1.346016999999847,-0.1558719999998175,-0.7509444999998323
2023-07-01 05:30:00,-0.4838639999998122,-0.9412239999996928,-0.7125439999997525,-0.7944399999996676,-0.263046999999915,-0.5287434999997913,-1.3442669999999453,-0.15370499999971798,-0.7489859999998316
2023-07-01 06:00:00,-0.48172399999975823,-0.9395939999999428,-0.7106589999998505,-0.7960649999999987,-0.2637200000003759,-0.5298925000001873,-1.3499699999997574,-0.1574809999997342,-0.7537254999997458
2023-07-01 06:15:00,-0.48198199999978897,-0.9413439999998445,-0.7116629999998167,-0.7945960000001833,-0.26547000000027765,-0.5300330000002305,-1.345010000000002,-0.15689199999997072,-0.7509509999999864
2023-07-01 07:00:00,-0.48587199999974473,-0.9411079999999856,-0.7134899999998652,-0.7958800000001247,-0.2658070000002226,-0.5308435000001737,-1.3428069999999934,-0.15586000000030253,-0.749333500000148
2023-07-01 07:15:00,-0.4840509999999085,-0.9411089999998694,-0.712579999999889,-0.7984079999996538,-0.26580699999976787,-0.5321074999997109,-1.3482329999997091,-0.1558599999998478,-0.7520464999997785
2023-07-01 07:30:00,-0.48600100000021484,-0.9413429999999607,-0.7136720000000878,-0.7939759999999296,-0.264299999999821,-0.5291379999998753,-1.3420759999999063,-0.15572100000008504,-0.7488984999999957
2023-07-01 07:45:00,-0.48133099999995466,-0.9447380000001431,-0.7130345000000489,-0.7953739999998106,-0.2647910000000593,-0.530082499999935,-1.3486869999996998,-0.1554439999999886,-0.7520654999998442
2023-07-01 08:00:00,-0.4819830000001275,-0.9395949999998265,-0.710788999999977,-0.7934270000000652,-0.262550999999803,-0.5279889999999341,-1.345010000000002,-0.15514200000006895,-0.7500760000000355
2023-07-01 08:45:00,-0.47977199999968434,-0.941925000000083,-0.7108484999998836,-0.7975910000000113,-0.2643019999995886,-0.5309464999997999,-1.3538109999999506,-0.1568929999998545,-0.7553519999999025
2023-07-01 09:30:00,-0.4809309999996003,-0.9478939999999056,-0.714412499999753,-0.7975900000001275,-0.2645079999997506,-0.531048999999939,-1.3526409999999487,-0.1528610000000299,-0.7527509999999893
2023-07-01 11:00:00,-0.483009999999922,-0.9484840000000077,-0.7157469999999648,-0.800822999999582,-0.2645089999996344,-0.5326659999996082,-1.3552850000000944,-0.1511120000000119,-0.7531985000000532
2023-07-01 11:30:00,-0.48230100000000675,-0.9491939999998067,-0.7157474999999067,-0.8056470000001354,-0.2681609999999637,-0.5369040000000496,-1.3565969999999652,-0.14952499999981228,-0.7530609999998887
2023-07-01 11:45:00,-0.47977099999980055,-0.9460269999999582,-0.7128989999998794,-0.8071599999998398,-0.2672749999996995,-0.5372174999997696,-1.3627549999996518,-0.15210799999977098,-0.7574314999997114
2023-07-01 12:15:00,-0.48190999999997075,-0.9509429999998247,-0.7164264999998977,-0.806112999999641,-0.2681609999999637,-0.5371369999998024,-1.3587999999999738,-0.14952499999981228,-0.754162499999893
2023-07-01 12:45:00,-0.4826909999997042,-0.9508369999998649,-0.7167639999997846,-0.8022609999998167,-0.2674809999998615,-0.5348709999998391,-1.3526440000000548,-0.14924599999994825,-0.7509450000000015
2023-07-01 13:00:00,-0.48269100000015897,-0.9525880000001052,-0.7176395000001321,-0.7987629999997807,-0.2657329999997273,-0.532247999999754,-1.3538140000000567,-0.15216499999996813,-0.7529895000000124
2023-07-01 13:15:00,-0.47834000000011656,-0.9525869999997667,-0.7154634999999416,-0.8039709999998195,-0.26573199999984354,-0.5348514999998315,-1.364227000000028,-0.15099599999985003,-0.757611499999939
2023-07-01 13:30:00,-0.481260999999904,-0.9579509999998663,-0.7196059999998852,-0.80045999999993,-0.26296199999978853,-0.5317109999998593,-1.3636240000000726,-0.15000099999997474,-0.7568125000000236
2023-07-01 14:00:00,-0.48016099999995276,-0.9578449999999066,-0.7190029999999297,-0.8031940000000759,-0.26987099999996644,-0.5365325000000212,-1.3587999999999738,-0.15147200000001249,-0.7551359999999931
2023-07-01 14:30:00,-0.48165199999994,-0.9610119999997551,-0.7213319999998475,-0.8052429999997912,-0.2684180000001106,-0.5368304999999509,-1.362011000000166,-0.14772900000025402,-0.75487000000021
2023-07-01 14:45:00,-0.47834100000000035,-0.9598409999998694,-0.7190909999999349,-0.8086269999998876,-0.27133599999979197,-0.5399814999998398,-1.3642140000001746,-0.14772900000025402,-0.7559715000002143
2023-07-01 15:00:00,-0.4808709999997518,-0.9607759999998962,-0.720823499999824,-0.8030260000000453,-0.26992399999971894,-0.5364749999998821,-1.358056999999917,-0.14961700000003475,-0.7538369999999759
2023-07-01 15:15:00,-0.4830130000000281,-0.9600689999997485,-0.7215409999998883,-0.8025609999999688,-0.27094099999976606,-0.5367509999998674,-1.3529349999998885,-0.14886500000011438,-0.7509000000000015
2023-07-01 15:45:00,-0.47911999999996624,-0.9565680000000611,-0.7178440000000137,-0.8059450000000652,-0.2721090000000004,-0.5390270000000328,-1.3598070000002735,-0.15178199999991193,-0.7557945000000927
2023-07-01 16:15:00,-0.4806829999997717,-0.9585539999998218,-0.7196184999997968,-0.7973219999998946,-0.26594599999998536,-0.53163399999994,-1.3541040000000066,-0.14989599999989878,-0.7519999999999527
2023-07-01 16:30:00,-0.4795109999995475,-0.9590119999998024,-0.7192614999996749,-0.7990709999999126,-0.2681800000000294,-0.533625499999971,-1.3523559999998724,-0.14786999999978434,-0.7501129999998284
2023-07-01 16:45:00,-0.48126300000012634,-0.9614720000004127,-0.7213675000002695,-0.7973219999998946,-0.2654149999998481,-0.5313684999998713,-1.3541040000000066,-0.14745300000004136,-0.750778500000024
2023-07-01 17:00:00,-0.47912200000018856,-0.9590130000001409,-0.7190675000001647,-0.8041960000000472,-0.2710900000001857,-0.5376430000001164,-1.358056999999917,-0.14961999999968612,-0.7538384999998016
2023-07-01 17:15:00,-0.4788589999998294,-0.9626449999996112,-0.7207519999997203,-0.8056770000002871,-0.27298600000040096,-0.539331500000344,-1.3595310000000609,-0.1491889999997511,-0.754359999999906
2023-07-01 17:30:00,-0.4792520000000877,-0.9584370000002309,-0.7188445000001593,-0.8052110000003267,-0.27225300000009156,-0.5387320000002092,-1.355576999999812,-0.14785699999993085,-0.7517169999998714
2023-07-01 17:45:00,-0.4773720000002868,-0.9608970000003865,-0.7191345000003366,-0.797787999999855,-0.2665790000000925,-0.5321834999999737,-1.3568889999996827,-0.14919000000008964,-0.7530394999998862
2023-07-01 19:15:00,-0.4774290000000292,-0.9606570000000829,-0.719043000000056,-0.8013299999997798,-0.26692099999991115,-0.5341254999998455,-1.362174999999752,-0.1493409999998221,-0.755757999999787
2023-07-01 19:45:00,-0.47594200000003184,-0.9565560000000914,-0.7162490000000616,-0.7998480000001109,-0.26744700000017474,-0.5336475000001428,-1.3577799999998206,-0.15003600000000006,-0.7539079999999103
2023-07-01 21:00:00,-0.47840899999982867,-0.9603029999998398,-0.7193559999998342,-0.8014419999999518,-0.2706039999998211,-0.5360229999998865,-1.3570479999998497,-0.15105499999981475,-0.7540514999998322
2023-07-01 21:45:00,-0.47658799999999246,-0.958552999999938,-0.7175704999999653,-0.8057189999999537,-0.2706039999998211,-0.5381614999998874,-1.3653949999998076,-0.15222499999981665,-0.7588099999998121
2023-07-01 22:00:00,-0.47951000000011845,-0.9549250000000029,-0.7172175000000607,-0.8008220000001529,-0.26870000000008076,-0.5347610000001168,-1.3552850000000944,-0.1514710000001287,-0.7533780000001116
2023-07-01 22:15:00,-0.47937899999988076,-0.9550450000001547,-0.7172120000000177,-0.7963070000000698,-0.2647149999997964,-0.5305109999999331,-1.3565949999997429,-0.15349800000012692,-0.7550464999999349
2023-07-01 22:30:00,-0.48080099999970116,-0.9545619999998962,-0.7176814999997987,-0.7994960000000901,-0.26889500000015687,-0.5341955000001235,-1.3551219999999375,-0.15494600000010905,-0.7550340000000233
2023-07-01 23:15:00,-0.4786599999997634,-0.9543229999999312,-0.7164914999998473,-0.7982120000001487,-0.26748799999995754,-0.5328500000000531,-1.3567349999998441,-0.15508700000009412,-0.7559109999999691
2023-07-01 23:30:00,-0.4769099999998616,-0.9525730000000294,-0.7147414999999455,-0.7964619999997922,-0.26573800000005576,-0.531099999999924,-1.3549849999999424,-0.1533369999997376,-0.75416099999984
2023-07-01 23:45:00,-0.4807999999998174,-0.953852999999981,-0.7173264999998992,-0.7989049999996496,-0.26931999999987966,-0.5341124999997646,-1.3527819999999338,-0.15477299999975003,-0.7537774999998419
2023-07-02 00:45:00,-0.4771699999996599,-0.9516380000000026,-0.7144039999998313,-0.7967429999998785,-0.2659810000000107,-0.5313619999999446,-1.3541150000000926,-0.15319899999985864,-0.7536569999999756
2023-07-02 01:00:00,-0.47541999999975815,-0.9491800000000694,-0.7122999999999138,-0.7979019999997945,-0.26815599999963524,-0.5330289999997149,-1.352364999999736,-0.15361499999971784,-0.7529899999997269
2023-07-02 01:15:00,-0.48144900000033886,-0.9484710000001542,-0.7149600000002465,-0.7975589999996373,-0.2680119999999988,-0.5327854999998181,-1.3479569999999512,-0.15403100000003178,-0.7509939999999915
2023-07-02 01:45:00,-0.47943999999961306,-0.9491789999997309,-0.714309499999672,-0.7972789999998895,-0.2669959999998355,-0.5321374999998625,-1.3505780000000414,-0.15361399999983405,-0.7520959999999377
2023-07-02 02:45:00,-0.47865900000033434,-0.9485899999999674,-0.7136245000001509,-0.7982109999998102,-0.26577699999961624,-0.5319939999997132,-1.3579030000000785,-0.15722599999980957,-0.757564499999944
2023-07-02 04:15:00,-0.47729900000013004,-0.9462499999999636,-0.7117745000000468,-0.7977430000000822,-0.2669349999996484,-0.5323389999998653,-1.3516199999999117,-0.1543059999999059,-0.7529629999999088
2023-07-02 04:30:00,-0.4800289999998313,-0.9443819999996776,-0.7122054999997545,-0.7990270000000237,-0.26795199999969554,-0.5334894999998596,-1.3511669999998048,-0.1564730000000054,-0.7538199999999051
2023-07-02 04:45:00,-0.479769000000033,-0.9442759999997179,-0.7120224999998754,-0.8022579999997106,-0.26844200000005003,-0.5353499999998803,-1.3538109999999506,-0.1544450000001234,-0.754128000000037
2023-07-02 05:00:00,-0.480160000000069,-0.9460260000000744,-0.7130930000000717,-0.7971239999997124,-0.2672729999999319,-0.5321984999998222,-1.3486880000000383,-0.15502500000002328,-0.7518565000000308
2023-07-02 05:30:00,-0.4783980000001975,-0.9448330000000169,-0.7116155000001072,-0.801441000000068,-0.2672189999998409,-0.5343299999999545,-1.3582169999999678,-0.1568899999997484,-0.7575534999998581
2023-07-02 05:45:00,-0.4805370000003677,-0.9448320000001331,-0.7126845000002504,-0.7992249999997512,-0.2654689999999391,-0.5323469999998451,-1.3542640000000574,-0.15513999999984662,-0.754701999999952
2023-07-02 06:45:00,-0.4790490000000318,-0.9455419999999322,-0.712295499999982,-0.797743999999966,-0.26620299999967756,-0.5319734999998218,-1.3516209999997955,-0.15472399999998743,-0.7531724999998914
2023-07-02 09:30:00,-0.48507900000004156,-0.9415589999998701,-0.7133189999999558,-0.7997199999999793,-0.2674010000000635,-0.5335605000000214,-1.3472139999998944,-0.15569400000003952,-0.751453999999967
2023-07-02 09:45:00,-0.4804100000001199,-0.9407470000001013,-0.7105785000001106,-0.797041999999692,-0.26133200000003853,-0.5291869999998653,-1.3573249999999462,-0.15758400000004258,-0.7574544999999944
2023-07-02 10:00:00,-0.48228800000015326,-0.9432040000001507,-0.712746000000152,-0.8027239999996709,-0.26673200000004726,-0.5347279999998591,-1.3577629999999772,-0.15716599999996106,-0.7574644999999691
2023-07-02 11:00:00,-0.4818990000003396,-0.9472930000001725,-0.714596000000256,-0.8049419999997554,-0.26795399999991787,-0.5364479999998366,-1.3599680000002081,-0.15472499999987122,-0.7573465000000397
2023-07-02 11:15:00,-0.48014899999998306,-0.9448340000003554,-0.7124915000001693,-0.8014419999999518,-0.2654699999998229,-0.5334559999998874,-1.3582179999998516,-0.15514100000018516,-0.7566795000000184
2023-07-02 12:15:00,-0.47872800000004645,-0.9514049999997951,-0.7150664999999208,-0.8052529999999933,-0.27092599999969025,-0.5380894999998418,-1.3585219999999936,-0.15285999999969135,-0.7556909999998425
2023-07-02 12:30:00,-0.47737000000006446,-0.9530349999999999,-0.7152025000000322,-0.8090919999999642,-0.27141200000005483,-0.5402520000000095,-1.3658260000001974,-0.15258300000004965,-0.7592045000001235
2023-07-02 13:00:00,-0.4765910000000986,-0.9518659999998818,-0.7142284999999902,-0.803957999999966,-0.26849399999991874,-0.5362259999999424,-1.3636230000001888,-0.15433299999995143,-0.7589780000000701
2023-07-02 13:30:00,-0.4784690000001319,-0.9571369999998751,-0.7178030000000035,-0.8078909999999269,-0.2738049999998111,-0.540847999999869,-1.3617330000001857,-0.1524779999999737,-0.7571055000000797
2023-07-02 13:45:00,-0.47672099999999773,-0.9601849999999104,-0.718452999999954,-0.8067229999996925,-0.27284000000008746,-0.53978149999989,-1.3617340000000695,-0.14961900000025707,-0.7556765000001633
2023-07-02 14:00:00,-0.47489900000027774,-0.961229000000003,-0.7180640000001404,-0.8040110000001732,-0.2703609999998662,-0.5371860000000197,-1.3665790000000015,-0.15294300000005023,-0.7597610000000259
2023-07-02 14:15:00,-0.4769810000002508,-0.961938000000373,-0.7194595000003119,-0.8000019999999495,-0.26934399999981906,-0.5346729999998843,-1.3590899999999237,-0.1513559999998506,-0.7552229999998872
2023-07-02 14:30:00,-0.47711100000014994,-0.9635810000004312,-0.7203460000002906,-0.799268000000211,-0.26983500000005733,-0.5345515000001342,-1.3577799999998206,-0.15107699999998658,-0.7544284999999036
2023-07-02 15:00:00,-0.4753019999998287,-0.9636980000000221,-0.7194999999999254,-0.8064509999999245,-0.27576300000009724,-0.5411070000000109,-1.3614440000001196,-0.15136699999993652,-0.756405500000028
2023-07-02 15:30:00,-0.4774419999998827,-0.9669709999998304,-0.7222064999998565,-0.8013160000000425,-0.27207099999986895,-0.5366934999999557,-1.358071000000109,-0.14964199999985794,-0.7538564999999835
2023-07-02 16:00:00,-0.475289999999859,-0.9604119999999057,-0.7178509999998823,-0.8052849999999125,-0.2736139999997249,-0.5394494999998187,-1.3637869999997747,-0.1542540000000372,-0.759020499999906
2023-07-02 16:15:00,-0.47502799999983836,-0.9645129999998971,-0.7197704999998678,-0.8050159999997959,-0.2730870000000323,-0.5390514999999141,-1.3646799999996801,-0.15180899999995745,-0.7582444999998188
2023-07-02 17:00:00,-0.475680999999895,-0.9628699999998389,-0.719275499999867,-0.8013190000001487,-0.27259700000013254,-0.5369580000001406,-1.3580839999999625,-0.1520869999999377,-0.7550854999999501
2023-07-02 18:00:00,-0.4735399999999572,-0.9611199999999371,-0.7173299999999472,-0.801785000000109,-0.27084700000023076,-0.5363160000001699,-1.3620359999999891,-0.1520860000000539,-0.7570610000000215
2023-07-02 18:15:00,-0.47419200000013007,-0.9635779999998704,-0.7188850000000002,-0.7998379999999088,-0.2733299999999872,-0.536583999999948,-1.3536920000001373,-0.1499220000000605,-0.7518070000000989
2023-07-02 19:00:00,-0.4720600000000559,-0.9642859999999018,-0.7181729999999789,-0.8003119999998489,-0.2723129999999401,-0.5363124999998945,-1.3570730000001276,-0.14892300000019532,-0.7529980000001615
2023-07-02 19:15:00,-0.4728420000001279,-0.9630099999999402,-0.717926000000034,-0.7988009999999122,-0.2728029999998398,-0.535801999999876,-1.3509170000002086,-0.14747500000021319,-0.7491960000002109
2023-07-02 19:30:00,-0.47459200000002966,-0.9626570000000356,-0.7186245000000326,-0.8005509999998139,-0.2747469999999339,-0.5376489999998739,-1.3526670000001104,-0.15095000000019354,-0.751808500000152
2023-07-02 20:00:00,-0.4748530000001665,-0.9565699999998287,-0.7157114999999976,-0.7909020000001874,-0.26394299999992654,-0.527422500000057,-1.3511830000002192,-0.15177300000004834,-0.7514780000001338
2023-07-02 20:15:00,-0.4742630000000645,-0.9572570000000269,-0.7157600000000457,-0.7944000000002234,-0.26987099999996644,-0.5321355000000949,-1.3494329999998627,-0.15322100000003047,-0.7513269999999466
2023-07-02 21:00:00,-0.4752330000001166,-0.956087000000025,-0.7156600000000708,-0.793934000000263,-0.26987099999996644,-0.5319025000001147,-1.3472300000003088,-0.15322100000003047,-0.7502255000001696
2023-07-02 21:45:00,-0.4747099999999591,-0.9591340000001765,-0.7169220000000678,-0.7980560000000878,-0.2723529999998391,-0.5352044999999634,-1.3530949999999393,-0.15397299999995084,-0.7535339999999451
2023-07-02 22:15:00,-0.476270999999997,-0.9569109999997636,-0.7165909999998803,-0.7911709999998493,-0.2654449999999997,-0.5283079999999245,-1.3491409999996904,-0.15250299999979688,-0.7508219999997436
2023-07-02 22:30:00,-0.4722510000001421,-0.9562019999998483,-0.7142264999999952,-0.7970390000000407,-0.27287899999964793,-0.5349589999998443,-1.3526529999999184,-0.15641899999991438,-0.7545359999999164
2023-07-02 23:00:00,-0.47186199999987366,-0.952588999999989,-0.7122254999999313,-0.794006999999965,-0.26573199999984354,-0.5298694999999043,-1.3577759999998307,-0.156833000000006,-0.7573044999999183
2023-07-02 23:30:00,-0.4722520000000259,-0.950945000000047,-0.7115985000000364,-0.7982090000000426,-0.27165999999988344,-0.534934499999963,-1.3538229999999203,-0.15711200000032477,-0.7554675000001225
2023-07-02 23:45:00,-0.4722510000001421,-0.952813000000333,-0.7125320000002375,-0.7952989999998863,-0.26889299999993455,-0.5320959999999104,-1.3509130000002187,-0.15319499999986874,-0.7520540000000437
2023-07-03 00:00:00,-0.4740600000000086,-0.9513959999999315,-0.71272799999997,-0.7945250000002488,-0.27267699999993056,-0.5336010000000897,-1.3454999999999018,-0.15752900000006775,-0.7515144999999848
2023-07-03 00:15:00,-0.4725100000000566,-0.9525880000001052,-0.7125490000000809,-0.7932419999997364,-0.2686509999998634,-0.5309464999997999,-1.3494529999998122,-0.15508300000010422,-0.7522679999999582
2023-07-03 00:30:00,-0.4725100000000566,-0.9525879999996505,-0.7125489999998535,-0.7967399999997724,-0.2721489999998994,-0.5344444999998359,-1.3494529999998122,-0.15508300000010422,-0.7522679999999582
2023-07-03 00:45:00,-0.47503899999992427,-0.9521129999998266,-0.7135759999998754,-0.7911389999999301,-0.26990999999998166,-0.5305244999999559,-1.3432950000001256,-0.15653100000008635,-0.749913000000106
2023-07-03 01:00:00,-0.47263999999995576,-0.9514049999997951,-0.7120224999998754,-0.7895749999997861,-0.267428000000109,-0.5285014999999476,-1.3469500000001062,-0.15752799999972922,-0.7522389999999177
2023-07-03 01:15:00,-0.4722500000002583,-0.9530389999999898,-0.712644500000124,-0.7952980000000025,-0.27141600000004473,-0.5333570000000236,-1.3526609999998982,-0.15899799999988318,-0.7558294999998907
2023-07-03 01:30:00,-0.47083100000008926,-0.9514049999997951,-0.7111179999999422,-0.793847999999798,-0.26917699999967226,-0.5315124999997352,-1.3535320000000866,-0.15869699999984732,-0.7561144999999669
2023-07-03 01:45:00,-0.47010999999974956,-0.9482379999999466,-0.7091739999998481,-0.7957549999996445,-0.2712099999998827,-0.5334824999997636,-1.3531060000000252,-0.16011200000002646,-0.7566090000000258
2023-07-03 02:00:00,-0.46875,-0.9464880000000448,-0.7076190000000224,-0.7917889999998806,-0.26945999999998094,-0.5306244999999308,-1.3491519999997763,-0.16011100000014267,-0.7546314999999595
2023-07-03 02:30:00,-0.4719889999996667,-0.9514039999999113,-0.711696499999789,-0.795020999999906,-0.2691759999997885,-0.5320984999998473,-1.35354499999994,-0.15752699999984543,-0.7555359999998927
2023-07-03 02:45:00,-0.47198900000012145,-0.9460129999997662,-0.7090009999999438,-0.7985199999998258,-0.27188799999976254,-0.5352039999997942,-1.3552949999998418,-0.1615590000001248,-0.7584269999999833
2023-07-03 03:00:00,-0.46906899999976304,-0.9473020000000361,-0.7081854999998995,-0.798518999999942,-0.2743709999999737,-0.5364449999999579,-1.3517950000000383,-0.15939299999990908,-0.7555939999999737
2023-07-03 03:15:00,-0.4705579999999827,-0.9481169999999111,-0.7093374999999469,-0.795332000000144,-0.268195999999989,-0.5317640000000665,-1.356768000000102,-0.15983499999993,-0.758301500000016
2023-07-03 03:30:00,-0.46867799999972704,-0.9457649999999376,-0.7072214999998323,-0.7943169999998645,-0.26872199999979784,-0.5315194999998312,-1.3563289999997323,-0.16227900000012596,-0.7593039999999291
2023-07-03 04:00:00,-0.46653699999978926,-0.9441350000001876,-0.7053359999999884,-0.7977019999998447,-0.2711549999999079,-0.5344284999998763,-1.3585330000000795,-0.16255599999976766,-0.7605444999999236
2023-07-03 04:15:00,-0.46906899999976304,-0.9457649999999376,-0.7074169999998503,-0.7950190000001385,-0.2716409999998177,-0.5333299999999781,-1.3523729999997158,-0.16228000000000975,-0.7573264999998628
2023-07-03 04:45:00,-0.46770699999979115,-0.9469339999996009,-0.707320499999696,-0.8011989999999969,-0.27513900000030844,-0.5381690000001527,-1.3567810000004101,-0.16053000000010798,-0.758655500000259
2023-07-03 05:00:00,-0.46653799999967305,-0.9441349999997328,-0.7053364999997029,-0.794781999999941,-0.268235999999888,-0.5315089999999145,-1.3596999999999753,-0.16372499999988577,-0.7617124999999305
2023-07-03 06:30:00,-0.4641480000000229,-0.9464870000001611,-0.705317500000092,-0.8002259999998387,-0.2712079999996604,-0.5357169999997495,-1.3651150000000598,-0.16186000000016065,-0.7634875000001102
2023-07-03 06:45:00,-0.4641480000000229,-0.9435560000001715,-0.7038520000000972,-0.7967269999999189,-0.26765500000010434,-0.5321910000000116,-1.3633660000000418,-0.161974999999984,-0.7626705000000129
2023-07-03 07:00:00,-0.46550699999988865,-0.9457779999997911,-0.7056424999998399,-0.8024419999997008,-0.27047499999980573,-0.5364584999997533,-1.367319999999836,-0.16052600000011807,-0.763922999999977
2023-07-03 07:15:00,-0.46589700000004086,-0.9465930000001208,-0.7062450000000808,-0.8031439999999748,-0.27363599999989674,-0.5383899999999358,-1.36453500000016,-0.16155699999990247,-0.7630460000000312
2023-07-03 08:00:00,-0.4618789999999535,-0.9407419999997728,-0.7013104999998632,-0.7990979999999581,-0.26716499999974985,-0.533131499999854,-1.3663000000001375,-0.16050300000006246,-0.7634015000001
2023-07-03 08:30:00,-0.4590769999999793,-0.9443599999999606,-0.7017184999999699,-0.8038409999999203,-0.26964799999996103,-0.5367444999999407,-1.3750889999996616,-0.16124700000000303,-0.7681679999998323
2023-07-03 09:00:00,-0.4616080000000693,-0.9465840000002572,-0.7040960000001633,-0.7994089999997414,-0.26896899999974266,-0.534188999999742,-1.364274000000023,-0.1568889999998646,-0.7605814999999438
2023-07-03 09:45:00,-0.46129000000019005,-0.9448350000002392,-0.7030625000002146,-0.7973489999999401,-0.2672199999997247,-0.5322844999998324,-1.3657109999999193,-0.1597990000000209,-0.7627549999999701
2023-07-03 10:00:00,-0.46089800000027026,-0.9489360000002307,-0.7049170000002505,-0.8030610000000706,-0.271940000000086,-0.5375005000000783,-1.3667540000001281,-0.1561940000001414,-0.7614740000001348
2023-07-03 10:30:00,-0.4626479999997173,-0.9464769999999589,-0.7045624999998381,-0.8013129999999364,-0.2677089999997406,-0.5345109999998385,-1.36850400000003,-0.15661099999988437,-0.7625574999999571
2023-07-03 11:00:00,-0.45985700000028373,-0.9506860000001325,-0.7052715000002081,-0.8054769999998825,-0.2701919999999518,-0.5378344999999172,-1.375554000000193,-0.1561940000001414,-0.7658740000001671
2023-07-03 11:15:00,-0.46238699999958044,-0.9509209999996528,-0.7066539999996166,-0.8045440000000781,-0.2716040000000248,-0.5380740000000515,-1.3699769999998352,-0.15605599999980768,-0.7630164999998215
2023-07-03 11:45:00,-0.460446999999931,-0.9549039999997149,-0.7076754999998229,-0.8054769999998825,-0.2720960000001469,-0.5387865000000147,-1.3743850000000748,-0.15577799999982744,-0.7650814999999511
2023-07-03 12:00:00,-0.4586970000000292,-0.9547840000000178,-0.7067405000000235,-0.8072259999999005,-0.2743299999997362,-0.5407779999998183,-1.373215000000073,-0.15433100000018385,-0.7637730000001284
2023-07-03 12:15:00,-0.46018599999979415,-0.9572419999999511,-0.7087139999998726,-0.8087070000001404,-0.2733130000001438,-0.5410100000001421,-1.3758579999998801,-0.15216400000008434,-0.7640109999999822
2023-07-03 12:30:00,-0.46018599999979415,-0.9606359999997949,-0.7104109999997945,-0.8022900000000845,-0.26913699999977325,-0.5357134999999289,-1.375858999999764,-0.15363699999988967,-0.7647479999998268
2023-07-03 13:00:00,-0.4601870000001327,-0.9588869999997769,-0.7095369999999548,-0.8057899999998881,-0.27088599999979124,-0.5383379999998397,-1.3764510000000882,-0.1524770000000899,-0.7644640000000891
2023-07-03 13:15:00,-0.4608969999999317,-0.9620530000001963,-0.711475000000064,-0.8073719999997593,-0.2723510000000715,-0.5398614999999154,-1.3768670000004022,-0.15106200000036552,-0.7639645000003839
2023-07-03 13:30:00,-0.46017600000004677,-0.9595939999999246,-0.7098849999999857,-0.8104479999997238,-0.274536999999782,-0.5424924999997529,-1.378189999999904,-0.15205900000000838,-0.7651244999999562
2023-07-03 13:45:00,-0.45842799999991257,-0.9603050000000621,-0.7093664999999874,-0.8040310000001227,-0.26885300000003554,-0.5364420000000791,-1.3781910000002426,-0.1516430000001492,-0.7649170000001959
2023-07-03 14:00:00,-0.4581660000003467,-0.9591260000001967,-0.7086460000002717,-0.8090110000002824,-0.27404200000000856,-0.5415265000001455,-1.3790829999998095,-0.1534950000000208,-0.7662889999999152
2023-07-03 14:30:00,-0.4620559999998477,-0.9616899999996349,-0.7118729999997413,-0.8085459999997511,-0.27428599999984726,-0.5414159999997992,-1.3774610000000393,-0.15393799999992552,-0.7656994999999824
2023-07-03 14:45:00,-0.4606250000001637,-0.961229000000003,-0.7109270000000834,-0.8100259999996524,-0.27326799999991636,-0.5416469999997844,-1.3801039999998466,-0.15177099999982602,-0.7659374999998363
2023-07-03 15:00:00,-0.4649060000001555,-0.9605200000000877,-0.7127130000001216,-0.8079359999996996,-0.2731260000000475,-0.5405309999998735,-1.3739470000000438,-0.15218800000002375,-0.7630675000000338
2023-07-03 15:30:00,-0.4627660000001015,-0.9612300000003415,-0.7119980000002215,-0.8084010000002309,-0.2721090000000004,-0.5402550000001156,-1.3778999999999542,-0.15177099999982602,-0.7648354999998901
2023-07-03 16:15:00,-0.4578489999998965,-0.9626570000000356,-0.710252999999966,-0.8081210000000283,-0.27299700000003213,-0.5405590000000302,-1.3776120000002265,-0.14919899999995323,-0.7634055000000899
2023-07-03 16:45:00,-0.4581060000000434,-0.9619480000001204,-0.7100270000000819,-0.8037309999999707,-0.27109299999983705,-0.5374119999999039,-1.3767390000002706,-0.15311400000018693,-0.7649265000002288
2023-07-03 17:00:00,-0.4596689999998489,-0.9611199999999371,-0.710394499999893,-0.8026719999998022,-0.27084500000000844,-0.5367584999999053,-1.3721820000000662,-0.1515039999999317,-0.7618429999999989
2023-07-03 17:15:00,-0.4596689999998489,-0.960645999999997,-0.710157499999923,-0.8044230000000425,-0.27327500000001237,-0.5388490000000274,-1.3727650000000722,-0.15353200000026845,-0.7631485000001703
2023-07-03 17:30:00,-0.4579189999999471,-0.9629979999999705,-0.7104584999999588,-0.7997540000001209,-0.26983000000018365,-0.5347920000001523,-1.3698429999999462,-0.1499180000000706,-0.7598805000000084
2023-07-03 17:45:00,-0.4618089999999029,-0.962289999999939,-0.712049499999921,-0.8039560000001984,-0.2737649999999121,-0.5388605000000553,-1.3693889999999556,-0.15208400000028632,-0.7607365000001209
2023-07-03 18:00:00,-0.4603790000001027,-0.9628699999998389,-0.7116244999999708,-0.8042669999999816,-0.274344999999812,-0.5393059999998968,-1.3702830000001995,-0.1520850000001701,-0.7611840000001848
2023-07-03 18:15:00,-0.46251900000015667,-0.9645129999998971,-0.7135160000000269,-0.8020520000000033,-0.2730860000001485,-0.5375690000000759,-1.369829000000209,-0.15355499999986932,-0.7616920000000391
2023-07-03 18:30:00,-0.4615480000002208,-0.9654550000000199,-0.7135015000001204,-0.8054360000000997,-0.2734810000001744,-0.5394585000001371,-1.370281999999861,-0.1477509999999711,-0.759016499999916
2023-07-03 18:45:00,-0.46355799999992087,-0.9664969999998902,-0.7150274999999056,-0.8074539999997796,-0.27799599999980273,-0.5427249999997912,-1.3693880000000718,-0.1516660000002048,-0.7605270000001383
2023-07-03 19:15:00,-0.46180900000035763,-0.964748000000327,-0.7132785000003423,-0.8057060000001002,-0.2762480000001233,-0.5409770000001117,-1.3723089999998592,-0.15458699999999226,-0.7634479999999257
2023-07-03 19:30:00,-0.4649890000000596,-0.9688489999998637,-0.7169189999999617,-0.8024740000000747,-0.272801999999956,-0.5376380000000154,-1.3690860000001521,-0.15039200000001074,-0.7597390000000814
2023-07-03 19:45:00,-0.46433999999999287,-0.9672060000002602,-0.7157730000001266,-0.803023999999823,-0.2769819999998617,-0.5400029999998424,-1.3614840000000186,-0.1495020000002114,-0.755493000000115
2023-07-03 20:15:00,-0.46394999999984066,-0.9696650000000773,-0.716807499999959,-0.7999909999998636,-0.27246599999989485,-0.5362284999998792,-1.367776000000049,-0.15142400000013367,-0.7596000000000913
2023-07-03 20:30:00,-0.46536699999978737,-0.9681309999996301,-0.7167489999997088,-0.7967730000000302,-0.2703200000000834,-0.5335465000000568,-1.3651549999999588,-0.15255900000011025,-0.7588570000000345
2023-07-03 21:00:00,-0.4677700000002005,-0.9664880000000267,-0.7171290000001136,-0.8012439999997696,-0.2762480000001233,-0.5387459999999464,-1.360309000000143,-0.15283700000009048,-0.7565730000001167
2023-07-03 21:15:00,-0.46737800000028074,-0.9673160000002099,-0.7173470000002453,-0.8017099999997299,-0.2747449999997116,-0.5382274999997207,-1.3654209999999694,-0.15385599999990518,-0.7596384999999373
2023-07-03 21:30:00,-0.4681580000001304,-0.9707090000001699,-0.7194335000001502,-0.8056750000000648,-0.2775649999998677,-0.5416199999999662,-1.3676259999997455,-0.15240799999992305,-0.7600169999998343
2023-07-03 21:45:00,-0.4640679999997701,-0.96708099999978,-0.7155744999997751,-0.8021659999999429,-0.27624199999991106,-0.539203999999927,-1.3676250000003165,-0.15574400000014066,-0.7616845000002286
2023-07-03 22:00:00,-0.46562900000026275,-0.9631090000002587,-0.7143690000002607,-0.8051989999999023,-0.2775010000000293,-0.5413499999999658,-1.3648419999999533,-0.15369300000020303,-0.7592675000000781
2023-07-03 22:15:00,-0.467377999999826,-0.9654339999997319,-0.7164059999997789,-0.8016999999999825,-0.2745879999997669,-0.5381439999998747,-1.3648410000000695,-0.15428500000007261,-0.759563000000071
2023-07-03 22:45:00,-0.46724700000004304,-0.9654339999997319,-0.7163404999998875,-0.8006970000001274,-0.27283799999986513,-0.5367674999999963,-1.3661740000002283,-0.15428500000007261,-0.7602295000001504
2023-07-03 23:15:00,-0.4654969999996865,-0.9638039999999819,-0.7146504999998342,-0.8006959999997889,-0.27410199999985707,-0.537398999999823,-1.3644220000001042,-0.15456100000028528,-0.7594915000001947
2023-07-04 00:00:00,-0.4681569999997919,-0.9642650000000685,-0.7162109999999302,-0.8039139999996223,-0.2751180000000204,-0.5395159999998214,-1.3670430000001943,-0.15497899999991205,-0.7610110000000532
2023-07-04 00:15:00,-0.46841600000016115,-0.9618059999997968,-0.715110999999979,-0.8053639999998268,-0.2773029999998471,-0.5413334999998369,-1.367330999999922,-0.15830300000015995,-0.7628170000000409
2023-07-04 00:45:00,-0.46588599999995495,-0.9564279999999599,-0.7111569999999574,-0.8002289999999448,-0.27365099999997256,-0.5369399999999587,-1.3604690000001938,-0.1558110000000852,-0.7581400000001395
2023-07-04 01:00:00,-0.46588699999983874,-0.9584180000001652,-0.712152500000002,-0.796730000000025,-0.2715579999999136,-0.5341439999999693,-1.3604690000001938,-0.1568290000000161,-0.7586490000001049
2023-07-04 01:15:00,-0.4685479999998279,-0.9625150000001668,-0.7155314999999973,-0.7999489999997422,-0.2716179999997621,-0.5357834999997522,-1.3677480000001196,-0.15788500000007843,-0.762816500000099
2023-07-04 01:30:00,-0.4672459999997045,-0.9581779999998616,-0.7127119999997831,-0.8024449999998069,-0.273649999999634,-0.5380474999997205,-1.3644220000001042,-0.1558100000002014,-0.7601160000001528
2023-07-04 02:00:00,-0.46510499999976673,-0.959458999999697,-0.7122819999997319,-0.8029109999997672,-0.27607399999988047,-0.5394924999998238,-1.3666269999998804,-0.1589960000001156,-0.762811499999998
2023-07-04 02:30:00,-0.4634859999996479,-0.9584169999998267,-0.7109514999997373,-0.798663999999917,-0.2715570000000298,-0.5351104999999734,-1.3652929999998378,-0.1568280000001323,-0.761060499999985
2023-07-04 03:15:00,-0.46069600000009814,-0.955960000000232,-0.708328000000165,-0.8034179999999651,-0.2714149999997062,-0.5374164999998357,-1.3746729999998024,-0.1578260000001137,-0.7662494999999581
2023-07-04 05:00:00,-0.46231399999987843,-0.9536059999995814,-0.7079599999997299,-0.8053110000000743,-0.27135100000032253,-0.5383310000001984,-1.375402000000122,-0.15794000000005326,-0.7666710000000876
2023-07-04 05:15:00,-0.4627059999997982,-0.9584169999998267,-0.7105614999998124,-0.8065939999996772,-0.27505599999994956,-0.5408249999998134,-1.3731990000001133,-0.1568280000001323,-0.7650135000001228
2023-07-04 05:30:00,-0.46056499999986045,-0.9559589999998934,-0.7082619999998769,-0.8018119999996998,-0.2690749999997024,-0.5354434999997011,-1.375402000000122,-0.15724500000033004,-0.766323500000226
2023-07-04 06:00:00,-0.4612139999999272,-0.9523269999999684,-0.7067704999999478,-0.7998779999998078,-0.26892799999995987,-0.5344029999998838,-1.3717389999997067,-0.15941399999974237,-0.7655764999997245
2023-07-04 07:00:00,-0.46070800000006784,-0.951039000000037,-0.7058735000000524,-0.8051550000000134,-0.27169400000002497,-0.5384245000000192,-1.3758210000000872,-0.1598319999998239,-0.7678264999999556
2023-07-04 07:15:00,-0.46031700000003184,-0.9559549999999035,-0.7081359999999677,-0.803871000000072,-0.26965999999993073,-0.5367655000000013,-1.3809430000001157,-0.1601660000001175,-0.7705545000001166
2023-07-04 07:30:00,-0.45817600000009406,-0.9525619999999435,-0.7053690000000188,-0.8090059999999539,-0.2720890000000509,-0.5405475000000024,-1.3831460000001243,-0.15869500000007974,-0.770920500000102
2023-07-04 07:45:00,-0.4584350000000086,-0.9501030000001265,-0.7042690000000675,-0.8046179999996639,-0.2684369999997216,-0.5365274999996927,-1.379355999999916,-0.15794099999993705,-0.7686484999999266
2023-07-04 08:15:00,-0.4584359999998924,-0.951853999999912,-0.7051449999999022,-0.8057880000001205,-0.27135700000008,-0.5385725000001003,-1.380525999999918,-0.16086099999984071,-0.7706934999998794
2023-07-04 08:30:00,-0.45979499999975815,-0.9565349999998034,-0.7081649999997808,-0.8115020000000186,-0.2749079999998685,-0.5432049999999435,-1.3827289999999266,-0.15724600000021383,-0.7699875000000702
2023-07-04 09:00:00,-0.45778599999994185,-0.9584140000001753,-0.7081000000000586,-0.809472999999798,-0.2733130000001438,-0.5413929999999709,-1.384183000000121,-0.15682999999989988,-0.7705065000000104
2023-07-04 09:15:00,-0.45778699999982564,-0.9584150000000591,-0.7081009999999424,-0.806554999999662,-0.2703950000000077,-0.5384749999998348,-1.3859330000000227,-0.15857999999980166,-0.7722564999999122
2023-07-04 10:00:00,-0.45836599999984173,-0.9606370000001334,-0.7095014999999876,-0.8065540000002329,-0.27088400000002366,-0.5387190000001283,-1.385932000000139,-0.15830099999993763,-0.7721165000000383
2023-07-04 10:15:00,-0.4599269999998796,-0.9649749999998676,-0.7124509999998736,-0.8060889999997016,-0.2723519999999553,-0.5392204999998285,-1.3819789999997738,-0.15571899999986272,-0.7688489999998183
2023-07-04 10:45:00,-0.4599279999997634,-0.9658970000000409,-0.7129124999999021,-0.8090080000001763,-0.27677300000004834,-0.5428905000001123,-1.3808200000003126,-0.1564499999999498,-0.7686350000001312
2023-07-04 11:15:00,-0.45914300000004005,-0.9701019999997698,-0.7146224999999049,-0.808770000000095,-0.2745869999998831,-0.5416784999999891,-1.3834780000001956,-0.15253300000040326,-0.7680055000002994
2023-07-04 11:30:00,-0.457716999999775,-0.9654359999999542,-0.7115764999998646,-0.8137510000001384,-0.27458599999999933,-0.5441685000000689,-1.3896199999999226,-0.15253199999960998,-0.7710759999997663
2023-07-04 11:45:00,-0.4553139999998166,-0.9670780000001287,-0.7111959999999726,-0.8139479999999821,-0.2733259999999973,-0.5436369999999897,-1.3932960000001913,-0.1510840000000826,-0.7721900000001369
2023-07-04 12:15:00,-0.45952600000009625,-0.9690679999998792,-0.7142969999999877,-0.8112280000000283,-0.276484999999866,-0.5438564999999471,-1.3847869999999602,-0.1538540000001376,-0.7693205000000489
2023-07-04 12:30:00,-0.46127500000011423,-0.9690669999999955,-0.7151710000000548,-0.8094780000001265,-0.2729850000000624,-0.5412315000000945,-1.3830370000000585,-0.15035400000033405,-0.7666955000001963
2023-07-04 12:45:00,-0.4614050000000134,-0.9690679999998792,-0.7152364999999463,-0.813991999999871,-0.27823399999988396,-0.5461129999998775,-1.380558000000292,-0.14918500000021595,-0.764871500000254
2023-07-04 13:15:00,-0.45984500000031403,-0.9695420000002741,-0.7146935000002941,-0.8144579999998314,-0.2769739999998819,-0.5457159999998566,-1.3845099999998638,-0.1489050000000134,-0.7667074999999386
2023-07-04 13:30:00,-0.45984299999963696,-0.9708159999995587,-0.7153294999995978,-0.8097980000002281,-0.2747439999998278,-0.5422710000000279,-1.383350000000064,-0.15094399999998132,-0.7671470000000227
2023-07-04 13:45:00,-0.459976000000097,-0.9731560000000172,-0.7165660000000571,-0.8125509999999849,-0.2777129999999488,-0.5451319999999669,-1.3837670000002618,-0.15025100000002567,-0.7670090000001437
2023-07-04 14:00:00,-0.4599759999996422,-0.9706979999996292,-0.7153369999996357,-0.8096329999998488,-0.2740610000000743,-0.5418469999999616,-1.3825980000001437,-0.1494980000002215,-0.7660480000001826
2023-07-04 15:00:00,-0.4592659999998432,-0.9698819999998705,-0.7145739999998568,-0.8127049999998235,-0.2767359999998007,-0.5447204999998121,-1.3850780000002487,-0.15138500000011845,-0.7682315000001836
2023-07-04 15:30:00,-0.46153499999991254,-0.9701169999998456,-0.7158259999998791,-0.8103350000001228,-0.27522899999985384,-0.5427819999999883,-1.3798140000003514,-0.1489169999999831,-0.7643655000001672
2023-07-04 16:00:00,-0.46076700000003257,-0.9713099999999031,-0.7160384999999678,-0.8098690000001625,-0.27645299999994677,-0.5431610000000546,-1.3776110000003428,-0.14822100000037608,-0.7629160000003594
2023-07-04 16:15:00,-0.4606359999997949,-0.971414999999979,-0.716025499999887,-0.8088539999998829,-0.27596300000004703,-0.542408499999965,-1.3771710000000894,-0.1485000000002401,-0.7628355000001648
2023-07-04 17:00:00,-0.4582980000000134,-0.9681339999997363,-0.7132159999998748,-0.8117739999997866,-0.280236000000059,-0.5460049999999228,-1.3765920000000733,-0.15080600000010236,-0.7636990000000878
2023-07-04 17:15:00,-0.4581060000000434,-0.9694329999997535,-0.7137694999998985,-0.8037309999999707,-0.2745500000000902,-0.5391405000000304,-1.3732400000003508,-0.15038800000002084,-0.7618140000001858
2023-07-04 18:00:00,-0.4610270000002856,-0.9689570000000458,-0.7149920000001657,-0.8101369999999406,-0.2787279999997736,-0.5444324999998571,-1.373798000000079,-0.14949699999988297,-0.7616474999999809
2023-07-04 18:15:00,-0.46076700000003257,-0.9698929999999564,-0.7153299999999945,-0.8116180000001805,-0.2802350000001752,-0.5459265000001778,-1.3793600000003607,-0.15430400000013833,-0.7668320000002495
2023-07-04 18:45:00,-0.4614179999998669,-0.9664999999999964,-0.7139589999999316,-0.8061720000000605,-0.27624500000001717,-0.5412085000000388,-1.3745140000000902,-0.15458100000023478,-0.7645475000001625
2023-07-04 19:15:00,-0.46465699999998833,-0.9748100000001614,-0.7197335000000749,-0.8064840000001823,-0.2752829999999449,-0.5408835000000636,-1.377158000000236,-0.1517199999998411,-0.7644390000000385
2023-07-04 19:30:00,-0.4643380000002253,-0.9681439999999384,-0.7162410000000818,-0.8090919999999642,-0.2767359999998007,-0.5429139999998824,-1.375684000000092,-0.15255200000001423,-0.7641180000000531
2023-07-04 19:45:00,-0.46329800000012256,-0.9681439999999384,-0.7157210000000305,-0.8054369999999835,-0.2749869999997827,-0.5402119999998831,-1.3749510000002374,-0.154301999999916,-0.7646265000000767
2023-07-04 20:00:00,-0.4614179999998669,-0.9672080000000278,-0.7143129999999474,-0.8108400000000984,-0.2798979999997755,-0.5453689999999369,-1.375680999999986,-0.15358400000013717,-0.7646325000000616
2023-07-04 21:15:00,-0.4645860000000539,-0.969068000000334,-0.716827000000194,-0.8058719999999084,-0.2764929999998458,-0.5411824999998771,-1.3742199999996956,-0.15560000000004948,-0.7649099999998725
2023-07-04 21:30:00,-0.46633699999983946,-0.9700039999997898,-0.7181704999998146,-0.8064530000001469,-0.2768300000002455,-0.5416415000001962,-1.374221000000034,-0.15573900000026697,-0.7649800000001505
2023-07-04 21:45:00,-0.465947000000142,-0.9670839999998861,-0.7165155000000141,-0.8031799999998839,-0.27623899999980495,-0.5397094999998444,-1.3680640000002313,-0.15573900000026697,-0.7619015000002491
2023-07-04 22:15:00,-0.4663359999999557,-0.9695369999999457,-0.7179364999999507,-0.8076120000000628,-0.2758089999997537,-0.5417104999999083,-1.3736410000001342,-0.1518340000002354,-0.7627375000001848
2023-07-04 22:30:00,-0.4687370000001465,-0.9683599999998478,-0.7185484999999971,-0.8085839999998825,-0.28041799999982686,-0.5445009999998547,-1.3705440000003364,-0.1571860000003653,-0.7638650000003508
2023-07-04 22:45:00,-0.4641940000001341,-0.9690679999998792,-0.7166310000000067,-0.810997000000043,-0.2794020000001183,-0.5451995000000807,-1.3775940000000446,-0.1550200000001496,-0.7663070000000971
2023-07-04 23:15:00,-0.4662069999999403,-0.967185999999856,-0.7166964999998982,-0.8065959999998995,-0.27458500000011554,-0.5405905000000075,-1.3767000000002554,-0.1560290000002169,-0.7663645000002361
2023-07-05 00:00:00,-0.4641969999997855,-0.9666109999998298,-0.7154039999998076,-0.8034200000001874,-0.27109100000006947,-0.5372555000001284,-1.3775940000000446,-0.1554360000000088,-0.7665150000000267
2023-07-05 01:00:00,-0.4628360000001521,-0.959943999999723,-0.7113899999999376,-0.8076099999998405,-0.27603099999987535,-0.5418204999998579,-1.3753890000002684,-0.1580180000000837,-0.7667035000001761
2023-07-05 01:15:00,-0.4649749999998676,-0.962402000000111,-0.7136884999999893,-0.8024850000001607,-0.2721050000000105,-0.5372950000000856,-1.3714359999999033,-0.15585200000032273,-0.763644000000113
2023-07-05 02:15:00,-0.4624450000001161,-0.9600500000001375,-0.7112475000001268,-0.8051669999999831,-0.2726319999997031,-0.5388994999998431,-1.3775909999999385,-0.15829600000006394,-0.7679435000000012
2023-07-05 04:00:00,-0.4620540000000801,-0.9575909999998657,-0.7098224999999729,-0.8073830000002999,-0.27189799999996467,-0.5396405000001323,-1.3815450000001874,-0.15871400000014546,-0.7701295000001664
2023-07-05 04:45:00,-0.4600430000000415,-0.958299999999781,-0.7091714999999112,-0.8071140000001833,-0.27088099999991755,-0.5389975000000504,-1.3830179999999928,-0.15712600000006205,-0.7700720000000274
2023-07-05 05:30:00,-0.4621839999999793,-0.9583010000001195,-0.7102425000000494,-0.8095589999998083,-0.27379100000007384,-0.5416749999999411,-1.3819870000002084,-0.15829600000006394,-0.7701415000001361
2023-07-05 06:00:00,-0.4599149999999099,-0.9566719999997986,-0.7082934999998542,-0.8078510000000279,-0.2703959999998915,-0.5391234999999597,-1.3837510000003022,-0.15682200000037483,-0.7702865000003385
2023-07-05 07:15:00,-0.461084000000028,-0.9559580000000096,-0.7085210000000188,-0.8090099999999438,-0.2714069999997264,-0.5402084999998351,-1.38666000000012,-0.16073999999980515,-0.7736999999999625
2023-07-05 08:00:00,-0.4599269999998796,-0.9559589999998934,-0.7079429999998865,-0.8107569999997395,-0.2743270000000848,-0.5425419999999122,-1.3837279999997918,-0.15899099999978716,-0.7713594999997895
2023-07-05 08:15:00,-0.4612859999997454,-0.9608749999997599,-0.7110804999997526,-0.8112230000001546,-0.27229399999987436,-0.5417585000000145,-1.3876820000000407,-0.15640600000006089,-0.7720440000000508
2023-07-05 08:30:00,-0.4595359999998436,-0.9615840000001299,-0.7105599999999868,-0.8112229999996998,-0.273026999999729,-0.5421249999997144,-1.3871020000001408,-0.15540999999984706,-0.771255999999994
2023-07-05 08:45:00,-0.4559039999999186,-0.9615850000000137,-0.7087444999999661,-0.8119699999997465,-0.2765269999999873,-0.5442484999998669,-1.384936999999809,-0.1554110000001856,-0.7701739999999972
2023-07-05 09:00:00,-0.4556450000000041,-0.9632280000000719,-0.709436500000038,-0.8116890000001149,-0.2752669999999853,-0.5434780000000501,-1.3875570000000153,-0.15513199999986682,-0.771344499999941
2023-07-05 09:15:00,-0.4535049999999501,-0.9603079999997135,-0.7069064999998318,-0.8121550000000752,-0.2723470000000816,-0.5422510000000784,-1.3915090000000419,-0.15396099999998114,-0.7727350000000115
2023-07-05 09:45:00,-0.45525499999985186,-0.9613500000000386,-0.7083024999999452,-0.8150749999999789,-0.2762840000000324,-0.5456795000000056,-1.3932589999999436,-0.15787799999998242,-0.775568499999963
2023-07-05 10:00:00,-0.4576550000001589,-0.9588920000001053,-0.7082735000001321,-0.8148889999997664,-0.2772989999998572,-0.5460939999998118,-1.388433999999961,-0.15829399999984162,-0.7733639999999014
2023-07-05 10:30:00,-0.45979399999987436,-0.966265999999905,-0.7130299999998897,-0.8080049999998664,-0.27308099999982005,-0.5405429999998432,-1.3827320000000327,-0.15354500000012195,-0.7681385000000773
2023-07-05 10:45:00,-0.4584230000000389,-0.9698840000000928,-0.7141535000000658,-0.811855999999807,-0.27498400000013135,-0.5434199999999691,-1.3900590000002921,-0.1542979999999261,-0.7721785000001091
2023-07-05 11:00:00,-0.4588149999999587,-0.9649679999997716,-0.7118914999998651,-0.8166390000001229,-0.2805159999998068,-0.5485774999999649,-1.3866850000003978,-0.15571200000022145,-0.7711985000003097
2023-07-05 11:15:00,-0.4601730000003954,-0.9674260000001595,-0.7137995000002775,-0.8153560000000653,-0.27599999999983993,-0.5456779999999526,-1.3906400000000758,-0.1535439999997834,-0.7720919999999296
2023-07-05 11:30:00,-0.4580320000000029,-0.9715280000000348,-0.7147800000000188,-0.8175719999999274,-0.27897399999983463,-0.548272999999881,-1.3928430000000844,-0.1528490000000602,-0.7728460000000723
2023-07-05 11:45:00,-0.46154500000011467,-0.9744570000002568,-0.7180010000001857,-0.8097560000001067,-0.275525000000016,-0.5426405000000614,-1.384483000000273,-0.15215699999998833,-0.7683200000001307
2023-07-05 12:00:00,-0.4594040000001769,-0.9757589999999254,-0.7175815000000512,-0.8148900000001049,-0.27975999999989654,-0.5473250000000007,-1.3878570000001673,-0.15173700000013923,-0.7697970000001533
2023-07-05 12:15:00,-0.45940599999994447,-0.9756400000001122,-0.7175230000000283,-0.8119719999999688,-0.27557900000010704,-0.5437755000000379,-1.3855170000001635,-0.14737300000024334,-0.7664450000002034
2023-07-05 12:30:00,-0.460175000000163,-0.9769189999997252,-0.7185469999999441,-0.815356999999949,-0.27801099999987855,-0.5466839999999138,-1.3906400000000758,-0.15056800000002113,-0.7706040000000485
2023-07-05 12:45:00,-0.4603059999999459,-0.9746959999997671,-0.7175009999998565,-0.8134399999999005,-0.27577100000007704,-0.5446054999999888,-1.3881370000003699,-0.14909699999998338,-0.7686170000001766
2023-07-05 13:00:00,-0.45940399999972215,-0.9751649999998335,-0.7172844999997778,-0.8166390000001229,-0.28092500000002474,-0.5487820000000738,-1.3866870000001654,-0.14998900000000503,-0.7683380000000852
2023-07-05 13:30:00,-0.46128700000008394,-0.9744569999998021,-0.717871999999943,-0.8077260000000024,-0.2720249999997577,-0.53987549999988,-1.3841840000000047,-0.14923600000020087,-0.7667100000001028
2023-07-05 13:45:00,-0.4595359999998436,-0.9768089999997756,-0.7181724999998096,-0.8065550000001167,-0.27207799999996496,-0.5393165000000408,-1.3841849999998885,-0.1485410000000229,-0.7663629999999557
2023-07-05 14:00:00,-0.45953800000006595,-0.9736429999998109,-0.7165904999999384,-0.81589299999996,-0.28169900000011694,-0.5487960000000385,-1.3841849999998885,-0.1511249999998654,-0.767654999999877
2023-07-05 14:15:00,-0.4601159999997435,-0.9773890000001302,-0.7187524999999368,-0.817641999999978,-0.28316499999982625,-0.5504034999999021,-1.3847749999999905,-0.1491310000001249,-0.7669530000000577
2023-07-05 14:30:00,-0.4634149999997135,-0.9778510000001006,-0.720632999999907,-0.811931000000186,-0.2789339999999356,-0.5454325000000608,-1.3820029999997132,-0.150716999999986,-0.7663599999998496
2023-07-05 14:45:00,-0.4599149999999099,-0.9743519999997261,-0.717133499999818,-0.8125099999997474,-0.2795129999999517,-0.5460114999998495,-1.3808340000000499,-0.1495469999999841,-0.765190500000017
2023-07-05 15:15:00,-0.4614040000001296,-0.9738819999997759,-0.7176429999999527,-0.8122419999999693,-0.2766879999999219,-0.5444649999999456,-1.3823080000001937,-0.14806399999997666,-0.7651860000000852
2023-07-05 15:30:00,-0.4614050000000134,-0.9779699999999139,-0.7196874999999636,-0.8122440000001916,-0.2779080000000249,-0.5450760000001083,-1.3823099999999613,-0.14737300000024334,-0.7648415000001023
2023-07-05 15:45:00,-0.4631530000001476,-0.9772609999999986,-0.7202070000000731,-0.8139909999999873,-0.2789229999998497,-0.5464569999999185,-1.3823080000001937,-0.14778800000021874,-0.7650480000002062
2023-07-05 16:00:00,-0.46237599999994927,-0.9801950000000943,-0.7212855000000218,-0.8123690000002171,-0.2807380000003832,-0.5465535000003001,-1.3801070000004074,-0.14884400000028108,-0.7644755000003443
2023-07-05 16:15:00,-0.4580919999998514,-0.9784429999999702,-0.7182674999999108,-0.8132970000001478,-0.27898599999980433,-0.5461414999999761,-1.3845099999998638,-0.14709200000015699,-0.7658010000000104
2023-07-05 16:30:00,-0.46179599999959464,-0.9796139999998559,-0.7207049999997253,-0.8100249999997686,-0.2784080000001268,-0.5442164999999477,-1.3800920000003316,-0.1488520000002609,-0.7644720000002962
2023-07-05 17:15:00,-0.46257599999989907,-0.976680999999644,-0.7196284999997715,-0.8073410000001786,-0.28010200000016994,-0.5437215000001743,-1.3727650000000722,-0.1512960000000021,-0.7620305000000371
2023-07-05 17:30:00,-0.4614160000000993,-0.9759950000002391,-0.7187055000001692,-0.8044220000001587,-0.2765030000000479,-0.5404625000001033,-1.3710150000001704,-0.1480970000002344,-0.7595560000002024
2023-07-05 17:45:00,-0.46153400000002875,-0.979139000000032,-0.7203365000000304,-0.805667000000085,-0.27324799999996685,-0.5394575000000259,-1.3798150000002352,-0.14738000000033935,-0.7635975000002873
2023-07-05 18:00:00,-0.46153400000002875,-0.9784310000000005,-0.7199825000000146,-0.8120850000000246,-0.2806829999999536,-0.5463839999999891,-1.3798150000002352,-0.1495469999999841,-0.7646810000001096
2023-07-05 18:15:00,-0.46290600000020277,-0.9803179999998974,-0.7216120000000501,-0.8059050000001662,-0.275637000000188,-0.5407710000001771,-1.374239000000216,-0.1455180000002656,-0.7598785000002408
2023-07-05 18:30:00,-0.460765000000265,-0.977151000000049,-0.718958000000157,-0.8098690000001625,-0.2794180000000779,-0.5446435000001202,-1.3793610000002445,-0.15102000000024418,-0.7651905000002444
2023-07-05 18:45:00,-0.4610259999999471,-0.977980000000116,-0.7195030000000315,-0.8066380000000208,-0.2779160000000047,-0.5422770000000128,-1.3749689999999646,-0.14913000000024113,-0.7620495000001029
2023-07-05 19:00:00,-0.46251500000016676,-0.9796089999999822,-0.7210620000000745,-0.8081210000000283,-0.27665399999978035,-0.5423874999999043,-1.3793610000002445,-0.14885300000014468,-0.7641070000001946
2023-07-05 19:15:00,-0.4664679999996224,-0.9812439999996059,-0.7238559999996141,-0.8086260000000038,-0.2806430000000546,-0.5446345000000292,-1.3705610000001798,-0.14740600000004633,-0.758983500000113
2023-07-05 19:30:00,-0.4635570000000371,-0.9759960000001229,-0.71977650000008,-0.8057060000001002,-0.2782529999999497,-0.5419795000000249,-1.3717320000000655,-0.15101600000025428,-0.7613740000001599
2023-07-05 19:45:00,-0.46432800000002317,-0.9796139999998559,-0.7219709999999395,-0.8061729999999443,-0.2772370000002411,-0.5417050000000927,-1.373935000000074,-0.14885099999992235,-0.7613929999999982
2023-07-05 20:15:00,-0.46672499999976935,-0.9784429999999702,-0.7225839999998698,-0.8089070000000902,-0.2807349999998223,-0.5448209999999563,-1.3691109999999753,-0.14768000000003667,-0.758395500000006
2023-07-05 20:30:00,-0.4648449999999684,-0.9752770000000055,-0.720060999999987,-0.8073009999998249,-0.280428000000029,-0.5438644999999269,-1.3698309999999765,-0.15142300000024989,-0.7606270000001132
2023-07-05 20:45:00,-0.4648459999998522,-0.9759859999999208,-0.7204159999998865,-0.8026429999999891,-0.2747540000000299,-0.5386985000000095,-1.3698309999999765,-0.14925600000015038,-0.7595435000000634
2023-07-05 21:00:00,-0.46516500000007,-0.9777359999998225,-0.7214504999999463,-0.8076129999999466,-0.2794130000002042,-0.5435130000000754,-1.3742240000001402,-0.15217600000005405,-0.7632000000000971
2023-07-05 21:30:00,-0.4641950000000179,-0.9779709999997976,-0.7210829999999078,-0.806919999999991,-0.2767469999998866,-0.5418334999999388,-1.3781779999999344,-0.1520380000001751,-0.7651080000000547
2023-07-05 21:45:00,-0.4624450000001161,-0.9762209999998959,-0.719333000000006,-0.808078999999907,-0.2779059999998026,-0.5429924999998548,-1.3775970000001507,-0.15145700000039142,-0.7645270000002711
2023-07-05 22:00:00,-0.46458499999971536,-0.9763410000000476,-0.7204629999998815,-0.8058630000000448,-0.27741999999989275,-0.5416414999999688,-1.3736440000002403,-0.15173400000003312,-0.7626890000001367
2023-07-05 22:15:00,-0.4627059999997982,-0.9743530000000646,-0.7185294999999314,-0.8065979999996671,-0.2777619999997114,-0.5421799999996892,-1.3749540000003435,-0.1524640000002364,-0.76370900000029
2023-07-05 22:30:00,-0.4660159999998541,-0.9748129999998127,-0.7204144999998334,-0.8043809999999212,-0.27702899999985675,-0.540704999999889,-1.3709990000002108,-0.1528809999999794,-0.7619400000000951
2023-07-05 22:45:00,-0.466204999999718,-0.9737500000001091,-0.7199774999999136,-0.8048490000001038,-0.274789999999939,-0.5398195000000214,-1.3749550000002273,-0.15316000000029817,-0.7640575000002627
2023-07-05 23:15:00,-0.468735999999808,-0.9719999999997526,-0.7203679999997803,-0.8068339999999807,-0.2777080000000751,-0.5422710000000279,-1.3705450000002202,-0.15315899999995963,-0.7618520000000899
2023-07-05 23:30:00,-0.466204999999718,-0.9712919999997212,-0.7187484999997196,-0.8083469999996851,-0.2775549999996656,-0.5429509999996753,-1.3767010000001392,-0.15532400000029156,-0.7660125000002154
2023-07-05 23:45:00,-0.4644549999998162,-0.9695419999998194,-0.7169984999998178,-0.8048469999998815,-0.27405499999986205,-0.5394509999998718,-1.3767010000001392,-0.15532400000029156,-0.7660125000002154
2023-07-06 00:15:00,-0.46594299999969735,-0.9708209999998871,-0.7183819999997922,-0.8098269999995864,-0.27822799999967174,-0.5440274999996291,-1.3793430000000626,-0.156760000000304,-0.7680515000001833
2023-07-06 00:30:00,-0.4702239999996891,-0.9676540000000386,-0.7189389999998639,-0.807144999999764,-0.27676100000007864,-0.5419529999999213,-1.3714380000001256,-0.15584400000034293,-0.7636410000002343
2023-07-06 01:00:00,-0.46633399999973335,-0.9673210000000836,-0.7168274999999085,-0.8105299999997442,-0.27764699999988807,-0.5440884999998161,-1.375391000000036,-0.15326099999992948,-0.7643259999999827
2023-07-06 01:30:00,-0.4677649999998721,-0.966139000000112,-0.716951999999992,-0.809048999999959,-0.27817300000015166,-0.5436110000000554,-1.370998000000327,-0.15395600000010745,-0.7624770000002172
2023-07-06 02:00:00,-0.4638749999999163,-0.9661399999999958,-0.715007499999956,-0.8065959999998995,-0.27700400000003356,-0.5417999999999665,-1.3732010000003356,-0.15570600000000923,-0.7644535000001724
2023-07-06 02:30:00,-0.46458499999971536,-0.9666139999999359,-0.7155994999998256,-0.8076109999997243,-0.2774949999998171,-0.5425529999997707,-1.3736410000001342,-0.1554270000001452,-0.7645340000001397
2023-07-06 02:45:00,-0.4606939999998758,-0.9648640000000341,-0.712778999999955,-0.8063269999997829,-0.2757440000000315,-0.5410354999999072,-1.3764240000000427,-0.1560060000001613,-0.766215000000102
2023-07-06 03:15:00,-0.46847399999978734,-0.9627369999998336,-0.7156054999998105,-0.8053949999998622,-0.2752940000000308,-0.5403444999999465,-1.3720180000000255,-0.15900599999986298,-0.7655119999999442
2023-07-06 03:45:00,-0.4624429999998938,-0.963680999999724,-0.7130619999998089,-0.8098259999997026,-0.27918899999986024,-0.5445074999997814,-1.376426000000265,-0.15787200000022494,-0.767149000000245
2023-07-06 04:00:00,-0.46497299999964525,-0.961221999999907,-0.7130974999997761,-0.8053949999998622,-0.27670599999964907,-0.5410504999997556,-1.3685190000001057,-0.15653800000018236,-0.762528500000144
2023-07-06 04:15:00,-0.4649749999998676,-0.9612229999997908,-0.7130989999998292,-0.8053949999998622,-0.2767069999999876,-0.5410509999999249,-1.3720170000001417,-0.16003700000010213,-0.7660270000001219
2023-07-06 05:15:00,-0.46387300000014875,-0.9613420000000588,-0.7126075000001038,-0.8065959999998995,-0.2767999999996391,-0.5416979999997693,-1.3749520000001212,-0.1603130000003148,-0.767632500000218
2023-07-06 05:30:00,-0.4638719999998102,-0.9593519999998534,-0.7116119999998318,-0.8077650000000176,-0.27656200000001263,-0.5421635000000151,-1.3732020000002194,-0.15754400000014357,-0.7653730000001815
2023-07-06 05:45:00,-0.46426399999973,-0.9625209999999242,-0.7133924999998271,-0.8043800000000374,-0.2751100000000406,-0.539745000000039,-1.3709990000002108,-0.15671199999997043,-0.7638555000000906
2023-07-06 06:00:00,-0.464462999999796,-0.9611039999999775,-0.7127834999998868,-0.8048560000001999,-0.27481299999999464,-0.5398345000000973,-1.3732030000001032,-0.15870399999994333,-0.7659535000000233
2023-07-06 06:15:00,-0.4644619999999122,-0.9594590000001517,-0.711960500000032,-0.8048559999997451,-0.27432199999975637,-0.5395889999997507,-1.3732020000002194,-0.15898100000003978,-0.7660915000001296
2023-07-06 06:30:00,-0.46407199999976,-0.961917000000085,-0.7129944999999225,-0.8117400000000998,-0.2797239999999874,-0.5457320000000436,-1.3771550000001298,-0.1585650000001806,-0.7678600000001552
2023-07-06 06:45:00,-0.46057299999984025,-0.9552519999997457,-0.707912499999793,-0.8082409999997253,-0.2765079999999216,-0.5423744999998235,-1.3754049999997733,-0.15939799999978277,-0.767401499999778
2023-07-06 07:30:00,-0.462322999999742,-0.9577100000001337,-0.7100164999999379,-0.8099910000000818,-0.27724099999977625,-0.543615999999929,-1.3765760000001137,-0.1584020000000237,-0.7674890000000687
2023-07-06 08:15:00,-0.46368299999994633,-0.9578169999999773,-0.7107499999999618,-0.8110379999998258,-0.2755819999997584,-0.5433099999997921,-1.3840279999999439,-0.16217999999980748,-0.7731039999998757
2023-07-06 08:30:00,-0.45940199999995457,-0.9623919999999089,-0.7108969999999317,-0.8131379999999808,-0.2772949999998673,-0.545216499999924,-1.386684999999943,-0.15828599999986182,-0.7724854999999025
2023-07-06 08:45:00,-0.4609520000003613,-0.9635520000001634,-0.7122520000002623,-0.8109230000000025,-0.2772959999997511,-0.5441094999998768,-1.3827320000000327,-0.15828700000020035,-0.7705095000001165
2023-07-06 10:00:00,-0.45979099999976825,-0.9672029999996994,-0.7134969999997338,-0.8115029999999024,-0.2780809999999292,-0.5447919999999158,-1.3827329999999165,-0.1554230000001553,-0.7690780000000359
2023-07-06 10:30:00,-0.45953400000007605,-0.9690669999999955,-0.7143005000000358,-0.8129719999997178,-0.27823199999966164,-0.5456019999996897,-1.384183000000121,-0.1532600000000457,-0.7687215000000833
2023-07-06 10:45:00,-0.46128300000009403,-0.9696610000000874,-0.7154720000000907,-0.8158920000000762,-0.2799850000001243,-0.5479385000001002,-1.3841859999997723,-0.15208799999982148,-0.7681369999997969
2023-07-06 11:00:00,-0.45875299999988783,-0.9725680000001375,-0.7156605000000127,-0.8156549999998788,-0.27998200000001816,-0.5478184999999485,-1.3903430000000299,-0.15500999999994747,-0.7726764999999887
2023-07-06 11:15:00,-0.46205300000019633,-0.9761870000002091,-0.7191200000002027,-0.8134399999999005,-0.27896599999985483,-0.5462029999998776,-1.3852300000003197,-0.15168500000027052,-0.7684575000002951
2023-07-06 11:30:00,-0.4608939999998256,-0.9766709999998966,-0.7187824999998611,-0.8134399999999005,-0.2794570000000931,-0.5464484999999968,-1.3869800000002215,-0.15315600000030827,-0.7700680000002649
2023-07-06 11:45:00,-0.46316399999977875,-0.9797319999997853,-0.721447999999782,-0.8093210000001818,-0.2749939999998787,-0.5421575000000303,-1.3817169999997532,-0.1467929999998887,-0.7642549999998209
2023-07-06 12:15:00,-0.4608809999999721,-0.9839289999999892,-0.7224049999999806,-0.8163620000000265,-0.28330499999992753,-0.549833499999977,-1.3840730000001713,-0.14694600000029823,-0.7655095000002348
2023-07-06 12:30:00,-0.4608819999998559,-0.985573999999815,-0.7232279999998354,-0.8134430000000066,-0.2808770000001459,-0.5471600000000763,-1.384074000000055,-0.14666900000020178,-0.7653715000001284
2023-07-06 12:45:00,-0.4627580000001217,-0.9832200000000739,-0.7229890000000978,-0.8127079999999296,-0.2796520000001692,-0.5461800000000494,-1.3856829999999718,-0.1502820000000611,-0.7679825000000164
2023-07-06 13:00:00,-0.46450899999990725,-0.9834470000000692,-0.7239779999999882,-0.8144569999999476,-0.2821760000001632,-0.5483165000000554,-1.38451299999997,-0.15141799999992145,-0.7679654999999457
2023-07-06 13:15:00,-0.4631490000001577,-0.9824060000000827,-0.7227775000001202,-0.815740999999889,-0.2846580000000358,-0.5501994999999624,-1.3805609999999433,-0.1492510000002767,-0.76490600000011
2023-07-06 13:30:00,-0.46490099999982704,-0.9884940000001734,-0.7266975000000002,-0.8093349999999191,-0.2791379999998753,-0.5442364999998972,-1.382310000000416,-0.14958700000033787,-0.765948500000377
2023-07-06 14:00:00,-0.4646389999998064,-0.9877839999999196,-0.726211499999863,-0.8189590000001772,-0.2883100000003651,-0.5536345000002711,-1.3820210000003499,-0.14884299999994255,-0.7654320000001462
2023-07-06 14:15:00,-0.4635410000000775,-0.9867429999999331,-0.7251420000000053,-0.8106160000002092,-0.2826350000000275,-0.5466255000001183,-1.3771959999999126,-0.14842600000019956,-0.7628110000000561
2023-07-06 14:45:00,-0.4652930000002016,-0.9882440000001225,-0.726768500000162,-0.8082749999998668,-0.2806399999999485,-0.5444574999999077,-1.3771740000001955,-0.14914700000008452,-0.76316050000014
2023-07-06 15:00:00,-0.4614050000000134,-0.9859159999996336,-0.7236604999998235,-0.8122410000000855,-0.28355999999985215,-0.5479004999999688,-1.379378000000088,-0.14856800000006842,-0.7639730000000782
2023-07-06 15:30:00,-0.465422999999646,-0.9886129999999866,-0.7270179999998163,-0.8145389999999679,-0.28569800000013856,-0.5501185000000532,-1.3764439999999922,-0.14625100000012026,-0.7613475000000562
2023-07-06 16:00:00,-0.46387300000014875,-0.9890959999997904,-0.7264844999999696,-0.8138349999999264,-0.2832690000000184,-0.5485519999999724,-1.3803970000003574,-0.1459709999999177,-0.7631840000001375
2023-07-06 16:30:00,-0.4640020000001641,-0.9908460000001469,-0.7274240000001555,-0.810182000000168,-0.2821009999997841,-0.5461414999999761,-1.3779269999999997,-0.1465619999999035,-0.7622444999999516
2023-07-06 17:00:00,-0.46543100000008053,-0.9900170000000799,-0.7277240000000802,-0.8081200000001445,-0.28010200000016994,-0.5441110000001572,-1.3764549999996234,-0.14669999999978245,-0.7615774999997029
2023-07-06 17:15:00,-0.46037200000000666,-0.9911999999999352,-0.725785999999971,-0.8120850000000246,-0.2848239999998441,-0.5484544999999343,-1.3804079999999885,-0.147754999999961,-0.7640814999999748
2023-07-06 17:30:00,-0.46582100000023274,-0.9943530000000464,-0.7300870000001396,-0.8140720000001238,-0.2891559999998208,-0.5516139999999723,-1.373080999999729,-0.14586699999972552,-0.7594739999997273
2023-07-06 18:00:00,-0.4622529999996914,-0.9931839999999283,-0.7277184999998099,-0.8113389999998617,-0.2844879999997829,-0.5479134999998223,-1.3779050000002826,-0.14586700000018027,-0.7618860000002314
2023-07-06 18:15:00,-0.4647850000001199,-0.9907259999999951,-0.7277555000000575,-0.8086570000000393,-0.28375499999992826,-0.5462059999999838,-1.373497000000043,-0.14803400000027978,-0.7607655000001614
2023-07-06 18:45:00,-0.46789300000000367,-0.9958690000003116,-0.7318810000001577,-0.8108729999999014,-0.284244999999828,-0.5475589999998647,-1.3745330000001559,-0.14483599999994112,-0.7596845000000485
2023-07-06 19:00:00,-0.46439299999974537,-0.9917669999999816,-0.7280799999998635,-0.8079630000001998,-0.2836120000001756,-0.5457875000001877,-1.3757019999998192,-0.15020000000004075,-0.76295099999993
2023-07-06 19:45:00,-0.4667919999997139,-0.9924750000000131,-0.7296334999998635,-0.8060270000000855,-0.2825950000001285,-0.544311000000107,-1.370875999999953,-0.14803399999982503,-0.759454999999889
2023-07-06 20:45:00,-0.46893199999976787,-0.992240000000038,-0.7305859999999029,-0.8038120000001072,-0.28118300000005547,-0.5424975000000813,-1.3698420000000624,-0.14992100000017672,-0.7598815000001196
2023-07-06 21:15:00,-0.4654329999998481,-0.9863890000001447,-0.7259109999999964,-0.8032220000000052,-0.2811189999997623,-0.5421704999998838,-1.3680929999995897,-0.15061699999978373,-0.7593549999996867
2023-07-06 21:30:00,-0.46621200000026874,-0.986377000000175,-0.7262945000002219,-0.8089359999999033,-0.28631300000006377,-0.5476244999999835,-1.3732049999998708,-0.15538999999989755,-0.7642974999998842
2023-07-06 21:45:00,-0.46225000000004,-0.9888350000001083,-0.7255425000000741,-0.8084290000001602,-0.28354699999999866,-0.5459880000000794,-1.3779239999998936,-0.15206299999999828,-0.7649934999999459
2023-07-06 22:00:00,-0.4607620000001589,-0.9854570000002241,-0.7231095000001915,-0.8086979999998221,-0.2848100000001068,-0.5467539999999644,-1.3781910000002426,-0.15525000000025102,-0.7667205000002468
2023-07-06 22:30:00,-0.4611530000001949,-0.9829979999999523,-0.7220755000000736,-0.8064829999998437,-0.28407800000013594,-0.5452804999999898,-1.3742380000003322,-0.15566600000011022,-0.7649520000002212
2023-07-06 23:00:00,-0.4560930000002372,-0.9800789999999324,-0.7180860000000848,-0.8051989999999023,-0.2823279999997794,-0.5437634999998409,-1.3764409999998861,-0.15566600000011022,-0.7660534999999982
2023-07-06 23:30:00,-0.461413999999877,-0.9823019999998905,-0.7218579999998838,-0.8044220000001587,-0.281648000000132,-0.5430350000001454,-1.3710150000001704,-0.1524680000002263,-0.7617415000001984
2023-07-06 23:45:00,-0.461413999999877,-0.9815939999998591,-0.721503999999868,-0.806170999999722,-0.2844139999997424,-0.5452924999997322,-1.3710150000001704,-0.15463399999998728,-0.7628245000000788
2023-07-07 00:00:00,-0.46219299999984287,-0.985222000000249,-0.7237075000000459,-0.8048880000001191,-0.2816490000000158,-0.5432685000000674,-1.3749680000000808,-0.15421800000012809,-0.7645930000001044
2023-07-07 00:30:00,-0.4607620000001589,-0.981119999999919,-0.7209410000000389,-0.8034600000000864,-0.278686000000107,-0.5410730000000967,-1.377610999999888,-0.1560829999998532,-0.7668469999998706
2023-07-07 01:00:00,-0.463680999999724,-0.982289000000037,-0.7229849999998805,-0.809867999999824,-0.28334399999994275,-0.5466059999998834,-1.37820099999999,-0.15492300000005343,-0.7665620000000217
2023-07-07 01:15:00,-0.46037200000000666,-0.9852080000000569,-0.7227900000000318,-0.8085849999997663,-0.282814000000144,-0.5456994999999552,-1.383314000000155,-0.15713800000003175,-0.7702260000000933
2023-07-07 01:30:00,-0.46251200000006065,-0.983578999999736,-0.7230454999998983,-0.808118999999806,-0.2823279999997794,-0.5452234999997927,-1.3793610000002445,-0.15566500000022643,-0.7675130000002355
2023-07-07 01:45:00,-0.46037099999966813,-0.9770169999997051,-0.7186939999996866,-0.8068349999998645,-0.27862099999993006,-0.5427279999998973,-1.3804049999998824,-0.15561699999989287,-0.7680109999998876
2023-07-07 02:00:00,-0.45822999999973035,-0.9788969999999608,-0.7185634999998456,-0.8125499999996464,-0.28402299999970637,-0.5482864999996764,-1.3843590000001313,-0.15637000000015178,-0.7703645000001416
2023-07-07 02:15:00,-0.46036999999978434,-0.9786609999996472,-0.7195154999997158,-0.8085849999997663,-0.2808609999997316,-0.5447229999997489,-1.381565000000137,-0.15649699999994482,-0.7690310000000409
2023-07-07 03:45:00,-0.4601109999998698,-0.9747929999998632,-0.7174519999998665,-0.8118029999995997,-0.28104899999971167,-0.5464259999996557,-1.3847749999999905,-0.157064999999875,-0.7709199999999328
2023-07-07 04:45:00,-0.4630329999999958,-0.9769099999998616,-0.7199714999999287,-0.8039950000002136,-0.27795000000014625,-0.5409725000001799,-1.3746620000001712,-0.15533600000026127,-0.7649990000002163
2023-07-07 05:00:00,-0.45836099999996804,-0.9764359999999215,-0.7173984999999448,-0.808893999999782,-0.2803800000001502,-0.5446369999999661,-1.3830250000000888,-0.15678500000012718,-0.769905000000108
2023-07-07 06:15:00,-0.46011100000032457,-0.9745580000003429,-0.7173345000003337,-0.8088929999998982,-0.2784750000000713,-0.5436839999999847,-1.3830250000000888,-0.15603199999986828,-0.7695284999999785
2023-07-07 06:30:00,-0.45822899999984656,-0.9738499999998567,-0.7160394999998516,-0.8090509999997266,-0.280652999999802,-0.5448519999997643,-1.3843580000002476,-0.15994799999998577,-0.7721530000001167
2023-07-07 07:30:00,-0.46289900000010675,-0.9779520000001867,-0.7204255000001467,-0.8143000000000029,-0.282455999999911,-0.548377999999957,-1.3843589999996766,-0.15458399999988615,-0.7694714999997814
2023-07-07 07:45:00,-0.4639980000001742,-0.9738489999999729,-0.7189235000000735,-0.81134800000018,-0.2806510000000344,-0.5459995000001072,-1.3808349999999336,-0.1564379999999801,-0.7686364999999569
2023-07-07 08:30:00,-0.4626279999997678,-0.9765459999998711,-0.7195869999998195,-0.8140309999998863,-0.2798819999998159,-0.5469564999998511,-1.3852420000002894,-0.15238100000033228,-0.7688115000003108
2023-07-07 09:00:00,-0.463608000000022,-0.9780580000001464,-0.7208330000000842,-0.8118150000000242,-0.2813850000002276,-0.5466000000001259,-1.3830390000002808,-0.1560210000002371,-0.769530000000259
2023-07-07 09:15:00,-0.4657489999999598,-0.9780590000000302,-0.721903999999995,-0.806681000000026,-0.27671700000018973,-0.5416990000001078,-1.3790870000002542,-0.15427200000021912,-0.7666795000002367
2023-07-07 09:45:00,-0.46250899999995454,-0.9772429999998167,-0.7198759999998856,-0.8051970000001347,-0.27997199999981603,-0.5425844999999754,-1.3764390000001185,-0.15790900000001784,-0.7671740000000682
2023-07-07 10:00:00,-0.46250999999983833,-0.9797020000000884,-0.7211059999999634,-0.8069479999999203,-0.2824550000000272,-0.5447014999999737,-1.373533999999836,-0.15458399999988615,-0.764058999999861
2023-07-07 10:45:00,-0.46433200000001307,-0.9811210000002575,-0.7227265000001353,-0.8073420000000624,-0.28334300000005896,-0.5453425000000607,-1.369858000000022,-0.1520010000003822,-0.7609295000002021
2023-07-07 11:00:00,-0.46530200000006516,-0.9841470000001209,-0.724724500000093,-0.8039539999999761,-0.28577099999984057,-0.5448624999999083,-1.3641420000003563,-0.1546080000002803,-0.7593750000003183
2023-07-07 11:15:00,-0.4638119999999617,-0.9853299999999763,-0.724570999999969,-0.794318000000203,-0.277657999999974,-0.5359880000000885,-1.359773000000132,-0.15099300000019866,-0.7553830000001653
2023-07-07 11:45:00,-0.4632209999999759,-0.9864889999998923,-0.7248549999999341,-0.7972359999998844,-0.28232600000001185,-0.5397809999999481,-1.3597720000002482,-0.15274200000021665,-0.7562570000002324
2023-07-07 12:00:00,-0.4649810000000798,-0.9901389999999992,-0.7275600000000395,-0.7929180000000997,-0.28311299999995754,-0.5380155000000286,-1.3485019999998258,-0.14871999999968466,-0.7486109999997552
2023-07-07 12:30:00,-0.46310200000016266,-0.987681000000066,-0.7253915000001143,-0.796570999999858,-0.2870469999998022,-0.5418089999998301,-1.3480620000000272,-0.1491369999998824,-0.7485994999999548
2023-07-07 13:00:00,-0.46109200000000783,-0.9868529999998827,-0.7239724999999453,-0.79338400000006,-0.28388200000017605,-0.538633000000118,-1.349536000000171,-0.14985900000010588,-0.7496975000001385
2023-07-07 13:15:00,-0.4640129999997953,-0.9888369999998758,-0.7264249999998356,-0.7980399999996735,-0.2870429999998123,-0.5425414999997429,-1.3489330000002155,-0.14738900000020294,-0.7481610000002092
2023-07-07 13:30:00,-0.46219299999984287,-0.9900199999997312,-0.726106499999787,-0.7953299999999217,-0.28010900000026595,-0.5377195000000938,-1.3561100000001716,-0.14552400000002308,-0.7508170000000973
2023-07-07 13:45:00,-0.4618009999999231,-0.9909539999998742,-0.7263774999998986,-0.7957960000003368,-0.27986600000031103,-0.5378310000003239,-1.3618129999999837,-0.14916100000027654,-0.7554870000001301
2023-07-07 14:30:00,-0.4600529999997889,-0.9922320000000582,-0.7261424999999235,-0.7957980000001044,-0.2840470000001005,-0.5399225000001024,-1.3583160000002863,-0.15061199999991004,-0.7544640000000982
2023-07-07 14:45:00,-0.45869200000015553,-0.987561999999798,-0.7231269999999768,-0.7970789999999397,-0.2846249999997781,-0.5408519999998589,-1.3543610000001536,-0.14769100000012259,-0.7510260000001381
2023-07-07 15:00:00,-0.46257999999988897,-0.9922299999998359,-0.7274049999998624,-0.7919430000001739,-0.2828749999998763,-0.5374090000000251,-1.3509970000000067,-0.14944999999988795,-0.7502234999999473
2023-07-07 15:15:00,-0.46289999999999054,-0.9902319999996507,-0.7265659999998206,-0.7934260000001814,-0.2808789999999135,-0.5371525000000474,-1.3553910000000542,-0.14959100000032777,-0.752491000000191
2023-07-07 15:30:00,-0.4650429999996959,-0.9910620000000563,-0.7280524999998761,-0.7993790000000445,-0.2875450000001365,-0.5434620000000905,-1.3531859999998233,-0.14945099999977174,-0.7513184999997975
2023-07-07 15:45:00,-0.4577800000001844,-0.9917709999999715,-0.724775500000078,-0.7999199999999291,-0.28476899999986927,-0.5423444999998992,-1.3641820000002554,-0.14960400000018126,-0.7568930000002183
2023-07-07 16:00:00,-0.46270300000014686,-0.9923499999999876,-0.7275265000000672,-0.7999479999998584,-0.290016999999807,-0.5449824999998327,-1.3496769999997014,-0.14669499999990876,-0.7481859999998051
2023-07-07 16:15:00,-0.462449000000106,-0.991769000000204,-0.727109000000155,-0.7921000000001186,-0.28009800000018004,-0.5360990000001493,-1.3546589999996286,-0.14844099999982063,-0.7515499999997246
2023-07-07 16:30:00,-0.4635510000002796,-0.9951490000003105,-0.729350000000295,-0.7943960000002335,-0.2870130000001154,-0.5407045000001744,-1.3470440000000963,-0.14700700000003053,-0.7470255000000634
2023-07-07 16:45:00,-0.461149999999634,-0.997030999999879,-0.7290904999997565,-0.7951750000001994,-0.2859910000001946,-0.540583000000197,-1.3542199999997138,-0.14832699999988108,-0.7512734999997974
2023-07-07 17:00:00,-0.4643180000002758,-0.9956139999999323,-0.729966000000104,-0.7931159999998272,-0.28452500000003056,-0.5388204999999289,-1.3539279999999962,-0.1520789999999579,-0.7530034999999771
2023-07-07 17:15:00,-0.4650989999995545,-0.9979659999999058,-0.7315324999997301,-0.7921830000000227,-0.28749699999980294,-0.5398399999999128,-1.3448530000000574,-0.1484650000002148,-0.7466590000001361
2023-07-07 17:30:00,-0.46295799999961673,-0.9932839999996759,-0.7281209999996463,-0.7926489999999831,-0.2856939999996939,-0.5391714999998385,-1.3505549999999857,-0.1520789999999579,-0.7513169999999718
2023-07-07 17:45:00,-0.46470799999997325,-0.9950339999995776,-0.7298709999997754,-0.7926499999998668,-0.28569500000003245,-0.5391724999999497,-1.3505559999998695,-0.15207999999984168,-0.7513179999998556
2023-07-07 18:00:00,-0.46710899999970934,-0.9926820000000589,-0.7298954999998841,-0.7924520000001394,-0.2879699999998593,-0.5402109999999993,-1.345129999999699,-0.1539449999995668,-0.7495374999996329
2023-07-07 18:15:00,-0.4632189999997536,-0.9938640000000305,-0.728541499999892,-0.7911659999999756,-0.28627400000004855,-0.5387200000000121,-1.3473299999996016,-0.1520789999999579,-0.7497044999997797
2023-07-07 18:30:00,-0.46535999999969135,-0.9963219999999637,-0.7308409999998275,-0.7872019999999793,-0.28350799999998344,-0.5353549999999814,-1.345126999999593,-0.15166199999976016,-0.7483944999996766
2023-07-07 18:45:00,-0.46509900000000926,-0.9958489999999074,-0.7304739999999583,-0.7951009999997041,-0.29060600000002523,-0.5428534999998647,-1.3460199999999531,-0.15136100000017905,-0.7486905000000661
2023-07-07 19:00:00,-0.46684899999991103,-0.9967839999999342,-0.7318164999999226,-0.7921839999999065,-0.2874449999999342,-0.5398144999999204,-1.347772999999961,-0.15324999999984357,-0.7505114999999023
2023-07-07 19:15:00,-0.4653600000001461,-0.9909320000001571,-0.7281460000001516,-0.793619999999919,-0.2891389999999774,-0.5413794999999482,-1.3451270000000477,-0.15394400000013775,-0.7495355000000927
2023-07-07 19:45:00,-0.4675000000002001,-0.9938640000000305,-0.7306820000001153,-0.7919839999999567,-0.288021999999728,-0.5400029999998424,-1.3411730000002535,-0.15032800000017232,-0.7457505000002129
2023-07-07 21:00:00,-0.46866999999974723,-0.9919740000000274,-0.7303219999998873,-0.7914049999999406,-0.2889860000000226,-0.5401954999999816,-1.3411739999996826,-0.15494099999978062,-0.7480574999997316
2023-07-07 21:30:00,-0.46887199999991935,-0.9925639999996747,-0.730717999999797,-0.7906990000001315,-0.28607700000020486,-0.5383880000001682,-1.343354999999974,-0.1531910000003336,-0.7482730000001538
2023-07-07 21:45:00,-0.4681590000000142,-0.992797999999766,-0.7304784999998901,-0.7879459999999199,-0.2828199999999015,-0.5353829999999107,-1.3441070000003492,-0.15247100000033242,-0.7482890000003408
2023-07-07 22:00:00,-0.46712199999956283,-0.9916289999996479,-0.7293754999996054,-0.790697999999793,-0.28631899999982124,-0.5385084999998071,-1.343354999999974,-0.1530520000001161,-0.7482035000000451
2023-07-07 22:15:00,-0.46737999999959357,-0.9891679999996086,-0.7282739999996011,-0.7857300000000578,-0.28208600000016304,-0.5339080000001104,-1.3419039999998859,-0.15463799999997718,-0.7482709999999315
2023-07-07 22:30:00,-0.46777099999962957,-0.9891699999998309,-0.7284704999997302,-0.7870130000001154,-0.2855859999999666,-0.536299500000041,-1.3379500000000917,-0.15463799999997718,-0.7462940000000344
2023-07-07 23:30:00,-0.465628999999808,-0.9857749999996486,-0.7257019999997283,-0.7886389999998755,-0.2845049999996263,-0.5365719999997509,-1.3419050000002244,-0.1549169999998412,-0.7484110000000328
2023-07-08 00:15:00,-0.46680099999957747,-0.9857679999995526,-0.726284499999565,-0.7874790000000758,-0.2850349999998798,-0.5362569999999778,-1.3419039999998859,-0.15851900000006935,-0.7502114999999776
2023-07-08 00:45:00,-0.4660169999997379,-0.9875159999996868,-0.7267664999997123,-0.7866610000000946,-0.28153599999996004,-0.5340985000000273,-1.3463090000000193,-0.15676900000016758,-0.7515390000000934
2023-07-08 01:00:00,-0.46854899999971167,-0.9875170000000253,-0.7280329999998685,-0.7886379999999917,-0.28619499999967957,-0.5374164999998357,-1.341903000000002,-0.15851900000006935,-0.7502110000000357
2023-07-08 01:15:00,-0.4681569999997919,-0.9831890000000385,-0.7256729999999152,-0.7879440000001523,-0.2824080000000322,-0.5351760000000922,-1.342356000000109,-0.15644199999997,-0.7493990000000395
2023-07-08 02:15:00,-0.4685479999998279,-0.984606999999869,-0.7265774999998484,-0.7903879999998935,-0.285033999999996,-0.5377109999999448,-1.3419050000002244,-0.15560899999991307,-0.7487570000000687
2023-07-08 02:45:00,-0.4642689999996037,-0.9803999999999178,-0.7223344999997607,-0.7884119999998802,-0.27964299999985087,-0.5340274999998655,-1.3480610000001434,-0.156025000000227,-0.7520430000001852
2023-07-08 03:00:00,-0.4660179999996217,-0.9850799999999253,-0.7255489999997735,-0.7901609999998982,-0.2814450000000761,-0.5358029999999872,-1.3492300000002615,-0.15532900000016525,-0.7522795000002134
2023-07-08 03:30:00,-0.46614899999985937,-0.9837789999996858,-0.7249639999997726,-0.7911629999998695,-0.2836259999999129,-0.5373944999998912,-1.3484770000000026,-0.15749700000014855,-0.7529870000000756
2023-07-08 03:45:00,-0.46497699999963515,-0.986236999999619,-0.7256069999996271,-0.7911639999997533,-0.28551999999990585,-0.5383419999998296,-1.3473280000002887,-0.15707999999995081,-0.7522040000001198
2023-07-08 04:00:00,-0.4667269999999917,-0.988695000000007,-0.7277109999999993,-0.7865080000001399,-0.279845000000023,-0.5331765000000814,-1.3455810000000383,-0.15316400000028807,-0.7493725000001632
2023-07-08 04:15:00,-0.46847600000000966,-0.987985999999637,-0.7282309999998233,-0.7911669999998594,-0.28377099999988786,-0.5374689999998736,-1.34733099999994,-0.15533099999993283,-0.7513309999999365
2023-07-08 04:30:00,-0.4710660000000644,-0.9868070000002263,-0.7289365000001453,-0.79085299999997,-0.2842999999998028,-0.5375764999998864,-1.3470250000000306,-0.15894299999990835,-0.7529839999999695
2023-07-08 04:45:00,-0.4663359999999557,-0.9881059999997888,-0.7272209999998722,-0.7933819999998377,-0.2867839999998978,-0.5400829999998678,-1.3507039999999506,-0.15852700000004916,-0.7546154999999999
2023-07-08 05:30:00,-0.46698700000024473,-0.9843720000003486,-0.7256795000002967,-0.7896829999999682,-0.2836200000001554,-0.5366515000000618,-1.3458540000001449,-0.15749300000015864,-0.7516735000001518
2023-07-08 06:00:00,-0.46349000000009255,-0.9799389999998311,-0.7217144999999618,-0.7914350000000923,-0.2838649999998779,-0.5376499999999851,-1.34585799999968,-0.15560699999969074,-0.7507324999996854
2023-07-08 07:15:00,-0.46639799999957177,-0.9826129999996738,-0.7245054999996228,-0.7926029999998718,-0.2853700000000572,-0.5389864999999645,-1.3452660000002652,-0.15573399999993853,-0.7505000000001019
2023-07-08 08:00:00,-0.46237899999960064,-0.984030999999959,-0.7232049999997798,-0.7920540000000074,-0.28333699999984674,-0.537695499999927,-1.3499500000002627,-0.15432000000009793,-0.7521350000001803
2023-07-08 08:15:00,-0.4645189999996546,-0.9882379999999102,-0.7263784999997824,-0.7927559999998266,-0.286989000000176,-0.5398725000000013,-1.34599500000013,-0.15390300000035495,-0.7499490000002424
2023-07-08 08:30:00,-0.466005999999652,-0.9850659999997333,-0.7255359999996926,-0.793069999999716,-0.28435899999976755,-0.5387144999997417,-1.3492220000002817,-0.15532900000016525,-0.7522755000002235
2023-07-08 08:45:00,-0.4630889999998544,-0.9838979999999538,-0.7234934999999041,-0.7930700000001707,-0.28610900000012407,-0.5395895000001474,-1.3486410000000433,-0.15650000000005093,-0.7525705000000471
2023-07-08 09:30:00,-0.46412599999985105,-0.9848539999998138,-0.7244899999998324,-0.7938169999997626,-0.2835900000000038,-0.5387034999998832,-1.349974000000202,-0.15244299999994837,-0.7512085000000752
2023-07-08 10:00:00,-0.4662679999996726,-0.9873139999999694,-0.726790999999821,-0.7933519999996861,-0.2843239999997422,-0.5388379999997142,-1.3477710000001935,-0.15202600000020539,-0.7498985000001994
2023-07-08 10:15:00,-0.4638679999998203,-0.9889419999999518,-0.7264049999998861,-0.7935370000000148,-0.2830599999997503,-0.5382984999998826,-1.3508449999999357,-0.15000000000009095,-0.7504225000000133
2023-07-08 10:30:00,-0.4619880000000194,-0.987315999999737,-0.7246519999998782,-0.7960339999999633,-0.28607400000009875,-0.541054000000031,-1.3521780000000945,-0.15202700000008917,-0.7521025000000918
2023-07-08 11:15:00,-0.4626989999997022,-0.9936269999998331,-0.7281629999997676,-0.7935370000000148,-0.28603400000019974,-0.5397855000001073,-1.3525950000002922,-0.15280299999994895,-0.7526990000001206
2023-07-08 11:30:00,-0.46309000000019296,-0.9943360000002031,-0.728713000000198,-0.7913220000000365,-0.2850180000000364,-0.5381700000000365,-1.3457219999995687,-0.14771799999971336,-0.746719999999641
2023-07-08 11:45:00,-0.46619799999962197,-0.9956149999998161,-0.730906499999719,-0.7941169999999147,-0.28452100000004066,-0.5393189999999777,-1.353175000000192,-0.15090300000019852,-0.7520390000001953
2023-07-08 12:00:00,-0.45952699999998003,-0.9901420000001053,-0.7248345000000427,-0.8002670000000762,-0.2906960000000254,-0.5454815000000508,-1.3528999999998632,-0.14987199999995937,-0.7513859999999113
2023-07-08 12:15:00,-0.4621199999996861,-0.9913029999997889,-0.7267114999997375,-0.7964590000001408,-0.2871989999998732,-0.541829000000007,-1.3514290000002802,-0.1498730000002979,-0.7506510000002891
2023-07-08 12:30:00,-0.45880799999986266,-0.9937599999998383,-0.7262839999998505,-0.792833999999857,-0.2850119999998242,-0.5389229999998406,-1.3507110000000466,-0.1477060000001984,-0.7492085000001225
2023-07-08 12:45:00,-0.4596449999999095,-0.9950359999998,-0.7273404999998547,-0.7997629999999845,-0.2874409999999443,-0.5436019999999644,-1.3617020000001503,-0.1509040000000823,-0.7563030000001163
2023-07-08 13:00:00,-0.455695999999989,-0.993047999999817,-0.724371999999903,-0.8056620000002113,-0.2889430000000175,-0.5473025000001144,-1.3722270000002936,-0.15279300000020157,-0.7625100000002476
2023-07-08 13:15:00,-0.453946999999971,-0.9905909999997675,-0.7222689999998693,-0.8021640000001753,-0.28646100000014485,-0.5443125000001601,-1.3704780000002756,-0.1532110000002831,-0.7618445000002794
2023-07-08 13:30:00,-0.45738500000015847,-0.9943229999998948,-0.7258540000000266,-0.7992129999997815,-0.286703000000216,-0.5429579999999987,-1.3652250000000095,-0.15308299999969677,-0.7591539999998531
2023-07-08 13:45:00,-0.4560270000001765,-0.9924690000002556,-0.724248000000216,-0.7999180000001616,-0.2883649999998852,-0.5441415000000234,-1.3612729999999829,-0.15105499999981475,-0.7561639999998988
2023-07-08 14:00:00,-0.4599059999995916,-0.9950359999998,-0.7274709999996958,-0.7965319999998428,-0.28569100000004255,-0.5411114999999427,-1.3590589999998883,-0.1509040000000823,-0.7549814999999853
2023-07-08 14:30:00,-0.45816500000000815,-0.9935190000001057,-0.7258420000000569,-0.7976989999997386,-0.2865120000001298,-0.5421054999999342,-1.3602240000000165,-0.15134299999999712,-0.7557835000000068
2023-07-08 14:45:00,-0.45641699999987395,-0.9951660000001539,-0.7257915000000139,-0.7959500000001754,-0.2870029999999133,-0.5414765000000443,-1.3573159999996278,-0.14990599999964616,-0.753610999999637
2023-07-08 15:00:00,-0.45563799999990806,-0.9942310000001271,-0.7249345000000176,-0.7943140000002131,-0.28724700000020675,-0.5407805000002099,-1.3533629999997174,-0.14918799999986732,-0.7512754999997924
2023-07-08 15:15:00,-0.45861699999977645,-0.9958739999997306,-0.7272454999997535,-0.8007659999998396,-0.28773699999965174,-0.5442514999997456,-1.3609590000000935,-0.1477390000000014,-0.7543490000000475
2023-07-08 15:30:00,-0.459657999999763,-0.9971499999996922,-0.7284039999997276,-0.8026699999995799,-0.2901669999996557,-0.5464184999996178,-1.3651890000001004,-0.1526880000001256,-0.758938500000113
2023-07-08 15:45:00,-0.4575190000000475,-0.9958749999996144,-0.726696999999831,-0.801977000000079,-0.2865780000001905,-0.5442775000001348,-1.3662229999999909,-0.14832000000023982,-0.7572715000001153
2023-07-08 16:00:00,-0.4572570000000269,-0.998779999999897,-0.7280184999999619,-0.7970409999998083,-0.28307600000016464,-0.5400584999999865,-1.3671159999998963,-0.14949299999989307,-0.7583044999998947
2023-07-08 16:15:00,-0.454338000000007,-0.9982129999998506,-0.7262754999999288,-0.8069569999997839,-0.29246499999999287,-0.5497109999998884,-1.3688649999999143,-0.14879599999994753,-0.7588304999999309
2023-07-08 16:30:00,-0.45582799999965573,-0.9967950000000201,-0.7263114999998379,-0.8020069999997759,-0.28633099999979095,-0.5441689999997834,-1.3714850000001206,-0.15137900000036097,-0.7614320000002408
2023-07-08 16:45:00,-0.45621799999980794,-0.9932949999997618,-0.7247564999997849,-0.8062100000001919,-0.28924800000004325,-0.5477290000001176,-1.3663719999999557,-0.14671799999996438,-0.75654499999996
2023-07-08 17:15:00,-0.4591379999997116,-0.9950369999996838,-0.7270874999996977,-0.8015420000001541,-0.28627099999994243,-0.5439065000000483,-1.3663730000002943,-0.15032300000029863,-0.7583480000002965
2023-07-08 17:45:00,-0.4594550000001618,-0.993155999999999,-0.7263055000000804,-0.8030219999996007,-0.28553599999986545,-0.5442789999997331,-1.3678450000002158,-0.1495679999998174,-0.7587065000000166
2023-07-08 18:00:00,-0.4573159999999916,-0.997494999999617,-0.7274054999998043,-0.8052379999999175,-0.2881729999999152,-0.5467054999999164,-1.3706299999998919,-0.1487369999999828,-0.7596834999999373
2023-07-08 18:15:00,-0.45834400000012465,-0.9967860000001565,-0.7275650000001406,-0.8042259999997441,-0.28627099999994243,-0.5452484999998433,-1.3731210000000829,-0.15090199999985998,-0.7620114999999714
2023-07-08 18:45:00,-0.4587349999997059,-0.9925779999998667,-0.7256564999997863,-0.8066789999998036,-0.2884559999997691,-0.5475674999997864,-1.3720880000000761,-0.15248800000017582,-0.762288000000126
2023-07-08 19:00:00,-0.45633400000042457,-0.9950380000000223,-0.7256860000002234,-0.8057089999997515,-0.28627099999994243,-0.545989999999847,-1.3786869999998999,-0.15382099999987986,-0.7662539999998899
2023-07-08 19:15:00,-0.4583439999996699,-0.9955099999997401,-0.726926999999705,-0.8088949999996657,-0.28850999999986016,-0.548702499999763,-1.3760409999999865,-0.15062299999999595,-0.7633319999999912
2023-07-08 19:45:00,-0.4590669999997772,-0.9956179999999222,-0.7273424999998497,-0.8052400000001398,-0.28627099999994243,-0.5457555000000411,-1.3747209999996812,-0.15207099999997808,-0.7633959999998297
2023-07-08 20:00:00,-0.45932700000003024,-0.9956170000000384,-0.7274720000000343,-0.8055060000001504,-0.2880199999999604,-0.5467630000000554,-1.37032599999975,-0.1503210000000763,-0.7603234999999131
2023-07-08 20:30:00,-0.4587469999996756,-0.9992449999999735,-0.7289959999998246,-0.8049259999997957,-0.28992299999981697,-0.5474244999998064,-1.3714860000000044,-0.15281499999991865,-0.7621504999999615
2023-07-08 20:45:00,-0.45861499999955413,-0.9956129999995937,-0.7271139999995739,-0.8039229999999407,-0.28627499999993233,-0.5450989999999365,-1.372816999999941,-0.1520730000002004,-0.7624450000000706
2023-07-08 21:00:00,-0.46036499999991065,-0.9998209999998835,-0.7300929999998971,-0.8021739999999227,-0.28526000000010754,-0.5437170000000151,-1.371067999999923,-0.1499069999999847,-0.7604874999999538
2023-07-08 22:15:00,-0.4646439999996801,-0.9970069999999396,-0.7308254999998098,-0.8047310000001744,-0.28995800000029703,-0.5473445000002357,-1.3666610000000219,-0.15379699999994045,-0.7602289999999812
2023-07-08 23:00:00,-0.45861299999978655,-0.998189999999795,-0.7284014999997908,-0.8039129999997385,-0.28826200000003155,-0.546087499999885,-1.3722390000002633,-0.15310200000021723,-0.7626705000002403
2023-07-08 23:30:00,-0.4582239999999729,-0.9957319999998617,-0.7269779999999173,-0.8061290000000554,-0.28752899999972215,-0.5468289999998888,-1.3761909999998352,-0.15351899999996022,-0.7648549999998977
2023-07-09 00:00:00,-0.46139499999981126,-0.9981799999995928,-0.729787499999702,-0.8058179999998174,-0.28651300000001356,-0.5461654999999155,-1.3747080000002825,-0.15134200000011333,-0.7630250000001979
2023-07-09 00:15:00,-0.4606250000001637,-0.9945619999998598,-0.7275935000000118,-0.8041819999998552,-0.28635899999972025,-0.5452704999997877,-1.3725039999999353,-0.1535079999998743,-0.7630059999999048
2023-07-09 01:45:00,-0.45822299999963434,-0.9916289999996479,-0.7249259999996411,-0.8026299999996809,-0.28280599999970946,-0.5427179999996952,-1.3773510000000897,-0.15537200000017037,-0.76636150000013
2023-07-09 03:15:00,-0.456463999999869,-0.9874259999996866,-0.7219449999997778,-0.8061280000001716,-0.2855749999998807,-0.5458515000000261,-1.3761819999999716,-0.1546170000001439,-0.7653995000000577
2023-07-09 04:00:00,-0.45724399999971865,-0.9867179999996551,-0.7219809999996869,-0.8095140000000356,-0.286591000000044,-0.5480525000000398,-1.3813049999998839,-0.1567840000002434,-0.7690445000000636
2023-07-09 04:45:00,-0.4553030000001854,-0.9862650000000031,-0.7207840000000942,-0.8032079999998132,-0.2826559999998608,-0.542931999999837,-1.3761789999998655,-0.1546160000002601,-0.7653975000000628
2023-07-09 05:45:00,-0.45257500000025175,-0.9872000000000298,-0.7198875000001408,-0.8095140000000356,-0.2877210000001469,-0.5486175000000912,-1.381304,-0.1552320000000691,-0.7682680000000346
2023-07-09 06:15:00,-0.4574999999999818,-0.9898789999997462,-0.723689499999864,-0.8080429999999978,-0.28631199999972523,-0.5471774999998615,-1.3781010000002425,-0.1536310000001322,-0.7658660000001873
2023-07-09 06:30:00,-0.4541919999996935,-0.9870669999995698,-0.7206294999996317,-0.8067620000001625,-0.28407400000014604,-0.5454180000001543,-1.382057000000259,-0.1556590000000142,-0.7688580000001366
2023-07-09 07:00:00,-0.4541919999996935,-0.985316999999668,-0.7197544999996808,-0.812010999999984,-0.28757299999961106,-0.5497919999997976,-1.380308000000241,-0.15216000000009444,-0.7662340000001677
2023-07-09 07:15:00,-0.453874000000269,-0.9855670000001737,-0.7197205000002214,-0.8087799999998424,-0.28607000000010885,-0.5474249999999756,-1.3794149999998808,-0.15376999999989494,-0.7665924999998879
2023-07-09 07:30:00,-0.45420500000000175,-0.9853320000001986,-0.7197685000001002,-0.8102489999996578,-0.2858169999999518,-0.5480329999998048,-1.3808750000002874,-0.15273800000022675,-0.7668065000002571
2023-07-09 07:45:00,-0.45245500000009997,-0.9835819999998421,-0.718018499999971,-0.8119990000000143,-0.2875669999998536,-0.549782999999934,-1.3820350000000872,-0.1538980000000265,-0.7679665000000568
2023-07-09 08:15:00,-0.4592659999998432,-0.9873160000001917,-0.7232910000000174,-0.8080340000001343,-0.28256099999998696,-0.5452975000000606,-1.3810010000001967,-0.15318000000024767,-0.7670905000002222
2023-07-09 09:00:00,-0.4552450000001045,-0.9900010000001203,-0.7226230000001124,-0.809233999999833,-0.28756799999973737,-0.5484009999997852,-1.3827660000001742,-0.15681800000038493,-0.7697920000002796
2023-07-09 09:15:00,-0.4552450000001045,-0.9936429999997927,-0.7244439999999486,-0.8121529999998529,-0.28952399999980116,-0.550838499999827,-1.3827660000001742,-0.15278600000010556,-0.7677760000001399
2023-07-09 09:30:00,-0.45323499999994965,-0.9907100000000355,-0.7219724999999926,-0.8107159999999567,-0.28830100000004677,-0.5495085000000017,-1.383658999999625,-0.15465099999983067,-0.7691549999997278
2023-07-09 09:45:00,-0.4567339999998694,-0.9949189999997543,-0.7258264999998119,-0.8107179999997243,-0.2872859999997672,-0.5490019999997457,-1.3854120000000876,-0.15423499999997148,-0.7698235000000295
2023-07-09 10:00:00,-0.4531050000000505,-0.9972569999999905,-0.7251810000000205,-0.8114489999998113,-0.29025400000000445,-0.5508514999999079,-1.3849690000001829,-0.15354200000001583,-0.7692555000000993
2023-07-09 10:45:00,-0.4555639999998675,-0.9978369999998904,-0.726700499999879,-0.8124669999997423,-0.29025499999988824,-0.5513609999998152,-1.3824919999997292,-0.15062299999999595,-0.7665574999998626
2023-07-09 11:30:00,-0.4491440000001603,-1.0006640000001426,-0.7249040000001514,-0.8167840000000979,-0.2919679999999971,-0.5543760000000475,-1.389103000000432,-0.1467290000000503,-0.7679160000002412
2023-07-09 11:45:00,-0.4519350000000486,-1.001372000000174,-0.7266535000001113,-0.8126210000000356,-0.29095099999995,-0.5517859999999928,-1.383802000000287,-0.1480610000003253,-0.7659315000003062
2023-07-09 12:00:00,-0.4477860000001783,-1.0009020000002238,-0.724344000000201,-0.8145690000001196,-0.2933819999998377,-0.5539754999999786,-1.3851510000004055,-0.14776200000005701,-0.7664565000002312
2023-07-09 12:15:00,-0.45284399999991365,-1.0045270000000528,-0.7286854999999832,-0.8141019999998207,-0.292363000000023,-0.5532324999999219,-1.3829460000001745,-0.14559400000007372,-0.7642700000001241
2023-07-09 12:45:00,-0.45459299999993164,-1.0055680000000393,-0.7300804999999855,-0.8076849999997648,-0.2869630000000143,-0.5473239999998896,-1.3846960000000763,-0.1495100000001912,-0.7671030000001338
2023-07-09 13:15:00,-0.45167499999979555,-1.006753000000117,-0.7292139999999563,-0.8065260000003036,-0.28702800000019124,-0.5467770000002474,-1.3817869999998038,-0.14590599999974074,-0.7638464999997723
2023-07-09 13:45:00,-0.45381399999996574,-1.0082649999999376,-0.7310394999999517,-0.8089669999999387,-0.29202100000020437,-0.5504940000000715,-1.3795829999999114,-0.14837199999965378,-0.7639774999997826
2023-07-09 14:00:00,-0.45381399999996574,-1.0082649999999376,-0.7310394999999517,-0.8060569999997824,-0.28911199999993187,-0.5475844999998571,-1.3795799999998053,-0.14837099999977,-0.7639754999997876
2023-07-09 14:15:00,-0.44992400000001,-1.0056869999998526,-0.7278054999999313,-0.810023000000001,-0.2923639999999068,-0.5511934999999539,-1.3823660000002747,-0.14909299999999348,-0.7657295000001341
2023-07-09 14:45:00,-0.4539439999998649,-1.0067300000000614,-0.7303369999999632,-0.8070739999998295,-0.29163299999981973,-0.5493534999998246,-1.3788530000001629,-0.1512590000002092,-0.765056000000186
2023-07-09 15:00:00,-0.45342600000003586,-1.0038100000001577,-0.7286180000000968,-0.8033770000001823,-0.28988200000003417,-0.5466295000001082,-1.3722560000001067,-0.14950900000030742,-0.7608825000002071
2023-07-09 15:15:00,-0.45063400000026377,-1.0031010000002425,-0.7268675000002531,-0.8057899999998881,-0.2891490000001795,-0.5474695000000338,-1.3793060000002697,-0.1499260000000504,-0.7646160000001601
2023-07-09 16:00:00,-0.45419300000003204,-1.0072040000000015,-0.7306985000000168,-0.803845999999794,-0.2892029999998158,-0.5465244999998049,-1.3744730000003074,-0.1480610000003253,-0.7612670000003163
2023-07-09 16:15:00,-0.4527729999999792,-1.0072019999997792,-0.7299874999998792,-0.807072000000062,-0.2921209999999519,-0.5495965000000069,-1.3741840000002412,-0.1463120000003073,-0.7602480000002743
2023-07-09 17:00:00,-0.44927499999994325,-1.003230999999687,-0.7262529999998151,-0.8041539999999259,-0.28988299999991796,-0.5470184999999219,-1.375934000000143,-0.1495100000001912,-0.7627220000001671
2023-07-09 17:15:00,-0.4512840000002143,-1.0059220000002824,-0.7286030000002484,-0.8009219999999004,-0.2867790000000241,-0.5438504999999623,-1.3744590000001153,-0.14779399999997622,-0.7611265000000458
2023-07-09 17:30:00,-0.4548440000003211,-1.007912000000033,-0.731378000000177,-0.8001469999999244,-0.2881859999997687,-0.5441664999998466,-1.3696239999999307,-0.14764400000012756,-0.7586340000000291
2023-07-09 17:45:00,-0.45458300000018426,-1.0101320000003398,-0.732357500000262,-0.7981300000001283,-0.28576299999986077,-0.5419464999999946,-1.3705180000001747,-0.14620899999999892,-0.7583635000000868
2023-07-09 20:00:00,-0.4566650000001573,-1.0071990000001279,-0.7319320000001426,-0.7993689999998423,-0.2909570000001622,-0.5451630000000023,-1.3624470000004294,-0.148073000000295,-0.7552600000003622
2023-07-09 20:30:00,-0.44532699999990655,-0.9990299999999479,-0.7221784999999272,-0.7979279999999562,-0.2909570000001622,-0.5444425000000592,-1.3633289999997942,-0.14924299999984214,-0.7562859999998182
2023-07-09 20:45:00,-0.44733599999972284,-0.9974010000000817,-0.7223684999999023,-0.7982080000001588,-0.29046999999991385,-0.5443390000000363,-1.3624580000000606,-0.14951799999971627,-0.7559879999998884
2023-07-09 21:15:00,-0.4451960000001236,-0.9971660000001066,-0.7211810000001151,-0.7980830000001333,-0.29021700000021156,-0.5441500000001724,-1.3658190000001014,-0.15139600000020437,-0.7586075000001529
2023-07-09 21:30:00,-0.45239700000001903,-0.9984420000000682,-0.7254195000000436,-0.7954020000001947,-0.2879779999998391,-0.5416900000000169,-1.358502000000044,-0.1487659999997959,-0.75363399999992
2023-07-09 22:00:00,-0.45343400000001566,-1.0013599999997496,-0.7273969999998826,-0.7926360000001296,-0.2862279999999373,-0.5394320000000334,-1.3563129999997727,-0.14701599999989412,-0.7516644999998334
2023-07-09 22:15:00,-0.45304399999986344,-1.003110000000106,-0.7280769999999848,-0.7966019999998935,-0.28972699999985707,-0.5431644999998753,-1.3596770000003744,-0.14817500000026484,-0.7539260000003196
2023-07-09 23:00:00,-0.4582940000000235,-1.0008779999998296,-0.7295859999999266,-0.7983519999997952,-0.2880179999997381,-0.5431849999997667,-1.3631749999999556,-0.1508960000001025,-0.7570355000000291
2023-07-09 23:15:00,-0.4544029999997292,-1.000756999999794,-0.7275799999997616,-0.8005669999997735,-0.2902529999996659,-0.5454099999997197,-1.3665490000003047,-0.15178900000000795,-0.7591690000001563
2023-07-10 02:00:00,-0.4586829999998372,-0.9977109999999811,-0.7281969999999092,-0.7978849999999511,-0.29005000000006476,-0.5439675000000079,-1.362141999999949,-0.15639800000008108,-0.759270000000015
2023-07-10 02:30:00,-0.4569329999999354,-1.0000489999997626,-0.728490999999849,-0.7926360000001296,-0.2860200000000077,-0.5393280000000686,-1.3592220000000452,-0.15278600000010556,-0.7560040000000754
2023-07-10 02:45:00,-0.4590739999998732,-1.0000489999997626,-0.7295614999998179,-0.7956699999999728,-0.2895189999999275,-0.5425944999999501,-1.3581890000000385,-0.15395600000010745,-0.756072500000073
2023-07-10 03:00:00,-0.45518399999991743,-0.9958409999999276,-0.7255124999999225,-0.7978849999999511,-0.2905359999999746,-0.5442104999999628,-1.360971999999947,-0.15495200000032128,-0.7579620000001341
2023-07-10 06:00:00,-0.4582839999998214,-0.9931469999996807,-0.725715499999751,-0.8001020000001517,-0.28665000000000873,-0.5433760000000802,-1.366095999999743,-0.15376699999978882,-0.759931499999766
2023-07-10 06:30:00,-0.461460999999872,-0.994314999999915,-0.7278879999998935,-0.7998019999999997,-0.28606900000022506,-0.5429355000001124,-1.3646340000000237,-0.15317500000037398,-0.7589045000001988
2023-07-10 07:00:00,-0.459320999999818,-0.9919639999998253,-0.7256424999998217,-0.80026799999996,-0.2865950000000339,-0.543431499999997,-1.369756999999936,-0.1585400000003574,-0.7641485000001467
2023-07-10 07:15:00,-0.457180999999764,-0.9960659999997006,-0.7266234999997323,-0.8042329999998401,-0.2913180000000466,-0.5477754999999433,-1.3702109999999266,-0.1560949999998229,-0.7631529999998747
2023-07-10 07:30:00,-0.4582809999997153,-0.9924379999997655,-0.7253594999997404,-0.8012739999999212,-0.2888249999996333,-0.5450494999997773,-1.3672770000002856,-0.15709200000037526,-0.7621845000003304
2023-07-10 08:30:00,-0.45717999999988024,-0.9973539999996319,-0.7272669999997561,-0.8007239999997182,-0.28737199999977747,-0.5440479999997478,-1.371371000000181,-0.1556679999998778,-0.7635195000000294
2023-07-10 09:00:00,-0.45932300000004034,-0.9939520000002631,-0.7266375000001517,-0.8002559999999903,-0.2880019999997785,-0.5441289999998844,-1.3662349999999606,-0.15606000000025233,-0.7611475000001064
2023-07-10 09:15:00,-0.46073999999998705,-0.9964100000001963,-0.7285750000000917,-0.7981969999996181,-0.28698599999961516,-0.5425914999996166,-1.364774000000125,-0.1556430000000546,-0.7602085000000898
2023-07-10 10:00:00,-0.4595809999996163,-0.9952509999998256,-0.727415999999721,-0.7999469999999747,-0.2887359999999717,-0.5443414999999732,-1.364774000000125,-0.1556430000000546,-0.7602085000000898
2023-07-10 10:30:00,-0.46035200000005716,-0.9964119999999639,-0.7283820000000105,-0.8021629999998368,-0.2887359999999717,-0.5454494999999042,-1.3687290000002577,-0.1556439999999384,-0.762186500000098
2023-07-10 11:00:00,-0.46035100000017337,-1.0009720000002744,-0.7306615000002239,-0.800412999999935,-0.28752499999973224,-0.5439689999998336,-1.3669789999999011,-0.1517509999998765,-0.7593649999998888
2023-07-10 11:15:00,-0.4570520000002034,-0.999815000000126,-0.7284335000001647,-0.8043779999998151,-0.29102499999999054,-0.5477014999999028,-1.3697729999998955,-0.1523419999998623,-0.7610574999998789
2023-07-10 11:30:00,-0.45782999999983076,-0.9980619999996634,-0.7279459999997471,-0.7970269999996162,-0.28635499999973035,-0.5416909999996733,-1.3630259999999907,-0.15174999999999272,-0.7573879999999917
2023-07-10 11:45:00,-0.4539409999997588,-0.9979570000000422,-0.7259489999999005,-0.803910999999971,-0.2932630000000245,-0.5485869999999977,-1.3640699999996286,-0.15031299999964176,-0.7571914999996352
2023-07-10 12:00:00,-0.45678899999984424,-1.0051919999996244,-0.7309904999997343,-0.8041090000001532,-0.2929279999998471,-0.5485185000000001,-1.370665999999801,-0.15309399999978268,-0.7618799999997918
2023-07-10 12:45:00,-0.4553009999999631,-1.0039170000000013,-0.7296089999999822,-0.7979599999998754,-0.28757999999970707,-0.5427699999997913,-1.3668540000003304,-0.1504770000001372,-0.7586655000002338
2023-07-10 13:30:00,-0.4581519999996999,-1.008006000000023,-0.7330789999998615,-0.800260999999864,-0.29171899999983,-0.545989999999847,-1.3621740000003228,-0.14803600000004735,-0.7551050000001851
2023-07-10 14:15:00,-0.45582199999989825,-1.0103589999998803,-0.7330904999998893,-0.798518999999942,-0.29178300000012314,-0.5451510000000326,-1.3615899999999783,-0.1473399999999856,-0.754464999999982
2023-07-10 15:15:00,-0.45543199999974604,-1.0083609999996952,-0.7318964999997206,-0.7960660000003372,-0.2885670000000573,-0.5423165000001973,-1.3643839999999727,-0.14993199999980789,-0.7571579999998903
2023-07-10 15:30:00,-0.4525109999999586,-1.0037979999997333,-0.7281544999998459,-0.7960649999999987,-0.28807499999993524,-0.542069999999967,-1.3643839999999727,-0.15020899999990434,-0.7572964999999385
2023-07-10 15:45:00,-0.45050199999968754,-1.0036909999998898,-0.7270964999997886,-0.8004530000002887,-0.2914850000001934,-0.5459690000002411,-1.3670039999997243,-0.1499309999999241,-0.7584674999998242
2023-07-10 16:00:00,-0.45264499999984764,-1.0056809999996403,-0.729162999999744,-0.8017370000002302,-0.2946420000002945,-0.5481895000002623,-1.3636309999997138,-0.1497809999996207,-0.7567059999996673
2023-07-10 16:15:00,-0.4541329999997288,-1.0090609999997469,-0.7315969999997378,-0.798551999999745,-0.2904600000001665,-0.5445059999999557,-1.366276000000198,-0.14950500000031752,-0.7578905000002578
2023-07-10 16:30:00,-0.453363999999965,-1.007086000000072,-0.7302250000000186,-0.7951649999999972,-0.2890469999997549,-0.5421059999998761,-1.3611510000000635,-0.1484730000001946,-0.754812000000129
2023-07-10 16:45:00,-0.44908099999975093,-1.007792999999765,-0.728436999999758,-0.7943479999998999,-0.28628100000014456,-0.5403145000000222,-1.3673070000004373,-0.14805599999999686,-0.7576815000002171
2023-07-10 17:15:00,-0.45161300000017945,-1.0096739999999045,-0.730643500000042,-0.798663999999917,-0.29343299999982264,-0.5460484999998698,-1.3599920000001475,-0.14589999999998327,-0.7529460000000654
2023-07-10 17:30:00,-0.44986299999982293,-1.006279000000177,-0.7280709999999999,-0.7969140000000152,-0.2911919999996826,-0.5440529999998489,-1.3599919999996928,-0.1461789999998473,-0.75308549999977
2023-07-10 18:00:00,-0.45090299999992567,-1.009672000000137,-0.7302875000000313,-0.795317999999952,-0.2899330000000191,-0.5426254999999855,-1.362470999999914,-0.14764900000000125,-0.7550599999999577
2023-07-10 19:00:00,-0.45304299999997966,-1.008962999999767,-0.7310029999998733,-0.7995209999999133,-0.2956180000001041,-0.5475695000000087,-1.3585189999998875,-0.14806699999962802,-0.7532929999997577
2023-07-10 19:15:00,-0.44947199999978693,-1.0068459999997685,-0.7281589999997777,-0.7973790000000918,-0.2928870000000643,-0.545133000000078,-1.36510300000009,-0.1527009999999791,-0.7589020000000346
2023-07-10 20:30:00,-0.4537519999998949,-1.009070999999949,-0.7314114999999219,-0.7964480000000549,-0.29395900000008623,-0.5452035000000706,-1.3601180000000568,-0.15242299999999886,-0.7562705000000278
2023-07-10 20:45:00,-0.45362299999987954,-1.0090700000000652,-0.7313464999999724,-0.7954319999998916,-0.2922079999998459,-0.5438199999998687,-1.363177000000178,-0.15417200000001685,-0.7586745000000974
2023-07-10 21:00:00,-0.4530330000002323,-1.0077719999999317,-0.730402500000082,-0.7983509999999114,-0.2961439999999129,-0.5472474999999122,-1.3596780000002582,-0.1528400000001966,-0.7562590000002274
2023-07-10 21:15:00,-0.45517300000028627,-1.0084799999999632,-0.7318265000001247,-0.7961359999999331,-0.293376999999964,-0.5447564999999486,-1.3592240000002676,-0.15242200000011508,-0.7558230000001913
2023-07-10 21:30:00,-0.45342299999992974,-1.0061279999999897,-0.7297754999999597,-0.792634999999791,-0.2921550000000934,-0.5423949999999422,-1.3574710000002597,-0.15486700000019482,-0.7561690000002272
2023-07-10 21:45:00,-0.45543199999974604,-1.0068359999995664,-0.7311339999996562,-0.7929180000000997,-0.2911380000000463,-0.542028000000073,-1.3548540000001594,-0.15095200000041586,-0.7529030000002876
2023-07-10 22:30:00,-0.4550419999995938,-1.0067219999996269,-0.7308819999996103,-0.7951339999999618,-0.2927389999999832,-0.5439364999999725,-1.3582280000000537,-0.1531159999999545,-0.7556720000000041
2023-07-10 23:00:00,-0.45406999999977415,-1.0061409999998432,-0.7301054999998087,-0.798518999999942,-0.2939080000001013,-0.5462135000000217,-1.3621800000000803,-0.15311500000007072,-0.7576475000000755
2023-07-10 23:30:00,-0.4528990000003432,-1.0067210000001978,-0.7298100000002705,-0.7967679999997017,-0.2939080000001013,-0.5453379999999015,-1.3621790000001965,-0.1548649999999725,-0.7585220000000845
2023-07-11 00:00:00,-0.45621099999971193,-1.002038999999968,-0.7291249999998399,-0.7963010000003123,-0.2909340000001066,-0.5436175000002095,-1.3611340000002201,-0.15497000000004846,-0.7580520000001343
2023-07-11 00:30:00,-0.45302899999978763,-1.004497999999785,-0.7287634999997863,-0.7948630000000776,-0.2916680000002998,-0.5432655000001887,-1.3596990000000915,-0.15339300000005096,-0.7565460000000712
2023-07-11 01:00:00,-0.4529010000001108,-0.999119999999948,-0.7260105000000294,-0.7973469999997178,-0.2897640000001047,-0.5435554999999113,-1.3621769999999742,-0.15205999999989217,-0.7571184999999332
2023-07-11 02:15:00,-0.45653200000015204,-1.0001600000000508,-0.7283460000001014,-0.7983500000000276,-0.2907799999998133,-0.5445649999999205,-1.3625950000000557,-0.1542260000001079,-0.7584105000000818
2023-07-11 02:45:00,-0.45439200000009805,-1.0001609999999346,-0.7272765000000163,-0.79706699999997,-0.2890309999997953,-0.5430489999998827,-1.3665479999999661,-0.15597600000000966,-0.7612619999999879
2023-07-11 04:45:00,-0.452509000000191,-0.996766000000207,-0.724637500000199,-0.7943140000002131,-0.285041000000092,-0.5396775000001526,-1.367291000000023,-0.1556630000000041,-0.7614770000000135
2023-07-11 05:30:00,-0.45289999999977226,-0.9972369999995863,-0.7250684999996793,-0.8002670000000762,-0.2925350000000435,-0.5464010000000599,-1.3650880000000143,-0.1559770000003482,-0.7605325000001812
2023-07-11 06:00:00,-0.4547789999996894,-0.9950260000000526,-0.724902499999871,-0.7983629999998811,-0.2885500000002139,-0.5434565000000475,-1.3637779999999111,-0.1539229999998497,-0.7588504999998804
2023-07-11 06:15:00,-0.4507589999998345,-0.9925680000001194,-0.7216634999999769,-0.7943140000002131,-0.28431700000010096,-0.539315500000157,-1.367291000000023,-0.1560899999999492,-0.7616904999999861
2023-07-11 06:30:00,-0.4528989999998885,-0.9967769999998382,-0.7248379999998633,-0.7938490000001366,-0.28680000000031214,-0.5403245000002244,-1.3650880000000143,-0.15742200000022422,-0.7612550000001193
2023-07-11 07:00:00,-0.4579599999997299,-0.996302999999898,-0.727131499999814,-0.796291999999994,-0.28746899999987363,-0.5418804999999338,-1.362304999999651,-0.15537099999983184,-0.7588379999997414
2023-07-11 07:15:00,-0.45250899999973626,-0.9956069999998363,-0.7240579999997863,-0.7960640000001149,-0.2856299999998555,-0.5408469999999852,-1.3667109999996683,-0.15392199999996592,-0.7603164999998171
2023-07-11 07:45:00,-0.456079999999929,-0.9992349999997714,-0.7276574999998502,-0.7999449999997523,-0.29219100000000253,-0.5460679999998774,-1.3636149999997542,-0.15525499999966996,-0.7594349999997121
2023-07-11 08:00:00,-0.454330999999911,-0.9967779999997219,-0.7255544999998165,-0.7970259999997324,-0.2902890000000298,-0.5436574999998811,-1.363615000000209,-0.15742200000022422,-0.7605185000002166
2023-07-11 08:15:00,-0.4521899999999732,-0.9981929999999011,-0.7251914999999372,-0.8004109999997127,-0.2911749999998392,-0.5457929999997759,-1.3652280000001156,-0.15249900000026173,-0.7588635000001887
2023-07-11 08:30:00,-0.45252199999958975,-0.9974859999997534,-0.7250039999996716,-0.8007209999996121,-0.29044199999998455,-0.5455814999997983,-1.3672790000000532,-0.15350600000010672,-0.76039250000008
2023-07-11 08:45:00,-0.45466099999975995,-0.9999429999998029,-0.7273019999997814,-0.79850499999975,-0.2894259999998212,-0.5439654999997856,-1.3644850000000588,-0.15249900000026173,-0.7584920000001603
2023-07-11 09:00:00,-0.45757099999991624,-1.0021460000002662,-0.7298585000000912,-0.79850499999975,-0.29044299999986833,-0.5444739999998092,-1.3644859999999426,-0.1546659999999065,-0.7595759999999245
2023-07-11 09:45:00,-0.4539409999997588,-1.0024039999998422,-0.7281724999998005,-0.7992419999995946,-0.2907399999999143,-0.5449909999997544,-1.3658190000001014,-0.1526730000000498,-0.7592460000000756
2023-07-11 10:00:00,-0.4535499999997228,-1.0016959999998107,-0.7276229999997668,-0.7997099999997772,-0.29000700000005963,-0.5448584999999184,-1.3697739999997793,-0.15483999999969456,-0.762306999999737
2023-07-11 10:30:00,-0.4499909999999545,-1.003338999999869,-0.7266649999999117,-0.8034039999997731,-0.29341699999986304,-0.5484104999998181,-1.3716890000000603,-0.1528120000002673,-0.7622505000001638
2023-07-11 11:00:00,-0.4521319999998923,-1.0040479999997842,-0.7280899999998383,-0.8029379999998127,-0.29239899999993213,-0.5476684999998724,-1.3677370000000337,-0.148895000000266,-0.7583160000001499
2023-07-11 11:45:00,-0.4521310000000085,-1.0057969999998022,-0.7289639999999054,-0.8000179999999091,-0.29122899999993024,-0.5456234999999197,-1.36481700000013,-0.14772500000026412,-0.7562710000001971
2023-07-11 12:15:00,-0.4472019999998338,-1.0028789999996661,-0.72504049999975,-0.8014989999996942,-0.292978999999832,-0.5472389999997631,-1.367460000000392,-0.1494750000001659,-0.758467500000279
2023-07-11 12:30:00,-0.4486199999996643,-1.0079040000000532,-0.7282619999998587,-0.7994409999996606,-0.2939569999998639,-0.5466989999997622,-1.3659990000001017,-0.15066999999999098,-0.7583345000000463
2023-07-11 12:45:00,-0.45063100000015766,-1.0087170000001606,-0.7296740000001591,-0.7950510000000577,-0.2895410000000993,-0.5422960000000785,-1.3651050000003124,-0.15053100000022823,-0.7578180000002703
2023-07-11 13:00:00,-0.45251100000041333,-1.009425000000192,-0.7309680000003027,-0.8007259999999405,-0.2931829999997717,-0.5469544999998561,-1.366715000000113,-0.1495350000000144,-0.7581250000000637
2023-07-11 13:15:00,-0.4521190000000388,-1.0121110000000044,-0.7321150000000216,-0.8011910000000171,-0.29468999999971857,-0.5479404999998678,-1.3677490000000034,-0.150253000000248,-0.7590010000001257
2023-07-11 13:30:00,-0.4525119999998424,-1.0079040000000532,-0.7302079999999478,-0.8007250000000568,-0.2939569999998639,-0.5473409999999603,-1.364375999999993,-0.14950100000032762,-0.7569385000001603
2023-07-11 13:45:00,-0.45224899999993795,-1.014462999999978,-0.7333559999999579,-0.8010469999999259,-0.29475400000001173,-0.5479004999999688,-1.3652690000003531,-0.14663800000016636,-0.7559535000002597
2023-07-11 14:15:00,-0.45068899999978385,-1.0116399999997157,-0.7311644999997498,-0.7997629999999845,-0.29362300000002506,-0.5466930000000048,-1.368062000000009,-0.15052800000012212,-0.7592950000000656
2023-07-11 14:30:00,-0.44718799999964176,-1.0122309999997015,-0.7297094999996716,-0.7985929999999826,-0.2936730000001262,-0.5461330000000544,-1.3668939999997747,-0.14866499999970983,-0.7577794999997423
2023-07-11 14:45:00,-0.4473210000001018,-1.0092990000002828,-0.7283100000001923,-0.7943479999998999,-0.290121999999883,-0.5422349999998914,-1.3655600000001868,-0.15053100000022823,-0.7580455000002075
2023-07-11 15:00:00,-0.44875199999978577,-1.0109419999998863,-0.729846999999836,-0.7975350000001526,-0.2941110000001572,-0.5458230000001549,-1.3623379999999088,-0.14850299999989147,-0.7554204999999001
2023-07-11 15:15:00,-0.44720099999995,-1.0122409999999036,-0.7297209999999268,-0.8015000000000327,-0.2965919999996913,-0.549045999999862,-1.3668710000001738,-0.14866500000016458,-0.7577680000001692
2023-07-11 15:45:00,-0.44545000000016444,-1.0122400000000198,-0.7288450000000921,-0.7962510000002112,-0.29309299999977156,-0.5446719999999914,-1.3651200000003882,-0.1486640000002808,-0.7568920000003345
2023-07-11 16:00:00,-0.447591999999986,-1.0107179999999971,-0.7291549999999916,-0.7963639999998122,-0.29444699999976365,-0.5454054999997879,-1.3629170000003796,-0.15097000000014305,-0.7569435000002613
2023-07-11 16:15:00,-0.447983000000022,-1.0089689999999791,-0.7284760000000006,-0.7970690000001923,-0.29561699999976554,-0.5463429999999789,-1.3607130000000325,-0.15097000000014305,-0.7558415000000878
2023-07-11 16:30:00,-0.4477200000001176,-1.01213400000006,-0.7299270000000888,-0.8020480000000134,-0.2988310000000638,-0.5504395000000386,-1.3616080000001602,-0.14663700000028257,-0.7541225000002214
2023-07-11 16:45:00,-0.44908099999975093,-1.0138839999999618,-0.7314824999998564,-0.7960979999998017,-0.29066499999998996,-0.5433814999998958,-1.3644009999998161,-0.14547799999991184,-0.754939499999864
2023-07-11 17:00:00,-0.44733199999973294,-1.0114269999999124,-0.7293794999998227,-0.8007659999998396,-0.29635000000007494,-0.5485579999999572,-1.3673100000000886,-0.15055400000028385,-0.7589320000001862
2023-07-11 17:15:00,-0.4461599999999635,-1.0102560000000267,-0.7282079999999951,-0.8025149999998575,-0.29809900000009293,-0.5503069999999752,-1.366150999999718,-0.14939400000002934,-0.7577724999998736
2023-07-11 17:45:00,-0.44623300000012023,-1.0083859999999731,-0.7273095000000467,-0.7988179999997556,-0.2956650000000991,-0.5472414999999273,-1.3607229999997799,-0.1473670000000311,-0.7540449999999055
2023-07-11 19:30:00,-0.44972999999981766,-1.0097799999998642,-0.729754999999841,-0.795317999999952,-0.2923590000000331,-0.5438384999999926,-1.3560529999999744,-0.1444219999998495,-0.750237499999912
2023-07-11 19:45:00,-0.4448010000000977,-1.0055750000001353,-0.7251880000001165,-0.794470000000274,-0.29221700000016426,-0.5433435000002191,-1.3563569999996616,-0.1454199999998309,-0.7508884999997463
2023-07-11 20:30:00,-0.44869100000005346,-1.0044029999999111,-0.7265469999999823,-0.7969119999997929,-0.292203999999856,-0.5445579999998245,-1.3553229999997711,-0.14366900000004534,-0.7494959999999082
2023-07-11 20:45:00,-0.44654999999966094,-1.0060469999998531,-0.726298499999757,-0.7956289999997352,-0.2909460000000763,-0.5432874999999058,-1.355775999999878,-0.1416399999998248,-0.7487079999998514
2023-07-11 21:45:00,-0.4483719999998357,-1.0019449999999779,-0.7251584999999068,-0.7948510000001079,-0.29147100000000137,-0.5431610000000546,-1.35325899999998,-0.14524400000027526,-0.7492515000001276
2023-07-11 22:30:00,-0.4511509999997543,-0.9991230000000542,-0.7251369999999042,-0.7955999999999221,-0.2897630000002209,-0.5426815000000715,-1.3563420000000406,-0.1479669999998805,-0.7521544999999605
2023-07-11 23:15:00,-0.4511489999999867,-1.0056819999999789,-0.7284154999999828,-0.7955990000000384,-0.29171899999983,-0.5436589999999342,-1.3545930000000226,-0.14510500000005777,-0.7498490000000402
2023-07-11 23:45:00,-0.4532890000000407,-1.0049739999999474,-0.729131499999994,-0.7933829999997215,-0.2909859999999753,-0.5421844999998484,-1.3523890000001302,-0.1472710000002735,-0.7498300000002018
2023-07-12 00:15:00,-0.4490099999998165,-1.0007669999999962,-0.7248884999999063,-0.7978149999999005,-0.29200300000002244,-0.5449089999999615,-1.357966000000033,-0.1471080000001166,-0.7525370000000748
2023-07-12 00:30:00,-0.44933999999966545,-1.0020639999997911,-0.7257019999997283,-0.7957830000000286,-0.28748600000017177,-0.5416345000001002,-1.3594170000001213,-0.14377200000035373,-0.7515945000002375
2023-07-12 01:30:00,-0.4475899999997637,-0.9991329999998015,-0.7233614999997826,-0.8010309999999663,-0.29442999999992026,-0.5477304999999433,-1.3611660000001393,-0.14913500000011481,-0.7551505000001271
2023-07-12 02:00:00,-0.4438300000001618,-0.9956339999998818,-0.7197320000000218,-0.7943449999997938,-0.28626200000007884,-0.5403034999999363,-1.3608989999997902,-0.14622499999995853,-0.7535619999998744
2023-07-12 02:15:00,-0.4473290000000816,-0.9984239999998863,-0.7228764999999839,-0.7990140000001702,-0.2919480000000476,-0.5454810000001089,-1.3609000000001288,-0.14839200000005803,-0.7546460000000934
2023-07-12 02:30:00,-0.4451899999999114,-0.998305000000073,-0.7217474999999922,-0.8029799999999341,-0.2941839999998592,-0.5485819999998967,-1.3666020000000572,-0.14986499999986336,-0.7582334999999603
2023-07-12 03:45:00,-0.4458389999999781,-0.9959659999999531,-0.7209024999999656,-0.797530999999708,-0.2929639999997562,-0.5452474999997321,-1.360005000000001,-0.15230799999972078,-0.7561564999998609
2023-07-12 06:15:00,-0.4479809999997997,-0.9905859999998938,-0.7192834999998468,-0.7970649999997477,-0.28930999999965934,-0.5431874999997035,-1.3572100000001228,-0.14921499999991283,-0.7532125000000178
2023-07-12 06:30:00,-0.44699999999966167,-0.9876439999998183,-0.71732199999974,-0.797530999999708,-0.28808699999990495,-0.5428089999998065,-1.3605830000001333,-0.1510800000000927,-0.755831500000113
2023-07-12 07:15:00,-0.4471889999999803,-0.9909330000000409,-0.7190610000000106,-0.7997620000001007,-0.2884880000001431,-0.5441250000001219,-1.3663120000001072,-0.15169299999979557,-0.7590024999999514
2023-07-12 07:30:00,-0.4489379999999983,-0.9951399999999921,-0.7220389999999952,-0.7997610000002169,-0.28922000000011394,-0.5444905000001654,-1.3645619999997507,-0.14952499999981228,-0.7570434999997815
2023-07-12 08:15:00,-0.44796599999972386,-0.9943209999996725,-0.7211434999996982,-0.800228000000061,-0.2878139999997984,-0.5440209999999297,-1.3685159999999996,-0.15025599999989936,-0.7593859999999495
2023-07-12 08:30:00,-0.4503679999997985,-0.9926779999996143,-0.7215229999997064,-0.7965300000000752,-0.2855739999999969,-0.5410520000000361,-1.3636679999999615,-0.1505339999998796,-0.7571009999999205
2023-07-12 08:45:00,-0.4478369999997085,-0.9944279999999708,-0.7211324999998396,-0.8009619999997994,-0.28907399999980044,-0.5450179999997999,-1.3680759999997463,-0.1505339999998796,-0.7593049999998129
2023-07-12 09:00:00,-0.44433900000012727,-0.9925720000001093,-0.7184555000001183,-0.803871000000072,-0.29247299999997267,-0.5481720000000223,-1.3692360000000008,-0.1514180000003762,-0.7603270000001885
2023-07-12 09:30:00,-0.44783900000038557,-0.995846000000256,-0.7218425000003208,-0.8038719999999557,-0.2899499999998625,-0.5469109999999091,-1.3709850000000188,-0.1491110000001754,-0.7600480000000971
2023-07-12 10:00:00,-0.4446689999999762,-0.9957389999999577,-0.720203999999967,-0.7995220000002519,-0.2857819999999265,-0.5426520000000892,-1.370698000000175,-0.1470830000002934,-0.7588905000002342
2023-07-12 10:15:00,-0.4468079999996917,-0.9992389999997613,-0.7230234999997265,-0.797305999999935,-0.287532000000283,-0.542419000000109,-1.3655840000001263,-0.14767299999994066,-0.7566285000000335
2023-07-12 10:30:00,-0.4482279999997445,-1.001698000000033,-0.7249629999998888,-0.8016549999997551,-0.2929229999999734,-0.5472889999998642,-1.3641229999998359,-0.14725599999974293,-0.7556894999997894
2023-07-12 10:45:00,-0.44816899999977977,-1.000988999999663,-0.7245789999997214,-0.8059299999999894,-0.2939400000000205,-0.549935000000005,-1.3706959999999526,-0.14883300000019517,-0.7597645000000739
2023-07-12 11:00:00,-0.445060999999896,-0.9981999999999971,-0.7216304999999466,-0.7990560000002915,-0.28826500000013766,-0.5436605000002146,-1.3684930000003988,-0.14841599999999744,-0.7584545000001981
2023-07-12 11:30:00,-0.44822900000008303,-1.0015779999998813,-0.7249034999999822,-0.8016560000000936,-0.29165999999986525,-0.5466579999999794,-1.3641239999997197,-0.14523099999996703,-0.7546774999998433
2023-07-12 11:45:00,-0.4440759999997681,-0.9991190000000643,-0.7215974999999162,-0.7989440000001196,-0.28801700000030905,-0.5434805000002143,-1.3677999999999884,-0.1462269999997261,-0.7570134999998572
2023-07-12 12:00:00,-0.4450489999999263,-0.99795099999983,-0.7214999999998781,-0.8002289999999448,-0.2897680000000946,-0.5449985000000197,-1.3667669999999816,-0.14739800000006653,-0.7570825000000241
2023-07-12 12:15:00,-0.4479660000001786,-1.0020429999999578,-0.7250045000000682,-0.800228000000061,-0.2909310000000005,-0.5455795000000307,-1.3655979999998635,-0.1473849999997583,-0.7564914999998109
2023-07-12 12:45:00,-0.44251600000006874,-1.0015819999998712,-0.72204899999997,-0.8029099999998834,-0.2916650000001937,-0.5472875000000386,-1.3717529999998987,-0.1469680000000153,-0.759360499999957
2023-07-12 13:00:00,-0.44439699999975346,-1.0052099999998063,-0.7248034999997799,-0.8021630000002915,-0.29181700000026467,-0.5469900000002781,-1.3704210000000785,-0.1459700000000339,-0.7581955000000562
2023-07-12 13:15:00,-0.4436279999999897,-1.0015920000000733,-0.7226100000000315,-0.8005269999998745,-0.2916650000001937,-0.5460960000000341,-1.367048000000068,-0.14696900000035384,-0.7570085000002109
2023-07-12 13:30:00,-0.4453770000000077,-1.0049709999998413,-0.7251739999999245,-0.8005269999998745,-0.2921510000001035,-0.546338999999989,-1.3670470000001842,-0.1466920000002574,-0.7568695000002208
2023-07-12 13:45:00,-0.4447979999999916,-1.0052069999997002,-0.7250024999998459,-0.8051959999997962,-0.2970629999999801,-0.5511294999998881,-1.3653079999999136,-0.1448139999997693,-0.7550609999998414
2023-07-12 14:30:00,-0.4451890000000276,-1.008495000000039,-0.7268420000000333,-0.7983110000000124,-0.29337500000019645,-0.5458430000001044,-1.361934999999903,-0.1448369999998249,-0.753385999999864
2023-07-12 15:00:00,-0.4457689999999275,-1.0070909999999458,-0.7264299999999366,-0.7983119999998962,-0.2919619999997849,-0.5451369999998406,-1.3619359999997869,-0.14380499999970198,-0.7528704999997444
2023-07-12 15:30:00,-0.4444090000001779,-1.0055739999997968,-0.7249914999999874,-0.7978439999997136,-0.2933739999998579,-0.5456089999997857,-1.3568099999997685,-0.14191600000003746,-0.749362999999903
2023-07-12 15:45:00,-0.4423990000000231,-1.009665000000041,-0.726032000000032,-0.7964150000002519,-0.2934340000001612,-0.5449245000002065,-1.3577040000000125,-0.1412239999999656,-0.749463999999989
2023-07-12 16:15:00,-0.4441510000001472,-1.006970999999794,-0.7255609999999706,-0.8022329999998874,-0.29711600000018734,-0.5496745000000374,-1.361192000000301,-0.14411800000016228,-0.7526550000002317
2023-07-12 16:30:00,-0.4465509999999995,-1.0114189999999326,-0.728984999999966,-0.7956400000002759,-0.2945990000002894,-0.5451195000002826,-1.3546180000003005,-0.1429720000000998,-0.7487950000002002
2023-07-12 16:45:00,-0.44240099999979066,-1.0096690000000308,-0.7260349999999107,-0.7958250000001499,-0.29284899999993286,-0.5443370000000414,-1.3594429999998283,-0.1429720000000998,-0.7512074999999641
2023-07-12 17:00:00,-0.4441500000002634,-1.0106030000001738,-0.7273765000002186,-0.7993219999998473,-0.2961040000000139,-0.5477129999999306,-1.3582699999997203,-0.14193900000009307,-0.7501044999999067
2023-07-12 17:15:00,-0.44804100000010294,-1.0123530000000756,-0.7301970000000892,-0.7976869999997689,-0.2949349999998958,-0.5463109999998323,-1.3595660000000862,-0.14543800000001283,-0.7525020000000495
2023-07-12 17:30:00,-0.4460309999999481,-1.012941999999839,-0.7294864999998936,-0.7991710000001149,-0.29440500000009706,-0.546788000000106,-1.3604629999999815,-0.14124700000002122,-0.7508550000000014
2023-07-12 18:00:00,-0.4460319999998319,-1.0122329999999238,-0.7291324999998778,-0.8009189999997943,-0.29717100000016217,-0.5490449999999782,-1.3604620000000978,-0.14341399999966598,-0.7519379999998819
2023-07-12 18:15:00,-0.4460300000000643,-1.0139820000003965,-0.7300060000002304,-0.795669000000089,-0.29367199999978766,-0.5446704999999383,-1.3575399999999718,-0.1422429999997803,-0.749891499999876
2023-07-12 18:30:00,-0.44778000000042084,-1.0123530000000756,-0.7300665000002482,-0.7956719999997404,-0.29143699999985984,-0.5435544999998001,-1.3604620000000978,-0.14368899999999485,-0.7520755000000463
2023-07-12 19:45:00,-0.44493000000011307,-1.0094210000002022,-0.7271755000001576,-0.7997879999998077,-0.29488099999980477,-0.5473344999998062,-1.3651420000001053,-0.14730199999985416,-0.7562219999999797
2023-07-12 20:15:00,-0.4455790000001798,-1.0069620000003852,-0.7262705000002825,-0.7943549999999959,-0.29239800000004834,-0.5433765000000221,-1.3568199999999706,-0.1459700000000339,-0.7513950000000023
2023-07-12 20:30:00,-0.4451880000001438,-1.0118790000001354,-0.7285335000001396,-0.7965699999999742,-0.2938640000002124,-0.5452170000000933,-1.360772999999881,-0.1451360000000932,-0.7529544999999871
2023-07-12 21:00:00,-0.4458959999997205,-1.0102339999998549,-0.7280649999997877,-0.7929170000002159,-0.28987400000005437,-0.5413955000001351,-1.3612029999999322,-0.1465739999998732,-0.7538884999999027
2023-07-12 21:15:00,-0.44550699999990684,-1.0102350000001934,-0.7278710000000501,-0.8032899999998335,-0.2980330000000322,-0.5506614999999329,-1.3634059999999408,-0.1448249999998552,-0.754115499999898
2023-07-12 21:30:00,-0.44589799999994284,-1.0061470000000554,-0.7260224999999991,-0.7993249999999534,-0.2950639999999112,-0.5471944999999323,-1.3623720000000503,-0.14843699999983073,-0.7554044999999405
2023-07-12 21:45:00,-0.4459670000001097,-1.0043919999998252,-0.7251794999999674,-0.7938770000000659,-0.292149999999765,-0.5430134999999154,-1.3557739999996556,-0.14727899999979854,-0.7515264999997271
2023-07-12 22:00:00,-0.4438279999999395,-1.008969999999863,-0.7263989999999012,-0.7925940000000082,-0.2909450000001925,-0.5417695000001004,-1.3579780000000028,-0.14513499999975465,-0.7515564999998787
2023-07-12 22:15:00,-0.4434369999999035,-1.0084940000001552,-0.7259655000000294,-0.7965589999998883,-0.2933729999999741,-0.5449659999999312,-1.3613510000000133,-0.1460039999997207,-0.753677499999867
2023-07-12 22:45:00,-0.44699800000034884,-1.008248999999978,-0.7276235000001634,-0.7911119999998846,-0.28904099999999744,-0.540076499999941,-1.3565049999997427,-0.14555099999961385,-0.7510279999996783
2023-07-12 23:00:00,-0.4464159999997719,-1.0071949999996832,-0.7268054999997275,-0.7946240000001126,-0.29322000000001935,-0.543922000000066,-1.3565170000001672,-0.14699100000007093,-0.751754000000119
2023-07-13 01:15:00,-0.44408800000019255,-1.0032219999998233,-0.7236550000000079,-0.7928609999999026,-0.2909789999998793,-0.5419199999998909,-1.354754999999841,-0.14552800000001298,-0.750141499999927
2023-07-13 01:30:00,-0.44369800000004034,-1.0025139999997918,-0.7231059999999161,-0.7915779999998449,-0.28849700000000666,-0.5400374999999258,-1.3587079999997513,-0.1476950000001125,-0.7532014999999319
2023-07-13 02:15:00,-0.4475879999999961,-1.0018049999998766,-0.7246964999999363,-0.7992789999998422,-0.2959299999997711,-0.5476044999998066,-1.3582539999997607,-0.14985999999998967,-0.7540569999998752
2023-07-13 02:30:00,-0.44369800000004034,-0.997595999999703,-0.7206469999998717,-0.7950749999999971,-0.2905279999999948,-0.5428014999999959,-1.3622040000000197,-0.15202599999975064,-0.7571149999998852
2023-07-13 02:45:00,-0.4479790000000321,-1.0016989999999169,-0.7248389999999745,-0.7941430000000764,-0.2917520000000877,-0.5429475000000821,-1.356047999999646,-0.14958200000000943,-0.7528149999998277
2023-07-13 03:00:00,-0.44771700000001147,-1.0000530000002072,-0.7238850000001094,-0.7938749999998436,-0.28951099999994767,-0.5416929999998956,-1.3586900000000242,-0.14985900000010588,-0.754274500000065
2023-07-13 03:15:00,-0.4512179999996988,-1.0013309999999365,-0.7262744999998176,-0.7991259999998874,-0.2936909999998534,-0.5464084999998704,-1.3586919999997917,-0.1495589999999538,-0.7541254999998728
2023-07-13 03:30:00,-0.44946600000002945,-0.9995789999998124,-0.7245224999999209,-0.7991250000000036,-0.2936899999999696,-0.5464074999999866,-1.3575230000001284,-0.14838899999995192,-0.7529560000000401
2023-07-13 05:00:00,-0.4462290000001303,-0.9978329999999005,-0.7220310000000154,-0.792395999999826,-0.2901919999999336,-0.5412939999998798,-1.3560499999998683,-0.1513089999998556,-0.753679499999862
2023-07-13 05:45:00,-0.4440879999997378,-0.997595999999703,-0.7208419999997204,-0.7957779999997001,-0.2934460000001309,-0.5446119999999155,-1.354750999999851,-0.1485259999999471,-0.7516384999998991
2023-07-13 07:15:00,-0.4466080000001966,-0.9995859999999084,-0.7230970000000525,-0.8014949999997043,-0.29544399999986126,-0.5484694999997828,-1.3616170000000238,-0.14954500000021653,-0.7555810000001202
2023-07-13 07:30:00,-0.4455670000002101,-0.9976000000001477,-0.7215835000001789,-0.7978409999996074,-0.2922810000000027,-0.5450609999998051,-1.3608840000001692,-0.15026299999999537,-0.7555735000000823
2023-07-13 08:00:00,-0.4434260000002723,-0.9934980000002724,-0.7184620000002724,-0.8000560000000405,-0.2928069999998115,-0.546431499999926,-1.3630889999999454,-0.15095900000005713,-0.7570240000000013
2023-07-13 08:15:00,-0.4471849999999904,-0.994539000000259,-0.7208620000001247,-0.7997580000001108,-0.29324300000007497,-0.5465005000000929,-1.3616400000000795,-0.15254500000037297,-0.7570925000002262
2023-07-13 08:30:00,-0.4454359999999724,-0.9954829999996946,-0.7204594999998335,-0.7985889999999927,-0.29247099999975035,-0.5455299999998715,-1.3616409999999632,-0.15141200000016397,-0.7565265000000636
2023-07-13 08:45:00,-0.4462149999999383,-0.9954830000001493,-0.7208490000000438,-0.7924060000000281,-0.2907209999998486,-0.5415634999999384,-1.3537320000000364,-0.15141100000028018,-0.7525715000001583
2023-07-13 09:15:00,-0.4451779999999417,-0.9995869999997922,-0.7223824999998669,-0.8012280000002647,-0.2948650000002999,-0.5480465000002823,-1.3642609999997148,-0.1507160000001022,-0.7574884999999085
2023-07-13 09:30:00,-0.44478799999978946,-0.9961920000000646,-0.720489999999927,-0.8069430000000466,-0.29612300000007963,-0.5515330000000631,-1.36821400000008,-0.14924500000006446,-0.7587295000000722
2023-07-13 09:45:00,-0.4430379999998877,-1.0002959999997074,-0.7216669999997976,-0.8034440000001268,-0.29559800000015457,-0.5495210000001407,-1.3670439999996233,-0.1491289999999026,-0.758086499999763
2023-07-13 10:15:00,-0.44076300000006086,-0.999123999999938,-0.7199434999999994,-0.8011569999998756,-0.2909270000000106,-0.5460419999999431,-1.3700000000003456,-0.14737700000023324,-0.7586885000002894
2023-07-13 10:30:00,-0.4429059999997662,-1.0049779999999373,-0.7239419999998518,-0.7960230000003321,-0.28923299999996743,-0.5426280000001498,-1.3666269999998804,-0.14726299999983894,-0.7569449999998596
2023-07-13 10:45:00,-0.4426450000000841,-1.0045030000001134,-0.7235740000000987,-0.8021599999997306,-0.29458100000010745,-0.548370499999919,-1.3704179999999724,-0.1498810000002777,-0.760149500000125
2023-07-13 11:00:00,-0.4426469999998517,-1.002520000000004,-0.7225834999999279,-0.8056590000001052,-0.2966679999999542,-0.5511635000000297,-1.3704170000000886,-0.14885000000003856,-0.7596335000000636
2023-07-13 11:15:00,-0.4446539999999004,-1.0067269999999553,-0.7256904999999279,-0.7960229999998774,-0.28923299999996743,-0.5426279999999224,-1.369546999999784,-0.15018199999985882,-0.7598644999998214
2023-07-13 11:30:00,-0.4418759999998656,-1.004052999999658,-0.7229644999997618,-0.8005239999997684,-0.2941439999999602,-0.5473339999998643,-1.367044000000078,-0.14829400000007809,-0.7576690000000781
2023-07-13 11:45:00,-0.4414879999999357,-1.002516999999898,-0.7220024999999168,-0.8027419999998529,-0.2949140000000625,-0.5488279999999577,-1.366341999999804,-0.14594399999987218,-0.7561429999998381
2023-07-13 12:00:00,-0.4410949999996774,-1.0042650000000322,-0.7226799999998548,-0.8049549999996088,-0.29666299999962575,-0.5508089999996173,-1.3714520000003176,-0.1488520000002609,-0.7601520000002893
2023-07-13 12:15:00,-0.4418780000000879,-1.0073269999998047,-0.7246024999999463,-0.7987750000002052,-0.29337200000009034,-0.5460735000001478,-1.3641349999998056,-0.14483100000006743,-0.7544829999999365
2023-07-13 12:45:00,-0.43882499999972424,-1.0084980000001451,-0.7236614999999347,-0.8050020000000586,-0.2951229999998759,-0.5500624999999673,-1.3744119999996656,-0.14483199999995122,-0.7596219999998084
2023-07-13 13:15:00,-0.4412250000000313,-1.0117749999999432,-0.7264999999999873,-0.7989739999998164,-0.2920129999997698,-0.5454934999997931,-1.370734000000084,-0.1454319999998006,-0.7580829999999423
2023-07-13 13:30:00,-0.4408349999998791,-1.0109459999998762,-0.7258904999998776,-0.8029400000000351,-0.2935160000001815,-0.5482280000001083,-1.3746879999998782,-0.14557299999978568,-0.760130499999832
2023-07-13 13:45:00,-0.44336399999974674,-1.0126949999998942,-0.7280294999998205,-0.8002550000001065,-0.29526399999986097,-0.5477594999999837,-1.3656080000000657,-0.1444019999999,-0.7550049999999828
2023-07-13 14:15:00,-0.4433650000000853,-1.011880999999903,-0.7276229999999941,-0.8020069999997759,-0.29677200000014636,-0.5493894999999611,-1.3673619999999573,-0.14629100000001927,-0.7568264999999883
2023-07-13 14:30:00,-0.44135700000015277,-1.012351999999737,-0.7268544999999449,-0.8023160000002463,-0.29668800000035844,-0.5495020000003024,-1.369981999999709,-0.14660499999990861,-0.7582934999998088
2023-07-13 14:45:00,-0.43960699999979624,-1.0106009999999515,-0.7251039999998738,-0.798815999999988,-0.29318899999998393,-0.546002499999986,-1.367069999999785,-0.14369499999975233,-0.7553824999997687
2023-07-13 15:15:00,-0.43979699999999866,-1.0107120000002396,-0.7252545000001192,-0.8074409999999261,-0.3002709999996114,-0.5538559999997688,-1.3710259999998016,-0.1451320000001033,-0.7580789999999524
2023-07-13 15:30:00,-0.4394779999997809,-1.0130639999997584,-0.7262709999997696,-0.8024709999999686,-0.296835000000101,-0.5496530000000348,-1.3695520000001125,-0.14443600000004153,-0.756994000000077
2023-07-13 15:45:00,-0.439607000000251,-1.0098970000003646,-0.7247520000003078,-0.8017359999998916,-0.2971189999998387,-0.5494274999998652,-1.3670720000000074,-0.14584899999999834,-0.7564605000000029
2023-07-13 16:00:00,-0.43960699999979624,-1.0106059999998251,-0.7251064999998107,-0.8023159999997915,-0.2966820000001462,-0.5494989999999689,-1.3670729999998912,-0.1436839999996664,-0.7553784999997788
2023-07-13 16:30:00,-0.441747999999734,-1.0106059999998251,-0.7261769999997796,-0.7936829999998736,-0.28851399999985006,-0.5410984999998618,-1.3636999999998807,-0.14251199999989694,-0.7531059999998888
2023-07-13 16:45:00,-0.4381869999997434,-1.010602999999719,-0.7243949999997312,-0.8002999999998792,-0.2943489999997837,-0.5473244999998315,-1.3702959999995983,-0.14543499999990672,-0.7578654999997525
2023-07-13 17:00:00,-0.43954600000006394,-1.0157450000001518,-0.7276455000001079,-0.8025149999998575,-0.29658900000003996,-0.5495519999999487,-1.3742480000000796,-0.14690599999994447,-0.760577000000012
2023-07-13 17:15:00,-0.4399359999997614,-1.016454000000067,-0.7281949999999142,-0.7991299999998773,-0.29440299999987474,-0.546766499999876,-1.3673859999998967,-0.14182900000014342,-0.7546075000000201
2023-07-13 17:45:00,-0.4396769999998469,-1.0110629999999219,-0.7253699999998844,-0.802346999999827,-0.29536499999994703,-0.548855999999887,-1.3700069999999869,-0.14411100000006627,-0.7570590000000266
2023-07-13 18:00:00,-0.4400660000001153,-1.0127059999999801,-0.7263860000000477,-0.7954720000002453,-0.29119600000012724,-0.5433340000001863,-1.3695499999998901,-0.147331000000122,-0.7584405000000061
2023-07-13 18:30:00,-0.4393439999998918,-1.0127059999999801,-0.726024999999936,-0.8037859999999455,-0.29935299999988274,-0.5515694999999141,-1.368543999999929,-0.14558200000010402,-0.7570630000000165
2023-07-13 18:45:00,-0.43992600000001403,-1.0139960000001338,-0.7269610000000739,-0.8055370000001858,-0.30008600000019214,-0.552811500000189,-1.3691260000000511,-0.14399599999978818,-0.7565609999999197
2023-07-13 20:45:00,-0.4395439999998416,-1.00989299999992,-0.7247184999998808,-0.8060120000000097,-0.29711300000008123,-0.5515625000000455,-1.374246999999741,-0.14584999999988213,-0.7600484999998116
2023-07-13 21:00:00,-0.43740500000012617,-1.0098939999998038,-0.723649499999965,-0.8047310000001744,-0.29536400000006324,-0.5500475000001188,-1.3782029999997576,-0.14759899999990012,-0.7629009999998289
2023-07-13 21:15:00,-0.43895400000019436,-1.0110530000001745,-0.7250035000001844,-0.8071810000001278,-0.3000310000002173,-0.5536060000001726,-1.3754159999998592,-0.14876800000001822,-0.7620919999999387
2023-07-13 21:45:00,-0.443105999999716,-1.009186999999656,-0.7261464999996861,-0.800565000000006,-0.29346399999985806,-0.547014499999932,-1.369988999999805,-0.14743300000009185,-0.7587109999999484
2023-07-13 22:00:00,-0.44038599999976213,-1.0045059999997648,-0.7224459999997634,-0.805699999999888,-0.29690900000014153,-0.5513045000000147,-1.3721929999996973,-0.14812899999969886,-0.7601609999996981
2023-07-13 22:15:00,-0.44310700000005454,-1.0075450000003912,-0.7253260000002228,-0.8069839999998294,-0.29939299999978175,-0.5531884999998056,-1.3717389999997067,-0.14946099999997386,-0.7605999999998403
2023-07-13 22:30:00,-0.44122699999979886,-1.0057940000001508,-0.7235104999999749,-0.7995500000001812,-0.29122400000005655,-0.5453870000001189,-1.3724589999997079,-0.14887099999987186,-0.7606649999997899
2023-07-13 23:15:00,-0.43856400000004214,-1.0023879999998826,-0.7204759999999624,-0.80647799999997,-0.2953489999999874,-0.5509134999999787,-1.3805300000003626,-0.15276500000027227,-0.7666475000003175
2023-07-13 23:30:00,-0.4413550000003852,-1.003570000000309,-0.7224625000003471,-0.8052339999999276,-0.2965719999997418,-0.5509029999998347,-1.3717400000000453,-0.149159999999938,-0.7604499999999916
2023-07-13 23:45:00,-0.440965000000233,-1.0012180000003355,-0.7210915000002842,-0.8010319999998501,-0.2906800000000658,-0.5458559999999579,-1.3756929999999556,-0.15160500000001775,-0.7636489999999867
2023-07-14 00:00:00,-0.44057500000008076,-1.000510000000304,-0.7205425000001924,-0.8032480000001669,-0.2916970000001129,-0.5474725000001399,-1.377896999999848,-0.15202199999976074,-0.7649594999998044
2023-07-14 00:45:00,-0.4392150000003312,-1.0033360000002176,-0.7212755000002744,-0.8039499999999862,-0.2951579999999012,-0.5495539999999437,-1.3739429999995991,-0.14987699999983306,-0.7619099999997161
2023-07-14 01:30:00,-0.43843399999968824,-1.001690999999937,-0.7200624999998126,-0.8101309999997284,-0.29641700000001947,-0.5532739999998739,-1.3818489999998746,-0.1501539999999295,-0.7660014999999021
2023-07-14 02:15:00,-0.44038399999999456,-1.000402999999551,-0.7203934999997728,-0.8074480000000221,-0.29743399999961184,-0.552440999999817,-1.3739399999999478,-0.1505709999996725,-0.7622554999998101
2023-07-14 03:15:00,-0.4381740000003447,-1.0009840000002441,-0.7195790000002944,-0.8098629999999503,-0.2956850000000486,-0.5527739999999994,-1.3844930000000204,-0.1523219999999128,-0.7684074999999666
2023-07-14 04:15:00,-0.44070400000009613,-0.9967760000004091,-0.7187400000002526,-0.8060129999998935,-0.29203199999983553,-0.5490224999998645,-1.3800849999997808,-0.152737999999772,-0.7664114999997764
2023-07-14 04:45:00,-0.440965000000233,-0.9926870000003873,-0.7168260000003102,-0.805699999999888,-0.29198200000018915,-0.5488410000000385,-1.3756920000000719,-0.15168099999982587,-0.7636864999999489
2023-07-14 05:15:00,-0.4370740000003934,-0.9953800000002957,-0.7162270000003446,-0.8032450000000608,-0.29120700000021316,-0.547226000000137,-1.3778949999996257,-0.1522949999998673,-0.7650949999997465
2023-07-14 05:45:00,-0.4403850000003331,-0.9958410000003823,-0.7181130000003577,-0.8056990000000042,-0.29514500000004773,-0.550422000000026,-1.3751000000002023,-0.15387300000020332,-0.7644865000002028
2023-07-14 07:00:00,-0.4396040000001449,-0.9929220000003625,-0.7162630000002537,-0.8005629999997836,-0.29047399999990375,-0.5455184999998437,-1.3711480000001757,-0.15212100000007922,-0.7616345000001274
2023-07-14 07:15:00,-0.438825000000179,-0.995379999999841,-0.71710250000001,-0.8067460000002029,-0.29295700000011493,-0.5498515000001589,-1.379055999999764,-0.15170499999976528,-0.7653804999997647
2023-07-14 07:30:00,-0.4366829999999027,-0.9904630000000907,-0.7135729999999967,-0.8072120000001632,-0.2914909999999509,-0.5493515000000571,-1.3812600000001112,-0.1525379999998222,-0.7668989999999667
2023-07-14 07:45:00,-0.43882399999984045,-0.9946719999998095,-0.716747999999825,-0.8079060000000027,-0.2951339999999618,-0.5515199999999822,-1.3790570000001026,-0.153870999999981,-0.7664640000000418
2023-07-14 08:00:00,-0.43804199999976845,-0.9954849999999169,-0.7167634999998427,-0.8070889999999054,-0.2901280000000952,-0.5486085000000003,-1.3863830000000235,-0.1531529999997474,-0.7697679999998854
2023-07-14 08:15:00,-0.44135199999982433,-0.9964169999998376,-0.718884499999831,-0.8101219999998648,-0.2939699999997174,-0.5520459999997911,-1.3859290000000328,-0.15563299999985247,-0.7707809999999427
2023-07-14 08:30:00,-0.44135400000004665,-0.997124999999869,-0.7192394999999578,-0.8130409999998847,-0.2958720000001449,-0.5544565000000148,-1.3859290000000328,-0.15346599999975297,-0.7696974999998929
2023-07-14 09:45:00,-0.43921199999977034,-0.9995850000000246,-0.7193984999998975,-0.8088389999998071,-0.2919369999999617,-0.5503879999998844,-1.3863830000000235,-0.1512990000001082,-0.7688410000000658
2023-07-14 10:00:00,-0.43778199999997014,-1.0019379999998819,-0.719859999999926,-0.8109019999997145,-0.29316100000005463,-0.5520314999998845,-1.3878599999998187,-0.14885499999991225,-0.7683574999998655
2023-07-14 10:30:00,-0.43564199999991615,-1.0012299999998504,-0.7184359999998833,-0.8096169999998892,-0.2924280000002,-0.5510225000000446,-1.3871439999998074,-0.1481020000001081,-0.7676229999999578
2023-07-14 10:45:00,-0.4395319999998719,-1.0029799999997522,-0.721255999999812,-0.8091530000001512,-0.29242900000008376,-0.5507910000001175,-1.3878609999997025,-0.15102200000001176,-0.7694414999998571
2023-07-14 11:00:00,-0.43725999999969645,-1.003085999999712,-0.7201729999997042,-0.8115339999999378,-0.29485699999986537,-0.5531954999999016,-1.391395999999986,-0.15304999999989377,-0.7722229999999399
2023-07-14 11:15:00,-0.4358999999999469,-1.0041620000001785,-0.7200310000000627,-0.8093189999999595,-0.29365099999995437,-0.5514849999999569,-1.3839439999997012,-0.14565799999991214,-0.7648009999998067
2023-07-14 11:30:00,-0.4355080000000271,-1.0083690000001297,-0.7219385000000784,-0.8086149999999179,-0.29321399999980713,-0.5509144999998625,-1.3878979999999501,-0.1469889999998486,-0.7674434999998994
2023-07-14 11:45:00,-0.4370009999997819,-1.0095409999998992,-0.7232709999998406,-0.8165020000001277,-0.2990540000000692,-0.5577780000000985,-1.3893480000001546,-0.14524100000016915,-0.7672945000001619
2023-07-14 12:00:00,-0.43564299999979994,-1.0082659999998214,-0.7219544999998107,-0.811366999999791,-0.2954549999999472,-0.5534109999998691,-1.3871449999996912,-0.1455430000000888,-0.76634399999989
2023-07-14 12:15:00,-0.4370730000000549,-1.0127079999997477,-0.7248904999999013,-0.8122250000001259,-0.2987710000002153,-0.5554980000001706,-1.385671000000002,-0.1461570000001302,-0.7659140000000662
2023-07-14 12:30:00,-0.43940299999985655,-1.012459999999919,-0.7259314999998878,-0.8110560000000078,-0.29560399999991205,-0.5533299999999599,-1.3874209999999039,-0.14629599999989296,-0.7668584999998984
2023-07-14 13:00:00,-0.4373919999998179,-1.0119899999999689,-0.7246909999998934,-0.8142869999996947,-0.2997780000000603,-0.5570324999998775,-1.3871449999996912,-0.14656299999978728,-0.7668539999997392
2023-07-14 13:15:00,-0.43778299999985393,-1.0143429999998261,-0.72606299999984,-0.8103230000001531,-0.2975019999998949,-0.553912500000024,-1.3849419999996826,-0.14586800000006406,-0.7654049999998733
2023-07-14 13:30:00,-0.43564199999991615,-1.011884999999893,-0.7237634999999045,-0.8113800000000992,-0.29735900000014226,-0.5543695000001208,-1.3871469999999135,-0.14628499999980704,-0.7667159999998603
2023-07-14 13:45:00,-0.43778299999985393,-1.0149449999998978,-0.7263639999998759,-0.8109140000001389,-0.29581499999994776,-0.5533645000000433,-1.385534000000007,-0.14226200000030076,-0.7638980000001538
2023-07-14 14:00:00,-0.4344730000002528,-1.0123590000002878,-0.7234160000002703,-0.8078780000000734,-0.29434900000023845,-0.5511135000001559,-1.3859849999998914,-0.1448449999998047,-0.7654149999998481
2023-07-14 14:15:00,-0.43285299999979543,-1.0088590000000295,-0.7208559999999125,-0.8141430000000582,-0.29959800000006,-0.5568705000000591,-1.383506000000125,-0.14192700000012337,-0.7627165000001241
2023-07-14 14:30:00,-0.4324620000002142,-1.0106089999999313,-0.7215355000000727,-0.8081930000003013,-0.29318100000000413,-0.5506870000001527,-1.3874610000002576,-0.14367700000002515,-0.7655690000001414
2023-07-14 14:45:00,-0.43245999999999185,-1.0108430000000226,-0.7216515000000072,-0.8128590000001168,-0.29751100000021324,-0.555185000000165,-1.3874590000000353,-0.14295700000002398,-0.7652080000000296
2023-07-14 15:00:00,-0.4324619999997594,-1.010135999999875,-0.7212989999998172,-0.8064429999999447,-0.2921110000002045,-0.5492770000000746,-1.3874609999998029,-0.14512599999989106,-0.766293499999847
2023-07-14 15:30:00,-0.42929300000014337,-1.010131999999885,-0.7197125000000142,-0.8079099999999926,-0.29502499999989595,-0.5514674999999443,-1.3889099999996688,-0.14687599999979284,-0.7678929999997308
2023-07-14 15:45:00,-0.43325499999991735,-1.0100259999999253,-0.7216404999999213,-0.8054959999999483,-0.29434600000013234,-0.5499210000000403,-1.3812789999997221,-0.14484700000002704,-0.7630629999998746
2023-07-14 16:00:00,-0.4307250000001659,-1.012485000000197,-0.7216050000001815,-0.8110980000001291,-0.29799800000000687,-0.554548000000068,-1.384530000000268,-0.14152199999989534,-0.7630260000000817
2023-07-14 16:15:00,-0.4307260000000497,-1.0127250000000458,-0.7217255000000478,-0.8064300000000912,-0.29298800000015035,-0.5497090000001208,-1.3874390000000858,-0.14370099999996455,-0.7655700000000252
2023-07-14 16:45:00,-0.4328650000002199,-1.0113059999998768,-0.7220855000000483,-0.8059619999999086,-0.2950190000001385,-0.5504905000000235,-1.3840720000002875,-0.14687300000014147,-0.7654725000002145
2023-07-14 17:00:00,-0.43143499999996493,-1.0117820000000393,-0.7216085000000021,-0.8121140000002924,-0.30017899999984365,-0.556146500000068,-1.3849690000001829,-0.14484700000002704,-0.764908000000105
2023-07-14 17:45:00,-0.4272240000000238,-1.0058170000002065,-0.7165205000001151,-0.8046779999999671,-0.29186200000003737,-0.5482700000000023,-1.384527000000162,-0.14410399999997026,-0.7643155000000661
2023-07-14 18:00:00,-0.42897499999980937,-1.0018369999997958,-0.7154059999998026,-0.8046789999998509,-0.2901539999998022,-0.5474164999998266,-1.3856879999998455,-0.14623600000004444,-0.765961999999945
2023-07-14 19:00:00,-0.43286399999988134,-0.9993760000002112,-0.7161200000000463,-0.8013050000004114,-0.2847610000003442,-0.5430330000003778,-1.386981999999989,-0.14840099999992162,-0.7676914999999553
2023-07-14 19:15:00,-0.43402500000001965,-1.0034700000001067,-0.7187475000000632,-0.8088840000000346,-0.2923919999998361,-0.5506379999999353,-1.3852349999997386,-0.14478699999972378,-0.7650109999997312
2023-07-14 19:30:00,-0.4321439999998802,-0.9998399999999492,-0.7159919999999147,-0.8049599999999373,-0.2875690000000759,-0.5462645000000066,-1.3859859999997752,-0.14520300000003772,-0.7655944999999065
2023-07-14 19:45:00,-0.43149199999970733,-0.9998399999999492,-0.7156659999998283,-0.8008399999998801,-0.2875690000000759,-0.544204499999978,-1.3783829999997579,-0.1440319999996973,-0.7612074999997276
2023-07-14 20:00:00,-0.43681299999980183,-1.001115000000027,-0.7189639999999144,-0.8029820000001564,-0.2911679999997432,-0.5470749999999498,-1.3776239999997415,-0.14840000000003783,-0.7630119999998897
2023-07-14 20:30:00,-0.43285199999991164,-0.9974879999999757,-0.7151699999999437,-0.8094740000001366,-0.2927639999998064,-0.5511189999999715,-1.3864260000000286,-0.1488179999996646,-0.7676219999998466
2023-07-14 20:45:00,-0.43110200000000987,-1.0005479999999807,-0.7158249999999953,-0.8077240000002348,-0.29122099999995044,-0.5494725000000926,-1.3846760000001268,-0.1442059999999401,-0.7644410000000335
2023-07-14 21:00:00,-0.4331130000000485,-0.9994729999998526,-0.7162929999999506,-0.804493999999977,-0.2906780000002982,-0.5475860000001376,-1.3837819999998828,-0.14984899999990375,-0.7668154999998933
2023-07-14 21:30:00,-0.43123400000013135,-1.0016959999998107,-0.716464999999971,-0.8046469999999317,-0.2929180000000997,-0.5487825000000157,-1.3845000000001164,-0.15130999999973938,-0.7679049999999279
2023-07-14 21:45:00,-0.4317510000000766,-1.0012360000000626,-0.7164935000000696,-0.8083440000000337,-0.2924310000003061,-0.5503875000001699,-1.3910979999996016,-0.15158599999995204,-0.7713419999997768
2023-07-14 22:15:00,-0.4331120000001647,-1.0044029999999111,-0.7187575000000379,-0.8108999999999469,-0.2985559999997349,-0.5547279999998409,-1.3820200000000114,-0.14725300000009156,-0.7646365000000515
2023-07-14 22:30:00,-0.4333710000000792,-1.001944000000094,-0.7176575000000867,-0.801274000000376,-0.289665000000241,-0.5454695000003085,-1.382317999999941,-0.15058899999985442,-0.7664534999998978
2023-07-14 23:00:00,-0.4327920000000631,-1.0044010000001435,-0.7185965000001033,-0.8041830000001937,-0.2938930000000255,-0.5490380000001096,-1.381738999999925,-0.15018400000008114,-0.7659615000000031
2023-07-14 23:15:00,-0.4324010000000271,-1.001940999999988,-0.7171710000000076,-0.8063990000000558,-0.29316000000017084,-0.5497795000001133,-1.3856919999998354,-0.15060199999970791,-0.7681469999997717
2023-07-14 23:30:00,-0.43402100000002974,-1.0018119999999726,-0.7179165000000012,-0.805384000000231,-0.29125699999985954,-0.5483205000000453,-1.3881619999997383,-0.15275599999995393,-0.7704589999998461
2023-07-14 23:45:00,-0.43441100000018196,-1.0029939999999442,-0.7187025000000631,-0.806086999999934,-0.2924800000000687,-0.5492835000000014,-1.3842079999999441,-0.1491409999998723,-0.7666744999999082
2023-07-15 00:00:00,-0.4305200000003424,-1.000770999999986,-0.7156455000001642,-0.8036339999998745,-0.29024100000015096,-0.5469375000000127,-1.3846639999997024,-0.14884099999972022,-0.7667524999997113
2023-07-15 00:15:00,-0.43226999999978943,-0.9991409999997813,-0.7157054999997854,-0.8053829999998925,-0.2897539999999026,-0.5475684999998975,-1.3881630000000769,-0.15086600000040562,-0.7695145000002412
2023-07-15 01:00:00,-0.4344109999997272,-1.0025209999998879,-0.7184659999998075,-0.8095859999998538,-0.2966590000000906,-0.5531224999999722,-1.3842090000002827,-0.15059100000007675,-0.7674000000001797
2023-07-15 02:45:00,-0.4365509999997812,-0.9964460000001054,-0.7164984999999433,-0.803871000000072,-0.2887759999998707,-0.5463234999999713,-1.3831750000003922,-0.15142000000014377,-0.767297500000268
2023-07-15 03:15:00,-0.43440899999995963,-0.9954990000001089,-0.7149540000000343,-0.80958499999997,-0.29538400000001275,-0.5524844999999914,-1.3859590000001845,-0.15489600000000792,-0.7704275000000962
2023-07-15 03:45:00,-0.43187799999986964,-1.0001819999997679,-0.7160299999998188,-0.8070189999998547,-0.2919400000000678,-0.5494794999999613,-1.3915360000000874,-0.1542010000002847,-0.772868500000186
2023-07-15 04:30:00,-0.4320099999999911,-0.9954889999999068,-0.713749499999949,-0.8115299999999479,-0.29538400000001275,-0.5534569999999803,-1.3907920000001468,-0.15489600000000792,-0.7728440000000774
2023-07-15 05:00:00,-0.4341509999999289,-0.9947830000000977,-0.7144670000000133,-0.8093149999999696,-0.2946520000000419,-0.5519835000000057,-1.388590000000022,-0.15706300000010742,-0.7728265000000647
2023-07-15 05:15:00,-0.43402100000002974,-0.9947809999998753,-0.7144009999999525,-0.8071310000000267,-0.2917320000001382,-0.5494315000000825,-1.3910689999997885,-0.15823199999977078,-0.7746504999997796
2023-07-15 05:45:00,-0.43344100000012986,-0.9972400000001471,-0.7153405000001385,-0.8112089999999625,-0.2971239999997124,-0.5541664999998375,-1.3875699999998687,-0.1548969999998917,-0.7712334999998802
2023-07-15 06:00:00,-0.43305099999997765,-0.9967889999998079,-0.7149199999998928,-0.8116749999999229,-0.2931979999998475,-0.5524364999998852,-1.3915240000001177,-0.15156999999999243,-0.771547000000055
2023-07-15 06:15:00,-0.43505899999991016,-0.9953709999999774,-0.7152149999999438,-0.813705999999911,-0.2969799999996212,-0.5553429999997661,-1.390063000000282,-0.15531300000020565,-0.7726880000002438
2023-07-15 06:30:00,-0.43291999999973996,-0.9967899999996916,-0.7148549999997158,-0.8124219999999696,-0.2931979999998475,-0.5528099999999085,-1.3922670000001744,-0.15098100000022896,-0.7716240000002017
2023-07-15 06:45:00,-0.43012899999985166,-0.9930530000001454,-0.7115909999999985,-0.8134369999997944,-0.2947039999999106,-0.5540704999998525,-1.3915360000000874,-0.151698000000124,-0.7716170000001057
2023-07-15 07:00:00,-0.4340199999996912,-0.9949109999997745,-0.7144654999997329,-0.8065529999998944,-0.289545999999973,-0.5480494999999337,-1.3905030000000806,-0.15489700000034645,-0.7727000000002135
2023-07-15 07:30:00,-0.4338900000002468,-0.9976050000000214,-0.7157475000001341,-0.8107879999997749,-0.293442000000141,-0.552114999999958,-1.390063999999711,-0.15201200000001336,-0.7710379999998622
2023-07-15 07:45:00,-0.4333090000000084,-0.9987740000001395,-0.7160415000000739,-0.8072879999999714,-0.29169199999978446,-0.5494899999998779,-1.3900619999999435,-0.15376000000014756,-0.7719110000000455
2023-07-15 08:00:00,-0.435711000000083,-0.9956059999999525,-0.7156585000000177,-0.8100060000001577,-0.2966420000002472,-0.5533240000002024,-1.3846340000000055,-0.15576299999975163,-0.7701984999998785
2023-07-15 08:15:00,-0.4374609999999848,-0.9985379999998258,-0.7179994999999053,-0.8065090000000055,-0.29144700000006196,-0.5489780000000337,-1.3863860000001296,-0.1538980000000265,-0.770142000000078
2023-07-15 08:30:00,-0.4370699999999488,-1.0002890000000662,-0.7186795000000075,-0.8069759999998496,-0.2914490000002843,-0.5492125000000669,-1.388590000000022,-0.1538989999999103,-0.7712444999999661
2023-07-15 08:45:00,-0.4349299999998948,-1.0002890000000662,-0.7176094999999805,-0.8138600000002043,-0.2978670000002239,-0.5558635000002141,-1.3925420000000486,-0.1556479999999283,-0.7740949999999884
2023-07-15 09:15:00,-0.435320000000047,-0.9976019999999153,-0.7164609999999811,-0.8087249999998676,-0.2916900000000169,-0.5502074999999422,-1.3885890000001382,-0.15200999999979103,-0.7702994999999646
2023-07-15 09:45:00,-0.4347290000000612,-1.0016960000002655,-0.7182125000001633,-0.8116420000001199,-0.2964120000001458,-0.5540270000001328,-1.3897470000001704,-0.1530520000001161,-0.7713995000001432
2023-07-15 11:15:00,-0.43356900000026144,-1.0024140000000443,-0.7179915000001529,-0.8087249999998676,-0.29364699999996446,-0.551185999999916,-1.385671000000002,-0.14797700000008263,-0.7668240000000424
2023-07-15 11:30:00,-0.43330999999989217,-1.0017069999998967,-0.7175084999998944,-0.8102069999999912,-0.2946640000000116,-0.5524355000000014,-1.3883139999998093,-0.15014500000006592,-0.7692294999999376
2023-07-15 12:00:00,-0.4344059999998535,-1.0041559999999663,-0.7192809999999099,-0.8092349999997168,-0.29183899999998175,-0.5505369999998493,-1.3937410000003183,-0.15158000000019456,-0.7726605000002564
2023-07-15 12:15:00,-0.43563899999981004,-1.0046159999997144,-0.7201274999997622,-0.8072879999999714,-0.2923249999998916,-0.5498064999999315,-1.388894000000164,-0.15130500000032043,-0.7700995000002422
2023-07-15 12:30:00,-0.43323899999995774,-1.0036959999997634,-0.7184674999998606,-0.8191539999997985,-0.3007399999996778,-0.5599469999997382,-1.3925839999997152,-0.14825599999994665,-0.7704199999998309
2023-07-15 12:45:00,-0.43252799999982017,-1.0060329999996611,-0.7192804999997406,-0.8175579999997353,-0.2984599999999773,-0.5580089999998563,-1.3950609999997141,-0.14756099999976868,-0.7713109999997414
2023-07-15 13:15:00,-0.4348009999998794,-1.0045109999996384,-0.7196559999997589,-0.8105180000002292,-0.29340499999989333,-0.5519615000000613,-1.391526999999769,-0.14986599999974715,-0.7706964999997581
2023-07-15 13:45:00,-0.43479999999999563,-1.0076779999999417,-0.7212389999999687,-0.8186749999999847,-0.3012789999997949,-0.5599769999998898,-1.3903569999997671,-0.14611199999990276,-0.768234499999835
2023-07-15 14:00:00,-0.4353809999997793,-1.0074439999998503,-0.7214124999998148,-0.8140180000000328,-0.29637899999988804,-0.5551984999999604,-1.3903580000001057,-0.14625100000012026,-0.768304500000113
2023-07-15 14:15:00,-0.43109899999990375,-1.0033399999997528,-0.7172194999998283,-0.8161079999999856,-0.2963129999998273,-0.5562104999999065,-1.3965140000000247,-0.14869399999997768,-0.7726040000000012
2023-07-15 14:30:00,-0.43013299999984156,-0.9991359999999077,-0.7146344999998746,-0.813427000000047,-0.29733100000021295,-0.55537900000013,-1.388608000000204,-0.14911299999994299,-0.7688605000000734
2023-07-15 15:00:00,-0.43012999999973545,-1.0037039999997432,-0.7169169999997393,-0.8070170000000871,-0.29147100000000137,-0.5492440000000443,-1.3868569999999636,-0.14523099999996703,-0.7660439999999653
2023-07-15 15:15:00,-0.430131000000074,-1.0007769999997436,-0.7154539999999088,-0.8087680000003274,-0.29316200000039316,-0.5509650000003603,-1.3886090000000877,-0.14883400000007896,-0.7687215000000833
2023-07-15 15:30:00,-0.43045900000015536,-1.0038260000001173,-0.7171425000001364,-0.8108290000000125,-0.2944750000001477,-0.5526520000000801,-1.390081999999893,-0.14724699999987934,-0.7686644999998862
2023-07-15 15:45:00,-0.42831799999976283,-1.0025219999997717,-0.7154199999997672,-0.8095440000001872,-0.2931570000000647,-0.551350500000126,-1.3922829999996793,-0.14883599999984654,-0.7705594999997629
2023-07-15 16:00:00,-0.4337569999997868,-1.0059149999997317,-0.7198359999997592,-0.8068650000000162,-0.29247799999984636,-0.5496714999999313,-1.3861480000000483,-0.147396999999728,-0.7667724999998882
2023-07-15 16:15:00,-0.42869699999982913,-1.0000639999998384,-0.7143804999998338,-0.8102499999999964,-0.2953429999997752,-0.5527964999998858,-1.3901009999999587,-0.15101199999980963,-0.7705564999998842
2023-07-15 16:30:00,-0.42869599999994534,-1.0018139999997402,-0.7152549999998428,-0.8038320000000567,-0.29067399999985355,-0.5472529999999551,-1.3889329999997244,-0.15159099999982573,-0.7702619999997751
2023-07-15 16:45:00,-0.43232899999975416,-1.003697000000102,-0.7180129999999281,-0.8100850000000719,-0.2943209999998544,-0.5522029999999631,-1.3893519999996897,-0.14883299999974042,-0.7690924999997151
2023-07-15 17:00:00,-0.4327210000001287,-0.999594999999772,-0.7161579999999503,-0.8078700000000936,-0.2930989999999838,-0.5504845000000387,-1.3853979999998955,-0.1495310000000245,-0.76746449999996
2023-07-15 17:15:00,-0.4292199999999866,-0.9985540000002402,-0.7138870000001134,-0.8078679999998712,-0.29383099999995466,-0.550849499999913,-1.3853959999996732,-0.1491120000000592,-0.7672539999998662
2023-07-15 17:30:00,-0.43026099999997314,-0.9994889999998122,-0.7148749999998927,-0.8033659999996416,-0.28892999999970925,-0.5461479999996754,-1.3878789999998844,-0.15100099999972372,-0.7694399999998041
2023-07-15 18:45:00,-0.4288299999998344,-0.9990239999997357,-0.713926999999785,-0.8118329999997513,-0.2949060000000827,-0.553369499999917,-1.3893490000000384,-0.14767399999982445,-0.7685114999999314
2023-07-15 19:00:00,-0.4296089999998003,-0.9978419999997641,-0.7137254999997822,-0.8134700000000521,-0.2948519999999917,-0.5541610000000219,-1.3933039999997163,-0.15011999999978798,-0.7717119999997522
2023-07-15 19:15:00,-0.42811799999981304,-0.9958569999998872,-0.7119874999998501,-0.8102519999997639,-0.29343999999991865,-0.5518459999998413,-1.3901049999999486,-0.15025900000000547,-0.770181999999977
2023-07-15 19:30:00,-0.42597699999987526,-0.9990240000001904,-0.7125005000000328,-0.8095480000001771,-0.29198700000006284,-0.55076750000012,-1.392308999999841,-0.14767499999970823,-0.7699919999997746
2023-07-15 19:45:00,-0.42870799999991505,-0.9991430000000037,-0.7139254999999594,-0.8090780000002269,-0.2926710000001549,-0.5508745000001909,-1.3900800000001254,-0.14911099999972066,-0.769595499999923
2023-07-15 20:00:00,-0.4283180000002176,-0.9989080000000286,-0.7136130000001231,-0.811294000000089,-0.29300800000009986,-0.5521510000000944,-1.3940330000000358,-0.14982899999995425,-0.771930999999995
2023-07-15 20:30:00,-0.42772800000011557,-0.9991329999998015,-0.7134304999999586,-0.8095440000001872,-0.291501000000153,-0.5505225000001701,-1.3934529999996812,-0.14911099999972066,-0.7712819999997009
2023-07-15 20:45:00,-0.42798899999979767,-0.9896399999997811,-0.7088144999997894,-0.8080629999999474,-0.2894890000002306,-0.548776000000089,-1.390809999999874,-0.1520869999999377,-0.7714484999999058
2023-07-15 21:00:00,-0.4283789999999499,-0.9884839999999713,-0.7084314999999606,-0.8087660000001051,-0.29124300000012227,-0.5500045000001137,-1.3868569999999636,-0.150916000000052,-0.7688865000000078
2023-07-15 21:15:00,-0.4283789999999499,-0.991863999999623,-0.7101214999997865,-0.8052659999998468,-0.2899790000001303,-0.5476224999999886,-1.3880239999998594,-0.15355700000009165,-0.7707904999999755
2023-07-15 22:00:00,-0.42973799999981566,-0.9977159999998548,-0.7137269999998352,-0.8092320000000655,-0.29295200000024124,-0.5510920000001533,-1.391978999999992,-0.15286199999991368,-0.7724204999999529
2023-07-15 22:15:00,-0.43012899999985166,-0.9984249999997701,-0.7142769999998109,-0.8070170000000871,-0.2919369999999617,-0.5494770000000244,-1.3897769999998673,-0.15244600000005448,-0.7711114999999609
2023-07-15 22:45:00,-0.4297360000000481,-1.002158999999665,-0.7159474999998565,-0.808074999999917,-0.2939299999998184,-0.5510024999998677,-1.3937410000003183,-0.1552160000001095,-0.7744785000002139
2023-07-15 23:00:00,-0.43148599999994985,-1.004617000000053,-0.7180515000000014,-0.8092349999997168,-0.2940730000000258,-0.5516539999998713,-1.393742000000202,-0.15305000000034852,-0.7733960000002753
2023-07-15 23:15:00,-0.4297350000001643,-1.0055600000000595,-0.7176475000001119,-0.8074830000000475,-0.2927190000000337,-0.5501010000000406,-1.391990000000078,-0.15016500000001543,-0.7710775000000467
2023-07-15 23:30:00,-0.43187699999998586,-1.004273000000012,-0.7180749999999989,-0.808770000000095,-0.2949060000000827,-0.5518380000000889,-1.3897900000001755,-0.15175300000009884,-0.7707715000001372
2023-07-16 00:00:00,-0.4279870000000301,-1.0025229999996554,-0.7152549999998428,-0.810982999999851,-0.29665499999964595,-0.5538189999997485,-1.393739000000096,-0.15350100000023303,-0.7736200000001645
2023-07-16 00:15:00,-0.43012699999962933,-1.0049810000000434,-0.7175539999998364,-0.8070179999999709,-0.2938899999999194,-0.5504539999999452,-1.3897860000001856,-0.15133600000035585,-0.7705610000002707
2023-07-16 00:30:00,-0.42610800000011295,-1.0020610000001398,-0.7140845000001264,-0.8082190000000082,-0.2927199999999175,-0.5504694999999629,-1.394470000000183,-0.15133600000035585,-0.7729030000002695
2023-07-16 00:45:00,-0.4299980000000687,-1.0028900000002068,-0.7164440000001377,-0.8124229999998533,-0.2958859999998822,-0.5541544999998678,-1.392268999999942,-0.14944500000001426,-0.7708569999999781
2023-07-16 01:30:00,-0.42902700000013283,-1.000894000000244,-0.7149605000001884,-0.8111399999997957,-0.2944200000001729,-0.5527799999999843,-1.3956419999999525,-0.15319700000009107,-0.7744195000000218
2023-07-16 01:45:00,-0.4329170000000886,-1.0051009999997405,-0.7190089999999145,-0.8124210000000858,-0.29690100000016173,-0.5546610000001237,-1.3934359999998378,-0.15277999999989333,-0.7731079999998656
2023-07-16 02:00:00,-0.4315580000002228,-0.9992499999998472,-0.715404000000035,-0.8102060000001075,-0.2956779999999526,-0.55294200000003,-1.3912319999999454,-0.15522499999997308,-0.7732284999999592
2023-07-16 02:30:00,-0.42928900000015346,-1.0004319999998188,-0.7148604999999861,-0.8114049999999224,-0.2939809999998033,-0.5526929999998629,-1.394745999999941,-0.15160999999989144,-0.7731779999999162
2023-07-16 03:15:00,-0.42688700000007884,-0.9979739999998856,-0.7124304999999822,-0.813354999999774,-0.29324899999983245,-0.5533019999998032,-1.3978449999999611,-0.15027699999973265,-0.7740609999998469
2023-07-16 04:45:00,-0.42928600000004735,-1.002878000000237,-0.7160820000001422,-0.8096559999999045,-0.29583199999979115,-0.5527439999998478,-1.392996999999923,-0.15422799999987546,-0.7736124999998992
2023-07-16 06:00:00,-0.43142699999998513,-1.002415999999812,-0.7169214999998985,-0.8091899999999441,-0.29364299999997456,-0.5514164999999593,-1.391953000000285,-0.152049000000261,-0.772001000000273
2023-07-16 06:15:00,-0.42927400000007765,-0.996780000000399,-0.7130270000002383,-0.8143259999997099,-0.2978509999998096,-0.5560884999997597,-1.3941790000003493,-0.15504900000041744,-0.7746140000003834
2023-07-16 06:30:00,-0.4331640000000334,-0.9969010000004346,-0.715032500000234,-0.8138609999996333,-0.2973659999997835,-0.5556134999997084,-1.3919760000003407,-0.15532700000039767,-0.7736515000003692
2023-07-16 07:15:00,-0.4307650000000649,-1.0000690000001669,-0.7154170000001159,-0.8128870000000461,-0.29417400000011185,-0.553530500000079,-1.3967999999999847,-0.15274300000010044,-0.7747715000000426
2023-07-16 07:45:00,-0.4311569999999847,-0.9976110000002336,-0.7143840000001092,-0.8106720000000678,-0.293442000000141,-0.5520570000001044,-1.3928479999999581,-0.15316100000018196,-0.77300450000007
2023-07-16 08:45:00,-0.43063400000028196,-0.998185000000376,-0.714409500000329,-0.8083870000000388,-0.288778000000093,-0.5485825000000659,-1.3981350000003658,-0.15375200000016775,-0.7759435000002668
2023-07-16 09:00:00,-0.4292750000004162,-0.9980810000001838,-0.7136780000003,-0.8096690000002127,-0.2927679999997963,-0.5512185000000045,-1.3924310000002151,-0.15172500000016953,-0.7720780000001923
2023-07-16 09:15:00,-0.4284930000003442,-1.002288000000135,-0.7153905000002396,-0.8088529999999992,-0.29000200000018594,-0.5494275000000926,-1.4003380000003744,-0.15305699999998978,-0.7766975000001821
2023-07-16 10:45:00,-0.42888700000003155,-1.0000709999999344,-0.714478999999983,-0.8136369999997441,-0.2959259999997812,-0.5547814999997627,-1.398134999999911,-0.154493999999886,-0.7763144999998985
2023-07-16 11:00:00,-0.42849400000022797,-1.0018200000004072,-0.7151570000003176,-0.8106029999999009,-0.29242599999997765,-0.5515144999999393,-1.4003390000002582,-0.15449400000034075,-0.7774165000002995
2023-07-16 11:30:00,-0.42674499999975524,-1.0021699999997509,-0.714457499999753,-0.8152620000000752,-0.2968959999998333,-0.5560789999999542,-1.3985899999997855,-0.15103099999987535,-0.7748104999998304
2023-07-16 12:00:00,-0.4264859999998407,-1.0058039999998982,-0.7161449999998695,-0.8202309999996942,-0.3022929999997359,-0.561261999999715,-1.4000429999996413,-0.15060199999970791,-0.7753224999996746
2023-07-16 12:15:00,-0.4253239999998186,-1.0039329999999609,-0.7146284999998898,-0.8138210000001891,-0.29690100000016173,-0.5553610000001754,-1.3982919999998558,-0.15101899999990565,-0.7746554999998807
2023-07-16 12:30:00,-0.4286239999996724,-1.0075509999996939,-0.7180874999996831,-0.813354999999774,-0.2976330000001326,-0.5554939999999533,-1.3960879999999634,-0.15059999999994034,-0.7733439999999518
2023-07-16 12:45:00,-0.42746600000009494,-1.0066280000000916,-0.7170470000000932,-0.8104360000002089,-0.29437800000005154,-0.5524070000001302,-1.3966780000000654,-0.15047400000003108,-0.7735760000000482
2023-07-16 13:45:00,-0.4271480000002157,-0.9992520000000695,-0.7132000000001426,-0.8118739999999889,-0.2956779999999526,-0.5537759999999707,-1.3922859999997854,-0.1505549999997129,-0.7714204999997492
2023-07-16 14:15:00,-0.4270759999999427,-1.0021849999998267,-0.7146304999998847,-0.8155729999998584,-0.29515100000025996,-0.5553620000000592,-1.39946400000008,-0.148689000000104,-0.774076500000092
2023-07-16 15:00:00,-0.4254559999999401,-0.9972680000000764,-0.7113620000000083,-0.8101700000001983,-0.29076500000019223,-0.5504675000001953,-1.396404000000075,-0.14952199999970617,-0.7729629999998906
2023-07-16 15:15:00,-0.4257149999998546,-0.9990170000000944,-0.7123659999999745,-0.8069369999998344,-0.2907649999997375,-0.5488509999997859,-1.3937589999995907,-0.15127099999972415,-0.7725149999996574
2023-07-16 15:30:00,-0.4258460000000923,-0.9992529999999533,-0.7125495000000228,-0.8079529999999977,-0.29217800000014904,-0.5500655000000734,-1.3930379999997058,-0.1511439999999311,-0.7720909999998185
2023-07-16 16:30:00,-0.4225349999996979,-0.9955039999999826,-0.7090194999998403,-0.810758000000078,-0.2925199999999677,-0.5516390000000229,-1.3952429999999367,-0.1495350000000144,-0.7723889999999756
2023-07-16 16:45:00,-0.4207859999996799,-0.9971479999999247,-0.7089669999998023,-0.8136669999998958,-0.2976699999999255,-0.5556684999999106,-1.3940729999999348,-0.14983600000005026,-0.7719544999999925
2023-07-16 17:30:00,-0.42117599999983213,-0.9953980000000229,-0.7082869999999275,-0.8067930000001979,-0.291262000000188,-0.549027500000193,-1.3901200000000244,-0.14808599999969374,-0.7691029999998591
2023-07-16 17:45:00,-0.4230579999998554,-0.9973869999998897,-0.7102224999998725,-0.8124539999998888,-0.2973269999997683,-0.5548904999998285,-1.3922859999997854,-0.15085399999998117,-0.7715699999998833
2023-07-16 18:00:00,-0.4215079999999034,-0.9955190000000584,-0.7085134999999809,-0.8100130000002537,-0.2936850000000959,-0.5518490000001748,-1.3944910000000164,-0.1512720000000627,-0.7728815000000395
2023-07-16 18:15:00,-0.42293900000004214,-0.9962270000000899,-0.709583000000066,-0.8079510000002301,-0.2909190000000308,-0.5494350000001305,-1.3930179999997563,-0.14910499999996318,-0.7710614999998597
2023-07-16 18:30:00,-0.4237069999999221,-0.9998449999998229,-0.7117759999998725,-0.8101650000003247,-0.29165100000000166,-0.5509080000001632,-1.396968999999899,-0.14868799999976545,-0.7728284999998323
2023-07-16 18:45:00,-0.42254800000000614,-0.9979779999998755,-0.7102629999999408,-0.8101670000000922,-0.2926680000000488,-0.5514175000000705,-1.396972999999889,-0.15085399999998117,-0.7739134999999351
2023-07-16 19:00:00,-0.42409700000007433,-0.9984279999998762,-0.7112624999999753,-0.8126079999997273,-0.29834299999993164,-0.5554754999998295,-1.3930159999999887,-0.15301999999974214,-0.7730179999998654
2023-07-16 19:15:00,-0.4244889999999941,-0.9966789999998582,-0.7105839999999262,-0.8045640000000276,-0.29076500000019223,-0.5476645000001099,-1.391982999999982,-0.15418999999974403,-0.773086499999863
2023-07-16 19:45:00,-0.4246749999997519,-1.0008880000000318,-0.7127814999998918,-0.8102920000001177,-0.2961679999998523,-0.553229999999985,-1.3959490000002006,-0.15493300000025556,-0.7754410000002281
2023-07-16 20:30:00,-0.42331500000000233,-0.9974929999998494,-0.7104039999999259,-0.8028260000000955,-0.29042800000024727,-0.5466270000001714,-1.3902430000002823,-0.1534620000002178,-0.7718525000002501
2023-07-16 20:45:00,-0.42318699999987075,-0.996784999999818,-0.7099859999998444,-0.806470999999874,-0.2943549999999959,-0.550412999999935,-1.3915560000000369,-0.15562999999974636,-0.7735929999998916
2023-07-16 21:00:00,-0.4226060000000871,-0.9986630000003061,-0.7106345000001966,-0.8111380000000281,-0.29975599999988845,-0.5554469999999583,-1.3927220000000489,-0.15638099999978294,-0.7745514999999159
2023-07-16 21:15:00,-0.4229970000001231,-0.9975039999999353,-0.7102505000000292,-0.8077530000000479,-0.2974269999999706,-0.5525900000000092,-1.3876000000000204,-0.15405199999986507,-0.7708259999999427
2023-07-16 21:45:00,-0.4228670000002239,-0.9999609999999848,-0.7114140000001044,-0.8096569999997882,-0.29932899999994333,-0.5544929999998658,-1.389498999999887,-0.15422399999988556,-0.7718614999998863
2023-07-16 22:00:00,-0.4218260000002374,-0.9963330000000497,-0.7090795000001435,-0.8030830000002425,-0.29275700000016514,-0.5479200000002038,-1.3870190000002367,-0.1534710000000814,-0.770245000000159
2023-07-16 22:15:00,-0.4235760000001392,-1.000434999999925,-0.712005500000032,-0.8060030000001461,-0.2951509999998052,-0.5505769999999757,-1.3887690000001385,-0.15277599999990343,-0.770772500000021
2023-07-16 23:00:00,-0.4224730000000818,-0.9963330000000497,-0.7094030000000657,-0.810135000000173,-0.295676000000185,-0.552905500000179,-1.3934659999999894,-0.15346100000033402,-0.7734635000001617
2023-07-16 23:15:00,-0.42072300000018004,-0.9994999999998981,-0.7101115000000391,-0.8112939999996343,-0.2983009999998103,-0.5547974999997223,-1.3928860000000896,-0.1520460000001549,-0.7724660000001222
2023-07-17 00:00:00,-0.42111400000021604,-0.9929529999999431,-0.7070335000000796,-0.8125780000000304,-0.29984799999965617,-0.5562129999998433,-1.389513000000079,-0.15373700000009194,-0.7716250000000855
2023-07-17 00:15:00,-0.41897400000016205,-0.9952920000000631,-0.7071330000001126,-0.8083830000000489,-0.29465799999979936,-0.5515204999999241,-1.3934629999998833,-0.15304199999991397,-0.7732524999998986
2023-07-17 00:45:00,-0.4228640000001178,-0.9956250000000182,-0.709244500000068,-0.8049980000000687,-0.29377199999998993,-0.5493850000000293,-1.389509999999973,-0.15562500000032742,-0.7725675000001502
2023-07-17 01:30:00,-0.4203330000000278,-0.9963330000000497,-0.7083330000000387,-0.8106010000001334,-0.2956749999998465,-0.5531379999999899,-1.3974190000003546,-0.15520900000001348,-0.776314000000184
2023-07-17 01:45:00,-0.42396400000006906,-0.9980820000000676,-0.7110230000000684,-0.8022670000000289,-0.28633799999988696,-0.544302499999958,-1.394926999999825,-0.15229999999974098,-0.773613499999783
2023-07-17 02:00:00,-0.42610400000012305,-1.0014759999999114,-0.7137900000000172,-0.8099670000001424,-0.29674500000010084,-0.5533560000001216,-1.3927229999999327,-0.15376999999989494,-0.7732464999999138
2023-07-17 02:30:00,-0.42396400000006906,-1.0017109999998866,-0.7128374999999778,-0.8104330000001028,-0.2964080000001559,-0.5534205000001293,-1.3949259999999413,-0.1530520000001161,-0.7739890000000287
2023-07-17 02:45:00,-0.4231840000002194,-1.0028929999998581,-0.7130385000000388,-0.8082169999997859,-0.2958819999998923,-0.5520494999998391,-1.3909709999998086,-0.15060799999992014,-0.7707894999998643
2023-07-17 03:00:00,-0.42493400000012116,-1.0014759999999114,-0.7132050000000163,-0.8070490000000063,-0.29499699999996665,-0.5510229999999865,-1.3944729999998344,-0.1566899999997986,-0.7755814999998165
2023-07-17 03:30:00,-0.42675499999995736,-0.9970330000001013,-0.7118940000000293,-0.8074400000000423,-0.2957689999998365,-0.5516044999999394,-1.3878740000000107,-0.1549049999998715,-0.7713894999999411
2023-07-17 04:00:00,-0.42610400000012305,-1.0017109999998866,-0.7139075000000048,-0.815806000000066,-0.3022470000000794,-0.5590265000000727,-1.3927239999998164,-0.15305299999999988,-0.7728884999999082
2023-07-17 05:15:00,-0.42513400000007096,-1.0024109999999382,-0.7137725000000046,-0.8098549999999705,-0.2965039999999135,-0.553179499999942,-1.397845999999845,-0.1574080000000322,-0.7776269999999386
2023-07-17 05:30:00,-0.4254519999999502,-1.0012360000000626,-0.7133440000000064,-0.8101660000002084,-0.29358799999999974,-0.5518770000001041,-1.3993189999996503,-0.15449999999964348,-0.7769094999996469
2023-07-17 06:45:00,-0.4218220000002475,-1.000434999999925,-0.7111285000000862,-0.8120699999999488,-0.29514800000015384,-0.5536090000000513,-1.40003999999999,-0.15276200000016615,-0.7764010000000781
2023-07-17 07:00:00,-0.4216910000000098,-0.9980829999999514,-0.7098869999999806,-0.8128160000001117,-0.2956739999999627,-0.5542450000000372,-1.399623000000247,-0.15345700000034412,-0.7765400000002955
2023-07-17 07:15:00,-0.4218240000000151,-1.0004359999998087,-0.7111299999999119,-0.8120699999999488,-0.29514800000015384,-0.5536090000000513,-1.401209000000108,-0.15393200000016805,-0.777570500000138
2023-07-17 07:30:00,-0.4185250000000451,-0.9995009999997819,-0.7090129999999135,-0.8177859999996144,-0.3000499999998283,-0.5589179999997214,-1.4010870000001887,-0.150876000000153,-0.7759815000001709
2023-07-17 08:15:00,-0.4216929999997774,-1.002998999999818,-0.7123459999997976,-0.814553999999589,-0.2988900000000285,-0.5567219999998088,-1.399612000000161,-0.1526350000003731,-0.7761235000002671
2023-07-17 08:45:00,-0.4216949999999997,-1.0007809999997335,-0.7112379999998666,-0.81455300000016,-0.2978140000000167,-0.5561835000000883,-1.4007799999999406,-0.1534910000000309,-0.7771354999999858
2023-07-17 09:00:00,-0.4216949999999997,-0.9983229999998002,-0.7100089999999,-0.8174749999998312,-0.3000010000000657,-0.5587379999999484,-1.4007830000000467,-0.15390800000022864,-0.7773455000001377
2023-07-17 09:15:00,-0.4220839999998134,-0.9990309999998317,-0.7105574999998225,-0.8152570000002015,-0.2989830000001348,-0.5571200000001681,-1.396827999999914,-0.15174100000012913,-0.7742845000000216
2023-07-17 10:00:00,-0.41896300000007614,-0.9972820000002685,-0.7081225000001723,-0.8161949999998797,-0.2960659999998825,-0.5561304999998811,-1.4059179999999287,-0.1534910000000309,-0.7797044999999798
2023-07-17 10:30:00,-0.41994400000021415,-0.9968300000000454,-0.7083870000001298,-0.8192269999999553,-0.2985479999997551,-0.5588874999998552,-1.4025449999999182,-0.1501549999998133,-0.7763499999998658
2023-07-17 10:45:00,-0.4160540000002584,-0.994372999999996,-0.7052135000001272,-0.8161939999999959,-0.2960649999999987,-0.5561294999999973,-1.4029989999999088,-0.15057200000001103,-0.7767854999999599
2023-07-17 11:00:00,-0.41741300000012416,-0.9975130000002537,-0.7074630000001889,-0.817250999999942,-0.29573500000014974,-0.5564930000000459,-1.4057829999997011,-0.14985499999966123,-0.7778189999996812
2023-07-17 11:30:00,-0.41819400000031237,-0.9929560000000492,-0.7055750000001808,-0.8110689999998613,-0.29343900000003487,-0.5522539999999481,-1.3961269999999786,-0.15023499999961132,-0.773180999999795
2023-07-17 12:00:00,-0.41404700000020966,-0.9916769999999815,-0.7028620000000956,-0.8194129999997131,-0.29917399999976624,-0.5592934999997397,-1.402700999999979,-0.1505489999999554,-0.7766249999999673
2023-07-17 12:30:00,-0.41579600000022765,-0.9952969999999368,-0.7055465000000822,-0.8182550000001356,-0.29815899999994144,-0.5582070000000385,-1.4032929999998487,-0.15013200000021243,-0.7767125000000306
2023-07-17 13:15:00,-0.4165050000001429,-0.9963379999999233,-0.7064215000000331,-0.8111010000002352,-0.293927000000167,-0.5525140000002011,-1.399061999999958,-0.1505499999998392,-0.7748059999998986
2023-07-17 13:30:00,-0.41475400000035734,-0.9921280000003208,-0.703441000000339,-0.8111010000002352,-0.29319299999997384,-0.5521470000001045,-1.4008119999998598,-0.15271600000005492,-0.7767639999999574
2023-07-17 14:00:00,-0.40904200000022684,-0.990378999999848,-0.6997105000000374,-0.8170140000001993,-0.2961119999999937,-0.5565630000000965,-1.4084450000000288,-0.15271600000005492,-0.7805805000000419
2023-07-17 14:15:00,-0.41332299999976385,-0.992127999999866,-0.7027254999998149,-0.8131610000000364,-0.2949419999999918,-0.5540515000000141,-1.4011249999998654,-0.1515559999998004,-0.7763404999998329
2023-07-17 14:45:00,-0.4115740000002006,-0.9910870000003342,-0.7013305000002674,-0.8114140000002408,-0.2921759999999267,-0.5517950000000837,-1.4022869999998875,-0.1505489999999554,-0.7764179999999214
2023-07-17 15:00:00,-0.4111819999998261,-0.9903779999999642,-0.7007799999998952,-0.810718000000179,-0.29028199999993376,-0.5505000000000564,-1.4050779999997758,-0.15155499999991662,-0.7783164999998462
2023-07-17 15:30:00,-0.41184500000008484,-0.990849000000253,-0.7013470000001689,-0.8110999999998967,-0.2936770000001161,-0.5523885000000064,-1.3979020000001583,-0.1495279999999184,-0.7737150000000383
2023-07-17 16:15:00,-0.4158670000001621,-0.994952000000012,-0.7054095000000871,-0.8087279999999737,-0.2919919999999365,-0.5503599999999551,-1.3966959999997925,-0.14941300000009505,-0.7730544999999438
2023-07-17 16:30:00,-0.4133360000000721,-0.990378999999848,-0.70185749999996,-0.8160699999998542,-0.2961009999999078,-0.556085499999881,-1.4028549999998177,-0.1515449999997145,-0.7771999999997661
2023-07-17 16:45:00,-0.4150850000000901,-0.9913139999998748,-0.7031994999999824,-0.8131590000002689,-0.29294800000025134,-0.5530535000002601,-1.4028519999997116,-0.1516830000000482,-0.7772674999998799
2023-07-17 17:00:00,-0.41722600000002785,-0.992022000000361,-0.7046240000001944,-0.8109460000000581,-0.2901839999999538,-0.550565000000006,-1.3989010000000235,-0.1477669999999307,-0.7733339999999771
2023-07-17 17:15:00,-0.41307500000039,-0.9895650000003116,-0.7013200000003508,-0.8117230000002564,-0.29003000000011525,-0.5508765000001858,-1.4054980000000796,-0.1516830000000482,-0.7785905000000639
2023-07-17 17:45:00,-0.4166450000002442,-0.9929570000003878,-0.704801000000316,-0.8062760000002527,-0.2876009999999951,-0.5469385000001239,-1.3988989999998012,-0.15023400000018228,-0.7745664999999917
2023-07-17 18:00:00,-0.41761799999994764,-0.9937740000000304,-0.705695999999989,-0.810479000000214,-0.2936830000003283,-0.5520810000002712,-1.394948000000113,-0.14951699999983248,-0.7722324999999728
2023-07-17 18:15:00,-0.41482399999995323,-0.9942460000002029,-0.7045350000000781,-0.8163910000002943,-0.2947509999999056,-0.5555710000001,-1.4037480000001779,-0.14806600000019898,-0.7759070000001884
2023-07-17 18:30:00,-0.41839500000014596,-0.9974019999999655,-0.7078985000000557,-0.8080260000001545,-0.2897470000002613,-0.5488865000002079,-1.3977420000001075,-0.14794000000028973,-0.7728410000001986
2023-07-17 19:30:00,-0.41586099999994985,-0.9996220000002722,-0.707741500000111,-0.8118750000003274,-0.29198500000029526,-0.5519300000003113,-1.4050560000000587,-0.14939800000001924,-0.777227000000039
2023-07-17 20:15:00,-0.41839299999992363,-0.9959819999999127,-0.7071874999999181,-0.810942999999952,-0.2946980000001531,-0.5528205000000526,-1.4000679999999193,-0.15459999999984575,-0.7773339999998825
2023-07-17 20:30:00,-0.4158660000002783,-0.9932990000002064,-0.7045825000002424,-0.8087270000000899,-0.29436100000020815,-0.551544000000149,-1.3966949999999088,-0.1544619999999668,-0.7755784999999378
2023-07-17 20:45:00,-0.41761600000018007,-0.9957570000001397,-0.7066865000001599,-0.8139759999999114,-0.29859299999998257,-0.556284499999947,-1.3978649999999107,-0.15346600000020771,-0.7756655000000592
2023-07-17 21:30:00,-0.4129299999999603,-0.9925789999997505,-0.7027544999998554,-0.8089680000002772,-0.2907079999999951,-0.5498380000001362,-1.4050779999997758,-0.15487899999970978,-0.7799784999997428
2023-07-17 22:00:00,-0.41546100000005026,-0.9950380000000223,-0.7052495000000363,-0.8080369999997856,-0.2931919999996353,-0.5506144999997105,-1.4000820000001113,-0.15562199999976656,-0.7778519999999389
2023-07-17 22:15:00,-0.4140990000000784,-0.9962070000001404,-0.7051530000001094,-0.811877000000095,-0.294351000000006,-0.5531140000000505,-1.4056580000001304,-0.15504199999986668,-0.7803499999999985
2023-07-17 22:45:00,-0.41332199999988006,-0.9937580000000708,-0.7035399999999754,-0.8114129999999022,-0.2936779999999999,-0.5525454999999511,-1.4040350000000217,-0.15418599999975413,-0.7791104999998879
2023-07-17 23:00:00,-0.4157220000001871,-0.9941170000001875,-0.7049195000001873,-0.8129619999999704,-0.2980969999998706,-0.5555294999999205,-1.3986070000000836,-0.1549019999997654,-0.7767544999999245
2023-07-17 23:15:00,-0.41475199999968027,-0.9952869999997347,-0.7050194999997075,-0.8081790000001092,-0.29284800000004907,-0.5505135000000791,-1.4013890000001084,-0.15548100000023624,-0.7784350000001723
2023-07-18 00:15:00,-0.41332199999988006,-0.9955079999999725,-0.7044149999999263,-0.8102530000001025,-0.2942680000001019,-0.5522605000001022,-1.4011259999997492,-0.15302699999983815,-0.7770764999997937
2023-07-18 00:30:00,-0.4143589999998767,-0.996679999999742,-0.7055194999998093,-0.8069060000002537,-0.29018200000018624,-0.54854400000022,-1.4036029999997481,-0.15418300000010277,-0.7788929999999255
2023-07-18 02:00:00,-0.41663299999981973,-0.9973899999999958,-0.7070114999999078,-0.8126910000000862,-0.29616299999997864,-0.5544270000000324,-1.4018160000000535,-0.15376500000002125,-0.7777905000000374
2023-07-18 02:15:00,-0.4183829999997215,-0.9966810000000805,-0.707531999999901,-0.814440999999988,-0.29718000000002576,-0.5558105000000069,-1.4035659999999552,-0.15593300000000454,-0.7797494999999799
2023-07-18 02:30:00,-0.41624300000012227,-0.9944580000001224,-0.7053505000001223,-0.8131579999999303,-0.2943599999998696,-0.5537589999999,-1.4057689999999639,-0.15562999999974636,-0.7806994999998551
2023-07-18 02:45:00,-0.4183819999998377,-0.9950370000001385,-0.7067094999999881,-0.813850999999886,-0.296100000000024,-0.554975499999955,-1.402976000000308,-0.15562100000033752,-0.7792985000003227
2023-07-18 03:15:00,-0.41624199999978373,-0.9945640000000822,-0.705402999999933,-0.8131579999999303,-0.29561999999987165,-0.554388999999901,-1.4051790000003166,-0.15706900000031965,-0.7811240000003181
2023-07-18 03:45:00,-0.4165020000000368,-0.994564999999966,-0.7055335000000014,-0.8099400000000969,-0.29387099999985367,-0.5519054999999753,-1.404309000000012,-0.15881900000022142,-0.7815640000001167
2023-07-18 04:45:00,-0.4172800000001189,-0.9981920000000173,-0.7077360000000681,-0.815063999999893,-0.29751200000009703,-0.556287999999995,-1.4065120000000206,-0.15665200000012192,-0.7815820000000713
2023-07-18 05:00:00,-0.4161110000000008,-0.9950380000000223,-0.7055745000000115,-0.8168149999996785,-0.297849000000042,-0.5573319999998603,-1.40768399999979,-0.15679000000000087,-0.7822369999998955
2023-07-18 05:30:00,-0.4176710000001549,-0.9969150000001719,-0.7072930000001634,-0.8128489999999147,-0.2950829999999769,-0.5539659999999458,-1.4054780000001301,-0.15637199999991935,-0.7809250000000247
2023-07-18 05:45:00,-0.4133209999999963,-0.996216000000004,-0.7047685000000001,-0.8143290000002708,-0.29732899999999063,-0.5558290000001307,-1.4034529999998995,-0.15318799999977273,-0.7783204999998361
2023-07-18 06:00:00,-0.4123490000001766,-0.9957560000002559,-0.7040525000002162,-0.8101270000001932,-0.29217400000015914,-0.5511505000001762,-1.4074059999998099,-0.15521300000000338,-0.7813094999999066
2023-07-18 06:15:00,-0.416110000000117,-0.9999640000000909,-0.7080370000001039,-0.8121449999998731,-0.29465699999991557,-0.5534009999998943,-1.4076820000000225,-0.15596700000014607,-0.7818245000000843
2023-07-18 06:30:00,-0.4139689999997245,-0.9980860000000575,-0.706027499999891,-0.8137799999999515,-0.2956720000001951,-0.5547260000000733,-1.4092960000002677,-0.15637100000003556,-0.7828335000001516
2023-07-18 06:45:00,-0.418641000000207,-0.9999640000000909,-0.7093025000001489,-0.8077120000002651,-0.29290600000013,-0.5503090000001976,-1.4015220000001136,-0.15596400000003996,-0.7787430000000768
2023-07-18 08:00:00,-0.4161090000002332,-0.9980860000000575,-0.7070975000001454,-0.813314999999875,-0.2956730000000789,-0.554493999999977,-1.4059330000000045,-0.1552120000001196,-0.7805725000000621
2023-07-18 08:15:00,-0.4161210000002029,-0.9967980000001262,-0.7064595000001646,-0.8103919999998652,-0.29318899999998393,-0.5517904999999246,-1.4059110000002875,-0.15678900000011708,-0.7813500000002023
2023-07-18 09:30:00,-0.41903000000002066,-0.9992560000000594,-0.70914300000004,-0.8179850000001352,-0.2985920000000988,-0.558288500000117,-1.4088440000000446,-0.15637199999991935,-0.782607999999982
2023-07-18 09:45:00,-0.4172790000002351,-0.9943390000003092,-0.7058090000002721,-0.813314999999875,-0.29420600000003105,-0.553760499999953,-1.4076829999999063,-0.1577950000000783,-0.7827389999999923
2023-07-18 10:00:00,-0.41903099999990445,-0.9992580000002818,-0.7091445000000931,-0.819735000000037,-0.30034200000000055,-0.5600385000000188,-1.4094350000000304,-0.15696299999990515,-0.7831989999999678
2023-07-18 10:15:00,-0.4168890000000829,-0.9975060000001577,-0.7071975000001203,-0.8155320000000756,-0.29392200000029334,-0.5547270000001845,-1.4098899999999048,-0.15346199999976307,-0.781675999999834
2023-07-18 11:30:00,-0.41746899999998277,-0.9998359999999593,-0.708652499999971,-0.8190309999999954,-0.2991710000001149,-0.5591010000000551,-1.4069700000000012,-0.15229200000021592,-0.7796310000001085
2023-07-18 11:45:00,-0.413579000000027,-0.998689000000013,-0.70613400000002,-0.8194969999999557,-0.2968949999999495,-0.5581959999999526,-1.4109229999999116,-0.14984700000013618,-0.7803850000000239
2023-07-18 12:00:00,-0.41506600000002436,-1.003940000000057,-0.7095030000000406,-0.8192290000001776,-0.298645000000306,-0.5589370000002418,-1.4118170000001555,-0.15159600000015416,-0.7817065000001548
2023-07-18 12:15:00,-0.41331799999989016,-1.0038199999999051,-0.7085689999998976,-0.8174790000002758,-0.2973820000001979,-0.5574305000002369,-1.4088980000001357,-0.1484019999998054,-0.7786499999999705
2023-07-18 13:00:00,-0.41603900000018257,-0.9944510000000264,-0.7052450000001045,-0.8129349999999249,-0.2919709999996485,-0.5524529999997867,-1.409034000000247,-0.15515200000027107,-0.782093000000259
2023-07-18 13:15:00,-0.4150680000002467,-0.9963290000000598,-0.7056985000001532,-0.8180619999998271,-0.2956140000001142,-0.5568379999999706,-1.410649999999805,-0.15239699999983713,-0.7815234999998211
2023-07-18 14:00:00,-0.41428899999982605,-0.9927010000001246,-0.7034949999999753,-0.8140939999998409,-0.2931300000000192,-0.55361199999993,-1.4072839999998905,-0.15340199999991455,-0.7803429999999025
2023-07-18 14:15:00,-0.41227900000012596,-0.9932890000000043,-0.7027840000000651,-0.8109039999999368,-0.2879400000001624,-0.5494220000000496,-1.4081559999999627,-0.14920799999981682,-0.7786819999998897
2023-07-18 14:30:00,-0.41585200000008626,-0.9974999999999454,-0.7066760000000158,-0.813626000000113,-0.2939230000001771,-0.553774500000145,-1.4044789999998102,-0.1505419999998594,-0.7775104999998348
2023-07-18 14:45:00,-0.41546299999981784,-0.9950410000001284,-0.7052519999999731,-0.8140950000001794,-0.2914420000001883,-0.5527685000001838,-1.407263999999941,-0.14979099999982282,-0.7785274999998819
2023-07-18 15:00:00,-0.41331899999977395,-0.9950389999999061,-0.70417899999984,-0.8116390000000138,-0.2885200000000623,-0.550079500000038,-1.4112159999999676,-0.15153800000007323,-0.7813770000000204
2023-07-18 15:30:00,-0.41559000000006563,-0.996208999999908,-0.7058994999999868,-0.8133580000003349,-0.29260999999996784,-0.5529840000001514,-1.4059520000000703,-0.15095900000005713,-0.7784555000000637
2023-07-18 15:45:00,-0.4177310000000034,-0.9991409999997813,-0.7084359999998924,-0.8064740000004349,-0.28624500000023545,-0.5463595000003352,-1.4037480000001779,-0.14909299999999348,-0.7764205000000857
2023-07-18 16:00:00,-0.41559000000006563,-0.996208999999908,-0.7058994999999868,-0.8151060000000143,-0.29435800000010204,-0.5547320000000582,-1.4059510000001865,-0.15095800000017334,-0.7784545000001799
2023-07-18 16:30:00,-0.41521000000011554,-0.9991530000002058,-0.7071815000001607,-0.8155750000000808,-0.2926640000000589,-0.5541195000000698,-1.4099080000000868,-0.14909399999987727,-0.779500999999982
2023-07-18 16:45:00,-0.4141700000000128,-0.9942360000000008,-0.7042030000000068,-0.8136710000003404,-0.29119700000001103,-0.5524340000001757,-1.407427000000098,-0.1499269999999342,-0.778677000000016
2023-07-18 17:15:00,-0.4130000000000109,-0.9950520000002143,-0.7040260000001126,-0.8171700000002602,-0.29611000000022614,-0.5566400000002432,-1.406268000000182,-0.14980000000014115,-0.7780340000001615
2023-07-18 17:30:00,-0.41241800000034345,-0.9983240000001388,-0.7053710000002411,-0.8072510000001785,-0.2877480000001924,-0.5474995000001854,-1.4062659999999596,-0.14982400000008056,-0.7780450000000201
2023-07-18 18:00:00,-0.41085800000018935,-0.996679000000313,-0.7037685000002512,-0.8094670000000406,-0.288426999999956,-0.5489469999999983,-1.41021899999987,-0.1512720000000627,-0.7807454999999663
2023-07-18 18:15:00,-0.41202800000019124,-0.9966930000000502,-0.7043605000001207,-0.8094670000000406,-0.28726200000028257,-0.5483645000001616,-1.4102200000002085,-0.150101000000177,-0.7801605000001928
2023-07-18 19:15:00,-0.4155989999999292,-0.9986779999999271,-0.7071384999999282,-0.808690000000297,-0.28867399999990084,-0.5486820000000989,-1.407701999999972,-0.1522899999999936,-0.7799959999999828
2023-07-18 19:30:00,-0.41586099999994985,-0.9937610000001769,-0.7048110000000634,-0.8089570000001913,-0.28895600000032573,-0.5489565000002585,-1.4033089999998083,-0.15137499999991633,-0.7773419999998623
2023-07-18 19:45:00,-0.4155879999998433,-0.9950269999999364,-0.7053074999998898,-0.8075189999999566,-0.28846599999997125,-0.5479924999999639,-1.4047820000000684,-0.15340199999991455,-0.7790919999999915
2023-07-18 20:15:00,-0.4165689999999813,-0.9979690000000119,-0.7072689999999966,-0.8117200000001503,-0.29435800000010204,-0.5530390000001262,-1.4008269999999357,-0.1509569999998348,-0.7758919999998852
2023-07-18 20:45:00,-0.4179899999999179,-0.9977239999998346,-0.7078569999998763,-0.8049900000000889,-0.28827700000010736,-0.5466335000000981,-1.4022729999996955,-0.15459400000008827,-0.7784334999998919
2023-07-18 21:00:00,-0.41545899999982794,-0.9997089999997115,-0.7075839999997697,-0.8152509999999893,-0.2972679999998036,-0.5562594999998964,-1.4049329999998008,-0.1521269999998367,-0.7785299999998188
2023-07-18 21:15:00,-0.4129280000001927,-0.9958689999998569,-0.7043985000000248,-0.8089679999998225,-0.29168599999957223,-0.5503269999996974,-1.4027399999999943,-0.15197699999998804,-0.7773584999999912
2023-07-18 21:45:00,-0.4143589999998767,-0.995049999999992,-0.7047044999999343,-0.8057369999996808,-0.28852999999980966,-0.5471334999997453,-1.400097000000187,-0.1509569999998348,-0.775527000000011
2023-07-18 23:45:00,-0.41247800000019197,-0.9938799999999901,-0.703179000000091,-0.8088010000001304,-0.29143800000019837,-0.5501195000001644,-1.4037469999998393,-0.1538749999999709,-0.7788109999999051
2023-07-19 01:30:00,-0.41221600000017133,-0.9948140000001331,-0.7035150000001522,-0.8073620000000119,-0.29002500000024156,-0.5486935000001267,-1.4052200000000994,-0.15459299999974974,-0.7799064999999246
2023-07-19 01:45:00,-0.4122170000000551,-0.9997330000001057,-0.7059750000000804,-0.8091119999999137,-0.2932420000001912,-0.5511770000000524,-1.4034710000000814,-0.15200999999979103,-0.7777404999999362
2023-07-19 02:00:00,-0.4139660000000731,-0.9951559999999517,-0.7045610000000124,-0.8073630000003504,-0.28919900000028065,-0.5482810000003155,-1.4069700000000012,-0.1559029999998529,-0.781436499999927
2023-07-19 03:15:00,-0.4122170000000551,-0.9944470000000365,-0.7033320000000458,-0.8137790000000678,-0.2983830000002854,-0.5560810000001766,-1.4034679999999753,-0.15632000000005064,-0.779894000000013
2023-07-19 03:30:00,-0.4126080000000911,-0.9944479999999203,-0.7035280000000057,-0.8086450000000696,-0.2954650000001493,-0.5520550000001094,-1.3995159999999487,-0.15632099999993443,-0.7779184999999416
2023-07-19 05:00:00,-0.41247900000007576,-0.9972739999998339,-0.7048764999999548,-0.8105490000002646,-0.29542700000001787,-0.5529880000001413,-1.4037450000000717,-0.15534500000012486,-0.7795450000000983
2023-07-19 05:30:00,-0.410729000000174,-0.9938809999998739,-0.7023050000000239,-0.80762999999979,-0.29201800000009825,-0.5498239999999441,-1.4037439999997332,-0.1556230000001051,-0.7796834999999191
2023-07-19 05:45:00,-0.41364999999996144,-0.9943419999999605,-0.703995999999961,-0.8105510000000322,-0.29420500000014727,-0.5523780000000897,-1.4037469999998393,-0.1560429999999542,-0.7798949999998968
2023-07-19 06:00:00,-0.4118980000002921,-0.9943419999999605,-0.7031200000001263,-0.8152190000000701,-0.3006220000002031,-0.5579205000001366,-1.4037469999998393,-0.15778999999974985,-0.7807684999997946
2023-07-19 06:15:00,-0.41073899999992136,-0.9934080000002723,-0.7020735000000968,-0.8093910000002325,-0.2944470000002184,-0.5519190000002254,-1.4054970000001958,-0.1588120000001254,-0.7821545000001606
2023-07-19 06:30:00,-0.41248899999982314,-0.9951569999998355,-0.7038229999998293,-0.8076399999999921,-0.2926969999998619,-0.550168499999927,-1.4054940000000897,-0.15881100000024162,-0.7821525000001657
2023-07-19 07:15:00,-0.4085970000000998,-0.9923650000000634,-0.7004810000000816,-0.8162729999999101,-0.29809800000020914,-0.5571855000000596,-1.4059489999999641,-0.15314600000010614,-0.7795475000000351
2023-07-19 07:45:00,-0.4107400000002599,-0.9947100000003957,-0.7027250000003278,-0.808809999999994,-0.2934349999995902,-0.5511224999997921,-1.4031650000001719,-0.1548929999999018,-0.7790290000000368
2023-07-19 08:30:00,-0.40820899999971516,-0.9951809999997749,-0.701694999999745,-0.8161509999999907,-0.29741999999987456,-0.5567854999999327,-1.4110740000000987,-0.15520699999979115,-0.783140499999945
2023-07-19 08:45:00,-0.4097590000001219,-0.9929470000001857,-0.7013530000001538,-0.8127770000000965,-0.2940200000002733,-0.5533985000001849,-1.4071199999998498,-0.15373399999998583,-0.7804269999999178
2023-07-19 09:00:00,-0.41007600000011735,-0.9946960000002036,-0.7023860000001605,-0.8142459999999119,-0.29517900000018926,-0.5547125000000506,-1.4085919999997714,-0.15373399999998583,-0.7811629999998786
2023-07-19 09:15:00,-0.4100779999998849,-0.9946960000002036,-0.7023870000000443,-0.8130880000003344,-0.2940210000001571,-0.5535545000002458,-1.4097630000001118,-0.15490600000021004,-0.7823345000001609
2023-07-19 10:15:00,-0.4093670000002021,-0.9922369999999319,-0.700802000000067,-0.8144019999999728,-0.29444599999987986,-0.5544239999999263,-1.4075760000000628,-0.15240200000016557,-0.7799890000001142
2023-07-19 11:30:00,-0.4089779999999337,-0.995871999999963,-0.7024249999999483,-0.8166200000000572,-0.29634500000020125,-0.5564825000001292,-1.4144500000002154,-0.1560629999999037,-0.7852565000000595
2023-07-19 11:45:00,-0.4113800000000083,-0.9922380000002704,-0.7018090000001393,-0.8146719999999732,-0.2944470000002184,-0.5545595000000958,-1.408433999999943,-0.15415200000006735,-0.7812930000000051
2023-07-19 12:00:00,-0.40847000000030675,-0.9888590000000477,-0.6986645000001772,-0.8117609999999331,-0.29221000000006825,-0.5519855000000007,-1.404931999999917,-0.1520869999999377,-0.7785094999999274
2023-07-19 12:45:00,-0.40847100000019054,-0.9888600000003862,-0.6986655000002884,-0.8210880000001453,-0.3015380000001642,-0.5613130000001547,-1.4066819999998188,-0.153838000000178,-0.7802599999999984
2023-07-19 13:15:00,-0.4117700000001605,-0.9883759999997892,-0.7000729999999749,-0.8124549999997726,-0.2928799999999683,-0.5526674999998704,-1.4038980000000265,-0.15353499999991982,-0.7787164999999732
2023-07-19 13:30:00,-0.4123490000001766,-0.9930530000001454,-0.702701000000161,-0.8130339999997886,-0.294687999999951,-0.5538609999998698,-1.4027280000000246,-0.1516830000000482,-0.7772055000000364
2023-07-19 13:45:00,-0.40955799999983356,-0.993989000000056,-0.7017734999999448,-0.8154500000000553,-0.29444599999987986,-0.5549479999999676,-1.4132800000002135,-0.15532100000018545,-0.7843005000001995
2023-07-19 14:00:00,-0.409947000000102,-0.9946960000002036,-0.7023215000001528,-0.8132329999998547,-0.29342899999983274,-0.5533309999998437,-1.4064060000000609,-0.15023400000018228,-0.7783200000001216
2023-07-19 14:15:00,-0.4078039999999419,-0.9917660000000978,-0.6997850000000199,-0.8142870000001494,-0.29395900000008623,-0.5541230000001178,-1.410356999999749,-0.15383599999995567,-0.7820964999998523
2023-07-19 14:30:00,-0.40968599999996513,-0.9942270000001372,-0.7019565000000512,-0.8153040000001965,-0.2946930000002794,-0.554998500000238,-1.409628999999768,-0.1522500000000946,-0.7809394999999313
2023-07-19 14:45:00,-0.4078170000002501,-0.9888590000000477,-0.6983380000001489,-0.8137090000000171,-0.2904600000001665,-0.5520845000000918,-1.412108999999873,-0.15266699999983757,-0.7823879999998553
2023-07-19 15:00:00,-0.40580899999986286,-0.9900290000000496,-0.6979189999999562,-0.8122579999999289,-0.29046100000005026,-0.5513594999999896,-1.411819999999807,-0.1526770000000397,-0.7822484999999233
2023-07-19 15:15:00,-0.4075590000002194,-0.9916590000002543,-0.6996090000002368,-0.8157569999998486,-0.2926959999999781,-0.5542264999999134,-1.4135700000001634,-0.15239900000005946,-0.7829845000001114
2023-07-19 15:30:00,-0.40852799999993294,-0.9938820000002124,-0.7012050000000727,-0.8135419999998703,-0.2931859999998778,-0.5533639999998741,-1.4084459999999126,-0.15095100000007733,-0.779698499999995
2023-07-19 15:45:00,-0.4065770000001976,-0.9879240000000209,-0.6972505000001092,-0.8124970000003486,-0.2924520000001394,-0.552474500000244,-1.4056759999998576,-0.1513679999998203,-0.778521999999839
2023-07-19 16:00:00,-0.40689800000018295,-0.9903830000002927,-0.6986405000002378,-0.8163110000000415,-0.29493600000023434,-0.5556235000001379,-1.409490999999889,-0.15154299999994691,-0.780516999999918
2023-07-19 17:00:00,-0.4076199999999517,-0.987217000000328,-0.6974185000001398,-0.8144040000001951,-0.2934700000000703,-0.5539370000001327,-1.409907000000203,-0.1552849999998216,-0.7825960000000123
2023-07-19 17:15:00,-0.4087779999999839,-0.9890839999998207,-0.6989309999999023,-0.8173119999996743,-0.2953619999998409,-0.5563369999997576,-1.4099059999998644,-0.1531179999997221,-0.7815119999997933
2023-07-19 17:30:00,-0.4076199999999517,-0.9899099999997816,-0.6987649999998666,-0.8144039999997403,-0.29386599999998,-0.5541349999998602,-1.408158000000185,-0.15239999999994325,-0.7802790000000641
2023-07-19 18:00:00,-0.40787700000009863,-0.9874519999998483,-0.6976644999999735,-0.8158429999998589,-0.2960410000000593,-0.5559419999999591,-1.4084439999996903,-0.1557249999996202,-0.7820844999996552
2023-07-19 18:30:00,-0.40865800000028685,-0.9899089999998978,-0.6992835000000923,-0.8145570000001499,-0.2921160000000782,-0.553336500000114,-1.4094660000000658,-0.15122900000005757,-0.7803475000000617
2023-07-19 18:45:00,-0.4057369999995899,-0.9903839999997217,-0.6980604999996558,-0.8099010000000817,-0.28968699999995806,-0.5497940000000199,-1.4077400000001035,-0.15095199999996112,-0.7793460000000323
2023-07-19 20:00:00,-0.40929700000015146,-0.9928420000001097,-0.7010695000001306,-0.812612000000172,-0.2939179999998487,-0.5532650000000103,-1.4023019999999633,-0.14878300000009403,-0.7755425000000287
2023-07-19 20:15:00,-0.4071560000002137,-0.9903830000002927,-0.6987695000002532,-0.8148280000000341,-0.294934000000012,-0.554881000000023,-1.406257000000096,-0.1509499999997388,-0.7786034999999174
2023-07-19 20:30:00,-0.40573700000004465,-0.9911980000001677,-0.6984675000001062,-0.8145560000002661,-0.29459700000006706,-0.5545765000001666,-1.407137000000148,-0.15023199999995995,-0.778684500000054
2023-07-19 20:45:00,-0.40891700000020137,-0.9958670000000893,-0.7023920000001453,-0.8113240000002406,-0.29459700000006706,-0.5529605000001538,-1.4044919999996637,-0.15198199999986173,-0.7782369999997627
2023-07-19 21:15:00,-0.41008700000020326,-0.9944500000001426,-0.7022685000001729,-0.8113260000000082,-0.2954620000000432,-0.5533940000000257,-1.4039139999999861,-0.15456499999982043,-0.7792394999999033
2023-07-19 21:30:00,-0.4103460000001178,-0.9951590000000579,-0.7027525000000878,-0.8098559999998542,-0.29444499999999607,-0.5521504999999252,-1.404790999999932,-0.15589700000009543,-0.7803440000000137
2023-07-19 21:45:00,-0.4099550000000818,-0.9944489999998041,-0.7022019999999429,-0.8103219999998146,-0.2937120000001414,-0.552016999999978,-1.4069939999999406,-0.15631399999983842,-0.7816539999998895
2023-07-19 22:00:00,-0.414234999999735,-0.9952769999999873,-0.7047559999998612,-0.8076399999999921,-0.2922079999998459,-0.549923999999919,-1.400836999999683,-0.15442399999983536,-0.7776304999997592
2023-07-19 22:30:00,-0.4153959999998733,-1.0005259999998088,-0.7079609999998411,-0.808809999999994,-0.29459799999995084,-0.5517039999999724,-1.401995999999599,-0.15489099999967948,-0.7784434999996392
2023-07-19 22:45:00,-0.4150049999998373,-0.999369999999999,-0.7071874999999181,-0.8139360000000124,-0.29634200000009514,-0.5551390000000538,-1.4053730000000542,-0.15313800000012634,-0.7792555000000903
2023-07-19 23:00:00,-0.4117670000000544,-0.9951630000000478,-0.7034650000000511,-0.8095440000001872,-0.29444899999998597,-0.5519965000000866,-1.4027280000000246,-0.15530500000022585,-0.7790165000001252
2023-07-19 23:15:00,-0.4175350000000435,-0.9962010000003829,-0.7068680000002132,-0.8083419999998114,-0.293713999999909,-0.5510279999998602,-1.396291999999903,-0.15280199999961042,-0.7745469999997567
2023-07-19 23:30:00,-0.41150500000003376,-0.9944519999999102,-0.702978499999972,-0.8110249999999724,-0.29546399999981077,-0.5532444999998916,-1.405369999999948,-0.15747099999998682,-0.7814204999999674
2023-07-19 23:45:00,-0.4117660000001706,-0.9980900000000474,-0.704928000000109,-0.8107030000001032,-0.2956669999998667,-0.5531849999999849,-1.4015580000000227,-0.15228100000013,-0.7769195000000764
2023-07-20 00:15:00,-0.4152649999996356,-1.0018279999999322,-0.7085464999997839,-0.8124519999996664,-0.29707299999972747,-0.554762499999697,-1.4044770000000426,-0.15446899999960806,-0.7794729999998253
2023-07-20 01:15:00,-0.41325400000005175,-0.9993650000001253,-0.7063095000000885,-0.8145129999998062,-0.2986750000000029,-0.5565939999999046,-1.405369999999948,-0.15489800000023024,-0.7801340000000891
2023-07-20 02:45:00,-0.41565499999978783,-0.998660999999629,-0.7071579999997084,-0.8108250000000226,-0.29794700000002194,-0.5543860000000222,-1.4022710000003826,-0.15880300000026182,-0.7805370000003222
2023-07-20 03:00:00,-0.41390400000000227,-0.9992489999999634,-0.7065764999999828,-0.8137339999998403,-0.3003239999998186,-0.5570289999998295,-1.4011010000003807,-0.15518900000006397,-0.7781450000002224
2023-07-20 04:30:00,-0.41364500000008775,-0.9944519999999102,-0.704048499999999,-0.8088080000002265,-0.29371400000036374,-0.5512610000002951,-1.4031639999998333,-0.15747000000010303,-0.7803169999999682
2023-07-20 04:45:00,-0.4132529999997132,-0.9981870000001436,-0.7057199999999284,-0.8139320000000225,-0.2997850000001563,-0.5568585000000894,-1.4053690000000643,-0.15850099999988743,-0.7819349999999758
2023-07-20 05:00:00,-0.41351399999985006,-0.9957279999998718,-0.7046209999998609,-0.8124499999998989,-0.2990519999998469,-0.5557509999998729,-1.4027259999998023,-0.15891800000008516,-0.7808219999999437
2023-07-20 05:15:00,-0.4153929999997672,-0.9986559999997553,-0.7070244999997612,-0.8076380000002246,-0.293282999999974,-0.5504605000000993,-1.4014149999998153,-0.15531499999997322,-0.7783649999998943
2023-07-20 06:15:00,-0.41487199999983204,-1.0021560000000136,-0.7085139999999228,-0.8146679999999833,-0.30086100000016813,-0.5577645000000757,-1.404931999999917,-0.1570659999997588,-0.7809989999998379
2023-07-20 06:45:00,-0.41461100000014994,-1.002864000000045,-0.7087375000000975,-0.8161490000002232,-0.2998450000000048,-0.557997000000114,-1.4093239999997422,-0.15664800000013201,-0.7829859999999371
2023-07-20 07:15:00,-0.4141610000001492,-1.0006399999997484,-0.7074004999999488,-0.810743999999886,-0.2946839999999611,-0.5527139999999235,-1.4074220000002242,-0.15633600000001024,-0.7818790000001172
2023-07-20 07:30:00,-0.4159709999998995,-1.0065989999998237,-0.7112849999998616,-0.8171959999999672,-0.3000889999998435,-0.5586424999999053,-1.411518000000342,-0.15592100000003484,-0.7837195000001884
2023-07-20 08:00:00,-0.41738900000018475,-1.005065000000286,-0.7112270000002354,-0.8139769999997952,-0.2979419999996935,-0.5559594999997444,-1.4083169999998972,-0.156474999999773,-0.7823959999998351
2023-07-20 09:15:00,-0.41940999999997075,-1.0063639999998486,-0.7128869999999097,-0.813666000000012,-0.29692500000010114,-0.5552955000000566,-1.4074239999999918,-0.15488699999968958,-0.7811554999998407
2023-07-20 09:45:00,-0.41526100000010047,-1.005322999999862,-0.7102919999999813,-0.8191000000001623,-0.2994069999999738,-0.559253500000068,-1.41399999999976,-0.1544699999999466,-0.7842349999998532
2023-07-20 10:00:00,-0.4209019999998418,-1.0081139999997504,-0.7145079999997961,-0.8168850000001839,-0.2986750000000029,-0.5577800000000934,-1.4117960000003222,-0.15663800000038464,-0.7842170000003534
2023-07-20 10:30:00,-0.41915100000005623,-1.0080069999999068,-0.7135789999999815,-0.8186350000000857,-0.30091399999992063,-0.5597745000000032,-1.4117969999997513,-0.15635899999961111,-0.7840779999996812
2023-07-20 11:00:00,-0.4155809999997473,-1.006840000000011,-0.7112104999998792,-0.8159150000001318,-0.2962480000001051,-0.5560815000001185,-1.4154840000001059,-0.15519899999981135,-0.7853414999999586
2023-07-20 11:30:00,-0.41382999999996173,-1.011884999999893,-0.7128574999999273,-0.8124139999999898,-0.29436699999996563,-0.5533904999999777,-1.4137329999998656,-0.15161799999987124,-0.7826754999998684
2023-07-20 11:45:00,-0.4155809999997473,-1.011884999999893,-0.7137329999998201,-0.8205830000001697,-0.30078499999990527,-0.5606840000000375,-1.414314000000104,-0.15044799999986935,-0.7823809999999867
2023-07-20 12:00:00,-0.4155780000000959,-1.0104670000000624,-0.7130225000000792,-0.8194119999998293,-0.3016480000001138,-0.5605299999999716,-1.412565000000086,-0.15303300000005038,-0.7827990000000682
2023-07-20 12:15:00,-0.4177209999998013,-1.0143429999998261,-0.7160319999998137,-0.8136990000002697,-0.2951010000001588,-0.5544000000002143,-1.4103620000000774,-0.14828200000010838,-0.7793220000000929
2023-07-20 12:30:00,-0.4163610000000517,-1.0012259999998605,-0.7087934999999561,-0.8132410000002892,-0.2946890000002895,-0.5539650000002894,-1.4064060000000609,-0.15224399999988236,-0.7793249999999716
2023-07-20 12:45:00,-0.4155829999999696,-1.0023969999997462,-0.7089899999998579,-0.8176760000001195,-0.2958600000001752,-0.5567680000001474,-1.4131569999999556,-0.15225499999996828,-0.7827059999999619
2023-07-20 13:00:00,-0.41344100000014805,-1.004146000000219,-0.7087935000001835,-0.8134719999998197,-0.2929420000000391,-0.5532069999999294,-1.4153580000001966,-0.15400499999987005,-0.7846815000000333
2023-07-20 13:15:00,-0.41357300000026953,-0.9999380000003839,-0.7067555000003267,-0.8220519999999851,-0.29978499999970154,-0.5609184999998433,-1.4140250000000378,-0.15267099999982747,-0.7833479999999327
2023-07-20 13:30:00,-0.4157130000003235,-1.001568000000134,-0.7086405000002287,-0.8169269999998505,-0.29561199999989185,-0.5562694999998712,-1.4118220000000292,-0.15239500000006956,-0.7821085000000494
2023-07-20 13:45:00,-0.41280300000016723,-1.0006429999998545,-0.7067230000000109,-0.8140079999998306,-0.2941059999998288,-0.5540569999998297,-1.4089030000000093,-0.15050699999983408,-0.7797049999999217
2023-07-20 14:30:00,-0.4107910000002448,-1.001009999999951,-0.705900500000098,-0.8125700000000506,-0.29099600000017745,-0.551783000000114,-1.4132959999997183,-0.15052799999966737,-0.7819119999996929
2023-07-20 15:00:00,-0.4111809999999423,-0.9980780000000777,-0.70462950000001,-0.8121040000000903,-0.292692999999872,-0.5523984999999811,-1.409342999999808,-0.15239500000006956,-0.7808689999999388
2023-07-20 15:15:00,-0.4139610000001994,-1.0039299999998548,-0.7089455000000271,-0.810512000000017,-0.29041800000004514,-0.5504650000000311,-1.4106649999998808,-0.1505290000000059,-0.7805969999999434
2023-07-20 15:30:00,-0.41369799999984025,-1.002042000000074,-0.7078699999999571,-0.8137420000002749,-0.2948750000000473,-0.5543085000001611,-1.4133090000000266,-0.15630000000010114,-0.7848045000000639
2023-07-20 15:45:00,-0.4139589999999771,-1.0015769999999975,-0.7077679999999873,-0.814010000000053,-0.29444199999988996,-0.5542259999999715,-1.4118349999998827,-0.15414400000008754,-0.7829894999999851
2023-07-20 16:00:00,-0.41609999999991487,-1.000293000000056,-0.7081964999999855,-0.8088859999998022,-0.29021499999998923,-0.5495504999998957,-1.4084609999999884,-0.15454899999986083,-0.7815049999999246
2023-07-20 16:15:00,-0.4125300000000607,-1.0015819999998712,-0.7070559999999659,-0.8073340000000826,-0.2874490000003789,-0.5473915000002307,-1.413307999999688,-0.1541319999996631,-0.7837199999996756
2023-07-20 16:30:00,-0.41051999999990585,-0.9990029999999024,-0.7047614999999041,-0.8123020000002725,-0.2907010000003538,-0.5515015000003132,-1.4153489999998783,-0.15369299999974828,-0.7845209999998133
2023-07-20 16:45:00,-0.41110200000002806,-0.9990039999997862,-0.7050529999999071,-0.8175519999999779,-0.29537000000027547,-0.5564610000001267,-1.4170999999996639,-0.15486299999975017,-0.785981499999707
2023-07-20 17:00:00,-0.40837999999985186,-0.9965449999999691,-0.7024624999999105,-0.811598000000231,-0.2887980000000425,-0.5501980000001367,-1.4187229999997726,-0.15527900000006412,-0.7870009999999183
2023-07-20 17:15:00,-0.41051999999990585,-0.9990029999999024,-0.7047614999999041,-0.8105530000002545,-0.28895200000033583,-0.5497525000002952,-1.4147689999999784,-0.1531129999998484,-0.7839409999999134
2023-07-20 17:45:00,-0.40987300000006144,-0.9979629999997996,-0.7039179999999305,-0.8163500000000568,-0.2961030000001301,-0.5562265000000934,-1.4106659999997646,-0.1515269999999873,-0.781096499999876
2023-07-20 18:00:00,-0.4094789999999193,-0.9985289999999623,-0.7040039999999408,-0.8168160000000171,-0.29779899999994086,-0.557307499999979,-1.4128689999997732,-0.1551409999997304,-0.7840049999997518
2023-07-20 18:45:00,-0.4099989999999707,-0.9990029999999024,-0.7045009999999365,-0.8086150000003727,-0.29187000000001717,-0.5502425000001949,-1.4070229999997537,-0.15311100000008082,-0.7800669999999172
2023-07-20 20:30:00,-0.4114999999997053,-0.9986479999997755,-0.7050739999997404,-0.8089239999999336,-0.2908930000003238,-0.5499085000001287,-1.4143120000003364,-0.15949399999999514,-0.7869030000001658
2023-07-20 20:45:00,-0.41143000000010943,-0.9990029999999024,-0.7052165000000059,-0.8100439999998343,-0.29361000000017157,-0.551827000000003,-1.408458999999766,-0.15601999999989857,-0.7822394999998323
2023-07-20 21:00:00,-0.40904100000034305,-0.996900000000096,-0.7029705000002195,-0.8143169999998463,-0.29613300000028175,-0.555225000000064,-1.413293000000067,-0.15774599999986094,-0.785519499999964
2023-07-20 21:15:00,-0.4138429999998152,-0.9988929999999527,-0.706367999999884,-0.8063560000000507,-0.29060600000002523,-0.548481000000038,-1.4059509999997317,-0.15633299999990413,-0.7811419999998179
2023-07-20 21:30:00,-0.4098220000000765,-0.9992520000000695,-0.704537000000073,-0.8081339999998818,-0.2938560000002326,-0.5509950000000572,-1.4083029999997052,-0.1582189999999173,-0.7832609999998112
2023-07-20 21:45:00,-0.4094310000000405,-0.9985440000000381,-0.7039875000000393,-0.8150200000000041,-0.29954200000020137,-0.5572810000001027,-1.4110889999997198,-0.1592160000000149,-0.7851524999998674
2023-07-20 22:30:00,-0.4107899999999063,-0.9986480000002302,-0.7047190000000683,-0.8108179999999265,-0.29263300000002346,-0.551725499999975,-1.415042000000085,-0.15949399999999514,-0.78726800000004
2023-07-20 22:45:00,-0.4157079999999951,-1.0026159999997617,-0.7091619999998784,-0.8140090000001692,-0.2954580000000533,-0.5547335000001112,-1.414752000000135,-0.1592279999999846,-0.7869900000000598
2023-07-21 00:15:00,-0.41824099999985265,-1.0033269999998993,-0.710783999999876,-0.811326999999892,-0.29444199999988996,-0.552884499999891,-1.4103439999998955,-0.15881099999978687,-0.7845774999998412
2023-07-21 01:45:00,-0.41077899999982037,-0.9883529999997336,-0.699565999999777,-0.8108310000002348,-0.2875220000000809,-0.5491765000001578,-1.4179750000002969,-0.1607450000001336,-0.7893600000002152
2023-07-21 02:30:00,-0.4182989999999336,-0.9931269999997312,-0.7057129999998324,-0.8148670000000493,-0.29345100000000457,-0.5541590000000269,-1.4150180000001455,-0.1627720000001318,-0.7888950000001387
2023-07-21 03:30:00,-0.41680799999994633,-0.9954800000000432,-0.7061439999999948,-0.8145559999998113,-0.2958340000000135,-0.5551949999999124,-1.4106460000002699,-0.1603280000003906,-0.7854870000003302
2023-07-21 03:45:00,-0.41291799999999057,-0.9917459999996936,-0.7023319999998421,-0.8121129999999539,-0.2915109999999004,-0.5518119999999271,-1.4128490000002785,-0.15929500000038388,-0.7860720000003312
2023-07-21 04:00:00,-0.4165490000000318,-0.995480999999927,-0.7060149999999794,-0.8160250000000815,-0.2958340000000135,-0.5559295000000475,-1.4150150000000394,-0.16207500000018626,-0.7885450000001129
2023-07-21 04:15:00,-0.415056999999706,-0.9930209999997714,-0.7040389999997387,-0.80814700000019,-0.29044100000010076,-0.5492940000001454,-1.4106460000002699,-0.162492000000384,-0.7865690000003269
2023-07-21 04:30:00,-0.41544900000008056,-0.9942049999999654,-0.704827000000023,-0.8105900000000474,-0.29340400000000955,-0.5519970000000285,-1.4084420000003774,-0.16062700000020413,-0.7845345000002908
2023-07-21 04:45:00,-0.4171990000004371,-0.9975850000000719,-0.7073920000002545,-0.8123399999999492,-0.29563999999982116,-0.5539899999998852,-1.4084420000003774,-0.16035099999999147,-0.7843965000001845
2023-07-21 05:15:00,-0.4158359999996719,-1.001332999999704,-0.708584499999688,-0.8086140000000341,-0.29122899999993024,-0.5499214999999822,-1.4140190000002804,-0.1613800000000083,-0.7876995000001443
2023-07-21 05:30:00,-0.4182389999996303,-0.9995829999998023,-0.7089109999997163,-0.8078259999997499,-0.29063799999994444,-0.5492319999998472,-1.409172000000126,-0.15963000000010652,-0.7844010000001163
2023-07-21 05:45:00,-0.4147400000001653,-0.9985419999998157,-0.7066409999999905,-0.8078260000002047,-0.29137200000013763,-0.5495990000001711,-1.4091719999996712,-0.15921399999979258,-0.7841929999997319
2023-07-21 06:00:00,-0.414737999999943,-1.0002909999998337,-0.7075144999998884,-0.8078249999998661,-0.2931220000000394,-0.5504734999999528,-1.4074210000003404,-0.15921400000024732,-0.7833175000002939
2023-07-21 06:15:00,-0.4160980000001473,-1.0013330000001588,-0.708715500000153,-0.808882000000267,-0.29297900000028676,-0.5509305000002769,-1.4113750000001346,-0.1613800000000083,-0.7863775000000714
2023-07-21 06:45:00,-0.4151299999998628,-0.997124999999869,-0.7061274999998659,-0.805609000000004,-0.29340499999989333,-0.5495069999999487,-1.4063860000001114,-0.1647170000001097,-0.7855515000001105
2023-07-21 07:00:00,-0.4167499999998654,-1.0014390000001185,-0.709094499999992,-0.8075130000001991,-0.29656800000020667,-0.5520405000002029,-1.4041979999997238,-0.162829999999758,-0.7835139999997409
2023-07-21 07:30:00,-0.4147400000001653,-1.000868999999966,-0.7078045000000657,-0.8078270000000884,-0.2937090000000353,-0.5507680000000619,-1.4097520000000259,-0.16213599999991857,-0.7859439999999722
2023-07-21 08:00:00,-0.4153320000000349,-1.0015779999998813,-0.7084549999999581,-0.8113229999999021,-0.29561100000000806,-0.5534669999999551,-1.4091589999998178,-0.1588090000000193,-0.7839839999999185
2023-07-21 08:45:00,-0.4157110000001012,-1.0037790000001223,-0.7097450000001118,-0.8140060000000631,-0.2966280000000552,-0.5553170000000591,-1.4147289999996246,-0.16038699999990058,-0.7875579999997626
2023-07-21 09:00:00,-0.41570899999987887,-1.004251999999724,-0.7099804999998014,-0.816925000000083,-0.2988669999999729,-0.5578960000000279,-1.4147299999999632,-0.15893800000003466,-0.7868339999999989
2023-07-21 10:00:00,-0.4135700000001634,-1.0049620000004325,-0.7092660000002979,-0.8179709999999432,-0.29842999999982567,-0.5582004999998844,-1.418684000000212,-0.15851999999995314,-0.7886020000000826
2023-07-21 10:15:00,-0.4135710000000472,-1.0074209999997947,-0.710495999999921,-0.817971999999827,-0.29916499999990265,-0.5585684999998648,-1.4186819999999898,-0.15810499999997774,-0.7883934999999838
2023-07-21 10:45:00,-0.4131779999997889,-1.0108139999997547,-0.7119959999997718,-0.8102699999999459,-0.29148699999996097,-0.5508784999999534,-1.4197269999999662,-0.1566649999999754,-0.7881959999999708
2023-07-21 11:00:00,-0.4114279999998871,-1.0074190000000272,-0.7094234999999571,-0.8166870000000017,-0.2974130000002333,-0.5570500000001175,-1.4208859999998822,-0.1581029999997554,-0.7894944999998188
2023-07-21 11:30:00,-0.4100079999998343,-1.0013429999999062,-0.7056754999998702,-0.8146700000002056,-0.2924480000001495,-0.5535590000001775,-1.4194509999997535,-0.15485799999987648,-0.787154499999815
2023-07-21 11:45:00,-0.4103999999997541,-0.9981779999998253,-0.7042889999997897,-0.8130340000002434,-0.2933120000002418,-0.5531730000002426,-1.417247999999745,-0.15919099999973696,-0.788219499999741
2023-07-21 12:00:00,-0.4082579999999325,-0.9988840000000891,-0.7035710000000108,-0.8164190000002236,-0.2952140000002146,-0.5558165000002191,-1.4194509999997535,-0.157024999999976,-0.7882379999998648
2023-07-21 12:15:00,-0.4103989999998703,-0.9991209999998318,-0.7047599999998511,-0.8147859999999127,-0.2937080000001515,-0.5542470000000321,-1.4160809999998492,-0.1551369999997405,-0.7856089999997948
2023-07-21 12:30:00,-0.40721899999971356,-0.9995939999998882,-0.7034064999998009,-0.8145150000000285,-0.29419700000016746,-0.554356000000098,-1.418721000000005,-0.156608000000233,-0.787664500000119
2023-07-21 12:45:00,-0.41110799999978553,-0.9988839999996344,-0.70499599999971,-0.8123000000000502,-0.2917149999998401,-0.5520074999999451,-1.4165170000001126,-0.157024999999976,-0.7867710000000443
2023-07-21 13:00:00,-0.4111080000002403,-1.00051300000041,-0.7058105000003252,-0.8140490000000682,-0.2939499999997679,-0.553999499999918,-1.4165160000002288,-0.1567480000003343,-0.7866320000002816
2023-07-21 13:15:00,-0.41012799999998606,-1.0000449999997727,-0.7050864999998794,-0.8174260000000686,-0.29637400000001435,-0.5569000000000415,-1.4204719999997906,-0.15877399999999398,-0.7896229999998923
2023-07-21 13:30:00,-0.4126579999997375,-0.9990020000000186,-0.705829999999878,-0.8153330000000096,-0.29419700000016746,-0.5547650000000885,-1.414314000000104,-0.15485799999987648,-0.7845859999999902
2023-07-21 14:00:00,-0.4107899999999063,-0.996661000000131,-0.7037255000000187,-0.8125690000001669,-0.2929739999999583,-0.5527715000000626,-1.4132939999999508,-0.15672300000005635,-0.7850085000000036
2023-07-21 14:15:00,-0.4106480000000374,-0.9984159999999065,-0.704531999999972,-0.8109760000002098,-0.29238900000018475,-0.5516825000001973,-1.4157869999999093,-0.1596309999999903,-0.7877089999999498
2023-07-21 15:45:00,-0.4107770000000528,-0.9966639999997824,-0.7037204999999176,-0.8137400000000525,-0.2941369999998642,-0.5539384999999584,-1.413307000000259,-0.15671000000020285,-0.7850085000002309
2023-07-21 16:00:00,-0.40973899999971763,-0.9973599999998441,-0.7035494999997809,-0.8153320000001258,-0.29662499999994907,-0.5559785000000375,-1.4143129999997655,-0.1580539999999928,-0.7861834999998791
2023-07-21 16:45:00,-0.41012799999998606,-0.9971120000000155,-0.7036200000000008,-0.8180160000001706,-0.2969100000000253,-0.557463000000098,-1.420473000000129,-0.16064000000005763,-0.7905565000000934
2023-07-21 17:00:00,-0.41265999999995984,-0.9977159999998548,-0.7051879999999073,-0.8118360000003122,-0.2911360000002787,-0.5514860000002955,-1.4160649999998896,-0.15819299999975556,-0.7871289999998226
2023-07-21 17:15:00,-0.4105180000001383,-0.9977140000000873,-0.7041160000001128,-0.8123000000000502,-0.2911340000000564,-0.5517170000000533,-1.4182660000001306,-0.15819299999975556,-0.7882294999999431
2023-07-21 17:30:00,-0.40909800000008545,-0.9958480000000236,-0.7024730000000545,-0.8126139999999396,-0.2909819999999854,-0.5517979999999625,-1.4209129999999277,-0.16035999999985506,-0.7906364999998914
2023-07-21 17:45:00,-0.41123700000025565,-1.0014719999999215,-0.7063545000000886,-0.8133150000003297,-0.29260000000022046,-0.5529575000002751,-1.4157860000000255,-0.15443899999991118,-0.7851124999999683
2023-07-21 18:00:00,-0.41123800000013944,-1.0007650000002286,-0.706001500000184,-0.8133170000000973,-0.29361800000015137,-0.5534675000001243,-1.4157890000001316,-0.15660699999989447,-0.786198000000013
2023-07-21 18:30:00,-0.40909800000008545,-0.9958470000001398,-0.7024725000001126,-0.8108640000000378,-0.28923200000008364,-0.5500480000000607,-1.416244000000006,-0.1556909999999334,-0.7859674999999697
2023-07-21 20:30:00,-0.40863900000022113,-0.9990060000000085,-0.7038225000001148,-0.8130489999998645,-0.2924489999995785,-0.5527489999997215,-1.419010999999955,-0.15776699999969424,-0.7883889999998246
2023-07-21 21:00:00,-0.4086499999998523,-0.9978369999998904,-0.7032434999998713,-0.8112840000003416,-0.29238800000030096,-0.5518360000003213,-1.416077999999743,-0.15846000000010463,-0.7872689999999238
2023-07-21 21:30:00,-0.4068999999999505,-0.9939770000000863,-0.7004385000000184,-0.8142060000000129,-0.29263700000001336,-0.5534215000000131,-1.4155009999999493,-0.15483499999982087,-0.7851679999998851
2023-07-21 22:00:00,-0.41182000000026164,-0.9980470000000423,-0.704933500000152,-0.8127230000000054,-0.2949170000001686,-0.553820000000087,-1.4151850000002923,-0.16135699999995268,-0.7882710000001225
2023-07-21 22:15:00,-0.4070280000000821,-0.9965549999997165,-0.7017914999998993,-0.8163880000001882,-0.29755199999999604,-0.5569700000000921,-1.411859999999706,-0.15411300000005212,-0.782986499999879
2023-07-21 22:45:00,-0.4103290000002744,-0.9994660000002114,-0.7048975000002429,-0.8141729999997551,-0.2975539999997636,-0.5558634999997594,-1.4108139999998457,-0.15702299999975367,-0.7839184999997997
2023-07-21 23:15:00,-0.4107200000003104,-0.9999400000001515,-0.7053300000002309,-0.8137050000000272,-0.2986230000001342,-0.5561640000000807,-1.4086090000000695,-0.15732500000012806,-0.7829670000000988
2023-07-21 23:30:00,-0.40928900000017165,-0.9974799999999959,-0.7033845000000838,-0.815766000000167,-0.299637999999959,-0.557702000000063,-1.4118310000003476,-0.15949100000034377,-0.7856610000003457
2023-07-21 23:45:00,-0.41071800000008807,-0.9986499999999978,-0.7046840000000429,-0.8107850000001235,-0.29613800000015544,-0.5534615000001395,-1.4086090000000695,-0.15890899999976682,-0.7837589999999182
2023-07-22 00:00:00,-0.41246899999987363,-0.9987559999999576,-0.7056124999999156,-0.8136949999998251,-0.29855899999984103,-0.5561269999998331,-1.4086090000000695,-0.15918999999985317,-0.7838994999999613
2023-07-22 00:30:00,-0.4123389999999745,-0.9992309999997815,-0.705784999999878,-0.8109329999997499,-0.29438100000015766,-0.5526569999999538,-1.4110909999999421,-0.15891099999998914,-0.7850009999999656
2023-07-22 00:45:00,-0.4105890000000727,-0.9933780000001207,-0.7019835000000967,-0.8109300000000985,-0.29315600000018094,-0.5520430000001397,-1.409338999999818,-0.1578559999998106,-0.7835974999998143
2023-07-22 01:00:00,-0.4116879999996854,-0.9964039999999841,-0.7040459999998347,-0.8163779999999861,-0.29733500000020285,-0.5568565000000945,-1.4141869999998562,-0.15930500000013126,-0.7867459999999937
2023-07-22 01:15:00,-0.41246899999987363,-0.9934969999999339,-0.7029829999999038,-0.8148639999999432,-0.29733699999997043,-0.5561004999999568,-1.4097779999997329,-0.15988100000004124,-0.784829499999887
2023-07-22 02:00:00,-0.41058799999973417,-0.9930229999999938,-0.701805499999864,-0.8091810000000805,-0.2933499999999185,-0.5512654999999995,-1.409338999999818,-0.16133099999979095,-0.7853349999998045
2023-07-22 02:15:00,-0.41032700000005207,-0.9955969999996341,-0.7029619999998431,-0.8124109999998836,-0.29423099999985425,-0.553320999999869,-1.410233000000062,-0.15641899999991438,-0.7833259999999882
2023-07-22 02:45:00,-0.41071899999997186,-0.9953620000001138,-0.7030405000000428,-0.8090360000001056,-0.293409000000338,-0.5512225000002218,-1.408027999999831,-0.15888700000004974,-0.7834574999999404
2023-07-22 03:00:00,-0.41460800000004383,-0.9939429999999447,-0.7042754999999943,-0.813227999999981,-0.29835000000002765,-0.5557890000000043,-1.4058239999999387,-0.16147099999989223,-0.7836474999999155
2023-07-22 03:15:00,-0.41499900000007983,-0.9933759999998983,-0.7041874999999891,-0.8081040000001849,-0.29199500000004264,-0.5500495000001138,-1.402451999999812,-0.1566859999998087,-0.7795689999998103
2023-07-22 03:30:00,-0.4116879999996854,-0.9922059999998964,-0.7019469999997909,-0.8132270000000972,-0.2966529999998784,-0.5549399999999878,-1.404653000000053,-0.1566849999999249,-0.780668999999989
2023-07-22 04:45:00,-0.40994099999988975,-0.9896450000001096,-0.6997929999999997,-0.8114799999998468,-0.2946630000001278,-0.5530714999999873,-1.4064049999997223,-0.15857400000004418,-0.7824894999998833
2023-07-22 05:00:00,-0.40955099999973754,-0.9904599999999846,-0.7000054999998611,-0.8136970000000474,-0.2949060000000827,-0.5543015000000651,-1.4103609999997389,-0.15843599999971048,-0.7843984999997247
2023-07-22 06:30:00,-0.4084499999999025,-0.9922189999997499,-0.7003344999998262,-0.8148970000002009,-0.2954949999998462,-0.5551960000000236,-1.4144529999998667,-0.15960499999982858,-0.7870289999998477
2023-07-22 06:45:00,-0.41032700000005207,-0.997476000000006,-0.703901500000029,-0.8159099999998034,-0.29788300000018353,-0.5568964999999935,-1.4119719999998779,-0.15716199999997116,-0.7845669999999245
2023-07-22 07:30:00,-0.40701799999988,-0.9945569999999861,-0.7007874999999331,-0.8117099999999482,-0.2914660000001277,-0.5515880000000379,-1.4159279999998944,-0.15716099999963262,-0.7865444999997635
2023-07-22 08:45:00,-0.4084480000001349,-0.9922169999999824,-0.7003325000000586,-0.8113969999999426,-0.29199500000004264,-0.5516959999999926,-1.4132919999997284,-0.15844400000014502,-0.7858679999999367
2023-07-22 11:30:00,-0.407408999999916,-0.9970189999999093,-0.7022139999999126,-0.8112529999998515,-0.2939519999999902,-0.5526024999999208,-1.4096439999998438,-0.15440300000000207,-0.7820234999999229
2023-07-22 11:45:00,-0.40740999999979977,-0.9940879999999197,-0.7007489999998597,-0.8176619999999275,-0.300307999999859,-0.5589849999998933,-1.4113939999997456,-0.15801799999962896,-0.7847059999996873
2023-07-22 12:00:00,-0.40889900000001944,-1.001571999999669,-0.7052354999998443,-0.8127370000001974,-0.29561100000000806,-0.5541740000001028,-1.4128799999998591,-0.1558879999997771,-0.7843839999998181
2023-07-22 12:15:00,-0.4042380000000776,-0.9964380000001256,-0.7003380000001016,-0.8098159999999552,-0.2933689999999842,-0.5515924999999697,-1.4111290000000736,-0.15558599999985745,-0.7833574999999655
2023-07-22 12:30:00,-0.4052790000000641,-0.9974790000001121,-0.7013790000000881,-0.8146390000001702,-0.29905600000029153,-0.5568475000002309,-1.4136090000001786,-0.15950299999985873,-0.7865560000000187
2023-07-22 12:45:00,-0.4015209999997751,-0.9956240000001344,-0.6985724999999547,-0.811439000000064,-0.2948770000002696,-0.5531580000001668,-1.4133099999999104,-0.15630499999997483,-0.7848074999999426
2023-07-22 13:00:00,-0.4050210000000334,-0.9998319999999694,-0.7024265000000014,-0.8114409999998315,-0.2938619999999901,-0.5526514999999108,-1.415060999999696,-0.1558879999997771,-0.7854744999997365
2023-07-22 13:45:00,-0.40754999999990105,-0.9973719999998139,-0.7024609999998574,-0.8140039999998407,-0.29837399999996705,-0.5561889999999039,-1.4100699999999051,-0.1574729999997544,-0.7837714999998298
2023-07-22 14:00:00,-0.40715899999986505,-0.9969019999998636,-0.7020304999998643,-0.8127220000001216,-0.2955489999999372,-0.5541355000000294,-1.4128559999999197,-0.15773899999976493,-0.7852974999998423
2023-07-22 14:30:00,-0.4057999999999993,-0.9951510000000781,-0.7004755000000387,-0.8087550000000192,-0.29379900000003545,-0.5512770000000273,-1.4071500000000015,-0.15598899999986315,-0.7815694999999323
2023-07-22 14:45:00,-0.40794199999982084,-0.993163000000095,-0.700552499999958,-0.8117899999997462,-0.2958920000000944,-0.5538409999999203,-1.4049489999997604,-0.15497099999993225,-0.7799599999998463
2023-07-22 15:00:00,-0.40515099999993254,-0.9915240000000267,-0.6983374999999796,-0.8063849999998638,-0.2936460000000807,-0.5500154999999722,-1.4024669999998878,-0.15698599999996077,-0.7797264999999243
2023-07-22 15:15:00,-0.4044309999999314,-0.9963360000001558,-0.7003835000000436,-0.8100429999999506,-0.29735299999993003,-0.5536979999999403,-1.4032120000001669,-0.15412500000002183,-0.7786685000000944
2023-07-22 15:30:00,-0.40578800000002957,-0.9963360000001558,-0.7010620000000927,-0.8151779999998325,-0.29852100000016435,-0.5568494999999984,-1.407165999999961,-0.15237299999989773,-0.7797694999999294
2023-07-22 15:45:00,-0.40768000000025495,-0.9980800000003001,-0.7028800000002775,-0.8115219999999681,-0.2956090000002405,-0.5535655000001043,-1.4093410000000404,-0.15588600000000952,-0.7826135000000249
2023-07-22 16:00:00,-0.4096919999997226,-0.9973729999996976,-0.7035324999997101,-0.8135389999997642,-0.29837399999996705,-0.5559564999998656,-1.4061189999997623,-0.1557239999997364,-0.7809214999997494
2023-07-22 16:15:00,-0.41324699999995573,-1.000872999999956,-0.7070599999999558,-0.814509000000271,-0.30361500000026354,-0.5590620000002673,-1.4036190000001625,-0.1603770000001532,-0.7819980000001578
2023-07-22 16:30:00,-0.4120170000001053,-0.9958339999998316,-0.7039254999999685,-0.8092289999999593,-0.3003049999997529,-0.5547669999998561,-1.4012609999999768,-0.16384299999981522,-0.782551999999896
2023-07-22 16:45:00,-0.4137670000000071,-0.9998049999999239,-0.7067859999999655,-0.8074809999998251,-0.29963199999974677,-0.553556499999786,-1.4006850000000668,-0.16357700000025943,-0.7821310000001631
2023-07-22 17:00:00,-0.4116269999999531,-0.9932579999999689,-0.702442499999961,-0.8096959999998035,-0.29942799999980707,-0.5545619999998053,-1.4034679999999753,-0.1652670000003127,-0.784367500000144
2023-07-22 17:15:00,-0.4096199999999044,-0.992670999999973,-0.7011454999999387,-0.8117459999998573,-0.30116999999972904,-0.5564579999997932,-1.403179999999793,-0.16352000000006228,-0.7833499999999276
2023-07-22 17:30:00,-0.41311799999994037,-0.9926679999998669,-0.7028929999999036,-0.8117449999999735,-0.29766799999970317,-0.5547064999998383,-1.4049290000002657,-0.16176800000039293,-0.7833485000003293
2023-07-22 17:45:00,-0.4124650000003385,-0.9965080000001763,-0.7044865000002574,-0.8137019999999211,-0.30035099999986414,-0.5570264999998926,-1.41035600000032,-0.16540800000029776,-0.7878820000003088
2023-07-22 18:00:00,-0.41473599999972066,-0.9923139999996238,-0.7035249999996722,-0.81599099999994,-0.30136099999981525,-0.5586759999998776,-1.412090000000262,-0.16932200000019293,-0.7907060000002275
2023-07-22 18:15:00,-0.4175869999999122,-0.9939439999998285,-0.7057654999998704,-0.817120000000159,-0.3035970000000816,-0.5603585000001203,-1.4091550000002826,-0.16904599999998027,-0.7891005000001314
2023-07-22 18:45:00,-0.41719499999999243,-0.9933549999996103,-0.7052749999998014,-0.8158359999997629,-0.30237799999986237,-0.5591069999998126,-1.4113600000000588,-0.17148900000029244,-0.7914245000001756
2023-07-22 19:15:00,-0.4115560000000187,-0.9840039999999135,-0.6977799999999661,-0.8145559999998113,-0.29765599999973347,-0.5561059999997724,-1.4106460000002699,-0.167515000000094,-0.7890805000001819
2023-07-22 20:00:00,-0.41369799999984025,-0.9823599999999715,-0.6980289999999059,-0.8140889999999672,-0.29716499999994994,-0.5556269999999586,-1.4084420000003774,-0.16779400000041278,-0.7881180000003951
2023-07-22 20:15:00,-0.4110359999999673,-0.982122999999774,-0.6965794999998707,-0.8140059999996083,-0.2940019999996366,-0.5540039999996225,-1.4135800000003655,-0.16618200000038996,-0.7898810000003778
2023-07-22 20:30:00,-0.41395900000043184,-0.9828340000003664,-0.6983965000003991,-0.8120269999999437,-0.2959059999998317,-0.5539664999998877,-1.4052169999999933,-0.16576500000019223,-0.7854910000000928
2023-07-22 20:45:00,-0.4096769999996468,-0.9812039999997069,-0.6954404999996768,-0.8100409999997282,-0.292500999999902,-0.5512709999998151,-1.409628000000339,-0.16604200000028868,-0.7878350000003138
2023-07-22 21:00:00,-0.41144200000007913,-0.9814400000000205,-0.6964410000000498,-0.8170380000001387,-0.2974130000002333,-0.557225500000186,-1.4113659999998163,-0.16532499999993888,-0.7883454999998776
2023-07-22 21:15:00,-0.41071800000008807,-0.9807160000000295,-0.6957170000000588,-0.8154530000001614,-0.2966839999999138,-0.5560685000000376,-1.4103580000000875,-0.1657430000000204,-0.7880505000000539
2023-07-22 21:30:00,-0.41285900000002584,-0.9811900000004243,-0.6970245000002251,-0.8132380000001831,-0.29425499999979365,-0.5537464999999884,-1.4064040000002933,-0.16254600000002029,-0.7844750000001568
2023-07-22 21:45:00,-0.4095500000003085,-0.9775770000001103,-0.6935635000002094,-0.8142840000000433,-0.2941059999998288,-0.554194999999936,-1.4103580000000875,-0.1647090000001299,-0.7875335000001087
2023-07-22 22:15:00,-0.4092310000000907,-0.9751249999999345,-0.6921780000000126,-0.8186310000000958,-0.2969189999998889,-0.5577749999999924,-1.4071349999999256,-0.16035299999975905,-0.7837439999998423
2023-07-22 23:15:00,-0.4101999999998043,-0.9766389999999774,-0.6934194999998908,-0.8117459999998573,-0.2937579999997979,-0.5527519999998276,-1.4049279999999271,-0.16399000000001251,-0.7844589999999698
2023-07-22 23:45:00,-0.4070879999999306,-0.9760590000000775,-0.6915735000000041,-0.8144259999999122,-0.2937569999999141,-0.5540914999999131,-1.4110850000001847,-0.16398900000012873,-0.7875370000001567
2023-07-23 00:15:00,-0.40533899999991263,-0.9748859999999695,-0.6901124999999411,-0.8120990000002166,-0.29201400000010835,-0.5520565000001625,-1.4093379999999343,-0.16283199999998033,-0.7860849999999573
2023-07-23 01:00:00,-0.4109779999998864,-0.9770999999996093,-0.6940389999997478,-0.8104619999999159,-0.2912749999995867,-0.5508684999997513,-1.4059630000001562,-0.16323700000020835,-0.7846000000001823
2023-07-23 01:30:00,-0.4124669999996513,-0.9788499999999658,-0.6956584999998086,-0.8107850000001235,-0.2901160000001255,-0.5504505000001245,-1.406858999999713,-0.16148799999973562,-0.7841734999997243
2023-07-23 03:00:00,-0.4070889999998144,-0.9761669999998048,-0.6916279999998096,-0.8091810000000805,-0.2897699999998622,-0.5494754999999714,-1.4075889999999163,-0.16251999999985856,-0.7850544999998874
2023-07-23 03:15:00,-0.4049489999997604,-0.9731360000000677,-0.6890424999999141,-0.8131450000000768,-0.2890940000002047,-0.5511195000001408,-1.4115419999998267,-0.15933300000006057,-0.7854374999999436
2023-07-23 06:15:00,-0.41389699999990626,-0.9837619999998424,-0.6988294999998743,-0.809882000000016,-0.290997999999945,-0.5504399999999805,-1.408292000000074,-0.1635750000000371,-0.7859335000000556
2023-07-23 06:30:00,-0.41590499999983876,-0.9835269999998673,-0.699715999999853,-0.8072440000000825,-0.2884149999999863,-0.5478295000000344,-1.4021730000004027,-0.15904500000033295,-0.7806090000003678
2023-07-23 06:45:00,-0.41447699999980614,-0.983527999999751,-0.6990024999997786,-0.8087270000000899,-0.289585999999872,-0.549156499999981,-1.4053969999999936,-0.16079499999977998,-0.7830959999998868
2023-07-23 07:45:00,-0.4101980000000367,-0.9779379999999946,-0.6940680000000157,-0.8129279999998289,-0.2945009999998547,-0.5537144999998418,-1.4014439999996284,-0.15890399999989313,-0.7801739999997608
2023-07-23 08:00:00,-0.4045579999997244,-0.9744399999999587,-0.6894989999998415,-0.8087270000000899,-0.2898329999998168,-0.5492799999999534,-1.405398000000332,-0.16065400000024965,-0.7830260000002909
2023-07-23 08:15:00,-0.40416700000014316,-0.9737310000000434,-0.6889490000000933,-0.8109420000000682,-0.29084899999998015,-0.5508955000000242,-1.4076020000002245,-0.16107099999999264,-0.7843365000001086
2023-07-23 08:30:00,-0.4059189999998125,-0.9761909999997442,-0.6910549999997784,-0.8144429999997556,-0.2933330000000751,-0.5538879999999153,-1.410523000000012,-0.1618239999997968,-0.7861734999999044
2023-07-23 09:30:00,-0.40559799999982715,-0.9780690000002323,-0.6918335000000297,-0.8129599999997481,-0.294065000000046,-0.553512499999897,-1.4061289999999644,-0.1596569999996973,-0.7828929999998309
2023-07-23 09:45:00,-0.40202799999997296,-0.9785289999999804,-0.6902784999999767,-0.8160769999999502,-0.2957219999998415,-0.5558994999998959,-1.4109749999997803,-0.15938099999993938,-0.7851779999998598
2023-07-23 10:15:00,-0.40377799999987474,-0.9785289999999804,-0.6911534999999276,-0.8149090000001706,-0.29280199999993783,-0.5538555000000542,-1.4098079999998845,-0.1564619999999195,-0.783134999999902
2023-07-23 10:30:00,-0.40416899999991074,-0.9785289999999804,-0.6913489999999456,-0.8109439999998358,-0.29105399999980364,-0.5509989999998197,-1.40935300000001,-0.15996099999983926,-0.7846569999999247
2023-07-23 10:45:00,-0.40176900000005844,-0.9792370000000119,-0.6905030000000352,-0.8146280000000843,-0.2917859999997745,-0.5532069999999294,-1.4141779999999926,-0.15779499999962354,-0.7859864999998081
2023-07-23 11:30:00,-0.4006009999998241,-0.9814630000000761,-0.6910319999999501,-0.818127000000004,-0.2975259999998343,-0.5578264999999192,-1.4112679999998363,-0.15635800000018207,-0.7838130000000092
2023-07-23 12:30:00,-0.39631999999983236,-0.9858020000001488,-0.6910609999999906,-0.817312000000129,-0.2966649999998481,-0.5569884999999886,-1.4174280000002,-0.1566939999997885,-0.7870609999999942
2023-07-23 13:00:00,-0.3987179999999171,-0.9868430000001354,-0.6927805000000262,-0.813626000000113,-0.2976810000000114,-0.5556535000000622,-1.412600999999995,-0.160609999999906,-0.7866054999999506
2023-07-23 13:15:00,-0.39885199999980614,-0.9850939999996626,-0.6919729999997344,-0.8128790000000663,-0.29593100000010963,-0.554405000000088,-1.4112679999998363,-0.158860999999888,-0.7850644999998622
2023-07-23 14:00:00,-0.40215900000021065,-0.9880119999997987,-0.6950855000000047,-0.8159109999996872,-0.3011790000000474,-0.5585449999998673,-1.407314999999926,-0.15886000000000422,-0.7830874999999651
2023-07-23 14:15:00,-0.4023509999997259,-0.9888320000000022,-0.695591499999864,-0.815208999999868,-0.29791800000020885,-0.5565635000000384,-1.4130199999999604,-0.15987899999981892,-0.7864494999998897
2023-07-23 14:30:00,-0.40073000000029424,-0.9887109999999666,-0.6947205000001304,-0.8127260000001115,-0.2966550000001007,-0.5546905000001061,-1.4105399999998554,-0.1584339999999429,-0.7844869999998991
2023-07-23 14:45:00,-0.40203199999996286,-0.9880029999999351,-0.695017499999949,-0.8148970000002009,-0.29941999999982727,-0.5571585000000141,-1.408625000000029,-0.15885100000014063,-0.7837380000000849
2023-07-23 15:00:00,-0.40216099999997823,-0.9903560000002471,-0.6962585000001127,-0.8095049999997173,-0.29423599999972794,-0.5518704999997226,-1.40906700000005,-0.15815500000007887,-0.7836110000000645
2023-07-23 15:45:00,-0.4060629999999037,-0.9896570000000793,-0.6978599999999915,-0.8137080000001333,-0.29817199999979493,-0.5559399999999641,-1.4068629999997029,-0.15857199999982186,-0.7827174999997624
2023-07-23 16:30:00,-0.40100200000006225,-0.9869720000001507,-0.6939870000001065,-0.8130040000000918,-0.2966649999998481,-0.5548344999999699,-1.4084869999996954,-0.15727399999968839,-0.7828804999996919
2023-07-23 16:45:00,-0.40139300000009825,-0.9861439999999675,-0.6937685000000329,-0.8125369999997929,-0.29816699999992125,-0.5553519999998571,-1.4045320000000174,-0.1574150000001282,-0.7809735000000728
2023-07-23 17:00:00,-0.40113400000018373,-0.9886030000002393,-0.6948685000002115,-0.8087580000001253,-0.2936520000002929,-0.5512050000002091,-1.408904999999777,-0.15874799999983225,-0.7838264999998046
2023-07-23 17:15:00,-0.40113300000029994,-0.9890749999999571,-0.6951040000001285,-0.8105060000002595,-0.29472100000020873,-0.5526135000002341,-1.407151999999769,-0.15554900000006455,-0.7813504999999168
2023-07-23 18:00:00,-0.39977600000020175,-0.9860389999998915,-0.6929075000000466,-0.8071209999998246,-0.29399000000012165,-0.5505554999999731,-1.4031979999999749,-0.15713700000014796,-0.7801675000000614
2023-07-23 18:15:00,-0.4000340000002325,-0.9866190000002462,-0.6933265000002393,-0.8068229999998948,-0.29574000000002343,-0.5512814999999591,-1.400579000000107,-0.15771700000004785,-0.7791480000000774
2023-07-23 18:30:00,-0.40217500000017026,-0.9873280000001614,-0.6947515000001658,-0.8063560000000507,-0.2947229999999763,-0.5505395000000135,-1.399543999999878,-0.15671999999995023,-0.7781319999999141
2023-07-23 19:00:00,-0.39828399999987596,-0.9889710000002196,-0.6936275000000478,-0.8068229999998948,-0.2969629999997778,-0.5518929999998363,-1.3999990000002072,-0.15644199999997,-0.7782205000000886
2023-07-23 19:15:00,-0.40217299999994793,-0.9890770000001794,-0.6956250000000637,-0.8063560000000507,-0.2964719999999943,-0.5514140000000225,-1.39779499999986,-0.15671900000006644,-0.7772569999999632
2023-07-23 20:00:00,-0.39886299999989205,-0.9890770000001794,-0.6939700000000357,-0.8056529999998929,-0.2964729999998781,-0.5510629999998855,-1.400579000000107,-0.158469999999852,-0.7795244999999795
2023-07-23 20:15:00,-0.4002940000000308,-0.9881540000001223,-0.6942240000000766,-0.8035899999999856,-0.29321900000013557,-0.5484045000000606,-1.399101999999857,-0.15657800000008137,-0.7778399999999692
2023-07-23 20:45:00,-0.4060639999997875,-0.9896560000001955,-0.6978599999999915,-0.8023889999999483,-0.2946729999998752,-0.5485309999999117,-1.3938289999996414,-0.15857399999958943,-0.7762014999996154
2023-07-23 21:15:00,-0.40495199999986653,-0.9928119999999581,-0.6988819999999123,-0.8053390000000036,-0.29496800000015355,-0.5501535000000786,-1.3990920000001097,-0.15656799999987925,-0.7778299999999945
2023-07-23 21:30:00,-0.40145299999994677,-0.9886050000000068,-0.6950289999999768,-0.8064979999999196,-0.29714400000011665,-0.5518210000000181,-1.3955929999997352,-0.155236000000059,-0.7754144999998971
2023-07-23 22:00:00,-0.4013209999998253,-0.987431000000015,-0.6943759999999202,-0.799087999999756,-0.287822999999662,-0.543455499999709,-1.399265000000014,-0.1564170000001468,-0.7778410000000804
2023-07-23 22:15:00,-0.3999629999998433,-0.9840519999997923,-0.6920074999998178,-0.8015310000000682,-0.2919959999999264,-0.5467634999999973,-1.3970620000000054,-0.15844399999969028,-0.7777529999998478
2023-07-23 22:45:00,-0.4026819999999134,-0.9833410000001095,-0.6930115000000114,-0.8016440000001239,-0.29301200000008976,-0.5473280000001068,-1.3936889999999948,-0.158860999999888,-0.7762749999999414
2023-07-23 23:15:00,-0.3984019999998054,-0.9858019999996941,-0.6921019999997498,-0.8008270000000266,-0.2919959999999264,-0.5464114999999765,-1.39750499999991,-0.15785399999958827,-0.7776794999997492
2023-07-23 23:45:00,-0.4013190000000577,-0.9882590000001983,-0.694789000000128,-0.8037460000000465,-0.2927279999998973,-0.5482369999999719,-1.3992549999998118,-0.1562659999999596,-0.7777604999998857
2023-07-24 00:00:00,-0.4037239999997837,-0.9877860000001419,-0.6957549999999628,-0.8035479999998643,-0.2951579999999012,-0.5493529999998827,-1.3944079999996575,-0.1577159999997093,-0.7760619999996834
2023-07-24 00:45:00,-0.40625,-0.9904679999999644,-0.6983589999999822,-0.7958459999999832,-0.2855760000002192,-0.5407110000001012,-1.3966120000000046,-0.15668300000015734,-0.776647500000081
2023-07-24 02:00:00,-0.40320199999996476,-0.9853269999998702,-0.6942644999999175,-0.806510999999773,-0.29442500000004657,-0.5504679999999098,-1.4026129999997465,-0.16105199999992692,-0.7818324999998367
2023-07-24 02:30:00,-0.4034620000002178,-0.9823980000001029,-0.6929300000001604,-0.8050299999999879,-0.2943649999997433,-0.5496974999998656,-1.3970519999998032,-0.15998599999966245,-0.7785189999997328
2023-07-24 03:15:00,-0.4032000000001972,-0.9823970000002191,-0.6927985000002082,-0.8000919999999496,-0.2879459999999199,-0.5440189999999347,-1.3996939999997267,-0.15998499999977867,-0.7798394999997527
2023-07-24 04:00:00,-0.40385299999979907,-0.9787700000001678,-0.6913114999999834,-0.8010650000001078,-0.29071299999986877,-0.5458889999999883,-1.3948569999997744,-0.1609929999999622,-0.7779249999998683
2023-07-24 05:00:00,-0.39742999999998574,-0.9806480000002011,-0.6890390000000934,-0.8077109999999266,-0.2961139999997613,-0.5519124999998439,-1.4014600000000428,-0.1599860000001172,-0.78072300000008
2023-07-24 06:30:00,-0.402751999999964,-0.9799360000001798,-0.6913440000000719,-0.8051830000003974,-0.2936370000002171,-0.5494100000003073,-1.3977820000000065,-0.1604149999998299,-0.7790984999999182
2023-07-24 06:45:00,-0.40158199999996214,-0.9812230000002273,-0.6914025000000947,-0.8005130000001373,-0.2897010000001501,-0.5451070000001437,-1.3977789999999004,-0.15999699999974837,-0.7788879999998244
2023-07-24 07:15:00,-0.40172500000016953,-0.9778440000000046,-0.6897845000000871,-0.805025999999998,-0.29271400000016,-0.548870000000079,-1.396458000000166,-0.15852600000016537,-0.7774920000001657
2023-07-24 07:45:00,-0.40159200000016426,-0.9800680000003013,-0.6908300000002328,-0.8040240000000267,-0.2920360000002802,-0.5480300000001534,-1.397791999999754,-0.15882699999974648,-0.7783094999997502
2023-07-24 08:15:00,-0.40159200000016426,-0.9795920000001388,-0.6905920000001515,-0.8022730000002412,-0.29096400000025824,-0.5466185000002497,-1.3971990000000005,-0.1596839999997428,-0.7784414999998717
2023-07-24 08:30:00,-0.40197200000011435,-0.9800459999996747,-0.6910089999998945,-0.8049570000002859,-0.29023300000017116,-0.5475950000002285,-1.4051089999998112,-0.16185099999984232,-0.7834799999998268
2023-07-24 08:45:00,-0.4012040000002344,-0.9776099999999133,-0.6894070000000738,-0.8074000000001433,-0.29246199999988676,-0.549931000000015,-1.4029039999995803,-0.16040399999974397,-0.7816539999996621
2023-07-24 09:00:00,-0.40295100000003004,-0.9825260000002345,-0.6927385000001323,-0.804489999999987,-0.28926799999999275,-0.5468789999999899,-1.402904000000035,-0.15781799999967916,-0.7803609999998571
2023-07-24 10:00:00,-0.4026939999998831,-0.9838039999999637,-0.6932489999999234,-0.8088699999998425,-0.29460900000003676,-0.5517394999999397,-1.404367000000093,-0.15985799999998562,-0.7821125000000393
2023-07-24 10:30:00,-0.4052130000000034,-0.9912879999997131,-0.6982504999998582,-0.8064280000003237,-0.2904950000001918,-0.5484615000002577,-1.4048210000000836,-0.15421599999990576,-0.7795184999999947
2023-07-24 10:45:00,-0.3998900000001413,-0.9895389999996951,-0.6947144999999182,-0.8072030000002997,-0.290494000000308,-0.5488485000003038,-1.4102469999997993,-0.15596400000003996,-0.7831054999999196
2023-07-24 11:15:00,-0.39802300000019386,-0.9907200000002376,-0.6943715000002157,-0.8108600000000479,-0.2934640000003128,-0.5521620000001803,-1.4098119999998744,-0.152353999999832,-0.7810829999998532
2023-07-24 11:30:00,-0.3958830000001399,-0.9900109999998676,-0.6929470000000038,-0.8113260000000082,-0.2944810000003599,-0.5529035000001841,-1.412014999999883,-0.15452099999993152,-0.7832679999999073
2023-07-24 11:45:00,-0.39685499999995955,-0.9897850000002109,-0.6933200000000852,-0.8126110000002882,-0.2948780000001534,-0.5537445000002208,-1.4098119999998744,-0.15163699999993696,-0.7807244999999057
2023-07-24 12:00:00,-0.39627500000005966,-0.9918920000000071,-0.6940835000000334,-0.8108609999999317,-0.29638500000010026,-0.553623000000016,-1.4098109999999906,-0.15527400000019043,-0.7825425000000905
2023-07-24 12:30:00,-0.39763200000015786,-0.9960970000001907,-0.6968645000001743,-0.8101570000003449,-0.29419800000005125,-0.552177500000198,-1.412014999999883,-0.15310700000009092,-0.782560999999987
2023-07-24 12:45:00,-0.39951200000041354,-0.9990179999999782,-0.6992650000001959,-0.8111720000001696,-0.29711900000029345,-0.5541455000002316,-1.4124540000002526,-0.1560269999999946,-0.7842405000001236
2023-07-24 13:00:00,-0.4004829999998947,-0.9919949999998607,-0.6962389999998777,-0.8107049999998708,-0.2941439999999602,-0.5524244999999155,-1.4108299999998053,-0.15555199999971592,-0.7831909999997606
2023-07-24 13:30:00,-0.3941890000000967,-0.9907180000000153,-0.692453500000056,-0.8101980000001276,-0.2905430000000706,-0.5503705000000991,-1.41671899999983,-0.1529419999997117,-0.7848304999997708
2023-07-24 13:45:00,-0.3965809999999692,-0.9907199999997829,-0.693650499999876,-0.811174999999821,-0.29346499999974185,-0.5523199999997814,-1.4113059999999678,-0.15236400000003414,-0.781835000000001
2023-07-24 14:15:00,-0.39691099999981816,-0.9904849999998078,-0.693697999999813,-0.8079849999999169,-0.2885529999998653,-0.5482689999998911,-1.4115990000000238,-0.1501629999997931,-0.7808809999999085
2023-07-24 14:30:00,-0.3963309999999183,-0.9916550000002644,-0.6939930000000913,-0.8097339999999349,-0.2920520000002398,-0.5508930000000873,-1.411019000000124,-0.15133300000024974,-0.7811760000001868
2023-07-24 14:45:00,-0.40197100000023056,-0.9976110000002336,-0.6997910000002321,-0.8057690000000548,-0.2892860000001747,-0.5475275000001147,-1.4088150000002315,-0.1509169999999358,-0.7798660000000837
2023-07-24 15:00:00,-0.3998310000001766,-0.9929299999998875,-0.696380500000032,-0.8079850000003717,-0.2892330000004222,-0.5486090000003969,-1.41451700000016,-0.15453100000013364,-0.7845240000001468
2023-07-24 15:15:00,-0.39847099999997226,-0.9911799999999857,-0.694825499999979,-0.8057690000000548,-0.28923299999996743,-0.5475010000000111,-1.4076460000001134,-0.15161200000011377,-0.7796290000001136
2023-07-24 15:30:00,-0.39949799999976676,-0.9929280000001199,-0.6962129999999433,-0.8047650000003159,-0.2880720000002839,-0.5464185000002999,-1.4083850000001803,-0.15161099999977523,-0.7799979999999778
2023-07-24 16:15:00,-0.40060300000004645,-0.9933909999999742,-0.6969970000000103,-0.8082119999999122,-0.2932180000002518,-0.550715000000082,-1.4036820000001171,-0.150166999999783,-0.7769244999999501
2023-07-24 18:00:00,-0.39750599999979386,-0.9869739999999183,-0.6922399999998561,-0.8042569999997795,-0.29142000000001644,-0.547838499999898,-1.4043969999997898,-0.1566899999997986,-0.7805434999997942
2023-07-24 18:15:00,-0.3977639999998246,-0.9906129999999393,-0.694188499999882,-0.8027729999998883,-0.29045499999983804,-0.5466139999998632,-1.3988429999999425,-0.1497469999999339,-0.7742949999999382
2023-07-24 18:30:00,-0.40216000000009444,-0.9945630000001984,-0.6983615000001464,-0.8042549999995572,-0.29147199999988516,-0.5478634999997212,-1.4043950000000223,-0.1548210000000836,-0.7796080000000529
2023-07-24 18:45:00,-0.4059239999996862,-0.9980649999997695,-0.7019944999997279,-0.8045250000000124,-0.29322300000012547,-0.5488740000000689,-1.4017539999999826,-0.15482299999985116,-0.7782884999999169
2023-07-24 19:00:00,-0.40534200000001874,-0.9967750000000706,-0.7010585000000447,-0.8062720000002628,-0.2959880000003068,-0.5511300000002848,-1.4017519999997603,-0.15698900000006688,-0.7793704999999136
2023-07-24 19:30:00,-0.40299899999990885,-0.9929179999999178,-0.6979584999999133,-0.8033660000000964,-0.29098100000010163,-0.547173500000099,-1.401774999999816,-0.15452000000004773,-0.7781474999999318
2023-07-24 19:45:00,-0.40299999999979264,-0.9970210000001316,-0.7000104999999621,-0.8016159999997399,-0.29045499999983804,-0.546035499999789,-1.4017730000000483,-0.15382499999986976,-0.777798999999959
2023-07-24 20:15:00,-0.40125099999977465,-0.9940980000001218,-0.6976744999999482,-0.8062749999999141,-0.29395000000022264,-0.5501125000000684,-1.4000240000000304,-0.15091800000027433,-0.7754710000001523
2023-07-24 20:30:00,-0.40125199999965844,-0.9950359999998,-0.6981439999997292,-0.8062759999997979,-0.2954580000000533,-0.5508669999999256,-1.4017739999999321,-0.15455599999995684,-0.7781649999999445
2023-07-24 20:45:00,-0.40631200000007084,-0.997483000000102,-0.7018975000000864,-0.8040599999999358,-0.29438200000004144,-0.5492209999999886,-1.397820000000138,-0.1542420000000675,-0.7760310000001027
2023-07-24 21:30:00,-0.40416800000002695,-0.99512999999979,-0.6996489999999085,-0.8045240000001286,-0.2949079999998503,-0.5497159999999894,-1.39827299999979,-0.15493900000001304,-0.7766059999999015
2023-07-24 22:45:00,-0.4055990000001657,-0.9975979999999254,-0.7015985000000455,-0.8012929999999869,-0.2927310000000034,-0.5470119999999952,-1.3997089999998025,-0.1574399999999514,-0.7785744999998769
2023-07-24 23:00:00,-0.4058609999997316,-0.9983069999998406,-0.7020839999997861,-0.801560999999765,-0.29346399999985806,-0.5475124999998116,-1.3988139999996747,-0.15702199999986988,-0.7779179999997723
2023-07-24 23:30:00,-0.4076110000000881,-1.0000570000001971,-0.7038340000001426,-0.8027310000002217,-0.2946340000003147,-0.5486825000002682,-1.3988150000000132,-0.15702299999975367,-0.7779189999998835
2023-07-25 00:15:00,-0.4059910000000855,-0.9999360000001616,-0.7029635000001235,-0.8008270000000266,-0.2939499999997679,-0.5473884999998972,-1.3963450000001103,-0.15558699999974124,-0.7759659999999258
2023-07-25 01:00:00,-0.4073480000001837,-1.000977000000148,-0.7041625000001659,-0.8077109999999266,-0.2996349999998529,-0.5536729999998897,-1.4002980000000207,-0.15775299999995696,-0.7790254999999888
2023-07-25 02:00:00,-0.40832000000000335,-0.9968779999999242,-0.7025989999999638,-0.8025750000001608,-0.2949069999999665,-0.5487410000000637,-1.398091999999906,-0.15960600000016711,-0.7788490000000365
2023-07-25 04:45:00,-0.4141599999998107,-0.9974579999998241,-0.7058089999998174,-0.8054959999999483,-0.2954380000001038,-0.550467000000026,-1.3992640000001302,-0.16030099999989034,-0.7797825000000103
2023-07-25 06:30:00,-0.41350899999997637,-0.9932490000001053,-0.7033790000000408,-0.7996250000001055,-0.29120400000010704,-0.5454145000001063,-1.3957379999997102,-0.16187499999978172,-0.7788064999997459
2023-07-25 06:45:00,-0.4074789999999666,-0.9919709999999213,-0.699724999999944,-0.8052259999999478,-0.29519900000013877,-0.5502125000000433,-1.4018949999999677,-0.16218900000012582,-0.7820420000000468
2023-07-25 07:00:00,-0.41097899999977017,-0.9938269999997829,-0.7024029999997765,-0.8052280000001701,-0.2947100000001228,-0.5499690000001465,-1.4018969999997353,-0.16246899999987363,-0.7821829999998045
2023-07-25 07:30:00,-0.409490999999889,-0.9927860000002511,-0.70113850000007,-0.8019979999999123,-0.2919449999999415,-0.5469714999999269,-1.398674999999912,-0.15972300000021278,-0.7791990000000624
2023-07-25 08:30:00,-0.4063099999998485,-0.9959420000000136,-0.7011259999999311,-0.8089540000000852,-0.2922400000002199,-0.5505970000001525,-1.4119959999998173,-0.15771799999993164,-0.7848569999998745
2023-07-25 08:45:00,-0.40832099999988714,-0.9952339999999822,-0.7017774999999347,-0.8103900000000976,-0.2944260000003851,-0.5524080000002414,-1.4105209999997896,-0.15930399999979272,-0.7849124999997912
2023-07-25 10:15:00,-0.40871100000003935,-1.0018079999999827,-0.705259500000011,-0.809929000000011,-0.29813500000000204,-0.5540320000000065,-1.4065820000000713,-0.1581940000000941,-0.7823880000000827
2023-07-25 10:30:00,-0.40772900000001755,-1.0041479999999865,-0.705938500000002,-0.810392999999749,-0.296436999999969,-0.553414999999859,-1.4087839999997414,-0.15457699999979013,-0.7816804999997657
2023-07-25 10:45:00,-0.4065700000001016,-0.9964270000000397,-0.7014985000000706,-0.8133139999999912,-0.29739900000004127,-0.5553565000000162,-1.4076169999998456,-0.15452000000004773,-0.7810684999999467
2023-07-25 11:15:00,-0.40476100000023507,-0.9988870000001953,-0.7018240000002152,-0.8129200000003038,-0.2952140000002146,-0.5540670000002592,-1.4130319999999301,-0.15410400000018853,-0.7835680000000593
2023-07-25 11:30:00,-0.4044300000000476,-0.9964289999998073,-0.7004294999999274,-0.8091119999999137,-0.2927319999998872,-0.5509219999999004,-1.409820999999738,-0.15452099999993152,-0.7821709999998347
2023-07-25 12:00:00,-0.40260899999975663,-0.998888000000079,-0.7007484999999178,-0.814560000000256,-0.2963840000002165,-0.5554720000002362,-1.4152600000002167,-0.1541139999999359,-0.7846870000000763
2023-07-25 12:15:00,-0.40099000000009255,-0.9956010000000788,-0.6982955000000857,-0.8091440000002876,-0.2924840000000586,-0.5508140000001731,-1.412757000000056,-0.1552510000001348,-0.7840040000000954
2023-07-25 12:30:00,-0.40513899999996283,-0.9964289999998073,-0.700783999999885,-0.8072099999999409,-0.2909829999998692,-0.5490964999999051,-1.409682999999859,-0.15511100000003353,-0.7823969999999463
2023-07-25 12:45:00,-0.40552999999999884,-0.993970999999874,-0.6997504999999364,-0.806742000000213,-0.29199800000014875,-0.5493700000001809,-1.405728000000181,-0.15552699999989272,-0.7806275000000369
2023-07-25 13:30:00,-0.40202899999985675,-0.9938489999999547,-0.6979389999999057,-0.8049900000000889,-0.2924830000001748,-0.5487365000001319,-1.403976000000057,-0.15524999999979627,-0.7796129999999266
2023-07-25 14:15:00,-0.39749399999982415,-0.9878979999998592,-0.6926959999998417,-0.8048349999999118,-0.2935050000000956,-0.5491700000000037,-1.4014750000001186,-0.1556559999999081,-0.7785655000000133
2023-07-25 14:45:00,-0.40100299999994604,-0.9904710000000705,-0.6957370000000083,-0.8060040000000299,-0.29316700000026685,-0.5495855000001484,-1.4032349999997678,-0.1555279999997765,-0.7793814999997721
2023-07-25 15:00:00,-0.3998910000000251,-0.9962070000001404,-0.6980490000000827,-0.8072039999997287,-0.2937109999998029,-0.5504574999997658,-1.4079090000000178,-0.15454300000010335,-0.7812260000000606
2023-07-25 15:30:00,-0.4032600000000457,-0.995024999999714,-0.6991424999998799,-0.8132000000000517,-0.29715699999997014,-0.5551785000000109,-1.411579999999958,-0.15699799999993047,-0.7842889999999443
2023-07-25 16:00:00,-0.4028699999998935,-0.9967749999996158,-0.6998224999997547,-0.8124980000002324,-0.29598799999985204,-0.5542430000000422,-1.4137869999999566,-0.15699899999981426,-0.7853929999998854
2023-07-25 16:15:00,-0.40500999999994747,-0.9984039999999368,-0.7017069999999421,-0.8085330000003523,-0.29297500000029686,-0.5507540000003246,-1.4098330000001624,-0.15497300000015457,-0.7824030000001585
2023-07-25 18:30:00,-0.4000890000002073,-0.994912000000113,-0.6975005000001602,-0.8117489999999634,-0.2958920000000944,-0.5538205000000289,-1.4130310000000463,-0.15672099999983402,-0.7848759999999402
2023-07-25 18:45:00,-0.40716199999997116,-0.9977050000002237,-0.7024335000000974,-0.8092230000002019,-0.29516000000012355,-0.5521915000001627,-1.4093539999998939,-0.15888799999993353,-0.7841209999999137
2023-07-25 19:00:00,-0.4054120000000694,-0.9943100000000413,-0.6998610000000554,-0.8092230000002019,-0.2946700000002238,-0.5519465000002128,-1.4093539999998939,-0.15916699999979755,-0.7842604999998457
2023-07-25 19:30:00,-0.40423999999984517,-0.9991209999998318,-0.7016804999998385,-0.8098140000001877,-0.2966260000002876,-0.5532200000002376,-1.4076270000000477,-0.15572500000007494,-0.7816760000000613
2023-07-25 21:15:00,-0.40539999999964493,-0.9996799999998984,-0.7025399999997717,-0.8080650000001697,-0.29715299999998024,-0.552609000000075,-1.4058780000000297,-0.15817100000003848,-0.7820245000000341
2023-07-26 03:45:00,-0.40364999999974316,-0.9938399999996363,-0.6987449999996898,-0.8080639999998311,-0.295933999999761,-0.5519989999997961,-1.4076249999998254,-0.1606130000000121,-0.7841189999999187
2023-07-26 04:15:00,-0.4035180000000764,-0.9938390000002073,-0.6986785000001419,-0.8035490000002028,-0.2906840000000557,-0.5471165000001292,-1.4083450000002813,-0.1600220000000263,-0.7841835000001538
2023-07-26 06:00:00,-0.4064389999998639,-0.9968659999999545,-0.7016524999999092,-0.8099670000001424,-0.29836199999999735,-0.5541645000000699,-1.4095139999999446,-0.163220999999794,-0.7863674999998693
2023-07-26 06:15:00,-0.4084490000000187,-0.9948800000001938,-0.7016645000001063,-0.8084860000003573,-0.29519900000013877,-0.551842500000248,-1.4086210000000392,-0.16218900000012582,-0.7854050000000825
2023-07-26 07:30:00,-0.4042269999999917,-0.9966309999999794,-0.7004289999999855,-0.8112129999999524,-0.29520000000002256,-0.5532064999999875,-1.4188970000000154,-0.1639390000000276,-0.7914180000000215
2023-07-26 08:00:00,-0.40578599999980725,-0.9961560000001555,-0.7009709999999814,-0.8119059999999081,-0.29761899999994057,-0.5547624999999243,-1.414944000000105,-0.16421799999989162,-0.7895809999999983
2023-07-26 08:45:00,-0.40422799999987546,-0.9995639999997366,-0.701895999999806,-0.8141230000001087,-0.29816399999981513,-0.5561434999999619,-1.4183170000001155,-0.16149499999983163,-0.7899059999999736
2023-07-26 09:00:00,-0.4035169999997379,-0.9993249999997715,-0.7014209999997547,-0.8148569999998472,-0.2990859999999884,-0.5569714999999178,-1.4196270000002187,,-1.4196270000002187
2023-07-26 10:00:00,-0.4023489999999583,-0.9956979999997202,-0.6990234999998393,-0.8131090000001677,-0.2966040000001158,-0.5548565000001418,-1.4196289999999863,-0.16322200000013254,-0.7914255000000594
2023-07-26 11:00:00,-0.4020869999999377,-1.0029669999998987,-0.7025269999999182,-0.8163389999999708,-0.2992930000000342,-0.5578160000000025,-1.4211030000001301,-0.1587730000001102,-0.7899380000001202
2023-07-26 11:15:00,-0.4003389999998035,-0.995593000000099,-0.6979659999999512,-0.8134310000000369,-0.29593500000009954,-0.5546830000000682,-1.4193529999997736,-0.1600239999997939,-0.7896884999997837
2023-07-26 11:45:00,-0.39890699999978096,-0.9968810000000303,-0.6978939999999056,-0.8178210000000945,-0.29957599999988815,-0.5586984999999913,-1.4208269999999175,-0.158437000000049,-0.7896319999999832
2023-07-26 12:15:00,-0.4006580000000213,-0.995593000000099,-0.6981255000000601,-0.8166639999999461,-0.2971049999996467,-0.5568844999997964,-1.4225780000001578,-0.16002400000024863,-0.7913010000002032
2023-07-26 12:45:00,-0.4018300000002455,-0.998051999999916,-0.6999410000000807,-0.8149020000000746,-0.29492000000027474,-0.5549110000001747,-1.4225670000000719,-0.15844800000013493,-0.7905075000001034
2023-07-26 13:00:00,-0.40007999999988897,-0.9945509999997739,-0.6973154999998314,-0.8131520000001728,-0.29141900000013266,-0.5522855000001528,-1.42139700000007,-0.1555279999997765,-0.7884624999999232
2023-07-26 13:30:00,-0.40143899999975474,-0.9980500000001484,-0.6997444999999516,-0.8171170000000529,-0.2949180000000524,-0.5560175000000527,-1.4247690000001967,-0.15669700000034936,-0.790733000000273
2023-07-26 14:00:00,-0.40007799999966664,-0.9958309999997255,-0.697954499999696,-0.8148989999999685,-0.29559100000005856,-0.5552450000000135,-1.4225639999999657,-0.15988299999980882,-0.7912234999998873
2023-07-26 14:45:00,-0.40383499999961714,-1.0009579999996276,-0.7023964999996224,-0.8151790000001711,-0.2978259999999864,-0.5565025000000787,-1.4216919999998936,-0.16135499999973035,-0.791523499999812
2023-07-26 16:00:00,-0.40319799999997485,-0.9978019999998651,-0.70049999999992,-0.8122149999999237,-0.29928000000018073,-0.5557475000000522,-1.4181539999999586,-0.16685899999993126,-0.7925064999999449
2023-07-26 16:30:00,-0.4082589999998163,-1.0029460000000654,-0.7056024999999408,-0.8164190000002236,-0.305018999999902,-0.5607190000000628,-1.4159519999998338,-0.1671599999999671,-0.7915559999999005
2023-07-26 16:45:00,-0.4065069999996922,-1.0036529999997583,-0.7050799999997253,-0.8146670000000995,-0.3040009999999711,-0.5593340000000353,-1.4176990000000842,-0.16849200000024211,-0.7930955000001632
2023-07-26 17:00:00,-0.4047579999996742,-1.0042429999998603,-0.7045004999997673,-0.8117489999999634,-0.3005519999996977,-0.5561504999998306,-1.414780999999948,-0.16312900000002628,-0.7889549999999872
2023-07-26 17:15:00,-0.40436700000009296,-1.0006009999997332,-0.7024839999999131,-0.8139639999999417,-0.30151500000010856,-0.5577395000000251,-1.4158239999997022,-0.16425299999991694,-0.7900384999998096
2023-07-26 17:30:00,-0.4086489999999685,-1.0030589999996664,-0.7058539999998175,-0.8147819999999228,-0.303997999999865,-0.5593899999998939,-1.41432500000019,-0.1667449999999917,-0.7905350000000908
2023-07-26 18:00:00,-0.40682599999991,-1.0028239999996913,-0.7048249999998006,-0.8149800000001051,-0.3020050000000083,-0.5584925000000567,-1.4162639999999556,-0.1639740000000529,-0.7901190000000042
2023-07-26 18:30:00,-0.4044890000000123,-1.002024999999776,-0.7032569999998941,-0.8178909999996904,-0.30414599999994607,-0.5610184999998182,-1.4162559999999758,-0.16165799999998853,-0.7889569999999821
2023-07-26 19:45:00,-0.40716100000008737,-0.9989829999999529,-0.7030720000000201,-0.8063029999998435,-0.2946640000000116,-0.5504834999999275,-1.4076030000001083,-0.16032399999994595,-0.7839635000000271
2023-07-26 22:00:00,-0.4094169999998485,-1.000840000000153,-0.7051285000000007,-0.8051140000002306,-0.2976840000001175,-0.551399000000174,-1.401770999999826,-0.16177299999981187,-0.781771999999819
2023-07-26 22:30:00,-0.40708600000016304,-0.994405999999799,-0.700745999999981,-0.806271999999808,-0.2976180000000568,-0.5519449999999324,-1.4011909999999261,-0.16188800000008996,-0.781539500000008
2023-07-26 23:00:00,-0.4076669999999467,-0.9884390000001986,-0.6980530000000726,-0.8045230000002448,-0.2939160000000811,-0.549219500000163,-1.4017699999999422,-0.16357699999980468,-0.7826734999998735
2023-07-26 23:30:00,-0.41032700000005207,-0.9929870000000847,-0.7016570000000684,-0.8048320000002605,-0.2932420000001912,-0.5490370000002258,-1.4043919999999162,-0.16330100000004677,-0.7838464999999815
2023-07-27 00:00:00,-0.4108459999997649,-0.9942759999998998,-0.7025609999998323,-0.8077100000000428,-0.2986329999998816,-0.5531714999999622,-1.4002980000000207,-0.16288399999984904,-0.7815909999999349
2023-07-27 00:15:00,-0.4063079999996262,-0.9944049999999152,-0.7003564999997707,-0.8089519999998629,-0.2958779999999024,-0.5524149999998826,-1.407905000000028,-0.16071799999963332,-0.7843114999998306
2023-07-27 00:30:00,-0.40683000000035463,-0.9944070000001375,-0.7006185000002461,-0.8095010000001821,-0.2993780000001607,-0.5544395000001714,-1.4032319999996616,-0.16130900000007387,-0.7822704999998678
2023-07-27 01:15:00,-0.41129799999998795,-0.9986180000000786,-0.7049580000000333,-0.8055359999998473,-0.29602599999998347,-0.5507809999999154,-1.4027759999999034,-0.16204599999991842,-0.7824109999999109
2023-07-27 01:30:00,-0.4074100000002545,-0.9944110000001274,-0.700910500000191,-0.8030830000002425,-0.29237400000010894,-0.5477285000001757,-1.4049810000001344,-0.16246499999988373,-0.783723000000009
2023-07-27 01:45:00,-0.4053980000003321,-0.9919520000003104,-0.6986750000003212,-0.8063130000000456,-0.29513900000029025,-0.5507260000001679,-1.4058749999999236,-0.16288200000008146,-0.7843785000000025
2023-07-27 02:30:00,-0.4087099999997008,-0.996501999999964,-0.7026059999998324,-0.8058350000001155,-0.29737599999998565,-0.5516055000000506,-1.4036479999999756,-0.16435599999977057,-0.7840019999998731
2023-07-27 02:45:00,-0.4089690000000701,-0.9955660000000535,-0.7022675000000618,-0.8055359999998473,-0.2970390000000407,-0.551287499999944,-1.4027769999997872,-0.16421799999989162,-0.7834974999998394
2023-07-27 03:00:00,-0.40969200000017736,-0.9978009999999813,-0.7037465000000793,-0.8082880000001751,-0.30102800000031493,-0.554658000000245,-1.401444999999967,-0.1639390000000276,-0.7826919999999973
2023-07-27 03:15:00,-0.4092999999998028,-0.9953420000001643,-0.7023209999999835,-0.8058350000001155,-0.2956260000000839,-0.5507305000000997,-1.4036479999999756,-0.1626059999998688,-0.7831269999999222
2023-07-27 03:45:00,-0.40794199999982084,-0.9919489999997495,-0.6999454999997852,-0.8053690000001552,-0.2968860000000859,-0.5511275000001206,-1.401444999999967,-0.1646339999997508,-0.7830394999998589
2023-07-27 04:15:00,-0.4057999999999993,-0.9919479999998657,-0.6988739999999325,-0.8070040000002336,-0.2980539999998655,-0.5525290000000496,-1.4018989999999576,-0.16288399999984904,-0.7823914999999033
2023-07-27 05:30:00,-0.4092859999996108,-0.9905329999996866,-0.6999094999996487,-0.8087669999999889,-0.29834200000004785,-0.5535545000000184,-1.402501999999913,-0.16429500000003827,-0.7833984999999757
2023-07-27 05:45:00,-0.40714600000001155,-0.9895959999998922,-0.6983709999999519,-0.8092320000000655,-0.2968340000002172,-0.5530330000001413,-1.4058749999999236,-0.16357799999968847,-0.784726499999806
2023-07-27 07:30:00,-0.4068280000001323,-0.9871360000001914,-0.6969820000001619,-0.8060020000002623,-0.2949380000000019,-0.5504700000001321,-1.4043919999999162,-0.16574600000012651,-0.7850690000000213
2023-07-27 07:45:00,-0.40533899999991263,-0.9878450000001067,-0.6965920000000096,-0.8027690000003531,-0.29392200000029334,-0.5483455000003232,-1.4011669999999867,-0.1647499999999127,-0.7829584999999497
2023-07-27 11:30:00,-0.40286699999978737,-0.9996929999997519,-0.7012799999997696,-0.8124960000000101,-0.2989059999999881,-0.5557009999999991,-1.4120249999996304,-0.15815699999984645,-0.7850909999997384
2023-07-27 11:45:00,-0.4013099999997394,-1.0041510000000926,-0.702730499999916,-0.8147140000000945,-0.2993570000003274,-0.557035500000211,-1.4142299999998613,-0.153407000000243,-0.7838185000000522
2023-07-27 12:00:00,-0.3992409999996198,-1.0008639999996376,-0.7000524999996287,-0.8091509999999289,-0.2966270000001714,-0.5528890000000501,-1.4127539999999499,-0.1574639999998908,-0.7851089999999203
2023-07-27 12:45:00,-0.39742800000021816,-0.9943130000001474,-0.6958705000001828,-0.8116800000002513,-0.29466900000034,-0.5531745000002957,-1.415273999999954,-0.155666999999994,-0.785470499999974
2023-07-27 13:00:00,-0.39996000000019194,-0.9919740000000274,-0.6959670000001097,-0.8107479999998759,-0.29695100000026287,-0.5538495000000694,-1.410867000000053,-0.15986100000009174,-0.7853640000000723
2023-07-27 13:15:00,-0.3958099999999831,-0.9925610000000233,-0.6941855000000032,-0.8126809999998841,-0.29641799999990326,-0.5545494999998937,-1.4156880000000456,-0.157416000000012,-0.7865520000000288
2023-07-27 13:45:00,-0.39970099999982267,-0.9961950000001707,-0.6979479999999967,-0.8110470000001442,-0.29539699999986624,-0.5532220000000052,-1.4123169999998026,-0.15523799999982657,-0.7837774999998146
2023-07-27 14:45:00,-0.4007400000000416,-0.996527000000242,-0.6986335000001418,-0.8094519999999648,-0.2956810000000587,-0.5525665000000117,-1.4130489999997735,-0.15957200000002558,-0.7863104999998995
2023-07-27 15:30:00,-0.40319799999997485,-0.9989849999997205,-0.7010914999998477,-0.8110569999998916,-0.2964240000001155,-0.5537405000000035,-1.4158269999998083,-0.16091299999970943,-0.7883699999997589
2023-07-27 16:00:00,-0.40760699999964345,-1.0044679999996333,-0.7060374999996384,-0.816037999999935,-0.30016599999999016,-0.5581019999999626,-1.4190479999997478,-0.16135399999984656,-0.7902009999997972
2023-07-27 16:15:00,-0.40584599999965576,-1.0028239999996913,-0.7043349999996735,-0.8171970000003057,-0.3025950000001103,-0.559896000000208,-1.4202089999998861,-0.1645539999999528,-0.7923814999999195
2023-07-27 16:30:00,-0.40759699999989607,-1.0070329999998648,-0.7073149999998805,-0.8171970000003057,-0.30332799999996496,-0.5602625000001353,-1.4184589999999844,-0.16238799999973708,-0.7904234999998607
2023-07-27 17:15:00,-0.4043669999996382,-1.0011939999999413,-0.7027804999997898,-0.810465000000022,-0.29859899999974004,-0.554531999999881,-1.415234000000055,-0.16423900000017966,-0.7897365000001173
2023-07-27 18:00:00,-0.40649600000006103,-1.000365999999758,-0.7034309999999095,-0.8117620000002717,-0.30011300000023766,-0.5559375000002547,-1.4148019999997814,-0.16614099999969767,-0.7904714999997395
2023-07-27 19:15:00,-0.41395699999975477,-1.0094819999999345,-0.7117194999998446,-0.8140049999997245,-0.30866100000002916,-0.5613329999998768,-1.4124070000002575,-0.1731510000004164,-0.792779000000337
2023-07-27 19:30:00,-0.41039599999976417,-1.0022109999999884,-0.7063034999998763,-0.811279999999897,-0.3042209999998704,-0.5577504999998837,-1.4143220000000838,-0.17467900000019654,-0.7945005000001402
2023-07-27 20:00:00,-0.41065900000012334,-0.9972749999997177,-0.7039669999999205,-0.8127180000001317,-0.3114019999998163,-0.562059999999974,-1.411098999999922,-0.1844940000000861,-0.797796500000004
2023-07-27 20:15:00,-0.40715899999986505,-0.9875489999999445,-0.6973539999999048,-0.8127190000000155,-0.31322799999998097,-0.5629734999999982,-1.4110999999998057,-0.1916889999997693,-0.8013944999997875
2023-07-27 20:30:00,-0.4088979999996809,-0.9878599999997277,-0.6983789999997043,-0.8115630000002056,-0.31696000000010827,-0.564261500000157,-1.4093760000000657,-0.19906099999980142,-0.8042184999999336
2023-07-27 21:30:00,-0.4084450000000288,-0.9837370000000192,-0.696091000000024,-0.8114070000001448,-0.3226230000000214,-0.5670150000000831,-1.406894000000193,-0.20872499999995853,-0.8078095000000758
2023-07-27 21:45:00,-0.4063049999999748,-0.9838580000000547,-0.6950815000000148,-0.8118730000001051,-0.32388600000012957,-0.5678795000001173,-1.409096999999747,-0.21075100000007296,-0.8099239999999099
2023-07-27 22:00:00,-0.4072879999998804,-0.9832910000000084,-0.6952894999999444,-0.8067360000000008,-0.31694199999992634,-0.5618389999999636,-1.4051219999996647,-0.20479699999987133,-0.804959499999768
2023-07-27 22:15:00,-0.4072889999997642,-0.9791869999999108,-0.6932379999998375,-0.8114040000000386,-0.3203859999998713,-0.565894999999955,-1.405120999999781,-0.20549199999959455,-0.8053064999996877
2023-07-27 22:30:00,-0.4091009999997368,-0.9802079999999478,-0.6946544999998423,-0.8059570000000349,-0.32310099999995145,-0.5645289999999932,-1.3979420000000573,-0.21244500000011612,-0.8051935000000867
2023-07-27 22:45:00,-0.4062479999997777,-0.9784569999997075,-0.6923524999997426,-0.8071700000000419,-0.32193099999994956,-0.5645504999999957,-1.4014799999999923,-0.21127500000011423,-0.8063775000000533
2023-07-27 23:00:00,-0.4108449999998811,-0.9827829999999267,-0.6968139999999039,-0.8077069999999367,-0.32508599999982835,-0.5663964999998825,-1.397965000000113,-0.21230400000013105,-0.805134500000122
2023-07-27 23:15:00,-0.40896699999984776,-0.9840889999995852,-0.6965279999997165,-0.8049540000001798,-0.3171900000002097,-0.5610720000001947,-1.3992760000000999,-0.2029210000000603,-0.8010985000000801
2023-07-27 23:30:00,-0.40559799999982715,-0.9810550000001967,-0.693326500000012,-0.8059539999999288,-0.32111799999984214,-0.5635359999998855,-1.3950220000001536,-0.20332300000018222,-0.7991725000001679
2023-07-27 23:45:00,-0.40579699999989316,-0.9798939999996037,-0.6928454999997484,-0.8017519999998513,-0.31294900000011694,-0.5573504999999841,-1.4007249999999658,-0.203324000000066,-0.8020245000000159
2023-07-28 00:00:00,-0.40579699999989316,-0.9767259999998714,-0.6912614999998823,-0.8052520000001095,-0.31673200000022916,-0.5609920000001694,-1.40247700000009,-0.20765800000026502,-0.8050675000001775
2023-07-28 00:30:00,-0.4087059999997109,-0.97601799999984,-0.6923619999997754,-0.8081739999997808,-0.31774899999982154,-0.5629614999998012,-1.403657999999723,-0.208075000000008,-0.8058664999998655
2023-07-28 00:45:00,-0.40695599999980914,-0.9762529999998151,-0.6916044999998121,-0.806423999999879,-0.31741199999987657,-0.5619179999998778,-1.4007489999999052,-0.20619799999985844,-0.8034734999998818
2023-07-28 01:00:00,-0.4088349999997263,-0.9774349999997867,-0.6931349999997565,-0.8074400000000423,-0.31571600000006583,-0.5615780000000541,-1.4029379999997218,-0.2043319999997948,-0.8036349999997583
2023-07-28 01:15:00,-0.408835000000181,-0.9787449999998898,-0.6937900000000354,-0.8091899999999441,-0.31417199999987133,-0.5616809999999077,-1.4017690000000584,-0.19679899999982808,-0.7992839999999433
2023-07-28 02:00:00,-0.41097499999978027,-0.9786039999999048,-0.6947894999998425,-0.8040529999998398,-0.3139649999998255,-0.5590089999998327,-1.397813000000042,-0.20258000000012544,-0.8001965000000837
2023-07-28 02:30:00,-0.4074070000001484,-0.9872550000000047,-0.6973310000000765,-0.8077389999998559,-0.29736000000002605,-0.552549499999941,-1.4026389999999083,-0.16544199999998455,-0.7840404999999464
2023-07-28 02:45:00,-0.40417100000013306,-0.9825870000004215,-0.6933790000002773,-0.8045189999998001,-0.2944520000000921,-0.5494854999999461,-1.3988359999998465,-0.16311399999995047,-0.7809749999998985
2023-07-28 03:00:00,-0.40215900000021065,-0.9844550000002528,-0.6933070000002317,-0.807749000000058,-0.2980929999998807,-0.5529209999999694,-1.4014799999999923,-0.16385600000012346,-0.7826680000000579
2023-07-28 03:30:00,-0.40390800000022864,-0.9837460000003375,-0.6938270000002831,-0.8059990000001562,-0.29560899999978574,-0.550803999999971,-1.4014790000001085,-0.16427100000009887,-0.7828750000001037
2023-07-28 03:45:00,-0.40935999999965134,-0.9849159999998847,-0.697137999999768,-0.8050680000001194,-0.29561100000000806,-0.5503395000000637,-1.3970719999997527,-0.16427299999986644,-0.7806724999998096
2023-07-28 04:00:00,-0.4042979999999261,-0.9819949999996425,-0.6931464999997843,-0.8037829999998394,-0.29385999999976775,-0.5488214999998036,-1.3975239999999758,-0.16252200000008088,-0.7800230000000283
2023-07-28 04:15:00,-0.40591900000026726,-0.9862040000002708,-0.696061500000269,-0.8045179999999164,-0.29459300000007715,-0.5495554999999968,-1.3988369999997303,-0.16210499999988315,-0.7804709999998067
2023-07-28 05:15:00,-0.40844700000025114,-0.9811589999999342,-0.6948030000000927,-0.8049849999997605,-0.2929250000001957,-0.5489549999999781,-1.40395000000035,-0.1687090000000353,-0.7863295000001926
2023-07-28 06:00:00,-0.4052659999997559,-0.9769159999996191,-0.6910909999996875,-0.8082049999998162,-0.3008239999999205,-0.5545144999998683,-1.4054230000001553,-0.17868799999996554,-0.7920555000000604
2023-07-28 06:15:00,-0.4052649999998721,-0.9754989999996724,-0.6903819999997722,-0.809954999999718,-0.3046070000000327,-0.5572809999998753,-1.4048439999996845,-0.18244099999992613,-0.7936424999998053
2023-07-28 06:30:00,-0.4070160000001124,-0.9804169999997612,-0.6937164999999368,-0.8082049999998162,-0.3025750000001608,-0.5553899999999885,-1.4036739999996826,-0.17868799999996554,-0.791180999999824
2023-07-28 07:00:00,-0.4077959999999621,-0.9834780000001047,-0.6956370000000334,-0.8104229999999006,-0.2998609999999644,-0.5551419999999325,-1.4076289999998153,-0.1729049999999006,-0.7902669999998579
2023-07-28 07:30:00,-0.41032799999993586,-0.9898530000000392,-0.7000904999999875,-0.807741999999962,-0.2907110000001012,-0.5492265000000316,-1.4026420000000144,-0.15457400000013877,-0.7786080000000766
2023-07-28 08:30:00,-0.4059139999999388,-0.9859779999997045,-0.6959459999998217,-0.8076710000000276,-0.29026100000010047,-0.548966000000064,-1.4083820000000742,-0.15932399999974223,-0.7838529999999082
2023-07-28 09:00:00,-0.4080549999998766,-0.988542999999936,-0.6982989999999063,-0.8089540000000852,-0.29400299999997515,-0.5514785000000302,-1.4055990000001657,-0.16035599999986516,-0.7829775000000154
2023-07-28 09:15:00,-0.4063049999999748,-0.9884369999999763,-0.6973709999999755,-0.8089529999997467,-0.29449399999975867,-0.5517234999997527,-1.4055960000000596,-0.16007600000011735,-0.7828360000000885
2023-07-28 10:00:00,-0.4037749999997686,-0.9859799999999268,-0.6948774999998477,-0.8116350000000239,-0.2937600000000202,-0.552697500000022,-1.4105850000000828,-0.15932400000019697,-0.7849545000001399
2023-07-28 10:30:00,-0.4059139999999388,-0.9908949999999095,-0.6984044999999242,-0.8076710000000276,-0.2917280000001483,-0.5496995000000879,-1.4083820000000742,-0.15849100000014005,-0.7834365000001071
2023-07-28 10:45:00,-0.4055239999997866,-0.9926470000000336,-0.6990854999999101,-0.8098860000000059,-0.2934780000000501,-0.551682000000028,-1.4123349999999846,-0.16024000000015803,-0.7862875000000713
2023-07-28 11:00:00,-0.40260699999998906,-0.9920819999997548,-0.6973444999998719,-0.813387000000148,-0.2964529999999286,-0.5549200000000383,-1.4135059999998703,-0.15896500000008018,-0.7862354999999752
2023-07-28 12:00:00,-0.4024770000000899,-0.9914859999998953,-0.6969814999999926,-0.8112129999999524,-0.29295900000033726,-0.5520860000001448,-1.4142280000000937,-0.1577980000001844,-0.7860130000001391
2023-07-28 12:30:00,-0.4030579999998736,-0.9961699999998928,-0.6996139999998832,-0.8094639999999345,-0.29243399999995745,-0.550948999999946,-1.411319000000276,-0.15419400000018868,-0.7827565000002323
2023-07-28 12:45:00,-0.40422599999965314,-0.9973369999997885,-0.7007814999997208,-0.8129600000002029,-0.29593100000010963,-0.5544455000001562,-1.4130660000000717,-0.15594199999986813,-0.7845039999999699
2023-07-28 13:00:00,-0.40422499999976935,-0.9949839999999313,-0.6996044999998503,-0.8077120000002651,-0.29120899999998073,-0.5494605000001229,-1.4113160000001699,-0.1566379999999299,-0.7839770000000499
2023-07-28 14:45:00,-0.401307000000088,-0.9961700000003475,-0.6987385000002178,-0.8112120000000687,-0.2959319999999934,-0.553572000000031,-1.4113189999998212,-0.15594299999975192,-0.7836309999997866
2023-07-28 15:00:00,-0.40273700000034296,-0.9930030000000443,-0.6978700000001936,-0.8091520000002674,-0.29446599999982936,-0.5518090000000484,-1.411595000000034,-0.16027500000018335,-0.7859350000001086
2023-07-28 15:15:00,-0.4007270000001881,-0.9960640000003878,-0.6983955000002879,-0.8094630000000507,-0.2935029999998733,-0.551482999999962,-1.4113189999998212,-0.1544930000000022,-0.7829059999999117
2023-07-28 15:30:00,-0.40461599999980535,-0.997103999999581,-0.7008599999996932,-0.808994999999868,-0.2945190000000366,-0.5517569999999523,-1.4079429999997046,-0.15549099999998361,-0.7817169999998441
2023-07-28 15:45:00,-0.3993070000001353,-0.9935999999997875,-0.6964534999999614,-0.8109300000000985,-0.29393400000026304,-0.5524320000001808,-1.4127669999998034,-0.15491199999996752,-0.7838394999998854
2023-07-28 16:00:00,-0.3996990000000551,-0.9952459999999519,-0.6974725000000035,-0.8092959999999039,-0.29500599999983024,-0.552150999999867,-1.412315000000035,-0.15813399999979083,-0.785224499999913
2023-07-28 16:15:00,-0.4011310000000776,-0.9930260000000999,-0.6970785000000888,-0.8089840000002368,-0.29393000000027314,-0.551457000000255,-1.4079329999999572,-0.15491199999996752,-0.7814224999999624
2023-07-28 16:30:00,-0.4028809999999794,-0.996527000000242,-0.6997040000001107,-0.8072350000002189,-0.29393100000015693,-0.5505830000001879,-1.4079329999999572,-0.15666200000032404,-0.7822975000001406
2023-07-28 16:45:00,-0.4032710000001316,-0.9947750000001179,-0.6990230000001247,-0.8056070000002364,-0.2927700000000186,-0.5491885000001275,-1.4074749999999767,-0.1584100000000035,-0.7829424999999901
2023-07-28 17:00:00,-0.4000920000003134,-0.9930280000003222,-0.6965600000003178,-0.8082509999999274,-0.2951020000000426,-0.551676499999985,-1.406622999999854,-0.1560829999998532,-0.7813529999998536
2023-07-28 18:00:00,-0.39646099999981743,-0.9959600000001956,-0.6962105000000065,-0.8054830000000948,-0.29515400000036607,-0.5503185000002304,-1.406181000000288,-0.15596600000026228,-0.7810735000002751
2023-07-28 18:15:00,-0.40035100000022794,-0.9984180000001288,-0.6993845000001784,-0.80676799999992,-0.2958870000002207,-0.5513275000000704,-1.4039780000002793,-0.15379900000016278,-0.778888500000221
2023-07-28 19:00:00,-0.3971710000000712,-0.9947860000002038,-0.6959785000001375,-0.8024210000003222,-0.2910820000001877,-0.546751500000255,-1.4083609999997861,-0.15771799999993164,-0.7830394999998589
2023-07-28 21:00:00,-0.39923899999985224,-0.9955909999998767,-0.6974149999998644,-0.8062310000000252,-0.29418400000031397,-0.5502075000001696,-1.4080840000001444,-0.15710300000000643,-0.7825935000000754
2023-07-28 21:15:00,-0.3995089999998527,-0.9926799999998366,-0.6960944999998446,-0.8094169999999394,-0.29593100000010963,-0.5526740000000245,-1.4066200000002027,-0.15536199999996825,-0.7809910000000855
2023-07-28 21:45:00,-0.39710599999989427,-0.9968880000001263,-0.6969970000000103,-0.8084460000000036,-0.2954949999998462,-0.5519704999999249,-1.4114669999999023,-0.15669500000012704,-0.7840810000000147
2023-07-28 22:15:00,-0.40164899999990666,-0.9944299999997384,-0.6980394999998225,-0.8060319999999592,-0.29476199999999153,-0.5503969999999754,-1.4026669999998376,-0.15536299999985204,-0.7790149999998448
2023-07-28 22:30:00,-0.39950999999973646,-0.9944310000000769,-0.6969704999999067,-0.8076689999998052,-0.2959329999998772,-0.5518009999998412,-1.4048710000001847,-0.15536299999985204,-0.7801170000000184
2023-07-28 23:30:00,-0.3977580000000671,-0.9910350000000108,-0.6943965000000389,-0.8059170000001359,-0.2936909999998534,-0.5498039999999946,-1.4066189999998642,-0.15739099999973405,-0.7820049999997991
2023-07-29 01:30:00,-0.3973670000000311,-0.9878680000001623,-0.6926175000000967,-0.809882000000016,-0.2957240000000638,-0.5528030000000399,-1.4088219999998728,-0.15822399999979098,-0.7835229999998319
2023-07-29 02:45:00,-0.3969790000001012,-0.9837710000001607,-0.690375000000131,-0.8042810000001737,-0.2944950000000972,-0.5493880000001354,-1.401495000000068,-0.16065699999990102,-0.7810759999999846
2023-07-29 05:15:00,-0.39807699999983015,-0.9830600000000231,-0.6905684999999266,-0.8079779999998209,-0.293760999999904,-0.5508694999998625,-1.4080920000001242,-0.16107400000009875,-0.7845830000001115
2023-07-29 06:30:00,-0.40164699999968434,-0.9838839999997617,-0.692765499999723,-0.805449999999837,-0.29226299999982075,-0.5488564999998289,-1.40266500000007,-0.1591960000000654,-0.7809305000000677
2023-07-29 07:00:00,-0.3977599999998347,-0.979678000000149,-0.6887189999999919,-0.8059180000000197,-0.29153199999973367,-0.5487249999998767,-1.4066170000000966,-0.1613630000001649,-0.7839900000001307
2023-07-29 07:15:00,-0.3956180000000131,-0.9828449999999975,-0.6892315000000053,-0.8093020000001161,-0.29416700000001583,-0.551734500000066,-1.4099819999996726,-0.15993899999966743,-0.78496049999967
2023-07-29 07:30:00,-0.3961970000000292,-0.9804899999999179,-0.6883434999999736,-0.8081320000001142,-0.2929429999999229,-0.5505375000000186,-1.4099809999997888,-0.1618039999998473,-0.785892499999818
2023-07-29 09:15:00,-0.397356999999829,-0.9845839999998134,-0.6909704999998212,-0.8063830000000962,-0.29124799999999595,-0.5488155000000461,-1.4099809999997888,-0.15993799999978364,-0.7849594999997862
2023-07-29 10:15:00,-0.3991089999999531,-0.9863359999999375,-0.6927224999999453,-0.8098840000002383,-0.29474800000025425,-0.5523160000002463,-1.4099839999998949,-0.15994000000000597,-0.7849619999999504
2023-07-29 10:30:00,-0.39800900000000183,-0.9838770000001205,-0.6909430000000611,-0.8122560000001613,-0.2940160000002834,-0.5531360000002223,-1.4146690000002309,-0.16035800000008749,-0.7875135000001592
2023-07-29 11:00:00,-0.3954189999999471,-0.986819000000196,-0.6911190000000715,-0.8061500000003434,-0.2888220000004367,-0.54748600000039,-1.4196419999998398,-0.16316199999982928,-0.7914019999998345
2023-07-29 11:30:00,-0.394839999999931,-0.9874079999999594,-0.6911239999999452,-0.8078989999999067,-0.28886999999986074,-0.5483844999998837,-1.417891999999938,-0.15779799999972965,-0.7878449999998338
2023-07-29 12:15:00,-0.3959389999999985,-0.9891600000000835,-0.692549500000041,-0.8101980000001276,-0.2952890000001389,-0.5527435000001333,-1.4132190000000264,-0.15955799999983356,-0.78638849999993
2023-07-29 12:30:00,-0.39314999999987776,-0.98905300000024,-0.6911015000000589,-0.816099000000122,-0.29577999999992244,-0.5559395000000222,-1.420828000000256,-0.15635999999994965,-0.7885940000001028
2023-07-29 12:45:00,-0.39354000000003,-0.993970999999874,-0.693755499999952,-0.8138810000000376,-0.2972460000000865,-0.555563500000062,-1.4168730000001233,-0.15552600000000893,-0.7861995000000661
2023-07-29 13:00:00,-0.3934089999997923,-0.9898689999999988,-0.6916389999998955,-0.8111309999999321,-0.2925239999999576,-0.5518274999999448,-1.4182089999999334,-0.15622299999995448,-0.787215999999944
2023-07-29 13:30:00,-0.3948369999998249,-0.9933670000000347,-0.6941019999999298,-0.8119870000000446,-0.29719199999999546,-0.55458950000002,-1.4190629999998237,-0.1620509999997921,-0.7905569999998079
2023-07-29 13:45:00,-0.4001469999998335,-0.9962739999996302,-0.6982104999997318,-0.8117850000003273,-0.29893900000024587,-0.5553620000002866,-1.4200380000002042,-0.16787600000043312,-0.7939570000003187
2023-07-29 14:15:00,-0.40481899999986126,-0.9992069999998421,-0.7020129999998517,-0.8086370000000898,-0.29899299999988216,-0.553814999999986,-1.4134259999996175,-0.1677589999999327,-0.7905924999997751
2023-07-29 14:30:00,-0.4069579999995767,-1.0006220000000212,-0.703789999999799,-0.8093309999999292,-0.2981179999997039,-0.5537244999998165,-1.409472999999707,-0.1616759999997157,-0.7855744999997114
2023-07-29 14:45:00,-0.4104569999999512,-1.0003819999997177,-0.7054194999998344,-0.8192479999997886,-0.30487700000003315,-0.5620624999999109,-1.4205600000000231,-0.16999200000009296,-0.795276000000058
2023-07-29 15:00:00,-0.41363300000011805,-1.0023780000001352,-0.7080055000001266,-0.8241950000001452,-0.30979100000013204,-0.5669930000001386,-1.426684000000023,-0.17684800000006362,-0.8017660000000433
2023-07-29 15:30:00,-0.4155160000000251,-0.9995060000001104,-0.7075110000000677,-0.8251980000000003,-0.29542399999991176,-0.560310999999956,-1.4300090000001546,-0.15772800000013376,-0.7938685000001442
2023-07-29 15:45:00,-0.4157749999999396,-0.9897909999999683,-0.702782999999954,-0.8283879999999044,-0.29841399999986606,-0.5634009999998852,-1.4262299999995776,-0.16026199999987512,-0.7932459999997263
2023-07-29 16:30:00,-0.41123800000013944,-0.9633800000001429,-0.6873090000001412,-0.8183140000001004,-0.27481799999986833,-0.5465659999999843,-1.4190590000002885,-0.14513800000031551,-0.782098500000302
2023-07-29 16:45:00,-0.41687499999989086,-0.9673060000000078,-0.6920904999999493,-0.8174990000002254,-0.27456000000029235,-0.5460295000002588,-1.4217189999999391,-0.14986799999996947,-0.7857934999999543
2023-07-29 17:00:00,-0.4129840000000513,-0.9635290000001078,-0.6882565000000795,-0.8179620000000796,-0.28173000000015236,-0.549846000000116,-1.4210119999997914,-0.16026099999999133,-0.7906364999998914
2023-07-29 17:30:00,-0.4108449999998811,-0.9686169999999947,-0.6897309999999379,-0.8172610000001441,-0.2718470000004345,-0.5445540000002893,-1.4220490000002428,-0.14117799999985436,-0.7816135000000486
2023-07-29 17:45:00,-0.41006500000003143,-0.9686179999998785,-0.689341499999955,-0.8138859999999113,-0.27185800000006566,-0.5428719999999885,-1.416924999999992,-0.14117699999997058,-0.7790509999999813
2023-07-29 18:15:00,-0.408053000000109,-0.9495339999998578,-0.6787934999999834,-0.8136209999997845,-0.290719000000081,-0.5521699999999328,-1.4166729999997187,-0.18418199999996432,-0.8004274999998415
2023-07-29 18:30:00,-0.40591300000005504,-0.9511779999997998,-0.6785454999999274,-0.8175870000000032,-0.2947079999999005,-0.5561474999999518,-1.4206279999998515,-0.18565399999988585,-0.8031409999998687
2023-07-29 18:45:00,-0.4059119999997165,-0.9560950000000048,-0.6810034999998607,-0.8140869999997449,-0.2926760000000286,-0.5533814999998867,-1.4171270000001641,-0.18132100000002538,-0.7992240000000947
2023-07-29 20:45:00,-0.3941270000000259,-0.9588349999999082,-0.676480999999967,-0.813068999999814,-0.2944089999996322,-0.5537389999997231,-1.4131770000003598,-0.17227300000013201,-0.7927250000002459
2023-07-29 21:15:00,-0.3898519999997916,-0.9577970000000278,-0.6738244999999097,-0.8091039999999339,-0.2945649999996931,-0.5518344999998135,-1.4109730000000127,-0.17477700000017649,-0.7928750000000946
2023-07-29 21:30:00,-0.3901700000001256,-0.9559180000001106,-0.6730440000001181,-0.8094150000001719,-0.29266099999995276,-0.5510380000000623,-1.414194999999836,-0.17577299999993556,-0.7949839999998858
2023-07-29 21:45:00,-0.3915980000001582,-0.9597810000000209,-0.6756895000000895,-0.8091059999997015,-0.29421800000000076,-0.5516619999998511,-1.4109849999999824,-0.17404900000019552,-0.792517000000089
2023-07-29 22:00:00,-0.3919890000001942,-0.9627140000002328,-0.6773515000002135,-0.8103879999998753,-0.29777100000001155,-0.5540794999999434,-1.405279999999948,-0.17043299999977535,-0.7878564999998616
2023-07-29 22:15:00,-0.3915980000001582,-0.9649380000000747,-0.6782680000001164,-0.8073559999997997,-0.29359199999998964,-0.5504739999998947,-1.4092350000000806,-0.17073500000014974,-0.7899850000001152
2023-07-29 22:30:00,-0.391208000000006,-0.9644640000001345,-0.6778360000000703,-0.8113220000000183,-0.29602199999999357,-0.5536720000000059,-1.413187999999991,-0.17218300000013187,-0.7926855000000614
2023-07-29 23:30:00,-0.389458999999988,-0.96506700000009,-0.677263000000039,-0.8113220000000183,-0.2954949999998462,-0.5534084999999322,-1.412029000000075,-0.16857900000013615,-0.7903040000001056
2023-07-30 00:30:00,-0.38932900000008885,-0.9624800000001414,-0.6759045000001151,-0.8114759999998569,-0.29577900000003865,-0.5536274999999478,-1.4121699999996054,-0.17057199999999284,-0.7913709999997991
2023-07-30 01:45:00,-0.389458999999988,-0.9650690000003124,-0.6772640000001502,-0.8078230000000985,-0.2919969999998102,-0.5499099999999544,-1.4131890000003295,-0.16973900000039066,-0.7914640000003601
2023-07-30 02:30:00,-0.391599000000042,-0.9638850000001185,-0.6777420000000802,-0.8079470000002402,-0.2942830000001777,-0.551115000000209,-1.4098260000000664,-0.17219399999976304,-0.7910099999999147
2023-07-30 02:45:00,-0.39134100000001126,-0.9659900000001471,-0.6786655000000792,-0.8094160000000556,-0.2940889999999854,-0.5517525000000205,-1.4124469999997018,-0.1704690000001392,-0.7914579999999205
2023-07-30 03:00:00,-0.3895890000003419,-0.9637640000000829,-0.6766765000002124,-0.8094139999998333,-0.29476800000020376,-0.5520910000000185,-1.4106950000000325,-0.1701669999997648,-0.7904309999998986
2023-07-30 03:15:00,-0.3905600000002778,-0.9648179999999229,-0.6776890000001004,-0.8054489999999532,-0.2923390000000836,-0.5488940000000184,-1.4067409999997835,-0.16872000000012122,-0.7877304999999524
2023-07-30 03:45:00,-0.3902419999999438,-0.9625949999999648,-0.6764184999999543,-0.8086379999999735,-0.29651800000010553,-0.5525780000000395,-1.4058500000001004,-0.17074800000000323,-0.7882990000000518
2023-07-30 04:00:00,-0.388101000000006,-0.9625949999999648,-0.6753479999999854,-0.8073529999996936,-0.294767999999749,-0.5510604999997213,-1.4063030000002072,-0.16899800000010146,-0.7876505000001544
2023-07-30 04:30:00,-0.3881019999998898,-0.9617800000000898,-0.6749409999999898,-0.8061819999998079,-0.2933549999997922,-0.5497684999998,-1.406300999999985,-0.1691359999999804,-0.7877184999999827
2023-07-30 05:15:00,-0.3890689999998358,-0.9612750000001142,-0.675171999999975,-0.8100349999999708,-0.2974220000000969,-0.5537285000000338,-1.4124609999998938,-0.1766339999999218,-0.7945474999999078
2023-07-30 07:00:00,-0.38946100000021033,-0.9588180000000648,-0.6741395000001376,-0.8078199999999924,-0.296690000000126,-0.5522550000000592,-1.413176999999905,-0.18172099999992497,-0.797448999999915
2023-07-30 07:15:00,-0.391023000000132,-0.9659900000001471,-0.6785065000001396,-0.8091039999999339,-0.29583899999988716,-0.5524714999999105,-1.408053000000109,-0.1693000000000211,-0.7886765000000651
2023-07-30 08:45:00,-0.391208000000006,-0.9826379999999517,-0.6869229999999789,-0.8130729999998039,-0.2745390000000043,-0.5438059999999041,-1.413191999999981,-0.12134800000012547,-0.7672700000000532
2023-07-30 09:00:00,-0.38906900000029054,-0.984056000000237,-0.6865625000002638,-0.815288999999666,-0.27425499999981184,-0.5447719999997389,-1.4153949999999895,-0.11701300000004267,-0.7662040000000161
2023-07-30 09:15:00,-0.386927999999898,-0.9833470000003217,-0.6851375000001099,-0.8140049999997245,-0.2735219999999572,-0.5437634999998409,-1.4164390000000822,-0.11802200000010998,-0.7672305000000961
2023-07-30 09:30:00,-0.39081800000030853,-0.9832100000003265,-0.6870140000003175,-0.8135389999997642,-0.27622999999994136,-0.5448844999998528,-1.4142350000001898,-0.12379099999998289,-0.7690130000000863
2023-07-30 10:30:00,-0.3929590000002463,-0.9726570000002539,-0.6828080000002501,-0.8095739999998841,-0.2949659999999312,-0.5522699999999077,-1.4131899999997586,-0.16904599999998027,-0.7911179999998694
2023-07-30 11:15:00,-0.38732300000037867,-0.9696330000001581,-0.6784780000002684,-0.8100380000000769,-0.2942980000002535,-0.5521680000001652,-1.4124630000001162,-0.16468900000018039,-0.7885760000001483
2023-07-30 11:30:00,-0.3888099999999213,-0.9706719999999223,-0.6797409999999218,-0.811518999999862,-0.2953130000000783,-0.5534159999999702,-1.4168549999999414,-0.16860399999995934,-0.7927294999999503
2023-07-30 11:45:00,-0.3870609999999033,-0.9737340000001495,-0.6803975000000264,-0.8086009999997259,-0.29260199999998804,-0.550601499999857,-1.4139369999998053,-0.16282400000000052,-0.7883804999999029
2023-07-30 12:00:00,-0.3849199999999655,-0.9708019999998214,-0.6778609999998935,-0.8108149999998204,-0.294296999999915,-0.5525559999998677,-1.4178900000001704,-0.16643800000019837,-0.7921640000001844
2023-07-30 12:30:00,-0.38952000000017506,-0.9761779999998907,-0.6828490000000329,-0.8101969999997891,-0.2933309999998528,-0.551763999999821,-1.4161269999999604,-0.163579000000027,-0.7898529999999937
2023-07-30 12:45:00,-0.3856310000001031,-0.9724380000002384,-0.6790345000001707,-0.8124119999997674,-0.2965279999998529,-0.5544699999998102,-1.417171000000053,-0.16615999999976339,-0.7916654999999082
2023-07-30 13:00:00,-0.3827209999999468,-0.9695270000001983,-0.6761240000000726,-0.8135819999997693,-0.297696999999971,-0.5556394999998702,-1.4171719999999368,-0.16616000000021813,-0.7916660000000775
2023-07-30 14:00:00,-0.3864120000002913,-0.9756040000002031,-0.6810080000002472,-0.8097280000001774,-0.29799400000001697,-0.5538610000000972,-1.411012000000028,-0.16532599999982267,-0.7881689999999253
2023-07-30 14:45:00,-0.38627900000028603,-0.9778380000002471,-0.6820585000002666,-0.8081369999999879,-0.2967349999998987,-0.5524359999999433,-1.4105859999999666,-0.16387799999984054,-0.7872319999999036
2023-07-30 15:00:00,-0.3866699999998673,-0.9778379999997924,-0.6822539999998298,-0.8094200000000455,-0.3002339999998185,-0.554826999999932,-1.4083810000001904,-0.16562800000019706,-0.7870045000001937
2023-07-30 15:15:00,-0.3864090000001852,-0.9794660000002295,-0.6829375000002074,-0.8044800000002397,-0.2943119999999908,-0.5493960000001152,-1.4110019999998258,-0.16534999999976208,-0.7881759999997939
2023-07-30 15:30:00,-0.38465999999971245,-0.9747849999998834,-0.679722499999798,-0.8079790000001594,-0.2977570000002743,-0.5528680000002169,-1.4080839999996897,-0.16429799999968964,-0.7861909999996897
2023-07-30 16:15:00,-0.38471800000024814,-0.9772440000001552,-0.6809810000002017,-0.8109439999998358,-0.29791100000011284,-0.5544274999999743,-1.4139620000000832,-0.16389099999969403,-0.7889264999998886
2023-07-30 16:30:00,-0.38401100000010047,-0.977139999999963,-0.6805755000000318,-0.809929000000011,-0.2954829999998765,-0.5527059999999437,-1.4135219999998299,-0.16069299999981013,-0.78710749999982
2023-07-30 17:15:00,-0.38361699999995835,-0.9795950000002449,-0.6816060000001016,-0.812141999999767,-0.2962130000000798,-0.5541774999999234,-1.4186439999998584,-0.16144299999996292,-0.7900434999999106
2023-07-30 18:00:00,-0.38511300000027404,-0.9764199999999619,-0.680766500000118,-0.8104630000002544,-0.2994069999999738,-0.5549350000001141,-1.410562999999911,-0.1645989999997255,-0.7875809999998182
2023-07-30 18:15:00,-0.38498200000003635,-0.9754990000001271,-0.6802405000000817,-0.8082930000000488,-0.29498599999988073,-0.5516394999999648,-1.4130679999998392,-0.16387899999972433,-0.7884734999997818
2023-07-30 20:30:00,-0.385052000000087,-0.976430000000164,-0.6807410000001255,-0.8069330000002992,-0.2994170000001759,-0.5531750000002376,-1.4076399999999012,-0.1675279999999475,-0.7875839999999243
2023-07-30 21:15:00,-0.38894200000004275,-0.9766640000002553,-0.682803000000149,-0.8023789999997462,-0.29324199999973644,-0.5478104999997413,-1.403675000000021,-0.16329999999970823,-0.7834874999998647
2023-07-30 21:30:00,-0.3838829999999689,-0.9738509999997405,-0.6788669999998547,-0.8057640000001811,-0.2974220000000969,-0.551593000000139,-1.4041290000000117,-0.16358099999979459,-0.7838549999999032
2023-07-30 21:45:00,-0.3870609999999033,-0.9747849999998834,-0.6809229999998934,-0.8042950000003657,-0.2960080000002563,-0.550151500000311,-1.4032589999997072,-0.16429900000002817,-0.7837789999998677
2023-07-30 22:15:00,-0.38667000000032203,-0.9731560000000172,-0.6799130000001696,-0.8041720000001078,-0.2931829999997717,-0.5486774999999398,-1.4083809999997356,-0.1657430000000204,-0.787061999999878
2023-07-31 00:15:00,-0.3831119999999828,-0.970698000000084,-0.6769050000000334,-0.8084450000001198,-0.2959489999998368,-0.5521969999999783,-1.4120459999999184,-0.1661619999999857,-0.7891039999999521
2023-07-31 00:30:00,-0.38452900000038426,-0.9706960000003164,-0.6776125000003503,-0.8081360000001041,-0.29594700000006924,-0.5520415000000867,-1.4088360000000648,-0.1644099999998616,-0.7866229999999632
2023-07-31 00:45:00,-0.3924369999999726,-0.9849410000001626,-0.6886890000000676,-0.8084460000000036,-0.29741599999988466,-0.5529309999999441,-1.4108769999998003,-0.1641580000000431,-0.7875174999999217
2023-07-31 01:00:00,-0.3892590000000382,-0.9763950000001387,-0.6828270000000884,-0.8070040000002336,-0.2940550000002986,-0.5505295000002661,-1.4146660000001248,-0.16832799999974668,-0.7914969999999357
2023-07-31 01:30:00,-0.38756999999986874,-0.9753550000000359,-0.6814624999999523,-0.8056379999998171,-0.2959489999998368,-0.550793499999827,-1.4075010000001384,-0.16616100000010192,-0.7868310000001202
2023-07-31 02:45:00,-0.38828800000010233,-0.973131000000194,-0.6807095000001482,-0.8060730000001968,-0.2954570000001695,-0.5507650000001831,-1.4091089999997166,-0.1681869999997616,-0.7886479999997391
2023-07-31 03:15:00,-0.3892559999999321,-0.9746390000000247,-0.6819474999999784,-0.8087550000000192,-0.2940490000000864,-0.5514020000000528,-1.4135169999999562,-0.16541899999992893,-0.7894679999999425
2023-07-31 04:30:00,-0.387637000000268,-0.9735920000002807,-0.6806145000002743,-0.8097720000000663,-0.29764399999976376,-0.553707999999915,-1.413958999999977,-0.1697759999997288,-0.791867499999853
2023-07-31 05:15:00,-0.38750500000014654,-0.9741699999999582,-0.6808375000000524,-0.8081750000001193,-0.2958929999999782,-0.5520340000000488,-1.4146770000002107,-0.16976400000021385,-0.7922205000002123
2023-07-31 05:45:00,-0.3878979999999501,-0.9746409999997923,-0.6812694999998712,-0.807709000000159,-0.29696999999987383,-0.5523395000000164,-1.4107240000003003,-0.168329999999969,-0.7895270000001346
2023-07-31 06:00:00,-0.3878970000000663,-0.9730110000000423,-0.6804540000000543,-0.8059589999998025,-0.29473300000017844,-0.5503459999999905,-1.4107240000003003,-0.16860399999995934,-0.7896640000001298
2023-07-31 06:45:00,-0.39217999999982567,-0.9712629999999081,-0.6817214999998669,-0.8067790000000059,-0.294734999999946,-0.550756999999976,-1.4063179999998283,-0.16685599999982514,-0.7865869999998267
2023-07-31 08:15:00,-0.38641199999983655,-0.9683439999998882,-0.6773779999998624,-0.8073890000000574,-0.29472500000019863,-0.551057000000128,-1.4110019999998258,-0.16860600000018167,-0.7898040000000037
2023-07-31 09:30:00,-0.3842709999998988,-0.9699869999999464,-0.6771289999999226,-0.8096049999999195,-0.29696500000000015,-0.5532849999999598,-1.4132049999998344,-0.16832800000020143,-0.7907665000000179
2023-07-31 10:30:00,-0.38563099999964834,-0.9744319999999789,-0.6800314999998136,-0.8135720000000219,-0.29911200000015015,-0.556342000000086,-1.417160999999851,-0.16719400000010864,-0.7921774999999798
2023-07-31 11:00:00,-0.38174000000026354,-0.974786000000222,-0.6782630000002428,-0.8111280000002807,-0.2960080000002563,-0.5535680000002685,-1.4181959999996252,-0.16429899999957343,-0.7912474999995993
2023-07-31 11:15:00,-0.3828410000000986,-0.9738510000001952,-0.6783460000001469,-0.8099280000001272,-0.2956720000001951,-0.5528000000001612,-1.4146809999997458,-0.16358099999979459,-0.7891309999997702
2023-07-31 11:30:00,-0.38245299999971394,-0.977954999999838,-0.680203999999776,-0.8103969999997389,-0.2951479999996991,-0.552772499999719,-1.4174760000000788,-0.1617260000002716,-0.7896010000001752
2023-07-31 11:45:00,-0.3807000000001608,-0.9772459999999228,-0.6789730000000418,-0.8138930000000073,-0.3014109999999164,-0.5576519999999618,-1.415726000000177,-0.16389200000003257,-0.7898090000001048
2023-07-31 12:00:00,-0.38459100000000035,-0.979703999999856,-0.6821474999999282,-0.809929000000011,-0.29689700000017183,-0.5534130000000914,-1.4135219999998299,-0.16172599999981685,-0.7876239999998234
2023-07-31 12:15:00,-0.3807019999999284,-0.977139999999963,-0.6789209999999457,-0.8121439999999893,-0.2984030000002349,-0.5552735000001121,-1.4174739999998565,-0.16361300000016854,-0.7905435000000125
2023-07-31 12:30:00,-0.3828430000003209,-0.9796000000001186,-0.6812215000002197,-0.8105089999999109,-0.29796699999997145,-0.5542379999999412,-1.414100999999846,-0.1620269999998527,-0.7880639999998493
2023-07-31 12:45:00,-0.3829719999998815,-0.9815889999999854,-0.6822804999999335,-0.8062760000002527,-0.2958760000001348,-0.5510760000001937,-1.4127920000000813,-0.16304700000000594,-0.7879195000000436
2023-07-31 13:30:00,-0.3868609999999535,-0.9901100000001861,-0.6884855000000698,-0.8106940000002396,-0.2974309999999605,-0.5540625000001,-1.4189259999998285,-0.16132199999992736,-0.7901239999998779
2023-07-31 13:45:00,-0.384070999999949,-0.9859030000002349,-0.6849870000000919,-0.8117099999999482,-0.2996180000000095,-0.5556639999999788,-1.4164590000000317,-0.161750000000211,-0.7891045000001213
2023-07-31 14:00:00,-0.39289000000007945,-0.9898600000001352,-0.6913750000001073,-0.8115109999998822,-0.30063300000028903,-0.5560720000000856,-1.4145180000000437,-0.16507499999988795,-0.7897964999999658
2023-07-31 14:30:00,-0.38756999999986874,-0.9917399999999361,-0.6896549999999024,-0.8105500000001484,-0.29792700000007244,-0.5542385000001104,-1.4170380000000478,-0.15988599999991493,-0.7884619999999813
2023-07-31 14:45:00,-0.3886090000000877,-0.9905539999999746,-0.6895815000000312,-0.8136129999998047,-0.30078199999979915,-0.557197499999802,-1.4177660000000287,-0.1617510000000948,-0.7897585000000618
2023-07-31 15:00:00,-0.38699099999985265,-0.9904509999996662,-0.6887209999997594,-0.8117190000002665,-0.30011400000012145,-0.555916500000194,-1.4182059999998273,-0.16322300000001633,-0.7907144999999218
2023-07-31 15:15:00,-0.3854400000000169,-0.9942089999999553,-0.6898244999999861,-0.8104370000000927,-0.29808200000024954,-0.5542595000001711,-1.4192410000000564,-0.15946900000017195,-0.7893550000001142
2023-07-31 15:30:00,-0.3836909999999989,-0.9895320000000538,-0.6866115000000264,-0.8139360000000124,-0.30152099999986604,-0.5577284999999392,-1.4192419999999402,-0.16132299999981115,-0.7902824999998757
2023-07-31 15:45:00,-0.3812940000002527,-0.9872150000001056,-0.6842545000001792,-0.8127210000002378,-0.3009940000001734,-0.5568575000002056,-1.4157030000001214,-0.1588769999998476,-0.7872899999999845
2023-07-31 16:00:00,-0.3791540000001987,-0.9840469999999186,-0.6816005000000587,-0.8102680000001783,-0.29835800000000745,-0.5543130000000929,-1.41790600000013,-0.16145999999980631,-0.7896829999999682
2023-07-31 16:15:00,-0.37915600000042105,-0.9847580000000562,-0.6819570000002386,-0.8102710000002844,-0.29734400000006644,-0.5538075000001754,-1.4196579999997994,-0.16104399999994712,-0.7903509999998732
2023-07-31 16:30:00,-0.3770129999998062,-0.9847569999997177,-0.6808849999997619,-0.8124849999999242,-0.29909200000020064,-0.5557885000000624,-1.4236109999997097,-0.1627929999999651,-0.7932019999998374
2023-07-31 17:15:00,-0.3779839999997421,-0.9828769999999167,-0.6804304999998294,-0.809099999999944,-0.2971890000003441,-0.553144500000144,-1.4173289999998815,-0.16088100000024497,-0.7891050000000632
2023-07-31 17:30:00,-0.37765300000000934,-0.982756999999765,-0.6802049999998871,-0.8087890000001607,-0.29767400000037014,-0.5532315000002654,-1.4187850000002982,-0.1635230000001684,-0.7911540000002333
2023-07-31 18:00:00,-0.3783739999998943,-0.9799449999995886,-0.6791594999997415,-0.8068830000001981,-0.29713500000025306,-0.5520090000002256,-1.4145430000003216,-0.16391599999997197,-0.7892295000001468
2023-07-31 18:15:00,-0.376622999999654,-0.9786669999998594,-0.6776449999997567,-0.8098010000003342,-0.299373000000287,-0.5545870000003106,-1.4162930000002234,-0.16421600000012404,-0.7902545000001737
2023-07-31 19:00:00,-0.37805299999990893,-0.9789019999998345,-0.6784774999998717,-0.8100819999999658,-0.2996160000002419,-0.5548490000001038,-1.4130820000000313,-0.16173899999967034,-0.7874104999998508
2023-07-31 20:30:00,-0.3790940000003502,-0.9811150000000453,-0.6801045000001977,-0.8084880000001249,-0.3000550000001567,-0.5542715000001408,-1.4155619999996816,-0.1668259999996735,-0.7911939999996775
2023-07-31 20:45:00,-0.3794839999995929,-0.9801799999995637,-0.6798319999995783,-0.8062720000002628,-0.29854800000020987,-0.5524100000002363,-1.4110289999998713,-0.1643589999998767,-0.787693999999874
2023-07-31 23:30:00,-0.3814820000002328,-0.9775909999998476,-0.6795365000000402,-0.8030420000000049,-0.2959099999998216,-0.5494759999999133,-1.4095659999998134,-0.1669400000000678,-0.7882529999999406
2023-07-31 23:45:00,-0.37759200000027704,-0.9749070000002575,-0.6762495000002673,-0.805257999999867,-0.29615300000023126,-0.5507055000000491,-1.4123489999997219,-0.16563199999973222,-0.788990499999727
2023-08-01 00:00:00,-0.3773330000003625,-0.9783000000002176,-0.67781650000029,-0.8049770000002354,-0.2966440000000148,-0.5508105000001251,-1.413220999999794,-0.1653529999998682,-0.7892869999998311
2023-08-01 01:45:00,-0.37908199999992576,-0.9761969999999565,-0.6776394999999411,-0.8067390000001069,-0.29683699999986857,-0.5517879999999877,-1.4149919999999838,-0.16707799999994677,-0.7910349999999653
2023-08-01 02:15:00,-0.3757709999999861,-0.9725680000001375,-0.6741695000000618,-0.808954999999969,-0.2978539999999157,-0.5534044999999423,-1.4171949999999924,-0.1674960000000283,-0.7923455000000104
2023-08-01 03:30:00,-0.37726199999997334,-0.9754739999998492,-0.6763679999999113,-0.8075060000001031,-0.2961009999999078,-0.5518035000000054,-1.418648999999732,-0.16749899999967965,-0.7930739999997058
2023-08-01 03:45:00,-0.380699000000277,-0.975945000000138,-0.6783220000002075,-0.8057239999998274,-0.2936700000000201,-0.5496969999999237,-1.415723000000071,-0.16546999999991385,-0.7905964999999924
2023-08-01 04:00:00,-0.3789520000000266,-0.9741979999998875,-0.6765749999999571,-0.8074740000001839,-0.29541999999992186,-0.5514470000000529,-1.416302000000087,-0.16604999999981374,-0.7911759999999504
2023-08-01 05:15:00,-0.38005100000009406,-0.9723309999999401,-0.6761910000000171,-0.8051019999998061,-0.295270999999957,-0.5501864999998816,-1.4110359999999673,-0.16646399999990535,-0.7887499999999363
2023-08-01 06:30:00,-0.37870099999963713,-0.9706759999999122,-0.6746884999997746,-0.8118620000000192,-0.3005560000001424,-0.5562090000000808,-1.4183439999997063,-0.17151800000010553,-0.7949309999999059
2023-08-01 06:45:00,-0.3852520000000368,-0.9718370000000505,-0.6785445000000436,-0.8062279999999191,-0.3010869999998249,-0.553657499999872,-1.408089999999902,-0.17513199999984863,-0.7916109999998753
2023-08-01 07:00:00,-0.37922100000014325,-0.9682050000001254,-0.6737130000001343,-0.8054109999998218,-0.2991910000000644,-0.5523009999999431,-1.4136669999998048,-0.17731000000003405,-0.7954884999999194
2023-08-01 07:15:00,-0.38097000000016124,-0.9700930000003609,-0.6755315000002611,-0.8071599999998398,-0.2964759999999842,-0.551817999999912,-1.4154159999998228,-0.17152600000008533,-0.7934709999999541
2023-08-01 07:30:00,-0.383502000000135,-0.9750460000000203,-0.6792740000000776,-0.8033180000002176,-0.2910590000001321,-0.5471885000001748,-1.4080890000000181,-0.15996199999972305,-0.7840254999998706
2023-08-01 08:00:00,-0.3842690000001312,-0.9796129999999721,-0.6819410000000516,-0.8084429999998974,-0.29048599999987346,-0.5494644999998854,-1.4114639999997962,-0.151307000000088,-0.7813854999999421
2023-08-01 08:30:00,-0.381738999999925,-0.9733860000001187,-0.6775625000000218,-0.81054499999982,-0.291733000000022,-0.551138999999921,-1.4176199999997152,-0.15850199999977121,-0.7880609999997432
2023-08-01 08:45:00,-0.3834910000000491,-0.97678199999973,-0.6801364999998896,-0.8093770000000404,-0.29105500000014217,-0.5502160000000913,-1.4158720000000358,-0.156474999999773,-0.7861734999999044
2023-08-01 09:15:00,-0.379989999999907,-0.9768349999999373,-0.6784124999999221,-0.8076270000001387,-0.2813540000001922,-0.5444905000001654,-1.4158739999998033,-0.14085500000010143,-0.7783644999999524
2023-08-01 09:30:00,-0.38200000000006185,-0.9810419999998885,-0.6815209999999752,-0.8090630000001511,-0.2850060000000667,-0.5470345000001089,-1.4132270000000062,-0.1404370000000199,-0.7768320000000131
2023-08-01 09:45:00,-0.3837499999999636,-0.9828339999999116,-0.6832919999999376,-0.8108149999998204,-0.2781719999998131,-0.5444934999998168,-1.4149800000000141,-0.12785100000019156,-0.7714155000001028
2023-08-01 10:00:00,-0.3849209999998493,-0.9917970000001333,-0.6883589999999913,-0.8108139999999366,-0.2669869999999719,-0.5389004999999543,-1.4149789999996756,-0.10401599999977407,-0.7594974999997248
2023-08-01 10:15:00,-0.3845299999998133,-0.993547000000035,-0.6890384999999242,-0.8112809999997808,-0.2669879999998557,-0.5391344999998182,-1.4189320000000407,-0.10576599999967584,-0.7623489999998583
2023-08-01 10:45:00,-0.38160999999990963,-0.9876960000001418,-0.6846530000000257,-0.8112820000001193,-0.2669350000001032,-0.5391085000001112,-1.4154340000000047,-0.10413199999993594,-0.7597829999999703
2023-08-01 11:00:00,-0.3830979999997908,-0.9880269999998745,-0.6855624999998327,-0.8115920000000187,-0.2677969999999732,-0.539694499999996,-1.41982599999983,-0.11021500000015294,-0.7650204999999914
2023-08-01 11:15:00,-0.3852400000000671,-0.9887359999997898,-0.6869879999999284,-0.8111269999999422,-0.2667820000001484,-0.5389545000000453,-1.4176219999999375,-0.10804999999982101,-0.7628359999998793
2023-08-01 11:30:00,-0.3830979999997908,-0.9868459999997867,-0.6849719999997887,-0.8115929999999025,-0.26949500000000626,-0.5405439999999544,-1.4198270000001685,-0.11383100000011837,-0.7668290000001434
2023-08-01 11:45:00,-0.3827080000000933,-0.9849599999997736,-0.6838339999999334,-0.8155590000001212,-0.2739510000001246,-0.5447550000001229,-1.4237819999998464,-0.11960099999987506,-0.7716914999998608
2023-08-01 12:00:00,-0.378950000000259,-0.9593589999999494,-0.6691545000001042,-0.8135290000000168,-0.3064359999998487,-0.5599824999999328,-1.4252329999999347,-0.19313899999997375,-0.8091859999999542
2023-08-01 12:15:00,-0.381090000000313,-0.9666760000000068,-0.6738830000001599,-0.8165600000002087,-0.2994290000001456,-0.5579945000001771,-1.4212769999999182,-0.16900100000020757,-0.7951390000000629
2023-08-01 12:30:00,-0.3812910000001466,-0.9689120000002731,-0.6751015000002099,-0.8152789999999186,-0.29642199999989316,-0.5558504999999059,-1.425811000000067,-0.169304000000011,-0.797557500000039
2023-08-01 12:45:00,-0.3816799999999603,-0.9700860000002649,-0.6758830000001126,-0.8148129999999583,-0.29933600000003935,-0.5570744999999988,-1.4236089999999422,-0.17221100000006118,-0.7979100000000017
2023-08-01 13:00:00,-0.38142100000004575,-0.9725449999996272,-0.6769829999998365,-0.8180440000000999,-0.3018200000001343,-0.5599320000001171,-1.4262509999998656,-0.17179399999986344,-0.7990224999998645
2023-08-01 13:15:00,-0.3799199999998564,-0.9707819999998719,-0.6753509999998641,-0.81307599999991,-0.29832699999997203,-0.555701499999941,-1.4201320000001942,-0.16830800000025192,-0.7942200000002231
2023-08-01 13:30:00,-0.37926699999979974,-0.9741749999998319,-0.6767209999998158,-0.8138539999999921,-0.2976469999998699,-0.555750499999931,-1.4273079999998117,-0.17035799999985102,-0.7988329999998314
2023-08-01 14:00:00,-0.383288999999877,-0.9759240000003047,-0.6796065000000908,-0.8126409999999851,-0.2976469999998699,-0.5551439999999275,-1.4220219999997425,-0.16860899999983303,-0.7953154999997878
2023-08-01 14:15:00,-0.3815380000000914,-0.9758179999998902,-0.6786779999999908,-0.8143879999997807,-0.2998849999999038,-0.5571364999998423,-1.420849999999973,-0.1671579999997448,-0.7940039999998589
2023-08-01 14:30:00,-0.3812790000001769,-0.97605300000032,-0.6786660000002485,-0.8158710000002429,-0.2995490000002974,-0.5577100000002702,-1.4234950000000026,-0.16644200000018827,-0.7949685000000954
2023-08-01 15:15:00,-0.37940100000014354,-0.9781590000002325,-0.678780000000188,-0.8119479999995747,-0.29644799999960014,-0.5541979999995874,-1.4277240000001257,-0.16938600000003134,-0.7985550000000785
2023-08-01 15:45:00,-0.37824000000000524,-0.9788810000000012,-0.6785605000000032,-0.8148559999999634,-0.29950400000006994,-0.5571800000000167,-1.4265660000000935,-0.16721700000016426,-0.7968915000001289
2023-08-01 16:45:00,-0.37764900000001944,-0.9829679999998007,-0.68030849999991,-0.8148559999999634,-0.30131299999993644,-0.5580844999999499,-1.4236470000000736,-0.1641939999999522,-0.7939205000000129
2023-08-01 18:15:00,-0.37660700000014913,-0.9829680000002554,-0.6797875000002023,-0.8129509999998845,-0.30131299999993644,-0.5571319999999105,-1.4223339999998643,-0.16536300000007031,-0.7938484999999673
2023-08-01 19:30:00,-0.3811459999997169,-0.9884549999997034,-0.6848004999997102,-0.8166039999996428,-0.304468999999699,-0.5605364999996709,-1.4294730000001437,-0.17104100000005928,-0.8002570000001015
2023-08-01 21:45:00,-0.3825759999999718,-0.9778019999998833,-0.6801889999999275,-0.8145570000001499,-0.29954899999984264,-0.5570529999999962,-1.4245249999999032,-0.16936100000020815,-0.7969430000000557
2023-08-01 22:00:00,-0.3824460000000727,-0.9795520000002398,-0.6809990000001562,-0.8135400000001027,-0.29954899999984264,-0.5565444999999727,-1.4240829999998823,-0.16935999999986961,-0.796721499999876
2023-08-01 22:45:00,-0.38458600000012666,-0.979551999999785,-0.6820689999999558,-0.811902999999802,-0.29837799999995696,-0.5551404999998795,-1.420129999999972,-0.16760999999996784,-0.7938699999999699
2023-08-01 23:30:00,-0.3847160000000258,-0.9763849999999366,-0.6805504999999812,-0.8111699999999473,-0.2986630000000332,-0.5549164999999903,-1.4205699999997705,-0.17194500000005064,-0.7962574999999106
2023-08-02 00:45:00,-0.3843249999999898,-0.980485999999928,-0.6824054999999589,-0.8151349999998274,-0.3016349999998056,-0.5583849999998165,-1.424522999999681,-0.17124999999987267,-0.7978864999997768
2023-08-02 01:30:00,-0.383679999999913,-0.9734659999999167,-0.6785729999999148,-0.8139230000001589,-0.300412999999935,-0.557168000000047,-1.4215659999999843,-0.17252499999995052,-0.7970454999999674
2023-08-02 02:00:00,-0.38367699999980687,-0.9739250000002357,-0.6788010000000213,-0.8121719999999186,-0.3008479999998599,-0.5565099999998893,-1.4180670000000646,-0.17236199999979362,-0.7952144999999291
2023-08-02 02:15:00,-0.38140400000020236,-0.9751070000002073,-0.6782555000002048,-0.8104659999999058,-0.2962320000001455,-0.5533490000000256,-1.423352999999679,-0.1704939999999624,-0.7969234999998207
2023-08-02 02:30:00,-0.3836770000002616,-0.9751070000002073,-0.6793920000002345,-0.8092529999998987,-0.2962330000000293,-0.552742999999964,-1.4186469999999645,-0.16932599999972808,-0.7939864999998463
2023-08-02 02:45:00,-0.38192800000024363,-0.9728840000002492,-0.6774060000002464,-0.8104210000001331,-0.298080999999911,-0.554251000000022,-1.4186439999998584,-0.17077299999982642,-0.7947084999998424
2023-08-02 04:15:00,-0.38471800000024814,-0.9770920000000842,-0.6809050000001662,-0.8094070000001921,-0.2958950000002005,-0.5526510000001963,-1.4222959999997329,-0.17152600000008533,-0.7969109999999091
2023-08-02 04:30:00,-0.38257800000019415,-0.978722000000289,-0.6806500000002416,-0.8133729999999559,-0.2998819999997977,-0.5566274999998768,-1.4250790000000961,-0.1718310000001111,-0.7984550000001036
2023-08-02 05:15:00,-0.37965699999995195,-0.9758019999999306,-0.6777294999999413,-0.8133720000000721,-0.2998800000000301,-0.5566260000000511,-1.4233300000000781,-0.17007999999987078,-0.7967049999999745
2023-08-02 06:15:00,-0.3847190000001319,-0.9828269999998156,-0.6837729999999738,-0.8111579999999776,-0.29935699999987264,-0.5552574999999251,-1.4211270000000695,-0.16938600000003134,-0.7952565000000504
2023-08-02 09:00:00,-0.37362800000028074,-0.9740710000000945,-0.6738495000001876,-0.8143199999999524,-0.2998880000000099,-0.5571039999999812,-1.4306820000001608,-0.17299899999989066,-0.8018405000000257
2023-08-02 10:00:00,-0.37550899999996545,-0.9781590000002325,-0.676834000000099,-0.8135730000003605,-0.2993570000003274,-0.5564650000003439,-1.4299289999999019,-0.17113599999993312,-0.8005324999999175
2023-08-02 10:30:00,-0.37725799999998344,-0.9765270000002602,-0.6768925000001218,-0.8141530000002604,-0.2977009999999609,-0.5559270000001106,-1.4299289999999019,-0.1696630000001278,-0.7997960000000148
2023-08-02 11:15:00,-0.3804410000002463,-0.9842469999998684,-0.6823440000000573,-0.8138429999999062,-0.2990749999999025,-0.5564589999999043,-1.4272879999998622,-0.16680399999995643,-0.7970459999999093
2023-08-02 11:30:00,-0.37900900000022375,-0.9864700000002813,-0.6827395000002525,-0.8135750000001281,-0.2995660000001408,-0.5565705000001344,-1.4281820000001062,-0.1665250000000924,-0.7973535000000993
2023-08-02 12:00:00,-0.3803699999998571,-0.9902099999999336,-0.6852899999998954,-0.8175420000002305,-0.30272400000012567,-0.5601330000001781,-1.4338870000001407,-0.169296999999915,-0.8015920000000278
2023-08-02 12:30:00,-0.37861900000007154,-0.9828419999998914,-0.6807304999999815,-0.8157909999999902,-0.2976619999999457,-0.5567264999999679,-1.4338849999999184,-0.16752099999985148,-0.8007029999998849
2023-08-02 12:45:00,-0.37699800000018513,-0.9825009999999565,-0.6797495000000708,-0.8156459999995604,-0.2990789999998924,-0.5573624999997264,-1.4296659999999974,-0.16505300000017087,-0.7973595000000842
2023-08-02 13:00:00,-0.3797309999999925,-0.9827329999998256,-0.681231999999909,-0.8134310000000369,-0.29640900000003967,-0.5549200000000383,-1.4297919999999067,-0.16608700000006138,-0.797939499999984
2023-08-02 13:15:00,-0.3758399999996982,-0.9816909999999552,-0.6787654999998267,-0.8156480000002375,-0.2971419999998943,-0.5563950000000659,-1.4319970000001376,-0.16391900000007809,-0.7979580000001079
2023-08-02 13:30:00,-0.374800999999934,-0.9805209999999533,-0.6776609999999437,-0.8166479999999865,-0.2988900000000285,-0.5577690000000075,-1.4306619999997565,-0.1639180000001943,-0.7972899999999754
2023-08-02 13:45:00,-0.37623100000018894,-0.9816930000001776,-0.6789620000001833,-0.8122640000001411,-0.29597400000011476,-0.5541190000001279,-1.4280440000002272,-0.16391999999996187,-0.7959820000000946
2023-08-02 14:00:00,-0.3738289999996596,-0.9787609999998494,-0.6762949999997545,-0.814194999999927,-0.2959120000000439,-0.5550534999999854,-1.4328649999997651,-0.1657719999998335,-0.7993184999997993
2023-08-02 14:15:00,-0.374800999999934,-0.9816949999999451,-0.6782479999999396,-0.8119799999999486,-0.29538600000023507,-0.5536830000000919,-1.4294929999996384,-0.16390699999965364,-0.796699999999646
2023-08-02 14:30:00,-0.3762289999999666,-0.9792320000001382,-0.6777305000000524,-0.8134310000000369,-0.2964070000002721,-0.5549190000001545,-1.4268729999998868,-0.16316599999981918,-0.795019499999853
2023-08-02 14:45:00,-0.3738290000001143,-0.9812190000002374,-0.6775240000001759,-0.8171139999999468,-0.29956399999991845,-0.5583389999999326,-1.4316949999997632,-0.16418399999975009,-0.7979394999997567
2023-08-02 15:15:00,-0.37661900000011883,-0.9816890000001877,-0.6791540000001532,-0.8129629999998542,-0.2988900000000285,-0.5559264999999414,-1.4229159999999865,-0.16274799999973766,-0.7928319999998621
2023-08-02 15:30:00,-0.3744829999996,-0.9792370000000119,-0.676859999999806,-0.8134180000001834,-0.2981520000003002,-0.5557850000002418,-1.4280180000000655,-0.16607199999998556,-0.7970450000000255
2023-08-02 16:00:00,-0.37409000000025117,-0.980511000000206,-0.6773005000002286,-0.8173820000001797,-0.30232900000009977,-0.5598555000001397,-1.4290620000001582,-0.16636100000005172,-0.7977115000001049
2023-08-02 16:30:00,-0.3744809999998324,-0.9804049999997915,-0.677442999999812,-0.8116669999999431,-0.29757100000006176,-0.5546190000000024,-1.4280159999998432,-0.16724100000010367,-0.7976284999999734
2023-08-02 18:15:00,-0.38024899999982154,-0.9868109999997614,-0.6835299999997915,-0.8127939999999398,-0.3028159999998934,-0.5578049999999166,-1.420423000000028,-0.16608499999983906,-0.7932539999999335
2023-08-02 19:00:00,-0.3836900000001151,-0.9869309999999132,-0.6853105000000141,-0.811015000000225,-0.30233099999986734,-0.5566730000000462,-1.4163300000000163,-0.16636300000027404,-0.7913465000001452
2023-08-02 19:15:00,-0.3822570000002088,-0.9893879999999626,-0.6858225000000857,-0.8078279999999722,-0.2995660000001408,-0.5536970000000565,-1.4172140000000581,-0.1653559999999743,-0.7912850000000162
2023-08-02 19:30:00,-0.38542899999993097,-0.9850500000002285,-0.6852395000000797,-0.8121750000000247,-0.3015970000001289,-0.5568860000000768,-1.4204090000002907,-0.1696990000000369,-0.7950540000001638
2023-08-02 20:00:00,-0.3853669999998601,-0.9861890000001949,-0.6857780000000275,-0.8074729999998453,-0.3073140000001331,-0.5573934999999892,-1.4157219999997324,-0.18157599999995,-0.7986489999998412
2023-08-02 20:15:00,-0.3843289999999797,-0.983730999999807,-0.6840299999998933,-0.8038169999999809,-0.30484200000000783,-0.5543294999999944,-1.4149700000002667,-0.1837430000000495,-0.7993565000001581
2023-08-02 20:45:00,-0.382329000000027,-0.9824429999998756,-0.6823859999999513,-0.8082170000002407,-0.3099369999999908,-0.5590770000001157,-1.4152829999998175,-0.18473999999969237,-0.800011499999755
2023-08-02 21:00:00,-0.384469000000081,-0.9823370000003706,-0.6834030000002258,-0.8112500000002001,-0.31217700000024706,-0.5617135000002236,-1.4113299999999072,-0.18096199999990858,-0.7961459999999079
2023-08-02 21:30:00,-0.3829089999999269,-0.9817350000002989,-0.6823220000001129,-0.8105460000001585,-0.3127030000000559,-0.5616245000001072,-1.4170329999997193,-0.18807599999990998,-0.8025544999998147
2023-08-02 21:45:00,-0.3823189999998249,-0.9804369999997107,-0.6813779999997678,-0.81054499999982,-0.313720000000103,-0.5621324999999615,-1.4135309999996934,-0.18674400000008973,-0.8001374999998916
2023-08-02 22:30:00,-0.37803699999994933,-0.9777519999997821,-0.6778944999998657,-0.812637999999879,-0.31162300000005416,-0.5621304999999666,-1.422610000000077,-0.18777499999987413,-0.8051924999999756
2023-08-02 22:45:00,-0.3801770000000033,-0.9780839999998534,-0.6791304999999284,-0.8104220000000169,-0.31365699999969365,-0.5620394999998553,-1.4169079999996939,-0.19036000000005515,-0.8036339999998745
2023-08-02 23:00:00,-0.37869000000000597,-0.9747059999999692,-0.6766979999999876,-0.8106910000001335,-0.31492100000014034,-0.5628060000001369,-1.4154239999998026,-0.19179699999995137,-0.803610499999877
2023-08-02 23:15:00,-0.37926599999991595,-0.9748110000000452,-0.6770384999999806,-0.8095319999997628,-0.31442999999990207,-0.5619809999998324,-1.4160240000001068,-0.1938239999999496,-0.8049240000000282
2023-08-02 23:45:00,-0.37868600000001607,-0.970075000000179,-0.6743805000000975,-0.8072029999998449,-0.3223280000001978,-0.5647655000000213,-1.41719299999977,-0.2148090000000593,-0.8160009999999147
2023-08-03 00:30:00,-0.3804379999996854,-0.9693709999996827,-0.674904499999684,-0.8071909999998752,-0.32158899999967616,-0.5643899999997757,-1.4171719999999368,-0.21521500000017113,-0.816193500000054
2023-08-03 01:15:00,-0.3804370000002564,-0.9803679999999986,-0.6804025000001275,-0.8077840000000833,-0.30212299999993775,-0.5549535000000105,-1.4171949999999924,-0.17447199999969598,-0.7958334999998442
2023-08-03 01:45:00,-0.3800460000002204,-0.9787230000001728,-0.6793845000001966,-0.8094200000000455,-0.3010519999997996,-0.5552359999999226,-1.4211489999997866,-0.17475000000013097,-0.7979494999999588
2023-08-03 02:00:00,-0.37887700000010227,-0.9787270000001627,-0.6788020000001325,-0.8099999999999454,-0.3027959999999439,-0.5563979999999447,-1.4193989999998848,-0.17415900000014517,-0.796779000000015
2023-08-03 02:30:00,-0.3765490000000682,-0.9776870000000599,-0.6771180000000641,-0.8076559999999517,-0.3000299999998788,-0.5538429999999153,-1.4164660000001277,-0.1696630000001278,-0.7930645000001277
2023-08-03 02:45:00,-0.3744080000001304,-0.9768730000000687,-0.6756405000000996,-0.8087129999998979,-0.3003770000000259,-0.5545449999999619,-1.4221699999998236,-0.1732999999999265,-0.7977349999998751
2023-08-03 03:00:00,-0.37829999999985375,-0.9769779999996899,-0.6776389999997718,-0.8076569999998355,-0.29929600000014034,-0.5534764999999879,-1.4199659999999312,-0.17357899999979054,-0.7967724999998609
2023-08-03 03:30:00,-0.3827049999999872,-0.981644999999844,-0.6821749999999156,-0.8097280000001774,-0.2998859999997876,-0.5548069999999825,-1.4208579999999529,-0.17182899999988877,-0.7963434999999208
2023-08-03 04:00:00,-0.3869129999998222,-0.9844359999997323,-0.6856744999997773,-0.8078230000000985,-0.29915299999993294,-0.5534880000000157,-1.4218769999997676,-0.17574400000012247,-0.798810499999945
2023-08-03 04:45:00,-0.3855549999998402,-0.9843169999999191,-0.6849359999998796,-0.8038590000001022,-0.2978899999998248,-0.5508744999999635,-1.4179239999998572,-0.1754679999999098,-0.7966959999998835
2023-08-03 05:15:00,-0.38264600000002247,-0.9801310000002559,-0.6813885000001392,-0.8085270000001401,-0.3001280000003135,-0.5543275000002268,-1.4161749999998392,-0.17052000000012413,-0.7933474999999817
2023-08-03 05:45:00,-0.38542599999982485,-0.9802289999997811,-0.682827499999803,-0.8092630000001009,-0.30133999999998196,-0.5553015000000414,-1.41748699999971,-0.17441299999973126,-0.7959499999997206
2023-08-03 07:15:00,-0.38503599999967264,-0.9856190000000424,-0.6853274999998575,-0.811478999999963,-0.30212699999992765,-0.5568029999999453,-1.4208599999997205,-0.17155099999990853,-0.7962054999998145
2023-08-03 08:15:00,-0.3844570000001113,-0.9855109999998604,-0.6849839999999858,-0.810888999999861,-0.3008629999999357,-0.5558759999998983,-1.4208600000001752,-0.1701149999998961,-0.7954875000000357
2023-08-03 08:30:00,-0.38581599999997707,-0.9868970000002264,-0.6863565000001017,-0.8148559999999634,-0.3045470000001842,-0.5597015000000738,-1.4248160000001917,-0.1735790000002453,-0.7991975000002185
2023-08-03 10:00:00,-0.38542499999994106,-0.9885399999998299,-0.6869824999998855,-0.8153219999999237,-0.30328700000018216,-0.5593045000000529,-1.427020000000084,-0.17155200000024706,-0.7992860000001656
2023-08-03 10:15:00,-0.3861349999997401,-0.9893550000001596,-0.6877449999999499,-0.8134169999998448,-0.3017800000002353,-0.5575985000000401,-1.426288999999997,-0.17141300000002957,-0.7988510000000133
2023-08-03 11:00:00,-0.38010399999984656,-0.9867909999998119,-0.6834474999998292,-0.814350000000104,-0.3015380000001642,-0.5579440000001341,-1.4324459999997998,-0.1733009999998103,-0.8028734999998051
2023-08-03 11:15:00,-0.3839939999998023,-0.9921779999999671,-0.6880859999998847,-0.8138840000001437,-0.30058099999996557,-0.5572325000000546,-1.4314019999997072,-0.17044099999975515,-0.8009214999997312
2023-08-03 11:30:00,-0.38399500000014086,-0.9910009999998692,-0.687498000000005,-0.8127259999996568,-0.30111299999998664,-0.5569194999998217,-1.4302450000000135,-0.1728849999999511,-0.8015649999999823
2023-08-03 11:45:00,-0.3818550000000869,-0.9917089999999007,-0.6867819999999938,-0.8149419999999736,-0.3018459999998413,-0.5583939999999075,-1.4306990000000042,-0.16896900000028836,-0.7998340000001463
2023-08-03 12:00:00,-0.38159399999995003,-0.9933390000001054,-0.6874665000000277,-0.8175830000000133,-0.30349100000012186,-0.5605370000000676,-1.4350910000002841,-0.17044200000009369,-0.8027665000001889
2023-08-03 12:15:00,-0.38088399999969624,-0.9908809999997175,-0.6858824999997069,-0.8183269999999538,-0.30334799999991446,-0.5608374999999342,-1.4346510000000308,-0.16968899999983478,-0.8021699999999328
2023-08-03 12:30:00,-0.3782820000001266,-0.9880809999999656,-0.6831815000000461,-0.8168890000001738,-0.30111200000010285,-0.5590005000001383,-1.4361260000000584,-0.16996500000004744,-0.8030455000000529
2023-08-03 12:45:00,-0.3779660000000149,-0.987489000000096,-0.6827275000000554,-0.8165779999999359,-0.30227899999999863,-0.5594284999999672,-1.4329020000000128,-0.16938900000013746,-0.8011455000000751
2023-08-03 13:00:00,-0.3775759999998627,-0.989947999999913,-0.6837619999998878,-0.8170460000001185,-0.30126400000017384,-0.5591550000001462,-1.4356889999999112,-0.1678039999997054,-0.8017464999998083
2023-08-03 13:15:00,-0.3798469999996996,-0.9857369999999719,-0.6827919999998358,-0.8158310000003439,-0.2987780000003113,-0.5573045000003276,-1.4338999999999942,-0.16821799999979703,-0.8010589999998956
2023-08-03 13:30:00,-0.3769390000002204,-0.9862229999998817,-0.6815810000000511,-0.8158330000001115,-0.30102000000033513,-0.5584265000002233,-1.4321529999997438,-0.16794200000003912,-0.8000474999998914
2023-08-03 14:15:00,-0.3786880000002384,-0.9879730000002382,-0.6833305000002383,-0.812912000000324,-0.29810000000043146,-0.5555060000003778,-1.4327400000001944,-0.16853000000037355,-0.800635000000284
2023-08-03 14:30:00,-0.3730489999998099,-0.9815409999996518,-0.6772949999997309,-0.8151290000000699,-0.299797000000126,-0.557463000000098,-1.4349460000003091,-0.170397000000321,-0.8026715000003151
2023-08-03 15:30:00,-0.37589699999989534,-0.9862229999998817,-0.6810599999998885,-0.811008000000129,-0.2980999999999767,-0.5545540000000528,-1.4285100000001876,-0.16678099999990081,-0.7976455000000442
2023-08-03 15:45:00,-0.378498000000036,-0.9832900000001246,-0.6808940000000803,-0.812445999999909,-0.2986270000001241,-0.5555365000000165,-1.4270369999999275,-0.16747699999996257,-0.797256999999945
2023-08-03 16:00:00,-0.3786880000002384,-0.987503000000288,-0.6830955000002632,-0.8164120000001276,-0.30227300000024115,-0.5593425000001844,-1.430992999999944,-0.16821800000025178,-0.7996055000000979
2023-08-03 16:15:00,-0.38199900000017806,-0.9886730000002899,-0.685336000000234,-0.8124480000001313,-0.2987750000002052,-0.5556115000001682,-1.4276190000000497,-0.16704900000013367,-0.7973340000000917
2023-08-03 17:00:00,-0.38095700000030774,-0.9859650000003057,-0.6834610000003067,-0.808802999999898,-0.29663499999969645,-0.5527189999997972,-1.428056000000197,-0.1711040000000139,-0.7995800000001054
2023-08-03 17:15:00,-0.379207999999835,-0.9858589999998912,-0.6825334999998631,-0.8123020000002725,-0.3006239999999707,-0.5564630000001216,-1.4263069999997242,-0.1690770000000157,-0.79769199999987
2023-08-03 17:30:00,-0.3788159999999152,-0.9865660000000389,-0.6826909999999771,-0.8127680000002329,-0.2978570000000218,-0.5553125000001273,-1.4302589999997508,-0.1669090000000324,-0.7985839999998916
2023-08-03 17:45:00,-0.37667700000019977,-0.9849240000003192,-0.6808005000002595,-0.8149849999999788,-0.29911700000002384,-0.5570510000000013,-1.432466000000204,-0.16718900000023496,-0.7998275000002195
2023-08-03 19:15:00,-0.3809590000000753,-0.9890260000001945,-0.6849925000001349,-0.8123030000001563,-0.298591000000215,-0.5554470000001857,-1.4280579999999645,-0.16649299999971845,-0.7972754999998415
2023-08-03 20:30:00,-0.38024700000005396,-0.9907710000002226,-0.6855090000001383,-0.8141940000000432,-0.30208500000026106,-0.5581395000001521,-1.4258669999999256,-0.1653360000000248,-0.7956014999999752
2023-08-03 20:45:00,-0.38063800000008996,-0.9891410000000178,-0.6848895000000539,-0.8102280000002793,-0.2998489999999947,-0.555038500000137,-1.4219120000002476,-0.16561200000023746,-0.7937620000002426
2023-08-03 21:00:00,-0.3845289999999295,-0.9908909999999196,-0.6877099999999245,-0.8097640000000865,-0.29985000000033324,-0.5548070000002099,-1.4237990000001446,-0.16970100000025923,-0.7967500000002019
2023-08-03 21:45:00,-0.384197999999742,-0.9925239999997757,-0.6883609999997589,-0.8065310000001773,-0.2991700000002311,-0.5528505000002042,-1.421154000000115,-0.17000099999995655,-0.7955775000000358
2023-08-03 22:30:00,-0.38380800000004456,-0.9920499999998356,-0.6879289999999401,-0.8134159999999611,-0.30451799999991636,-0.5589669999999387,-1.4251070000000254,-0.17145000000027721,-0.7982785000001513
2023-08-04 00:15:00,-0.38277800000014395,-0.9883119999999508,-0.6855450000000474,-0.8115110000003369,-0.30135100000006787,-0.5564310000002024,-1.424377000000277,-0.17041999999992186,-0.7973985000000994
2023-08-04 01:15:00,-0.38160800000014206,-0.9871419999999489,-0.6843750000000455,-0.813260999999784,-0.30310099999996964,-0.5581809999998768,-1.4226279999998042,-0.16867099999990387,-0.795649499999854
2023-08-04 02:15:00,-0.3837479999997413,-0.9905349999999089,-0.6871414999998251,-0.8063850000003185,-0.29893200000014986,-0.5526585000002342,-1.4204209999998056,-0.17014199999994162,-0.7952814999998736
2023-08-04 02:45:00,-0.38102699999990364,-0.9883100000001832,-0.6846685000000434,-0.8097600000000966,-0.30135100000006787,-0.5555555000000822,-1.4226239999998143,-0.17042099999980564,-0.79652249999981
2023-08-04 05:30:00,-0.38303799999994226,-0.9884310000002188,-0.6857345000000805,-0.8111979999998766,-0.3037840000001779,-0.5574910000000273,-1.4194010000001072,-0.17011700000011842,-0.7947590000001128
2023-08-04 08:45:00,-0.3819260000000213,-0.9867909999998119,-0.6843584999999166,-0.8135720000000219,-0.30328800000006595,-0.558430000000044,-1.4270190000002003,-0.17330200000014884,-0.8001605000001746
2023-08-04 10:45:00,-0.37978900000007343,-0.986674000000221,-0.6832315000001472,-0.8175400000000081,-0.3055250000002161,-0.5615325000001121,-1.4292249999998603,-0.17127799999980198,-0.8002514999998311
2023-08-04 11:00:00,-0.380366999999751,-0.9856230000000323,-0.6829949999998917,-0.8146289999999681,-0.30212900000014997,-0.558379000000059,-1.4292230000000927,-0.17155300000013085,-0.8003880000001118
2023-08-04 11:15:00,-0.3751760000000104,-0.9830459999998311,-0.6791109999999208,-0.8146740000001955,-0.30188300000008894,-0.5582785000001422,-1.4333409999999276,-0.1734430000001339,-0.8033920000000307
2023-08-04 12:15:00,-0.3747969999999441,-0.9859879999999066,-0.6803924999999253,-0.8133780000002844,-0.2984369999999217,-0.555907500000103,-1.4343539999999848,-0.16865899999993417,-0.8015064999999595
2023-08-04 13:15:00,-0.37758700000040335,-0.987974000000122,-0.6827805000002627,-0.8109770000000935,-0.3016010000001188,-0.5562890000001062,-1.424417000000176,-0.16853200000014112,-0.7964745000001585
2023-08-04 13:45:00,-0.3759709999999359,-0.9849359999998342,-0.680453499999885,-0.8084810000000289,-0.30028900000024805,-0.5543850000001385,-1.4219140000000152,-0.16895100000010643,-0.7954325000000608
2023-08-04 14:45:00,-0.37234099999977843,-0.9788479999997435,-0.675594499999761,-0.8057150000004185,-0.2976510000003145,-0.5516830000003665,-1.4226419999999962,-0.17153200000029756,-0.7970870000001469
2023-08-04 16:00:00,-0.37305000000014843,-0.9829399999998714,-0.6779950000000099,-0.8090689999999086,-0.3023740000003272,-0.5557215000001179,-1.421911999999793,-0.17082699999991746,-0.7963694999998552
2023-08-04 18:30:00,-0.3720180000000255,-0.9794490000003861,-0.6757335000002058,-0.8054150000002664,-0.29712400000016714,-0.5512695000002168,-1.4200220000002446,-0.16791599999987739,-0.793969000000061
2023-08-04 20:30:00,-0.3751879999999801,-0.9797709999998006,-0.6774794999998903,-0.8051009999999224,-0.29915699999992285,-0.5521289999999226,-1.418547000000217,-0.1722500000000764,-0.7953985000001467
2023-08-04 21:15:00,-0.376357999999982,-0.9842149999999492,-0.6802864999999656,-0.8051020000002609,-0.30013400000007096,-0.5526180000001659,-1.4191270000001168,-0.1722749999998996,-0.7957010000000082
2023-08-04 21:45:00,-0.37622800000008283,-0.9864339999999174,-0.6813310000000001,-0.8052460000003521,-0.300619000000097,-0.5529325000002245,-1.4175169999998616,-0.16966800000000148,-0.7935924999999315
2023-08-05 03:00:00,-0.3781060000001162,-0.9859619999997449,-0.6820339999999305,-0.8033500000001368,-0.29838199999994686,-0.5508660000000418,-1.4191229999996722,-0.17227299999967727,-0.7956979999996747
2023-08-05 05:15:00,-0.38368800000034753,-0.9870129999999335,-0.6853505000001405,-0.8028440000002774,-0.3011500000002343,-0.5519970000002559,-1.4128260000002228,-0.17445100000031744,-0.7936385000002701
2023-08-05 05:30:00,-0.3783659999999145,-0.9870160000000396,-0.6826909999999771,-0.8001220000001013,-0.2994010000002163,-0.5497615000001588,-1.4165030000003753,-0.1762010000002192,-0.7963520000002973
2023-08-05 06:45:00,-0.37952499999983047,-0.9879470000000765,-0.6837359999999535,-0.8065400000000409,-0.3032939999998234,-0.5549169999999322,-1.4176629999997203,-0.1733049999998002,-0.7954839999997603
2023-08-05 07:15:00,-0.3776469999997971,-0.9879489999998441,-0.6827979999998206,-0.8020280000000639,-0.299797000000126,-0.550912500000095,-1.4189759999999296,-0.1750560000000405,-0.7970159999999851
2023-08-05 08:00:00,-0.3790049999997791,-0.9871100000000297,-0.6830574999999044,-0.805992999999944,-0.3024089999998978,-0.5542009999999209,-1.4205990000000384,-0.17588999999998123,-0.7982445000000098
2023-08-05 08:15:00,-0.3772559999997611,-0.9843200000000252,-0.6807879999998931,-0.8089119999999639,-0.30256099999996877,-0.5557364999999663,-1.4211789999999382,-0.17255199999999604,-0.7968654999999671
2023-08-05 08:30:00,-0.3762169999999969,-0.9888969999997244,-0.6825569999998606,-0.8070080000002235,-0.30310700000018187,-0.5550575000002027,-1.4181200000002718,-0.16982999999981985,-0.7939750000000458
2023-08-05 09:00:00,-0.3758250000000771,-0.9843189999996866,-0.6800719999998819,-0.8109730000001036,-0.3043120000002091,-0.5576425000001564,-1.4238219999997455,-0.17372299999988172,-0.7987724999998136
2023-08-05 11:30:00,-0.3750449999997727,-0.9885309999999663,-0.6817879999998695,-0.8119080000001304,-0.3032980000002681,-0.5576030000001992,-1.4299810000002253,-0.17330700000002253,-0.8016440000001239
2023-08-05 11:45:00,-0.37329700000009325,-0.9826950000001489,-0.6779960000001211,-0.8101599999999962,-0.30032900000014706,-0.5552445000000716,-1.429982999999993,-0.17400099999986196,-0.8019919999999274
2023-08-05 12:00:00,-0.3730350000000726,-0.9843230000001313,-0.678679000000102,-0.8133909999996831,-0.3025640000000749,-0.557977499999879,-1.4326280000000224,-0.17372500000010405,-0.8031765000000632
2023-08-05 12:15:00,-0.3734249999997701,-0.9843219999997928,-0.6788734999997814,-0.8100039999999353,-0.301394000000073,-0.5556990000000042,-1.4257520000001023,-0.17080500000020038,-0.7982785000001513
2023-08-05 12:30:00,-0.3718770000000404,-0.9824560000001838,-0.6771665000001121,-0.810472000000118,-0.3006620000001021,-0.5555670000001101,-1.4297080000001188,-0.17297199999984514,-0.801339999999982
2023-08-05 13:45:00,-0.37291499999992084,-0.9840970000000198,-0.6785059999999703,-0.8106259999999565,-0.2994020000001001,-0.5550140000000283,-1.4310279999999693,-0.17153300000018135,-0.8012805000000753
2023-08-05 14:00:00,-0.37155600000005506,-0.9801240000001599,-0.6758400000001075,-0.8072400000000926,-0.2971620000002986,-0.5522010000001956,-1.4270749999996042,-0.17123199999969074,-0.7991534999996475
2023-08-05 14:15:00,-0.37369699999999284,-0.984805999999935,-0.6792514999999639,-0.8061950000001161,-0.29838500000005297,-0.5522900000000845,-1.4231230000000323,-0.16936699999996563,-0.796244999999999
2023-08-05 15:15:00,-0.3754500000000007,-0.9811700000000201,-0.6783100000000104,-0.8096820000000662,-0.30109200000015335,-0.5553870000001098,-1.4265980000000127,-0.17513499999995474,-0.8008664999999837
2023-08-05 15:30:00,-0.3705179999997199,-0.9832969999997658,-0.6769074999997429,-0.8082430000004024,-0.2997920000002523,-0.5540175000003273,-1.4263219999998,-0.17038499999989654,-0.7983534999998483
2023-08-05 15:45:00,-0.37369900000021516,-0.9818789999999353,-0.6777890000000752,-0.8061820000002626,-0.29832500000020445,-0.5522535000002335,-1.4248489999999947,-0.17296800000030998,-0.7989085000001523
2023-08-05 16:15:00,-0.37194899999985864,-0.9801290000000336,-0.6760389999999461,-0.8061819999998079,-0.2983249999997497,-0.5522534999997788,-1.4236800000003313,-0.17179900000019188,-0.7977395000002616
2023-08-05 16:45:00,-0.372077999999874,-0.9808369999996103,-0.6764574999997421,-0.8089460000001054,-0.30080800000041563,-0.5548770000002605,-1.4223700000002282,-0.16963200000009238,-0.7960010000001603
2023-08-05 17:15:00,-0.37019899999995687,-0.9771969999997054,-0.6736979999998312,-0.8061810000003788,-0.30002200000035373,-0.5531015000003663,-1.4236770000002252,-0.17541299999993498,-0.7995450000000801
2023-08-05 17:30:00,-0.37207800000032876,-0.9796550000000934,-0.6758665000002111,-0.8060359999999491,-0.29959499999995387,-0.5528154999999515,-1.4223660000002383,-0.173247000000174,-0.7978065000002061
2023-08-05 18:45:00,-0.37168700000029276,-0.9829270000000179,-0.6773070000001553,-0.8065020000003642,-0.2988210000003164,-0.5526615000003403,-1.4263200000000325,-0.17269200000009732,-0.7995060000000649
2023-08-05 19:00:00,-0.372077999999874,-0.9781179999999949,-0.6750979999999345,-0.8060359999999491,-0.30036500000005617,-0.5532005000000026,-1.422367000000122,-0.17555600000014238,-0.7989615000001322
2023-08-05 19:30:00,-0.3720769999999902,-0.9812839999999596,-0.6766804999999749,-0.8042860000000474,-0.29833099999996193,-0.5513085000000046,-1.4223660000002383,-0.17297000000007756,-0.7976680000001579
2023-08-05 19:45:00,-0.37421800000038274,-0.9830340000003162,-0.6786260000003494,-0.8020699999997305,-0.29833099999996193,-0.5502004999998462,-1.4184130000003279,-0.17297000000007756,-0.7956915000002027
2023-08-05 20:30:00,-0.3762289999999666,-0.9831540000000132,-0.6796914999999899,-0.8023389999998471,-0.29959499999995387,-0.5509669999999005,-1.4157709999999497,-0.1732480000000578,-0.7945095000000038
2023-08-05 21:00:00,-0.37564900000006674,-0.981865000000198,-0.6787570000001324,-0.8017490000001999,-0.30002200000035373,-0.5508855000002768,-1.4186899999999696,-0.17833500000006097,-0.7985125000000153
2023-08-05 22:30:00,-0.37369399999988673,-0.9855050000001029,-0.6795994999999948,-0.8050210000001243,-0.2990580000000591,-0.5520395000000917,-1.4248670000001766,-0.17372000000023036,-0.7992935000002035
2023-08-06 01:30:00,-0.37622600000031525,-0.9872550000000047,-0.68174050000016,-0.8023390000003019,-0.30080800000041563,-0.5515735000003588,-1.4187100000003738,-0.17547200000035446,-0.7970910000003641
2023-08-06 01:45:00,-0.37596700000040073,-0.9840880000001562,-0.6800275000002785,-0.8038080000001173,-0.30109100000026956,-0.5524495000001934,-1.4201600000001235,-0.17688399999997273,-0.7985220000000481
2023-08-06 05:30:00,-0.3722060000000056,-0.9811650000001464,-0.676685500000076,-0.8047099999998863,-0.30109700000002704,-0.5529034999999567,-1.4216339999998127,-0.17630599999984042,-0.7989699999998265
2023-08-06 05:45:00,-0.37550499999997555,-0.9865329999997812,-0.6810189999998784,-0.8007440000001225,-0.30008100000031845,-0.5504125000002205,-1.4188490000001366,-0.17705900000009933,-0.797954000000118
2023-08-06 06:00:00,-0.37965799999983574,-0.9848889999998391,-0.6822734999998374,-0.8034640000000763,-0.30250900000010006,-0.5529865000000882,-1.4175000000000182,-0.17908699999998134,-0.7982934999999998
2023-08-06 07:30:00,-0.3757650000002286,-0.9831530000001294,-0.679459000000179,-0.8039330000001428,-0.3025030000003426,-0.5532180000002427,-1.4197260000000824,-0.17908500000021377,-0.7994055000001481
2023-08-06 08:00:00,-0.3753750000000764,-0.9856119999999464,-0.6804935000000114,-0.8044010000003254,-0.30148700000017925,-0.5529440000002523,-1.423091999999997,-0.17807799999991403,-0.8005849999999555
2023-08-06 08:15:00,-0.3761520000002747,-0.9861789999999928,-0.6811655000001338,-0.8066160000003038,-0.3037630000003446,-0.5551895000003242,-1.4241369999999733,-0.1793640000000778,-0.8017505000000256
2023-08-06 09:00:00,-0.3753730000003088,-0.9839680000000044,-0.6796705000001566,-0.8049900000000889,-0.301586000000043,-0.553288000000066,-1.421933000000081,-0.1771969999999783,-0.7995650000000296
2023-08-06 09:15:00,-0.37323300000025483,-0.9844410000000607,-0.6788370000001578,-0.8054560000000492,-0.30090599999994083,-0.553180999999995,-1.4241360000000896,-0.17574800000011237,-0.799942000000101
2023-08-06 09:45:00,-0.3751150000002781,-0.9844419999999445,-0.6797785000001113,-0.8047099999998863,-0.29915699999992285,-0.5519334999999046,-1.4245530000002873,-0.17574700000022858,-0.8001500000002579
2023-08-06 10:00:00,-0.37725600000021586,-0.9885440000002745,-0.6829000000002452,-0.805992999999944,-0.3021289999996952,-0.5540609999998196,-1.4223490000003949,-0.1750520000000506,-0.7987005000002227
2023-08-06 10:45:00,-0.3708350000001701,-0.9844419999999445,-0.6776385000000573,-0.8085530000003018,-0.30206700000007913,-0.5553100000001905,-1.4301230000000942,-0.17690899999979592,-0.803515999999945
2023-08-06 11:00:00,-0.3721980000000258,-0.9831669999998667,-0.6776824999999462,-0.8093699999999444,-0.3043070000003354,-0.5568385000001399,-1.4245550000000549,-0.17547000000013213,-0.8000125000000935
2023-08-06 12:15:00,-0.3700579999999718,-0.9824610000000575,-0.6762595000000147,-0.8051789999999528,-0.3006669999999758,-0.5529229999999643,-1.4220900000000256,-0.17296900000019377,-0.7975295000001097
2023-08-06 12:30:00,-0.3718069999999898,-0.98245900000029,-0.6771330000001399,-0.805178000000069,-0.2989149999998517,-0.5520464999999604,-1.4238389999995889,-0.17296699999997145,-0.7984029999997801
2023-08-06 12:45:00,-0.367917000000034,-0.9775429999999687,-0.6727300000000014,-0.8027259999998932,-0.2962809999999081,-0.5495034999999007,-1.4248750000001564,-0.17438200000015058,-0.7996285000001535
2023-08-06 13:00:00,-0.37154499999996915,-0.9833800000001247,-0.6774625000000469,-0.8037399999998343,-0.2974989999997888,-0.5506194999998115,-1.4235650000000533,-0.17194000000017695,-0.7977525000001151
2023-08-06 13:15:00,-0.3694070000001375,-0.980923999999959,-0.6751655000000483,-0.8077069999999367,-0.3002659999997377,-0.5539864999998372,-1.425771000000168,-0.17235800000025847,-0.7990645000002132
2023-08-06 13:45:00,-0.3694040000000314,-0.9836139999997613,-0.6765089999998963,-0.8059550000002673,-0.29891100000031656,-0.5524330000002919,-1.4292669999999816,-0.17471900000009555,-0.8019930000000386
2023-08-06 14:00:00,-0.3694050000003699,-0.9836159999999836,-0.6765105000001768,-0.8042080000000169,-0.29716400000006615,-0.5506860000000415,-1.4292700000000877,-0.17472100000031787,-0.8019955000002028
2023-08-06 15:00:00,-0.36837400000013076,-0.9770640000001549,-0.6727190000001428,-0.8058019999998578,-0.29870500000015454,-0.5522535000000062,-1.4267979999999625,-0.1758429999999862,-0.8013204999999743
2023-08-06 15:15:00,-0.366233000000193,-0.975079000000278,-0.6706560000002355,-0.809186000000409,-0.3002089999999953,-0.5546975000002021,-1.4307510000003276,-0.17655899999999747,-0.8036550000001625
2023-08-06 15:30:00,-0.3644870000002811,-0.9757890000000771,-0.6701380000001791,-0.8056759999999485,-0.2974450000001525,-0.5515605000000505,-1.4272320000000036,-0.1726459999999861,-0.7999389999999948
2023-08-06 15:45:00,-0.3662340000000768,-0.976828000000296,-0.6715310000001864,-0.8039240000002792,-0.2967100000000755,-0.5503170000001774,-1.4272290000003522,-0.1748090000000957,-0.801019000000224
2023-08-06 16:00:00,-0.3662370000001829,-0.9784740000000056,-0.6723555000000943,-0.8045170000000326,-0.29779299999972864,-0.5511549999998806,-1.4278119999999035,-0.17511400000012145,-0.8014630000000125
2023-08-06 16:15:00,-0.36623499999996056,-0.9823490000003403,-0.6742920000001504,-0.8045149999998102,-0.2964919999999438,-0.550503499999877,-1.427810000000136,-0.17036200000029567,-0.7990860000002158
2023-08-06 17:15:00,-0.36876699999993434,-0.9787119999996321,-0.6737394999997832,-0.8018329999999878,-0.2974490000001424,-0.5496410000000651,-1.4216519999999946,-0.1743810000002668,-0.7980165000001307
2023-08-06 17:30:00,-0.3683770000002369,-0.9787120000000868,-0.6735445000001619,-0.8005499999999302,-0.29395100000010643,-0.5472505000000183,-1.425604999999905,-0.17438200000015058,-0.7999935000000278
2023-08-06 17:45:00,-0.36993699999993623,-0.9803420000002916,-0.6751395000001139,-0.8012530000000879,-0.29618600000003426,-0.5487195000000611,-1.4228219999999965,-0.17410599999993792,-0.7984639999999672
2023-08-06 18:30:00,-0.369546000000355,-0.9798670000000129,-0.674706500000184,-0.805217999999968,-0.29861399999981586,-0.5519159999998919,-1.425615000000107,-0.1743940000001203,-0.8000045000001137
2023-08-06 19:00:00,-0.36993600000005245,-0.9796320000000378,-0.6747840000000451,-0.8030009999997674,-0.2989509999997608,-0.5509759999997641,-1.4228190000003451,-0.17627200000015364,-0.7995455000002494
2023-08-06 19:30:00,-0.37408899999991263,-0.979280000000017,-0.6766844999999648,-0.7993069999997715,-0.29739699999981895,-0.5483519999997952,-1.4179739999999583,-0.177998000000116,-0.7979860000000372
2023-08-06 19:45:00,-0.37090699999998833,-0.9780040000000554,-0.6744555000000219,-0.8013659999996889,-0.2984659999997348,-0.5499159999997119,-1.417695999999978,-0.17479800000000978,-0.7962469999999939
2023-08-06 20:00:00,-0.3701960000003055,-0.9791740000000573,-0.6746850000001814,-0.8015250000003107,-0.2996259999999893,-0.55057550000015,-1.4202020000002449,-0.17771900000025198,-0.7989605000002484
2023-08-06 20:15:00,-0.3740850000003775,-0.9829160000003867,-0.6785005000003821,-0.8010590000003504,-0.29817800000000716,-0.5496185000001788,-1.416247999999996,-0.17222700000002078,-0.7942375000000084
2023-08-06 20:45:00,-0.37408499999992273,-0.9797490000000835,-0.6769170000000031,-0.801057000000128,-0.2984620000001996,-0.5497595000001638,-1.4191650000002483,-0.17772899999999936,-0.7984470000001238
2023-08-06 21:00:00,-0.37550599999985934,-0.9816169999999147,-0.678561499999887,-0.8013249999999061,-0.2991940000001705,-0.5502595000000383,-1.4165219999999863,-0.1755630000002384,-0.7960425000001123
2023-08-06 21:30:00,-0.3740749999997206,-0.9817239999997582,-0.6778994999997394,-0.8010560000002442,-0.29987400000027264,-0.5504650000002584,-1.4191550000000461,-0.17875099999992017,-0.7989529999999831
2023-08-06 21:45:00,-0.37608499999987544,-0.9825519999999415,-0.6793184999999085,-0.7995759999998882,-0.29837199999974473,-0.5489739999998164,-1.4176820000002408,-0.178030999999919,-0.7978565000000799
2023-08-06 22:00:00,-0.37433499999997366,-0.9817470000002686,-0.6780410000001211,-0.7995750000000044,-0.29701099999965663,-0.5482929999998305,-1.417681000000357,-0.17513300000018717,-0.7964070000002721
2023-08-06 23:00:00,-0.3751160000001619,-0.9817379999999503,-0.6784270000000561,-0.8017919999997503,-0.2987089999996897,-0.55025049999972,-1.4216350000001512,-0.1787490000001526,-0.8001920000001519
2023-08-06 23:15:00,-0.375112000000172,-0.9841930000002321,-0.679652500000202,-0.8017899999999827,-0.2994399999997768,-0.5506149999998797,-1.4216350000001512,-0.17833100000007107,-0.7999830000001111
2023-08-07 00:15:00,-0.37511300000005576,-0.9849010000002636,-0.6800070000001597,-0.802958999999646,-0.29959299999973155,-0.5512759999996888,-1.4216329999999289,-0.17616499999985535,-0.7988989999998921
2023-08-07 00:45:00,-0.3729750000002241,-0.9824459999999817,-0.6777105000001029,-0.8040069999997286,-0.29944099999966056,-0.5517239999996946,-1.4255870000001778,-0.17833100000007107,-0.8019590000001244
2023-08-07 01:00:00,-0.37433499999997366,-0.9812739999997575,-0.6778044999998656,-0.8013230000001386,-0.2994400000002315,-0.550381500000185,-1.4176790000001347,-0.1765810000001693,-0.797130000000152
2023-08-07 02:30:00,-0.3758229999998548,-0.9841790000000401,-0.6800009999999475,-0.8028039999999237,-0.3006060000002435,-0.5517050000000836,-1.420321999999942,-0.17775399999982255,-0.7990379999998822
2023-08-07 04:00:00,-0.37511599999970713,-0.9848910000000615,-0.6800034999998843,-0.8047110000002249,-0.30133999999998196,-0.5530255000001034,-1.4216350000001512,-0.17616799999996147,-0.7989015000000563
2023-08-07 05:30:00,-0.37369500000022526,-0.9822070000000167,-0.677951000000121,-0.8050220000000081,-0.30094400000007226,-0.5529830000000402,-1.4260269999999764,-0.18022199999995792,-0.8031244999999672
2023-08-07 07:45:00,-0.3708350000001701,-0.9819849999998951,-0.6764100000000326,-0.8085510000000795,-0.30133299999988594,-0.5549419999999827,-1.4307109999999739,-0.17791299999998955,-0.8043119999999817
2023-08-07 08:00:00,-0.3704430000002503,-0.9812740000002123,-0.6758585000002313,-0.8078579999996691,-0.299438999999893,-0.553648499999781,-1.4340739999997822,-0.17948900000010326,-0.8067814999999428
2023-08-07 08:15:00,-0.37433199999986755,-0.9872329999998328,-0.6807824999998502,-0.805641999999807,-0.30017299999963143,-0.5529074999997192,-1.428961000000072,-0.17791200000010576,-0.8034365000000889
2023-08-07 09:00:00,-0.3739510000000337,-0.9847700000000259,-0.6793605000000298,-0.8078599999998914,-0.2994370000001254,-0.5536485000000084,-1.4340860000002067,-0.17950199999995675,-0.8067940000000817
2023-08-07 09:15:00,-0.374344000000292,-0.9823129999999765,-0.6783285000001342,-0.8062339999996766,-0.299293999999918,-0.5527639999997973,-1.4289629999998397,-0.17875000000003638,-0.803856499999938
2023-08-07 09:30:00,-0.3731720000000678,-0.9818490000002384,-0.6775105000001531,-0.8073910000002797,-0.2994340000000193,-0.5534125000001495,-1.4278020000001561,-0.17542200000025332,-0.8016120000002047
2023-08-07 10:00:00,-0.37077399999998306,-0.9834940000000643,-0.6771340000000237,-0.8093260000000555,-0.29992500000025757,-0.5546255000001565,-1.4337860000000546,-0.17630400000007285,-0.8050450000000637
2023-08-07 10:30:00,-0.37077399999998306,-0.983494999999948,-0.6771344999999656,-0.8093290000001616,-0.29992700000002515,-0.5546280000000934,-1.435537999999724,-0.1780549999998584,-0.8067964999997912
2023-08-07 10:45:00,-0.3704529999999977,-0.9801160000001801,-0.6752845000000889,-0.8096089999999094,-0.3000200000001314,-0.5548145000000204,-1.4340870000000905,-0.17833100000007107,-0.8062090000000808
2023-08-07 11:15:00,-0.37148100000013073,-0.9818530000002283,-0.6766670000001795,-0.8050930000003973,-0.29535000000032596,-0.5502215000003616,-1.4330660000000535,-0.17657899999994697,-0.8048225000000002
2023-08-07 11:30:00,-0.36818200000016077,-0.9796409999999014,-0.6739115000000311,-0.8090579999998226,-0.29894899999999325,-0.554003499999908,-1.435848999999962,-0.1780279999998129,-0.8069384999998874
2023-08-07 12:00:00,-0.3722020000000157,-0.9854799999998249,-0.6788409999999203,-0.8096089999999094,-0.30191899999999805,-0.5557639999999537,-1.432336999999734,-0.17733599999974103,-0.8048364999997375
2023-08-07 12:15:00,-0.3683129999999437,-0.9812729999998737,-0.6747929999999087,-0.8100750000003245,-0.3011850000002596,-0.5556300000002921,-1.4345410000000811,-0.17775200000005498,-0.806146500000068
2023-08-07 13:00:00,-0.3686299999999392,-0.9830200000001241,-0.6758250000000317,-0.8115550000002258,-0.30235399999992296,-0.5569545000000744,-1.4360149999997702,-0.17775200000005498,-0.8068834999999126
2023-08-07 13:45:00,-0.3686299999999392,-0.9854820000000473,-0.6770559999999932,-0.8097920000000158,-0.30133100000011837,-0.5555615000000671,-1.4330810000001293,-0.174413000000186,-0.8037470000001576
2023-08-07 14:00:00,-0.37077399999998306,-0.9866540000002715,-0.6787140000001273,-0.8081689999999071,-0.30134399999997186,-0.5547564999999395,-1.4343779999999242,-0.17908299999999144,-0.8067304999999578
2023-08-07 14:15:00,-0.3647289999998975,-0.9817219999999907,-0.6732254999999441,-0.8108500000003005,-0.3033709999999701,-0.5571105000001353,-1.4358769999998913,-0.1787490000001526,-0.8073130000000219
2023-08-07 14:30:00,-0.36835900000005495,-0.981014999999843,-0.674686999999949,-0.8101190000002134,-0.30088999999998123,-0.5555045000000973,-1.4369090000000142,-0.1797580000002199,-0.8083335000001171
2023-08-07 14:45:00,-0.3654500000002372,-0.982915999999932,-0.6741830000000846,-0.8101190000002134,-0.30109700000002704,-0.5556080000001202,-1.4369090000000142,-0.17689500000005864,-0.8069020000000364
2023-08-07 15:00:00,-0.36383200000000215,-0.9806969999999637,-0.672264499999983,-0.8099510000001828,-0.30234999999993306,-0.556150500000058,-1.4373249999998734,-0.18008000000008906,-0.8087024999999812
2023-08-07 15:15:00,-0.36635999999998603,-0.98408900000004,-0.675224500000013,-0.811587000000145,-0.30109000000038577,-0.5563385000002654,-1.4395280000003368,-0.17688100000032136,-0.8082045000003291
2023-08-07 15:45:00,-0.367334000000028,-0.9797539999999572,-0.6735439999999926,-0.8128730000003088,-0.30312499999990905,-0.5579990000001089,-1.4361579999999776,-0.17829799999981333,-0.8072279999998955
2023-08-07 16:00:00,-0.36480100000017046,-0.9790450000000419,-0.6719230000001062,-0.8138050000002295,-0.3023910000001706,-0.5580980000002,-1.4446540000003552,-0.18280300000014904,-0.8137285000002521
2023-08-07 16:15:00,-0.36662200000000666,-0.9833819999998923,-0.6750019999999495,-0.8101059999999052,-0.3021080000003167,-0.5561070000001109,-1.4351360000000568,-0.17729899999994814,-0.8062175000000025
2023-08-07 16:45:00,-0.3670720000000074,-0.9840760000001865,-0.6755740000000969,-0.8114439999999377,-0.30109700000002704,-0.5562704999999823,-1.4405500000002576,-0.17863500000021304,-0.8095925000002353
2023-08-07 17:00:00,-0.3677219999999579,-0.9792790000001332,-0.6735005000000456,-0.8077459999999519,-0.3008929999996326,-0.5543194999997922,-1.432202999999845,-0.17974400000002788,-0.8059734999999364
2023-08-07 17:30:00,-0.36758899999995265,-0.9797470000003159,-0.6736680000001343,-0.8084819999999127,-0.3002089999999953,-0.554345499999954,-1.4347050000001218,-0.17947700000013356,-0.8070910000001277
2023-08-07 17:45:00,-0.3687519999998585,-0.9858260000000882,-0.6772889999999734,-0.8084830000002512,-0.3016769999999269,-0.5550800000000891,-1.43295500000022,-0.17689500000005864,-0.8049250000001393
2023-08-07 18:15:00,-0.36915399999998044,-0.981738000000405,-0.6754460000001927,-0.8074240000000827,-0.30161800000041694,-0.5545210000002498,-1.4301489999998012,-0.17874899999969784,-0.8044489999997495
2023-08-07 18:30:00,-0.3712809999997262,-0.9810139999999592,-0.6761474999998427,-0.8069700000000921,-0.3026380000001154,-0.5548040000001038,-1.4267979999999625,-0.17975699999988137,-0.8032774999999219
2023-08-07 19:15:00,-0.3747920000000704,-0.9868799999999283,-0.6808359999999993,-0.8069570000002386,-0.3021070000004329,-0.5545320000003358,-1.4296939999999267,-0.18021799999996801,-0.8049559999999474
2023-08-07 19:30:00,-0.36915200000021287,-0.9858389999999417,-0.6774955000000773,-0.805674000000181,-0.30109100000026956,-0.5533825000002253,-1.430149000000256,-0.17805100000032326,-0.8041000000002896
2023-08-07 20:00:00,-0.3711600000001454,-0.9834850000002007,-0.677322500000173,-0.807702000000063,-0.3033650000002126,-0.5555335000001378,-1.4310249999998632,-0.18224599999985003,-0.8066354999998566
2023-08-07 20:30:00,-0.3730420000001686,-0.985838000000058,-0.6794400000001133,-0.8133750000001783,-0.30750799999987066,-0.5604415000000245,-1.4296939999999267,-0.1780509999998685,-0.8038724999998976
2023-08-07 21:15:00,-0.3712799999998424,-0.9851169999997182,-0.6781984999997803,,-0.30386200000020835,-0.30386200000020835,-1.4279559999999947,-0.1802199999997356,-0.8040879999998651
2023-08-07 21:45:00,-0.3727129999997487,-0.9833679999997003,-0.6780404999997245,-0.8066600000001927,-0.30211300000019037,-0.5543865000001915,-1.428233999999975,-0.1802199999997356,-0.8042269999998553
2023-08-07 22:15:00,-0.3697910000000775,-0.9824309999999059,-0.6761109999999917,-0.8054870000000847,-0.3023530000000392,-0.5539200000000619,-1.4264819999998508,-0.17950000000018917,-0.80299100000002
2023-08-07 22:45:00,-0.36900900000000547,-0.9858239999998659,-0.6774164999999357,-0.8081700000002456,-0.30284500000016124,-0.5555075000002034,-1.4314719999997578,-0.17805399999997462,-0.8047629999998662
2023-08-07 23:45:00,-0.36940099999992526,-0.9858249999997497,-0.6776129999998375,-0.8042030000001432,-0.30109600000014325,-0.5526495000001432,-1.4275159999997413,-0.17805399999997462,-0.802784999999858
2023-08-08 00:00:00,-0.3691399999997884,-0.985356000000138,-0.6772479999999632,-0.8062669999999343,-0.3023510000002716,-0.554309000000103,-1.4319120000000112,-0.18123999999988882,-0.80657599999995
2023-08-08 00:30:00,-0.3691399999997884,-0.9875750000001062,-0.6783574999999473,-0.8074360000000524,-0.3045959999999468,-0.5560159999999996,-1.4301620000001094,-0.1798039999998764,-0.8049829999999929
2023-08-08 09:30:00,-0.3734169999997903,-0.9893149999998059,-0.6813659999997981,-0.8114020000002711,-0.30628600000000006,-0.5588440000001356,-1.4341169999997874,-0.18165799999997034,-0.8078874999998789
2023-08-08 10:00:00,-0.37477899999976216,-0.9861550000000534,-0.6804669999999078,-0.81163800000013,-0.3077969999999368,-0.5597175000000334,-1.4308759999998983,-0.1835559999999532,-0.8072159999999258
2023-08-08 11:00:00,-0.3754300000000512,-0.9886149999997542,-0.6820224999999027,-0.8145910000002914,-0.3073620000000119,-0.5609765000001516,-1.4361429999999018,-0.1819719999998597,-0.8090574999998807
2023-08-08 11:15:00,-0.37290900000016336,-0.9875860000001921,-0.6802475000001778,-0.8088740000002872,-0.3040080000000671,-0.5564410000001772,-1.4292780000000675,-0.17805100000032326,-0.8036645000001954
2023-08-08 11:30:00,-0.366624000000229,-0.9826760000000831,-0.6746500000001561,-0.813607999999931,-0.30662500000016735,-0.5601165000000492,-1.439810000000307,-0.18413700000019162,-0.8119735000002493
2023-08-08 11:45:00,-0.37051100000007864,-0.9886300000002848,-0.6795705000001817,-0.811388000000079,-0.3073560000002544,-0.5593720000001667,-1.4329320000001644,-0.18079800000032265,-0.8068650000002435
2023-08-08 12:15:00,-0.37277899999980946,-0.9880330000000868,-0.6804059999999481,-0.807278000000224,-0.30386100000032457,-0.5555695000002743,-1.4299980000000687,-0.18080000000009022,-0.8053990000000795
2023-08-08 12:30:00,-0.370249000000058,-0.9904930000002423,-0.6803710000001502,-0.809371000000283,-0.30400600000029954,-0.5566885000002912,-1.4344049999999697,-0.1786339999998745,-0.8065194999999221
2023-08-08 12:45:00,-0.37413900000001377,-0.9889699999998811,-0.6815544999999474,-0.8112450000003264,-0.3053680000002714,-0.5583065000002989,-1.4322039999997287,-0.1791880000000674,-0.805695999999898
2023-08-08 13:30:00,-0.3760219999999208,-0.9907210000001214,-0.6833715000000211,-0.8104990000001635,-0.305370000000039,-0.5579345000001013,-1.4361300000000483,-0.18445000000019718,-0.8102900000001227
2023-08-08 13:45:00,-0.37842000000000553,-0.9907199999997829,-0.6845699999998942,-0.8097329999995964,-0.30653899999970236,-0.5581359999996494,-1.428386000000046,-0.18152999999983876,-0.8049579999999423
2023-08-08 14:00:00,-0.3764129999999568,-0.9901310000000194,-0.6832719999999881,-0.8082830000003014,-0.30478000000039174,-0.5565315000003466,-1.429258000000118,-0.1809410000000753,-0.8050995000000967
2023-08-08 14:15:00,-0.3784099999998034,-0.9882509999997637,-0.6833304999997836,-0.809722999999849,-0.3057959999996456,-0.5577594999997473,-1.4283759999998438,-0.18193599999995058,-0.8051559999998972
2023-08-08 14:30:00,-0.3801669999998012,-0.9930399999998372,-0.6866034999998192,-0.8132300000002033,-0.3134770000001481,-0.5633535000001757,-1.4295540000002802,-0.18805199999997058,-0.8088030000001254
2023-08-08 14:45:00,-0.38198000000011234,-0.9955190000000584,-0.6887495000000854,-0.8011390000001484,-0.306735000000117,-0.5539370000001327,-1.412858000000142,-0.17982600000004823,-0.7963420000000951
2023-08-08 15:00:00,-0.38100699999995413,-0.9988220000000183,-0.6899144999999862,-0.8045230000002448,-0.3037420000000566,-0.5541325000001507,-1.4133120000001327,-0.16680099999985032,-0.7900564999999915
2023-08-08 15:15:00,-0.379200999999739,-0.9982559999998557,-0.6887284999997974,-0.8041299999999865,-0.29737699999986944,-0.550753499999928,-1.418728000000101,-0.16143600000032166,-0.7900820000002113
2023-08-08 15:30:00,-0.379591999999775,-0.9959180000000742,-0.6877549999999246,-0.8048319999998057,-0.30082699999957185,-0.5528294999996888,-1.4165219999999863,-0.16562999999996464,-0.7910759999999755
2023-08-08 16:00:00,-0.38067799999998897,-1.0051979999998366,-0.6929379999999128,-0.805601999999908,-0.2899219999999332,-0.5477619999999206,-1.4219499999999243,-0.1461380000000645,-0.7840439999999944
2023-08-08 16:15:00,-0.3789300000003095,-1.0026350000002822,-0.6907825000002958,-0.805601999999908,-0.28967999999986205,-0.547640999999885,-1.4219510000002629,-0.14627800000016578,-0.7841145000002143
2023-08-08 16:45:00,-0.3791909999999916,-0.9975469999999405,-0.688368999999966,-0.8117080000001806,-0.30598200000031284,-0.5588450000002467,-1.4222170000002734,-0.1671030000002247,-0.7946600000002491
2023-08-08 17:15:00,-0.37809900000002017,-0.9868019999998978,-0.682450499999959,-0.8065000000001419,-0.3152520000003278,-0.5608760000002349,-1.4245710000000145,-0.20002299999987372,-0.8122969999999441
2023-08-08 17:30:00,-0.37945799999988594,-0.9771160000000236,-0.6782869999999548,-0.8104660000003605,-0.32914900000014313,-0.5698075000002518,-1.4285249999998086,-0.2278919999998834,-0.828208499999846
2023-08-08 18:00:00,-0.3688130000000456,-0.9794590000001335,-0.6741360000000896,-0.8085190000001603,-0.32861400000001595,-0.5685665000000881,-1.4312180000001717,-0.2242780000001403,-0.827748000000156
2023-08-08 18:15:00,-0.3791999999998552,-0.9772589999997763,-0.6782294999998157,-0.8087980000000243,-0.32935600000018894,-0.5690770000001066,-1.421647000000121,-0.22387000000026092,-0.8227585000001909
2023-08-08 18:30:00,-0.378809999999703,-0.9802890000000843,-0.6795494999998937,-0.8092639999999847,-0.33177999999998065,-0.5705219999999827,-1.4255990000001475,-0.2288050000001931,-0.8272020000001703
2023-08-08 18:45:00,-0.37907099999983984,-0.981467000000066,-0.6802689999999529,-0.8060319999999592,-0.3283400000000256,-0.5671859999999924,-1.419456000000082,-0.221704999999929,-0.8205805000000055
2023-08-08 19:00:00,-0.38236800000004223,-0.9852209999999104,-0.6837944999999763,-0.8020700000001852,-0.321107000000211,-0.5615885000001981,-1.4125960000001214,-0.20908800000006522,-0.8108420000000933
2023-08-08 19:15:00,-0.3799690000000737,-0.9827629999999772,-0.6813660000000255,-0.8040059999998448,-0.32037299999956304,-0.5621894999997039,-1.4191719999998895,-0.21125500000016473,-0.8152135000000271
2023-08-08 19:30:00,-0.3787979999997333,-0.9800679999998465,-0.6794329999997899,-0.8075039999998808,-0.32464600000002974,-0.5660749999999553,-1.4162610000003042,-0.2106499999999869,-0.8134555000001455
2023-08-08 19:45:00,-0.37704900000017005,-0.9819530000004306,-0.6795010000003003,-0.807502999999997,-0.3265430000001288,-0.5670230000000629,-1.4180100000003222,-0.2131400000002941,-0.8155750000003081
2023-08-08 20:00:00,-0.37880000000041036,-0.9820590000003904,-0.6804295000004004,-0.8092550000001211,-0.32780400000001464,-0.5685295000000679,-1.4180120000000898,-0.2134200000000419,-0.8157160000000658
2023-08-08 20:15:00,-0.38398899999992864,-0.9775589999999283,-0.6807739999999285,-0.8057240000002821,-0.3318570000001273,-0.5687905000002047,-1.4162450000003446,-0.23075400000016089,-0.8234995000002527
2023-08-08 20:30:00,-0.3919119999995928,-0.9848019999999451,-0.688356999999769,-0.802063999999973,-0.3379880000002231,-0.5700260000000981,-1.4027320000000145,-0.2340119999998933,-0.8183719999999539
2023-08-08 20:45:00,-0.3832760000000235,-0.985414000000219,-0.6843450000001212,-0.8015559999998914,-0.33401299999968614,-0.5677844999997887,-1.4056919999998172,-0.22503000000006068,-0.8153609999999389
2023-08-08 21:00:00,-0.38342000000011467,-0.9912129999997887,-0.6873164999999517,-0.7979000000000269,-0.3213650000002417,-0.5596325000001343,-1.4055280000002313,-0.2061069999999745,-0.8058175000001029
2023-08-08 21:15:00,-0.3873089999997319,-0.9890849999997045,-0.6881969999997182,-0.8026820000000043,-0.3279130000000805,-0.5652975000000424,-1.404493999999886,-0.2120279999999184,-0.8082609999999022
2023-08-08 21:30:00,-0.3880779999999504,-0.9868609999998625,-0.6874694999999065,-0.8025739999998223,-0.32334499999979016,-0.5629594999998062,-1.4084619999998722,-0.21055799999976443,-0.8095099999998183
2023-08-08 21:45:00,-0.3880779999999504,-0.9820640000002641,-0.6850710000001072,-0.8043219999999565,-0.32488899999998466,-0.5646054999999706,-1.4067119999999704,-0.2116679999999178,-0.8091899999999441
2023-08-08 22:00:00,-0.3859379999998964,-0.9796080000000984,-0.6827729999999974,-0.801872000000003,-0.32123900000033245,-0.5615555000001677,-1.4124179999998887,-0.2155840000000353,-0.814000999999962
2023-08-08 22:15:00,-0.38976899999988746,-0.984393999999611,-0.6870814999997492,-0.8085989999999583,-0.3254700000002231,-0.5670345000000907,-1.4138780000002953,-0.21224800000027244,-0.8130630000002839
2023-08-08 22:30:00,-0.38917599999967933,-0.9814619999997376,-0.6853189999997085,-0.8033520000003591,-0.3207480000000942,-0.5620500000002266,-1.4162300000002688,-0.21703200000001743,-0.8166310000001431
2023-08-08 22:45:00,-0.39092500000015207,-0.9843810000002122,-0.6876530000001821,-0.808020999999826,-0.3265870000000177,-0.5673039999999219,-1.416809999999714,-0.2187819999999192,-0.8177959999998166
2023-08-08 23:00:00,-0.39053499999999985,-0.9823960000003353,-0.6864655000001676,-0.8119860000001609,-0.3269230000000789,-0.5694545000001199,-1.420763000000079,-0.21774999999979627,-0.8192564999999377
2023-08-08 23:45:00,-0.3880170000002181,-0.9745160000002215,-0.6812665000002198,-0.8050979999998162,-0.32937099999981,-0.5672344999998131,-1.4150460000000749,-0.23116799999979776,-0.8231069999999363
2023-08-09 00:00:00,-0.38425699999970675,-0.9743199999998069,-0.6792884999997568,-0.8065790000000561,-0.32462900000018635,-0.5656040000001212,-1.4165189999998802,-0.21989399999984016,-0.8182064999998602
2023-08-09 00:15:00,-0.3866459999999279,-0.9760820000001331,-0.6813640000000305,-0.8058040000000801,-0.32468199999993885,-0.5652430000000095,-1.4099359999995613,-0.21510899999975663,-0.812522499999659
2023-08-09 00:30:00,-0.3866480000001502,-0.9755040000000008,-0.6810760000000755,-0.8058040000000801,-0.32410299999992276,-0.5649535000000014,-1.4081859999996595,-0.21278099999972255,-0.810483499999691
2023-08-09 00:45:00,-0.38463899999987916,-0.9729089999996177,-0.6787739999997484,-0.8043539999998757,-0.32665899999983594,-0.5655064999998558,-1.411395999999968,-0.2230570000001535,-0.8172265000000607
2023-08-09 01:15:00,-0.38463999999976295,-0.9727899999998044,-0.6787149999997837,-0.8031860000000961,-0.3242259999997259,-0.563705999999911,-1.413148000000092,-0.22278099999994083,-0.8179645000000164
2023-08-09 01:30:00,-0.3861299999998664,-0.9820869999998649,-0.6841084999998657,-0.8064180000001215,-0.31799499999988257,-0.562206500000002,-1.4128719999998793,-0.20152999999982057,-0.80720099999985
2023-08-09 02:15:00,-0.38145899999972244,-0.9894179999996595,-0.685438499999691,-0.8064159999998992,-0.30929199999991397,-0.5578539999999066,-1.4128709999999955,-0.17902600000024904,-0.7959485000001223
2023-08-09 02:45:00,-0.3810689999995702,-0.9913090000000011,-0.6861889999997857,-0.8098019999997632,-0.3077480000001742,-0.5587749999999687,-1.415074999999888,-0.1714929999998276,-0.7932839999998578
2023-08-09 03:15:00,-0.38185199999998076,-0.9885179999996581,-0.6851849999998194,-0.8071209999998246,-0.3049829999999929,-0.5560519999999087,-1.408918999999969,-0.16757800000004863,-0.7882485000000088
2023-08-09 03:45:00,-0.3832089999996242,-0.9936599999996361,-0.6884344999996301,-0.806416999999783,-0.30430299999989074,-0.5553599999998369,-1.4117019999998774,-0.1678780000002007,-0.7897900000000391
2023-08-09 04:00:00,-0.38464099999964674,-0.9929519999996046,-0.6887964999996257,-0.804356000000098,-0.3035709999999199,-0.5539635000000089,-1.4102280000001883,-0.17004499999984546,-0.7901365000000169
2023-08-09 05:15:00,-0.38106900000002497,-0.983889999999974,-0.6824794999999995,-0.8086330000000999,-0.31296400000019275,-0.5607985000001463,-1.4150750000003427,-0.18707900000026711,-0.8010770000003049
2023-08-09 05:30:00,-0.37964899999997215,-0.9856519999998454,-0.6826504999999088,-0.8037059999996927,-0.30947599999990416,-0.5565909999997984,-1.41771800000015,-0.18999900000017078,-0.8038585000001603
2023-08-09 05:45:00,-0.3806790000003275,-0.9846870000001218,-0.6826830000002246,-0.807350999999926,-0.31543599999986327,-0.5613934999998946,-1.417862000000241,-0.19533099999989645,-0.8065965000000688
2023-08-09 06:30:00,-0.38242799999989074,-0.978888999999981,-0.6806584999999359,-0.8090990000000602,-0.3251649999997426,-0.5671319999999014,-1.4190290000001369,-0.21483200000011493,-0.8169305000001259
2023-08-09 07:00:00,-0.378928999999971,-0.9727899999998044,-0.6758594999998877,-0.8073490000001584,-0.3271449999997458,-0.5672469999999521,-1.417279000000235,-0.22103199999992285,-0.819155500000079
2023-08-09 07:30:00,-0.3785390000002735,-0.9818610000002082,-0.6802000000002408,-0.8078169999998863,-0.316642000000229,-0.5622295000000577,-1.4212350000002516,-0.200394999999844,-0.8108150000000478
2023-08-09 08:00:00,-0.3797079999999369,-0.9905879999996614,-0.6851479999997991,-0.8078169999998863,-0.305793999999878,-0.5568054999998822,-1.420654999999897,-0.17669800000021496,-0.798676500000056
2023-08-09 08:30:00,-0.3778299999999035,-0.988376999999673,-0.6831034999997883,-0.8079720000000634,-0.3030279999998129,-0.5554999999999382,-1.4219650000000001,-0.17336100000011356,-0.7976630000000569
2023-08-09 09:30:00,-0.3774389999998675,-0.9935219999997571,-0.6854804999998123,-0.8101879999999255,-0.30701900000030946,-0.5586035000001175,-1.4259179999999105,-0.17658199999959834,-0.8012499999997544
2023-08-09 10:00:00,-0.3770519999998214,-0.9913120000001072,-0.6841819999999643,-0.8057559999997466,-0.3042519999999058,-0.5550039999998262,-1.419760999999653,-0.17441499999995358,-0.7970879999998033
2023-08-09 10:30:00,-0.3749129999996512,-0.991312999999991,-0.6831129999998211,-0.809722999999849,-0.3077520000001641,-0.5587375000000065,-1.4237160000002405,-0.1761650000003101,-0.7999405000002753
2023-08-09 10:45:00,-0.37880300000006173,-0.9914189999999508,-0.6851110000000062,-0.8075080000003254,-0.3055130000002464,-0.5565105000002859,-1.419763999999759,-0.1746949999997014,-0.7972294999997303
2023-08-09 11:00:00,-0.3752439999998387,-0.993771999999808,-0.6845079999998234,-0.8082830000003014,-0.30498700000043755,-0.5566350000003695,-1.4245880000003126,-0.1734100000003309,-0.7989990000003218
2023-08-09 11:30:00,-0.3768019999997705,-0.9932960000001003,-0.6850489999999354,-0.8124830000001566,-0.3109140000001389,-0.5616985000001478,-1.4194730000003801,-0.17252800000005664,-0.7960005000002184
2023-08-09 12:00:00,-0.37485400000014124,-0.9921269999999822,-0.6834905000000617,-0.8104990000001635,-0.30449700000008306,-0.5574980000001233,-1.428541000000223,-0.17368800000031115,-0.8011145000002671
2023-08-09 12:15:00,-0.37627199999997174,-0.989669000000049,-0.6829705000000104,-0.8119389999997111,-0.30551199999990786,-0.5587254999998095,-1.4259199999996781,-0.17294499999979962,-0.7994324999997389
2023-08-09 12:30:00,-0.37452200000006997,-0.991312999999991,-0.6829175000000305,-0.8101889999998093,-0.3060019999998076,-0.5580954999998085,-1.4241699999997763,-0.1726659999999356,-0.798417999999856
2023-08-09 13:00:00,-0.37348100000008344,-0.9906040000000758,-0.6820425000000796,-0.8114350000000741,-0.3023510000002716,-0.5568930000001728,-1.4335530000003018,-0.17366400000037174,-0.8036085000003368
2023-08-09 13:15:00,-0.37498100000038903,-0.990603000000192,-0.6827920000002905,-0.8068440000001829,-0.30234999999993306,-0.554597000000058,-1.4231520000003002,-0.17191300000013143,-0.7975325000002158
2023-08-09 13:30:00,-0.3728429999996479,-0.9888539999997192,-0.6808484999996836,-0.807311000000027,-0.3006009999999151,-0.553955999999971,-1.4253550000003088,-0.17016400000011345,-0.7977595000002111
2023-08-09 13:45:00,-0.3764009999999871,-0.9932959999996456,-0.6848484999998163,-0.8047860000001492,-0.3009980000001633,-0.5528920000001563,-1.4216910000000098,-0.17077900000003865,-0.7962350000000242
2023-08-09 14:00:00,-0.3710919999998623,-0.9908389999995961,-0.6809654999997292,-0.8044009999998707,-0.30085399999961737,-0.552627499999744,-1.4241860000001907,-0.17177600000013626,-0.7979810000001635
2023-08-09 14:30:00,-0.3710909999999785,-0.9913240000000769,-0.6812075000000277,-0.8038249999999607,-0.29959599999983766,-0.5517104999998992,-1.4242089999997916,-0.1703379999999015,-0.7972734999998465
2023-08-09 15:15:00,-0.3714110000000801,-0.9895590000000993,-0.6804850000000897,-0.8058729999997922,-0.29783999999972366,-0.5518564999997579,-1.423909999999978,-0.16509099999984755,-0.7945004999999128
2023-08-09 15:30:00,-0.3704379999999219,-0.9907280000002174,-0.6805830000000697,-0.8110069999997904,-0.3025079999997615,-0.556757499999776,-1.4296140000001287,-0.16859000000022206,-0.7991020000001754
2023-08-09 15:45:00,-0.36979199999996126,-0.9853510000002643,-0.6775715000001128,-0.8068899999998393,-0.29885799999965457,-0.552873999999747,-1.427850000000035,-0.17075599999998303,-0.799303000000009
2023-08-09 16:00:00,-0.3700530000000981,-0.9862860000002911,-0.6781695000001946,-0.8054089999995995,-0.3003649999996014,-0.5528869999996004,-1.422287999999753,-0.16972599999962767,-0.7960069999996904
2023-08-09 16:15:00,-0.3697900000001937,-0.9887440000002243,-0.679267000000209,-0.8103869999999915,-0.30459600000040155,-0.5574915000001965,-1.4249300000001313,-0.16930900000033944,-0.7971195000002353
2023-08-09 17:15:00,-0.3679109999998218,-0.989451999999801,-0.6786814999998114,-0.809371000000283,-0.3035790000003544,-0.5564750000003187,-1.425658999999996,-0.1683109999999033,-0.7969849999999497
2023-08-09 17:30:00,-0.36830200000031255,-0.9845359999999346,-0.6764190000001236,-0.8071559999998499,-0.3021129999997356,-0.5546344999997928,-1.422287000000324,-0.1697269999999662,-0.7960070000001451
2023-08-09 17:45:00,-0.368300999999974,-0.985243999999966,-0.67677249999997,-0.8054059999999481,-0.2993459999997867,-0.5523759999998674,-1.4205369999999675,-0.16580900000008114,-0.7931730000000243
2023-08-09 19:00:00,-0.37336199999981545,-0.9887440000002243,-0.6810530000000199,-0.8049410000003263,-0.29992700000002515,-0.5524340000001757,-1.4206709999998566,-0.16872799999964627,-0.7946994999997514
2023-08-09 19:30:00,-0.3736210000001847,-0.9894520000002558,-0.6815365000002203,-0.804642000000058,-0.3000809999998637,-0.5523614999999609,-1.4180519999999888,-0.1665619999998853,-0.792306999999937
2023-08-09 22:00:00,-0.37077399999998306,-0.9836150000000998,-0.6771945000000414,-0.8009429999997337,-0.30061099999966245,-0.5507769999996981,-1.4143619999999828,-0.17191400000001522,-0.793137999999999
2023-08-09 22:30:00,-0.37466300000005504,-0.9860709999998107,-0.6803669999999329,-0.7987269999998716,-0.29784399999971356,-0.5482854999997926,-1.4121580000000904,-0.1697479999997995,-0.790952999999945
2023-08-09 23:30:00,-0.37252500000022337,-0.9861799999998766,-0.67935250000005,-0.8038520000000062,-0.3037640000002284,-0.5538080000001173,-1.414361000000099,-0.17177700000002005,-0.7930690000000595
2023-08-09 23:45:00,-0.37278299999979936,-0.9873600000000806,-0.68007149999994,-0.7977120000000468,-0.2974080000003596,-0.5475600000002032,-1.411717999999837,-0.16816100000005463,-0.7899394999999458
2023-08-10 00:15:00,-0.3750430000000051,-0.9897969999997258,-0.6824199999998655,-0.8043190000003051,-0.3009970000002795,-0.5526580000002923,-1.4194860000002336,-0.17077999999992244,-0.795133000000078
2023-08-10 01:00:00,-0.3745330000001559,-0.9886350000001585,-0.6815840000001572,-0.800619000000097,-0.300995999999941,-0.550807500000019,-1.4117160000000695,-0.16960999999992055,-0.790662999999995
2023-08-10 01:45:00,-0.36999299999979485,-0.9855999999999767,-0.6777964999998858,-0.8018749999996544,-0.2985249999996995,-0.550199999999677,-1.4222679999998036,-0.17294600000013816,-0.7976069999999709
2023-08-10 02:00:00,-0.37388300000020536,-0.9898069999999279,-0.6818450000000666,-0.8049080000000686,-0.3027570000003834,-0.553832500000226,-1.4200630000000274,-0.1725299999998242,-0.7962964999999258
2023-08-10 02:30:00,-0.37148100000013073,-0.9890980000000127,-0.6802895000000717,-0.803356999999778,-0.300275000000056,-0.551815999999917,-1.4249110000000655,-0.17469699999992372,-0.7998039999999946
2023-08-10 02:45:00,-0.3736210000001847,-0.9873489999999947,-0.6804850000000897,-0.8063900000001922,-0.302024000000074,-0.5542070000001331,-1.422708000000057,-0.17294600000013816,-0.7978270000000975
2023-08-10 03:15:00,-0.37427200000001903,-0.9898060000000442,-0.6820390000000316,-0.8026899999999841,-0.30275599999959013,-0.5527229999997871,-1.4143589999998767,-0.17077999999992244,-0.7925694999998996
2023-08-10 03:30:00,-0.37038200000006327,-0.9848889999998391,-0.6776354999999512,-0.8031559999999445,-0.3030389999998988,-0.5530974999999216,-1.4165619999998853,-0.17336299999988114,-0.7949624999998832
2023-08-10 03:45:00,-0.3718699999999444,-0.9907269999998789,-0.6812984999999117,-0.8011400000000322,-0.3007600000000821,-0.5509500000000571,-1.4192079999997986,-0.1726699999999255,-0.7959389999998621
2023-08-10 04:15:00,-0.3718699999999444,-0.9882689999999457,-0.680069499999945,-0.8046389999999519,-0.30352599999969243,-0.5540824999998222,-1.4197980000003554,-0.17367700000022523,-0.7967375000002903
2023-08-10 05:30:00,-0.3733640000000378,-0.9902579999998125,-0.6818109999999251,-0.8061079999997673,-0.3031839999998738,-0.5546459999998206,-1.4253269999999247,-0.17585700000017823,-0.8005920000000515
2023-08-10 05:45:00,-0.37226300000020274,-0.9848900000001777,-0.6785765000001902,-0.8041740000003301,-0.30304100000012113,-0.5536075000002256,-1.4187529999999242,-0.17511400000012145,-0.7969335000000228
2023-08-10 06:30:00,-0.37602300000025934,-0.9913209999999708,-0.6836720000001151,-0.8038510000001224,-0.30425400000012814,-0.5540525000001253,-1.4143600000002152,-0.17149900000003981,-0.7929295000001275
2023-08-10 07:30:00,-0.373164000000088,-0.9854599999998754,-0.6793119999999817,-0.8079709999997249,-0.304779999999937,-0.5563754999998309,-1.4202139999997598,-0.17336399999976493,-0.7967889999997624
2023-08-10 08:15:00,-0.37349399999993693,-0.9903770000000804,-0.6819355000000087,-0.8065320000000611,-0.3027480000000651,-0.5546400000000631,-1.4234250000004067,-0.17253100000016275,-0.7979780000002847
2023-08-10 08:30:00,-0.37530400000014197,-0.9896679999997104,-0.6824859999999262,-0.8057559999997466,-0.30551299999979165,-0.5556344999997691,-1.4162599999999657,-0.17294700000002194,-0.7946034999999938
2023-08-10 08:45:00,-0.37530199999991964,-0.9903759999997419,-0.6828389999998308,-0.8010870000002797,-0.2998280000001614,-0.5504575000002205,-1.4145119999998315,-0.16903099999990445,-0.791771499999868
2023-08-10 09:15:00,-0.37414300000000367,-0.9883879999997589,-0.6812654999998813,-0.8063460000003033,-0.30483900000035646,-0.5555925000003299,-1.41685200000029,-0.17151100000000952,-0.7941815000001498
2023-08-10 10:15:00,-0.3731039999997847,-0.9920200000001387,-0.6825619999999617,-0.8040799999998853,-0.29856900000004316,-0.5513244999999642,-1.4273810000004232,-0.17225200000029872,-0.799816500000361
2023-08-10 11:00:00,-0.3710949999999684,-0.9890970000001289,-0.6800960000000487,-0.8137289999999666,-0.30557299999964016,-0.5596509999998034,-1.430022999999892,-0.17109499999969557,-0.8005589999997937
2023-08-10 11:45:00,-0.3674639999999272,-0.9850070000002233,-0.6762355000000753,-0.8092119999996612,-0.30260299999963536,-0.5559074999996483,-1.4260819999999512,-0.17003799999974945,-0.7980599999998503
2023-08-10 12:00:00,-0.36895400000003065,-0.9845399999999245,-0.6767469999999776,-0.8124470000002475,-0.30327800000031857,-0.557862500000283,-1.4304789999996501,-0.17147499999964566,-0.8009769999996479
2023-08-10 12:15:00,-0.3710949999999684,-0.9866390000001957,-0.678867000000082,-0.8119809999998324,-0.30308999999988373,-0.5575354999998581,-1.4253570000000764,-0.16684299999997165,-0.796100000000024
2023-08-10 12:30:00,-0.36895300000014686,-0.9878130000001875,-0.6783830000001672,-0.8060279999999693,-0.29783699999961755,-0.5519324999997934,-1.4293079999997644,-0.16975000000002183,-0.7995289999998931
2023-08-10 13:30:00,-0.3652610000003733,-0.9843010000004142,-0.6747810000003938,-0.8087109999996756,-0.29836299999988114,-0.5535369999997783,-1.4337189999996554,-0.17044599999962884,-0.8020824999996421
2023-08-10 13:45:00,-0.3639029999999366,-0.9839680000000044,-0.6739354999999705,-0.8082429999999476,-0.2980790000001434,-0.5531610000000455,-1.429761000000326,-0.16611200000033932,-0.7979365000003327
2023-08-10 15:00:00,-0.3622139999997671,-0.9789459999997234,-0.6705799999997453,-0.8092169999999896,-0.3023510000002716,-0.5557840000001306,-1.4249290000002475,-0.16899800000010146,-0.7969635000001745
2023-08-10 15:30:00,-0.36279300000023795,-0.9822189999999864,-0.6725060000001122,-0.8074670000000879,-0.3009980000001633,-0.5542325000001256,-1.423178999999891,-0.1661130000002231,-0.794646000000057
2023-08-10 16:00:00,-0.3633159999999407,-0.978947000000062,-0.6711315000000013,-0.8068580000003749,-0.3023630000002413,-0.5546105000003081,-1.4185049999996409,-0.16725999999971464,-0.7928824999996777
2023-08-10 16:45:00,-0.3650649999999587,-0.9809310000000551,-0.6729980000000069,-0.8086069999999381,-0.3037749999998596,-0.5561909999998988,-1.4190849999999955,-0.16712199999983568,-0.7931034999999156
2023-08-10 17:00:00,-0.3621440000001712,-0.9755509999999958,-0.6688475000000835,-0.8068570000000364,-0.30129100000021936,-0.5540740000001279,-1.4190849999999955,-0.16753600000038205,-0.7933105000001888
2023-08-10 19:15:00,-0.3643560000000434,-0.9789460000001782,-0.6716510000001108,-0.799192999999832,-0.30061099999966245,-0.5499019999997472,-1.4097029999998085,-0.16900699999996505,-0.7893549999998868
2023-08-10 19:30:00,-0.3661059999999452,-0.9806950000001962,-0.6734005000000707,-0.8009420000003047,-0.302361000000019,-0.5516515000001618,-1.4097020000003795,-0.16900800000030358,-0.7893550000003415
2023-08-10 20:15:00,-0.36422799999991184,-0.9780120000000352,-0.6711199999999735,-0.8028370000001814,-0.3020150000002104,-0.5524260000001959,-1.4104220000003806,-0.16653100000030463,-0.7884765000003426
2023-08-10 20:45:00,-0.36714600000004793,-0.9819710000001578,-0.6745585000001029,-0.8010870000002797,-0.30303200000025754,-0.5520595000002686,-1.4104220000003806,-0.17044699999996737,-0.790434500000174
2023-08-10 21:00:00,-0.35995599999978367,-0.9768289999997251,-0.6683924999997544,-0.8026090000003023,-0.30254100000001927,-0.5525750000001608,-1.4148399999999128,-0.17014599999993152,-0.7924929999999222
2023-08-10 21:30:00,-0.3642370000002302,-0.981510999999955,-0.6728740000000926,-0.799348000000009,-0.3020160000000942,-0.5506820000000516,-1.4098519999997734,-0.16945099999975355,-0.7896514999997635
2023-08-10 22:00:00,-0.363126000000193,-0.9785809999998492,-0.6708535000000211,-0.800546000000395,-0.3007950000001074,-0.5506705000002512,-1.415114000000358,-0.17189300000018193,-0.7935035000002699
2023-08-10 22:15:00,-0.3617669999998725,-0.9768330000001697,-0.6693000000000211,-0.7983310000004167,-0.3007970000003297,-0.5495640000003732,-1.4111609999999928,-0.17189299999972718,-0.79152699999986
2023-08-10 22:30:00,-0.3631380000001627,-0.979881000000205,-0.6715095000001838,-0.7938990000002377,-0.3015300000001844,-0.547714500000211,-1.4015049999998155,-0.1697269999999662,-0.7856159999998908
2023-08-10 23:45:00,-0.3624760000002425,-0.98174999999992,-0.6721130000000812,-0.7999260000001414,-0.304012000000057,-0.5519690000000992,-1.4086809999998877,-0.16930999999976848,-0.7889954999998281
2023-08-11 00:00:00,-0.36422499999980573,-0.9810400000001209,-0.6726324999999633,-0.7999260000001414,-0.30327900000020236,-0.5516025000001719,-1.406930999999986,-0.1679769999996097,-0.7874539999997978
2023-08-11 00:15:00,-0.36623499999996056,-0.9832590000000891,-0.6747470000000249,-0.799612999999681,-0.3037739999999758,-0.5516934999998284,-1.4089460000000145,-0.17119899999988775,-0.7900724999999511
2023-08-11 00:45:00,-0.36740800000006857,-0.9839680000000044,-0.6756880000000365,-0.8007840000000215,-0.3027580000002672,-0.5517710000001443,-1.4072069999997439,-0.16612399999985428,-0.7866654999997991
2023-08-11 01:00:00,-0.3656590000000506,-0.9832619999997405,-0.6744604999998955,-0.7978650000000016,-0.30260700000008,-0.5502360000000408,-1.4083669999999984,-0.17120199999999386,-0.7897844999999961
2023-08-11 02:00:00,-0.3674070000001848,-0.9848879999999554,-0.6761475000000701,-0.7978639999996631,-0.30134099999986574,-0.5496024999997644,-1.4089559999997618,-0.1697639999997591,-0.7893599999997605
2023-08-11 02:15:00,-0.3677980000002208,-0.9815100000000712,-0.674654000000146,-0.7991480000000593,-0.30260500000031243,-0.5508765000001858,-1.4067529999997532,-0.17003999999997177,-0.7883964999998625
2023-08-11 02:30:00,-0.36663799999996627,-0.9839680000000044,-0.6753029999999853,-0.7991459999998369,-0.3044969999996283,-0.5518214999997326,-1.4067499999996471,-0.17078199999969002,-0.7887659999996686
2023-08-11 02:45:00,-0.36779599999999846,-0.9815099999996164,-0.6746529999998074,-0.8003210000001673,-0.3037650000001122,-0.5520430000001397,-1.4079360000000634,-0.17119999999977153,-0.7895679999999174
2023-08-11 03:00:00,-0.36954500000001644,-0.9841940000001159,-0.6768695000000662,-0.7991510000001654,-0.30410200000005716,-0.5516265000001113,-1.4079349999997248,-0.17308699999966848,-0.7905109999996967
2023-08-11 03:15:00,-0.36637500000006185,-0.9849020000001474,-0.6756385000001046,-0.7959590000000389,-0.30133500000010827,-0.5486470000000736,-1.4082240000002457,-0.1714999999999236,-0.7898620000000847
2023-08-11 03:45:00,-0.3681850000002669,-0.9831520000002456,-0.6756685000002562,-0.7969330000000809,-0.30308400000012625,-0.5500085000001036,-1.4028090000001612,-0.16975000000002183,-0.7862795000000915
2023-08-11 05:30:00,-0.36462699999992765,-0.9831529999996746,-0.6738899999998011,-0.7977080000000569,-0.30308500000001004,-0.5503965000000335,-1.4082240000002457,-0.17150100000026214,-0.7898625000002539
2023-08-11 07:00:00,-0.36604799999986426,-0.9831389999999374,-0.6745934999999008,-0.8008960000001935,-0.306590000000142,-0.5537430000001677,-1.4050009999996291,-0.1697639999997591,-0.7873824999996941
2023-08-11 07:15:00,-0.36565599999994447,-0.9807989999999336,-0.673227499999939,-0.7996119999997973,-0.3036199999996825,-0.5516159999997399,-1.4101140000002488,-0.17336599999998725,-0.791740000000118
2023-08-11 07:30:00,-0.3635159999998905,-0.9855980000002091,-0.6745570000000498,-0.8000800000004347,-0.3038240000000769,-0.5519520000002558,-1.4140700000002653,-0.17225600000028862,-0.793163000000277
2023-08-11 08:00:00,-0.36701499999981024,-0.9857170000000224,-0.6763659999999163,-0.8018280000001141,-0.3033370000002833,-0.5525825000001987,-1.4123170000002574,-0.169032000000243,-0.7906745000002502
2023-08-11 09:15:00,-0.36500500000011016,-0.983494999999948,-0.6742500000000291,-0.8050600000001396,-0.3057670000002872,-0.5554135000002134,-1.4137940000000526,-0.1693119999999908,-0.7915530000000217
2023-08-11 11:00:00,-0.3634470000001784,-0.9779880000000958,-0.6707175000001371,-0.807278000000224,-0.30488199999990684,-0.5560800000000654,-1.4189180000003034,-0.17189600000028804,-0.7954070000002957
2023-08-11 12:15:00,-0.36065300000018397,-0.9816160000000309,-0.6711345000001074,-0.8050229999998919,-0.30036599999993996,-0.5526944999999159,-1.4236399999999776,-0.1685709999997016,-0.7961054999998396
2023-08-11 13:00:00,-0.35949399999981324,-0.9796419999997852,-0.6695679999997992,-0.8050249999996595,-0.30012399999986883,-0.5525744999997642,-1.4224730000000818,-0.1675399999999172,-0.7950064999999995
2023-08-11 13:15:00,-0.3573519999999917,-0.9796409999999014,-0.6684964999999465,-0.8054889999998522,-0.30012299999998504,-0.5528059999999186,-1.4264239999997699,-0.16928699999971286,-0.7978554999997414
2023-08-11 13:45:00,-0.36208399999986796,-0.9803320000000895,-0.6712079999999787,-0.8064600000002429,-0.3025460000003477,-0.5545030000002953,-1.4209969999997156,-0.1689749999995911,-0.7949859999996534
2023-08-11 14:00:00,-0.3614469999997709,-0.9767139999999017,-0.6690804999998363,-0.8040780000001178,-0.3023940000002767,-0.5532360000001972,-1.417461000000003,-0.1711409999998068,-0.7943009999999049
2023-08-11 14:15:00,-0.35891599999968093,-0.9790519999996832,-0.668983999999682,-0.8032610000000204,-0.29836399999976493,-0.5508124999998927,-1.4241969999998219,-0.16927899999973306,-0.7967379999997775
2023-08-11 14:45:00,-0.35748599999988073,-0.9790539999999055,-0.6682699999998931,-0.8064939999999297,-0.30128500000000713,-0.5538894999999684,-1.4233439999998154,-0.1669499999998152,-0.7951469999998153
2023-08-11 15:00:00,-0.35748499999999694,-0.9797599999997146,-0.6686224999998558,-0.8064930000000459,-0.3002669999996215,-0.5533799999998337,-1.4250929999998334,-0.16653299999961746,-0.7958129999997254
2023-08-11 15:30:00,-0.3572239999998601,-0.98069600000008,-0.66895999999997,-0.8085640000003878,-0.3023630000002413,-0.5554635000003145,-1.4265759999998409,-0.16726099999959843,-0.7969184999997196
2023-08-11 16:00:00,-0.35903300000018135,-0.978472000000238,-0.6687525000002097,-0.8060379999997167,-0.30129299999998693,-0.5536654999998518,-1.4217399999997724,-0.1675399999999172,-0.7946399999998448
2023-08-11 16:15:00,-0.35761500000035085,-0.9760140000003048,-0.6668145000003278,-0.8080959999997503,-0.3023089999996955,-0.5552024999997229,-1.4214509999997063,-0.16620599999987462,-0.7938284999997904
2023-08-11 17:00:00,-0.35760400000026493,-0.9765929999998662,-0.6670985000000655,-0.8075059999996483,-0.3023079999998117,-0.55490699999973,-1.4231909999998607,-0.1685339999999087,-0.7958624999998847
2023-08-11 18:30:00,-0.359421999999995,-0.9825590000000375,-0.6709905000000163,-0.8020699999997305,-0.30076099999996586,-0.5514154999998482,-1.416034999999738,-0.16509499999983746,-0.7905649999997877
2023-08-11 19:15:00,-0.36215500000025713,-0.9799870000001647,-0.6710710000002109,-0.7986839999998665,-0.29813100000001214,-0.5484074999999393,-1.414397999999892,-0.16825499999958993,-0.7913264999997409
2023-08-11 20:00:00,-0.3604049999999006,-0.9806950000001962,-0.6705500000000484,-0.8021820000003572,-0.3023620000003575,-0.5522720000003574,-1.4167270000002645,-0.17016800000010335,-0.7934475000001839
2023-08-11 21:15:00,-0.3599549999998999,-0.9785769999998593,-0.6692659999998796,-0.7991080000001602,-0.3007930000003398,-0.54995050000025,-1.4119179999997868,-0.16897699999981342,-0.7904474999998001
2023-08-11 23:30:00,-0.359813000000031,-0.9809049999998933,-0.6703589999999622,-0.7998410000000149,-0.3031310000001213,-0.5514860000000681,-1.4155550000000403,-0.1736439999999675,-0.7945995000000039
2023-08-12 01:00:00,-0.3620850000002065,-0.9800930000001244,-0.6710890000001655,-0.7968909999999596,-0.30114000000003216,-0.5490154999999959,-1.4120410000000447,-0.17378400000006877,-0.7929125000000568
2023-08-12 02:15:00,-0.3634430000001885,-0.9820800000002237,-0.6727615000002061,-0.8043550000002142,-0.30604399999992893,-0.5551995000000716,-1.416584999999941,-0.17364199999974517,-0.795113499999843
2023-08-12 04:00:00,-0.3599549999998999,-0.979171999999835,-0.6695634999998674,-0.8037749999998596,-0.3060449999998127,-0.5549099999998361,-1.416005000000041,-0.1736439999999675,-0.7948245000000043
2023-08-12 05:00:00,-0.3599540000000161,-0.9800930000001244,-0.6700235000000703,-0.8020239999996193,-0.3057979999998679,-0.5539109999997436,-1.4130839999997988,-0.17261399999961213,-0.7928489999997055
2023-08-12 05:15:00,-0.3620930000001863,-0.9800910000003569,-0.6710920000002716,-0.7998079999997572,-0.3040469999996276,-0.5519274999996924,-1.4120490000000245,-0.17378199999984645,-0.7929154999999355
2023-08-12 05:30:00,-0.36021500000015294,-0.9808010000001559,-0.6705080000001544,-0.797624000000269,-0.30186200000025565,-0.5497430000002623,-1.4133600000000115,-0.17336499999964872,-0.7933624999998301
2023-08-12 05:45:00,-0.3599429999999302,-0.9785799999999654,-0.6692614999999478,-0.7991050000000541,-0.3007950000001074,-0.5499500000000808,-1.4148329999998168,-0.1718919999998434,-0.7933624999998301
2023-08-12 06:15:00,-0.3639069999999265,-0.9819609999999557,-0.6729339999999411,-0.80136100000027,-0.3082810000000791,-0.5548210000001745,-1.4089530000001105,-0.17511800000011135,-0.7920355000001109
2023-08-12 06:30:00,-0.3613749999999527,-0.9778719999999339,-0.6696234999999433,-0.8005440000001727,-0.3035620000000563,-0.5520530000001145,-1.41336100000035,-0.17406100000016522,-0.7937110000002576
2023-08-12 07:00:00,-0.3640940000000228,-0.9801969999998619,-0.6721454999999423,-0.8018270000002303,-0.3070670000001883,-0.5544470000002093,-1.411145999999917,-0.17581199999995079,-0.7934789999999339
2023-08-12 07:30:00,-0.36526599999979226,-0.982785000000149,-0.6740254999999706,-0.8047360000000481,-0.3079429999997956,-0.5563394999999218,-1.412315000000035,-0.17264700000032462,-0.7924810000001798
2023-08-12 08:00:00,-0.3639050000001589,-0.9785750000000917,-0.6712400000001253,-0.797860999999557,-0.30254999999988286,-0.5502054999997199,-1.4101120000000265,-0.1748130000000856,-0.792462500000056
2023-08-12 08:30:00,-0.35949299999992945,-0.9798660000001291,-0.6696795000000293,-0.8024500000001353,-0.30502400000023044,-0.5537370000001829,-1.4152720000001864,-0.17264700000032462,-0.7939595000002555
2023-08-12 09:15:00,-0.3655250000001615,-0.9804340000000593,-0.6729795000001104,-0.7997690000001967,-0.3049710000000232,-0.5523700000001099,-1.4108649999998306,-0.1762629999998353,-0.793563999999833
2023-08-12 10:45:00,-0.3627329999999347,-0.980431999999837,-0.6715824999998858,-0.8039199999998345,-0.3049700000001394,-0.554444999999987,-1.417895000000044,-0.17451300000038827,-0.7962040000002162
2023-08-12 11:30:00,-0.3627329999999347,-0.979616999999962,-0.6711749999999483,-0.8045099999999366,-0.30531699999983175,-0.5549134999998842,-1.4173060000002806,-0.174062000000049,-0.7956840000001648
2023-08-12 11:45:00,-0.3595559999998841,-0.9786890000000312,-0.6691224999999577,-0.8059920000000602,-0.30672499999991487,-0.5563584999999875,-1.418199000000186,-0.17333199999984572,-0.7957655000000159
2023-08-12 12:00:00,-0.3591630000000805,-0.9779789999997774,-0.668570999999929,-0.8047080000001188,-0.30424100000027465,-0.5544745000001967,-1.419242999999824,-0.17258899999978894,-0.7959159999998064
2023-08-12 12:15:00,-0.36266399999976784,-0.983831999999893,-0.6732479999998304,-0.8064589999999043,-0.3054659999997966,-0.5559624999998505,-1.4209940000000643,-0.17189400000006572,-0.796444000000065
2023-08-12 12:30:00,-0.36130499999990207,-0.9786880000001474,-0.6699965000000248,-0.8048230000003969,-0.3038050000000112,-0.554314000000204,-1.4170409999996991,-0.17042199999968943,-0.7937314999996943
2023-08-12 13:15:00,-0.35715299999992567,-0.9767010000000482,-0.666926999999987,-0.8067710000000261,-0.3041480000001684,-0.5554595000000973,-1.4218889999997373,-0.1711529999997765,-0.7965209999997569
2023-08-12 14:15:00,-0.3611140000002706,-0.9778719999999339,-0.6694930000001023,-0.8055250000002161,-0.30706099999997605,-0.5562930000000961,-1.414835999999923,-0.172888999999941,-0.793862499999932
2023-08-12 15:00:00,-0.3574820000003456,-0.9800930000001244,-0.668787500000235,-0.8064900000003945,-0.30404800000042087,-0.5552690000004077,-1.4233399999998255,-0.17086399999971036,-0.7971019999997679
2023-08-12 15:15:00,-0.3574239999998099,-0.980801999999585,-0.6691129999996974,-0.8047090000000026,-0.30478199999970457,-0.5547454999998536,-1.41924599999993,-0.17044699999996737,-0.7948464999999487
2023-08-12 16:00:00,-0.3567729999999756,-0.9819710000001578,-0.6693720000000667,-0.8054740000002312,-0.30303200000025754,-0.5542530000002444,-1.4264000000002852,-0.17219599999998536,-0.7992980000001353
2023-08-12 16:30:00,-0.3569040000002133,-0.9795140000001084,-0.6682090000001608,-0.804740000000038,-0.30229899999994814,-0.5535194999999931,-1.4268380000003162,-0.17436300000008487,-0.8006005000002006
2023-08-12 16:45:00,-0.358136000000286,-0.977636000000075,-0.6678860000001805,-0.8045420000003105,-0.30506500000001324,-0.5548035000001619,-1.4202430000000277,-0.1747810000001664,-0.797512000000097
2023-08-12 17:30:00,-0.3559930000001259,-0.9783440000001065,-0.6671685000001162,-0.8020980000001146,-0.30113900000014837,-0.5516185000001315,-1.4224440000002687,-0.1726120000002993,-0.797528000000284
2023-08-12 19:00:00,-0.3575559999999314,-0.9795139999996536,-0.6685349999997925,-0.8027930000002925,-0.30404900000030466,-0.5534210000002986,-1.4202430000000277,-0.17436399999996866,-0.7973034999999982
2023-08-12 19:30:00,-0.3560629999997218,-0.9784729999996671,-0.6672679999996944,-0.7978229999998803,-0.29953199999999924,-0.5486774999999398,-1.4187900000001719,-0.17336500000010346,-0.7960775000001377
2023-08-12 20:45:00,-0.3595540000001165,-0.9791580000000977,-0.6693560000001071,-0.799572999999782,-0.29963199999974677,-0.5496024999997644,-1.4170399999998153,-0.170734999999695,-0.7938874999997552
2023-08-12 23:00:00,-0.3629909999999654,-0.9810259999999289,-0.6720084999999472,-0.8007000000002336,-0.30380300000024363,-0.5522515000002386,-1.4135240000000522,-0.17333900000039648,-0.7934315000002243
2023-08-12 23:15:00,-0.3629909999999654,-0.9817350000002989,-0.6723630000001322,-0.8024500000001353,-0.30453699999998207,-0.5534935000000587,-1.415273999999954,-0.172921999999744,-0.794097999999849
2023-08-13 00:00:00,-0.361243000000286,-0.9784630000003744,-0.6698530000003302,-0.7995310000001155,-0.3023910000001706,-0.550961000000143,-1.4152619999999843,-0.17521700000042983,-0.795239500000207
2023-08-13 00:15:00,-0.36338100000011764,-0.9810139999999592,-0.6721975000000384,-0.8025630000001911,-0.31074900000021444,-0.5566560000002028,-1.4130589999999756,-0.18161499999996522,-0.7973369999999704
2023-08-13 00:30:00,-0.3633829999998852,-0.9784270000000106,-0.6709049999999479,-0.7984850000002552,-0.3075349999999162,-0.5530100000000857,-1.4113189999998212,-0.18303900000000795,-0.7971789999999146
2023-08-13 01:15:00,-0.367272999999841,-0.9788789999997789,-0.6730759999998099,-0.8015179999997599,-0.31145999999989726,-0.5564889999998286,-1.4108660000001692,-0.18636599999990722,-0.7986160000000382
2023-08-13 01:30:00,-0.3633820000000014,-0.9776969999998073,-0.6705394999999044,-0.8002329999999347,-0.31315700000004654,-0.5566949999999906,-1.4130669999999554,-0.19173100000034538,-0.8023990000001504
2023-08-13 02:00:00,-0.3698030000000472,-0.9750970000000052,-0.6724500000000262,-0.7970850000001519,-0.31513700000004974,-0.5561110000001008,-1.4029570000002423,-0.19618100000025152,-0.7995690000002469
2023-08-13 02:15:00,-0.3655229999999392,-0.976987999999892,-0.6712554999999156,-0.7968580000001566,-0.3112650000002759,-0.5540615000002163,-1.4079440000000432,-0.19097899999997026,-0.7994615000000067
2023-08-13 02:45:00,-0.37155299999994895,-0.9777819999999338,-0.6746674999999414,-0.7976750000002539,-0.3172340000000986,-0.5574545000001763,-1.4052860000001601,-0.20039799999995012,-0.8028420000000551
2023-08-13 03:00:00,-0.37097499999981665,-0.9734370000001036,-0.6722059999999601,-0.8005800000000818,-0.3227060000003803,-0.561643000000231,-1.4046840000000884,-0.20658499999990454,-0.8056344999999965
2023-08-13 03:15:00,-0.3733750000001237,-0.9754240000002028,-0.6743995000001632,-0.7968980000000556,-0.3223720000000867,-0.5596350000000712,-1.3998599999999897,-0.20761799999991126,-0.8037389999999505
2023-08-13 03:45:00,-0.3777900000000045,-0.9698979999998301,-0.6738439999999173,-0.79696899999999,-0.3277929999999287,-0.5623809999999594,-1.394698999999946,-0.21800100000018574,-0.8063500000000658
2023-08-13 04:00:00,-0.3773980000000847,-0.9691870000001472,-0.673292500000116,-0.7974340000000666,-0.3270590000001903,-0.5622465000001284,-1.3986519999998563,-0.2201669999999467,-0.8094094999999015
2023-08-13 04:15:00,-0.3805669999997008,-0.9715390000001207,-0.6760529999999108,-0.7959559999999328,-0.323613000000023,-0.5597844999999779,-1.3971919999999045,-0.2159719999999652,-0.8065819999999349
2023-08-13 04:30:00,-0.377386000000115,-0.9710770000001503,-0.6742315000001327,-0.7956869999998162,-0.3225959999999759,-0.559141499999896,-1.3980850000002647,-0.21380600000020422,-0.8059455000002345
2023-08-13 04:45:00,-0.3797879999997349,-0.9715489999998681,-0.6756684999998015,-0.7954899999999725,-0.32367199999998775,-0.5595809999999801,-1.3932389999999941,-0.212369000000308,-0.8028040000001511
2023-08-13 05:00:00,-0.38166899999987436,-0.9831229999999778,-0.6823959999999261,-0.7965060000001358,-0.30706099999997605,-0.5517835000000559,-1.395430000000033,-0.17871700000023338,-0.7870735000001332
2023-08-13 05:30:00,-0.36954500000001644,-0.985580999999911,-0.6775629999999637,-0.7973959999999352,-0.30604500000026746,-0.5517205000001013,-1.4061599999999999,-0.17655000000013388,-0.7913550000000669
2023-08-13 06:15:00,-0.37311499999987063,-0.985707999999704,-0.6794114999997873,-0.7966169999999693,-0.30444600000009814,-0.5505315000000337,-1.403060000000096,-0.17438200000015058,-0.7887210000001232
2023-08-13 06:30:00,-0.3752549999999246,-0.98581299999978,-0.6805339999998523,-0.7961500000001251,-0.3057050000002164,-0.5509275000001708,-1.4002770000001874,-0.1758300000001327,-0.7880535000001601
2023-08-13 07:00:00,-0.37097700000003897,-0.9858159999998861,-0.6783964999999625,-0.7988330000002861,-0.3074570000003405,-0.5531450000003133,-1.4046860000003107,-0.1758319999999003,-0.7902590000001055
2023-08-13 07:15:00,-0.37155299999994895,-0.9826469999998153,-0.6770999999998821,-0.7976750000002539,-0.30599000000029264,-0.5518325000002733,-1.405287000000044,-0.17841600000019753,-0.7918515000001207
2023-08-13 07:30:00,-0.368181999999706,-0.9862769999999728,-0.6772294999998394,-0.8000770000003286,-0.3067240000000311,-0.5534005000001798,-1.4123180000001412,-0.1779989999999998,-0.7951585000000705
2023-08-13 08:30:00,-0.3565670000002683,-0.9906340000002274,-0.6736005000002478,-0.8009270000002289,-0.3030420000000049,-0.5519845000001169,-1.41896399999996,-0.16644499999983964,-0.7927044999998998
2023-08-13 08:45:00,-0.3612389999998413,-0.9933689999998023,-0.6773039999998218,-0.7995289999998931,-0.29660499999999956,-0.5480669999999463,-1.4106030000002647,-0.15097600000035527,-0.78078950000031
2023-08-13 09:00:00,-0.3651310000000194,-0.9959680000001754,-0.6805495000000974,-0.8025619999998526,-0.2946230000002288,-0.5485925000000407,-1.4101479999999356,-0.1430259999997361,-0.7765869999998358
2023-08-13 09:15:00,-0.3629909999999654,-1.0023449999998775,-0.6826679999999214,-0.7995310000001155,-0.28197399999999107,-0.5407525000000533,-1.412354999999934,-0.12352399999963382,-0.767939499999784
2023-08-13 09:30:00,-0.36007000000017797,-1.0030609999998887,-0.6815655000000334,-0.7995290000003479,-0.28101599999990867,-0.5402725000001283,-1.4106039999996938,-0.11775499999976091,-0.7641794999997273
2023-08-13 09:45:00,-0.3627300000002833,-1.0016370000003008,-0.682183500000292,-0.8027609999999186,-0.28474000000005617,-0.5437504999999874,-1.4167469999997593,-0.1274399999997513,-0.7720934999997553
2023-08-13 10:00:00,-0.362728000000061,-1.0016359999999622,-0.6821820000000116,-0.8027610000003733,-0.2847390000001724,-0.5437500000002728,-1.4149979999997413,-0.12568999999984953,-0.7703439999997954
2023-08-13 10:15:00,-0.35883899999998903,-1.0008510000002389,-0.6798450000001139,-0.8014769999999771,-0.2787790000002133,-0.5401280000000952,-1.4189510000001064,-0.11977900000010777,-0.7693650000001071
2023-08-13 10:30:00,-0.36059000000022934,-1.0042310000003454,-0.6824105000002874,-0.8049780000001192,-0.2827660000002652,-0.5438720000001922,-1.418952999999874,-0.11950499999966269,-0.7692289999997683
2023-08-13 10:45:00,-0.3584480000004078,-1.0001430000002074,-0.6792955000003076,-0.8066149999999652,-0.28271700000004785,-0.5446660000000065,-1.4240669999999227,-0.12310699999989083,-0.7735869999999068
2023-08-13 11:15:00,-0.35805800000025556,-0.9937670000003891,-0.6759125000003223,-0.8076599999999416,-0.2906980000002477,-0.5491790000000947,-1.426270000000386,-0.14085900000009133,-0.7835645000002387
2023-08-13 11:45:00,-0.3563080000003538,-0.9878660000003947,-0.6720870000003742,-0.8070800000000418,-0.3003390000003492,-0.5537095000001955,-1.4245200000000295,-0.15891200000032768,-0.7917160000001786
2023-08-13 12:00:00,-0.35844900000029156,-0.9807820000000902,-0.6696155000001909,-0.8054449999999633,-0.3093370000001414,-0.5573910000000524,-1.4211579999996502,-0.17942300000004252,-0.8002904999998464
2023-08-13 13:00:00,-0.360979000000043,-0.9838279999999031,-0.6724034999999731,-0.8027619999998024,-0.307788999999957,-0.5552754999998797,-1.4167480000000978,-0.1765610000002198,-0.7966545000001588
2023-08-13 15:00:00,-0.3569590000001881,-0.9826720000000932,-0.6698155000001407,-0.8022120000000541,-0.306622999999945,-0.5544174999999996,-1.4196710000001076,-0.1765490000002501,-0.7981100000001788
2023-08-13 15:45:00,-0.363119000000097,-0.9826459999999315,-0.6728825000000143,-0.8005459999999402,-0.3077360000002045,-0.5541410000000724,-1.4110459999997147,-0.1766779999998107,-0.7938619999997627
2023-08-13 16:15:00,-0.3605899999997746,-0.9835909999997057,-0.6720904999997401,-0.8061330000000453,-0.3092940000001363,-0.5577135000000908,-1.4189289999999346,-0.17552999999998065,-0.7972294999999576
2023-08-13 16:30:00,-0.3609830000000329,-0.9824119999998402,-0.6716974999999366,-0.7992619999999988,-0.3063340000003336,-0.5527980000001662,-1.4149770000003628,-0.17914600000040082,-0.7970615000003818
2023-08-13 16:45:00,-0.3609809999998106,-0.9806610000000546,-0.6708209999999326,-0.8027600000000348,-0.30808200000001307,-0.5554210000000239,-1.4149790000001303,-0.1773960000000443,-0.7961875000000873
2023-08-13 17:00:00,-0.35767200000009325,-0.977031999999781,-0.6673519999999371,-0.8014769999999771,-0.3056000000001404,-0.5535385000000588,-1.4177620000000388,-0.1783930000001419,-0.7980775000000904
2023-08-13 17:15:00,-0.35767200000009325,-0.977741000000151,-0.6677065000001221,-0.8014770000004319,-0.3045830000000933,-0.5530300000002626,-1.4206810000000587,-0.17914500000006228,-0.7999130000000605
2023-08-13 17:30:00,-0.35728000000017346,-0.9801980000002004,-0.6687390000001869,-0.8036919999999554,-0.3053149999996094,-0.5545034999997824,-1.4199650000000474,-0.1740580000000591,-0.7970115000000533
2023-08-13 18:15:00,-0.35948999999982334,-0.9796179999998458,-0.6695539999998346,-0.801288999999997,-0.30706400000008216,-0.5541765000000396,-1.412354999999934,-0.1752270000001772,-0.7937910000000556
2023-08-13 18:30:00,-0.3627300000002833,-0.9814900000001217,-0.6721100000002025,-0.8045130000000427,-0.3083200000000943,-0.5564165000000685,-1.4179090000002361,-0.17841400000042995,-0.798161500000333
2023-08-13 18:45:00,-0.37893499999972846,-0.9963069999998879,-0.6876209999998082,-0.7975419999997939,-0.3191069999998035,-0.5583244999997987,-1.3958749999997053,-0.18690299999980198,-0.7913889999997537
2023-08-13 19:00:00,-0.3781579999999849,-0.9830150000002504,-0.6805865000001177,-0.7970770000001721,-0.3070099999999911,-0.5520435000000816,-1.3907619999999952,-0.17074700000011944,-0.7807545000000573
2023-08-13 19:15:00,-0.37763700000004974,-0.9723380000000361,-0.6749875000000429,-0.8002689999998438,-0.29911700000002384,-0.5496929999999338,-1.4078899999999521,-0.17616899999984525,-0.7920294999998987
2023-08-13 19:30:00,-0.3679059999999481,-0.9637939999997798,-0.6658499999998639,-0.8038820000001579,-0.2986679999999069,-0.5512750000000324,-1.4167050000000927,-0.17742200000020603,-0.7970635000001494
2023-08-13 19:45:00,-0.3673249999997097,-0.9579549999998562,-0.662639999999783,-0.8021340000000237,-0.2945279999999002,-0.5483309999999619,-1.4132070000000567,-0.17344500000035623,-0.7933260000002065
2023-08-13 20:00:00,-0.3622049999999035,-0.9574939999997696,-0.6598494999998366,-0.8103730000002543,-0.29876000000012937,-0.5545665000001918,-1.4208260000000337,-0.17127800000025672,-0.7960520000001452
2023-08-13 20:30:00,-0.3632439999996677,-0.9548949999998513,-0.6590694999997595,-0.8105299999997442,-0.30072999999993044,-0.5556299999998373,-1.4233189999999922,-0.1792179999997643,-0.8012684999998783
2023-08-13 21:00:00,-0.3764729999998053,-0.9597539999999753,-0.6681134999998903,-0.809835000000021,-0.3101459999998042,-0.5599904999999126,-1.4203389999997853,-0.19867100000010396,-0.8095049999999446
2023-08-13 21:15:00,-0.3700539999999819,-0.9563759999996364,-0.6632149999998092,-0.8129839999996875,-0.30966199999966193,-0.5613229999996747,-1.4287019999997028,-0.19894999999996799,-0.8138259999998354
2023-08-13 21:30:00,-0.3665539999997236,-0.9528779999996004,-0.659715999999662,-0.8094859999996515,-0.3061619999998584,-0.557823999999755,-1.4269540000000234,-0.1971979999998439,-0.8120759999999336
2023-08-13 21:45:00,-0.365067000000181,-0.955337999999756,-0.6602024999999685,-0.8080039999999826,-0.30864599999995335,-0.558324999999968,-1.419061000000056,-0.19328500000028725,-0.8061730000001717
2023-08-13 22:00:00,-0.36545799999976225,-0.9534519999997428,-0.6594549999997525,-0.8092870000000403,-0.3148529999998573,-0.5620699999999488,-1.4168580000000475,-0.20080400000006193,-0.8088310000000547
2023-08-13 22:15:00,-0.3714869999998882,-0.9544919999998456,-0.6629894999998669,-0.80193700000018,-0.30945199999996476,-0.5556945000000724,-1.4142010000000482,-0.2047210000000632,-0.8094610000000557
2023-08-13 22:30:00,-0.3621459999999388,-0.9546300000001793,-0.658388000000059,-0.8068339999999807,-0.31141299999990224,-0.5591234999999415,-1.4178930000002765,-0.19720099999995,-0.8075470000001133
2023-08-13 22:45:00,-0.3625390000001971,-0.9497139999998581,-0.6561265000000276,-0.8046190000000024,-0.30994700000019293,-0.5572830000000977,-1.4156889999999294,-0.19978600000013103,-0.8077375000000302
2023-08-13 23:15:00,-0.3622780000000603,-0.9512079999999514,-0.6567430000000058,-0.8031820000001062,-0.3119729999998526,-0.5575774999999794,-1.4165820000002896,-0.2052800000001298,-0.8109310000002097
2023-08-13 23:30:00,-0.3607170000000224,-0.9508409999998548,-0.6557789999999386,-0.8065660000002026,-0.3162520000000768,-0.5614090000001397,-1.419365000000198,-0.20875800000021627,-0.8140615000002072
2023-08-13 23:45:00,-0.3642890000000989,-0.9523560000002362,-0.6583225000001676,-0.8046199999998862,-0.31716999999980544,-0.5608949999998458,-1.4156889999999294,-0.21122600000035163,-0.8134575000001405
2023-08-14 00:00:00,-0.36071799999990617,-0.9487169999997604,-0.6547174999998333,-0.8036499999998341,-0.31638399999974354,-0.5600169999997888,-1.419369000000188,-0.21525900000006004,-0.817314000000124
2023-08-14 00:15:00,-0.36110599999983606,-0.9539999999997235,-0.6575529999997798,-0.7996819999998479,-0.31415900000001784,-0.5569204999999329,-1.4154130000001715,-0.21094700000003286,-0.8131800000001022
2023-08-14 00:30:00,-0.36643000000003667,-0.9543750000002547,-0.6604025000001457,-0.8024040000000241,-0.311109000000215,-0.5567565000001196,-1.413485000000037,-0.2026970000001711,-0.808091000000104
2023-08-14 00:45:00,-0.3607160000001386,-0.9597669999998288,-0.6602414999999837,-0.8036480000000665,-0.3118960000001607,-0.5577720000001136,-1.4176170000000639,-0.19866300000012416,-0.808140000000094
2023-08-14 01:00:00,-0.3581850000000486,-0.960472999999638,-0.6593289999998433,-0.8063279999996666,-0.31087799999977506,-0.5586029999997209,-1.422023000000081,-0.19474700000000666,-0.8083850000000439
2023-08-14 01:15:00,-0.3546839999999065,-0.9562660000001415,-0.655475000000024,-0.8028300000000854,-0.3083959999999024,-0.5556129999999939,-1.419104999999945,-0.1939950000000863,-0.8065500000000156
2023-08-14 01:30:00,-0.3661689999998998,-0.9632970000002388,-0.6647330000000693,-0.8021380000000136,-0.3079299999999421,-0.5550339999999778,-1.4114620000000286,-0.18969700000025114,-0.8005795000001399
2023-08-14 01:45:00,-0.3664290000001529,-0.961652999999842,-0.6640409999999974,-0.8041530000000421,-0.3109380000000783,-0.5575455000000602,-1.408816999999999,-0.18997500000023138,-0.7993960000001152
2023-08-14 02:30:00,-0.36817999999993845,-0.9638700000000426,-0.6660249999999905,-0.8006560000003446,-0.30962200000021767,-0.5551390000002812,-1.4105690000001232,-0.19505100000014863,-0.8028100000001359
2023-08-14 02:45:00,-0.3621480000001611,-0.9614099999998871,-0.6617790000000241,-0.8050859999998465,-0.314136999999846,-0.5596114999998463,-1.414972999999918,-0.1972169999999096,-0.8060949999999139
2023-08-14 03:15:00,-0.36285700000007637,-0.9629340000001321,-0.6628955000001042,-0.80318299999999,-0.31161299999985204,-0.557397999999921,-1.4124959999999191,-0.19316200000002937,-0.8028289999999743
2023-08-14 03:30:00,-0.36817999999993845,-0.9644379999999728,-0.6663089999999556,-0.8006559999998899,-0.3130679999999302,-0.55686199999991,-1.4099879999998848,-0.19983499999989363,-0.8049114999998892
2023-08-14 04:15:00,-0.3617580000000089,-0.9652829999999994,-0.6635205000000042,-0.8038040000001274,-0.30934400000023743,-0.5565740000001824,-1.41834899999958,-0.19189799999958268,-0.8051234999995813
2023-08-14 04:30:00,-0.36240799999995943,-0.9652839999998832,-0.6638459999999213,-0.798949999999877,-0.3081750000001193,-0.5535624999999982,-1.411775999999918,-0.19189899999992122,-0.8018374999999196
2023-08-14 05:15:00,-0.3603969999999208,-0.9648200000001452,-0.662608500000033,-0.801586000000043,-0.30890499999986787,-0.5552454999999554,-1.4143950000002405,-0.19031100000029255,-0.8023530000002665
2023-08-14 05:30:00,-0.36428799999976036,-0.9641120000001138,-0.6641999999999371,-0.8011219999998502,-0.308172999999897,-0.5546474999998736,-1.412192000000232,-0.19072800000003554,-0.8014600000001337
2023-08-14 05:45:00,-0.3633079999999609,-0.966548999999759,-0.6649284999998599,-0.8015880000002653,-0.31060400000023947,-0.5560960000002524,-1.416146000000026,-0.19567800000004354,-0.8059120000000348
2023-08-14 06:00:00,-0.3603869999997187,-0.9633829999997943,-0.6618849999997565,-0.8004310000001169,-0.31263699999999517,-0.556534000000056,-1.414408000000094,-0.199420999999802,-0.806914499999948
2023-08-14 06:15:00,-0.3581170000002203,-0.9581180000000131,-0.6581175000001167,-0.8045510000001741,-0.3160280000001876,-0.5602895000001809,-1.4190919999996368,-0.20488699999987148,-0.8119894999997541
2023-08-14 06:30:00,-0.3631769999997232,-0.9591550000000097,-0.6611659999998665,-0.8023360000001958,-0.3141319999999723,-0.558234000000084,-1.4168890000000829,-0.20589800000016112,-0.811393500000122
2023-08-14 06:45:00,-0.35915799999975206,-0.9597269999999298,-0.659442499999841,-0.8035350000000108,-0.3193220000002839,-0.5614285000001473,-1.41982199999984,-0.21241999999983818,-0.8161209999998391
2023-08-14 07:00:00,-0.36129799999980605,-0.9590189999998984,-0.6601584999998522,-0.804229999999734,-0.32149900000013076,-0.5628644999999324,-1.4176189999998314,-0.2145869999999377,-0.8161029999998846
2023-08-14 07:15:00,-0.3616870000000745,-0.961612999999943,-0.6616500000000087,-0.8002639999999701,-0.31602399999974295,-0.5581439999998565,-1.4136650000000373,-0.2066490000001977,-0.8101570000001175
2023-08-14 07:45:00,-0.3671389999999519,-0.967377999999826,-0.667258499999889,-0.8010810000000674,-0.31259000000000015,-0.5568355000000338,-1.4092580000001362,-0.19494600000007267,-0.8021020000001045
2023-08-14 08:00:00,-0.36837000000014086,-0.9630429999997432,-0.665706499999942,-0.7973980000001575,-0.3111249999997199,-0.5542614999999387,-1.4055929999999535,-0.19868899999983114,-0.8021409999998923
2023-08-14 08:30:00,-0.36525899999969624,-0.9653909999997268,-0.6653249999997115,-0.801249000000098,-0.3123529999998027,-0.5568009999999504,-1.410001000000193,-0.19508600000017395,-0.8025435000001835
2023-08-14 08:45:00,-0.36739899999975023,-0.9649209999997765,-0.6661599999997634,-0.8007830000001377,-0.3130270000001474,-0.5569050000001425,-1.4095469999997476,-0.19827299999997194,-0.8039099999998598
2023-08-14 09:15:00,-0.37188000000014654,-0.9641990000000078,-0.6680395000000772,-0.7973959999999352,-0.3116620000000694,-0.5545290000000023,-1.4055809999999838,-0.2011459999998806,-0.8033634999999322
2023-08-14 09:30:00,-0.37485000000015134,-0.9643160000000535,-0.6695830000001024,-0.7977900000000773,-0.3118130000002566,-0.5548015000001669,-1.401336999999785,-0.1983979999999974,-0.7998674999998912
2023-08-14 09:45:00,-0.3751119999997172,-0.9612569999999323,-0.6681844999998248,-0.7980580000003101,-0.31510700000035285,-0.5565825000003315,-1.4004439999998795,-0.20476099999996222,-0.8026024999999208
2023-08-14 10:15:00,-0.37330199999996694,-0.9579539999999724,-0.6656279999999697,-0.8005840000000717,-0.3198480000000927,-0.5602160000000822,-1.405268999999862,-0.21427499999981592,-0.809771999999839
2023-08-14 10:30:00,-0.3770030000000588,-0.9610109999998713,-0.669006999999965,-0.7979009999999107,-0.31714099999999235,-0.5575209999999515,-1.3991110000001754,-0.20850400000017544,-0.8038075000001754
2023-08-14 10:45:00,-0.3729809999999816,-0.9629009999998743,-0.667940999999928,-0.7985229999999319,-0.3155860000001667,-0.5570545000000493,-1.402646999999888,-0.20447199999989607,-0.8035594999998921
2023-08-14 11:00:00,-0.37570199999981924,-0.9599610000000212,-0.6678314999999202,-0.7968980000000556,-0.3166550000000825,-0.5567765000000691,-1.4016139999998813,-0.21170200000005934,-0.8066579999999703
2023-08-14 12:00:00,-0.37408099999993283,-0.9647709999999279,-0.6694259999999304,-0.802208999999948,-0.3168500000001586,-0.5595295000000533,-1.4074730000002091,-0.20474899999999252,-0.8061110000001008
2023-08-14 12:15:00,-0.362728000000061,-0.9660679999997228,-0.6643979999998919,-0.7992580000000089,-0.31239400000004025,-0.5558260000000246,-1.4126470000001063,-0.19898000000011962,-0.805813500000113
2023-08-14 12:30:00,-0.3633079999999609,-0.9631479999998191,-0.66322799999989,-0.7992600000002312,-0.3088950000001205,-0.5540775000001759,-1.4143990000002304,-0.19722900000033405,-0.8058140000002822
2023-08-14 13:00:00,-0.36505699999997887,-0.9713709999996354,-0.6682139999998071,-0.7980900000002293,-0.30269399999997404,-0.5503920000001017,-1.4161480000002484,-0.1862780000001294,-0.8012130000001889
2023-08-14 13:15:00,-0.3647379999997611,-0.9785899999997127,-0.6716639999997369,-0.8006960000002437,-0.29273600000033184,-0.5467160000002877,-1.4111729999999625,-0.1553379999995741,-0.7832554999997683
2023-08-14 13:45:00,-0.361178000000109,-0.986775000000307,-0.673976500000208,-0.7997259999997368,-0.2749979999998686,-0.5373619999998027,-1.417772000000241,-0.1261600000002545,-0.7719660000002477
2023-08-14 14:00:00,-0.3598170000000209,-0.981242000000293,-0.670529500000157,-0.7992580000000089,-0.2821730000000571,-0.540715500000033,-1.4126469999996516,-0.1365539999997054,-0.7746004999996785
2023-08-14 14:15:00,-0.3648660000003474,-0.9863690000001952,-0.6756175000002713,-0.7970430000000306,-0.28435399999989386,-0.5406984999999622,-1.4104440000000977,-0.1416279999998551,-0.7760359999999764
2023-08-14 14:30:00,-0.36383799999975963,-0.9770849999999882,-0.6704614999998739,-0.8015589999999975,-0.29700499999989916,-0.5492819999999483,-1.4126340000002529,-0.16288100000019767,-0.7877575000002253
2023-08-14 14:45:00,-0.36169799999970564,-0.9764909999998963,-0.669094499999801,-0.7991059999999379,-0.2935019999999895,-0.5463039999999637,-1.4154180000000451,-0.16288299999996525,-0.7891505000000052
2023-08-14 15:00:00,-0.3631879999998091,-0.9801299999999173,-0.6716589999998632,-0.8023239999997713,-0.2925380000001496,-0.5474309999999605,-1.416287999999895,-0.15535099999988233,-0.7858194999998886
2023-08-14 15:15:00,-0.3601380000000063,-0.9725849999999809,-0.6663614999999936,-0.7995719999998983,-0.29993999999987864,-0.5497559999998884,-1.4164609999997992,-0.17544299999963187,-0.7959519999997156
2023-08-14 15:45:00,-0.36265599999978804,-0.978436999999758,-0.670546499999773,-0.8046979999999166,-0.30291299999998955,-0.5538054999999531,-1.4186570000001666,-0.1718290000003435,-0.795243000000255
2023-08-14 16:15:00,-0.36064600000008795,-0.9744639999998981,-0.667554999999993,-0.8067690000002585,-0.30243300000029194,-0.5546010000002752,-1.4230500000003303,-0.17327800000020943,-0.7981640000002699
2023-08-14 16:30:00,-0.35986700000012206,-0.9683770000001459,-0.664122000000134,-0.806304000000182,-0.30271600000014587,-0.5545100000001639,-1.41909700000042,-0.17411100000026636,-0.7966040000003431
2023-08-14 16:45:00,-0.3641489999999976,-0.9742299999998068,-0.6691894999999022,-0.8018730000003416,-0.3021910000002208,-0.5520320000002812,-1.4117710000000443,-0.17224699999997028,-0.7920090000000073
2023-08-14 17:00:00,-0.3641499999998814,-0.9759819999999308,-0.6700659999999061,-0.7972050000003037,-0.2992739999999685,-0.5482395000001361,-1.4129410000000462,-0.1751680000002125,-0.7940545000001293
2023-08-14 17:15:00,-0.3620069999997213,-0.974228999999923,-0.6681179999998221,-0.8005879999996068,-0.3004409999998643,-0.5505144999997356,-1.4151420000002872,-0.1734160000000884,-0.7942790000001878
2023-08-14 17:30:00,-0.3617460000000392,-0.9758600000000115,-0.6688030000000253,-0.8020699999997305,-0.3009269999997741,-0.5514984999997523,-1.4166180000001987,-0.17197000000032858,-0.7942940000002636
2023-08-14 17:45:00,-0.3602569999998195,-0.9758600000000115,-0.6680584999999155,-0.800586999999723,-0.3026759999997921,-0.5516314999997576,-1.4139720000002853,-0.17371899999989182,-0.7938455000000886
2023-08-14 18:15:00,-0.35986700000012206,-0.9790259999999762,-0.6694465000000491,-0.8010549999999057,-0.3006439999999202,-0.550849499999913,-1.4202659999996285,-0.17347499999959837,-0.7968704999996135
2023-08-14 19:00:00,-0.3668779999998151,-0.9823129999999765,-0.6745954999998958,-0.7941649999997935,-0.3033620000001065,-0.54876349999995,-1.4012010000001283,-0.1729059999997844,-0.7870534999999563
2023-08-14 19:30:00,-0.36623899999995047,-0.9772560000001249,-0.6717475000000377,-0.7966919999998936,-0.3051900000000387,-0.5509409999999662,-1.4048680000000786,-0.1783530000002429,-0.7916105000001608
2023-08-14 19:45:00,-0.3629280000000108,-0.9717350000000806,-0.6673315000000457,-0.7971579999998539,-0.3071700000000419,-0.5521639999999479,-1.408820999999989,-0.1863029999999526,-0.7975619999999708
2023-08-14 20:00:00,-0.36266699999987395,-0.9673859999998058,-0.6650264999998399,-0.7968900000000758,-0.3074010000000271,-0.5521455000000515,-1.4097139999998944,-0.19075299999985873,-0.8002334999998766
2023-08-14 20:15:00,-0.3636959999998908,-0.9698450000000776,-0.6667704999999842,-0.7970470000000205,-0.30638399999998,-0.5517155000000002,-1.412206999999853,-0.19033600000011575,-0.8012714999999844
2023-08-14 20:45:00,-0.35741600000028484,-0.9653910000001815,-0.6614035000002332,-0.8029570000003332,-0.31235300000025745,-0.5576550000002953,-1.4192449999995915,-0.1962559999997211,-0.8077504999996563
2023-08-14 21:00:00,-0.363318000000163,-0.9653729999999996,-0.6643455000000813,-0.8010120000003553,-0.31457600000021557,-0.5577940000002855,-1.414400999999998,-0.20230400000036752,-0.8083525000001828
2023-08-14 21:15:00,-0.36129699999992226,-0.9610139999999774,-0.6611554999999498,-0.801321000000371,-0.31713500000023487,-0.5592280000003029,-1.4158720000000358,-0.20908400000007532,-0.8124780000000555
2023-08-14 21:30:00,-0.36090599999988626,-0.9584159999999429,-0.6596609999999146,-0.8047080000001188,-0.3220360000000255,-0.5633720000000721,-1.4227460000001884,-0.21995300000025964,-0.821349500000224
2023-08-14 21:45:00,-0.3594180000000051,-0.955590999999913,-0.6575044999999591,-0.8014780000003157,-0.32324300000027506,-0.5623605000002954,-1.4195129999998244,-0.22500700000000506,-0.8222599999999147
2023-08-14 22:00:00,-0.35753599999998187,-0.9597059999996418,-0.6586209999998118,-0.80222300000014,-0.3233490000002348,-0.5627860000001874,-1.417344999999841,-0.217775999999958,-0.8175604999998995
2023-08-14 22:45:00,-0.3590259999996306,-0.9601729999999407,-0.6595994999997856,-0.8001920000001519,-0.3174260000000686,-0.5588090000001102,-1.4211359999999331,-0.2157600000000457,-0.8184479999999894
2023-08-14 23:15:00,-0.3607769999998709,-0.9584239999999227,-0.6596004999998968,-0.8036919999999554,-0.317424000000301,-0.5605580000001282,-1.4205580000002556,-0.2116799999998875,-0.8161190000000715
2023-08-14 23:30:00,-0.3576669999997648,-0.9562049999999545,-0.6569359999998596,-0.7997270000000753,-0.3180999999999585,-0.5589135000000169,-1.4177620000000388,-0.21602600000005623,-0.8168940000000475
2023-08-14 23:45:00,-0.3594159999997828,-0.9591309999996156,-0.6592734999996992,-0.7968070000001717,-0.313488000000234,-0.5551475000002029,-1.416602000000239,-0.21126200000026074,-0.8139320000002499
2023-08-15 00:00:00,-0.3572759999997288,-0.9569109999997636,-0.6570934999997462,-0.8019410000001699,-0.31708100000014383,-0.5595110000001569,-1.4205560000000332,-0.21269900000015696,-0.8166275000000951
2023-08-15 00:15:00,-0.3570159999999305,-0.9610170000000835,-0.659016500000007,-0.8016749999997046,-0.3165569999996478,-0.5591159999996762,-1.4214520000000448,-0.2102540000000772,-0.815853000000061
2023-08-15 01:45:00,-0.3636999999998807,-0.971414999999979,-0.6675574999999299,-0.7970450000002529,-0.2970310000000609,-0.5470380000001569,-1.4133529999999155,-0.1748529999999846,-0.79410299999995
2023-08-15 02:00:00,-0.3658390000000509,-0.9756229999998141,-0.6707309999999325,-0.8043970000003355,-0.29951400000027206,-0.5519555000003038,-1.4206829999998263,-0.17268800000010742,-0.7966854999999669
2023-08-15 03:15:00,-0.362337000000025,-0.9692770000001474,-0.6658070000000862,-0.8043970000003355,-0.30644600000005084,-0.5554215000001932,-1.4195229999995718,-0.18497999999999593,-0.8022514999997838
2023-08-15 03:45:00,-0.36311799999975847,-0.9705579999999827,-0.6668379999998706,-0.7999640000002728,-0.3088710000001811,-0.5544175000002269,-1.4116149999999834,-0.18816699999979392,-0.7998909999998887
2023-08-15 04:00:00,-0.35942900000009104,-0.9686910000000353,-0.6640600000000632,-0.8026450000002114,-0.3098880000002282,-0.5562665000002198,-1.4177709999999024,-0.19033399999989342,-0.8040524999998979
2023-08-15 04:30:00,-0.36182899999994333,-0.9650480000000243,-0.6634384999999838,-0.8006980000000112,-0.3108510000001843,-0.5557745000000978,-1.4129249999996318,-0.19436699999960183,-0.8036459999996168
2023-08-15 04:45:00,-0.3625979999997071,-0.9672499999996944,-0.6649239999997008,-0.7999939999999697,-0.3106980000002295,-0.5553460000000996,-1.4151279999996405,-0.19653399999970134,-0.8058309999996709
2023-08-15 05:15:00,-0.3625969999998233,-0.9697069999997439,-0.6661519999997836,-0.7999939999999697,-0.31143100000008417,-0.5557125000000269,-1.4151279999996405,-0.19611699999995835,-0.8056224999997994
2023-08-15 06:00:00,-0.36090699999977005,-0.9617229999998926,-0.6613149999998313,-0.806456000000253,-0.3190380000000914,-0.5627470000001722,-1.4221529999999802,-0.20924599999989368,-0.815699499999937
2023-08-15 07:00:00,-0.3594180000000051,-0.9637179999999717,-0.6615679999999884,-0.8014769999999771,-0.3158419999999751,-0.5586594999999761,-1.4177629999999226,-0.2055049999999028,-0.8116339999999127
2023-08-15 07:15:00,-0.3625959999999395,-0.9644379999999728,-0.6635169999999562,-0.8000090000000455,-0.31191000000035274,-0.5559595000001991,-1.4163140000000567,-0.2015879999999015,-0.8089509999999791
2023-08-15 07:30:00,-0.3629869999999755,-0.9677449999999226,-0.665365999999949,-0.7989520000000994,-0.30832299999974566,-0.5536374999999225,-1.412358999999924,-0.19147100000009232,-0.8019150000000081
2023-08-15 08:30:00,-0.36285700000007637,-0.9782319999999345,-0.6705445000000054,-0.8014360000001943,-0.2992829999998321,-0.5503595000000132,-1.4148399999999128,-0.16766799999959403,-0.7912539999997534
2023-08-15 08:45:00,-0.3614269999998214,-0.9798970000001646,-0.670661999999993,-0.7999990000002981,-0.2922969999999623,-0.5461480000001302,-1.4163140000000567,-0.1578309999999874,-0.787072500000022
2023-08-15 09:00:00,-0.35727700000006735,-0.9800340000001597,-0.6686555000001135,-0.8048650000000634,-0.2925090000003365,-0.5486870000002,-1.4211600000003273,-0.1520620000001145,-0.7866110000002209
2023-08-15 09:30:00,-0.35902600000008533,-0.9942920000003141,-0.6766590000001997,-0.8048670000002858,-0.2774050000002717,-0.5411360000002787,-1.4211629999999786,-0.11854799999991883,-0.7698554999999487
2023-08-15 09:45:00,-0.3611660000001393,-0.996277000000191,-0.6787215000001652,-0.8014800000000832,-0.27589800000032483,-0.538689000000204,-1.4189570000003187,-0.11957900000015798,-0.7692680000002383
2023-08-15 10:00:00,-0.3592870000002222,-0.990284999999858,-0.6747860000000401,-0.8022140000002764,-0.27913699999999153,-0.540675500000134,-1.4185170000000653,-0.12605800000028466,-0.772287500000175
2023-08-15 11:00:00,-0.36045599999988553,-0.9938179999999193,-0.6771369999999024,-0.8016349999998056,-0.2751650000000154,-0.5383999999999105,-1.4185170000000653,-0.11882599999989907,-0.7686714999999822
2023-08-15 11:15:00,-0.35831599999983155,-0.995448000000124,-0.6768819999999778,-0.8026920000002065,-0.27624100000002727,-0.5394665000001169,-1.4224730000000818,-0.12030000000004293,-0.7713865000000624
2023-08-15 11:30:00,-0.3583160000002863,-0.9959229999999479,-0.6771195000001171,-0.8038520000000062,-0.2767220000000634,-0.5402870000000348,-1.4207240000000638,-0.11710300000004281,-0.7689135000000533
2023-08-15 11:45:00,-0.3586379999997007,-0.9948469999999361,-0.6767424999998184,-0.8070709999997234,-0.2808479999998781,-0.5439594999998008,-1.4250930000002882,-0.12391600000000835,-0.7745045000001483
2023-08-15 12:15:00,-0.3611679999999069,-0.9889439999997194,-0.6750559999998131,-0.8026389999999992,-0.2875690000000759,-0.5451040000000376,-1.4253539999999703,-0.14838700000018434,-0.7868705000000773
2023-08-15 12:30:00,-0.3601979999998548,-0.9775899999999638,-0.6688939999999093,-0.8019460000000436,-0.30723699999998644,-0.554591500000015,-1.4293069999998806,-0.19319799999993847,-0.8112524999999096
2023-08-15 12:45:00,-0.36142599999993763,-0.9828929999998763,-0.672159499999907,-0.8000080000001617,-0.3022040000000743,-0.551106000000118,-1.4227310000001125,-0.17874699999993027,-0.8007390000000214
2023-08-15 13:00:00,-0.3598090000000411,-0.9827879999998004,-0.6712984999999208,-0.7992619999999988,-0.30269600000019636,-0.5509790000000976,-1.4231479999998555,-0.18021799999996801,-0.8016829999999118
2023-08-15 13:15:00,-0.35799900000029083,-0.9816289999998844,-0.6698140000000876,-0.8012110000004213,-0.3009470000001784,-0.5510790000002999,-1.42565599999989,-0.17612899999994625,-0.8008924999999181
2023-08-15 13:30:00,-0.35410799999999654,-0.9790500000003703,-0.6665790000001834,-0.8040060000002995,-0.30302800000026764,-0.5535170000002836,-1.4296100000001388,-0.1780189999999493,-0.8038145000000441
2023-08-15 13:45:00,-0.35449900000003254,-0.9792860000002293,-0.6668925000001309,-0.8017899999999827,-0.3026909999998679,-0.5522404999999253,-1.4274070000001302,-0.17905100000007224,-0.8032290000001012
2023-08-15 14:15:00,-0.35611900000003516,-0.9815090000001874,-0.6688140000001113,-0.8036950000000616,-0.3031820000001062,-0.5534385000000839,-1.4298869999997805,-0.17877199999975346,-0.804329499999767
2023-08-15 14:30:00,-0.3558579999998983,-0.9839680000000044,-0.6699129999999514,-0.8051760000003014,-0.3039160000002994,-0.5545460000003004,-1.4313700000002427,-0.1771950000002107,-0.8042825000002267
2023-08-15 14:45:00,-0.3581320000002961,-0.981510999999955,-0.6698215000001255,-0.8027940000001763,-0.3020129999999881,-0.5524035000000822,-1.4266640000000734,-0.17644300000029034,-0.8015535000001819
2023-08-15 15:00:00,-0.3544299999998657,-0.981510999999955,-0.6679704999999103,-0.803726000000097,-0.3014330000000882,-0.5525795000000926,-1.4310709999999744,-0.1758629999999357,-0.8034669999999551
2023-08-15 15:15:00,-0.3556010000002061,-0.984309999999823,-0.6699555000000146,-0.8043170000000828,-0.30250999999998385,-0.5534135000000333,-1.4328220000002148,-0.17733799999996336,-0.8050800000000891
2023-08-15 15:30:00,-0.3516970000000583,-0.9816289999998844,-0.6666629999999714,-0.8042059999997946,-0.3004169999999249,-0.5523114999998597,-1.4367889999998624,-0.17718599999989237,-0.8069874999998774
2023-08-15 16:15:00,-0.3524800000000141,-0.9828010000001086,-0.6676405000000614,-0.8015239999999721,-0.30333799999971234,-0.5524309999998422,-1.4288820000001579,-0.1783570000002328,-0.8036195000001953
2023-08-15 16:45:00,-0.3524779999997918,-0.9827989999998863,-0.667638499999839,-0.7997730000001866,-0.3015870000003815,-0.550680000000284,-1.4259710000001178,-0.1754479999999603,-0.800709500000039
2023-08-15 17:15:00,-0.3516970000000583,-0.9845479999999043,-0.6681224999999813,-0.8030340000000251,-0.3021670000002814,-0.5526005000001533,-1.432126999999582,-0.1754479999999603,-0.8037874999997712
2023-08-15 19:45:00,-0.3531990000001315,-0.9796410000003561,-0.6664200000002438,-0.8031169999999292,-0.3053690000001552,-0.5542430000000422,-1.4264090000001488,-0.17920100000037564,-0.8028050000002622
2023-08-15 20:45:00,-0.3542290000000321,-0.9823249999999462,-0.6682769999999891,-0.8021020000001045,-0.3028469999999288,-0.5524745000000166,-1.4294690000001538,-0.1786459999998442,-0.804057499999999
2023-08-15 21:00:00,-0.3555879999998979,-0.9858239999998659,-0.6707059999998819,-0.803740000000289,-0.30401700000038545,-0.5538785000003372,-1.4328350000000682,-0.1798069999999825,-0.8063210000000254
2023-08-15 21:15:00,-0.3546200000000681,-0.9791569999997591,-0.6668884999999136,-0.7981370000002244,-0.3013800000003357,-0.54975850000028,-1.4266750000001593,-0.1823899999999412,-0.8045325000000503
2023-08-15 21:30:00,-0.35623900000018693,-0.9790280000001985,-0.6676335000001927,-0.8017899999999827,-0.30414599999994607,-0.5529679999999644,-1.4279849999998078,-0.18338700000003882,-0.8056859999999233
2023-08-15 21:45:00,-0.35663000000022294,-0.9797359999997752,-0.6681829999999991,-0.7995739999996658,-0.30312899999989895,-0.5513514999997824,-1.4234519999999975,-0.18063900000015565,-0.8020455000000766
2023-08-15 22:15:00,-0.35488100000020495,-0.975528999999824,-0.6652050000000145,-0.8013240000000224,-0.30414599999994607,-0.5527349999999842,-1.4222829999998794,-0.17988800000011906,-0.8010854999999992
2023-08-15 22:30:00,-0.3531309999998484,-0.9762369999998555,-0.664683999999852,-0.7989830000001348,-0.3025390000002517,-0.5507610000001932,-1.4205309999997553,-0.17772000000013577,-0.7991254999999455
2023-08-15 23:00:00,-0.3527399999998124,-0.9779869999997572,-0.6653634999997848,-0.8011999999998807,-0.30428900000015346,-0.5527445000000171,-1.4274049999999079,-0.1823899999999412,-0.8048974999999245
2023-08-15 23:30:00,-0.35234799999989264,-0.9767080000001442,-0.6645280000000184,-0.802255999999943,-0.30069900000034977,-0.5514775000001464,-1.4296100000001388,-0.1774399999999332,-0.803525000000036
2023-08-16 01:00:00,-0.3542280000001483,-0.9755279999999402,-0.6648780000000443,-0.8050199999997858,-0.30414499999960753,-0.5545824999996967,-1.42946800000027,-0.18047700000033728,-0.8049725000003036
2023-08-16 01:15:00,-0.35824800000000323,-0.9771700000001147,-0.667709000000059,-0.8026509999999689,-0.30171500000005835,-0.5521830000000136,-1.42770500000006,-0.18019700000013472,-0.8039510000000973
2023-08-16 01:30:00,-0.3555989999999838,-0.9784690000001319,-0.6670340000000579,-0.797668999999587,-0.3006999999997788,-0.5491844999996829,-1.4233100000001286,-0.17978100000027553,-0.8015455000002021
2023-08-16 02:00:00,-0.3552090000002863,-0.9753010000003997,-0.665255000000343,-0.8016360000001441,-0.30273299999998926,-0.5521845000000667,-1.4255150000003596,-0.18061500000021624,-0.8030650000002879
2023-08-16 04:00:00,-0.34930700000040815,-0.9696850000000268,-0.6594960000002175,-0.8018329999999878,-0.30117199999995137,-0.5515024999999696,-1.4286130000000412,-0.18059200000016062,-0.8046025000001009
2023-08-16 05:45:00,-0.3531980000002477,-0.9702560000000631,-0.6617270000001554,-0.8013670000000275,-0.30286300000034316,-0.5521150000001853,-1.4281580000001668,-0.18594600000005812,-0.8070520000001125
2023-08-16 06:30:00,-0.3556010000002061,-0.9689760000001115,-0.6622885000001588,-0.8011700000001838,-0.3021889999999985,-0.5516795000000911,-1.4233110000000124,-0.18276000000014392,-0.8030355000000782
2023-08-16 07:30:00,-0.3570199999999204,-0.9702560000000631,-0.6636379999999917,-0.7991059999999379,-0.302871999999752,-0.550988999999845,-1.418326999999863,-0.18244600000025457,-0.8003865000000587
2023-08-16 08:00:00,-0.35741200000029494,-0.9692140000001928,-0.6633130000002438,-0.7968909999999596,-0.3001059999996869,-0.5484984999998233,-1.4178719999999885,-0.18202999999994063,-0.7999509999999646
2023-08-16 08:30:00,-0.3552719999997862,-0.9716739999998936,-0.6634729999998399,-0.7973569999999199,-0.3008399999998801,-0.5490984999999,-1.420074999999997,-0.1816129999997429,-0.80084399999987
2023-08-16 09:30:00,-0.35286900000028254,-0.973301999999876,-0.6630855000000793,-0.8010549999999057,-0.3030749999998079,-0.5520649999998568,-1.4249249999998028,-0.18133699999998498,-0.8031309999998939
2023-08-16 09:45:00,-0.3571510000001581,-0.9725940000002993,-0.6648725000002287,-0.7972039999999652,-0.30117299999983516,-0.5491884999999002,-1.4205179999999018,-0.18350299999974595,-0.8020104999998239
2023-08-16 10:15:00,-0.35560099999975137,-0.9738949999996294,-0.6647479999996904,-0.7976709999998093,-0.3001569999996718,-0.5489139999997406,-1.4198129999999765,-0.17842799999971248,-0.7991204999998445
2023-08-16 10:30:00,-0.3517119999996794,-0.9726189999996677,-0.6621654999996736,-0.7998860000002423,-0.30122800000026473,-0.5505570000002535,-1.4255150000003596,-0.18047900000010486,-0.8029970000002322
2023-08-16 11:00:00,-0.35106199999972887,-0.9767229999997653,-0.6638924999997471,-0.8035849999996572,-0.3024519999999029,-0.55301849999978,-1.4303649999997106,-0.1780359999997927,-0.8042004999997516
2023-08-16 11:15:00,-0.3517139999999017,-0.9754469999998037,-0.6635804999998527,-0.8010569999996733,-0.3011919999999009,-0.5511244999997871,-1.4266859999997905,-0.17775499999970634,-0.8022204999997484
2023-08-16 11:30:00,-0.35035100000004604,-0.974971000000096,-0.662661000000071,-0.7959209999999075,-0.30070100000011735,-0.5483110000000124,-1.4186429999999746,-0.17686400000002322,-0.7977534999999989
2023-08-16 11:45:00,-0.3486040000002504,-0.9748540000000503,-0.6617290000001503,-0.7941730000002281,-0.2994400000002315,-0.5468065000002298,-1.4186429999999746,-0.1765890000001491,-0.7976160000000618
2023-08-16 12:30:00,-0.34821199999987584,-0.9809439999999086,-0.6645779999998922,-0.7981370000002244,-0.30381900000020323,-0.5509780000002138,-1.420846999999867,-0.17516200000000026,-0.7980044999999336
2023-08-16 12:45:00,-0.3486030000003666,-0.9773110000000997,-0.6629570000002332,-0.7959209999999075,-0.3019210000002204,-0.5489210000000639,-1.4186429999999746,-0.17617199999995137,-0.797407499999963
2023-08-16 13:30:00,-0.3503520000003846,-0.9809430000000248,-0.6656475000002047,-0.7959209999999075,-0.30206900000030146,-0.5489950000001045,-1.4186420000000908,-0.17516100000011647,-0.7969015000001036
2023-08-16 13:45:00,-0.3493149999999332,-0.980710000000272,-0.6650125000001026,-0.795763000000079,-0.30416699999977936,-0.5499649999999292,-1.4178989999995792,-0.1776409999997668,-0.797769999999673
2023-08-16 14:00:00,-0.3504840000000513,-0.9850320000000465,-0.6677580000000489,-0.7969319999997424,-0.3050469999998313,-0.5509894999997869,-1.417899000000034,-0.17505800000026284,-0.7964785000001484
2023-08-16 14:15:00,-0.3508030000002691,-0.977067000000261,-0.6639350000002651,-0.798993999999766,-0.30512799999996787,-0.5520609999998669,-1.4193730000001779,-0.17875400000002628,-0.7990635000001021
2023-08-16 14:30:00,-0.34724099999993996,-0.97415699999965,-0.660698999999795,-0.7991919999999482,-0.3016279999997096,-0.5504099999998289,-1.4259690000003502,-0.1787520000002587,-0.8023605000003045
2023-08-16 14:45:00,-0.35255400000005466,-0.9778830000000198,-0.6652185000000372,-0.7972469999999703,-0.3018729999998868,-0.5495599999999286,-1.4240440000003218,-0.1815350000001672,-0.8027895000002445
2023-08-16 15:30:00,-0.35411199999998644,-0.9790509999997994,-0.6665814999998929,-0.7950289999998859,-0.301872000000003,-0.5484504999999444,-1.4200879999998506,-0.18153399999982867,-0.8008109999998396
2023-08-16 15:45:00,-0.3533430000002227,-0.9770619999999326,-0.6652025000000776,-0.7945620000000417,-0.3033740000000762,-0.548968000000059,-1.4149649999999383,-0.18050499999981184,-0.7977349999998751
2023-08-16 16:45:00,-0.35269300000027215,-0.9806950000001962,-0.6666940000002342,-0.799996000000192,-0.30702000000019325,-0.5535080000001926,-1.4232879999999568,-0.1829949999996643,-0.8031414999998105
2023-08-16 17:00:00,-0.35508200000003853,-0.980460000000221,-0.6677710000001298,-0.800970000000234,-0.3102760000001581,-0.555623000000196,-1.418463999999858,-0.1837230000001,-0.801093499999979
2023-08-16 17:15:00,-0.3569620000002942,-0.9816160000000309,-0.6692890000001626,-0.8002360000000408,-0.3096920000002683,-0.5549640000001546,-1.4206520000002456,-0.18664399999988746,-0.8036480000000665
2023-08-16 18:15:00,-0.34977200000002995,-0.9787100000003193,-0.6642410000001746,-0.7982449999999517,-0.30677700000023833,-0.552511000000095,-1.4221259999999347,-0.1837220000002162,-0.8029240000000755
2023-08-16 18:30:00,-0.35308400000030815,-0.9803490000003876,-0.6667165000003479,-0.8012790000002497,-0.30960300000015195,-0.5554410000002008,-1.4181750000002467,-0.1805370000001858,-0.7993560000002162
2023-08-16 18:45:00,-0.3512010000004011,-0.9787060000003294,-0.6649535000003652,-0.7967760000001363,-0.3056129999999939,-0.5511945000000651,-1.420086000000083,-0.1831449999999677,-0.8016155000000253
2023-08-16 19:15:00,-0.35119299999996656,-0.9746079999999893,-0.6629004999999779,-0.7996870000001763,-0.3073030000000472,-0.5534950000001118,-1.4200879999998506,-0.18383900000026188,-0.8019635000000562
2023-08-16 19:30:00,-0.3515940000002047,-0.9750770000000557,-0.6633355000001302,-0.795730000000276,-0.3048790000002555,-0.5503045000002658,-1.416131999999834,-0.1823919999997088,-0.7992619999997714
2023-08-16 20:00:00,-0.3539949999999408,-0.9747240000001511,-0.664359500000046,-0.790864000000056,-0.3039040000003297,-0.5473840000001928,-1.4095360000001165,-0.18411699999978737,-0.7968264999999519
2023-08-16 20:30:00,-0.356134000000111,-0.9727379999999357,-0.6644360000000233,-0.7933170000001155,-0.305409999999938,-0.5493635000000268,-1.4073329999996531,-0.18308499999966443,-0.7952089999996588
2023-08-16 21:00:00,-0.3526240000001053,-0.9729640000000472,-0.6627940000000763,-0.7964649999998983,-0.30390399999987494,-0.5501844999998866,-1.4168620000000374,-0.18236700000034034,-0.7996145000001889
2023-08-16 21:15:00,-0.3550249999998414,-0.9729630000001634,-0.6639940000000024,-0.792768000000251,-0.30215399999997317,-0.5474610000001121,-1.4137649999997848,-0.18411599999990358,-0.7989404999998442
2023-08-16 21:30:00,-0.3532749999999396,-0.9702680000000328,-0.6617714999999862,-0.793927000000167,-0.30466599999999744,-0.5492965000000822,-1.412014999999883,-0.18525099999988015,-0.7986329999998816
2023-08-16 21:45:00,-0.35327600000027815,-0.9709790000001703,-0.6621275000002242,-0.7927679999997963,-0.30249099999991813,-0.5476294999998572,-1.4102660000003198,-0.1813350000002174,-0.7958005000002686
2023-08-16 22:00:00,-0.35424300000022413,-0.9710829999999078,-0.662663000000066,-0.7923030000001745,-0.30490899999995236,-0.5486060000000634,-1.4080720000001747,-0.18452299999989918,-0.796297500000037
2023-08-16 22:30:00,-0.3528839999999036,-0.9697949999999764,-0.66133949999994,-0.7949829999997746,-0.30418699999972887,-0.5495849999997517,-1.4124690000003284,-0.18320200000016484,-0.7978355000002466
2023-08-16 22:45:00,-0.3571640000000116,-0.9747120000001814,-0.6659380000000965,-0.7905519999999342,-0.30215399999997317,-0.5463529999999537,-1.4080629999998564,-0.1823669999998856,-0.795214999999871
2023-08-16 23:00:00,-0.3532749999999396,-0.9680450000000747,-0.6606600000000071,-0.7927670000003673,-0.3024359999999433,-0.5476015000001553,-1.410845999999765,-0.1837809999997262,-0.7973134999997455
2023-08-16 23:45:00,-0.35476399999970454,-0.9722529999999097,-0.6635084999998071,-0.7925000000000182,-0.3014200000002347,-0.5469600000001265,-1.4134890000000269,-0.1833639999999832,-0.798426500000005
2023-08-17 00:15:00,-0.3572949999997945,-0.9714389999999185,-0.6643669999998565,-0.7933170000001155,-0.30467700000008335,-0.5489970000000994,-1.4090809999997873,-0.18525299999964773,-0.7971669999997175
2023-08-17 01:00:00,-0.35548300000027666,-0.9681610000002365,-0.6618220000002566,-0.7970130000003337,-0.30486500000006345,-0.5509390000001986,-1.4121789999999237,-0.18347899999980655,-0.7978289999998651
2023-08-17 01:30:00,-0.35373500000014246,-0.9639540000002853,-0.6588445000002139,-0.7940950000001976,-0.3012140000000727,-0.5476545000001352,-1.4127579999999398,-0.18447699999978795,-0.7986174999998639
2023-08-17 01:45:00,-0.35509300000012445,-0.9686270000001969,-0.6618600000001607,-0.7974800000001778,-0.305297000000337,-0.5513885000002574,-1.416131999999834,-0.18680499999982203,-0.801468499999828
2023-08-17 02:00:00,-0.3512030000001687,-0.9627759999998489,-0.6569895000000088,-0.7979460000001382,-0.30407400000012785,-0.551010000000133,-1.4200849999997445,-0.18924999999990177,-0.8046674999998231
2023-08-17 02:15:00,-0.3512030000001687,-0.9675860000002103,-0.6593945000001895,-0.79677700000002,-0.30311200000005556,-0.5499445000000378,-1.4189149999997426,-0.18521800000007715,-0.8020664999999099
2023-08-17 02:30:00,-0.3552260000001297,-0.9668770000002951,-0.6610515000002124,-0.7973150000002533,-0.3041290000001027,-0.550722000000178,-1.4171299999998155,-0.18738600000006045,-0.802257999999938
2023-08-17 02:45:00,-0.35308400000030815,-0.9644170000001395,-0.6587505000002238,-0.7942800000000716,-0.29989400000022215,-0.5470870000001469,-1.4175829999999223,-0.18605200000001787,-0.8018174999999701
2023-08-17 03:00:00,-0.3548340000002099,-0.9661679999999251,-0.6605010000000675,-0.7960299999999734,-0.3016450000000077,-0.5488374999999905,-1.4175829999999223,-0.18605200000001787,-0.8018174999999701
2023-08-17 03:45:00,-0.35191400000030626,-0.9632470000001376,-0.657580500000222,-0.7977789999999914,-0.3033930000001419,-0.5505860000000666,-1.4181730000000243,-0.18664200000011988,-0.8024075000000721
2023-08-17 04:15:00,-0.35055300000021816,-0.9668770000002951,-0.6587150000002566,-0.7987100000000282,-0.3023769999999786,-0.5505435000000034,-1.4225790000000416,-0.18447500000002037,-0.803527000000031
2023-08-17 07:00:00,-0.3498429999999644,-0.9622010000002774,-0.6560220000001209,-0.7945600000002742,-0.3012130000001889,-0.5478865000002315,-1.4161309999999503,-0.18564599999990605,-0.8008884999999282
2023-08-17 07:30:00,-0.34932400000025154,-0.961493000000246,-0.6554085000002488,-0.7969299999999748,-0.30165000000033615,-0.5492900000001555,-1.4178959999999279,-0.1843149999999696,-0.8011054999999487
2023-08-17 07:45:00,-0.3486720000000787,-0.9639510000001792,-0.656311500000129,-0.7994590000002972,-0.3012130000001889,-0.5503360000002431,-1.4244939999998678,-0.18389699999988807,-0.8041954999998779
2023-08-17 08:00:00,-0.3486729999999625,-0.9598500000001877,-0.6542615000000751,-0.8006300000001829,-0.3011610000003202,-0.5508955000002516,-1.4244949999997516,-0.18459500000017215,-0.8045449999999619
2023-08-17 08:15:00,-0.34763199999997596,-0.958100000000286,-0.652866000000131,-0.7975550000001022,-0.2982409999999618,-0.547898000000032,-1.425514000000021,-0.1863439999997354,-0.8059289999998782
2023-08-17 08:30:00,-0.3461440000000948,-0.9588090000002012,-0.652476500000148,-0.7972440000003189,-0.3001440000002731,-0.548694000000296,-1.4211209999998573,-0.18417700000009063,-0.802648999999974
2023-08-17 08:45:00,-0.3461439999996401,-0.9605609999998705,-0.6533524999997553,-0.7954939999999624,-0.30014399999981833,-0.5478189999998904,-1.4193719999998393,-0.18417799999997442,-0.8017749999999069
2023-08-17 10:30:00,-0.3436149999997724,-0.9642029999999977,-0.653908999999885,-0.798178999999891,-0.29918399999996836,-0.5486814999999297,-1.426698999999644,-0.18131599999969694,-0.8040074999996705
2023-08-17 10:45:00,-0.3473050000002331,-0.9694640000002437,-0.6583845000002384,-0.7954949999998462,-0.30040599999983897,-0.5479504999998426,-1.4205409999999574,-0.18062099999997372,-0.8005809999999656
2023-08-17 11:00:00,-0.3473049999997784,-0.9687559999997575,-0.6580304999997679,-0.797244999999748,-0.30317299999978786,-0.5502089999997679,-1.4205409999999574,-0.1827869999997347,-0.801663999999846
2023-08-17 11:30:00,-0.3457549999998264,-0.9714709999998377,-0.658612999999832,-0.7977099999998245,-0.30012299999998504,-0.5489164999999048,-1.4215750000003027,-0.17511800000011135,-0.798346500000207
2023-08-17 12:15:00,-0.34711399999969217,-0.9741570000001047,-0.6606354999998985,-0.798178999999891,-0.2998809999999139,-0.5490299999999024,-1.4272800000003372,-0.1787560000002486,-0.8030180000002929
2023-08-17 12:30:00,-0.3432229999998526,-0.9724069999997482,-0.6578149999998004,-0.7986449999998513,-0.2998809999999139,-0.5492629999998826,-1.4277350000002116,-0.17700600000034683,-0.8023705000002792
2023-08-17 12:45:00,-0.3454950000000281,-0.9724080000000868,-0.6589515000000574,-0.7980249999995976,-0.3004619999996976,-0.5492434999996476,-1.4259699999997792,-0.17875599999979386,-0.8023629999997866
2023-08-17 13:00:00,-0.34043500000007043,-0.9707659999999123,-0.6556004999999914,-0.7984899999996742,-0.3028919999997015,-0.5506909999996878,-1.4270030000002407,-0.18078600000035294,-0.8038945000002968
2023-08-17 13:15:00,-0.3437450000001263,-0.9725230000003648,-0.6581340000002456,-0.7980240000001686,-0.3006100000002334,-0.549317000000201,-1.4265489999997953,-0.17834099999981845,-0.8024449999998069
2023-08-17 13:30:00,-0.3447150000001784,-0.9748530000001665,-0.6597840000001725,-0.7975559999999859,-0.3041090000001532,-0.5508325000000696,-1.4225940000001174,-0.18009099999972022,-0.8013424999999188
2023-08-17 14:15:00,-0.3486750000001848,-0.9794170000000122,-0.6640460000000985,-0.7977129999999306,-0.3028509999999187,-0.5502819999999247,-1.42507599999999,-0.1798119999998562,-0.8024439999999231
2023-08-17 14:45:00,-0.34692500000028303,-0.9769570000003114,-0.6619410000002972,-0.7959610000002613,-0.30211700000018027,-0.5490390000002208,-1.421574999999848,-0.17848000000003594,-0.8000274999999419
2023-08-17 15:15:00,-0.3454959999999119,-0.9760259999998198,-0.6607609999998658,-0.7980120000001989,-0.3023550000002615,-0.5501835000002302,-1.4247880000002624,-0.17833999999993466,-0.8015640000000985
2023-08-17 15:30:00,-0.34776499999998123,-0.9735649999997804,-0.6606649999998808,-0.7950590000000375,-0.29987000000028274,-0.5474645000001601,-1.4212710000001607,-0.17875500000036482,-0.8000130000002628
2023-08-17 15:45:00,-0.34587399999963964,-0.9722909999995863,-0.659082499999613,-0.7969660000003387,-0.30036100000006627,-0.5486635000002025,-1.4237640000001193,-0.17847699999992983,-0.8011205000000245
2023-08-17 16:00:00,-0.3462660000000142,-0.9722920000003796,-0.6592790000001969,-0.7947520000002442,-0.3003620000004048,-0.5475570000003245,-1.4203919999999925,-0.17905800000016825,-0.7997250000000804
2023-08-17 16:15:00,-0.34626099999968574,-0.9792979999997442,-0.662779499999715,-0.7984899999996742,-0.3004209999999148,-0.5494554999997945,-1.4287540000000263,-0.1766139999999723,-0.8026839999999993
2023-08-17 16:30:00,-0.34198600000036095,-0.9721730000001116,-0.6570795000002363,-0.7980239999997139,-0.3014379999999619,-0.5497309999998379,-1.42654900000025,-0.178780000000188,-0.802664500000219
2023-08-17 16:45:00,-0.3438640000003943,-0.974156000000221,-0.6590100000003076,-0.7990389999999934,-0.3028500000000349,-0.5509445000000142,-1.4240700000000288,-0.17689299999983632,-0.8004814999999326
2023-08-17 17:00:00,-0.34386399999993955,-0.9712240000003476,-0.6575440000001436,-0.8019479999998111,-0.3057060000001002,-0.5538269999999557,-1.4240700000000288,-0.17875999999978376,-0.8014149999999063
2023-08-17 17:15:00,-0.3417250000002241,-0.9719330000002628,-0.6568290000002435,-0.7977559999999357,-0.30003099999976257,-0.5488934999998492,-1.4262730000000374,-0.176593000000139,-0.8014330000000882
2023-08-17 17:30:00,-0.3434740000002421,-0.9712239999998928,-0.6573490000000675,-0.7977560000003905,-0.2992970000000241,-0.5485265000002073,-1.4280220000000554,-0.17875800000001618,-0.8033900000000358
2023-08-17 17:45:00,-0.3434740000002421,-0.9753270000001066,-0.6594005000001744,-0.7995060000002923,-0.30227200000035737,-0.5508890000003248,-1.4297719999999572,-0.17981299999974,-0.8047924999998486
2023-08-17 18:30:00,-0.3445160000001124,-0.9687670000002981,-0.6566415000002053,-0.7918420000000879,-0.29856500000005326,-0.5452035000000706,-1.417471000000205,-0.1791760000000977,-0.7983235000001514
2023-08-17 18:45:00,-0.34841699999969933,-0.9747370000000046,-0.661576999999852,-0.7948620000001938,-0.304540999999972,-0.5497015000000829,-1.4164250000003449,-0.18167600000015227,-0.7990505000002486
2023-08-17 19:00:00,-0.3476340000001983,-0.9741330000001653,-0.6608835000001818,-0.7957940000001145,-0.3033170000003338,-0.5495555000002241,-1.4225810000002639,-0.18412100000023202,-0.803351000000248
2023-08-17 19:15:00,-0.35055400000010195,-0.978697000000011,-0.6646255000000565,-0.7957930000002307,-0.3038080000001173,-0.549800500000174,-1.4254900000000816,-0.18675200000006953,-0.8061210000000756
2023-08-17 19:30:00,-0.3544449999999415,-0.9840870000002724,-0.6692660000001069,-0.7935790000001361,-0.30109500000025946,-0.5473370000001978,-1.4221270000002733,-0.1815590000001066,-0.8018430000001899
2023-08-17 19:45:00,-0.348674000000301,-0.9775280000003477,-0.6631010000003243,-0.7947910000002594,-0.3026389999999992,-0.5487150000001293,-1.423323999999866,-0.18383300000004965,-0.8035784999999578
2023-08-17 20:15:00,-0.34892500000023574,-0.9745660000003227,-0.6617455000002792,-0.7915610000000015,-0.30656299999964176,-0.5490619999998216,-1.4218510000000606,-0.19642800000019633,-0.8091395000001285
2023-08-17 20:30:00,-0.3489230000000134,-0.9715040000000954,-0.6602135000000544,-0.7927289999997811,-0.3092750000000706,-0.5510019999999258,-1.4230109999998604,-0.20219899999983681,-0.8126049999998486
2023-08-17 20:45:00,-0.34717399999999543,-0.9709259999999631,-0.6590499999999793,-0.7915729999999712,-0.30927599999995437,-0.5504244999999628,-1.423612999999932,-0.20395000000007713,-0.8137815000000046
2023-08-17 21:00:00,-0.35210200000028635,-0.9737150000000838,-0.6629085000001851,-0.7930090000004384,-0.31204200000001947,-0.5525255000002289,-1.4203869999996641,-0.20436599999993632,-0.8123764999998002
2023-08-17 21:15:00,-0.3513229999998657,-0.974189000000024,-0.6627559999999448,-0.789042999999765,-0.31078200000001743,-0.5499124999998912,-1.4164339999997537,-0.20408799999995608,-0.8102609999998549
2023-08-17 21:30:00,-0.3524929999998676,-0.9730070000000524,-0.66274999999996,-0.7890439999996488,-0.31130899999971007,-0.5501764999996794,-1.4181829999997717,-0.2082820000000538,-0.8132324999999128
2023-08-17 21:45:00,-0.35398299999997107,-0.9739420000000791,-0.6639625000000251,-0.794010999999955,-0.3145639999997911,-0.554287499999873,-1.420802999999978,-0.20841999999993277,-0.8146114999999554
2023-08-17 22:00:00,-0.3558649999999943,-0.9720520000000761,-0.6639585000000352,-0.7932799999998679,-0.3155299999998533,-0.5544049999998606,-1.421244999999999,-0.2142039999998815,-0.8177244999999402
2023-08-17 22:15:00,-0.3489230000000134,-0.9697040000000925,-0.659313500000053,-0.7909789999998793,-0.31722099999979037,-0.5540999999998348,-1.421849000000293,-0.21839700000009543,-0.8201230000001942
2023-08-17 22:30:00,-0.3522330000000693,-0.9685210000002371,-0.6603770000001532,-0.7905120000000352,-0.3177459999997154,-0.5541289999998753,-1.41905399999996,-0.22025200000007317,-0.8196530000000166
2023-08-17 22:45:00,-0.35437099999990096,-0.9692270000000462,-0.6617989999999736,-0.7900449999997363,-0.3167279999997845,-0.5533864999997604,-1.4156910000001517,-0.2169250000001739,-0.8163080000001628
2023-08-17 23:00:00,-0.35113799999999173,-0.9649250000002212,-0.6580315000001065,-0.788564999999835,-0.31362699999999677,-0.5510959999999159,-1.4159669999999096,-0.21521100000018123,-0.8155890000000454
2023-08-17 23:15:00,-0.35359599999992497,-0.9643200000000434,-0.6589579999999842,-0.7878309999996418,-0.31357299999990573,-0.5507019999997738,-1.4134870000002593,-0.215907000000243,-0.8146970000002511
2023-08-17 23:30:00,-0.35437499999989086,-0.9679489999998623,-0.6611619999998766,-0.7917959999999766,-0.3160549999997784,-0.5539254999998775,-1.4156910000001517,-0.21374000000014348,-0.8147155000001476
2023-08-18 00:00:00,-0.3574820000003456,-0.9660600000001978,-0.6617710000002717,-0.7922639999997045,-0.3135130000000572,-0.5528884999998809,-1.422555999999986,-0.2189180000000306,-0.8207370000000083
2023-08-18 00:30:00,-0.35755300000028,-0.9796150000001944,-0.6685840000002372,-0.788564999999835,-0.2988999999997759,-0.5437324999998054,-1.4159669999999096,-0.18515200000001641,-0.800559499999963
2023-08-18 00:45:00,-0.35787299999992683,-0.9818379999996978,-0.6698554999998123,-0.7900469999999586,-0.2993910000000142,-0.5447189999999864,-1.4168610000001536,-0.1831240000001344,-0.799992500000144
2023-08-18 01:00:00,-0.35930199999984325,-0.9798399999999674,-0.6695709999999053,-0.7885650000002897,-0.29967400000032285,-0.5441195000003063,-1.4142170000000078,-0.1857070000000931,-0.7999620000000505
2023-08-18 01:30:00,-0.35437400000000707,-0.9776309999997466,-0.6660024999998768,-0.7882970000000569,-0.2986580000001595,-0.5434775000001082,-1.416859999999815,-0.18528999999989537,-0.8010749999998552
2023-08-18 01:45:00,-0.35573199999998906,-0.9789099999998143,-0.6673209999999017,-0.7922610000000532,-0.30108000000018365,-0.5466705000001184,-1.4196429999997235,-0.1855559999999059,-0.8025994999998147
2023-08-18 02:00:00,-0.36001200000009703,-0.9806589999998323,-0.6703354999999647,-0.7878300000002127,-0.29933100000016566,-0.5435805000001892,-1.4123179999996864,-0.1843869999997878,-0.7983524999997371
2023-08-18 02:15:00,-0.35398099999974875,-0.9787900000001173,-0.666385499999933,-0.7905120000000352,-0.2998170000000755,-0.5451645000000553,-1.416725999999926,-0.18236099999967337,-0.7995434999997997
2023-08-18 02:30:00,-0.35761199999979,-0.9805400000000191,-0.6690759999999045,-0.7903590000000804,-0.2986479999999574,-0.5445035000000189,-1.4189139999998588,-0.1841110000000299,-0.8015124999999443
2023-08-18 02:45:00,-0.35372000000006665,-0.9756219999999303,-0.6646709999999985,-0.7925730000001749,-0.3006789999999455,-0.5466260000000602,-1.4211179999997512,-0.1866930000001048,-0.803905499999928
2023-08-18 03:00:00,-0.35295300000007046,-0.9746979999999894,-0.6638255000000299,-0.7921070000002146,-0.30209300000024086,-0.5471000000002277,-1.417163999999957,-0.18597700000009354,-0.8015705000000253
2023-08-18 03:15:00,-0.3515940000002047,-0.9711980000001859,-0.6613960000001953,-0.7898920000002363,-0.3003430000003391,-0.5451175000002877,-1.4149600000000646,-0.18597499999987122,-0.8004674999999679
2023-08-18 03:30:00,-0.3577420000001439,-0.9780789999999797,-0.6679105000000618,-0.7896089999999276,-0.29791300000033516,-0.5437610000001314,-1.4164180000002489,-0.18336700000008932,-0.7998925000001691
2023-08-18 04:00:00,-0.3576100000000224,-0.9809989999998834,-0.6693044999999529,-0.7886069999999563,-0.29908300000033705,-0.5438450000001467,-1.4171619999997347,-0.18569699999989098,-0.8014294999998128
2023-08-18 05:00:00,-0.35574399999995876,-0.9763419999999314,-0.6660429999999451,-0.786192999999912,-0.3008340000001226,-0.5435135000000173,-1.40836199999967,-0.18569899999965855,-0.7970304999996642
2023-08-18 06:00:00,-0.35437400000000707,-0.977509999999711,-0.665941999999859,-0.788876000000073,-0.29797400000006746,-0.5434250000000702,-1.414520999999695,-0.18092599999999948,-0.7977234999998473
2023-08-18 06:15:00,-0.35107300000026953,-0.9728330000002643,-0.6619530000002669,-0.7893420000000333,-0.30019399999991947,-0.5447679999999764,-1.4167239999997037,-0.18697199999996883,-0.8018479999998362
2023-08-18 06:30:00,-0.35079999999970823,-0.979258999999729,-0.6650294999997186,-0.7890720000000329,-0.29914400000006935,-0.5441080000000511,-1.4164459999997234,-0.18092599999999948,-0.7986859999998615
2023-08-18 06:45:00,-0.35294199999998455,-0.977628999999979,-0.6652854999999818,-0.7886060000000725,-0.29865700000027573,-0.5436315000001741,-1.4136619999999311,-0.1806219999998575,-0.7971419999998943
2023-08-18 07:30:00,-0.3535940000001574,-0.971777000000202,-0.6626855000001797,-0.7884090000002288,-0.2991830000000846,-0.5437960000001567,-1.408816999999999,-0.1813190000002578,-0.7950680000001284
2023-08-18 07:45:00,-0.3547630000002755,-0.9734200000002602,-0.6640915000002678,-0.7866590000003271,-0.29675300000008065,-0.5417060000002039,-1.4099860000001172,-0.18103800000017145,-0.7955120000001443
2023-08-18 08:00:00,-0.3526240000001053,-0.9710690000001705,-0.6618465000001379,-0.7871249999998327,-0.2972799999997733,-0.542202499999803,-1.4121890000001258,-0.18348400000013498,-0.7978365000001304
2023-08-18 08:30:00,-0.3518429999999171,-0.9735270000001037,-0.6626850000000104,-0.7944769999999153,-0.30093200000010256,-0.5477045000000089,-1.4200980000000527,-0.1830680000002758,-0.8015830000001642
2023-08-18 09:00:00,-0.3539820000000873,-0.9735260000002199,-0.6637540000001536,-0.7922610000000532,-0.29918199999974604,-0.5457214999998996,-1.4161440000002585,-0.181318000000374,-0.7987310000003163
2023-08-18 10:30:00,-0.34892200000012963,-0.9729610000003959,-0.6609415000002627,-0.7915709999997489,-0.2974879999997029,-0.5445294999997259,-1.4189510000001064,-0.17945300000019415,-0.7992020000001503
2023-08-18 11:00:00,-0.3482739999999467,-0.9763570000000072,-0.662315499999977,-0.7917579999998452,-0.29622999999992317,-0.5439939999998842,-1.4237780000003113,-0.1791750000002139,-0.8014765000002626
2023-08-18 11:15:00,-0.35002299999996467,-0.980565000000297,-0.6652940000001308,-0.7917579999998452,-0.2969629999997778,-0.5443604999998115,-1.4220279999999548,-0.1770089999999982,-0.7995184999999765
2023-08-18 11:30:00,-0.3443839999999909,-0.9761310000003505,-0.6602575000001707,-0.7951439999997092,-0.29837700000007317,-0.5467604999998912,-1.427150999999867,-0.17804099999966638,-0.8025959999997667
2023-08-18 12:00:00,-0.3504150000003392,-0.981275000000096,-0.6658450000002176,-0.7930419999997866,-0.2994469999998728,-0.5462444999998297,-1.419825000000401,-0.176593000000139,-0.79820900000027
2023-08-18 12:30:00,-0.350025000000187,-0.9805660000001808,-0.6652955000001839,-0.7952579999996487,-0.3004630000000361,-0.5478604999998424,-1.4226080000003094,-0.17759000000023661,-0.800099000000273
2023-08-18 13:00:00,-0.34801400000014837,-0.9790500000003703,-0.6635320000002594,-0.7949909999997544,-0.29837700000007317,-0.5466839999999138,-1.4252529999998842,-0.17687200000000303,-0.8010624999999436
2023-08-18 13:15:00,-0.34646399999974165,-0.9812719999999899,-0.6638679999998658,-0.7942880000000514,-0.2976939999998649,-0.5459909999999581,-1.4274560000003476,-0.17659500000036132,-0.8020255000003544
2023-08-18 13:30:00,-0.34860200000002806,-0.9805610000003071,-0.6645815000001676,-0.793818999999985,-0.29870800000026065,-0.5462635000001228,-1.4240910000003169,-0.17760100000032253,-0.8008460000003197
2023-08-18 13:45:00,-0.3486750000001848,-0.9779969999999594,-0.6633360000000721,-0.7912920000003396,-0.2984660000001895,-0.5448790000002646,-1.4204140000001644,-0.17948900000010326,-0.7999515000001338
2023-08-18 14:00:00,-0.3486729999999625,-0.9799850000003971,-0.6643290000001798,-0.7930409999999029,-0.3016219999999521,-0.5473314999999275,-1.4186650000001464,-0.17875900000035472,-0.7987120000002506
2023-08-18 14:45:00,-0.3454970000002504,-0.9794200000001183,-0.6624585000001844,-0.792761000000155,-0.29934800000000905,-0.546054500000082,-1.420114999999896,-0.17514400000027308,-0.7976295000000846
2023-08-18 15:00:00,-0.34549699999979566,-0.973793999999998,-0.6596454999998969,-0.7933509999998023,-0.2994869999997718,-0.546418999999787,-1.421863999999914,-0.17989299999999275,-0.8008784999999534
2023-08-18 15:15:00,-0.3473759999997128,-0.9762509999995928,-0.6618134999996528,-0.7908670000001621,-0.2967199999998229,-0.5437934999999925,-1.4193850000001476,-0.17655800000011368,-0.7979715000001306
2023-08-18 15:45:00,-0.3458139999997911,-0.9786949999997887,-0.6622544999997899,-0.7901629999996658,-0.29569999999966967,-0.5429314999996677,-1.4221780000002582,-0.17615200000000186,-0.79916500000013
2023-08-18 16:00:00,-0.34522199999992154,-0.9781149999998888,-0.6616684999999052,-0.79133499999989,-0.29686999999967156,-0.5441024999997808,-1.4221919999999955,-0.17615299999988565,-0.7991724999999406
2023-08-18 16:15:00,-0.3456139999998413,-0.9756579999998394,-0.6606359999998404,-0.7891199999999117,-0.2961369999998169,-0.5426284999998643,-1.4199870000002193,-0.17831999999998516,-0.7991535000001022
2023-08-18 16:30:00,-0.34659499999997934,-0.9769579999997404,-0.6617764999998599,-0.7886539999999513,-0.2968710000000101,-0.5427624999999807,-1.414285000000291,-0.17440399999986766,-0.7943445000000793
2023-08-18 17:00:00,-0.34458700000004683,-0.9736840000000484,-0.6591355000000476,-0.7936220000001413,-0.3011430000001383,-0.5473825000001398,-1.4174859999998262,-0.17728900000020076,-0.7973875000000135
2023-08-18 17:30:00,-0.344963000000007,-0.9765919999999824,-0.6607774999999947,-0.7963030000000799,-0.3011420000002545,-0.5487225000001672,-1.4236420000002,-0.17728799999986222,-0.8004650000000311
2023-08-18 18:15:00,-0.3471050000002833,-0.9790499999999156,-0.6630775000000995,-0.7940880000001016,-0.30012699999997494,-0.5471075000000383,-1.4196889999998348,-0.17512299999998504,-0.7974059999999099
2023-08-18 18:45:00,-0.3459429999998065,-0.9798779999996441,-0.6629104999997253,-0.7929160000003321,-0.3003630000002886,-0.5466395000003104,-1.4179370000001654,-0.17439100000001417,-0.7961640000000898
2023-08-18 19:15:00,-0.3528150000001915,-0.9785799999999654,-0.6656975000000784,-0.7916740000000573,-0.2996290000000954,-0.5456515000000763,-1.4167269999998098,-0.17947700000013356,-0.7981019999999717
2023-08-18 20:00:00,-0.3512530000002698,-0.9791549999999916,-0.6652040000001307,-0.7939020000003438,-0.3013860000000932,-0.5476440000002185,-1.4189530000003288,-0.17948999999998705,-0.7992215000001579
2023-08-18 20:15:00,-0.3516429999999673,-0.9830229999997755,-0.6673329999998714,-0.7899350000002414,-0.3011960000003455,-0.5455655000002935,-1.4132480000002943,-0.1777620000002571,-0.7955050000002757
2023-08-18 20:45:00,-0.3512529999998151,-0.9813789999998335,-0.6663159999998243,-0.7939000000001215,-0.302455000000009,-0.5481775000000653,-1.4189500000002226,-0.17979000000013912,-0.7993700000001809
2023-08-18 21:00:00,-0.35339299999986906,-0.978211999999985,-0.665802499999927,-0.7899360000001252,-0.2992400000002817,-0.5445880000002035,-1.414998000000196,-0.18062499999996362,-0.7978115000000798
2023-08-18 21:15:00,-0.3511950000001889,-0.9791560000003301,-0.6651755000002595,-0.7886079999998401,-0.2996349999998529,-0.5441214999998465,-1.4101660000001175,-0.17657000000008338,-0.7933680000001004
2023-08-18 21:30:00,-0.3490560000000187,-0.9796300000002702,-0.6643430000001445,-0.789075000000139,-0.29895699999997305,-0.544016000000056,-1.4135289999999259,-0.17628300000023955,-0.7949060000000827
2023-08-18 21:45:00,-0.35333600000012666,-0.977292000000034,-0.6653140000000803,-0.7881429999997636,-0.2994879999996556,-0.5438154999997096,-1.4102920000000267,-0.17989500000021508,-0.7950935000001209
2023-08-18 22:15:00,-0.35334499999999025,-0.9811630000003788,-0.6672540000001845,-0.788140999999996,-0.29818199999999706,-0.5431614999999965,-1.4102990000001228,-0.17515600000024278,-0.7927275000001828
2023-08-18 22:30:00,-0.3508160000001226,-0.9804550000003474,-0.665635500000235,-0.7925740000000587,-0.3009490000004007,-0.5467615000002297,-1.4164579999996931,-0.17732399999977133,-0.7968909999997322
2023-08-18 22:45:00,-0.3525640000002568,-0.982911999999942,-0.6677380000000994,-0.7925720000002912,-0.29993100000001505,-0.5462515000001531,-1.4164550000000418,-0.175155000000359,-0.7958050000002004
2023-08-18 23:00:00,-0.35269600000037826,-0.9791700000000674,-0.6659330000002228,-0.791827000000012,-0.2996290000000954,-0.5457280000000537,-1.4174540000003617,-0.17947600000024977,-0.7984650000003057
2023-08-18 23:30:00,-0.351205000000391,-0.9796390000001338,-0.6654220000002624,-0.7874470000001565,-0.29779599999983475,-0.5426214999999956,-1.4142520000000331,-0.17921000000023923,-0.7967310000001362
2023-08-18 23:45:00,-0.3565859999998793,-0.9831380000000536,-0.6698619999999664,-0.7913600000001679,-0.30070599999999104,-0.5460330000000795,-1.4164190000001327,-0.180960000000141,-0.7986895000001368
2023-08-19 00:15:00,-0.3536060000001271,-0.9772860000002765,-0.6654460000002018,-0.7849100000003091,-0.29773100000011254,-0.5413205000002108,-1.4094049999998788,-0.18165499999986423,-0.7955299999998715
2023-08-19 00:30:00,-0.35223599999972066,-0.9799709999997503,-0.6661034999997355,-0.7905110000001514,-0.29987800000026255,-0.545194500000207,-1.4149720000000343,-0.17875999999978376,-0.796865999999909
2023-08-19 00:45:00,-0.35612700000001496,-0.9805419999997866,-0.6683344999999008,-0.788876000000073,-0.3004000000000815,-0.5446380000000772,-1.41451700000016,-0.184114000000136,-0.799315500000148
2023-08-19 01:00:00,-0.3539820000000873,-0.9810090000000855,-0.6674955000000864,-0.7905110000001514,-0.30089399999997113,-0.5457025000000613,-1.416721999999936,-0.18267599999990125,-0.7996989999999187
2023-08-19 01:15:00,-0.35826399999996283,-0.9839339999998629,-0.6710989999999128,-0.7895790000002307,-0.3038090000000011,-0.5466940000001159,-1.4117339999997967,-0.18500499999981912,-0.7983694999998079
2023-08-19 01:30:00,-0.3576140000000123,-0.9814769999998134,-0.6695454999999129,-0.7921070000002146,-0.30190600000014456,-0.5470065000001796,-1.4171619999997347,-0.18425200000001496,-0.8007069999998748
2023-08-19 02:15:00,-0.358002999999826,-0.9839339999998629,-0.6709684999998444,-0.7863910000000942,-0.29914000000007945,-0.5427655000000868,-1.4132070000000567,-0.18383499999981723,-0.798520999999937
2023-08-19 03:00:00,-0.35411199999998644,-0.9826520000001437,-0.6683820000000651,-0.7903540000002067,-0.3019630000003417,-0.5461585000002742,-1.4154100000000653,-0.18239700000003722,-0.7989035000000513
2023-08-19 04:00:00,-0.3578739999998106,-0.982289000000037,-0.6700814999999238,-0.7935419999998885,-0.30506700000023557,-0.549304500000062,-1.4156849999999395,-0.18528299999979936,-0.8004839999998694
2023-08-19 05:00:00,-0.3585250000000997,-0.9845099999997728,-0.6715174999999363,-0.7880960000002233,-0.3043950000001132,-0.5462455000001682,-1.4073399999997491,-0.18384800000012547,-0.7955939999999373
2023-08-19 05:15:00,-0.35424399999965317,-0.9820499999996173,-0.6681469999996352,-0.7872780000002422,-0.30191100000001825,-0.5445945000001302,-1.411747000000105,-0.18426399999998466,-0.7980055000000448
2023-08-19 06:00:00,-0.35476599999992686,-0.9780820000000858,-0.6664240000000063,-0.7895770000000084,-0.30433399999992616,-0.5469554999999673,-1.4088120000001254,-0.1845299999999952,-0.7966710000000603
2023-08-19 06:30:00,-0.35437400000000707,-0.9793789999998808,-0.6668764999999439,-0.790042000000085,-0.3021570000000793,-0.5460995000000821,-1.412185000000136,-0.18237300000009782,-0.7972790000001169
2023-08-19 07:30:00,-0.3563859999999295,-0.9762129999999161,-0.6662994999999228,-0.7914809999997487,-0.3036099999999351,-0.5475454999998419,-1.4112930000001143,-0.1849579999998241,-0.7981254999999692
2023-08-19 08:00:00,-0.35612399999990885,-0.9781969999999092,-0.667160499999909,-0.7917919999999867,-0.30385299999989,-0.5478224999999384,-1.4139350000000377,-0.18598900000006324,-0.7999620000000505
2023-08-19 08:15:00,-0.3561250000002474,-0.9789060000002792,-0.6675155000002633,-0.7935439999996561,-0.3045870000000832,-0.5490654999998696,-1.4139390000000276,-0.18382300000030227,-0.7988810000001649
2023-08-19 08:30:00,-0.35612499999979264,-0.978197999999793,-0.6671614999997928,-0.7900429999999687,-0.30210399999987203,-0.5460734999999204,-1.4121860000000197,-0.18424000000004526,-0.7982130000000325
2023-08-19 09:30:00,-0.3546350000001439,-0.9834839999998621,-0.669059500000003,-0.7885759999999209,-0.3033829999999398,-0.5459794999999303,-1.4113160000001699,-0.18342900000016016,-0.797372500000165
2023-08-19 10:15:00,-0.3546320000000378,-0.9854669999999714,-0.6700495000000046,-0.7885739999996986,-0.30479399999967427,-0.5466839999996864,-1.409566000000268,-0.18271000000004278,-0.7961380000001554
2023-08-19 11:00:00,-0.35255499999993845,-0.9793819999999869,-0.6659684999999627,-0.793742000000293,-0.3033280000004197,-0.5485350000003564,-1.4205339999998614,-0.18529300000000148,-0.8029134999999314
2023-08-19 11:30:00,-0.35041400000000067,-0.9817199999997683,-0.6660669999998845,-0.7930390000001353,-0.3016290000000481,-0.5473340000000917,-1.421567999999752,-0.18168100000002596,-0.8016244999998889
2023-08-19 11:45:00,-0.3518450000001394,-0.9805639999999585,-0.6662045000000489,-0.7927270000000135,-0.3004630000000361,-0.5465950000000248,-1.4171759999999267,-0.17759000000023661,-0.7973830000000817
2023-08-19 12:15:00,-0.3471130000002631,-0.9769449999998869,-0.662029000000075,-0.7935050000000956,-0.2997290000002977,-0.5466170000001966,-1.420853999999963,-0.1780060000000958,-0.7994300000000294
2023-08-19 12:30:00,-0.3500340000000506,-0.9773920000002363,-0.6637130000001434,-0.7946750000000975,-0.30016200000000026,-0.5474185000000489,-1.4226120000002993,-0.1801860000000488,-0.801399000000174
2023-08-19 13:45:00,-0.3493860000003224,-0.9756460000003244,-0.6625160000003234,-0.7905419999997321,-0.29840599999988626,-0.5444739999998092,-1.41790600000013,-0.18017300000019532,-0.7990395000001627
2023-08-19 14:00:00,-0.3478960000002189,-0.9763570000000072,-0.6621265000001131,-0.7908230000002732,-0.30088999999998123,-0.5458565000001272,-1.4135359999995671,-0.1780069999999796,-0.7957714999997734
2023-08-19 14:15:00,-0.3454960000003666,-0.9755420000001322,-0.6605190000002494,-0.7927580000000489,-0.3006470000000263,-0.5467025000000376,-1.4201109999999062,-0.17989500000021508,-0.8000030000000606
2023-08-19 14:30:00,-0.34588799999983166,-0.975543000000016,-0.6607154999999238,-0.7922929999999724,-0.3023969999999281,-0.5473449999999502,-1.416740000000118,-0.18047599999999875,-0.7986080000000584
2023-08-19 14:45:00,-0.34659700000020166,-0.9768309999999474,-0.6617140000000745,-0.7903980000000956,-0.300220999999965,-0.5453095000000303,-1.413677000000007,-0.17655899999999747,-0.7951180000000022
2023-08-19 15:00:00,-0.34548399999994217,-0.9778799999999137,-0.6616819999999279,-0.7962700000002769,-0.3036250000000109,-0.5499475000001439,-1.4189650000002985,-0.17629299999998693,-0.7976290000001427
2023-08-19 15:15:00,,-0.9769460000002255,-0.9769460000002255,-0.7923040000000583,-0.30211899999994785,-0.5472115000000031,-1.4150100000001657,-0.1761530000003404,-0.7955815000002531
2023-08-19 16:00:00,-0.34561500000017986,-0.9749489999999241,-0.660282000000052,-0.7943669999999656,-0.3024020000002565,-0.5483845000001111,-1.419984999999997,-0.18048799999996845,-0.8002364999999827
2023-08-19 16:45:00,-0.34056299999974726,-0.972512999999708,-0.6565379999997276,-0.7930820000001404,-0.2999730000001364,-0.5465275000001384,-1.42043700000022,-0.17728900000020076,-0.7988630000002104
2023-08-19 17:00:00,-0.3448449999996228,-0.9767219999998815,-0.6607834999997522,-0.7886509999998452,-0.29895799999985684,-0.543804499999851,-1.4142799999999625,-0.17687299999988682,-0.7955764999999246
2023-08-19 19:00:00,-0.34386399999993955,-0.971320999999989,-0.6575924999999643,-0.7891169999998056,-0.29700000000002547,-0.5430584999999155,-1.4176540000003115,-0.1791550000002644,-0.798404500000288
2023-08-19 19:30:00,-0.3419839999996839,-0.9720289999995657,-0.6570064999996248,-0.7910210000000006,-0.298902999999882,-0.5449619999999413,-1.4189640000004147,-0.17873800000006668,-0.7988510000002407
2023-08-19 19:45:00,-0.3412180000000262,-0.9727380000003905,-0.6569780000002083,-0.7864639999997962,-0.2967180000000553,-0.5415909999999258,-1.4184880000002522,-0.18123000000014144,-0.7998590000001968
2023-08-19 21:45:00,-0.34367500000007567,-0.9753160000000207,-0.6594955000000482,-0.7880559999998695,-0.2987119999997958,-0.5433839999998327,-1.4154240000002574,-0.17875800000001618,-0.7970910000001368
2023-08-19 23:45:00,-0.34899399999994785,-0.9792840000000069,-0.6641389999999774,-0.7837909999998374,-0.2962899999997717,-0.5400404999998045,-1.4111779999998362,-0.17848099999991973,-0.794829499999878
2023-08-20 00:00:00,-0.34756300000026386,-0.9788149999999405,-0.6631890000001022,-0.7858519999999771,-0.2987119999997958,-0.5422819999998865,-1.414400999999998,-0.18166799999971772,-0.7980344999998579
2023-08-20 01:45:00,-0.34724499999992986,-0.9795239999998557,-0.6633844999998928,-0.7820409999999356,-0.29594700000006924,-0.5389940000000024,-1.4100180000000364,-0.1783410000002732,-0.7941795000001548
2023-08-20 02:00:00,-0.34957299999996394,-0.9782100000002174,-0.6638915000000907,-0.7826199999999517,-0.2974890000000414,-0.5400544999999966,-1.408846000000267,-0.18120300000009593,-0.7950245000001814
2023-08-20 02:45:00,-0.3471719999997731,-0.9789209999999002,-0.6630464999998367,-0.7863179999999375,-0.29822199999989607,-0.5422699999999168,-1.4148540000001049,-0.18019599999979619,-0.7975249999999505
2023-08-20 04:45:00,-0.34860100000014427,-0.9764599999998609,-0.6625305000000026,-0.7877540000004046,-0.2992370000001756,-0.5434955000002901,-1.4139690000001792,-0.18120200000021214,-0.7975855000001957
2023-08-20 05:00:00,-0.34685399999989386,-0.9756470000002082,-0.661250500000051,-0.7877539999999499,-0.3007439999996677,-0.5442489999998088,-1.4151280000000952,-0.18424999999979264,-0.7996889999999439
2023-08-20 06:45:00,-0.3443210000000363,-0.9773920000002363,-0.6608565000001363,-0.7886760000001232,-0.30074000000013257,-0.5447080000001279,-1.417786999999862,-0.1825140000000829,-0.8001504999999725
2023-08-20 07:15:00,-0.3480810000000929,-0.9799699999998666,-0.6640254999999797,-0.7871970000001056,-0.2992380000000594,-0.5432175000000825,-1.4168959999997242,-0.18237300000009782,-0.799634499999911
2023-08-20 07:30:00,-0.3470530000004146,-0.9830180000003566,-0.6650355000003856,-0.7887890000001789,-0.3011910000000171,-0.544990000000098,-1.4161530000001221,-0.17951300000004267,-0.7978330000000824
2023-08-20 07:45:00,-0.34530499999982567,-0.9789309999996476,-0.6621179999997366,-0.7882089999998243,-0.3011429999996835,-0.5446759999997539,-1.4161520000002383,-0.18195700000023862,-0.7990545000002385
2023-08-20 08:15:00,-0.3474460000002182,-0.9790370000000621,-0.6632415000001401,-0.785993999999846,-0.3006519999999,-0.543322999999873,-1.4145280000002458,-0.18456500000002052,-0.7995465000001332
2023-08-20 08:45:00,-0.3449140000002444,-0.9772880000000441,-0.6611010000001443,-0.7904250000001412,-0.30065200000035475,-0.545538500000248,-1.4195270000000164,-0.18165500000031898,-0.8005910000001677
2023-08-20 09:15:00,-0.34458200000017314,-0.976462999999967,-0.6605225000000701,-0.787206999999853,-0.2992389999999432,-0.5432229999998981,-1.418065999999726,-0.18353299999989758,-0.8007994999998118
2023-08-20 09:30:00,-0.3463310000001911,-0.9797330000001239,-0.6630320000001575,-0.7889560000003257,-0.3002140000003237,-0.5445850000003247,-1.4180649999998423,-0.18122700000003533,-0.7996459999999388
2023-08-20 09:45:00,-0.34451099999978396,-0.9783189999998285,-0.6614149999998062,-0.7909049999998388,-0.3016689999999471,-0.5462869999998929,-1.4229150000001027,-0.1849809999998797,-0.8039479999999912
2023-08-20 11:30:00,-0.33771299999989424,-0.974369999999908,-0.6560414999999011,-0.791950999999699,-0.3012319999997999,-0.5465914999997494,-1.4227889999997387,-0.18048599999974613,-0.8016374999997424
2023-08-20 12:00:00,-0.3388849999996637,-0.9742629999996097,-0.6565739999996367,-0.7948569999998654,-0.30172099999981583,-0.5482889999998406,-1.425684999999703,-0.1802059999999983,-0.8029454999998507
2023-08-20 12:30:00,-0.34037499999976717,-0.9730810000000929,-0.65672799999993,-0.7998399999996764,-0.3051679999998669,-0.5525039999997716,-1.4289099999996324,-0.18265399999972942,-0.8057819999996809
2023-08-20 13:00:00,-0.3421260000000075,-0.9771850000001905,-0.659655500000099,-0.7980929999998807,-0.30289399999992384,-0.5504934999999023,-1.428914000000077,-0.18020900000010442,-0.8045615000000907
2023-08-20 13:15:00,-0.33920599999964907,-0.9735569999998006,-0.6563814999997248,-0.7963429999999789,-0.3021610000000692,-0.549252000000024,-1.427165000000059,-0.18062700000018594,-0.8038960000001225
2023-08-20 13:30:00,-0.3423750000001746,-0.975079000000278,-0.6587270000002263,-0.7960339999999633,-0.29963599999973667,-0.54783499999985,-1.4274530000002414,-0.17831999999998516,-0.8028865000001133
2023-08-20 13:45:00,-0.3423739999998361,-0.9760129999999663,-0.6591934999999012,-0.7960329999996247,-0.3011429999996835,-0.5485879999996541,-1.4245310000001155,-0.17728800000031697,-0.8009095000002162
2023-08-20 14:00:00,-0.340364000000136,-0.973555000000033,-0.6569595000000845,-0.7963459999996303,-0.30098999999972875,-0.5486679999996795,-1.427176000000145,-0.17945600000030026,-0.8033160000002226
2023-08-20 14:15:00,-0.3407540000002882,-0.9720449999999801,-0.6563995000001341,-0.7976280000002589,-0.3023960000000443,-0.5500120000001516,-1.4238110000001143,-0.17756400000007488,-0.8006875000000946
2023-08-20 14:30:00,-0.3390020000001641,-0.974971000000096,-0.65698650000013,-0.794126000000233,-0.30070500000010725,-0.5474155000001701,-1.42321899999979,-0.17687100000011924,-0.8000449999999546
2023-08-20 15:30:00,-0.3407529999999497,-0.9715700000001561,-0.6561615000000529,-0.7941289999998844,-0.2995770000002267,-0.5468530000000555,-1.4220610000002125,-0.17726300000003903,-0.7996620000001258
2023-08-20 15:45:00,-0.335301999999956,-0.9707539999999426,-0.6530279999999493,-0.7968120000000454,-0.29938300000003437,-0.5480975000000399,-1.4282210000001214,-0.1755380000004152,-0.8018795000002683
2023-08-20 16:00:00,-0.337833000000046,-0.969571999999971,-0.6537025000000085,-0.7958779999999024,-0.30282900000020163,-0.549353500000052,-1.4220620000000963,-0.17915300000004208,-0.8006075000000692
2023-08-20 17:45:00,-0.337833000000046,-0.969571999999971,-0.6537025000000085,-0.7941280000000006,-0.30107900000029986,-0.5476035000001502,-1.4220620000000963,-0.17915300000004208,-0.8006075000000692
2023-08-20 18:15:00,-0.3393230000001495,-0.972964999999931,-0.6561440000000403,-0.7944379999999001,-0.30040999999982887,-0.5474239999998645,-1.4252620000002025,-0.17945499999996173,-0.8023585000000821
2023-08-20 18:30:00,-0.3374410000001262,-0.97061100000019,-0.6540260000001581,-0.7934329999998226,-0.3009349999997539,-0.5471839999997883,-1.4242629999998826,-0.18131899999980305,-0.8027909999998428
2023-08-20 20:00:00,-0.33395599999994374,-0.9671289999996588,-0.6505424999998013,-0.7916729999997187,-0.29918099999986225,-0.5454269999997905,-1.4242430000003878,-0.1813080000001719,-0.8027755000002799
2023-08-20 20:15:00,-0.339853999999832,-0.9714389999999185,-0.6556464999998752,-0.7897229999998672,-0.2994220000000496,-0.5445724999999584,-1.4205630000001293,-0.18233899999995629,-0.8014510000000428
2023-08-20 20:30:00,-0.33771600000000035,-0.9689840000000913,-0.6533500000000458,-0.7901919999999336,-0.2986909999999625,-0.5444414999999481,-1.424518999999691,-0.18450499999971726,-0.8045119999997041
2023-08-20 21:15:00,-0.33816299999989496,-0.9716750000002321,-0.6549190000000635,-0.7903559999999743,-0.2979259999997339,-0.5441409999998541,-1.423518999999942,-0.18046099999992293,-0.8019899999999325
2023-08-20 21:30:00,-0.33953399999973044,-0.9721459999996114,-0.6558399999996709,-0.7876750000000357,-0.2984129999999823,-0.543044000000009,-1.4185229999998228,-0.181344000000081,-0.7999334999999519
2023-08-20 22:15:00,-0.3389440000000832,-0.9728580000000875,-0.6559010000000853,-0.7876740000001519,-0.2979800000002797,-0.5428270000002158,-1.4185199999997167,-0.1797550000001138,-0.7991374999999152
2023-08-20 23:30:00,-0.34127300000000105,-0.9756489999999758,-0.6584609999999884,-0.7865039999996952,-0.29899699999987206,-0.5427504999997836,-1.4185200000001714,-0.1830920000002152,-0.8008060000001933
2023-08-21 00:00:00,-0.3348649999998088,-0.969948999999815,-0.6524069999998119,-0.7859239999997953,-0.29739999999992506,-0.5416619999998602,-1.4202690000001894,-0.18267400000013367,-0.8014715000001615
2023-08-21 00:45:00,-0.3409550000001218,-0.9763580000003458,-0.6586565000002338,-0.7844430000000102,-0.29798099999970873,-0.5412119999998595,-1.4152969999995548,-0.18092499999966094,-0.7981109999996079
2023-08-21 01:15:00,-0.3427040000001398,-0.9738980000001902,-0.658301000000165,-0.7861920000000282,-0.2972460000000865,-0.5417190000000573,-1.4187959999999293,-0.1830910000003314,-0.8009435000001304
2023-08-21 02:30:00,-0.34341300000005504,-0.9751870000000054,-0.6593000000000302,-0.7872079999997368,-0.29797999999982494,-0.5425939999997809,-1.4174859999998262,-0.18092399999977715,-0.7992049999998017
2023-08-21 03:30:00,-0.34166300000015326,-0.9722540000002482,-0.6569585000002007,-0.785457999999835,-0.2979259999997339,-0.5416919999997845,-1.416316000000279,-0.18337000000019543,-0.7998430000002372
2023-08-21 04:45:00,-0.34069300000010116,-0.9743590000002769,-0.657526000000189,-0.7859239999997953,-0.2994330000001355,-0.5426784999999654,-1.4167700000002696,-0.18350899999995818,-0.8001395000001139
2023-08-21 08:00:00,-0.34484199999997145,-0.9751740000001519,-0.6600080000000617,-0.7839790000002722,-0.2979159999999865,-0.5409475000001294,-1.4142759999999726,-0.18395000000009532,-0.7991130000000339
2023-08-21 09:00:00,-0.34231200000022,-0.9740139999998974,-0.6581630000000587,-0.7913300000000163,-0.3014250000001084,-0.5463775000000624,-1.4221819999997933,-0.18453999999974258,-0.803360999999768
2023-08-21 09:15:00,-0.3443230000002586,-0.9782239999999547,-0.6612735000001067,-0.7898480000003474,-0.3021590000003016,-0.5460035000003245,-1.4166199999999662,-0.18120399999997971,-0.798911999999973
2023-08-21 09:45:00,-0.3421819999998661,-0.9748290000002271,-0.6585055000000466,-0.7903140000003077,-0.29991800000016156,-0.5451160000002346,-1.4229119999999966,-0.18382199999996374,-0.8033669999999802
2023-08-21 11:15:00,-0.33511300000009214,-0.973435000000336,-0.6542740000002141,-0.7957620000001953,-0.3043950000001132,-0.5500785000001542,-1.4254220000002533,-0.1809280000002218,-0.8031750000002376
2023-08-21 11:45:00,-0.33900199999970937,-0.9731999999999061,-0.6561009999998078,-0.7952970000001187,-0.3029810000002726,-0.5491390000001957,-1.4214700000002267,-0.1781460000001971,-0.7998080000002119
2023-08-21 12:00:00,-0.33511300000009214,-0.9705069999999978,-0.652810000000045,-0.7957620000001953,-0.3043360000001485,-0.5500490000001719,-1.425423000000137,-0.182781999999861,-0.804102499999999
2023-08-21 12:30:00,-0.33874299999979485,-0.9756579999998394,-0.6572004999998171,-0.7985140000000683,-0.30546400000002905,-0.5519890000000487,-1.4240899999999783,-0.17772899999999936,-0.8009094999999888
2023-08-21 13:00:00,-0.33686100000022634,-0.9732000000003609,-0.6550305000002936,-0.797512000000097,-0.3047300000002906,-0.5511210000001938,-1.425423000000137,-0.17989500000021508,-0.8026590000001761
2023-08-21 13:15:00,-0.33407400000032794,-0.9698070000004009,-0.6519405000003644,-0.7950150000001486,-0.30366200000025856,-0.5493385000002036,-1.4240899999999783,-0.18134499999996478,-0.8027174999999716
2023-08-21 13:30:00,-0.3369920000000093,-0.9709750000001804,-0.6539835000000949,-0.7967650000000503,-0.30366000000003623,-0.5502125000000433,-1.4229299999997238,-0.17843299999958617,-0.800681499999655
2023-08-21 13:45:00,-0.3387440000001334,-0.9751870000000054,-0.6569655000000694,-0.7985170000001744,-0.306145000000015,-0.5523310000000947,-1.42293299999983,-0.1780189999999493,-0.8004759999998896
2023-08-21 14:00:00,-0.33731299999999464,-0.972023000000263,-0.6546680000001288,-0.7982480000000578,-0.30584200000021156,-0.5520450000001347,-1.426155000000108,-0.18234000000029482,-0.8042475000002014
2023-08-21 14:15:00,-0.3344609999999193,-0.9743690000000242,-0.6544149999999718,-0.7994449999996505,-0.30589899999995396,-0.5526719999998022,-1.4279169999999795,-0.17873499999996056,-0.80332599999997
2023-08-21 14:30:00,-0.33731100000022707,-0.9727299999999559,-0.6550205000000915,-0.7953270000002703,-0.30190500000026077,-0.5486160000002656,-1.4244040000003224,-0.17842200000040975,-0.8014130000003661
2023-08-21 14:45:00,-0.3348519999999553,-0.9685209999997824,-0.6516864999998688,-0.7972310000000107,-0.30292000000008557,-0.5500755000000481,-1.4251350000004095,-0.17883900000015274,-0.8019870000002811
2023-08-21 15:15:00,-0.32980300000008356,-0.9697150000001784,-0.649759000000131,-0.7976960000000872,-0.3041450000000623,-0.5509205000000748,-1.4261680000004162,-0.1769730000000891,-0.8015705000002527
2023-08-21 15:30:00,-0.33284199999980046,-0.9692300000001524,-0.6510359999999764,-0.7987119999997958,-0.303653999999824,-0.5511829999998099,-1.4266080000002148,-0.1772519999999531,-0.801930000000084
2023-08-21 15:45:00,-0.33382099999971615,-0.9714639999997416,-0.6526424999997289,-0.7982449999999517,-0.30589400000008027,-0.552069500000016,-1.4244029999999839,-0.17872200000010707,-0.8015625000000455
2023-08-21 16:45:00,-0.3342130000000907,-0.968413000000055,-0.6513130000000729,-0.7948699999997189,-0.3034170000000813,-0.5491434999999001,-1.4210410000000593,-0.1791520000001583,-0.8000965000001088
2023-08-21 17:15:00,-0.3353149999998095,-0.9669959999996536,-0.6511554999997315,-0.8020559999999932,-0.30720100000007733,-0.5546285000000353,-1.4258669999999256,-0.1799879999998666,-0.8029274999998961
2023-08-21 18:00:00,-0.3332439999999224,-0.9679389999996602,-0.6505914999997913,-0.7953240000001642,-0.30292800000006537,-0.5491260000001148,-1.4232220000003508,-0.17943200000036086,-0.8013270000003558
2023-08-21 19:30:00,-0.33363500000041313,-0.9700550000002295,-0.6518450000003213,-0.7931060000000798,-0.3027370000004339,-0.5479215000002569,-1.4192660000003343,-0.17770400000017617,-0.7984850000002552
2023-08-21 20:00:00,-0.3346030000002429,-0.971806000000015,-0.653204500000129,-0.7926530000004277,-0.30565800000022136,-0.5491555000003245,-1.4153360000000248,-0.17887500000006185,-0.7971055000000433
2023-08-21 20:30:00,-0.3356340000000273,-0.9701669999999467,-0.652900499999987,-0.791639000000032,-0.30225200000040786,-0.5469455000002199,-1.4195549999999457,-0.18088900000020658,-0.8002220000000762
2023-08-21 20:45:00,-0.33589600000004793,-0.9716900000003079,-0.6537930000001779,-0.7913170000001628,-0.3026389999999992,-0.546978000000081,-1.4163320000002386,-0.17800500000021202,-0.7971685000002253
2023-08-21 21:00:00,-0.3355029999997896,-0.9727299999999559,-0.6541164999998728,-0.7917830000001231,-0.30365600000004633,-0.5477195000000847,-1.418536000000131,-0.18017300000019532,-0.7993545000001632
2023-08-21 21:15:00,-0.3362130000000434,-0.9709790000001703,-0.6535960000001069,-0.7898790000003828,-0.300155000000359,-0.5450170000003709,-1.4178059999999277,-0.178421999999955,-0.7981139999999414
2023-08-21 21:45:00,-0.3355009999995673,-0.9738999999999578,-0.6547004999997625,-0.7935449999999946,-0.3065750000000662,-0.5500600000000304,-1.4168100000001687,-0.17959400000017922,-0.7982020000001739
2023-08-21 22:00:00,-0.3358909999997195,-0.9709759999996095,-0.6534334999996645,-0.7913290000001325,-0.30366000000003623,-0.5474945000000844,-1.4163539999999557,-0.1801829999999427,-0.7982684999999492
2023-08-21 22:45:00,-0.33446299999968687,-0.9692289999998138,-0.6518459999997503,-0.7916280000004008,-0.301904000000377,-0.5467660000003889,-1.4178049999995892,-0.17842099999961647,-0.7981129999996028
2023-08-21 23:15:00,-0.3366030000001956,-0.9758970000002591,-0.6562500000002274,-0.790581000000202,-0.3045410000004267,-0.5475610000003144,-1.4121000000000095,-0.17583800000011252,-0.793969000000061
2023-08-21 23:30:00,-0.33842200000026423,-0.9726190000001225,-0.6555205000001934,-0.7886459999999715,-0.30414999999993597,-0.5463979999999538,-1.4101960000002691,-0.17990499999996246,-0.7950505000001158
2023-08-22 00:00:00,-0.33978100000013,-0.975184000000354,-0.657482500000242,-0.7873630000003686,-0.30089399999997113,-0.5441285000001699,-1.4153080000000955,-0.1809250000001157,-0.7981165000001056
2023-08-22 01:30:00,-0.33764400000018213,-0.9720219999999244,-0.6548330000000533,-0.7878160000000207,-0.30117199999995137,-0.544493999999986,-1.4163299999995616,-0.18233899999995629,-0.7993344999997589
2023-08-22 03:30:00,-0.33764300000029834,-0.9768309999999474,-0.6572370000001229,-0.7878160000000207,-0.3013789999999972,-0.544597500000009,-1.4174989999996797,-0.18064499999991313,-0.7990719999997964
2023-08-22 03:45:00,-0.3373820000001615,-0.9763580000003458,-0.6568700000002536,-0.7863769999999022,-0.2991389999997409,-0.5427579999998215,-1.4189719999999397,-0.18092299999989336,-0.7999474999999165
2023-08-22 04:00:00,-0.3366020000003118,-0.9734360000002198,-0.6550190000002658,-0.7876610000002984,-0.30088700000032986,-0.5442740000003141,-1.4150179999996908,-0.1791729999999916,-0.7970954999998412
2023-08-22 05:30:00,-0.3370620000000599,-0.9762500000001637,-0.6566560000001118,-0.7866559999997662,-0.3002179999998589,-0.5434369999998125,-1.4145809999999983,-0.177726000000348,-0.7961535000001732
2023-08-22 06:30:00,-0.3362819999997555,-0.9741349999999329,-0.6552084999998442,-0.7844430000000102,-0.30156799999986106,-0.5430054999999356,-1.412398999999823,-0.18237299999964307,-0.797385999999733
2023-08-22 10:15:00,-0.3376389999998537,-0.9722540000002482,-0.654946500000051,-0.7878279999999904,-0.3008340000001226,-0.5443310000000565,-1.4146030000001701,-0.17986999999993714,-0.7972365000000536
2023-08-22 11:00:00,-0.33907199999976,-0.9722549999996772,-0.6556634999997186,-0.791016000000127,-0.3043330000000424,-0.5476745000000847,-1.414878999999928,-0.1816179999996166,-0.7982484999997723
2023-08-22 11:15:00,-0.3334930000000895,-0.9705080000003363,-0.6520005000002129,-0.795013000000381,-0.3060840000002827,-0.5505485000003318,-1.421179000000393,-0.18162000000029366,-0.8013995000003433
2023-08-22 11:45:00,-0.33589500000016415,-0.9695650000003297,-0.652730000000247,-0.7924870000001647,-0.3068590000002587,-0.5496730000002117,-1.4145840000001044,-0.18275600000015402,-0.7986700000001292
2023-08-22 12:00:00,-0.33550400000012814,-0.972023000000263,-0.6537635000001956,-0.7935330000000249,-0.30642200000011144,-0.5499775000000682,-1.415617999999995,-0.17942000000039116,-0.797519000000193
2023-08-22 12:45:00,-0.3373820000001615,-0.9720200000001569,-0.6547010000001592,-0.7927979999999479,-0.30466999999998734,-0.5487339999999676,-1.417805000000044,-0.1811680000000706,-0.7994865000000573
2023-08-22 13:00:00,-0.3381019999997079,-0.9720319999996718,-0.6550669999996899,-0.7926540000003115,-0.3046820000004118,-0.5486680000003616,-1.418836000000283,-0.1829280000001745,-0.8008820000002288
2023-08-22 13:30:00,-0.3355709999996179,-0.9727399999997033,-0.6541554999996606,-0.7970850000001519,-0.30541400000038266,-0.5512495000002673,-1.4232420000003003,-0.17901200000005701,-0.8011270000001787
2023-08-22 13:45:00,-0.3355720000004112,-0.9719130000003133,-0.6537425000003623,-0.7970870000003742,-0.3051680000003216,-0.5511275000003479,-1.4220750000004045,-0.1779830000000402,-0.8000290000002224
2023-08-22 14:00:00,-0.33356199999980163,-0.9714379999995799,-0.6524999999996908,-0.795053999999709,-0.30409599999984493,-0.549574999999777,-1.4246940000002724,-0.1811800000000403,-0.8029370000001563
2023-08-22 14:15:00,-0.334215000000313,-0.9701630000004116,-0.6521890000003623,-0.7931070000004183,-0.30341800000041985,-0.5482625000004191,-1.4175170000003163,-0.1774030000001403,-0.7974600000002283
2023-08-22 14:30:00,-0.3375250000003689,-0.9737910000003467,-0.6556580000003578,-0.7938110000000052,-0.30531999999993786,-0.5495654999999715,-1.4170630000003257,-0.1787360000002991,-0.7978995000003124
2023-08-22 14:45:00,-0.3359650000002148,-0.9743720000001304,-0.6551685000001726,-0.7931089999997312,-0.30415199999970355,-0.5486304999997174,-1.4192700000003242,-0.1787360000002991,-0.7990030000003117
2023-08-22 15:00:00,-0.3324659999998403,-0.9684139999999388,-0.6504399999998896,-0.7966080000001057,-0.3069160000000011,-0.5517620000000534,-1.4198490000003403,-0.1797310000001744,-0.7997900000002574
2023-08-22 15:45:00,-0.3338130000001911,-0.9717980000000352,-0.6528055000001132,-0.7982459999998355,-0.3068169999996826,-0.552531499999759,-1.4220749999999498,-0.17770299999983763,-0.7998889999998937
2023-08-22 16:45:00,-0.33394200000020646,-0.9688630000000558,-0.6514025000001311,-0.7963399999998728,-0.3055930000000444,-0.5509664999999586,-1.4213420000000951,-0.18014799999991737,-0.8007450000000063
2023-08-22 17:15:00,-0.33193400000027395,-0.9712190000000192,-0.6515765000001466,-0.7978120000002491,-0.3068189999999049,-0.552315500000077,-1.4222170000002734,-0.17770500000005995,-0.7999610000001667
2023-08-22 17:30:00,-0.3300500000000284,-0.9678230000004078,-0.6489365000002181,-0.7968070000001717,-0.3045759999999973,-0.5506915000000845,-1.4252959999998893,-0.1797310000001744,-0.8025135000000319
2023-08-22 19:30:00,-0.33783100000027844,-0.9706140000002961,-0.6542225000002873,-0.7929659999999785,-0.3026839999997719,-0.5478249999998752,-1.4203090000000884,-0.181318000000374,-0.8008135000002312
2023-08-22 20:00:00,-0.33395199999995384,-0.9747160000001713,-0.6543340000000626,-0.7934180000002016,-0.30564700000013545,-0.5495325000001685,-1.4213310000000092,-0.18120200000021214,-0.8012665000001107
2023-08-22 20:45:00,-0.33752499999991414,-0.9755399999999099,-0.656532499999912,-0.7926390000002357,-0.3059000000002925,-0.5492695000002641,-1.4141410000001997,-0.17756400000007488,-0.7958525000001373
2023-08-22 21:00:00,-0.3356420000000071,-0.9713309999997364,-0.6534864999998717,-0.7916370000002644,-0.3034160000001975,-0.547526500000231,-1.4166450000002442,-0.1791510000002745,-0.7978980000002593
2023-08-22 21:45:00,-0.3359600000003411,-0.9753030000001672,-0.6556315000002542,-0.7913680000001477,-0.30390600000009727,-0.5476370000001225,-1.4192870000001676,-0.18062200000031225,-0.7999545000002399
2023-08-22 22:00:00,-0.3363499999995838,-0.9712009999998372,-0.6537754999997105,-0.7891519999998309,-0.3026829999998881,-0.5459174999998595,-1.417084000000159,-0.18306699999993725,-0.8000755000000481
2023-08-22 22:15:00,-0.3377810000001773,-0.9743680000001405,-0.6560745000001589,-0.7905889999997271,-0.30414799999971365,-0.5473684999997204,-1.4156070000003638,-0.18048300000009476,-0.7980450000002293
2023-08-22 23:15:00,-0.33894099999997707,-0.973070000000007,-0.656005499999992,-0.7888399999997091,-0.301665999999841,-0.5452529999997751,-1.413857999999891,-0.17914999999993597,-0.7965039999999135
2023-08-23 00:45:00,-0.3353700000002391,-0.9743469999998524,-0.6548585000000458,-0.7896190000001297,-0.30409700000018347,-0.5468580000001566,-1.4192870000001676,-0.1840990000000602,-0.8016930000001139
2023-08-23 02:45:00,-0.33577399999967383,-0.9701529999997547,-0.6529634999997143,-0.7891379999996389,-0.30335699999977805,-0.5462474999997085,-1.4170590000003358,-0.18450299999994968,-0.8007810000001427
2023-08-23 04:15:00,-0.33538299999963783,-0.9730819999999767,-0.6542324999998073,-0.7913539999999557,-0.3034159999997428,-0.5473849999998492,-1.4192619999998897,-0.18089899999995396,-0.8000804999999218
2023-08-23 04:45:00,-0.33557199999995646,-0.9753049999999348,-0.6554384999999456,-0.7918219999996836,-0.30215699999962453,-0.5469894999996541,-1.4232179999999062,-0.18061999999963518,-0.8019189999997707
2023-08-23 05:00:00,-0.33071300000028714,-0.9684120000001712,-0.6495625000002292,-0.7913540000004105,-0.30341500000031374,-0.5473845000003621,-1.4192630000002282,-0.18089899999995396,-0.8000810000000911
2023-08-23 07:00:00,-0.3299289999999928,-0.969452999999703,-0.6496909999998479,-0.7928790000000845,-0.30326200000035897,-0.5480705000002217,-1.4254420000002028,-0.18306600000005346,-0.8042540000001281
2023-08-23 08:30:00,-0.3352509999999711,-0.9728479999998854,-0.6540494999999282,-0.7932719999998881,-0.30492299999968964,-0.5490974999997889,-1.421766999999818,-0.1827869999997347,-0.8022769999997763
2023-08-23 10:15:00,-0.3352489999997488,-0.9719099999997525,-0.6535794999997506,-0.7921010000000024,-0.30224500000031185,-0.5471730000001571,-1.4200159999995776,-0.17914799999971365,-0.7995819999996456
2023-08-23 11:15:00,-0.33499099999971804,-0.9658119999999144,-0.6504014999998162,-0.7953210000000581,-0.30422500000031505,-0.5497730000001866,-1.42321899999979,-0.18417799999997442,-0.8036984999998822
2023-08-23 11:30:00,-0.33530900000005204,-0.9639310000002297,-0.6496200000001409,-0.7950519999999415,-0.3017400000003363,-0.5483960000001389,-1.426441000000068,-0.1851729999998497,-0.8058069999999589
2023-08-23 11:45:00,-0.3349189999998998,-0.9610020000000077,-0.6479604999999538,-0.796100000000024,-0.30051200000025347,-0.5483060000001387,-1.4268980000001648,-0.18352899999990768,-0.8052135000000362
2023-08-23 12:15:00,-0.3350479999999152,-0.9587790000000496,-0.6469134999999824,-0.7988650000002053,-0.30294000000003507,-0.5509025000001202,-1.4279270000001816,-0.18556500000022425,-0.8067460000002029
2023-08-23 12:30:00,-0.33315700000002835,-0.9592529999999897,-0.646205000000009,-0.7972700000000259,-0.30168000000003303,-0.5494750000000295,-1.4274980000000141,-0.18411599999990358,-0.8058069999999589
2023-08-23 12:45:00,-0.33315799999991214,-0.9610050000001138,-0.647081500000013,-0.797273000000132,-0.30343200000015713,-0.5503525000001446,-1.4257510000002185,-0.1841180000001259,-0.8049345000001722
2023-08-23 13:00:00,-0.3328989999999976,-0.9628830000001471,-0.6478910000000724,-0.7987410000000637,-0.3035850000001119,-0.5511630000000878,-1.4330400000003465,-0.18779100000028848,-0.8104155000003175
2023-08-23 13:15:00,-0.3328980000001138,-0.9649859999999535,-0.6489420000000337,-0.7987400000001799,-0.3033900000000358,-0.5510650000001078,-1.43128999999999,-0.1843149999999696,-0.8078024999999798
2023-08-23 13:30:00,-0.33290900000019974,-0.9686160000001109,-0.6507625000001553,-0.7975810000002639,-0.3041250000001128,-0.5508530000001883,-1.4330399999998917,-0.18680899999981193,-0.8099244999998518
2023-08-23 13:45:00,-0.33076900000014575,-0.9710740000000442,-0.650921500000095,-0.799797000000126,-0.30660900000020774,-0.5532030000001669,-1.4340839999999844,-0.18523200000026918,-0.8096580000001268
2023-08-23 14:15:00,-0.3354269999999815,-0.9762160000000222,-0.6558215000000018,-0.7980469999997695,-0.3041889999999512,-0.5511179999998603,-1.432325000000219,-0.18203500000026906,-0.807180000000244
2023-08-23 14:30:00,-0.3364670000000842,-0.9735319999999774,-0.6549995000000308,-0.7968060000002879,-0.3055899999999383,-0.5511980000001131,-1.4276260000001457,-0.18422300000020186,-0.8059245000001738
2023-08-23 15:30:00,-0.33516800000006697,-0.9734260000000177,-0.6542970000000423,-0.7946309999997538,-0.3025920000000042,-0.548611499999879,-1.428356000000349,-0.1827849999999671,-0.8055705000001581
2023-08-23 16:00:00,-0.33504800000036994,-0.9756470000002082,-0.6553475000002891,-0.7953670000001694,-0.30365900000015245,-0.5495130000001609,-1.4279169999999795,-0.1813390000002073,-0.8046280000000934
2023-08-23 16:15:00,-0.3330370000003313,-0.9744680000003427,-0.653752500000337,-0.7933480000001509,-0.3036000000001877,-0.5484740000001693,-1.429399999999987,-0.18553400000018883,-0.8074670000000879
2023-08-23 16:30:00,-0.3373180000003231,-0.9775290000002315,-0.6574235000002773,-0.7929960000001302,-0.30263700000023164,-0.5478165000001809,-1.4267429999999877,-0.18266900000025998,-0.8047060000001238
2023-08-23 16:45:00,-0.33692800000017087,-0.9761120000002848,-0.6565200000002278,-0.7952119999999923,-0.30467099999987113,-0.5499414999999317,-1.426028000000315,-0.18233600000030492,-0.8041820000003099
2023-08-23 17:00:00,-0.33705800000007,-0.9743600000001607,-0.6557090000001153,-0.7944640000000618,-0.3029190000002018,-0.5486915000001318,-1.4264440000001741,-0.1823340000000826,-0.8043890000001284
2023-08-23 17:15:00,-0.3376389999998537,-0.9772940000002563,-0.657466500000055,-0.7979629999999815,-0.3058920000003127,-0.5519275000001471,-1.4264440000001741,-0.17988800000011906,-0.8031660000001466
2023-08-23 17:30:00,-0.33549900000025445,-0.9751759999999194,-0.655337500000087,-0.7966799999999239,-0.3043320000001586,-0.5505060000000412,-1.4303970000000845,-0.18336600000020553,-0.806881500000145
2023-08-23 18:45:00,-0.3341360000003988,-0.9797400000002199,-0.6569380000003093,-0.7976120000002993,-0.3048220000000583,-0.5512170000001788,-1.4336350000003222,-0.1819170000003396,-0.8077760000003309
2023-08-23 20:15:00,-0.3330980000000636,-0.9775290000002315,-0.6553135000001475,-0.7974600000002283,-0.30263700000023164,-0.55004850000023,-1.4352460000000065,-0.180920000000242,-0.8080830000001242
2023-08-23 20:30:00,-0.33510400000022855,-0.9776329999999689,-0.6563685000000987,-0.7954100000001745,-0.3015660000000935,-0.548488000000134,-1.4291250000001128,-0.17770000000018626,-0.8034125000001495
2023-08-23 20:45:00,-0.3341259999997419,-0.9792649999999412,-0.6566954999998416,-0.7993770000002769,-0.3043929999998909,-0.5518850000000839,-1.4359890000000632,-0.18092299999989336,-0.8084559999999783
2023-08-23 21:00:00,-0.33438699999987875,-0.97787500000004,-0.6561309999999594,-0.7990629999999328,-0.3047320000000582,-0.5518974999999955,-1.4350930000000517,-0.18221700000003693,-0.8086550000000443
2023-08-23 21:15:00,-0.33477499999980864,-0.9783429999997679,-0.6565589999997883,-0.7956770000000688,-0.30288900000005015,-0.5492830000000595,-1.4293910000001233,-0.17903200000000652,-0.8042115000000649
2023-08-23 21:30:00,-0.3326360000000932,-0.9783440000001065,-0.6554900000000998,-0.7961430000000291,-0.30288900000005015,-0.5495160000000396,-1.4327650000000176,-0.1802020000000084,-0.806483500000013
2023-08-23 23:00:00,-0.33263499999975465,-0.9756259999999202,-0.6541304999998374,-0.7961430000000291,-0.3053480000003219,-0.5507455000001755,-1.4315950000000157,-0.18494299999974828,-0.808268999999882
2023-08-23 23:45:00,-0.3358149999999114,-0.9776249999999891,-0.6567199999999502,-0.794079999999667,-0.30326500000001033,-0.5486724999998387,-1.4318680000001223,-0.18596999999999753,-0.8089190000000599
2023-08-24 00:30:00,-0.33834600000000137,-0.9814790000000357,-0.6599125000000186,-0.7913990000001832,-0.3048220000000583,-0.5481105000001207,-1.4239619999998467,-0.18424499999991895,-0.8041034999998828
2023-08-24 00:45:00,-0.33795499999996537,-0.9821870000000672,-0.6600710000000163,-0.7918660000000273,-0.3020559999999932,-0.5469610000000102,-1.429664999999659,-0.18382799999972121,-0.8067464999996901
2023-08-24 01:00:00,-0.34184499999992113,-0.9805409999999029,-0.661192999999912,-0.7931490000000849,-0.3015650000002097,-0.5473570000001473,-1.4257119999997485,-0.1806069999997817,-0.8031594999997651
2023-08-24 01:15:00,-0.33840299999974377,-0.9840719999997418,-0.6612374999997428,-0.7920220000000882,-0.29817700000012337,-0.5450995000001058,-1.428668000000016,-0.17514800000026298,-0.8019080000001395
2023-08-24 01:30:00,-0.34081400000013673,-0.9831500000000233,-0.66198200000008,-0.791244000000006,-0.2978339999999662,-0.5445389999999861,-1.424992000000202,-0.1744170000001759,-0.799704500000189
2023-08-24 02:00:00,-0.33867499999996653,-0.9859730000002855,-0.662324000000126,-0.7934600000003229,-0.2983840000001692,-0.545922000000246,-1.4271950000002107,-0.17053600000008373,-0.7988655000001472
2023-08-24 02:15:00,-0.33867499999996653,-0.9855050000001029,-0.6620900000000347,-0.7917110000003049,-0.2973090000000411,-0.544510000000173,-1.4271950000002107,-0.17197200000009616,-0.7995835000001534
2023-08-24 02:30:00,-0.34016500000007,-0.985609000000295,-0.6628870000001825,-0.7931790000002366,-0.2968180000002576,-0.5449985000002471,-1.4298149999999623,-0.1722500000000764,-0.8010325000000194
2023-08-24 02:45:00,-0.33906500000011874,-0.9879630000000361,-0.6635140000000774,-0.7894949999999881,-0.2980430000002343,-0.5437690000001112,-1.4238220000002002,-0.17213500000025306,-0.7979785000002266
2023-08-24 03:00:00,-0.340556000000106,-0.985838000000058,-0.663197000000082,-0.7927130000002762,-0.30109200000015335,-0.5469025000002148,-1.4264419999999518,-0.17688600000019505,-0.8016640000000734
2023-08-24 03:45:00,-0.33906500000011874,-0.9836129999998775,-0.6613389999999981,-0.7883349999997336,-0.29886199999964447,-0.543598499999689,-1.4220720000002984,-0.1765850000001592,-0.7993285000002288
2023-08-24 04:30:00,-0.3390669999998863,-0.9833650000000489,-0.6612159999999676,-0.7912419999997837,-0.30211499999995794,-0.5466784999998708,-1.4220500000001266,-0.17730600000004415,-0.7996780000000854
2023-08-24 05:15:00,-0.34198700000024473,-0.9817219999999907,-0.6618545000001177,-0.7912429999996675,-0.30157599999984086,-0.5464094999997542,-1.4208910000002106,-0.17828900000040449,-0.7995900000003076
2023-08-24 06:45:00,-0.3386750000004213,-0.979598000000351,-0.6591365000003861,-0.7917130000000725,-0.30578700000023673,-0.5487500000001546,-1.423109000000295,-0.18595000000004802,-0.8045295000001715
2023-08-24 07:00:00,-0.340556000000106,-0.9813480000002528,-0.6609520000001794,-0.7944640000000618,-0.3092860000001565,-0.5518750000001091,-1.423526000000038,-0.1876999999999498,-0.8056129999999939
2023-08-24 08:30:00,-0.3398329999999987,-0.9891290000000481,-0.6644810000000234,-0.7934600000003229,-0.29692900000009104,-0.545194500000207,-1.4242770000000746,-0.16386199999988094,-0.7940694999999778
2023-08-24 08:45:00,-0.3398349999997663,-0.9878530000000865,-0.6638439999999264,-0.7963810000001104,-0.2974189999999908,-0.5469000000000506,-1.4254479999999603,-0.16183399999999892,-0.7936409999999796
2023-08-24 09:30:00,-0.33769299999994473,-0.9975319999998646,-0.6676124999999047,-0.7985960000000887,-0.28527600000006714,-0.5419360000000779,-1.4264830000001893,-0.13105700000005527,-0.7787700000001223
2023-08-24 09:45:00,-0.3380859999997483,-0.9879919999998492,-0.6630389999997988,-0.7963810000001104,-0.29471200000034514,-0.5455465000002278,-1.4236989999999423,-0.1543139999998857,-0.789006499999914
2023-08-24 10:00:00,-0.3362059999999474,-0.9938979999997173,-0.6650519999998323,-0.795364999999947,-0.2862350000000333,-0.5407999999999902,-1.4232590000001437,-0.1362490000001344,-0.7797540000001391
2023-08-24 10:15:00,-0.3400979999996707,-0.9963569999999891,-0.6682274999998299,-0.7966490000003432,-0.2869690000002265,-0.5418090000002849,-1.422805000000153,-0.13583199999993667,-0.7793185000000449
2023-08-24 10:30:00,-0.33834600000000137,-0.989654999999857,-0.6640004999999292,-0.7948989999999867,-0.2894740000001548,-0.5421865000000707,-1.421056000000135,-0.14447599999994054,-0.7827660000000378
2023-08-24 13:00:00,-0.3383450000001176,-0.9948479999998199,-0.6665964999999687,-0.7948989999999867,-0.2820190000002185,-0.5384590000001026,-1.422805000000153,-0.1303379999999379,-0.7765715000000455
2023-08-24 13:15:00,-0.3367960000000494,-0.996288000000277,-0.6665420000001632,-0.7953660000002856,-0.27654000000029555,-0.5359530000002906,-1.4267580000000635,-0.1223880000002282,-0.7745730000001458
2023-08-24 13:45:00,-0.3347830000002432,-0.9996820000001208,-0.667232500000182,-0.7968470000000707,-0.28052999999999884,-0.5386885000000348,-1.4276519999998527,-0.12385799999992742,-0.7757549999998901
2023-08-24 14:30:00,-0.33867300000019895,-0.9927360000001499,-0.6657045000001744,-0.7952110000001085,-0.28331400000024587,-0.5392625000001772,-1.426028000000315,-0.13682599999992817,-0.7814270000001216
2023-08-24 14:45:00,-0.3384150000001682,-0.9982549999999719,-0.6683350000000701,-0.7966799999999239,-0.28250400000024456,-0.5395920000000842,-1.4257299999999304,-0.12887700000010227,-0.7773035000000164
2023-08-24 15:00:00,-0.33802300000024843,-0.9994329999999536,-0.668728000000101,-0.7971450000000004,-0.279062999999951,-0.5381039999999757,-1.4326019999998607,-0.12819200000012643,-0.7803969999999936
2023-08-24 15:30:00,-0.33692599999994854,-0.9953350000000682,-0.6661305000000084,-0.7963679999998021,-0.2825039999997898,-0.539435999999796,-1.4242570000001251,-0.12887700000010227,-0.7765670000001137
2023-08-24 15:45:00,-0.3384149999997135,-0.9966850000000704,-0.667549999999892,-0.796100000000024,-0.28841700000020865,-0.5422585000001163,-1.4268999999999323,-0.14191500000015367,-0.784407500000043
2023-08-24 16:00:00,-0.3345239999998739,-0.9929419999998572,-0.6637329999998656,-0.7983150000000023,-0.29161500000009255,-0.5449650000000474,-1.4279430000001412,-0.14449800000011237,-0.7862205000001268
2023-08-24 16:30:00,-0.336667000000034,-0.9916330000000926,-0.6641500000000633,-0.796100000000024,-0.29316000000017084,-0.5446300000000974,-1.4257400000001326,-0.15086200000041572,-0.7883010000002741
2023-08-24 17:00:00,-0.33452600000009625,-0.987992000000304,-0.6612590000002001,-0.7983170000002247,-0.2958730000000287,-0.5470950000001267,-1.4308540000001813,-0.1578030000000581,-0.7943285000001197
2023-08-24 17:15:00,-0.33588600000030056,-0.9881780000000617,-0.6620320000001811,-0.8005330000000868,-0.30523100000027625,-0.5528820000001815,-1.4365569999999934,-0.1761930000002394,-0.8063750000001164
2023-08-24 17:30:00,-0.3345249999997577,-0.9790179999999964,-0.656771499999877,-0.7954060000001846,-0.3058440000004339,-0.5506250000003092,-1.429693000000043,-0.18409500000007029,-0.8068940000000566
2023-08-24 17:45:00,-0.335493999999926,-0.9771289999998771,-0.6563114999999016,-0.7998390000002473,-0.30680100000017774,-0.5533200000002125,-1.4376019999999698,-0.1881149999999252,-0.8128584999999475
2023-08-24 18:00:00,-0.338025000000016,-0.9768829999998161,-0.657453999999916,-0.7954080000004069,-0.30825700000013967,-0.5518325000002733,-1.4314440000002833,-0.1936190000001261,-0.8125315000002047
2023-08-24 19:00:00,-0.33238500000015847,-0.9789110000001529,-0.6556480000001557,-0.7976230000003852,-0.3063350000002174,-0.5519790000003013,-1.4336490000000595,-0.18381600000020626,-0.8087325000001329
2023-08-24 19:45:00,-0.33134400000017195,-0.9772680000000946,-0.6543060000001333,-0.7922189999999318,-0.30234500000005937,-0.5472819999999956,-1.429417000000285,-0.1823460000000523,-0.8058815000001687
2023-08-24 20:00:00,-0.33173600000009174,-0.9772689999999784,-0.6545025000000351,-0.7952519999998913,-0.3075939999998809,-0.5514229999998861,-1.4272140000002764,-0.18409600000040882,-0.8056550000003426
2023-08-24 20:30:00,-0.33510599999999613,-0.9798460000001796,-0.6574760000000879,-0.7942379999999503,-0.30434299999978975,-0.54929049999987,-1.4296850000000632,-0.18336500000032174,-0.8065250000001924
2023-08-24 21:30:00,-0.33549200000015844,-0.9796089999999822,-0.6575505000000703,-0.790273999999954,-0.3029190000002018,-0.5465965000000779,-1.4240020000002005,-0.1823330000001988,-0.8031675000001997
2023-08-24 21:45:00,-0.33510299999989,-0.9796120000000883,-0.6573574999999892,-0.7942400000001726,-0.30466999999998734,-0.54945500000008,-1.4291259999999966,-0.18350199999986216,-0.8063139999999294
2023-08-24 22:45:00,-0.33335299999998824,-0.9796120000000883,-0.6564825000000383,-0.7936600000002727,-0.30583999999998923,-0.549750000000131,-1.4291259999999966,-0.1852520000002187,-0.8071890000001076
2023-08-25 00:30:00,-0.32933200000024954,-0.9749280000000908,-0.6521300000001702,-0.7936899999999696,-0.3046150000000125,-0.549152499999991,-1.4308900000000904,-0.18536799999992581,-0.8081290000000081
2023-08-25 01:00:00,-0.33536400000002686,-0.9786650000000918,-0.6570145000000593,-0.7939280000000508,-0.30719800000042596,-0.5505630000002384,-1.4264829999997346,-0.186399999999594,-0.8064414999996643
2023-08-25 01:15:00,-0.3332210000003215,-0.981119999999919,-0.6571705000001202,-0.7914719999998852,-0.3050100000000384,-0.5482409999999618,-1.4257649999999558,-0.18306200000006356,-0.8044135000000097
2023-08-25 05:30:00,-0.33613000000013926,-0.977469999999812,-0.6567999999999756,-0.7943940000000111,-0.3059729999999945,-0.5501835000000028,-1.4286870000000818,-0.18709400000034293,-0.8078905000002123
2023-08-25 06:45:00,-0.33437999999978274,-0.9713959999999133,-0.652887999999848,-0.7943930000001274,-0.30508899999995265,-0.54974100000004,-1.4286870000000818,-0.18850500000007742,-0.8085960000000796
2023-08-25 07:00:00,-0.33613199999990684,-0.9738539999998466,-0.6549929999998767,-0.7943930000001274,-0.30407400000012785,-0.5492335000001276,-1.4298459999999977,-0.18749799999977768,-0.8086719999998877
2023-08-25 07:15:00,-0.33652299999994284,-0.9722109999997883,-0.6543669999998656,-0.7950969999997142,-0.30650299999979325,-0.5507999999997537,-1.4258930000000873,-0.18777799999998024,-0.8068355000000338
2023-08-25 07:30:00,-0.3367840000000797,-0.972686000000067,-0.6547350000000733,-0.7924459999999272,-0.30465400000002774,-0.5485499999999774,-1.4232499999998254,-0.18632800000023053,-0.804789000000028
2023-08-25 07:45:00,-0.3340640000001258,-0.9713959999999133,-0.6527300000000196,-0.7940810000000056,-0.3068399999997382,-0.5504604999998719,-1.4254530000002887,-0.18849600000021383,-0.8069745000002513
2023-08-25 09:15:00,-0.3336739999999736,-0.9710640000002968,-0.6523690000001352,-0.7962989999996353,-0.30305700000008073,-0.549677999999858,-1.4323280000003251,-0.1853320000000167,-0.8088300000001709
2023-08-25 09:45:00,-0.33290500000020984,-0.9728150000000824,-0.6528600000001461,-0.7946719999999914,-0.3065580000002228,-0.5506150000001071,-1.427212999999938,-0.18708300000025702,-0.8071480000000975
2023-08-25 10:00:00,-0.3310839999999189,-0.969293000000107,-0.6501885000000129,-0.8012659999999414,-0.30999300000030416,-0.5556295000001228,-1.4349589999997079,-0.19069700000000012,-0.812827999999854
2023-08-25 11:15:00,-0.3289460000000872,-0.9789160000000265,-0.6539310000000569,-0.8005740000003243,-0.3092490000003636,-0.554911500000344,-1.4377420000000711,-0.18555400000013833,-0.8116480000001047
2023-08-25 11:30:00,-0.3285550000000512,-0.9782079999999951,-0.6533815000000232,-0.8010399999998299,-0.3085160000000542,-0.554777999999942,-1.438778000000184,-0.18480200000021796,-0.811790000000201
2023-08-25 11:45:00,-0.3304940000002716,-0.9798390000000836,-0.6551665000001776,-0.7977819999996427,-0.3090029999998478,-0.5533924999997453,-1.4338020000000142,-0.18627500000002328,-0.8100385000000188
2023-08-25 12:00:00,-0.3283529999998791,-0.9732899999999063,-0.6508214999998927,-0.803494999999657,-0.31229599999960556,-0.5578954999996313,-1.4342569999998886,-0.18563500000027489,-0.8099460000000818
2023-08-25 12:15:00,-0.3326329999999871,-0.9757490000001781,-0.6541910000000826,-0.7990640000002713,-0.30953100000033373,-0.5542975000003025,-1.42984800000022,-0.18521599999985483,-0.8075320000000374
2023-08-25 13:30:00,-0.32693399999971007,-0.9731819999997242,-0.6500579999997171,-0.8020599999999831,-0.3092860000001565,-0.5556730000000698,-1.43807199999992,-0.18595000000004802,-0.812010999999984
2023-08-25 13:45:00,-0.32907299999988027,-0.9731809999998404,-0.6511269999998603,-0.7998430000002372,-0.30753500000037093,-0.5536890000003041,-1.4358680000000277,-0.18594900000016423,-0.810908500000096
2023-08-25 14:00:00,-0.3286840000000666,-0.9780980000000454,-0.653391000000056,-0.8014670000002297,-0.30842100000018036,-0.554944000000205,-1.439219000000321,-0.1845330000001013,-0.8118760000002112
2023-08-25 15:00:00,-0.3255770000000666,-0.9696830000002592,-0.6476300000001629,-0.7980820000002495,-0.3057850000000144,-0.551933500000132,-1.4323460000000523,-0.18244800000002215,-0.8073970000000372
2023-08-25 15:30:00,-0.32706499999994776,-0.9738899999997557,-0.6504774999998517,-0.8030619999999544,-0.31001800000012736,-0.5565400000000409,-1.4355789999999615,-0.182622999999694,-0.8091009999998278
2023-08-25 16:00:00,-0.32589499999994587,-0.9702619999998205,-0.6480784999998832,-0.7995630000000347,-0.3057850000000144,-0.5526740000000245,-1.4367380000003322,-0.18419700000004013,-0.8104675000001862
2023-08-25 16:15:00,-0.32531499999959124,-0.9721399999998539,-0.6487274999997226,-0.7995630000000347,-0.3065190000002076,-0.5530410000001211,-1.4367380000003322,-0.18378200000006473,-0.8102600000001985
2023-08-25 16:45:00,-0.3273260000000846,-0.9732880000001387,-0.6503070000001117,-0.7963320000003478,-0.307046000000355,-0.5516890000003514,-1.4364339999997355,-0.1903159999997115,-0.8133749999997235
2023-08-25 17:00:00,-0.332644000000073,-0.9711539999998422,-0.6518989999999576,-0.7955660000002354,-0.31120700000019497,-0.5533865000002152,-1.429859000000306,-0.19692100000020218,-0.8133900000002541
2023-08-25 17:45:00,-0.3316060000001926,-0.9737530000002153,-0.6526795000002039,-0.7936490000001868,-0.30747700000029,-0.5505630000002384,-1.4291050000001633,-0.19072099999993952,-0.8099130000000514
2023-08-25 18:00:00,-0.332644000000073,-0.9796020000003409,-0.656123000000207,-0.7943960000002335,-0.3092860000001565,-0.551841000000195,-1.428689000000304,-0.1888680000001841,-0.8087785000002441
2023-08-25 18:15:00,-0.33160399999997026,-0.9678469999998924,-0.6497254999999313,-0.7954100000001745,-0.31770300000016505,-0.5565565000001698,-1.426209000000199,-0.2058680000000095,-0.8160385000001042
2023-08-25 19:00:00,-0.3363930000000437,-0.9646060000000034,-0.6504995000000235,-0.7946630000001278,-0.32762800000000425,-0.561145500000066,-1.4307039999998779,-0.23350299999992785,-0.8321034999999029
2023-08-25 19:15:00,-0.336786000000302,-0.9650799999999435,-0.6509330000001228,-0.7924479999996947,-0.3269489999997859,-0.5596984999997403,-1.4279209999999694,-0.23322600000028615,-0.8305735000001278
2023-08-25 19:30:00,-0.3363930000000437,-0.9675379999998768,-0.6519654999999602,-0.7929139999996551,-0.32593199999973876,-0.5594229999996969,-1.4318740000003345,-0.23280800000020463,-0.8323410000002696
2023-08-25 19:45:00,-0.33717299999989336,-0.9668169999999918,-0.6519949999999426,-0.794550000000072,-0.3280660000000353,-0.5613080000000537,-1.434078000000227,-0.23684200000025157,-0.8354600000002392
2023-08-25 20:00:00,-0.3385450000000674,-0.9649389999999585,-0.6517420000000129,-0.7936180000001514,-0.33082199999989825,-0.5622200000000248,-1.4279310000001715,-0.23900900000035108,-0.8334700000002613
2023-08-25 20:15:00,-0.3366639999999279,-0.9634299999997893,-0.6500469999998586,-0.7943519999998898,-0.32762300000013056,-0.5609875000000102,-1.4274920000002567,-0.2317670000002181,-0.8296295000002374
2023-08-25 20:30:00,-0.3378339999999298,-0.9783860000002278,-0.6581100000000788,-0.7943500000001222,-0.31494800000018586,-0.554649000000154,-1.4268990000000485,-0.20086099999980433,-0.8138799999999264
2023-08-25 21:00:00,-0.34314400000039313,-0.9879160000000411,-0.6655300000002171,-0.7935700000002726,-0.3037610000001223,-0.5486655000001974,-1.4249689999996917,-0.178773000000092,-0.8018709999998919
2023-08-25 21:15:00,-0.3419850000000224,-0.9867570000001251,-0.6643710000000738,-0.7935720000000401,-0.3037620000000061,-0.5486670000000231,-1.4249719999997978,-0.178773000000092,-0.8018724999999449
2023-08-25 21:45:00,-0.3399739999999838,-0.9833779999999024,-0.6616759999999431,-0.7903850000002421,-0.2986070000001746,-0.5444960000002084,-1.42469600000004,-0.17613100000016857,-0.8004135000001042
2023-08-25 22:45:00,-0.3460059999997611,-0.9781800000000658,-0.6620929999999134,-0.7929520000002412,-0.3078169999998863,-0.5503845000000638,-1.4232069999998203,-0.19319899999982226,-0.8082029999998213
2023-08-25 23:00:00,-0.3485859999996137,-0.9738210000000436,-0.6612034999998286,-0.7955630000001293,-0.31154700000024604,-0.5535550000001876,-1.4217459999999846,-0.19822900000008303,-0.8099875000000338
2023-08-25 23:15:00,-0.3388629999999466,-0.9755709999999453,-0.657216999999946,-0.7962540000003173,-0.3132970000001478,-0.5547755000002326,-1.4293800000000374,-0.1999789999999848,-0.8146795000000111
2023-08-26 00:45:00,-0.33647500000006403,-0.973402999999962,-0.654939000000013,-0.7921320000000378,-0.3053859999999986,-0.5487590000000182,-1.4246929999999338,-0.18883099999993647,-0.8067619999999351
2023-08-26 01:15:00,-0.336851999999908,-0.9749950000000354,-0.6559234999999717,-0.7930670000000646,-0.30979200000001583,-0.5514295000000402,-1.429102999999941,-0.1982159999997748,-0.8136594999998579
2023-08-26 02:00:00,-0.33582399999977497,-0.9756019999999808,-0.6557129999998779,-0.7940819999998894,-0.3075709999998253,-0.5508264999998573,-1.4283829999999398,-0.191012000000228,-0.8096975000000839
2023-08-26 02:15:00,-0.3358210000001236,-0.9787679999999455,-0.6572945000000345,-0.7940810000000056,-0.3072860000002038,-0.5506835000001047,-1.4283829999999398,-0.18842600000016319,-0.8084045000000515
2023-08-26 02:45:00,-0.3354309999999714,-0.9804119999998875,-0.6579214999999294,-0.7945469999999659,-0.30602600000020175,-0.5502865000000838,-1.4323359999998502,-0.18814800000018295,-0.8102420000000166
2023-08-26 03:15:00,-0.3334810000001198,-0.978396999999859,-0.6559389999999894,-0.7978189999998904,-0.3103399999999965,-0.5540794999999434,-1.4384930000001077,-0.19608500000003914,-0.8172890000000734
2023-08-26 03:30:00,-0.3360120000002098,-0.9753240000000005,-0.6556680000001052,-0.7951380000004065,-0.3147510000003422,-0.5549445000003743,-1.4305859999999484,-0.20373400000016773,-0.8171600000000581
2023-08-26 05:00:00,-0.3346550000001116,-0.9667730000001029,-0.6507140000001073,-0.7929229999999734,-0.31599400000004607,-0.5544585000000097,-1.4283829999999398,-0.2120889999996507,-0.8202359999997952
2023-08-26 05:30:00,-0.3332919999998012,-0.9671990000001642,-0.6502454999999827,-0.7938550000003488,-0.32098400000040783,-0.5574195000003783,-1.4327910000001793,-0.2220670000001519,-0.8274290000001656
2023-08-26 05:45:00,-0.33355299999993804,-0.9679080000000795,-0.6507305000000088,-0.7923730000002251,-0.3199670000003607,-0.5561700000002929,-1.4318979999998191,-0.22164999999995416,-0.8267739999998867
2023-08-26 06:00:00,-0.3321209999999155,-0.9655689999999595,-0.6488449999999375,-0.7920939999999064,-0.31990700000005745,-0.5560004999999819,-1.4316210000001774,-0.2223429999999098,-0.8269820000000436
2023-08-26 06:30:00,-0.3380339999998796,-0.9646259999999529,-0.6513299999999163,-0.7762689999999566,-0.31951100000014776,-0.5478900000000522,-1.403628000000026,-0.2246380000001409,-0.8141330000000835
2023-08-26 07:00:00,-0.33354300000019066,-0.9655600000000959,-0.6495515000001433,-0.7935319999996864,-0.3216569999999592,-0.5575944999998228,-1.4313080000001719,-0.22350300000016432,-0.8274055000001681
2023-08-26 07:15:00,-0.3339329999998881,-0.9638100000001941,-0.6488715000000411,-0.7913169999997081,-0.31990700000005745,-0.5556119999998828,-1.427353999999923,-0.22175300000026255,-0.8245535000000928
2023-08-26 08:45:00,-0.33607500000016444,-0.9742089999999735,-0.655142000000069,-0.794351000000006,-0.30563100000017585,-0.5499910000000909,-1.4251500000000306,-0.18519300000025396,-0.8051715000001423
2023-08-26 09:15:00,-0.3317940000001727,-0.9801120000001902,-0.6559530000001814,-0.7952820000000429,-0.29716000000007625,-0.5462210000000596,-1.4307279999998173,-0.1683109999999033,-0.7995194999998603
2023-08-26 09:30:00,-0.3352919999997539,-0.9836110000001099,-0.6594514999999319,-0.7935320000001411,-0.2954090000002907,-0.5444705000002159,-1.430728000000272,-0.1683090000001357,-0.7995185000002039
2023-08-26 09:45:00,-0.3378250000000662,-0.9838890000000902,-0.6608570000000782,-0.792601999999988,-0.28823899999997593,-0.540420499999982,-1.4263199999995777,-0.15500699999984136,-0.7906634999997095
2023-08-26 10:00:00,-0.33354400000007445,-0.9894819999999527,-0.6615130000000136,-0.7970320000003994,-0.27662000000009357,-0.5368260000002465,-1.4313059999999496,-0.12666099999978542,-0.7789834999998675
2023-08-26 10:15:00,-0.33140300000013667,-0.9885140000001229,-0.6599585000001298,-0.7974980000003598,-0.2808370000002469,-0.5391675000003033,-1.4346809999997276,-0.1355039999998553,-0.7850924999997915
2023-08-26 11:00:00,-0.33354400000007445,-0.9775130000002719,-0.6555285000001732,-0.7952829999999267,-0.2991389999997409,-0.5472109999998338,-1.431308999999601,-0.1750889999998435,-0.8031989999997222
2023-08-26 11:15:00,-0.33199500000000626,-0.9737589999999727,-0.6528769999999895,-0.7974989999997888,-0.3028639999997722,-0.5501814999997805,-1.4335130000004028,-0.18127800000002026,-0.8073955000002115
2023-08-26 11:45:00,-0.33348300000034214,-0.9796110000002045,-0.6565470000002733,-0.7989809999999125,-0.30408799999986513,-0.5515344999998888,-1.4379049999997733,-0.18233099999997648,-0.8101179999998749
2023-08-26 12:00:00,-0.32998100000031627,-0.9736510000002454,-0.6518160000002808,-0.7989800000000287,-0.3033530000002429,-0.5511665000001358,-1.43673600000011,-0.18157799999971758,-0.8091569999999138
2023-08-26 12:45:00,-0.33076100000016595,-0.9765710000001491,-0.6536660000001575,-0.8011960000003455,-0.3051030000001447,-0.5531495000002451,-1.438948999999866,-0.1815879999999197,-0.8102684999998928
2023-08-26 13:00:00,-0.32959200000004785,-0.9761109999999462,-0.652851499999997,-0.8029460000002473,-0.30583700000033787,-0.5543915000002926,-1.4418590000000222,-0.18233099999997648,-0.8120949999999993
2023-08-26 13:15:00,-0.32998399999996764,-0.9768199999998615,-0.6534019999999146,-0.7989809999999125,-0.30307100000027276,-0.5510260000000926,-1.437905000000228,-0.1801650000002155,-0.8090350000002218
2023-08-26 13:45:00,-0.3302430000003369,-0.9743610000000444,-0.6523020000001907,-0.7992489999996906,-0.30408699999998134,-0.551667999999836,-1.4352630000003046,-0.1805810000000747,-0.8079220000001897
2023-08-26 14:00:00,-0.32998200000020006,-0.98021400000016,-0.65509800000018,-0.7972310000000107,-0.3035620000000563,-0.5503965000000335,-1.43673600000011,-0.18046600000025137,-0.8086010000001806
2023-08-26 14:30:00,-0.3332829999999376,-0.9824149999999463,-0.657848999999942,-0.7950160000000324,-0.30457899999964866,-0.5497974999998405,-1.433951999999863,-0.18380299999989802,-0.8088774999998805
2023-08-26 15:15:00,-0.3342630000001918,-1.006488999999874,-0.670376000000033,-0.79629900000009,-0.27578399999993053,-0.5360415000000103,-1.4323380000000725,-0.11666300000024421,-0.7745005000001584
2023-08-26 15:30:00,-0.332644000000073,-1.002379000000019,-0.667511500000046,-0.796139999999923,-0.27975999999989654,-0.5379499999999098,-1.42808500000001,-0.12096199999996315,-0.7745234999999866
2023-08-26 15:45:00,-0.3308820000002015,-0.9993399999998474,-0.6651110000000244,-0.7908950000000914,-0.27207799999996496,-0.5314865000000282,-1.4280969999999797,-0.11776400000007925,-0.7729305000000295
2023-08-26 16:00:00,-0.3304920000000493,-0.998156999999992,-0.6643245000000206,-0.7948620000001938,-0.275525000000016,-0.5351935000001049,-1.4320529999999962,-0.12138099999992846,-0.7767169999999624
2023-08-26 16:15:00,-0.3322410000000673,-0.9965979999997217,-0.6644194999998945,-0.7948599999999715,-0.2802700000002005,-0.537565000000086,-1.4320499999998901,-0.13149799999973766,-0.7817739999998139
2023-08-26 16:30:00,-0.3289420000000973,-1.001107999999931,-0.6650250000000142,-0.7935780000002524,-0.2703870000000279,-0.5319825000001401,-1.4348460000001069,-0.11475199999995311,-0.77479900000003
2023-08-26 16:45:00,-0.3269310000000587,-1.0010990000000675,-0.6640150000000631,-0.7968080000000555,-0.27674800000022515,-0.5367780000001403,-1.4357390000000123,-0.11952599999995073,-0.7776324999999815
2023-08-26 19:15:00,-0.32894500000020344,-0.9764580000000933,-0.6527015000001484,-0.7941559999999299,-0.302096999999776,-0.548126499999853,-1.4330740000000333,-0.18130000000019209,-0.8071870000001127
2023-08-26 19:30:00,-0.3271949999998469,-0.9702299999999013,-0.6487124999998741,-0.797074000000066,-0.3085909999999785,-0.5528325000000223,-1.4359930000000531,-0.19316600000001927,-0.8145795000000362
2023-08-26 20:00:00,-0.3282330000001821,-0.9696170000001985,-0.6489250000001903,-0.7972319999998945,-0.31197599999995873,-0.5546039999999266,-1.4367459999998573,-0.20039799999995012,-0.8185719999999037
2023-08-26 20:15:00,-0.3282320000002983,-0.972548000000188,-0.6503900000002432,-0.7972310000000107,-0.312029000000166,-0.5546300000000883,-1.436746000000312,-0.1985320000003412,-0.8176390000003266
2023-08-26 20:30:00,-0.3285510000000613,-0.9694739999999911,-0.6490125000000262,-0.7975420000002487,-0.3146879999999328,-0.5561150000000907,-1.4364700000000994,-0.20443199999999706,-0.8204510000000482
2023-08-26 20:45:00,-0.33141200000000026,-0.9650019999999131,-0.6482069999999567,-0.7957500000002256,-0.3199600000002647,-0.5578550000002451,-1.433512999999948,-0.2181380000001809,-0.8258255000000645
2023-08-26 21:45:00,-0.3296540000001187,-0.9605029999997896,-0.6450784999999541,-0.7922489999996287,-0.32465499999989333,-0.558451999999761,-1.4300120000002607,-0.23012100000005375,-0.8300665000001572
2023-08-26 22:15:00,-0.3284810000000107,-0.9607500000001892,-0.6446155000000999,-0.7945910000003096,-0.3249500000001717,-0.5597705000002406,-1.4335330000003523,-0.22928600000022925,-0.8314095000002908
2023-08-26 23:15:00,-0.3263400000000729,-0.9785549999996874,-0.6524474999998802,-0.792728000000352,-0.30132800000001225,-0.5470280000001821,-1.4339880000002267,-0.18017700000018522,-0.807082500000206
2023-08-26 23:30:00,-0.32809099999985847,-0.977846999999656,-0.6529689999997572,-0.7944780000002538,-0.3023440000001756,-0.5484110000002147,-1.4368970000000445,-0.1835040000000845,-0.8102005000000645
2023-08-27 00:15:00,-0.33166099999971266,-0.9794889999998304,-0.6555749999997715,-0.7925300000001698,-0.30166400000007343,-0.5470970000001216,-1.4303100000001905,-0.18031500000006417,-0.8053125000001273
2023-08-27 00:30:00,-0.32790399999976216,-0.9772710000002007,-0.6525874999999814,-0.7939980000001015,-0.3040880000003199,-0.5490430000002107,-1.4300120000002607,-0.1805819999999585,-0.8052970000001096
2023-08-27 01:45:00,-0.32635300000038114,-0.977045999999973,-0.6516995000001771,-0.7944640000000618,-0.3038449999999102,-0.549154499999986,-1.4345440000001872,-0.18305000000009386,-0.8087970000001405
2023-08-27 02:45:00,-0.3264800000001742,-0.9772800000000643,-0.6518800000001193,-0.7943100000002232,-0.30408799999986513,-0.5491990000000442,-1.431485000000066,-0.1805810000000747,-0.8060330000000704
2023-08-27 04:00:00,-0.328939999999875,-0.978780999999799,-0.653860499999837,-0.795325000000048,-0.3055890000000545,-0.5504570000000513,-1.4342639999999847,-0.18481100000008155,-0.8095375000000331
2023-08-27 04:45:00,-0.3325110000000677,-0.9787799999999152,-0.6556454999999914,-0.7927960000001804,-0.30383900000015274,-0.5483175000001665,-1.428834000000279,-0.18306100000017977,-0.8059475000002294
2023-08-27 06:30:00,-0.33154300000023795,-0.9748210000002473,-0.6531820000002426,-0.7950140000002648,-0.3016040000002249,-0.5483090000002449,-1.432788999999957,-0.1815879999999197,-0.8071884999999384
2023-08-27 06:45:00,-0.3282330000001821,-0.9711929999998574,-0.6497130000000197,-0.7954800000002251,-0.3008700000000317,-0.5481750000001284,-1.434994000000188,-0.18200500000011743,-0.8084995000001527
2023-08-27 07:00:00,-0.3297210000000632,-0.9716530000000603,-0.6506870000000617,-0.7957910000000084,-0.30013700000017707,-0.5479640000000927,-1.4364669999999933,-0.18242200000031517,-0.8094445000001542
2023-08-27 08:00:00,-0.3279689999999391,-0.970010000000002,-0.6489894999999706,-0.7940410000001066,-0.29964700000027733,-0.546844000000192,-1.436467999999877,-0.18445000000019718,-0.8104590000000371
2023-08-27 08:30:00,-0.32641100000000733,-0.9695489999999154,-0.6479799999999614,-0.7950989999999365,-0.2974709999998595,-0.546284999999898,-1.440422000000126,-0.18228399999998146,-0.8113530000000537
2023-08-27 09:15:00,-0.32680200000004334,-0.9663820000000669,-0.6465920000000551,-0.7957919999998921,-0.30066500000020824,-0.5482285000000502,-1.4382170000003498,-0.18661700000029668,-0.8124170000003232
2023-08-27 10:15:00,-0.3243430000002263,-0.9689710000002378,-0.6466570000002321,-0.7965359999998327,-0.3021409999996649,-0.5493384999997488,-1.4389470000000983,-0.18520300000000134,-0.8120750000000498
2023-08-27 10:30:00,-0.3243440000001101,-0.9689720000001216,-0.6466580000001159,-0.7976980000003095,-0.303302000000258,-0.5505000000002838,-1.4372000000003027,-0.18345600000020568,-0.8103280000002542
2023-08-27 11:30:00,-0.3242720000002919,-0.9770330000001195,-0.6506525000002057,-0.8019709999998668,-0.3073500000000422,-0.5546604999999545,-1.4426039999998466,-0.18306199999960882,-0.8128329999997277
2023-08-27 12:45:00,-0.3247929999997723,-0.9819619999998395,-0.6533774999998059,-0.7978510000002643,-0.3047810000002755,-0.5513160000002699,-1.4414189999997689,-0.18152199999985896,-0.8114704999998139
2023-08-27 13:00:00,-0.32324300000027506,-0.974467999999888,-0.6488555000000815,-0.7983180000001084,-0.3035979999999654,-0.5509580000000369,-1.4424630000003162,-0.18378000000029715,-0.8131215000003067
2023-08-27 13:30:00,-0.3222609999997985,-0.9771660000001248,-0.6497134999999616,-0.7987840000000688,-0.30282900000020163,-0.5508065000001352,-1.4429180000001907,-0.17972400000007838,-0.8113210000001345
2023-08-27 14:15:00,-0.3269319999999425,-0.9769280000000435,-0.651929999999993,-0.7968089999999393,-0.3043320000001586,-0.5505705000000489,-1.437488999999914,-0.18336300000009942,-0.8104260000000068
2023-08-27 16:15:00,-0.3245310000002064,-0.9750469999999041,-0.6497890000000552,-0.7993329999999332,-0.3047670000000835,-0.5520500000000084,-1.4417339999999967,-0.1837799999998424,-0.8127569999999196
2023-08-27 17:00:00,-0.32310199999983524,-0.9755230000000665,-0.6493124999999509,-0.8025640000000749,-0.30700800000022355,-0.5547860000001492,-1.4426269999999022,-0.1817519999999604,-0.8121894999999313
2023-08-27 17:45:00,-0.32233199999973294,-0.9742569999998523,-0.6482944999997926,-0.7974290000001929,-0.30282900000020163,-0.5501290000001973,-1.4410020000000259,-0.18205299999999625,-0.8115275000000111
2023-08-27 20:00:00,-0.3233629999999721,-0.9756290000000263,-0.6494959999999992,-0.7975839999999152,-0.3047689999998511,-0.5511764999998832,-1.4382349999996222,-0.18203300000004674,-0.8101339999998345
2023-08-27 20:15:00,-0.3223230000003241,-0.9743499999999585,-0.6483365000001413,-0.7974289999997382,-0.30409499999996115,-0.5507619999998496,-1.4392530000000079,-0.18234499999971376,-0.8107989999998608
2023-08-27 20:30:00,-0.3233629999999721,-0.9756389999997737,-0.6495009999998729,-0.7981650000001537,-0.3053589999999531,-0.5517620000000534,-1.4399760000001152,-0.18378200000006473,-0.81187900000009
2023-08-27 20:45:00,-0.3216130000000703,-0.9788060000000769,-0.6502095000000736,-0.7975740000001679,-0.30623500000001513,-0.5519045000000915,-1.439393999999993,-0.1823669999998856,-0.8108804999999393
2023-08-28 02:15:00,-0.3257610000000568,-0.9792790000001332,-0.652520000000095,-0.7938880000001518,-0.3020559999999932,-0.5479720000000725,-1.4363170000001446,-0.18091800000001967,-0.8086175000000821
2023-08-28 02:30:00,-0.32518400000026304,-0.9792790000001332,-0.6522315000001981,-0.795046000000184,-0.30380600000034974,-0.5494260000002669,-1.4345470000002933,-0.1797500000002401,-0.8071485000002667
2023-08-28 04:00:00,-0.3273260000000846,-0.9785710000001018,-0.6529485000000932,-0.7916709999999512,-0.30191400000012436,-0.5467925000000378,-1.4323429999999462,-0.18191699999988487,-0.8071299999999155
2023-08-28 07:00:00,-0.3264730000000782,-0.9776350000001912,-0.6520540000001347,-0.7925610000002052,-0.3004050000004099,-0.5464830000003076,-1.4355639999998857,-0.1811959999999999,-0.8083799999999428
2023-08-28 09:45:00,-0.32408200000008947,-0.9764530000002196,-0.6502675000001545,-0.7945070000000669,-0.30210200000010445,-0.5483045000000857,-1.4386509999999362,-0.18306299999994735,-0.8108569999999418
2023-08-28 12:15:00,-0.36108599999988655,-0.9939979999999196,-0.677541999999903,-0.8088929999998982,-0.32704800000010437,-0.5679705000000013,-1.4449569999997038,-0.2199399999999514,-0.8324484999998276
2023-08-28 12:30:00,-0.348070000000007,-0.980663000000277,-0.664366500000142,-0.7936169999998128,-0.3046289999997498,-0.5491229999997813,-1.4227300000002288,-0.18602000000009866,-0.8043750000001637
2023-08-28 12:45:00,-0.34566999999969994,-0.9701519999998709,-0.6579109999997854,-0.7943820000000414,-0.29581800000005387,-0.5451000000000477,-1.4263849999997547,-0.17912200000000666,-0.8027534999998807
2023-08-28 13:00:00,-0.34501799999998184,-0.9601959999999963,-0.6526069999999891,-0.798080999999911,-0.29161999999996624,-0.5448504999999386,-1.4329829999996946,-0.17876299999988987,-0.8058729999997922
2023-08-28 13:15:00,-0.34248799999977564,-0.9500089999996817,-0.6462484999997287,-0.8007649999999558,-0.2906309999998484,-0.5456979999999021,-1.4379829999998037,-0.18274699999983568,-0.8103649999998197
2023-08-28 13:30:00,-0.342815999999857,-0.952397000000019,-0.647606499999938,-0.8069139999997788,-0.2856040000001485,-0.5462589999999636,-1.4423750000000837,-0.16713799999979528,-0.8047564999999395
2023-08-28 13:45:00,-0.3441759999996066,-0.9504119999996874,-0.647293999999647,-0.8062129999998433,-0.2795229999996991,-0.5428679999997712,-1.4445830000004207,-0.16260800000009112,-0.8035955000002559
2023-08-28 14:00:00,-0.3435859999999593,-0.9511209999996026,-0.647353499999781,-0.8073719999997593,-0.28025499999966996,-0.5438134999997146,-1.4428230000003168,-0.15927000000010594,-0.8010465000002114
2023-08-28 14:15:00,-0.3453369999997449,-0.9486619999997856,-0.6469994999997652,-0.8091219999996611,-0.2795209999999315,-0.5443214999997963,-1.4445709999999963,-0.15968700000030367,-0.80212900000015
2023-08-28 14:30:00,-0.3449449999998251,-0.9508719999998902,-0.6479084999998577,-0.8095879999996214,-0.2817089999998643,-0.5456484999997429,-1.4502739999998084,-0.16652299999987008,-0.8083984999998393
2023-08-28 14:45:00,-0.3404059999998026,-0.9528189999996357,-0.6466124999997191,-0.8059349999998631,-0.2692949999996017,-0.5376149999997324,-1.4460450000001401,-0.14336900000034802,-0.7947070000002441
2023-08-28 15:15:00,-0.34189599999990605,-0.9510019999997894,-0.6464489999998477,-0.8062580000000708,-0.2760840000000826,-0.5411710000000767,-1.445781999999781,-0.1560869999998431,-0.800934499999812
2023-08-28 15:30:00,-0.3378739999998288,-0.9510009999999056,-0.6444374999998672,-0.8068669999997837,-0.2772420000001148,-0.5420544999999493,-1.4487040000003617,-0.15724500000033004,-0.8029745000003459
2023-08-28 15:45:00,-0.33722599999964586,-0.955018999999993,-0.6461224999998194,-0.8045070000002852,-0.27323999999998705,-0.5388735000001361,-1.4446100000000115,-0.14730299999973795,-0.7959564999998747
2023-08-28 16:15:00,-0.3353469999997287,-0.960552000000007,-0.6479494999998678,-0.7999950000003082,-0.26606600000013714,-0.5330305000002227,-1.4424239999998463,-0.1357389999998304,-0.7890814999998383
2023-08-28 16:30:00,-0.3382659999997486,-0.9626549999998133,-0.650460499999781,-0.8017429999999877,-0.2675720000002002,-0.5346575000000939,-1.4412509999997383,-0.1347059999998237,-0.787978499999781
2023-08-28 16:45:00,-0.33748900000000503,-0.962764999999763,-0.650126999999884,-0.8030280000002676,-0.2735020000000077,-0.5382650000001377,-1.4390509999998358,-0.13965800000005402,-0.7893544999999449
2023-08-28 17:15:00,-0.33333700000002864,-0.9510749999999462,-0.6422059999999874,-0.8020559999999932,-0.28767500000003565,-0.5448655000000144,-1.4438970000001063,-0.17476899999974194,-0.8093329999999241
2023-08-28 17:30:00,-0.33333700000002864,-0.9591879999998127,-0.6462624999999207,-0.7985570000000735,-0.2796419999999671,-0.5390995000000203,-1.4421470000002046,-0.16005300000006173,-0.8011000000001332
2023-08-28 18:00:00,-0.33476999999993495,-0.9651850000000195,-0.6499774999999772,-0.799996000000192,-0.27990300000010393,-0.539949500000148,-1.4377549999999246,-0.15065599999979895,-0.7942054999998618
2023-08-28 18:15:00,-0.3290550000001531,-0.959385999999995,-0.644220500000074,-0.8012380000000121,-0.28963199999998324,-0.5454349999999977,-1.4459759999999733,-0.1730779999998049,-0.8095269999998891
2023-08-28 18:30:00,-0.33359699999982695,-0.9638719999998102,-0.6487344999998186,-0.7988249999998516,-0.2831949999999779,-0.5410099999999147,-1.4395039999999426,-0.15993799999978364,-0.7997209999998631
2023-08-28 18:45:00,-0.3354769999996279,-0.961029999999937,-0.6482534999997824,-0.7980900000002293,-0.28837300000031973,-0.5432315000002745,-1.4370349999999235,-0.170470000000023,-0.8037524999999732
2023-08-28 19:00:00,-0.3337269999997261,-0.9595879999997123,-0.6466574999997192,-0.7969200000002274,-0.2938490000001366,-0.545384500000182,-1.4352850000000217,-0.1795919999999569,-0.8074384999999893
2023-08-28 19:15:00,-0.3311949999997523,-0.9569929999997839,-0.6440939999997681,-0.8007720000000518,-0.29874400000016976,-0.5497580000001108,-1.4431930000000648,-0.18927900000016962,-0.8162360000001172
2023-08-28 19:30:00,-0.3350860000000466,-0.9575609999997141,-0.6463234999998804,-0.8003090000001976,-0.3004420000002028,-0.5503755000002002,-1.4409900000000562,-0.19289500000013504,-0.8169425000000956
2023-08-28 20:15:00,-0.329707999999755,-0.956405999999788,-0.6430569999997715,-0.7975420000002487,-0.3010260000000926,-0.5492840000001706,-1.4382089999999152,-0.19288400000004913,-0.8155464999999822
2023-08-28 20:45:00,-0.3297059999999874,-0.9588639999997213,-0.6442849999998543,-0.7957920000003469,-0.3000090000000455,-0.5479005000001962,-1.438209999999799,-0.1924659999999676,-0.8153379999998833
2023-08-28 21:15:00,-0.33120899999994435,-0.955410000000029,-0.6433094999999867,-0.7990219999996953,-0.3120810000000347,-0.555551499999865,-1.440841999999975,-0.2131400000002941,-0.8269910000001346
2023-08-28 21:30:00,-0.3310790000000452,-0.9559770000000753,-0.6435280000000603,-0.7980059999999867,-0.3137779999997292,-0.5558919999998579,-1.4421520000000783,-0.2185060000001613,-0.8303290000001198
2023-08-28 21:45:00,-0.3297200000001794,-0.9521030000000792,-0.6409115000001293,-0.794039999999768,-0.3150789999999688,-0.5545594999998684,-1.4381969999999455,-0.22500600000012128,-0.8316015000000334
2023-08-28 22:00:00,-0.32958899999994173,-0.952918999999838,-0.6412539999998899,-0.796538000000055,-0.31707200000028024,-0.5568050000001676,-1.4407019999998738,-0.2260380000002442,-0.833370000000059
2023-08-28 22:15:00,-0.32997999999997774,-0.953628000000208,-0.6418040000000929,-0.7954830000003312,-0.3172150000000329,-0.5563490000001821,-1.4367489999999634,-0.2238710000001447,-0.8303100000000541
2023-08-28 22:30:00,-0.328939999999875,-0.9522099999999227,-0.6405749999998989,-0.7984729999998308,-0.31633899999997084,-0.5574059999999008,-1.4455259999999726,-0.22645600000032573,-0.8359910000001491
2023-08-28 22:45:00,-0.32718800000020565,-0.9497510000001057,-0.6384695000001557,-0.8002219999998488,-0.3191049999995812,-0.559663499999715,-1.4472759999998743,-0.23037199999998847,-0.8388239999999314
2023-08-28 23:15:00,-0.3301089999999931,-0.9521020000001954,-0.6411055000000943,-0.8002240000000711,-0.31565900000032343,-0.5579415000001973,-1.4455280000001949,-0.2232570000001033,-0.8343925000001491
2023-08-29 00:15:00,-0.32893700000022363,-0.9527760000000853,-0.6408565000001545,-0.798471999999947,-0.31978399999979956,-0.5591279999998733,-1.4426069999999527,-0.22890099999995073,-0.8357539999999517
2023-08-29 01:30:00,-0.32718800000020565,-0.9468200000001161,-0.6370040000001609,-0.8002270000001772,-0.3190420000000813,-0.5596345000001293,-1.4455400000001646,-0.23047799999994822,-0.8380090000000564
2023-08-29 01:45:00,-0.3285470000000714,-0.9492770000001656,-0.6389120000001185,-0.8006930000001375,-0.3162750000001324,-0.558484000000135,-1.4483350000000428,-0.22715199999993274,-0.8377434999999878
2023-08-29 02:00:00,-0.3282280000003084,-0.9509219999999914,-0.6395750000001499,-0.8003810000000158,-0.31851600000027247,-0.5594485000001441,-1.4451120000003357,-0.22687300000006871,-0.8359925000002022
2023-08-29 02:15:00,-0.32621900000003734,-0.9547970000003261,-0.6405080000001817,-0.7989399999996749,-0.31605599999966216,-0.5574979999996685,-1.4459820000001855,-0.2221230000000105,-0.834052500000098
2023-08-29 02:30:00,-0.3257589999998345,-0.9559789999998429,-0.6408689999998387,-0.7999429999999847,-0.31668900000022404,-0.5583160000001044,-1.4452490000003309,-0.21967700000004697,-0.8324630000001889
2023-08-29 02:45:00,-0.326799999999821,-0.9559800000001815,-0.6413900000000012,-0.7989410000000134,-0.31378099999983533,-0.5563609999999244,-1.4465620000000854,-0.21850799999992887,-0.8325350000000071
2023-08-29 03:00:00,-0.3253669999999147,-0.9536259999999857,-0.6394964999999502,-0.8021600000001854,-0.3172150000000329,-0.5596875000001091,-1.449203000000125,-0.2221230000000105,-0.8356630000000678
2023-08-29 03:15:00,-0.32569899999998597,-0.95116999999982,-0.638434499999903,-0.7981629999999313,-0.31823200000008,-0.5581975000000057,-1.4411549999999806,-0.22428900000022622,-0.8327220000001034
2023-08-29 03:45:00,-0.3257589999998345,-0.9517369999998664,-0.6387479999998504,-0.7999460000000909,-0.31993000000011307,-0.559938000000102,-1.4470010000000002,-0.2296559999999772,-0.8383284999999887
2023-08-29 04:00:00,-0.3243959999999788,-0.9692979999999807,-0.6468469999999797,-0.7997159999999894,-0.29775400000016816,-0.5487350000000788,-1.4514060000001336,-0.18486699999994016,-0.8181365000000369
2023-08-29 05:00:00,-0.32718900000008944,-0.9657999999999447,-0.6464945000000171,-0.8002270000001772,-0.2989139999999679,-0.5495705000000726,-1.4455399999997098,-0.18427799999972194,-0.8149089999997159
2023-08-29 05:45:00,-0.32893700000022363,-0.9704799999999523,-0.649708500000088,-0.8019760000001952,-0.30071600000019316,-0.5513460000001942,-1.4472890000001826,-0.18416100000013103,-0.8157250000001568
2023-08-29 06:00:00,-0.3293290000001434,-0.9704799999999523,-0.6499045000000478,-0.7997599999998783,-0.30071600000019316,-0.5502380000000358,-1.4415859999999157,-0.18241200000011304,-0.8119990000000143
2023-08-29 06:15:00,-0.3289369999997689,-0.9704799999999523,-0.6497084999998606,-0.8013959999998406,-0.30013599999983853,-0.5507659999998396,-1.446708999999828,-0.1835809999997764,-0.8151449999998022
2023-08-29 07:15:00,-0.32821800000010626,-0.9729259999999158,-0.650572000000011,-0.802129999999579,-0.3014559999996891,-0.551792999999634,-1.4462710000002517,-0.18200800000022355,-0.8141395000002376
2023-08-29 08:00:00,-0.3284810000000107,-0.9720059999999648,-0.6502434999999878,-0.8006500000001324,-0.2999550000004092,-0.5503025000002708,-1.4447959999997693,-0.18128799999976764,-0.8130419999997684
2023-08-29 08:15:00,-0.32607999999981985,-0.9726200000000063,-0.649349999999913,-0.8037669999998798,-0.29597999999987223,-0.549873499999876,-1.4496449999996912,-0.17230499999959648,-0.8109749999996438
2023-08-29 08:30:00,-0.3303599999999278,-0.9759989999997742,-0.653179499999851,-0.8010850000000573,-0.2964670000001206,-0.548776000000089,-1.4452360000000226,-0.17378099999996266,-0.8095084999999926
2023-08-29 08:45:00,-0.32704800000010437,-0.9782439999999042,-0.6526460000000043,-0.7992110000000139,-0.29351100000030783,-0.5463610000001609,-1.4445210000003499,-0.16755499999999302,-0.8060380000001715
2023-08-29 09:00:00,-0.32958099999996193,-0.9806049999997413,-0.6550929999998516,-0.7959489999998368,-0.28954399999975067,-0.5427464999997937,-1.4395230000000083,-0.16149700000005396,-0.8005100000000311
2023-08-29 09:15:00,-0.32704999999987194,-0.9814540000002125,-0.6542520000000422,-0.8021320000002561,-0.2875640000002022,-0.5448480000002291,-1.4462730000000192,-0.15238900000031208,-0.7993310000001657
2023-08-29 09:45:00,-0.3267289999998866,-0.9772910000001502,-0.6520100000000184,-0.7971619999998438,-0.29773199999999633,-0.5474469999999201,-1.4413100000001577,-0.1752190000001974,-0.8082645000001776
2023-08-29 10:00:00,-0.32730899999978647,-0.9836529999997765,-0.6554809999997815,-0.7977430000000822,-0.2885780000001432,-0.5431605000001127,-1.4436500000001615,-0.15747899999996662,-0.8005645000000641
2023-08-29 10:15:00,-0.3276989999999387,-0.9735219999997753,-0.650610499999857,-0.7966959999998835,-0.3014629999997851,-0.5490794999998343,-1.4408560000001671,-0.1849179999999251,-0.8128870000000461
2023-08-29 10:30:00,-0.3251679999998487,-0.9758600000000115,-0.6505139999999301,-0.8028779999999642,-0.3044309999995676,-0.5536544999997659,-1.4470139999998537,-0.18247500000006767,-0.8147444999999607
2023-08-29 11:00:00,-0.32705200000009427,-0.9734020000000783,-0.6502270000000863,-0.8038819999997031,-0.30369900000005146,-0.5537904999998773,-1.4480209999996987,-0.18348199999991266,-0.8157514999998057
2023-08-29 11:15:00,-0.32557299999962197,-0.972950999999739,-0.6492619999996805,-0.8006510000000162,-0.30151200000000244,-0.5510815000000093,-1.4436279999999897,-0.18014599999969505,-0.8118869999998424
2023-08-29 11:30:00,-0.3264720000001944,-0.9734020000000783,-0.6499370000001363,-0.8033019999998032,-0.30369900000005146,-0.5535004999999273,-1.4474409999997988,-0.18348199999991266,-0.8154614999998557
2023-08-29 13:15:00,-0.322001999999884,-0.9770539999999528,-0.6495279999999184,-0.8014280000002145,-0.3027360000000954,-0.552082000000155,,-0.17945000000008804,-0.17945000000008804
2023-08-29 13:45:00,-0.3227830000000722,-0.9769340000002558,-0.649858500000164,-0.7987459999999373,-0.3032220000000052,-0.5509839999999713,-1.4411479999998846,-0.17917399999987538,-0.81016099999988
2023-08-29 14:00:00,-0.3221320000002379,-0.9769340000002558,-0.6495330000002468,-0.8006940000000213,-0.3014729999999872,-0.5510835000000043,-1.447744000000057,-0.17917399999987538,-0.8134589999999662
2023-08-29 14:30:00,-0.31895399999984875,-0.9764660000000731,-0.6477099999999609,-0.8021650000000591,-0.30506800000011935,-0.5536165000000892,-1.4492079999999987,-0.18237200000021403,-0.8157900000001064
2023-08-29 14:45:00,-0.32187000000021726,-0.9818410000002586,-0.651855500000238,-0.7992529999996805,-0.30288900000005015,-0.5510709999998653,-1.4462860000003275,-0.17903400000022884,-0.8126600000002782
2023-08-29 15:15:00,-0.3182449999999335,-0.9758860000001732,-0.6470655000000534,-0.8029079999996611,-0.30507699999998295,-0.553992499999822,-1.450517000000218,-0.18237100000033024,-0.8164440000002742
2023-08-29 16:00:00,-0.32427400000005946,-0.9800920000002407,-0.6521830000001501,-0.7984759999999369,-0.30231099999991784,-0.5503934999999274,-1.4431890000000749,-0.17903500000011263,-0.8111120000000938
2023-08-29 16:45:00,-0.32265400000005684,-0.9792640000000574,-0.6509590000000571,-0.7983209999997598,-0.3043929999998909,-0.5513569999998253,-1.44012900000007,-0.1791760000000977,-0.8096525000000838
2023-08-29 17:00:00,-0.3236349999997401,-0.9788119999998344,-0.6512234999997872,-0.7978539999999157,-0.30337599999984377,-0.5506149999998797,-1.4396740000001955,-0.17875900000035472,-0.8092165000002751
2023-08-29 17:15:00,-0.3214940000002571,-0.9788120000002891,-0.6501530000002731,-0.7983220000000983,-0.3033770000001823,-0.5508495000001403,-1.441878000000088,-0.17875899999989997,-0.810318499999994
2023-08-29 17:30:00,-0.3229140000003099,-0.9763540000003559,-0.6496340000003329,-0.7980130000000827,-0.3026439999998729,-0.5503284999999778,-1.4404170000002523,-0.1791750000002139,-0.8097960000002331
2023-08-29 18:00:00,-0.32226200000013705,-0.9734260000000177,-0.6478440000000774,-0.8017110000000685,-0.3025840000000244,-0.5521475000000464,-1.4476050000002942,-0.18161800000007133,-0.8146115000001828
2023-08-29 18:15:00,-0.32265300000017305,-0.9797490000000835,-0.6512010000001283,-0.7994939999998678,-0.30488500000001295,-0.5521894999999404,-1.4419010000001435,-0.17948900000010326,-0.8106950000001234
2023-08-29 20:00:00,-0.3211660000001757,-0.9729560000000674,-0.6470610000001216,-0.79625999999962,-0.30326900000000023,-0.5497644999998101,-1.440403999999944,-0.18422600000030798,-0.812315000000126
2023-08-29 20:30:00,-0.31928599999992,-0.9676800000002004,-0.6434830000000602,-0.795256999999765,-0.3008809999996629,-0.5480689999997139,-1.439987000000201,-0.183762999999999,-0.8118750000001
2023-08-29 20:45:00,-0.32174399999985326,-0.9653400000001966,-0.6435420000000249,-0.7951029999999264,-0.2996610000000146,-0.5473819999999705,-1.4386769999996432,-0.18387599999960003,-0.8112764999996216
2023-08-29 21:15:00,-0.3243440000001101,-0.960421000000224,-0.6423825000001671,-0.7947910000002594,-0.2970240000004196,-0.5459075000003395,-1.4389540000001944,-0.18528999999989537,-0.8121220000000449
2023-08-29 21:30:00,-0.3249260000002323,-0.9617109999999229,-0.6433185000000776,-0.794781999999941,-0.29599800000005416,-0.5453899999999976,-1.4377830000003087,-0.1819540000001325,-0.8098685000002206
2023-08-29 21:45:00,-0.32492400000001,-0.9617090000001554,-0.6433165000000827,-0.7947800000001735,-0.2959960000002866,-0.54538800000023,-1.4371940000000905,-0.1813630000001467,-0.8092785000001186
2023-08-29 22:45:00,-0.3239539999999579,-0.9628790000001572,-0.6434165000000576,-0.7969960000000356,-0.29774600000018836,-0.547371000000112,-1.439397000000099,-0.1813630000001467,-0.8103800000001229
2023-08-29 23:30:00,-0.3200640000000021,-0.9628809999999248,-0.6414724999999635,-0.7986319999999978,-0.3006669999999758,-0.5496494999999868,-1.4445200000000114,-0.1860340000002907,-0.815277000000151
2023-08-29 23:45:00,-0.3218130000000201,-0.9646300000003976,-0.6432215000002088,-0.7974619999999959,-0.29949700000042867,-0.5484795000002123,-1.4445190000001276,-0.18603299999995215,-0.8152760000000399
2023-08-30 00:15:00,-0.3235620000000381,-0.9641540000002351,-0.6438580000001366,-0.7992119999998977,-0.3001760000001923,-0.549694000000045,-1.4445190000001276,-0.1857319999999163,-0.8151255000000219
2023-08-30 01:00:00,-0.3218120000001363,-0.9669810000000325,-0.6443965000000844,-0.7986290000003464,-0.3001400000002832,-0.5493845000003148,-1.4445169999999052,-0.1835879999998724,-0.8140524999998888
2023-08-30 01:15:00,-0.32648599999993166,-0.9676899999999478,-0.6470879999999397,-0.7954830000003312,-0.29912400000011985,-0.5473035000002255,-1.43615600000021,-0.18142100000022765,-0.8087885000002188
2023-08-30 01:30:00,-0.323174999999992,-0.9648769999998876,-0.6440259999999398,-0.7965290000001914,-0.29921400000012,-0.5478715000001557,-1.4371900000001006,-0.18053099999997357,-0.8088605000000371
2023-08-30 01:45:00,-0.3240850000001956,-0.9684000000002015,-0.6462425000001986,-0.7980110000003151,-0.2986869999999726,-0.5483490000001439,-1.4415850000000319,-0.1798359999997956,-0.8107104999999137
2023-08-30 02:00:00,-0.32706499999994776,-0.9682700000003024,-0.6476675000001251,-0.7943150000000969,-0.29795500000000175,-0.5461350000000493,-1.4349889999998595,-0.18025200000010955,-0.8076204999999845
2023-08-30 02:30:00,-0.3264850000000479,-0.967689000000064,-0.6470870000000559,-0.7943129999998746,-0.29795400000011796,-0.5461334999999963,-1.4349859999997534,-0.180250999999771,-0.8076184999997622
2023-08-30 02:45:00,-0.3243449999999939,-0.9616019999998571,-0.6429734999999255,-0.7959500000001754,-0.2964870000000701,-0.5462185000001227,-1.438951999999972,-0.18167600000015227,-0.8103140000000622
2023-08-30 03:00:00,-0.3264850000000479,-0.9633539999999812,-0.6449195000000145,-0.793735000000197,-0.2964879999999539,-0.5451115000000755,-1.4349990000000616,-0.18167600000015227,-0.808337500000107
2023-08-30 03:30:00,-0.3263550000001487,-0.9626430000002983,-0.6444990000002235,-0.7933069999999134,-0.2963439999998627,-0.544825499999888,-1.4345570000000407,-0.18209300000035,-0.8083250000001954
2023-08-30 04:15:00,-0.32570399999985966,-0.959248000000116,-0.6424759999999878,-0.7981629999999313,-0.2952620000000934,-0.5467125000000124,-1.442902000000231,-0.1823709999998755,-0.8126365000000533
2023-08-30 04:30:00,-0.32784399999991365,-0.9608929999999418,-0.6443684999999277,-0.7965399999998226,-0.29459399999996094,-0.5455669999998918,-1.44070099999999,-0.18209200000001147,-0.8113965000000007
2023-08-30 04:45:00,-0.32466299999987314,-0.9585390000002008,-0.641601000000037,-0.7950999999998203,-0.2951199999997698,-0.545109999999795,-1.440422000000126,-0.1845370000000912,-0.8124795000001086
2023-08-30 05:00:00,-0.3229120000000876,-0.954330999999911,-0.6386214999999993,-0.796259000000191,-0.2955449999999473,-0.5459020000000692,-1.4404230000000098,-0.1849539999998342,-0.812688499999922
2023-08-30 05:30:00,-0.3229150000001937,-0.9575009999998656,-0.6402080000000296,-0.7951020000000426,-0.2941040000000612,-0.5446030000000519,-1.440425000000232,-0.18237100000033024,-0.8113980000002812
2023-08-30 05:45:00,-0.32220600000027844,-0.9543330000001333,-0.6382695000002059,-0.7970059999997829,-0.2961369999998169,-0.5465714999997999,-1.4411560000003192,-0.18495600000005652,-0.8130560000001879
2023-08-30 06:00:00,-0.32194699999990917,-0.9538590000001932,-0.6379030000000512,-0.7984739999997146,-0.2968160000000353,-0.5476449999998749,-1.4455250000000888,-0.18815399999994042,-0.8168395000000146
2023-08-30 06:15:00,-0.32226300000002084,-0.9579590000003009,-0.6401110000001609,-0.7987850000004073,-0.29629000000022643,-0.5475375000003169,-1.4452470000001085,-0.18395800000007512,-0.8146025000000918
2023-08-30 06:30:00,-0.32427199999983713,-0.9604169999997794,-0.6423444999998082,-0.7973160000001371,-0.2952730000001793,-0.5462945000001582,-1.442627000000357,-0.18179200000031415,-0.8122095000003355
2023-08-30 07:30:00,-0.32641499999999724,-0.9609999999997854,-0.6437074999998913,-0.7962620000002971,-0.2952650000001995,-0.5457635000002483,-1.4404240000003483,-0.18237300000009782,-0.8113985000002231
2023-08-30 08:00:00,-0.32544499999994514,-0.957253000000037,-0.6413489999999911,-0.7984780000001592,-0.29554800000005343,-0.5470130000001063,-1.4443770000002587,-0.18495600000005652,-0.8146665000001576
2023-08-30 08:15:00,-0.32239400000025853,-0.9617080000002716,-0.642051000000265,-0.7974619999999959,-0.29599800000005416,-0.546730000000025,-1.4421900000002097,-0.18020700000033685,-0.8111985000002733
2023-08-30 08:45:00,-0.3249270000001161,-0.9610020000000077,-0.6429645000000619,-0.7947810000000572,-0.29701499999964653,-0.5458979999998519,-1.4389410000003409,-0.18528199999991557,-0.8121115000001282
2023-08-30 09:30:00,-0.32466599999997925,-0.9617109999999229,-0.6431884999999511,-0.7980120000001989,-0.2977490000002945,-0.5478805000002467,-1.441584000000148,-0.1831160000001546,-0.8123500000001513
2023-08-30 09:45:00,-0.32797600000003513,-0.9653379999999743,-0.6466570000000047,-0.7975449999999,-0.29848100000026534,-0.5480130000000827,-1.4393810000001395,-0.18269899999995687,-0.8110400000000482
2023-08-30 10:00:00,-0.3242760000002818,-0.968033000000105,-0.6461545000001934,-0.8019779999999628,-0.3017979999999625,-0.5518879999999626,-1.4437910000001466,-0.180985999999848,-0.8123884999999973
2023-08-30 10:45:00,-0.32051799999999275,-0.9664160000002084,-0.6434670000001006,-0.801698000000215,-0.3001970000000256,-0.5509475000001203,-1.4469999999996617,-0.1805659999999989,-0.8137829999998303
2023-08-30 11:15:00,-0.3225280000001476,-0.9686249999999745,-0.6455765000000611,-0.8013840000003256,-0.30068100000016784,-0.5510325000002467,-1.4426060000000689,-0.1773700000003373,-0.8099880000002031
2023-08-30 11:30:00,-0.3203880000000936,-0.966874000000189,-0.6436310000001413,-0.8024399999999332,-0.29952099999991333,-0.5509804999999233,-1.4453889999999774,-0.17620000000033542,-0.8107945000001564
2023-08-30 11:45:00,-0.31863700000030803,-0.9639420000003156,-0.6412895000003118,-0.8041889999999512,-0.30296599999974205,-0.5535774999998466,-1.4436399999999594,-0.17806500000006054,-0.81085250000001
2023-08-30 12:00:00,-0.31935799999973824,-0.9638239999999314,-0.6415909999998348,-0.799956999999722,-0.300485999999637,-0.5502214999996795,-1.4423290000004272,-0.18023300000004383,-0.8112810000002355
2023-08-30 12:15:00,-0.321107000000211,-0.9654669999999896,-0.6432870000001003,-0.8005370000000767,-0.2998059999999896,-0.5501715000000331,-1.4440789999998742,-0.1799550000000636,-0.8120169999999689
2023-08-30 12:30:00,-0.32252600000038,-0.9632430000001477,-0.6428845000002639,-0.800228000000061,-0.29873600000018996,-0.5494820000001255,-1.4432080000001406,-0.18024300000024596,-0.8117255000001933
2023-08-30 13:00:00,-0.31876499999998487,-0.963242999999693,-0.6410039999998389,-0.7999580000000606,-0.30048500000020795,-0.5502215000001343,-1.4440999999997075,-0.1819919999998092,-0.8130459999997584
2023-08-30 13:30:00,-0.31733699999995224,-0.9612589999996999,-0.6392979999998261,-0.8002590000000964,-0.2990730000001349,-0.5496660000001157,-1.4438050000003386,-0.1792120000000068,-0.8115085000001727
2023-08-30 14:00:00,-0.31733900000017456,-0.963130000000092,-0.6402345000001333,-0.8020089999999982,-0.3009660000002441,-0.5514875000001211,-1.4455540000003566,-0.1799550000000636,-0.8127545000002101
2023-08-30 14:15:00,-0.31733699999995224,-0.9597479999997631,-0.6385424999998577,-0.8037580000000162,-0.3004789999999957,-0.552118500000006,-1.4473029999999198,-0.18022999999993772,-0.8137664999999288
2023-08-30 14:30:00,-0.3173359999996137,-0.9638350000000173,-0.6405854999998155,-0.8037560000002486,-0.3016970000003312,-0.5527265000002899,-1.4461310000001504,-0.17836699999998018,-0.8122490000000653
2023-08-30 14:45:00,-0.31804600000032224,-0.9680450000000747,-0.6430455000001984,-0.8001129999997829,-0.300691999999799,-0.550402499999791,-1.4436620000001312,-0.1779610000003231,-0.8108115000002272
2023-08-30 15:00:00,-0.3162969999998495,-0.9679389999996602,-0.6421179999997548,-0.8018640000000232,-0.30293200000005527,-0.5523980000000392,-1.4454140000002553,-0.17943200000036086,-0.8124230000003081
2023-08-30 15:15:00,-0.3177850000001854,-0.9696880000001329,-0.6437365000001591,-0.8050940000002811,-0.30468100000007325,-0.5548875000001772,-1.4468870000000607,-0.17826199999990422,-0.8125744999999824
2023-08-30 15:30:00,-0.3141680000003362,-0.9679390000001149,-0.6410535000002255,-0.803501000000324,-0.3040990000004058,-0.5538000000003649,-1.445868000000246,-0.17768599999999424,-0.8117770000001201
2023-08-30 15:45:00,-0.3180569999999534,-0.9688709999995808,-0.6434639999997671,-0.8030340000000251,-0.30385500000011234,-0.5534445000000687,-1.4442450000001372,-0.17840399999977308,-0.8113244999999552
2023-08-30 16:00:00,-0.31604799999968236,-0.9713299999998526,-0.6436889999997675,-0.8015830000003916,-0.30341900000030364,-0.5525010000003476,-1.4433650000000853,-0.17623700000012832,-0.8098010000001068
2023-08-30 16:15:00,-0.31604799999968236,-0.9695789999996123,-0.6428134999996473,-0.8033319999999549,-0.30341699999962657,-0.5533744999997907,-1.4468630000001212,-0.17798500000026252,-0.8124240000001919
2023-08-30 16:30:00,-0.31527100000039354,-0.966193000000203,-0.6407320000002983,-0.8011180000003151,-0.3023440000001756,-0.5517310000002453,-1.4429110000000946,-0.17767300000014075,-0.8102920000001177
2023-08-30 16:45:00,-0.3146180000003369,-0.9695850000002793,-0.6421015000003081,-0.8030650000000605,-0.3028340000000753,-0.5529495000000679,-1.4465979999999945,-0.176234999999906,-0.8114164999999502
2023-08-30 17:00:00,-0.314879000000019,-0.971335000000181,-0.6431070000001,-0.8015840000002754,-0.3045839999999771,-0.5530840000001263,-1.4422059999997145,-0.17623599999978978,-0.8092209999997522
2023-08-30 17:15:00,-0.31578700000000026,-0.9702800000000025,-0.6430335000000014,-0.803063999999722,-0.30351299999983894,-0.5532884999997805,-1.4465979999999945,-0.1776839999997719,-0.8121409999998832
2023-08-30 18:15:00,-0.3142990000001191,-0.9641930000002503,-0.6392460000001847,-0.8033329999998386,-0.3043760000000475,-0.5538544999999431,-1.4457040000002053,-0.18084700000008525,-0.8132755000001453
2023-08-30 18:45:00,-0.3164390000001731,-0.9659430000001521,-0.6411910000001626,-0.7993680000004133,-0.3026270000000295,-0.5509975000002214,-1.4417520000001787,-0.18084799999996903,-0.8113000000000739
2023-08-30 19:00:00,-0.3181890000000749,-0.9675720000000183,-0.6428805000000466,-0.8028669999998783,-0.30486199999995733,-0.5538644999999178,-1.4446700000003148,-0.18174100000032922,-0.813205500000322
2023-08-30 20:15:00,-0.318840999999793,-0.969108999999662,-0.6439749999997275,-0.797418000000107,-0.3023430000002918,-0.5498805000001994,-1.4380710000000363,-0.17943400000012844,-0.8087525000000824
2023-08-30 20:30:00,-0.3178689999999733,-0.9707529999996041,-0.6443109999997887,-0.7990540000000692,-0.30283300000019153,-0.5509435000001304,-1.4402760000002672,-0.17798500000026252,-0.8091305000002649
2023-08-30 21:00:00,-0.3168310000000929,-0.9666520000000673,-0.6417415000000801,-0.7971510000002127,-0.3016099999999824,-0.5493805000000975,-1.4377950000002784,-0.17868100000032427,-0.8082380000003013
2023-08-30 21:15:00,-0.31468900000027134,-0.9714630000003126,-0.643076000000292,-0.799366000000191,-0.3035670000003847,-0.5514665000002879,-1.4411589999999705,-0.17697799999996278,-0.8090684999999667
2023-08-30 22:00:00,-0.3166979999996329,-0.9707529999996041,-0.6437254999996185,-0.7978970000003756,-0.30283300000019153,-0.5503650000002835,-1.4402869999998984,-0.17914500000006228,-0.8097159999999803
2023-08-30 22:15:00,-0.3184459999997671,-0.9715659999997115,-0.6450059999997393,-0.7996470000002773,-0.30307600000014645,-0.5513615000002119,-1.442037000000255,-0.1790059999998448,-0.8105215000000499
2023-08-31 00:00:00,-0.32058799999958865,-0.9676909999998315,-0.6441394999997101,-0.7974310000004152,-0.3026270000000295,-0.5500290000002224,-1.436333999999988,-0.18025800000032177,-0.8082960000001549
2023-08-31 00:45:00,-0.3221379999999954,-0.9713090000000193,-0.6467235000000073,-0.7969640000001164,-0.3051100000002407,-0.5510370000001785,-1.4335479999999734,-0.18101200000000972,-0.8072799999999916
2023-08-31 01:00:00,-0.32201900000018213,-0.9701500000001033,-0.6460845000001427,-0.7953680000000531,-0.3016090000000986,-0.5484885000000759,-1.4366079999999783,-0.1815889999998035,-0.8090984999998909
2023-08-31 01:15:00,-0.3220189999997274,-0.9703839999997399,-0.6462014999997336,-0.7971180000004097,-0.30302300000039395,-0.5500705000004018,-1.4366079999999783,-0.18087100000002465,-0.8087395000000015
2023-08-31 01:45:00,-0.32390099999975064,-0.9672169999998914,-0.645558999999821,-0.7952030000001287,-0.300387000000228,-0.5477950000001783,-1.4352770000000419,-0.1817070000001877,-0.8084920000001148
2023-08-31 02:15:00,-0.3224079999999958,-0.9647569999997359,-0.6435824999998658,-0.7937320000000909,-0.3014020000000528,-0.5475670000000719,-1.4326540000001842,-0.18387100000018108,-0.8082625000001826
2023-08-31 03:00:00,-0.32214899999962654,-0.9679229999997006,-0.6450359999996635,-0.7934510000000046,-0.2993690000002971,-0.5464100000001508,-1.434114999999565,-0.18012899999985166,-0.8071219999997084
2023-08-31 03:45:00,-0.32429199999978664,-0.968398999999863,-0.6463454999998248,-0.7929860000003828,-0.29869100000041726,-0.5458385000004,-1.4330700000000434,-0.17984100000012404,-0.8064555000000837
2023-08-31 04:30:00,-0.31857899999977235,-0.9702779999997801,-0.6444284999997762,-0.7977280000000064,-0.3023430000002918,-0.5500355000001491,-1.4395409999997355,-0.1794339999996737,-0.8094874999997046
2023-08-31 04:45:00,-0.31896899999992456,-0.9695689999998649,-0.6442689999998947,-0.7955120000001443,-0.3033600000003389,-0.5494360000002416,-1.4355879999998251,-0.1816009999997732,-0.8085944999997992
2023-08-31 08:15:00,-0.3198819999997795,-0.9630169999995815,-0.6414494999996805,-0.7915160000002288,-0.29971199999999953,-0.5456140000001142,-1.4286999999999352,-0.18027000000029147,-0.8044850000001134
2023-08-31 08:30:00,-0.31734899999992194,-0.9630159999996977,-0.6401824999998098,-0.7941980000000513,-0.29971199999999953,-0.5469550000000254,-1.4366070000000946,-0.1820189999998547,-0.8093129999999746
2023-08-31 09:30:00,-0.3149500000004082,-0.9589300000002368,-0.6369400000003225,-0.7961460000001352,-0.29849400000011883,-0.547320000000127,-1.439705000000231,-0.1809640000001309,-0.8103345000001809
2023-08-31 10:00:00,-0.3188399999999092,-0.962666999999783,-0.6407534999998461,-0.7956800000001749,-0.29990100000031816,-0.5477905000002465,-1.436329999999998,-0.1808129999999437,-0.8085714999999709
2023-08-31 10:15:00,-0.3174810000000434,-0.9596380000002682,-0.6385595000001558,-0.7952130000003308,-0.2992260000000897,-0.5472195000002102,-1.4352960000001076,-0.1805460000000494,-0.8079210000000785
2023-08-31 10:30:00,-0.31145199999991746,-0.9561389999998937,-0.6337954999999056,-0.7990660000000389,-0.30039599999963684,-0.5497309999998379,-1.4397060000001147,-0.1787970000000314,-0.8092515000000731
2023-08-31 10:45:00,-0.3170909999998912,-0.9630189999998038,-0.6400549999998475,-0.7986000000000786,-0.302632999999787,-0.5506164999999328,-1.4392530000000079,-0.18202199999996083,-0.8106374999999844
2023-08-31 11:00:00,-0.31320199999981924,-0.957419999999729,-0.6353109999997741,-0.8008159999999407,-0.3028209999997671,-0.5518184999998539,-1.4385369999999966,-0.17906500000026426,-0.8088010000001304
2023-08-31 11:45:00,-0.3146929999998065,-0.9624439999997776,-0.638568499999792,-0.8028650000001107,-0.30437700000038603,-0.5536210000002484,-1.4399979999998322,-0.17735099999981685,-0.8086744999998245
2023-08-31 12:45:00,-0.3143000000000029,-0.969003000000157,-0.64165150000008,-0.8015810000001693,-0.3028340000000753,-0.5522075000001223,-1.4422019999997246,-0.1744869999997718,-0.8083444999997482
2023-08-31 13:00:00,-0.31488000000035754,-0.9671250000001237,-0.6410025000002406,-0.8033310000000711,-0.30385000000023865,-0.5535905000001549,-1.4439519999996264,-0.1766539999998713,-0.8103029999997489
2023-08-31 13:45:00,-0.31495399999994333,-0.9680699999998978,-0.6415119999999206,-0.7996350000003076,-0.30307900000025256,-0.5513570000002801,-1.4385240000001431,-0.17551999999977852,-0.8070219999999608
2023-08-31 14:00:00,-0.3132590000000164,-0.9666500000002998,-0.6399545000001581,-0.7996769999999742,-0.30335999999988417,-0.5515184999999292,-1.4414710000000923,-0.17868200000020806,-0.8100765000001502
2023-08-31 14:15:00,-0.31294100000013714,-0.9689910000001873,-0.6409660000001622,-0.7993649999998524,-0.3045799999999872,-0.5519724999999198,-1.439998000000287,-0.17798799999991388,-0.8089930000001004
2023-08-31 14:30:00,-0.3143000000000029,-0.9699250000003303,-0.6421125000001666,-0.8015810000001693,-0.3043370000000323,-0.5529590000001008,-1.4439520000000812,-0.17812899999989895,-0.8110404999999901
2023-08-31 14:45:00,-0.31098999999994703,-0.9682800000000498,-0.6396349999999984,-0.8020470000001296,-0.30501700000013443,-0.553532000000132,-1.446154000000206,-0.17957700000033583,-0.8128655000002709
2023-08-31 15:15:00,-0.3115099999999984,-0.9672390000000632,-0.6393745000000308,-0.7996870000001763,-0.30283900000040376,-0.55126300000029,-1.443220999999994,-0.17798899999979767,-0.8106049999998959
2023-08-31 15:30:00,-0.3136500000000524,-0.9665320000003703,-0.6400910000002114,-0.8009710000001178,-0.30560700000023644,-0.5532890000001771,-1.4392680000000837,-0.1784069999998792,-0.8088374999999814
2023-08-31 16:00:00,-0.31675899999981993,-0.9741330000001653,-0.6454459999999926,-0.8031859999996414,-0.3068289999996523,-0.5550074999996468,-1.4449709999998959,-0.17945999999983542,-0.8122154999998656
2023-08-31 17:15:00,-0.3183209999997416,-0.9682739999998375,-0.6432974999997896,-0.8003829999997834,-0.3049590000000535,-0.5526709999999184,-1.4421889999998712,-0.1831809999998768,-0.812684999999874
2023-08-31 17:30:00,-0.32324700000026496,-0.9758660000002237,-0.6495565000002443,-0.7971480000001065,-0.30326700000023266,-0.5502075000001696,-1.4442090000002281,-0.18599399999993693,-0.8151015000000825
2023-08-31 17:45:00,-0.32739700000001903,-0.9806459999999788,-0.6540214999999989,-0.7934510000000046,-0.30569100000002436,-0.5495710000000145,-1.4376130000000558,-0.18917999999985113,-0.8133964999999534
2023-08-31 18:00:00,-0.32577900000023874,-0.971056000000317,-0.6484175000002779,-0.7944659999998294,-0.30306000000018685,-0.5487630000000081,-1.4363020000000688,-0.18710599999985789,-0.8117039999999633
2023-08-31 18:30:00,-0.3228589999998803,-0.962297000000035,-0.6425779999999577,-0.7950559999999314,-0.300677999999607,-0.5478669999997692,-1.4351339999998345,-0.1848800000002484,-0.8100070000000414
2023-08-31 18:45:00,-0.32325100000025486,-0.9596129999999903,-0.6414320000001226,-0.7910910000000513,-0.29567199999974036,-0.5433814999998958,-1.4294300000001385,-0.17949100000032558,-0.8044605000002321
2023-08-31 19:00:00,-0.320067999999992,-0.9559760000001916,-0.6380220000000918,-0.799221000000216,-0.2983800000001793,-0.5488005000001976,-1.4427660000001197,-0.18409199999996417,-0.8134290000000419
2023-08-31 19:15:00,-0.32070699999985663,-0.9530549999999494,-0.636880999999903,-0.7966939999996612,-0.2966280000000552,-0.5466609999998582,-1.4373500000001513,-0.1823410000001786,-0.809845500000165
2023-08-31 19:30:00,-0.3185670000002574,-0.9529489999999896,-0.6357580000001235,-0.7959910000004129,-0.2941990000003898,-0.5450950000004013,-1.4395540000000437,-0.18031299999984185,-0.8099334999999428
2023-08-31 19:45:00,-0.31869800000004034,-0.9515320000000429,-0.6351150000000416,-0.7952439999999115,-0.2962330000000293,-0.5457384999999704,-1.438810999999987,-0.18523699999968812,-0.8120239999998375
2023-08-31 20:15:00,-0.32045800000014424,-0.943974000000253,-0.6322160000001986,-0.7952539999996588,-0.3053310000000238,-0.5502924999998413,-1.440560000000005,-0.20834400000012465,-0.8244520000000648
2023-08-31 20:30:00,-0.31831700000020646,-0.9438330000002679,-0.6310750000002372,-0.7957200000000739,-0.30979400000023816,-0.552757000000156,-1.4410130000001118,-0.21412599999985105,-0.8275694999999814
2023-08-31 20:45:00,-0.32247099999995044,-0.942417000000205,-0.6324440000000777,-0.7955219999998917,-0.31182699999999386,-0.5536744999999428,-1.4373370000002978,-0.21788100000003396,-0.8276090000001659
2023-08-31 21:15:00,-0.3188399999999092,-0.9418160000000171,-0.6303279999999631,-0.7939169999999649,-0.31526400000029753,-0.5545905000001312,-1.4380679999999302,-0.22499599999991915,-0.8315319999999247
2023-08-31 21:30:00,-0.32429099999990285,-0.9435530000000654,-0.6339219999999841,-0.7929850000000442,-0.31871099999989383,-0.555847999999969,-1.4319100000002436,-0.2286130000002231,-0.8302615000002334
2023-08-31 22:00:00,-0.32389899999998306,-0.9393260000001646,-0.6316125000000739,-0.7934500000001208,-0.3201990000002297,-0.5568245000001752,-1.4358620000002702,-0.23682499999995343,-0.8363435000001118
2023-08-31 23:00:00,-0.318840999999793,-0.9331429999997454,-0.6259919999997692,-0.7939180000003034,-0.316363000000365,-0.5551405000003342,-1.4380669999995916,-0.2326069999999163,-0.835336999999754
2023-08-31 23:15:00,-0.3196189999998751,-0.9351269999997385,-0.6273729999998068,-0.7961330000002818,-0.3166050000004361,-0.5563690000003589,-1.4414310000001933,-0.23187899999993533,-0.8366550000000643
2023-08-31 23:30:00,-0.31812799999988783,-0.932669999999689,-0.6253989999997884,-0.7929149999999936,-0.3158720000001267,-0.5543935000000602,-1.4370610000000852,-0.23229600000013306,-0.8346785000001091
2023-09-01 00:15:00,-0.3220189999997274,-0.9326689999998052,-0.6273439999997663,-0.7941970000001675,-0.31587100000024293,-0.5550340000002052,-1.4366039999999884,-0.23229600000013306,-0.8344500000000608
2023-09-01 00:30:00,-0.3224089999998796,-0.9317320000000109,-0.6270704999999452,-0.7919810000003054,-0.3143640000002961,-0.5531725000003007,-1.434400000000096,-0.23215699999991557,-0.8332785000000058
2023-09-01 01:30:00,-0.31922999999960666,-0.9429949999998826,-0.6311124999997446,-0.7934620000000905,-0.2940330000001268,-0.5437475000001086,-1.4341239999998834,-0.18589699999984077,-0.8100104999998621
2023-09-01 01:45:00,-0.3189109999998436,-0.9419549999997798,-0.6304329999998117,-0.794901000000209,-0.29476599999998143,-0.5448335000000952,-1.43382100000008,-0.1849010000000817,-0.8093610000000808
2023-09-01 02:00:00,-0.3199970000000576,-0.9499930000001768,-0.6349950000001172,-0.7910090000000309,-0.29233300000032614,-0.5416710000001785,-1.4363280000002305,-0.18520399999988513,-0.8107660000000578
2023-09-01 02:45:00,-0.32201700000041455,-0.9529340000003685,-0.6374755000003915,-0.793615999999929,-0.2947249999997439,-0.5441704999998365,-1.4348540000000867,-0.1827579999999216,-0.8088060000000041
2023-09-01 03:00:00,-0.31844699999965087,-0.9500029999999242,-0.6342249999997875,-0.7949740000003658,-0.295252000000346,-0.5451130000003559,-1.4402820000000247,-0.18637399999988702,-0.8133279999999559
2023-09-01 03:15:00,-0.3227870000000621,-0.9509280000002036,-0.6368575000001329,-0.7946630000001278,-0.2938390000003892,-0.5442510000002585,-1.4388090000002194,-0.18534200000021883,-0.8120755000002191
2023-09-01 05:15:00,-0.32092099999999846,-0.9536459999999352,-0.6372834999999668,-0.7899189999998271,-0.29545999999982087,-0.542689499999824,-1.4311769999999342,-0.18526100000008228,-0.8082190000000082
2023-09-01 07:15:00,-0.3220099999998638,-0.9505840000001626,-0.6362970000000132,-0.7936190000000352,-0.2952629999999772,-0.5444410000000062,-1.434277000000293,-0.18463500000007116,-0.809456000000182
2023-09-01 07:30:00,-0.319941000000199,-0.949069000000236,-0.6345050000002175,-0.7921350000001439,-0.2955050000000483,-0.5438200000000961,-1.4316309999999248,-0.1844960000003084,-0.8080635000001166
2023-09-01 07:45:00,-0.3195490000002792,-0.9490679999998974,-0.6343085000000883,-0.794351000000006,-0.2955050000000483,-0.5449280000000272,-1.4355860000000575,-0.18449599999985367,-0.8100409999999556
2023-09-01 08:15:00,-0.32200899999998,-0.9505830000002788,-0.6362960000001294,-0.7953569999999672,-0.2970030000001316,-0.5461800000000494,-1.4360139999998864,-0.18637600000010934,-0.8111949999999979
2023-09-01 09:00:00,-0.3218770000003133,-0.9547930000003362,-0.6383350000003247,-0.7931959999996252,-0.2965769999996155,-0.5448864999996204,-1.433849999999893,-0.18420800000012605,-0.8090290000000095
2023-09-01 09:15:00,-0.3205190000003313,-0.9537520000003497,-0.6371355000003405,-0.7909789999998793,-0.2955609999999069,-0.5432699999998931,-1.431644000000233,-0.18379200000026685,-0.80771800000025
2023-09-01 10:00:00,-0.3179890000001251,-0.9559779999999591,-0.6369835000000421,-0.7965720000001966,-0.29954200000020137,-0.548057000000199,-1.43897300000026,-0.1852640000001884,-0.8121185000002242
2023-09-01 10:15:00,-0.31650000000036016,-0.954935000000205,-0.6357175000002826,-0.7950890000001891,-0.2985229999999319,-0.5468060000000605,-1.4363290000001143,-0.1830960000002051,-0.8097125000001597
2023-09-01 10:30:00,-0.314487999999983,-0.952476999999817,-0.6334824999999,-0.7959910000004129,-0.29896000000007916,-0.547475500000246,-1.4372250000001259,-0.18351400000028661,-0.8103695000002062
2023-09-01 11:15:00,-0.31195800000023155,-0.9549370000004274,-0.6334475000003295,-0.8004240000000209,-0.30144400000017413,-0.5509340000000975,-1.442214000000149,-0.18192900000030932,-0.8120715000002292
2023-09-01 11:45:00,-0.3175989999999729,-0.9603150000002643,-0.6389570000001186,-0.8034569999999803,-0.30509600000004866,-0.5542765000000145,-1.4417590000002747,-0.1826810000002297,-0.8122200000002522
2023-09-01 12:00:00,-0.3137090000000171,-0.9585660000002463,-0.6361375000001317,-0.8021740000003774,-0.3033470000000307,-0.552760500000204,-1.443963000000167,-0.18268200000011348,-0.8133225000001403
2023-09-01 12:15:00,-0.31409800000028554,-0.9572900000002846,-0.6356940000002851,-0.8034569999999803,-0.3044159999999465,-0.5539364999999634,-1.4417600000001585,-0.18123100000002523,-0.8114955000000919
2023-09-01 12:45:00,-0.3130600000004051,-0.9581040000002758,-0.6355820000003405,-0.7997909999999138,-0.3029100000003382,-0.551350500000126,-1.438677000000098,-0.1805130000002464,-0.8095950000001721
2023-09-01 13:00:00,-0.3130620000001727,-0.9572760000000926,-0.6351690000001327,-0.8015410000002703,-0.30441400000017893,-0.5529775000002246,-1.438677000000098,-0.18065599999999904,-0.8096665000000485
2023-09-01 13:45:00,-0.3138400000002548,-0.9650070000002415,-0.6394235000002482,-0.8002570000003288,-0.30286999999998443,-0.5515635000001566,-1.4408820000003288,-0.17779200000040873,-0.8093370000003688
2023-09-01 14:30:00,-0.3106620000003204,-0.9603390000002037,-0.635500500000262,-0.8017400000003363,-0.301122000000305,-0.5514310000003206,-1.4441170000000056,-0.1766349999998056,-0.8103759999999056
2023-09-01 15:30:00,-0.3109329999997499,-0.9601139999999759,-0.6355234999998629,-0.8020189999997456,-0.3032189999998991,-0.5526189999998223,-1.4414739999997437,-0.17735300000003917,-0.8094134999998914
2023-09-01 16:15:00,-0.31054000000040105,-0.9645570000002408,-0.6375485000003209,-0.8024840000002769,-0.30361400000037975,-0.5530490000003283,-1.443677000000207,-0.17621600000029503,-0.809946500000251
2023-09-01 16:30:00,-0.31280900000001566,-0.9637260000004062,-0.6382675000002109,-0.7995319999999992,-0.3016170000000784,-0.5505745000000388,-1.443659999999909,-0.17985600000019986,-0.8117580000000544
2023-09-01 16:45:00,-0.31067099999972925,-0.9637269999998352,-0.6371989999997822,-0.8017489999997451,-0.3033669999999802,-0.5525579999998627,-1.44294600000012,-0.17693700000017998,-0.80994150000015
2023-09-01 17:00:00,-0.31495200000017576,-0.96372700000029,-0.6393395000002329,-0.8008160000003954,-0.3033670000004349,-0.5520915000004152,-1.4385369999999966,-0.17693700000017998,-0.8077370000000883
2023-09-01 17:30:00,-0.3089199999999437,-0.9644359999997505,-0.6366779999998471,-0.7999979999999596,-0.30234999999993306,-0.5511739999999463,-1.4411950000003344,-0.17477099999996426,-0.8079830000001493
2023-09-01 17:45:00,-0.309570999999778,-0.9636209999998755,-0.6365959999998267,-0.7968810000002122,-0.3026870000003328,-0.5497840000002725,-1.4345980000002783,-0.17490900000029797,-0.8047535000002881
2023-09-01 18:00:00,-0.31106099999988146,-0.9653719999996611,-0.6382164999997713,-0.7983630000003359,-0.30268900000010035,-0.5505260000002181,-1.4389909999999873,-0.17666000000008353,-0.8078255000000354
2023-09-01 18:45:00,-0.3166999999998552,-0.9672249999998712,-0.6419624999998632,-0.796147000000019,-0.30044800000041505,-0.548297500000217,-1.4367870000000948,-0.17693700000017998,-0.8068620000001374
2023-09-01 19:00:00,-0.3087929999996959,-0.9624529999996412,-0.6356229999996685,-0.7964150000002519,-0.30443800000011834,-0.5504265000001851,-1.4323940000003859,-0.17665900000019974,-0.8045265000002928
2023-09-01 19:45:00,-0.306072999999742,-0.9631620000000112,-0.6346174999998766,-0.7945519999998396,-0.30167200000005323,-0.5481119999999464,-1.4375170000002981,-0.17799199999990378,-0.807754500000101
2023-09-01 20:00:00,-0.3105430000000524,-0.9650309999997262,-0.6377869999998893,-0.7929149999999936,-0.3011860000001434,-0.5470505000000685,-1.4323919999997088,-0.17651799999975992,-0.8044549999997344
2023-09-01 20:15:00,-0.3095610000000306,-0.9669000000003507,-0.6382305000001907,-0.7968799999998737,-0.30366800000001604,-0.5502739999999449,-1.4357660000000578,-0.1755209999996623,-0.8056434999998601
2023-09-01 20:30:00,-0.3113120000002709,-0.9691230000003088,-0.6402175000002899,-0.796291999999994,-0.3024000000000342,-0.5493460000000141,-1.4375169999998434,-0.1758230000000367,-0.80666999999994
2023-09-01 20:45:00,-0.31196100000033766,-0.9666650000003756,-0.6393130000003566,-0.7926059999999779,-0.30166600000029575,-0.5471360000001368,-1.432100999999875,-0.1774000000000342,-0.8047504999999546
2023-09-01 21:15:00,-0.31060100000013335,-0.9666610000003857,-0.6386310000002595,-0.7999580000000606,-0.305170999999973,-0.5525645000000168,-1.44117899999992,-0.17916100000002189,-0.810169999999971
2023-09-01 21:30:00,-0.31333200000017314,-0.9715770000002522,-0.6424545000002126,-0.7983170000002247,-0.3048860000003515,-0.5516015000002881,-1.436040999999932,-0.17482599999993909,-0.8054334999999355
2023-09-01 22:00:00,-0.31411000000025524,-0.969684000000143,-0.6418970000001991,-0.795285000000149,-0.3011810000002697,-0.5482330000002094,-1.439415000000281,-0.17885999999998603,-0.8091375000001335
2023-09-01 22:15:00,-0.3151540000003479,-0.966305000000375,-0.6407295000003614,-0.7928719999999885,-0.30244500000026164,-0.5476585000001251,-1.4306150000002162,-0.1791360000001987,-0.8048755000002075
2023-09-01 22:30:00,-0.31515300000000934,-0.9663039999995817,-0.6407284999997955,-0.7928690000003371,-0.3024439999999231,-0.5476565000001301,-1.4323610000001281,-0.18088500000021668,-0.8066230000001724
2023-09-01 23:00:00,-0.31462999999985186,-0.9591409999998177,-0.6368854999998348,-0.7935029999998733,-0.3004329999998845,-0.5469679999998789,-1.435308999999961,-0.18385200000011537,-0.8095805000000382
2023-09-01 23:45:00,-0.3133900000002541,-0.9590220000000045,-0.6362060000001293,-0.798935999999685,-0.3015019999998003,-0.5502189999997427,-1.441302000000178,-0.18182300000034957,-0.8115625000002638
2023-09-02 00:45:00,-0.31649800000013784,-0.9634660000001531,-0.6399820000001455,-0.7933469999998124,-0.300148999999692,-0.5467479999997522,-1.4357469999999921,-0.18243800000027477,-0.8090925000001334
2023-09-02 01:30:00,-0.31514100000003964,-0.9634690000002593,-0.6393050000001494,-0.7911319999998341,-0.30189999999993233,-0.5465159999998832,-1.4300450000000637,-0.18244000000004235,-0.806242500000053
2023-09-02 02:30:00,-0.3129399999997986,-0.963242999999693,-0.6380914999997458,-0.7952829999999267,-0.3016569999999774,-0.548469999999952,-1.4405719999999747,-0.1843269999999393,-0.812449499999957
2023-09-02 02:45:00,-0.31358899999986534,-0.96641099999988,-0.6399999999998727,-0.7933459999999286,-0.3031229999996867,-0.5482344999998077,-1.4339960000002065,-0.1817430000000968,-0.8078695000001517
2023-09-02 05:00:00,-0.3126080000001821,-0.9658180000001266,-0.6392130000001544,-0.7938119999998889,-0.30137299999978495,-0.547592499999837,-1.4361990000002152,-0.1799940000000788,-0.808096500000147
2023-09-02 06:15:00,-0.31435800000008385,-0.9652160000000549,-0.6397870000000694,-0.7938129999997727,-0.30189999999993233,-0.5478564999998525,-1.437949000000117,-0.18418900000006033,-0.8110690000000886
2023-09-02 07:15:00,-0.31435800000008385,-0.9652160000000549,-0.6397870000000694,-0.7938130000002275,-0.3019000000003871,-0.5478565000003073,-1.437949000000117,-0.18418900000006033,-0.8110690000000886
2023-09-02 08:15:00,-0.3103390000001127,-0.9616030000001956,-0.6359710000001542,-0.7961740000000646,-0.302911000000222,-0.5495425000001433,-1.4426350000003367,-0.18635300000005373,-0.8144940000001952
2023-09-02 08:30:00,-0.31793100000004415,-0.9627730000001975,-0.6403520000001208,-0.7930270000001656,-0.3011610000003202,-0.5470940000002429,-1.4342740000001868,-0.18460300000015195,-0.8094385000001694
2023-09-02 08:45:00,-0.3146200000001045,-0.9645359999999528,-0.6395780000000286,-0.7934930000001259,-0.3012149999999565,-0.5473540000000412,-1.434729999999945,-0.1809889999999541,-0.8078594999999495
2023-09-02 10:00:00,-0.3115099999999984,-0.9616049999999632,-0.6365574999999808,-0.7990939999999682,-0.30466200000000754,-0.5518779999999879,-1.4420460000001185,-0.18459500000017215,-0.8133205000001453
2023-09-02 10:15:00,-0.31073300000025483,-0.9579780000003666,-0.6343555000003107,-0.7986280000000079,-0.30567800000017087,-0.5521530000000894,-1.4380920000003243,-0.18501200000036988,-0.8115520000003471
2023-09-02 10:30:00,-0.3124800000000505,-0.959961999999905,-0.6362209999999777,-0.797458000000006,-0.304171000000224,-0.550814500000115,-1.438673000000108,-0.18487400000003618,-0.8117735000000721
2023-09-02 10:45:00,-0.3124809999999343,-0.9627829999999449,-0.6376319999999396,-0.7974589999998898,-0.3029710000000705,-0.5502149999999801,-1.4386739999999918,-0.18099100000017643,-0.8098325000000841
2023-09-02 11:15:00,-0.3107319999999163,-0.9593909999998687,-0.6350614999998925,-0.7992089999997916,-0.304229999999734,-0.5517194999997628,-1.4386750000003303,-0.181271000000379,-0.8099730000003547
2023-09-02 12:00:00,-0.31008099999962724,-0.9634929999997439,-0.6367869999996856,-0.8046559999997953,-0.3072029999998449,-0.5559294999998201,-1.4423609999998916,-0.17766500000016094,-0.8100130000000263
2023-09-02 12:15:00,-0.3096890000001622,-0.9693450000004304,-0.6395170000002963,-0.8016240000001744,-0.30492899999990186,-0.5532765000000381,-1.4445670000000064,-0.1769710000003215,-0.8107690000001639
2023-09-02 12:30:00,-0.3078089999999065,-0.9652460000002065,-0.6365275000000565,-0.8023570000000291,-0.30544800000006944,-0.5539025000000493,-1.4458760000002258,-0.17940300000009302,-0.8126395000001594
2023-09-02 12:45:00,-0.3116979999999785,-0.9703739999999925,-0.6410359999999855,-0.8018889999998464,-0.30768299999999726,-0.5547859999999218,-1.441921000000093,-0.17912599999999657,-0.8105235000000448
2023-09-02 13:00:00,-0.3083300000002964,-0.9685210000002371,-0.6384255000002668,-0.8011570000003303,-0.3081750000001193,-0.5546660000002248,-1.4394430000002103,-0.17767900000035297,-0.8085610000002816
2023-09-02 13:30:00,-0.31183000000009997,-0.9709790000001703,-0.6414045000001352,-0.8046560000002501,-0.3089070000000902,-0.5567815000001701,-1.4429410000002463,-0.17726100000027145,-0.8101010000002589
2023-09-02 14:15:00,-0.30866100000002916,-0.970053999999891,-0.63935749999996,-0.8043750000001637,-0.30857000000014523,-0.5564725000001545,-1.4455630000002202,-0.17829299999993964,-0.8119280000000799
2023-09-02 15:00:00,-0.3065209999999752,-0.9667810000000827,-0.6366510000000289,-0.8054309999997713,-0.3081839999999829,-0.5568074999998771,-1.4448569999999563,-0.17593899999974383,-0.8103979999998501
2023-09-02 15:30:00,-0.3125519999998687,-0.9685159999999087,-0.6405339999998887,-0.8021699999999328,-0.30585100000007515,-0.554010500000004,-1.4421979999997347,-0.17768999999998414,-0.8099439999998594
2023-09-02 15:45:00,-0.30866199999991295,-0.9667669999998907,-0.6377144999999018,-0.8026379999996607,-0.30585199999995893,-0.5542449999998098,-1.4426549999998315,-0.17594099999996615,-0.8092979999998988
2023-09-02 16:00:00,-0.30866100000002916,-0.9674760000002607,-0.6380685000001449,-0.8014680000001135,-0.3036649999999099,-0.5525665000000117,-1.444405000000188,-0.17552400000022317,-0.8099645000002056
2023-09-02 16:15:00,-0.3090540000002875,-0.9681850000001759,-0.6386195000002317,-0.8010020000001532,-0.3043980000002193,-0.5527000000001863,-1.4404520000002776,-0.17335800000000745,-0.8069050000001425
2023-09-02 17:30:00,-0.3109300000000985,-0.9703990000002705,-0.6406645000001845,-0.8002660000001924,-0.3065780000001723,-0.5534220000001824,-1.4397189999999682,-0.17726100000027145,-0.8084900000001198
2023-09-02 19:15:00,-0.3068970000003901,-0.9655870000001414,-0.6362420000002658,-0.7979690000001938,-0.30462100000022474,-0.5512950000002093,-1.4415070000000014,-0.18013399999972535,-0.8108204999998634
2023-09-02 20:45:00,-0.3093120000003182,-0.9692250000002787,-0.6392685000002984,-0.7960170000001199,-0.30366400000002614,-0.549840500000073,-1.4343040000003384,-0.1737740000003214,-0.8040390000003299
2023-09-02 21:00:00,-0.30834100000038234,-0.9679360000000088,-0.6381385000001956,-0.798232999999982,-0.30468100000007325,-0.5514570000000276,-1.4429260000001705,-0.18060900000000402,-0.8117675000000872
2023-09-02 21:30:00,-0.31048199999986537,-0.9703949999998258,-0.6404384999998456,-0.7960169999996651,-0.30366400000002614,-0.5498404999998456,-1.4372239999997873,-0.1766939999997703,-0.8069589999997788
2023-09-02 23:30:00,-0.31287899999961155,-0.9705129999997553,-0.6416959999996834,-0.7952509999995527,-0.30609699999968143,-0.5506739999996171,-1.430648999999903,-0.17696899999964444,-0.8038089999997737
2023-09-03 00:45:00,-0.3151519999996708,-0.96980399999984,-0.6424779999997554,-0.7940369999996619,-0.30711299999984476,-0.5505749999997533,-1.4288610000003246,-0.18088600000010047,-0.8048735000002125
2023-09-03 01:00:00,-0.31475899999986723,-0.973182999999608,-0.6439709999997376,-0.7915850000003957,-0.30468000000018947,-0.5481325000002926,-1.4310660000001008,-0.18061000000034255,-0.8058380000002217
2023-09-03 01:30:00,-0.31300899999996545,-0.974130999999943,-0.6435699999999542,-0.7933320000001913,-0.30682000000024345,-0.5500760000002174,-1.4328120000000126,-0.18121100000007573,-0.8070115000000442
2023-09-03 02:45:00,-0.3130110000001878,-0.9733180000002903,-0.6431645000002391,-0.7915840000000571,-0.30482800000027055,-0.5482060000001638,-1.4310640000003332,-0.1795999999999367,-0.8053320000001349
2023-09-03 05:45:00,-0.31340000000000146,-0.9708569999997962,-0.6421284999998988,-0.7893670000003112,-0.30409499999996115,-0.5467310000001362,-1.4276890000001004,-0.18059600000015053,-0.8041425000001254
2023-09-03 06:00:00,-0.3133309999998346,-0.9707290000001194,-0.642029999999977,-0.7918960000001789,-0.3039410000001226,-0.5479185000001507,-1.4325380000000223,-0.18101400000023204,-0.8067760000001272
2023-09-03 10:30:00,-0.3107990000003156,-0.9707310000003417,-0.6407650000003287,-0.797497999999905,-0.30686199999991004,-0.5521799999999075,-1.4404450000001816,-0.18276400000013382,-0.8116045000001577
2023-09-03 11:15:00,-0.30664800000022296,-0.9685080000003836,-0.6375780000003033,-0.7982759999999871,-0.3063710000001265,-0.5523235000000568,-1.4423750000000837,-0.18129300000009607,-0.8118340000000899
2023-09-03 11:45:00,-0.30528000000003885,-0.968862000000172,-0.6370710000001054,-0.7972200000003795,-0.3073480000002746,-0.5522840000003271,-1.4390019999996184,-0.1801590000000033,-0.8095804999998109
2023-09-03 12:30:00,-0.30560700000023644,-0.9713300000003073,-0.6384685000002719,-0.7975410000003649,-0.3063400000000911,-0.551940500000228,-1.4416430000001128,-0.1791600000001381,-0.8104015000001255
2023-09-03 13:00:00,-0.3035979999999654,-0.968297999999777,-0.6359479999998712,-0.7996040000002722,-0.3073530000001483,-0.5534785000002103,-1.4431190000000242,-0.1795670000001337,-0.811343000000079
2023-09-03 13:15:00,-0.3020360000000437,-0.9720449999999801,-0.6370405000000119,-0.8000690000003488,-0.3070690000004106,-0.5535690000003797,-1.4459119999996801,-0.17757299999993847,-0.8117424999998093
2023-09-03 14:00:00,-0.3014570000000276,-0.969698000000335,-0.6355775000001813,-0.8000569999999243,-0.3053140000001804,-0.5526855000000523,-1.4441390000001775,-0.1740740000000187,-0.8091065000000981
2023-09-03 14:30:00,-0.3041790000002038,-0.9707400000002053,-0.6374595000002046,-0.799590999999964,-0.3075010000002294,-0.5535460000000967,-1.442515000000185,-0.17799199999990378,-0.8102535000000444
2023-09-03 15:00:00,-0.302169000000049,-0.9674680000002809,-0.6348185000001649,-0.7999120000004041,-0.3071150000000671,-0.5535135000002356,-1.4451579999999922,-0.18029699999988225,-0.8127274999999372
2023-09-03 15:15:00,-0.3040479999999661,-0.9694560000002639,-0.636752000000115,-0.7991790000000947,-0.30677300000024843,-0.5529760000001716,-1.4455980000002455,-0.1813160000001517,-0.8134570000001986
2023-09-03 15:45:00,-0.3029460000002473,-0.9677050000000236,-0.6353255000001354,-0.8032990000001519,-0.30677200000036464,-0.5550355000002583,-1.4479559999999765,-0.17723700000033205,-0.8125965000001543
2023-09-03 16:00:00,-0.3015299999997296,-0.9658380000000761,-0.6336839999999029,-0.8047679999999673,-0.307788999999957,-0.5562784999999622,-1.4505749999998443,-0.1794039999999768,-0.8149894999999105
2023-09-03 16:15:00,-0.30152799999996205,-0.9674669999999423,-0.6344974999999522,-0.8030180000000655,-0.3065249999999651,-0.5547715000000153,-1.4505749999998443,-0.17912699999988035,-0.8148509999998623
2023-09-03 16:45:00,-0.2989990000000944,-0.9647820000000138,-0.6318905000000541,-0.8013810000002195,-0.30676800000037474,-0.5540745000002971,-1.4454510000000482,-0.1772399999999834,-0.8113455000000158
2023-09-03 17:00:00,-0.29900199999974575,-0.9639699999997902,-0.631485999999768,-0.8013829999999871,-0.30652599999984886,-0.553954499999918,-1.4472019999998338,-0.17912799999976414,-0.813164999999799
2023-09-03 17:15:00,-0.29764299999988,-0.9615109999999731,-0.6295769999999266,-0.7974159999998847,-0.3057919999996557,-0.5516039999997702,-1.4414959999999155,-0.17954399999962334,-0.8105199999997694
2023-09-03 17:45:00,-0.2997820000000502,-0.9646769999999378,-0.632229499999994,-0.7957799999999224,-0.3043390000002546,-0.5500595000000885,-1.439292999999907,-0.17696100000011938,-0.8081270000000131
2023-09-03 18:30:00,-0.3011989999999969,-0.9656120000004194,-0.6334055000002081,-0.7954690000001392,-0.30584399999997913,-0.5506565000000592,-1.4366710000003877,-0.17768700000033277,-0.8071790000003602
2023-09-03 23:00:00,-0.3050890000004074,-0.9691100000000006,-0.637099500000204,-0.7915040000002591,-0.3040960000002997,-0.5478000000002794,-1.4356259999999565,-0.1805979999999181,-0.8081119999999373
2023-09-04 00:15:00,-0.30696599999964747,-0.969916000000012,-0.6384409999998297,-0.7907690000001821,-0.30545000000029177,-0.548109500000237,-1.4349040000001878,-0.18407200000001467,-0.8094880000001012
2023-09-04 00:45:00,-0.30190700000002835,-0.9673470000002453,-0.6346270000001368,-0.7918239999999059,-0.30409999999983484,-0.5479619999998704,-1.4371070000001964,-0.18060800000012023,-0.8088575000001583
2023-09-04 01:00:00,-0.3061880000000201,-0.9693350000002283,-0.6377615000001242,-0.7891429999999673,-0.3037580000000162,-0.5464504999999917,-1.4309509999998227,-0.17987799999991694,-0.8054144999998698
2023-09-04 01:15:00,-0.30443800000011834,-0.9668760000004113,-0.6356570000002648,-0.789140999999745,-0.30477399999972477,-0.5469574999997349,-1.4297780000001694,-0.18087500000001455,-0.805326500000092
2023-09-04 01:30:00,-0.30619000000024243,-0.9709800000000541,-0.6385850000001483,-0.7908929999998691,-0.3059989999997015,-0.5484459999997853,-1.4315300000002935,-0.18018100000017512,-0.8058555000002343
2023-09-04 01:45:00,-0.30767599999990125,-0.9727279999997336,-0.6402019999998174,-0.7906239999997524,-0.3042489999997997,-0.5474364999997761,-1.4341739999999845,-0.18017900000040754,-0.807176500000196
2023-09-04 02:00:00,-0.303787000000284,-0.9702700000002551,-0.6370285000002696,-0.7928389999997307,-0.3070149999998648,-0.5499269999997978,-1.4363769999999931,-0.18234700000039084,-0.809362000000192
2023-09-04 02:30:00,-0.3052170000000842,-0.9709790000001703,-0.6380980000001273,-0.7913579999999456,-0.30482800000027055,-0.5480930000001081,-1.433734000000186,-0.1790089999999509,-0.8063715000000684
2023-09-04 03:45:00,-0.3048260000000482,-0.9702680000000328,-0.6375470000000405,-0.7918239999999059,-0.30409400000007736,-0.5479589999999916,-1.4388560000002144,-0.1823450000001685,-0.8106005000001915
2023-09-04 04:00:00,-0.3052170000000842,-0.9721490000001722,-0.6386830000001282,-0.7913590000002841,-0.30599900000015623,-0.5486790000002202,-1.4354840000000877,-0.18192899999985457,-0.8087064999999711
2023-09-04 04:30:00,-0.305217999999968,-0.968981999999869,-0.6370999999999185,-0.7896080000000438,-0.3045320000001084,-0.5470700000000761,-1.4354809999999816,-0.18451199999981327,-0.8099964999998974
2023-09-04 04:45:00,-0.3094989999999598,-0.968981999999869,-0.6392404999999144,-0.7886760000001232,-0.30453299999999217,-0.5466045000000577,-1.4293240000001788,-0.18276400000013382,-0.8060440000001563
2023-09-04 05:15:00,-0.3059390000003077,-0.9673470000002453,-0.6366430000002765,-0.7906100000000151,-0.3052099999999882,-0.5479100000000017,-1.4341490000001613,-0.18421100000023216,-0.8091800000001967
2023-09-04 06:15:00,-0.3063290000000052,-0.9648879999999735,-0.6356084999999894,-0.790143000000171,-0.30622600000015154,-0.5481845000001613,-1.4319439999999304,-0.18637600000010934,-0.8091600000000199
2023-09-04 06:45:00,-0.3061969999998837,-0.9607849999997597,-0.6334909999998217,-0.7873910000002979,-0.30150300000013885,-0.5444470000002184,-1.4315270000001874,-0.18532199999981458,-0.808424500000001
2023-09-04 07:00:00,-0.307358000000022,-0.9603040000001783,-0.6338310000001002,-0.7891420000000835,-0.3027640000000247,-0.5459530000000541,-1.4332770000000892,-0.18735100000003513,-0.8103140000000622
2023-09-04 07:15:00,-0.30910899999980757,-0.9584380000001147,-0.6337734999999611,-0.7891429999999673,-0.30086500000015803,-0.5450040000000627,-1.4332789999998568,-0.18659600000000864,-0.8099374999999327
2023-09-04 07:45:00,-0.30560800000012023,-0.9524780000001556,-0.6290430000001379,-0.7891410000001997,-0.30013000000008105,-0.5446355000001404,-1.4326970000001893,-0.18643199999996796,-0.8095645000000786
2023-09-04 09:00:00,-0.30923900000016147,-0.947193999999854,-0.6282165000000077,-0.7901460000002771,-0.2988540000001194,-0.5445000000001983,-1.4336969999999383,-0.18957300000010946,-0.8116350000000239
2023-09-04 10:15:00,-0.3030780000003688,-0.9483770000001641,-0.6257275000002664,-0.7918249999997897,-0.2989069999998719,-0.5453659999998308,-1.4376870000000963,-0.18595800000002782,-0.8118225000000621
2023-09-04 10:30:00,-0.3005590000002485,-0.9479280000000472,-0.6242435000001478,-0.7925289999998313,-0.30256099999996877,-0.5475449999999,-1.4319860000000517,-0.18379400000003443,-0.8078900000000431
2023-09-04 10:45:00,-0.30165900000019974,-0.9489670000002661,-0.6253130000002329,-0.7950420000001941,-0.3024060000002464,-0.5487240000002203,-1.4368079999999281,-0.18420900000000984,-0.810508499999969
2023-09-04 11:15:00,-0.3016599999996288,-0.951321999999891,-0.6264909999997599,-0.796795000000202,-0.30363100000022314,-0.5502130000002126,-1.4385620000002746,-0.1835150000001704,-0.8110385000002225
2023-09-04 11:45:00,-0.3012690000000475,-0.9530700000000252,-0.6271695000000364,-0.7972580000000562,-0.3036299999998846,-0.5504439999999704,-1.439603000000261,-0.18235500000037064,-0.8109790000003159
2023-09-04 12:00:00,-0.30100599999968836,-0.9539909999998599,-0.6274984999997741,-0.7969900000002781,-0.30338300000039453,-0.5501865000003363,-1.4410769999999502,-0.1830750000003718,-0.812076000000161
2023-09-04 12:45:00,-0.2995760000003429,-0.9558820000002015,-0.6277290000002722,-0.7990530000001854,-0.3024199999999837,-0.5507365000000846,-1.4454709999999977,-0.18021300000009433,-0.812842000000046
2023-09-04 13:00:00,-0.29996699999992416,-0.9558749999996508,-0.6279209999997875,-0.7968380000002071,-0.3052820000002612,-0.5510600000002341,-1.4403480000000854,-0.18381600000020626,-0.8120820000001459
2023-09-04 13:15:00,-0.3017160000003969,-0.958802999999989,-0.6302595000001929,-0.7985870000002251,-0.30533999999988737,-0.5519635000000562,-1.445017000000007,-0.1848810000001322,-0.8149490000000696
2023-09-04 13:30:00,-0.2996490000000449,-0.9593919999997524,-0.6295204999998987,-0.7965260000000853,-0.3048109999999724,-0.5506685000000289,-1.4388750000002801,-0.17952000000013868,-0.8091975000002094
2023-09-04 13:45:00,-0.3000379999998586,-0.9613799999997354,-0.630708999999797,-0.7943080000000009,-0.30621700000028795,-0.5502625000001444,-1.4331710000001294,-0.17879000000039014,-0.8059805000002598
2023-09-04 14:00:00,-0.2996469999998226,-0.9623169999999845,-0.6309819999999036,-0.7965250000002015,-0.3077240000002348,-0.5521245000002182,-1.4377159999999094,-0.18126799999981813,-0.8094919999998638
2023-09-04 14:30:00,-0.2993880000003628,-0.9630230000002484,-0.6312055000003056,-0.7979920000002494,-0.30670599999984915,-0.5523490000000493,-1.4385839999999916,-0.1773510000002716,-0.8079675000001316
2023-09-04 14:45:00,-0.2999680000002627,-0.9593950000003133,-0.629681500000288,-0.798584000000119,-0.3048140000000785,-0.5516990000000987,-1.4420860000000175,-0.1795180000003711,-0.8108020000001943
2023-09-04 15:00:00,-0.30211000000008426,-0.9628950000001169,-0.6325025000001006,-0.7981180000001586,-0.3083140000003368,-0.5532160000002477,-1.4369620000002215,-0.18009800000027099,-0.8085300000002462
2023-09-04 15:30:00,-0.30250000000023647,-0.9627900000000409,-0.6326450000001387,-0.7976520000001983,-0.30880500000012034,-0.5532285000001593,-1.4330100000001949,-0.17806999999993423,-0.8055400000000645
2023-09-04 16:00:00,-0.29997099999991406,-0.9623179999998683,-0.6311444999998912,-0.8003340000000208,-0.30948399999988396,-0.5549089999999524,-1.4409150000001318,-0.18126799999981813,-0.811091499999975
2023-09-04 16:15:00,-0.30151900000009846,-0.9646550000002208,-0.6330870000001596,-0.7957919999998921,-0.3054549999997107,-0.5506234999998014,-1.4381459999999606,-0.17882600000029925,-0.8084860000001299
2023-09-04 16:30:00,-0.30112700000017867,-0.963025000000016,-0.6320760000000973,-0.799757000000227,-0.3067170000003898,-0.5532370000003084,-1.4403489999999692,-0.1773510000002716,-0.8088500000001204
2023-09-04 16:45:00,-0.30151800000021467,-0.9621970000002875,-0.6318575000002511,-0.7975410000003649,-0.30646999999999025,-0.5520055000001776,-1.436975000000075,-0.17807000000038897,-0.807522500000232
2023-09-04 17:00:00,-0.3003590000002987,-0.9630240000001322,-0.6316915000002155,-0.7981159999999363,-0.30846599999995306,-0.5532909999999447,-1.4369599999999991,-0.1790990000004058,-0.8080295000002025
2023-09-04 19:00:00,-0.2982180000003609,-0.9586870000002818,-0.6284525000003214,-0.7968340000002172,-0.30583100000012564,-0.5513325000001714,-1.4385859999997592,-0.17993499999965934,-0.8092604999997093
2023-09-04 19:15:00,-0.3024999999997817,-0.9577519999998003,-0.630125999999791,-0.7959019999998418,-0.30432399999972404,-0.5501129999997829,-1.4341789999998582,-0.1780469999998786,-0.8061129999998684
2023-09-04 20:15:00,-0.3000379999998586,-0.9315299999998388,-0.6157839999998487,-0.7943080000000009,-0.296498000000156,-0.5454030000000785,-1.4331709999996747,-0.18249199999991106,-0.8078314999997929
2023-09-04 20:30:00,-0.2978979999998046,-0.9290719999999055,-0.6134849999998551,-0.7965240000003178,-0.29751400000031936,-0.5470190000003186,-1.4388730000000578,-0.18640700000014476,-0.8126400000001013
2023-09-04 20:45:00,-0.29996600000004037,-0.9316360000002533,-0.6158010000001468,-0.7950869999999668,-0.2942590000002383,-0.5446730000001025,-1.4415160000003198,-0.18568900000036592,-0.8136025000003428
2023-09-04 21:00:00,-0.30139599999984057,-0.9303449999997611,-0.6158704999998008,-0.7953540000003159,-0.2952740000000631,-0.5453140000001895,-1.4388730000000578,-0.1861060000001089,-0.8124895000000834
2023-09-04 21:45:00,-0.3019779999999628,-0.9340939999997317,-0.6180359999998473,-0.7982750000001033,-0.29791100000011284,-0.5480930000001081,-1.4388749999998254,-0.183524000000034,-0.8111994999999297
2023-09-04 22:15:00,-0.30314699999962613,-0.9350289999997585,-0.6190879999996923,-0.7965260000000853,-0.2964990000000398,-0.5465125000000626,-1.440045999999711,-0.1854129999996985,-0.8127294999997048
2023-09-04 22:30:00,-0.30139699999972436,-0.9341079999999238,-0.6177524999998241,-0.7982740000002195,-0.2984950000000026,-0.5483845000001111,-1.4400430000000597,-0.18526999999994587,-0.8126565000000028
2023-09-04 23:15:00,-0.2995179999998072,-0.9381979999998293,-0.6188579999998183,-0.7937600000000202,-0.2962160000001859,-0.5449880000001031,-1.4396029999998063,-0.18457699999999022,-0.8120899999998983
2023-09-05 01:00:00,-0.30165800000031595,-0.9537790000003952,-0.6277185000003556,-0.7932940000000599,-0.30086400000027425,-0.5470790000001671,-1.4385600000000522,-0.1830960000002051,-0.8108280000001287
2023-09-05 01:15:00,-0.30165700000043216,-0.9562370000003284,-0.6289470000003803,-0.7932909999999538,-0.3015960000002451,-0.5474435000000994,-1.4368070000000444,-0.1809290000001056,-0.808868000000075
2023-09-05 01:45:00,-0.30126700000027995,-0.9596180000003187,-0.6304425000002993,-0.7972580000000562,-0.3055819999999585,-0.5514200000000073,-1.4407630000000609,-0.1824029999997947,-0.8115829999999278
2023-09-05 02:45:00,-0.30268599999999424,-0.9612510000001748,-0.6319685000000845,-0.7922899999998663,-0.3014040000002751,-0.5468470000000707,-1.4398890000002211,-0.18270299999994677,-0.811296000000084
2023-09-05 03:00:00,-0.3030739999999241,-0.9596190000002025,-0.6313465000000633,-0.7900730000001204,-0.30091700000002675,-0.5454950000000736,-1.434186999999838,-0.18123000000014144,-0.8077084999999897
2023-09-05 03:15:00,-0.3016450000000077,-0.9596220000003086,-0.6306335000001582,-0.7903849999997874,-0.30091799999991053,-0.545651499999849,-1.437409000000116,-0.18298000000004322,-0.8101945000000796
2023-09-05 03:30:00,-0.30346600000029866,-0.9578700000001845,-0.6306680000002416,-0.7907769999997072,-0.30208700000002864,-0.5464319999998679,-1.4331530000004022,-0.18240000000014334,-0.8077765000002728
2023-09-05 03:45:00,-0.30404499999986,-0.9571609999998145,-0.6306029999998373,-0.7896069999997053,-0.30135299999983545,-0.5454799999997704,-1.4337319999999636,-0.1845659999999043,-0.809148999999934
2023-09-05 04:15:00,-0.3015160000004471,-0.9613720000002104,-0.6314440000003287,-0.7905399999999645,-0.3020879999999124,-0.5463139999999385,-1.4363899999998466,-0.18240100000002712,-0.8093954999999369
2023-09-05 04:45:00,-0.30190399999992223,-0.9596190000002025,-0.6307615000000624,-0.7918209999997998,-0.3038359999995919,-0.5478284999996959,-1.434183999999732,-0.1823989999998048,-0.8082914999997683
2023-09-05 05:30:00,-0.30482400000028065,-0.9654680000003282,-0.6351460000003044,-0.7912329999999201,-0.3033060000002479,-0.547269500000084,-1.4336080000002767,-0.17996800000037183,-0.8067880000003242
2023-09-05 05:45:00,-0.3033349999996062,-0.9637179999999717,-0.6335264999997889,-0.791501000000153,-0.30505500000026586,-0.5482780000002094,-1.434462999999596,-0.18346599999995306,-0.8089644999997745
2023-09-05 06:00:00,-0.30508599999984654,-0.9662829999997484,-0.6356844999997975,-0.789752000000135,-0.3035500000000866,-0.5466510000001108,-1.4356229999998504,-0.1844890000002124,-0.8100560000000314
2023-09-05 06:45:00,-0.30444600000009814,-0.9662830000002032,-0.6353645000001507,-0.792276000000129,-0.3023790000002009,-0.547327500000165,-1.440458000000035,-0.18273899999985588,-0.8115984999999455
2023-09-05 07:00:00,-0.3050959999995939,-0.9629039999999804,-0.6339999999997872,-0.7915109999999004,-0.30306300000029296,-0.5472870000000967,-1.4327140000000327,-0.18009600000004866,-0.8064050000000407
2023-09-05 07:30:00,-0.302824999999757,-0.9651269999999386,-0.6339759999998478,-0.7909620000000359,-0.3023840000000746,-0.5466730000000553,-1.4368179999996755,-0.180985999999848,-0.8089019999997618
2023-09-05 07:45:00,-0.3043769999999313,-0.9628939999997783,-0.6336354999998548,-0.7904960000000756,-0.3018929999998363,-0.546194499999956,-1.4346129999998993,-0.18126499999971202,-0.8079389999998057
2023-09-05 08:45:00,-0.3039850000000115,-0.9675710000001345,-0.635778000000073,-0.7921320000000378,-0.3031230000001415,-0.5476275000000896,-1.4368180000001303,-0.17941200000041135,-0.8081150000002708
2023-09-05 09:15:00,-0.3043769999999313,-0.9605500000002394,-0.6324635000000853,-0.7904960000000756,-0.30242900000030204,-0.5464625000001888,-1.434603000000152,-0.18370999999979176,-0.8091564999999719
2023-09-05 10:00:00,-0.3038549999996576,-0.9589089999999487,-0.6313819999998032,-0.7928719999999885,-0.3013509999996131,-0.5471114999998008,-1.436395999999604,-0.18049199999995835,-0.8084439999997812
2023-09-05 10:15:00,-0.3038560000004509,-0.9576310000002195,-0.6307435000003352,-0.7963700000000244,-0.3024190000000999,-0.5493945000000622,-1.4375629999999546,-0.17846099999997023,-0.8080119999999624
2023-09-05 10:30:00,-0.30210600000009435,-0.9551730000002863,-0.6286395000001903,-0.7946200000001227,-0.30168600000024526,-0.548153000000184,-1.4363940000002913,-0.17945899999995163,-0.8079265000001215
2023-09-05 10:45:00,-0.30320499999970707,-0.9569229999997333,-0.6300639999997202,-0.7934200000004239,-0.3046060000001489,-0.5490130000002864,-1.4282109999999193,-0.17770999999993364,-0.8029604999999265
2023-09-05 11:00:00,-0.3024969999996756,-0.9544649999998001,-0.6284809999997378,-0.7953240000001642,-0.30562300000019604,-0.5504735000001801,-1.4289410000001226,-0.17812800000001516,-0.8035345000000689
2023-09-05 11:30:00,-0.3035970000000816,-0.9571579999997084,-0.630377499999895,-0.7995900000000802,-0.30484900000010384,-0.552219500000092,-1.4361069999999927,-0.1758319999999003,-0.8059694999999465
2023-09-05 11:45:00,-0.3014559999996891,-0.9612609999999222,-0.6313584999998056,-0.7983060000001387,-0.304323000000295,-0.5513145000002169,-1.4383100000000013,-0.17513599999983853,-0.8067229999999199
2023-09-05 12:00:00,-0.2996350000003076,-0.9580940000000737,-0.6288645000001907,-0.8025840000000244,-0.3063569999999345,-0.5544704999999794,-1.4448990000000776,-0.17888100000027407,-0.8118900000001759
2023-09-05 12:30:00,-0.3032060000000456,-0.960552000000007,-0.6318790000000263,-0.8000569999999243,-0.30533999999988737,-0.5526984999999058,-1.4383139999999912,-0.17555499999980384,-0.8069344999998975
2023-09-05 12:45:00,-0.3000259999998889,-0.9600920000002588,-0.6300590000000739,-0.7997880000002624,-0.304323000000295,-0.5520555000002787,-1.4427059999998164,-0.1768859999997403,-0.8097959999997784
2023-09-05 13:00:00,-0.2996339999999691,-0.9634710000000268,-0.631552499999998,-0.8020040000001245,-0.3065590000001066,-0.5542815000001156,-1.443739999999707,-0.1754399999999805,-0.8095899999998437
2023-09-05 13:15:00,-0.2982750000001033,-0.9592630000001918,-0.6287690000001476,-0.7997869999999239,-0.3058259999997972,-0.5528064999998605,-1.4397849999995742,-0.17585699999972348,-0.8078209999996488
2023-09-05 13:30:00,-0.29613700000027166,-0.9599740000003294,-0.6280555000003005,-0.8020040000001245,-0.3065599999999904,-0.5542820000000575,-1.443739999999707,-0.17544199999974808,-0.8095909999997275
2023-09-05 13:45:00,-0.2982759999999871,-0.9609070000001338,-0.6295915000000605,-0.7997869999999239,-0.3063160000001517,-0.5530515000000378,-1.4397829999998066,-0.17557799999985946,-0.807680499999833
2023-09-05 14:00:00,-0.29613500000004933,-0.9592630000001918,-0.6276990000001206,-0.8020030000002407,-0.30757500000026994,-0.5547890000002553,-1.443739999999707,-0.17760699999962526,-0.8106734999996661
2023-09-05 14:30:00,-0.30002600000034363,-0.9609060000002501,-0.6304660000002968,-0.8015380000001642,-0.3063170000000355,-0.5539275000000998,-1.4432859999997163,-0.17732999999998356,-0.8103079999998499
2023-09-05 14:45:00,-0.2949749999997948,-0.959519999999884,-0.6272474999998394,-0.8020030000002407,-0.3055420000000595,-0.5537725000001501,-1.4437400000001617,-0.17327400000021953,-0.8085070000001906
2023-09-05 15:00:00,-0.298015000000305,-0.9570430000003398,-0.6275290000003224,-0.8018600000000333,-0.3053400000003421,-0.5536000000001877,-1.4424299999996038,-0.17554499999960171,-0.8089874999996027
2023-09-05 15:30:00,-0.2985479999997551,-0.9534260000000359,-0.6259869999998955,-0.7983180000001084,-0.3028580000000147,-0.5505880000000616,-1.4371439999999893,-0.17479199999979755,-0.8059679999998934
2023-09-05 16:15:00,-0.2997650000002068,-0.9568050000002586,-0.6282850000002327,-0.8001110000000153,-0.30218399999967005,-0.5511474999998427,-1.4441790000000765,-0.17627399999992122,-0.8102264999999989
2023-09-05 16:30:00,-0.29854900000009366,-0.9538959999999861,-0.6262225000000399,-0.8000680000000102,-0.30393400000002657,-0.5520010000000184,-1.4383119999997689,-0.17452599999978702,-0.806418999999778
2023-09-05 18:00:00,-0.29892700000027617,-0.9624310000003788,-0.6306790000003275,-0.7960910000001604,-0.3055429999999433,-0.5508170000000518,-1.4343589999998585,-0.1744429999998829,-0.8044009999998707
2023-09-05 18:15:00,-0.2985369999996692,-0.9624300000000403,-0.6304834999998548,-0.7965580000000045,-0.30379400000038004,-0.5501760000001923,-1.4394729999999072,-0.1756040000000212,-0.8075384999999642
2023-09-05 19:15:00,-0.29996600000004037,-0.961261999999806,-0.6306139999999232,-0.798008000000209,-0.30724400000008245,-0.5526260000001457,-1.436851999999817,-0.1780479999997624,-0.8074499999997897
2023-09-05 19:45:00,-0.29996600000004037,-0.9607999999998356,-0.630382999999938,-0.796259000000191,-0.30330700000013167,-0.5497830000001613,-1.436851999999817,-0.1747099999997772,-0.8057809999997971
2023-09-05 20:00:00,-0.30028500000025815,-0.9600920000002588,-0.6301885000002585,-0.8000700000002325,-0.30607400000008056,-0.5530720000001565,-1.4394949999996243,-0.17629799999986062,-0.8078964999997424
2023-09-05 21:00:00,-0.3009970000002795,-0.9552800000001298,-0.6281385000002047,-0.7987429999998312,-0.30470599999989645,-0.5517244999998638,-1.438742999999704,-0.17915999999968335,-0.8089514999996936
2023-09-05 21:15:00,-0.3023660000003474,-0.953635000000304,-0.6280005000003257,-0.7943100000002232,-0.3036259999998947,-0.548968000000059,-1.4314229999999952,-0.1794369999997798,-0.8054299999998875
2023-09-05 21:30:00,-0.3023670000002312,-0.954345000000103,-0.6283560000001671,-0.7943100000002232,-0.30260900000030233,-0.5484595000002628,-1.4308439999999791,-0.17669200000000274,-0.8037679999999909
2023-09-05 21:45:00,-0.3002270000001772,-0.952715000000353,-0.6264710000002651,-0.7965250000002015,-0.30387300000029427,-0.5501990000002479,-1.4330469999999877,-0.17696799999976065,-0.8050074999998742
2023-09-05 22:45:00,-0.30437700000038603,-0.954464000000371,-0.6294205000003785,-0.7945780000000013,-0.30387300000029427,-0.5492255000001478,-1.4299499999997352,-0.17871699999977864,-0.8043334999997569
2023-09-05 23:30:00,-0.2994450000001052,-0.9520050000000992,-0.6257250000001022,-0.799207000000024,-0.3031390000001011,-0.5511730000000625,-1.4409519999999247,-0.17913399999997637,-0.8100429999999506
2023-09-06 01:45:00,-0.29808600000023944,-0.9543440000002192,-0.6262150000002293,-0.7952410000002601,-0.30260900000030233,-0.5489250000002812,-1.4369990000000143,-0.17844100000002072,-0.8077200000000175
2023-09-06 03:15:00,-0.2998339999999189,-0.9621849999998631,-0.631009499999891,-0.794079999999667,-0.3040809999997691,-0.5490804999997181,-1.4369979999996758,-0.17876499999965745,-0.8078814999996666
2023-09-06 03:30:00,-0.2995770000002267,-0.9601970000003348,-0.6298870000002808,-0.7967100000000755,-0.30383300000039526,-0.5502715000002354,-1.4396200000001045,-0.17774499999995896,-0.8086825000000317
2023-09-06 04:00:00,-0.29944300000033763,-0.9655780000002778,-0.6325105000003077,-0.7945460000000821,-0.30457099999966886,-0.5495584999998755,-1.4392009999996844,-0.17848599999979342,-0.8088434999997389
2023-09-06 04:15:00,-0.30009500000005573,-0.9651130000002013,-0.6326040000001285,-0.7908489999999802,-0.30238999999983207,-0.5466194999999061,-1.4343539999999848,-0.17691100000001825,-0.8056325000000015
2023-09-06 05:00:00,-0.3030159999998432,-0.9687419999995655,-0.6358789999997043,-0.793760999999904,-0.30428500000016356,-0.5490230000000338,-1.437275999999656,-0.1776649999997062,-0.8074704999996811
2023-09-06 05:30:00,-0.2995170000003782,-0.9669920000001184,-0.6332545000002483,-0.7937590000001364,-0.30603300000029776,-0.5498960000002171,-1.435523000000103,-0.1776639999998224,-0.8065934999999627
2023-09-06 07:00:00,-0.3012650000000576,-0.9757760000002236,-0.6385205000001406,-0.7920090000002347,-0.3055610000001252,-0.5487850000001799,-1.4366840000002412,-0.17626400000017384,-0.8064740000002075
2023-09-06 07:30:00,-0.30113399999981993,-0.9738939999997456,-0.6375139999997828,-0.7927559999998266,-0.3054139999999279,-0.5490849999998773,-1.4362670000000435,-0.1755249999996522,-0.8058959999998478
2023-09-06 08:00:00,-0.30035300000008647,-0.9738940000002003,-0.6371235000001434,-0.7922889999999825,-0.3083329999999478,-0.5503109999999651,-1.432314000000133,-0.17669300000034127,-0.8045035000002372
2023-09-06 08:15:00,-0.3004829999999856,-0.9763530000000173,-0.6384180000000015,-0.7898059999997713,-0.30731799999966825,-0.5485619999997198,-1.4327539999999317,-0.1780269999999291,-0.8053904999999304
2023-09-06 09:30:00,-0.29996499999970183,-0.9722649999998794,-0.6361149999997906,-0.7910080000001471,-0.304349000000002,-0.5476785000000746,-1.436268999999811,-0.17697099999986676,-0.8066199999998389
2023-09-06 10:15:00,-0.29581499999994776,-0.9663080000000264,-0.6310614999999871,-0.7947060000001329,-0.3036160000001473,-0.5491610000001401,-1.4411190000000715,-0.1756390000000465,-0.808379000000059
2023-09-06 11:00:00,-0.2951629999997749,-0.9673479999996744,-0.6312554999997246,-0.7983899999999267,-0.3063809999998739,-0.5523854999999003,-1.4447719999998299,-0.1766339999999218,-0.8107029999998758
2023-09-06 11:15:00,-0.295165999999881,-0.9655990000001111,-0.6303824999999961,-0.8018899999997302,-0.30813099999977567,-0.5550104999997529,-1.4436029999997118,-0.1737159999997857,-0.8086594999997487
2023-09-06 11:30:00,-0.2955539999998109,-0.9651290000001609,-0.6303414999999859,-0.7996729999999843,-0.3088039999997818,-0.5542384999998831,-1.4413999999997031,-0.1769019999996999,-0.8091509999997015
2023-09-06 12:15:00,-0.29542700000001787,-0.9607919999998558,-0.6281094999999368,-0.7998290000000452,-0.3073380000000725,-0.5535835000000588,-1.4421290000000226,-0.17773499999975684,-0.8099319999998897
2023-09-06 12:30:00,-0.29808500000035565,-0.9619610000004286,-0.6300230000003921,-0.8048090000002048,-0.3090870000000905,-0.5569480000001477,-1.4465220000001864,-0.17773500000021158,-0.812128500000199
2023-09-06 12:45:00,-0.29905500000040774,-0.96324900000036,-0.6311520000003839,-0.8025940000002265,-0.30807099999992715,-0.5553325000000768,-1.4443190000001778,-0.17731800000001385,-0.8108185000000958
2023-09-06 13:00:00,-0.29905500000040774,-0.9624200000002929,-0.6307375000003503,-0.8014240000002246,-0.30665399999998044,-0.5540390000001025,-1.4443190000001778,-0.17745899999999892,-0.8108890000000883
2023-09-06 13:30:00,-0.29477500000029977,-0.9590420000004087,-0.6269085000003543,-0.8023570000000291,-0.30441800000016883,-0.553387500000099,-1.4504780000002029,-0.17773500000021158,-0.8141065000002072
2023-09-06 14:00:00,-0.2987950000001547,-0.9648810000003323,-0.6318380000002435,-0.8011580000002141,-0.30563900000015565,-0.5533985000001849,-1.4475539999998546,-0.1776319999999032,-0.8125929999998789
2023-09-06 14:30:00,-0.29730600000038976,-0.9631310000004305,-0.6302185000004101,-0.8014250000001084,-0.30738800000017363,-0.554406500000141,-1.4431609999996908,-0.17588200000000143,-0.8095214999998461
2023-09-06 14:45:00,-0.2937360000000808,-0.9618560000003527,-0.6277960000002167,-0.8033740000000762,-0.3061290000000554,-0.5547515000000658,-1.4485889999996289,-0.17443399999956455,-0.8115114999995967
2023-09-06 15:00:00,-0.29477600000018356,-0.9606730000000425,-0.627724500000113,-0.8052770000003875,-0.30782500000032087,-0.5565510000003542,-1.4510679999998501,-0.17804999999998472,-0.8145589999999174
2023-09-06 15:15:00,-0.2930260000002818,-0.9654840000002878,-0.6292550000002848,-0.8052769999999327,-0.30978200000026845,-0.5575295000001006,-1.4493179999999484,-0.17518699999982346,-0.8122524999998859
2023-09-06 15:30:00,-0.29315800000040326,-0.963734000000386,-0.6284460000003946,-0.8033599999998842,-0.30686199999991004,-0.5551109999998971,-1.4497349999996914,-0.17518699999982346,-0.8124609999997574
2023-09-06 15:45:00,-0.2970470000000205,-0.9647750000003725,-0.6309110000001965,-0.8028939999999238,-0.30787800000007337,-0.5553859999999986,-1.444611999999779,-0.17443299999968076,-0.8095224999997299
2023-09-06 17:00:00,-0.29568799999969997,-0.9625519999999597,-0.6291199999998298,-0.7989290000000437,-0.3068100000000413,-0.5528695000000425,-1.4406589999998687,-0.175883999999769,-0.8082714999998188
2023-09-06 17:45:00,-0.2937480000000505,-0.9647709999999279,-0.6292594999999892,-0.8022009999999682,-0.3078860000000532,-0.5550435000000107,-1.4485649999996895,-0.17735700000002907,-0.8129609999998593
2023-09-06 18:00:00,-0.2941369999998642,-0.9650090000000091,-0.6295729999999367,-0.8017340000001241,-0.30929199999991397,-0.555513000000019,-1.4434519999999793,-0.17546700000002602,-0.8094595000000027
2023-09-06 18:15:00,-0.29212699999970937,-0.9608020000000579,-0.6264644999998836,-0.801466000000346,-0.30680900000015754,-0.5541375000002517,-1.4460949999997865,-0.17588299999988521,-0.8109889999998359
2023-09-06 18:30:00,-0.29413700000031895,-0.9625490000003083,-0.6283430000003136,-0.7999830000003385,-0.30680800000027375,-0.5533955000003061,-1.444608000000244,-0.17704200000025594,-0.8108250000002499
2023-09-06 20:00:00,-0.2931570000000647,-0.9618410000002768,-0.6274990000001708,-0.8033580000001166,-0.30957400000033886,-0.5564660000002277,-1.44681300000002,-0.17804999999998472,-0.8124315000000024
2023-09-06 20:45:00,-0.294774000000416,-0.9651130000002013,-0.6299435000003086,-0.8006070000001273,-0.3053010000003269,-0.5529540000002271,-1.4493170000000646,-0.17691400000012436,-0.8131155000000945
2023-09-06 21:00:00,-0.2936760000002323,-0.9655880000000252,-0.6296320000001288,-0.8004080000000613,-0.30987099999993006,-0.5551394999999957,-1.4409689999997681,-0.17546699999957127,-0.8082179999996697
2023-09-06 21:30:00,-0.29302400000005946,-0.9662960000000567,-0.6296600000000581,-0.8006060000002435,-0.3053549999999632,-0.5529805000001033,-1.4487240000003112,-0.17445900000029724,-0.8115915000003042
2023-09-06 22:45:00,-0.2951619999998911,-0.9680439999997361,-0.6316029999998136,-0.7983899999999267,-0.3053549999999632,-0.5518724999999449,-1.4465210000003026,-0.17620800000031522,-0.8113645000003089
2023-09-06 23:00:00,-0.2973050000000512,-0.9689809999999852,-0.6331430000000182,-0.7961749999999483,-0.3051140000002306,-0.5506445000000895,-1.4414090000000215,-0.17518899999959103,-0.8082989999998063
2023-09-06 23:15:00,-0.2969139999995605,-0.9689799999996467,-0.6329469999996036,-0.7983900000003814,-0.30511200000000827,-0.5517510000001948,-1.445361000000048,-0.17518699999982346,-0.8102739999999358
2023-09-06 23:30:00,-0.29769700000042576,-0.964774000000034,-0.6312355000002299,-0.7962889999998879,-0.3049599999999373,-0.5506244999999126,-1.4392039999997905,-0.17560499999990498,-0.8074044999998478
2023-09-06 23:45:00,-0.2973050000000512,-0.9667580000000271,-0.6320315000000392,-0.798504000000321,-0.3063720000000103,-0.5524380000001656,-1.4431580000000395,-0.1766370000000279,-0.8098975000000337
2023-09-07 02:00:00,-0.2974370000001727,-0.9701370000002498,-0.6337870000002113,-0.7971770000003744,-0.30802900000026057,-0.5526030000003175,-1.4418249999998807,-0.17811099999971702,-0.8099679999997988
2023-09-07 04:00:00,-0.2952960000002349,-0.9667559999998048,-0.6310260000000198,-0.7982320000000982,-0.30638200000021243,-0.5523070000001553,-1.4440260000001217,-0.1766370000000279,-0.8103315000000748
2023-09-07 06:30:00,-0.2984740000001693,-0.9685050000002775,-0.6334895000002234,-0.7979220000001988,-0.3063710000001265,-0.5521465000001626,-1.4425759999999173,-0.1766370000000279,-0.8096064999999726
2023-09-07 07:45:00,-0.29912800000010975,-0.9647710000003826,-0.6319495000002462,-0.7959749999999985,-0.3049590000000535,-0.550467000000026,-1.4406370000001516,-0.17851400000017748,-0.8095755000001645
2023-09-07 08:00:00,-0.30048500000020795,-0.9709649999999783,-0.6357250000000931,-0.7964409999999589,-0.3053560000003017,-0.5508985000001303,-1.4434320000000298,-0.17796899999984817,-0.810700499999939
2023-09-07 08:30:00,-0.2991860000001907,-0.96898100000044,-0.6340835000003153,-0.7989400000001297,-0.3068630000002486,-0.5529015000001891,-1.4447570000002088,-0.17809800000031828,-0.8114275000002635
2023-09-07 10:15:00,-0.2932860000000801,-0.9662970000003952,-0.6297915000002376,-0.8020440000000235,-0.3082760000002054,-0.5551600000001145,-1.447830999999951,-0.1762100000000828,-0.8120205000000169
2023-09-07 11:00:00,-0.2950380000002042,-0.9664170000000922,-0.6307275000001482,-0.8037939999999253,-0.3095400000001973,-0.5566670000000613,-1.446081999999933,-0.17473999999992884,-0.8104109999999309
2023-09-07 11:15:00,-0.29691700000012133,-0.9680460000004132,-0.6324815000002673,-0.8030610000000706,-0.3082760000002054,-0.555668500000138,-1.4447739999995974,-0.17271299999993062,-0.808743499999764
2023-09-07 11:30:00,-0.2947759999997288,-0.9644290000001092,-0.629602499999919,-0.8052769999999327,-0.30813199999965946,-0.5567044999997961,-1.4487269999999626,-0.17371899999989182,-0.8112229999999272
2023-09-07 11:45:00,-0.29399400000011155,-0.9657070000002932,-0.6298505000002024,-0.8114570000002459,-0.3123040000000401,-0.561880500000143,-1.4548840000002201,-0.17515400000002046,-0.8150190000001203
2023-09-07 12:00:00,-0.2902350000003935,-0.9615010000002258,-0.6258680000003096,-0.811189000000013,-0.311572999999953,-0.561380999999983,-1.459276999999929,-0.17907200000036028,-0.8191745000001447
2023-09-07 12:15:00,-0.29412500000034925,-0.9655880000000252,-0.6298565000001872,-0.8078040000000328,-0.3081230000002506,-0.5579635000001417,-1.4553240000000187,-0.17488000000003012,-0.8151020000000244
2023-09-07 12:30:00,-0.2954819999999927,-0.969086999999945,-0.6322844999999688,-0.8100190000000111,-0.30987099999993006,-0.5599449999999706,-1.4563679999996566,-0.17371899999989182,-0.8150434999997742
2023-09-07 13:00:00,-0.29081600000017716,-0.9621960000004037,-0.6265060000002904,-0.8100210000002335,-0.308802999999898,-0.5594120000000657,-1.456948999999895,-0.17399900000009438,-0.8154739999999947
2023-09-07 13:45:00,-0.2899059999999736,-0.9631309999999758,-0.6265184999999747,-0.8134370000002491,-0.30856000000039785,-0.5609985000003235,-1.4679149999997207,-0.1776359999998931,-0.8227754999998069
2023-09-07 14:45:00,-0.2916660000000775,-0.9597469999998793,-0.6257064999999784,-0.816939000000275,-0.3080690000001596,-0.5625040000002173,-1.4696679999997286,-0.17616499999985535,-0.822916499999792
2023-09-07 15:00:00,-0.2906850000003942,-0.9643009999999776,-0.6274930000001859,-0.8156549999998788,-0.30856100000028164,-0.5621080000000802,-1.4701209999998355,-0.17588699999987512,-0.8230039999998553
2023-09-07 15:30:00,-0.2895250000001397,-0.9638490000002093,-0.6266870000001745,-0.8174040000003515,-0.3092930000002525,-0.563348500000302,-1.4701219999997193,-0.1737209999996594,-0.8219214999996893
2023-09-07 15:45:00,-0.29140700000016295,-0.9616300000002411,-0.626518500000202,-0.8184070000002066,-0.30821700000024066,-0.5633120000002236,-1.469380000000001,-0.17224699999997028,-0.8208134999999857
2023-09-07 16:00:00,-0.2914069999997082,-0.9626709999997729,-0.6270389999997406,-0.8154979999999341,-0.30807499999991705,-0.5617864999999256,-1.470538999999917,-0.17732299999988754,-0.8239309999999023
2023-09-07 16:30:00,-0.2885559999999714,-0.9619790000001558,-0.6252675000000636,-0.8118110000000343,-0.30686900000000605,-0.5593400000000202,-1.463963000000149,-0.1734430000001339,-0.8187030000001414
2023-09-07 17:00:00,-0.28615799999988667,-0.9574219999999514,-0.621789999999919,-0.8166570000003048,-0.3092340000002878,-0.5629455000002963,-1.4693790000001172,-0.17616300000008778,-0.8227710000001025
2023-09-07 17:15:00,-0.2877750000002379,-0.9625510000000759,-0.6251630000001569,-0.8144949999996243,-0.3085609999998269,-0.5615279999997256,-1.4689610000000357,-0.17588699999987512,-0.8224239999999554
2023-09-07 17:45:00,-0.29244599999992715,-0.9626710000002277,-0.6275585000000774,-0.8095969999999397,-0.30807499999991705,-0.5588359999999284,-1.458849999999984,-0.17616499999985535,-0.8175074999999197
2023-09-07 18:00:00,-0.2895839999996497,-0.9603290000000015,-0.6249564999998256,-0.8102060000001075,-0.3057330000001457,-0.5579695000001266,-1.4635229999998955,-0.17557200000010198,-0.8195474999999988
2023-09-07 18:30:00,-0.28919600000017454,-0.9625510000000759,-0.6258735000001252,-0.8141720000003261,-0.3085599999999431,-0.5613660000001346,-1.468644999999924,-0.17705599999999322,-0.8228504999999586
2023-09-07 19:30:00,-0.2916560000003301,-0.9601990000001024,-0.6259275000002162,-0.8140200000002551,-0.3073370000001887,-0.5606785000002219,-1.4690879999998288,-0.17892200000005687,-0.8240049999999428
2023-09-07 19:45:00,-0.2919160000001284,-0.9626560000001518,-0.6272860000001401,-0.8107869999998911,-0.3063200000001416,-0.5585535000000164,-1.4664419999999154,-0.17850399999997535,-0.8224729999999454
2023-09-07 20:00:00,-0.2902960000001258,-0.9592640000000756,-0.6247800000001007,-0.8129710000002888,-0.30874900000026173,-0.5608600000002752,-1.4633829999997943,-0.1770339999998214,-0.8202084999998078
2023-09-07 21:15:00,-0.2912039999996523,-0.9662960000000567,-0.6287499999998545,-0.8109529999996994,-0.30535599999984697,-0.5581544999997732,-1.4666050000000723,-0.17388200000004872,-0.8202435000000605
2023-09-07 21:30:00,-0.2937349999997423,-0.9646669999997357,-0.629200999999739,-0.8094419999997626,-0.3060409999998228,-0.5577414999997927,-1.4621979999997166,-0.17590900000004694,-0.8190534999998818
2023-09-07 22:15:00,-0.29347299999972165,-0.968054999999822,-0.6307639999997718,-0.8080009999998765,-0.3053660000000491,-0.5566834999999628,-1.4619179999999687,-0.1744709999998122,-0.8181944999998905
2023-09-07 23:15:00,-0.2933410000000549,-0.967583999999988,-0.6304625000000215,-0.8075660000004063,-0.3048700000003919,-0.5562180000003991,-1.461479000000054,-0.17415799999980663,-0.8178184999999303
2023-09-07 23:30:00,-0.2913309999999001,-0.9667569999996886,-0.6290439999997943,-0.8102159999998548,-0.3075420000000122,-0.5588789999999335,-1.4641219999998611,-0.1760479999998097,-0.8200849999998354
2023-09-07 23:45:00,-0.29548399999976027,-0.9675859999997556,-0.6315349999997579,-0.8082699999999932,-0.306039999999939,-0.5571549999999661,-1.4592760000000453,-0.17415899999969042,-0.8167174999998679
2023-09-08 00:00:00,-0.2912019999998847,-0.9668779999997241,-0.6290399999998044,-0.8080319999999119,-0.30588699999998425,-0.5569594999999481,-1.4636839999998301,-0.17632499999990614,-0.8200044999998681
2023-09-08 00:15:00,-0.2930830000000242,-0.9675859999997556,-0.6303344999998899,-0.8090469999997367,-0.3048709999998209,-0.5569589999997788,-1.4658709999998791,-0.17590900000004694,-0.820889999999963
2023-09-08 00:45:00,-0.2915939999998045,-0.9696850000000268,-0.6306394999999156,-0.8069869999999355,-0.3058539999997265,-0.556420499999831,-1.463228000000072,-0.17594599999983984,-0.8195869999999559
2023-09-08 01:30:00,-0.2941240000000107,-0.9655949999996665,-0.6298594999998386,-0.8043029999998907,-0.3046329999997397,-0.5544679999998152,-1.4553189999996903,-0.1748899999997775,-0.8151044999997339
2023-09-08 02:00:00,-0.29172200000039084,-0.9674650000001748,-0.6295935000002828,-0.8068299999999908,-0.3053570000001855,-0.5560935000000882,-1.461917000000085,-0.17563300000028903,-0.818775000000187
2023-09-08 02:15:00,-0.289770999999746,-0.9680450000000747,-0.6289079999999103,-0.8095129999996971,-0.30535699999973076,-0.5574349999997139,-1.46807600000011,-0.17563299999983428,-0.8218544999999722
2023-09-08 03:00:00,-0.29133100000035483,-0.9692150000000765,-0.6302730000002157,-0.8090470000001915,-0.3071070000000873,-0.5580770000001394,-1.4658720000002177,-0.1773830000001908,-0.8216275000002042
2023-09-08 03:45:00,-0.2917219999999361,-0.9667569999996886,-0.6292394999998123,-0.8079989999996542,-0.307542999999896,-0.5577709999997751,-1.4636659999996482,-0.17954799999961324,-0.8216069999996307
2023-09-08 05:15:00,-0.29587199999969016,-0.9698029999999562,-0.6328374999998232,-0.804302000000007,-0.30536499999971056,-0.5548334999998588,-1.4582399999999325,-0.17739099999971586,-0.8178154999998242
2023-09-08 05:30:00,-0.2916520000003402,-0.9675690000003669,-0.6296105000003536,-0.8015350000000581,-0.3048749999998108,-0.5532049999999344,-1.4542989999999918,-0.17591899999979432,-0.8151089999998931
2023-09-08 05:45:00,-0.2922440000002098,-0.9688700000001518,-0.6305570000001808,-0.8015369999998256,-0.30385999999998603,-0.5526984999999058,-1.4560509999996611,-0.1755049999997027,-0.8157779999996819
2023-09-08 06:00:00,-0.29126300000007177,-0.9663909999999305,-0.6288270000000011,-0.8037530000001425,-0.3065670000000864,-0.5551600000001145,-1.4582539999996698,-0.17952399999967383,-0.8188889999996718
2023-09-08 06:15:00,-0.29198300000007293,-0.9668609999998807,-0.6294219999999768,-0.8030040000003282,-0.3053020000002107,-0.5541530000002695,-1.4557599999998274,-0.17633799999975963,-0.8160489999997935
2023-09-08 06:30:00,-0.29152200000044104,-0.9675710000001345,-0.6295465000002878,-0.8034459999998944,-0.30603800000017145,-0.5547420000000329,-1.4585440000000744,-0.17883100000017293,-0.8186875000001237
2023-09-08 07:00:00,-0.29541199999994205,-0.9681430000000546,-0.6317774999999983,-0.8029790000000503,-0.3077269999998862,-0.5553529999999682,-1.456340000000182,-0.18243300000040108,-0.8193865000002916
2023-09-08 07:15:00,-0.2925040000000081,-0.968612000000121,-0.6305580000000646,-0.8000550000001567,-0.30705299999999625,-0.5535540000000765,-1.4534050000002026,-0.18099700000038865,-0.8172010000002956
2023-09-08 07:30:00,-0.29425399999990987,-0.9669669999998405,-0.6306104999998752,-0.8035549999999603,-0.3083120000001145,-0.5559335000000374,-1.453407999999854,-0.1795270000002347,-0.8164675000000443
2023-09-08 07:45:00,-0.2921139999998559,-0.9681510000000344,-0.6301324999999451,-0.8022719999999026,-0.30486700000028577,-0.5535695000000942,-1.4567810000003192,-0.17708100000027116,-0.8169310000002952
2023-09-08 08:00:00,-0.29302300000017567,-0.9705969999999979,-0.6318100000000868,-0.8055030000000443,-0.30904599999985294,-0.5572744999999486,-1.4594240000001264,-0.18028000000003885,-0.8198520000000826
2023-09-08 09:15:00,-0.2897840000000542,-0.9652320000000145,-0.6275080000000344,-0.8034410000000207,-0.3083160000001044,-0.5558785000000626,-1.4550309999999627,-0.17952400000012858,-0.8172775000000456
2023-09-08 09:30:00,-0.2912730000002739,-0.9659420000002683,-0.6286075000002711,-0.8066750000002685,-0.3073010000002796,-0.556988000000274,-1.4594270000002325,-0.1773580000003676,-0.8183925000003001
2023-09-08 10:00:00,-0.28725699999995413,-0.9625499999997373,-0.6249034999998457,-0.807875999999851,-0.3068119999998089,-0.55734399999983,-1.4629409999997733,-0.17763899999999921,-0.8202899999998863
2023-09-08 10:15:00,-0.2893970000000081,-0.9643000000000939,-0.626848500000051,-0.8074099999998907,-0.3085619999997107,-0.5579859999998007,-1.460156999999981,-0.1788090000000011,-0.8194829999999911
2023-09-08 10:45:00,-0.28718499999968117,-0.9642999999996391,-0.6257424999996601,-0.8133229999998548,-0.3097309999998288,-0.5615269999998418,-1.4666199999996934,-0.17588999999998123,-0.8212549999998373
2023-09-08 11:15:00,-0.28861400000005233,-0.9659429999996973,-0.6272784999998748,-0.8135909999996329,-0.3107999999997446,-0.5621954999996888,-1.465146999999888,-0.17560899999989488,-0.8203779999998915
2023-09-08 11:30:00,-0.28867099999979473,-0.9672299999997449,-0.6279504999997698,-0.8165539999999964,-0.3097829999996975,-0.563168499999847,-1.4692629999999554,-0.17227299999967727,-0.8207679999998163
2023-09-08 11:45:00,-0.2871829999999136,-0.9640639999997802,-0.6256234999998469,-0.8150719999998728,-0.31181699999979173,-0.5634444999998323,-1.4648709999996754,-0.1748579999998583,-0.8198644999997668
2023-09-08 12:15:00,-0.28718300000036834,-0.9616060000003017,-0.624394500000335,-0.8150720000003275,-0.3110839999999371,-0.5630780000001323,-1.4695389999997133,-0.17994299999963914,-0.8247409999996762
2023-09-08 12:30:00,-0.2910750000000917,-0.9652200000000448,-0.6281475000000682,-0.812858000000233,-0.3094850000002225,-0.5611715000002278,-1.4644170000001395,-0.17603100000042105,-0.8202240000002803
2023-09-08 12:45:00,-0.2865340000003016,-0.9635910000001786,-0.6250625000002401,-0.8170090000003256,-0.31074800000033065,-0.5638785000003281,-1.4731959999999162,-0.1780559999997422,-0.8256259999998292
2023-09-08 13:00:00,-0.2869250000003376,-0.963470000000143,-0.6251975000002403,-0.8136220000001231,-0.30831399999988207,-0.5609680000000026,-1.47099100000014,-0.17777999999998428,-0.8243855000000622
2023-09-08 13:15:00,-0.2869250000003376,-0.9641790000000583,-0.625552000000198,-0.816541000000143,-0.31021499999997104,-0.563378000000057,-1.4709899999998015,-0.17561099999966245,-0.823300499999732
2023-09-08 13:45:00,-0.2871829999999136,-0.9639539999998306,-0.6255684999998721,-0.8150620000001254,-0.31055300000025454,-0.56280750000019,-1.470119000000068,-0.17808999999988373,-0.8241044999999758
2023-09-08 14:00:00,-0.2865310000001955,-0.9634820000001127,-0.6250065000001541,-0.8152610000001914,-0.3077269999998862,-0.5614940000000388,-1.4737959999997656,-0.1766050000001087,-0.8252004999999372
2023-09-08 14:15:00,-0.28867300000001705,-0.9627759999998489,-0.625724499999933,-0.8147969999999987,-0.3087460000001556,-0.5617715000000771,-1.4680950000001758,-0.17527500000005602,-0.8216850000001159
2023-09-08 14:45:00,-0.28614299999981085,-0.9639579999998205,-0.6250504999998157,-0.8131679999996777,-0.3105569999997897,-0.5618624999997337,-1.464719999999943,-0.17515899999989415,-0.8199394999999186
2023-09-08 15:00:00,-0.28588300000001254,-0.9592769999999291,-0.6225799999999708,-0.8163989999998194,-0.3105040000000372,-0.5634514999999283,-1.467363999999634,-0.17527500000005602,-0.821319499999845
2023-09-08 15:15:00,-0.2858849999997801,-0.9617359999997461,-0.6238104999997631,-0.8146520000000237,-0.30948899999975765,-0.5620704999998907,-1.4673649999999725,-0.1748579999998583,-0.8211114999999154
2023-09-08 15:30:00,-0.284132999999656,-0.9599849999999606,-0.6220589999998083,-0.8146500000002561,-0.3094880000003286,-0.5620690000002924,-1.4673629999997502,-0.1748569999999745,-0.8211099999998623
2023-09-08 16:15:00,-0.28770600000007107,-0.9609070000001338,-0.6243065000001025,-0.8121249999999236,-0.30924199999981283,-0.5606834999998682,-1.460779999999886,-0.17383999999992739,-0.8173099999999067
2023-09-08 16:30:00,-0.2843950000001314,-0.959737000000132,-0.6220660000001317,-0.8131690000000162,-0.3098210000002837,-0.56149500000015,-1.4664800000000469,-0.17733799999996336,-0.8219090000000051
2023-09-08 17:00:00,-0.28627800000003845,-0.9621979999997166,-0.6242379999998775,-0.8141739999996389,-0.3105550000000221,-0.5623644999998305,-1.4639799999999923,-0.17400300000008428,-0.8189915000000383
2023-09-08 17:30:00,-0.28731500000003507,-0.963130000000092,-0.6252225000000635,-0.8131699999999,-0.3091409999997268,-0.5611554999998134,-1.4647319999999127,-0.17414000000007945,-0.8194359999999961
2023-09-08 17:45:00,-0.2855660000000171,-0.9616169999999329,-0.623591499999975,-0.8131709999997838,-0.3088049999996656,-0.5609879999997247,-1.4664820000002692,-0.1751720000002024,-0.8208270000002358
2023-09-08 18:00:00,-0.28413300000011077,-0.9620890000001054,-0.6231110000001081,-0.8134820000000218,-0.30812399999967965,-0.5608029999998507,-1.4679550000000745,-0.17372299999988172,-0.8208389999999781
2023-09-08 18:45:00,-0.2823840000000928,-0.9618510000000242,-0.6221175000000585,-0.8128999999998996,-0.30963699999983874,-0.5612684999998692,-1.4673629999997502,-0.17561299999988478,-0.8214879999998175
2023-09-08 19:30:00,-0.28556299999991097,-0.9655969999998888,-0.6255799999998999,-0.8114190000001145,-0.3098840000002383,-0.5606515000001764,-1.465889000000061,-0.1766419999999016,-0.8212654999999813
2023-09-08 19:45:00,-0.2822659999997086,-0.9651370000001407,-0.6237014999999246,-0.8089629999999488,-0.3059490000000551,-0.557456000000002,-1.4651619999999639,-0.171556999999666,-0.8183594999998149
2023-09-08 20:30:00,-0.2854330000000118,-0.9664020000000164,-0.6259175000000141,-0.8104029999999511,-0.3083670000000893,-0.5593850000000202,-1.4654599999998936,-0.17475399999966612,-0.8201069999997799
2023-09-08 21:15:00,-0.2858240000000478,-0.9620790000003581,-0.6239515000002029,-0.8081879999999728,-0.3074850000002698,-0.5578365000001213,-1.4609169999998812,-0.17557499999975335,-0.8182459999998173
2023-09-08 22:00:00,-0.2893949999997858,-0.9635909999997239,-0.6264929999997548,-0.8074090000000069,-0.30957800000032876,-0.5584935000001678,-1.4554889999999432,-0.17630599999984042,-0.8158974999998918
2023-09-08 22:15:00,-0.28796299999976327,-0.9657069999998384,-0.6268349999998009,-0.8077189999999064,-0.3093869999997878,-0.5585529999998471,-1.4587109999997665,-0.17632800000001225,-0.8175194999998894
2023-09-08 22:30:00,-0.287644999999884,-0.9664159999997537,-0.6270304999998189,-0.8056590000001052,-0.3083710000000792,-0.5570150000000922,-1.4572379999999612,-0.17591099999981452,-0.8165744999998878
2023-09-08 23:00:00,-0.2854330000000118,-0.9681659999996555,-0.6267994999998336,-0.8104020000000673,-0.31012100000043574,-0.5602615000002515,-1.464868000000024,-0.1759119999996983,-0.8203899999998612
2023-09-08 23:15:00,-0.28796399999964706,-0.9640639999997802,-0.6260139999997136,-0.8077200000002449,-0.3088980000002266,-0.5583090000002358,-1.458712000000105,-0.17660699999987628,-0.8176594999999907
2023-09-09 02:00:00,-0.2901040000001558,-0.9674580000000788,-0.6287810000001173,-0.8066750000002685,-0.31055800000012823,-0.5586165000001984,-1.457676999999876,-0.17924799999991592,-0.818462499999896
2023-09-09 02:15:00,-0.29010399999970105,-0.9658129999997982,-0.6279584999997496,-0.8055030000000443,-0.3088980000002266,-0.5572005000001354,-1.4576750000001084,-0.17952800000011848,-0.8186015000001134
2023-09-09 02:30:00,-0.2899739999998019,-0.9699149999996735,-0.6299444999997377,-0.8044879999997647,-0.308371999999963,-0.5564299999998639,-1.4589849999997568,-0.17883200000005672,-0.8189084999999068
2023-09-09 02:45:00,-0.2914050000003954,-0.9674560000003112,-0.6294305000003533,-0.8041760000000977,-0.30763900000010835,-0.555907500000103,-1.4563410000000658,-0.17807799999991403,-0.8172094999999899
2023-09-09 03:00:00,-0.29315500000029715,-0.969206000000213,-0.631180500000255,-0.804175999999643,-0.3076389999996536,-0.5559074999996483,-1.4563419999999496,-0.17807899999979782,-0.8172104999998737
2023-09-09 05:30:00,-0.2907529999997678,-0.9699139999997897,-0.6303334999997787,-0.8061240000001817,-0.30662200000006123,-0.5563730000001215,-1.4641069999997853,-0.1788299999998344,-0.8214684999998099
2023-09-09 05:45:00,-0.28971099999989747,-0.9694399999998495,-0.6295754999998735,-0.8042190000001028,-0.3073020000001634,-0.5557605000001331,-1.4604589999999007,-0.17911000000003696,-0.8197844999999688
2023-09-09 07:00:00,-0.28783300000031886,-0.9682710000001862,-0.6280520000002525,-0.8049540000001798,-0.30788200000006327,-0.5564180000001215,-1.4623490000003585,-0.18027000000029147,-0.821309500000325
2023-09-09 08:00:00,-0.28926300000011906,-0.9682670000001963,-0.6287650000001577,-0.8046550000003663,-0.3078880000002755,-0.5562715000003209,-1.4597270000003846,-0.17911200000025929,-0.8194195000003219
2023-09-09 09:30:00,-0.2890049999996336,-0.9676919999997153,-0.6283484999996745,-0.8078749999999673,-0.30905200000006516,-0.5584635000000162,-1.4623509999996713,-0.17852199999970253,-0.8204364999996869
2023-09-09 09:45:00,-0.28861400000005233,-0.9682680000000801,-0.6284410000000662,-0.8083420000002661,-0.3078890000001593,-0.5581155000002127,-1.4645550000000185,-0.17736500000000888,-0.8209600000000137
2023-09-09 10:00:00,-0.28511399999979403,-0.9640589999999065,-0.6245864999998503,-0.8083410000003823,-0.3089050000003226,-0.5586230000003525,-1.4645540000001347,-0.1795310000002246,-0.8220425000001796
2023-09-09 10:15:00,-0.2868639999996958,-0.9665179999997235,-0.6266909999997097,-0.8083409999999276,-0.30788799999982075,-0.5581144999998742,-1.46455399999968,-0.17736399999967034,-0.8209589999996751
2023-09-09 10:30:00,-0.28686400000015055,-0.967225999999755,-0.6270449999999528,-0.8112510000000839,-0.3097809999999299,-0.5605160000000069,-1.4663039999995817,-0.17694799999981115,-0.8216259999996964
2023-09-09 11:00:00,-0.2850429999998596,-0.9682679999996253,-0.6266554999997425,-0.812619000000268,-0.31138800000007905,-0.5620035000001735,-1.4670740000001388,-0.17620499999975436,-0.8216394999999466
2023-09-09 11:30:00,-0.28277299999990646,-0.9653479999997217,-0.6240604999998141,-0.8132390000000669,-0.30788799999982075,-0.5605634999999438,-1.4735069999996995,-0.17620399999987058,-0.824855499999785
2023-09-09 11:45:00,-0.2829029999998056,-0.9640639999997802,-0.6234834999997929,-0.8142550000002302,-0.3100680000002285,-0.5621615000002294,-1.4710270000000492,-0.1766090000000986,-0.8238180000000739
2023-09-09 12:00:00,-0.2829029999998056,-0.9623149999997622,-0.6226089999997839,-0.8130869999999959,-0.30714899999975387,-0.5601179999998749,-1.4710300000001553,-0.17486000000008062,-0.8229450000001179
2023-09-09 13:00:00,-0.2832220000000234,-0.9628939999997783,-0.6230579999999009,-0.8163179999996828,-0.30889899999965564,-0.5626084999996692,-1.4754219999999805,-0.1766099999999824,-0.8260159999999814
2023-09-09 13:15:00,-0.2836120000001756,-0.9652460000002065,-0.6244290000001911,-0.8158499999999549,-0.310120999999981,-0.5629854999999679,-1.4702969999998459,-0.17299299999967843,-0.8216449999997621
2023-09-09 13:30:00,-0.28303500000038184,-0.9646520000001146,-0.6238435000002482,-0.8140880000000834,-0.3083679999999731,-0.5612280000000283,-1.4714439999997921,-0.17416699999967022,-0.8228054999997312
2023-09-09 13:45:00,-0.2818749999996726,-0.9627839999998287,-0.6223294999997506,-0.8123380000001816,-0.30763500000011845,-0.55998650000015,-1.4685349999999744,-0.17342499999995198,-0.8209799999999632
2023-09-09 14:30:00,-0.2814709999997831,-0.9603259999998954,-0.6208984999998393,-0.8192269999999553,-0.31157100000018545,-0.5653990000000704,-1.4742529999998624,-0.17558999999982916,-0.8249214999998458
2023-09-09 15:00:00,-0.2816020000000208,-0.9605639999999767,-0.6210829999999987,-0.8173320000000786,-0.31006799999977375,-0.5636999999999261,-1.4735219999997753,-0.1754399999999805,-0.8244809999998779
2023-09-09 15:30:00,-0.28160299999990457,-0.962210000000141,-0.6219065000000228,-0.8190829999998641,-0.3123099999997976,-0.5656964999998308,-1.4735230000001138,-0.17516200000000026,-0.824342500000057
2023-09-09 15:45:00,-0.28348400000004403,-0.961500999999771,-0.6224924999999075,-0.8165869999997994,-0.30982700000004115,-0.5632069999999203,-1.4739399999998568,-0.17732899999964502,-0.8256344999997509
2023-09-09 16:15:00,-0.28374200000007477,-0.9626560000001518,-0.6231990000001133,-0.8139470000000983,-0.30982200000016746,-0.5618845000001329,-1.470158999999967,-0.17733999999973094,-0.8237494999998489
2023-09-09 16:30:00,-0.28056400000014037,-0.9621950000000652,-0.6213795000001028,-0.8165859999999157,-0.311725000000024,-0.5641554999999698,-1.4710299999997005,-0.17517499999985375,-0.8231024999997771
2023-09-09 17:30:00,-0.2803030000000035,-0.9613819999999578,-0.6208424999999806,-0.8151490000000194,-0.3085630000000492,-0.5618560000000343,-1.4725039999998444,-0.17414299999973082,-0.8233234999997876
2023-09-09 17:45:00,-0.2803030000000035,-0.9606720000001587,-0.6204875000000811,-0.8151490000000194,-0.30958000000009633,-0.5623645000000579,-1.4725029999999606,-0.17630899999994654,-0.8244059999999536
2023-09-09 19:30:00,-0.28024299999970026,-0.960432999999739,-0.6203379999997196,-0.8133659999998599,-0.311670999999933,-0.5625184999998964,-1.466656999999941,-0.17704000000003361,-0.8218484999999873
2023-09-09 19:45:00,-0.28063399999973626,-0.9592769999999291,-0.6199554999998327,-0.8099799999999959,-0.3093359999998029,-0.5596579999998994,-1.4673619999998664,-0.18052499999976135,-0.8239434999998139
2023-09-09 20:30:00,-0.28122499999972206,-0.957398000000012,-0.619311499999867,-0.8099779999997736,-0.30860200000006444,-0.559289999999919,-1.4673499999998967,-0.18094199999995908,-0.8241459999999279
2023-09-09 20:45:00,-0.2818769999998949,-0.9605649999998604,-0.6212209999998777,-0.8062809999996716,-0.30831999999963955,-0.5573004999996556,-1.4590049999997063,-0.17661099999986618,-0.8178079999997863
2023-09-09 21:00:00,-0.281296999999995,-0.9610269999998309,-0.621161999999913,-0.8074400000000423,-0.31224599999995917,-0.5598430000000008,-1.4590039999998226,-0.18052600000009988,-0.8197649999999612
2023-09-09 22:00:00,-0.28453300000001036,-0.9644189999999071,-0.6244759999999587,-0.8060109999996712,-0.30807599999980084,-0.557043499999736,-1.463394999999764,-0.1802469999997811,-0.8218209999997725
2023-09-09 22:15:00,-0.28161499999987427,-0.9569229999997333,-0.6192689999998038,-0.8077619999999115,-0.30928199999971184,-0.5585219999998117,-1.4633960000001025,-0.182390999999825,-0.8228934999999638
2023-09-09 22:45:00,-0.28615499999978056,-0.9666379999998753,-0.6263964999998279,-0.8096559999999045,-0.310312999999951,-0.5599844999999277,-1.4647070000000895,-0.17881200000010722,-0.8217595000000983
2023-09-09 23:00:00,-0.284795000000031,-0.9627749999999651,-0.623784999999998,-0.8045290000000023,-0.3075859999999011,-0.5560574999999517,-1.4607509999996182,-0.18052499999976135,-0.8206379999996898
2023-09-10 00:45:00,-0.2883529999999155,-0.9625339999997777,-0.6254434999998466,-0.8037550000003648,-0.3079280000001745,-0.5558415000002697,-1.4553369999998722,-0.17950599999994665,-0.8174214999999094
2023-09-10 01:30:00,-0.2844639999998435,-0.9614929999997912,-0.6229784999998174,-0.8042199999999866,-0.30691099999967264,-0.5555654999998296,-1.4622089999998025,-0.182006999999885,-0.8221079999998437
2023-09-10 01:45:00,-0.28407400000014604,-0.965596000000005,-0.6248350000000755,-0.8064359999998487,-0.30813499999976557,-0.5572854999998071,-1.461493999999675,-0.17664400000012392,-0.8190689999998995
2023-09-10 02:15:00,-0.2843929999999091,-0.9648779999997714,-0.6246354999998402,-0.8079179999999724,-0.3085619999997107,-0.5582399999998415,-1.464136999999937,-0.17822100000012142,-0.8211790000000292
2023-09-10 02:30:00,-0.2847830000000613,-0.9624200000002929,-0.6236015000001771,-0.8045329999999922,-0.30666000000019267,-0.5555965000000924,-1.4607639999999265,-0.17921700000033525,-0.8199905000001309
2023-09-10 03:00:00,-0.28634199999987686,-0.9653379999999743,-0.6258399999999256,-0.8023159999997915,-0.3084089999997559,-0.5553624999997737,-1.4568099999996775,-0.1809690000000046,-0.8188894999998411
2023-09-10 03:45:00,-0.2859520000001794,-0.9685060000001613,-0.6272290000001703,-0.8045319999996536,-0.3081250000000182,-0.5563284999998359,-1.4607639999999265,-0.17838399999982357,-0.819573999999875
2023-09-10 04:45:00,-0.2865310000001955,-0.9641670000000886,-0.625349000000142,-0.8062810000001264,-0.30840699999998833,-0.5573440000000573,-1.4607640000003812,-0.17921700000033525,-0.8199905000003582
2023-09-10 05:15:00,-0.28906300000016927,-0.9636950000003708,-0.62637900000027,-0.8018510000001697,-0.3073400000002948,-0.5545955000002323,-1.4563560000001416,-0.18241600000010294,-0.8193860000001223
2023-09-10 05:45:00,-0.28653299999996307,-0.9666279999996732,-0.6265804999998181,-0.8045329999999922,-0.3073939999999311,-0.5559634999999616,-1.4607639999999265,-0.1788019999999051,-0.8197829999999158
2023-09-10 06:15:00,-0.2866039999998975,-0.9660469999998895,-0.6263254999998935,-0.8008329999997841,-0.3073930000000473,-0.5541129999999157,-1.455333999999766,-0.1799710000000232,-0.8176524999998946
2023-09-10 08:15:00,-0.285186000000067,-0.9668769999998403,-0.6260314999999537,-0.8005640000001222,-0.30706099999997605,-0.5538125000000491,-1.4567979999997078,-0.17983099999992191,-0.8183144999998149
2023-09-10 08:45:00,-0.28232500000012806,-0.9602110000000721,-0.6212680000001001,-0.8046869999998307,-0.30734399999983,-0.5560154999998304,-1.4632440000000315,-0.1824149999997644,-0.822829499999898
2023-09-10 10:45:00,-0.28120999999964624,-0.9636959999997998,-0.622452999999723,-0.8160469999997986,-0.31200799999987794,-0.5640274999998383,-1.4757230000000163,-0.18066700000008495,-0.8281950000000506
2023-09-10 11:00:00,-0.2819900000004054,-0.9624190000004091,-0.6222045000004073,-0.8133649999999761,-0.31132800000023053,-0.5623465000001033,-1.4713160000001153,-0.1809680000001208,-0.8261420000001181
2023-09-10 12:00:00,-0.283741000000191,-0.9612380000003213,-0.6224895000002562,-0.8139450000003308,-0.31185499999992317,-0.562900000000127,-1.470154999999977,-0.18167399999992995,-0.8259144999999535
2023-09-10 13:00:00,-0.2805620000003728,-0.9619470000002366,-0.6212545000003047,-0.8107460000001083,-0.3090900000001966,-0.5599180000001525,-1.471027999999933,-0.18067799999971612,-0.8258529999998245
2023-09-10 13:15:00,-0.2809530000004088,-0.9635900000002948,-0.6222715000003518,-0.8102790000002642,-0.3113290000001143,-0.5608040000001893,-1.4659050000000207,-0.179229999999734,-0.8225674999998773
2023-09-10 13:30:00,-0.28238499999997657,-0.9660499999999956,-0.6242174999999861,-0.8099680000000262,-0.3120630000003075,-0.5610155000001669,-1.4644309999998768,-0.178812999999991,-0.8216219999999339
2023-09-10 14:15:00,-0.2817329999998037,-0.9631209999997736,-0.6224269999997887,-0.811916999999994,-0.31025399999998626,-0.5610854999999901,-1.4686999999998989,-0.1783370000002833,-0.8235185000000911
2023-09-10 14:45:00,-0.2813540000001922,-0.9611319999999068,-0.6212430000000495,-0.809233000000404,-0.31175600000005943,-0.5604945000002317,-1.46253999999999,-0.18022599999994782,-0.8213829999999689
2023-09-10 15:15:00,-0.28174300000000585,-0.9659409999999298,-0.6238419999999678,-0.8041070000003856,-0.3090530000004037,-0.5565800000003946,-1.4585849999998572,-0.17736299999978655,-0.8179739999998219
2023-09-10 15:45:00,-0.28135199999996985,-0.961131000000023,-0.6212414999999964,-0.8074940000001334,-0.3100160000003598,-0.5587550000002466,-1.4607919999998558,-0.17847600000004604,-0.8196339999999509
2023-09-10 16:00:00,-0.27921199999991586,-0.9627749999999651,-0.6209934999999405,-0.8085390000001098,-0.3110860000001594,-0.5598125000001346,-1.4647439999998824,-0.1799470000000838,-0.8223454999999831
2023-09-10 16:15:00,-0.27720399999998335,-0.9617339999999786,-0.619468999999981,-0.8100079999999252,-0.31006999999999607,-0.5600389999999607,-1.4679439999999886,-0.17835999999988417,-0.8231519999999364
2023-09-10 16:30:00,-0.27934400000003734,-0.9610259999999471,-0.6201849999999922,-0.8095420000004196,-0.3110860000001594,-0.5603140000002895,-1.4651619999999639,-0.17994799999996758,-0.8225549999999657
2023-09-10 17:00:00,-0.2789539999998851,-0.9634839999998803,-0.6212189999998827,-0.81000800000038,-0.31006999999999607,-0.560039000000188,-1.4691139999999905,-0.17952999999988606,-0.8243219999999383
2023-09-10 17:15:00,-0.28031300000020565,-0.9627750000004198,-0.6215440000003127,-0.8122240000002421,-0.3093360000002576,-0.5607800000002499,-1.4701489999997648,-0.17702799999960916,-0.823588499999687
2023-09-10 17:30:00,-0.2807039999997869,-0.9659440000000359,-0.6233239999999114,-0.8100090000002638,-0.3090540000002875,-0.5595315000002756,-1.4679449999998724,-0.17619399999966845,-0.8220694999997704
2023-09-10 18:30:00,-0.2831019999998716,-0.9635889999999563,-0.623345499999914,-0.8080740000000333,-0.30957900000021255,-0.5588265000001229,-1.4625419999997575,-0.1780599999997321,-0.8203009999997448
2023-09-10 19:00:00,-0.2821319999998195,-0.9640509999999267,-0.6230914999998731,-0.8085399999999936,-0.31059700000014345,-0.5595685000000685,-1.466494999999668,-0.1819759999998496,-0.8242354999997588
2023-09-10 21:15:00,-0.28135199999996985,-0.9645239999999831,-0.6229379999999765,-0.8063220000003639,-0.3110870000000432,-0.5587045000002036,-1.4625379999997676,-0.18169799999986935,-0.8221179999998185
2023-09-11 00:45:00,-0.28213300000015806,-0.9634829999999965,-0.6228080000000773,-0.8001390000003994,-0.3065700000001925,-0.553354500000296,-1.4563789999997425,-0.17952900000000227,-0.8179539999998724
2023-09-11 02:00:00,-0.2829119999996692,-0.9668759999999565,-0.6248939999998129,-0.8006080000000111,-0.30589099999997416,-0.5532494999999926,-1.4585849999998572,-0.17808100000002014,-0.8183329999999387
2023-09-11 03:00:00,-0.2856320000000778,-0.9669819999999163,-0.6263069999999971,-0.8018910000000687,-0.30831999999963955,-0.5551054999998541,-1.4581309999998666,-0.18127899999990404,-0.8197049999998853
2023-09-11 03:15:00,-0.28388200000017605,-0.9668620000002193,-0.6253720000001977,-0.8007190000002993,-0.30763600000000224,-0.5541775000001508,-1.4552089999997406,-0.17808299999978772,-0.8166459999997642
2023-09-11 03:30:00,-0.2840139999998428,-0.9668619999997645,-0.6254379999998037,-0.7999720000002526,-0.30763600000000224,-0.5538040000001274,-1.4573760000002949,-0.181583000000046,-0.8194795000001704
2023-09-11 04:15:00,-0.28790499999968233,-0.9661529999998493,-0.6270289999997658,-0.7995090000003984,-0.3069030000001476,-0.553206000000273,-1.4534249999996973,-0.18024999999988722,-0.8168374999997923
2023-09-11 04:30:00,-0.284403999999995,-0.9605490000003556,-0.6224765000001753,-0.7977570000002743,-0.3053460000000996,-0.5515515000001869,-1.451673000000028,-0.18022400000018024,-0.8159485000001041
2023-09-11 04:45:00,-0.28070400000024165,-0.957843000000139,-0.6192735000001903,-0.8004380000002129,-0.3061150000003181,-0.5532765000002655,-1.4584189999995942,-0.18312199999991208,-0.8207704999997532
2023-09-11 05:00:00,-0.285432000000128,-0.9602920000002086,-0.6228620000001683,-0.7996640000001207,-0.3085390000001098,-0.5541015000001153,-1.453005999999732,-0.18455999999969208,-0.818782999999712
2023-09-11 05:30:00,-0.2838719999999739,-0.963694999999916,-0.623783499999945,-0.8001290000001973,-0.3073389999999563,-0.5537340000000768,-1.4569589999996424,-0.18242599999985032,-0.8196924999997464
2023-09-11 06:00:00,-0.2824540000001434,-0.9627610000002278,-0.6226075000001856,-0.8021889999999985,-0.3075819999999112,-0.5548854999999548,-1.459581000000071,-0.1816980000003241,-0.8206395000001976
2023-09-11 06:15:00,-0.2836109999998371,-0.9636930000001485,-0.6236519999999928,-0.8033599999998842,-0.30908799999997427,-0.5562239999999292,-1.4578520000000026,-0.18067599999994854,-0.8192639999999756
2023-09-11 08:30:00,-0.2853130000003148,-0.9557370000002265,-0.6205250000002707,-0.8021570000000793,-0.306887000000188,-0.5545220000001336,-1.4537359999999353,-0.18133699999998498,-0.8175364999999601
2023-09-11 08:45:00,-0.28563400000030015,-0.9563190000003488,-0.6209765000003244,-0.8036400000000867,-0.3068890000004103,-0.5552645000002485,-1.4563809999999648,-0.18133699999998498,-0.8188589999999749
2023-09-11 10:00:00,-0.28323299999965457,-0.9538589999997384,-0.6185459999996965,-0.8038249999999607,-0.3044049999998606,-0.5541149999999107,-1.4629549999999654,-0.18350299999974595,-0.8232289999998557
2023-09-11 10:45:00,-0.2888740000003054,-0.9565440000001217,-0.6227090000002136,-0.8068590000002587,-0.30766200000016397,-0.5572605000002113,-1.459581000000071,-0.18247399999972913,-0.8210274999999001
2023-09-11 12:15:00,-0.28470900000002075,-0.9555020000002514,-0.6201055000001361,-0.8088109999998778,-0.30664500000011685,-0.5577279999999973,-1.4644530000000486,-0.18031599999994796,-0.8223844999999983
2023-09-11 12:30:00,-0.2850980000002892,-0.9604110000000219,-0.6227545000001555,-0.8114909999999327,-0.3080520000003162,-0.5597715000001244,-1.4723589999998694,-0.18308399999978064,-0.827721499999825
2023-09-11 12:45:00,-0.28407000000015614,-0.9591319999999541,-0.6216010000000551,-0.80958499999997,-0.3056289999999535,-0.5576069999999618,-1.4716169999996964,-0.181648999999652,-0.8266329999996742
2023-09-11 13:45:00,-0.2845800000000054,-0.9638010000003305,-0.624190500000168,-0.8077950000001692,-0.3085989999999583,-0.5581970000000638,-1.4675139999999374,-0.18270699999993667,-0.825110499999937
2023-09-11 14:45:00,-0.28296000000000276,-0.9655769999999393,-0.624268499999971,-0.8058990000004087,-0.3080770000001394,-0.556988000000274,-1.4621109999998225,-0.17732799999976123,-0.8197194999997919
2023-09-11 15:00:00,-0.2868499999999585,-0.9659100000003491,-0.6263800000001538,-0.8054349999997612,-0.3101099999998951,-0.5577724999998281,-1.4610800000000381,-0.18283299999984592,-0.821956499999942
2023-09-11 15:15:00,-0.28484100000014223,-0.964868000000024,-0.6248545000000831,-0.8051550000000134,-0.30734499999971376,-0.5562499999998636,-1.4625319999995554,-0.17949699999962831,-0.8210144999995919
2023-09-11 15:30:00,-0.28698200000008,-0.9648689999999078,-0.6259254999999939,-0.8046869999998307,-0.3073429999999462,-0.5560149999998885,-1.4620750000003682,-0.18124500000021726,-0.8216600000002927
2023-09-11 16:00:00,-0.291388999999981,-0.971534000000247,-0.631461500000114,-0.7995200000000295,-0.30706000000009226,-0.5532900000000609,-1.4551959999998871,-0.18099899999970148,-0.8180974999997943
2023-09-11 16:30:00,-0.28963999999996304,-0.9790020000000368,-0.6343209999999999,-0.7977710000000116,-0.2892319999996289,-0.5435014999998202,-1.4534469999998691,-0.14630799999986266,-0.7998774999998659
2023-09-11 17:00:00,-0.2921719999999368,-0.9757270000000062,-0.6339494999999715,-0.7956669999998667,-0.2888349999998354,-0.542250999999851,-1.4478669999998601,-0.14744299999983923,-0.7976549999998497
2023-09-11 17:15:00,-0.2876299999998082,-0.979033999999956,-0.6333319999998821,-0.7998319999996966,-0.2858379999997851,-0.5428349999997408,-1.4566709999999148,-0.1390769999998156,-0.7978739999998652
2023-09-11 17:30:00,-0.28977000000031694,-0.9811680000002525,-0.6354690000002847,-0.7987859999998363,-0.2793469999996887,-0.5390664999997625,-1.4515480000000025,-0.12488400000029287,-0.7882160000001477
2023-09-11 17:45:00,-0.2854890000003252,-0.9768189999999777,-0.6311540000001514,-0.7985490000000937,-0.28015700000014476,-0.5393530000001192,-1.4559550000003583,-0.1310820000003332,-0.7935185000003457
2023-09-11 18:00:00,-0.2923000000000684,-0.9803100000003724,-0.6363050000002204,-0.802752000000055,-0.28651700000000346,-0.5446345000000292,-1.4549199999996745,-0.13585699999975986,-0.7953884999997172
2023-09-11 18:15:00,-0.2889900000000125,-0.9743310000003476,-0.63166050000018,-0.8032169999996768,-0.28630999999995765,-0.5447634999998172,-1.460041999999703,-0.14163699999971868,-0.8008394999997108
2023-09-11 18:30:00,-0.2911309999999503,-0.9699800000003052,-0.6305555000001277,-0.802752000000055,-0.28828999999996086,-0.5455210000000079,-1.4578389999996944,-0.14783699999998134,-0.8028379999998378
2023-09-11 18:45:00,-0.294311000000107,-0.9686710000000858,-0.6314910000000964,-0.8024300000001858,-0.2926940000002105,-0.5475620000001982,-1.4551959999998871,-0.1560620000000199,-0.8056289999999535
2023-09-11 19:00:00,-0.2885409999998956,-0.9647970000000896,-0.6266689999999926,-0.8001309999999648,-0.29399499999999534,-0.5470629999999801,-1.4581210000001192,-0.1637230000001182,-0.8109220000001187
2023-09-11 19:15:00,-0.2928230000002259,-0.963952000000063,-0.6283875000001444,-0.7991990000000442,-0.29946800000016083,-0.5493335000001025,-1.451962999999978,-0.1716599999999744,-0.8118114999999761
2023-09-11 19:45:00,-0.29107299999986935,-0.9548909999998614,-0.6229819999998654,-0.7974469999999201,-0.305362999999943,-0.5514049999999315,-1.4508009999999558,-0.18811400000004141,-0.8194574999999986
2023-09-11 20:15:00,-0.2889330000002701,-0.9534750000002532,-0.6212040000002617,-0.799666000000343,-0.30914700000039375,-0.5544065000003684,-1.4541669999998703,-0.19360799999958545,-0.8238874999997279
2023-09-11 20:30:00,-0.29419099999995524,-0.9581449999996039,-0.6261679999997796,-0.8002559999999903,-0.30914700000039375,-0.554701500000192,-1.4559269999999742,-0.19477799999958734,-0.8253524999997808
2023-09-11 21:00:00,-0.29056299999956536,-0.9503829999998743,-0.6204729999997198,-0.7986599999999271,-0.31578499999977794,-0.5572224999998525,-1.4566569999997228,-0.21198499999991327,-0.834320999999818
2023-09-11 21:15:00,-0.2917229999998199,-0.9440309999999954,-0.6178769999999076,-0.8004100000002836,-0.3197920000002341,-0.5601010000002589,-1.4584069999996245,-0.22250499999972817,-0.8404559999996764
2023-09-11 21:30:00,-0.2913300000000163,-0.9461120000000847,-0.6187210000000505,-0.8037950000002638,-0.32649500000025,-0.5651450000002569,-1.4588609999996152,-0.22683899999992718,-0.8428499999997712
2023-09-11 21:45:00,-0.2941230000001269,-0.943760999999995,-0.6189420000000609,-0.7978800000000774,-0.3252710000001571,-0.5615755000001172,-1.4512180000001536,-0.23044400000026144,-0.8408310000002075
2023-09-11 22:00:00,-0.2926910000001044,-0.9488139999998566,-0.6207524999999805,-0.7981920000001992,-0.322280000000319,-0.5602360000002591,-1.4526920000002974,-0.2220900000002075,-0.8373910000002525
2023-09-11 22:30:00,-0.29242900000008376,-0.9488129999999728,-0.6206210000000283,-0.7996740000003228,-0.322280000000319,-0.5609770000003209,-1.4535850000002029,-0.220339999999851,-0.8369625000000269
2023-09-11 22:45:00,-0.2899729999999181,-0.9462499999999636,-0.6181114999999409,-0.7998300000003837,-0.32203800000024785,-0.5609340000003158,-1.4560670000000755,-0.22222800000008647,-0.839147500000081
2023-09-11 23:15:00,-0.2917219999999361,-0.9605160000000978,-0.626119000000017,-0.8004080000000613,-0.30465200000026016,-0.5525300000001607,-1.4566439999998693,-0.18452299999989918,-0.8205834999998842
2023-09-12 00:00:00,-0.2934709999999541,-0.9646240000001853,-0.6290475000000697,-0.7986590000000433,-0.29951600000003964,-0.5490875000000415,-1.4589829999999893,-0.1796439999998256,-0.8193134999999074
2023-09-12 00:15:00,-0.29197900000008303,-0.9619390000002568,-0.6269590000001699,-0.7971889999998893,-0.29800799999975425,-0.5475984999998218,-1.454613999999765,-0.17600399999992078,-0.8153089999998429
2023-09-12 00:45:00,-0.29198100000030536,-0.9606640000001789,-0.6263225000002421,-0.7989389999997911,-0.2973279999996521,-0.5481334999997216,-1.456362999999783,-0.17455599999993865,-0.8154594999998608
2023-09-12 01:15:00,-0.2937289999999848,-0.9596000000001368,-0.6266645000000608,-0.7989390000002459,-0.29853800000000774,-0.5487385000001268,-1.4551940000001196,-0.17727700000023106,-0.8162355000001753
2023-09-12 01:30:00,-0.2941200000000208,-0.9636890000001586,-0.6289045000000897,-0.794973999999911,-0.29800899999963804,-0.5464914999997745,-1.4512399999998706,-0.176586000000043,-0.8139129999999568
2023-09-12 01:45:00,-0.29268999999976586,-0.9614759999999478,-0.6270829999998568,-0.7964420000002974,-0.2952410000002601,-0.5458415000002788,-1.4538609999999608,-0.17266800000015792,-0.8132645000000593
2023-09-12 02:30:00,-0.29600200000004406,-0.9621660000002521,-0.6290840000001481,-0.7977260000002389,-0.30053200000020297,-0.5491290000002209,-1.4534069999999701,-0.18064000000003944,-0.8170235000000048
2023-09-12 04:15:00,-0.29878599999983635,-0.9654479999999239,-0.6321169999998801,-0.7978800000000774,-0.29799899999989066,-0.547939499999984,-1.4570659999999407,-0.1794889999996485,-0.8182774999997946
2023-09-12 04:30:00,-0.3026749999999083,-0.9660149999999703,-0.6343449999999393,-0.7974140000001171,-0.29969500000015614,-0.5485545000001366,-1.4537020000002485,-0.18194500000026892,-0.8178235000002587
2023-09-12 04:45:00,-0.3012479999997595,-0.9547840000000178,-0.6280159999998887,-0.8023819999998523,-0.29773699999987,-0.5500594999998611,-1.4580730000002404,-0.18130699999983335,-0.8196900000000369
2023-09-12 05:00:00,-0.3005359999997381,-0.9534960000000865,-0.6270159999999123,-0.7996299999999792,-0.2952549999999974,-0.5474424999999883,-1.4576560000000427,-0.18172400000003108,-0.8196900000000369
2023-09-12 05:15:00,-0.3026789999998982,-0.9576099999999315,-0.6301444999999148,-0.8009110000002693,-0.29537100000015926,-0.5481410000002143,-1.4536809999999605,-0.1744939999998678,-0.8140874999999141
2023-09-12 05:30:00,-0.2973579999998037,-0.9488270000001648,-0.6230924999999843,-0.8016900000002352,-0.2940950000001976,-0.5478925000002164,-1.4585289999999986,-0.17822500000011132,-0.818377000000055
2023-09-12 05:45:00,-0.2988470000000234,-0.9512850000000981,-0.6250660000000607,-0.8031720000003588,-0.2930780000001505,-0.5481250000002547,-1.4629210000002786,-0.1778070000000298,-0.8203640000001542
2023-09-12 06:15:00,-0.29599800000005416,-0.9536370000000716,-0.6248175000000629,-0.8055420000000595,-0.2943020000002434,-0.5499220000001515,-1.466436000000158,-0.17594300000018848,-0.8211895000001732
2023-09-12 06:30:00,-0.29813800000010815,-0.9536370000000716,-0.6258875000000899,-0.8033259999997426,-0.2925519999998869,-0.5479389999998148,-1.4624830000002476,-0.1741930000002867,-0.8183380000002671
2023-09-12 07:30:00,-0.29774799999995594,-0.9539719999997942,-0.6258599999998751,-0.8026239999999234,-0.2934170000003178,-0.5480205000001206,-1.466436000000158,-0.18027600000004895,-0.8233560000001034
2023-09-12 08:00:00,-0.2943070000001171,-0.9536389999998391,-0.6239729999999781,-0.8055869999998322,-0.2925529999997707,-0.5490699999998014,-1.4693849999998747,-0.17477300000018658,-0.8220790000000306
2023-09-12 08:15:00,-0.2945669999999154,-0.9561079999998583,-0.6253374999998869,-0.8052729999999428,-0.2915879999995923,-0.5484304999997676,-1.4673290000000634,-0.17015900000023976,-0.8187440000001516
2023-09-12 09:00:00,-0.2930790000000343,-0.9621529999999439,-0.6276159999999891,-0.8037939999999253,-0.28040499999997337,-0.5420994999999493,-1.4652689999998074,-0.14690599999994447,-0.806087499999876
2023-09-12 09:30:00,-0.29067799999984345,-0.9682680000000801,-0.6294729999999618,-0.8063210000000254,-0.2750340000002325,-0.5406775000001289,-1.470115000000078,-0.13290999999981068,-0.8015124999999443
2023-09-12 09:45:00,-0.29417700000021796,-0.9707260000000133,-0.6324515000001156,-0.8063219999999092,-0.2722680000001674,-0.5392950000000383,-1.46836600000006,-0.12724299999990762,-0.7978044999999838
2023-09-12 10:15:00,-0.29099900000028356,-0.9663789999999608,-0.6286890000001222,-0.8066340000000309,-0.27599800000007235,-0.5413160000000516,-1.4715879999998833,-0.13694299999997384,-0.8042654999999286
2023-09-12 10:30:00,-0.2921670000000631,-0.964813999999933,-0.6284904999999981,-0.806054000000131,-0.28360600000041813,-0.5448300000002746,-1.4710089999998672,-0.15183200000001307,-0.8114204999999401
2023-09-12 10:45:00,-0.2912580000001981,-0.9601219999999557,-0.6256900000000769,-0.8034020000000055,-0.28466300000036426,-0.5440325000001849,-1.468945000000076,-0.15847100000019054,-0.8137080000001333
2023-09-12 11:30:00,-0.2891180000001441,-0.9582359999999426,-0.6236770000000433,-0.8067869999999857,-0.290288999999575,-0.5485379999997804,-1.4711489999999685,-0.16424000000006345,-0.817694500000016
2023-09-12 12:00:00,-0.29378799999994953,-0.963032000000112,-0.6284100000000308,-0.7989689999999428,-0.28582300000016403,-0.5423960000000534,-1.462206000000151,-0.16079800000034083,-0.811502000000246
2023-09-12 12:15:00,-0.29242599999997765,-0.9657659999998032,-0.6290959999998904,-0.8045700000002398,-0.27938399999993635,-0.5419770000000881,-1.4701119999999719,-0.14590899999984686,-0.8080104999999094
2023-09-12 12:30:00,-0.29242699999986144,-0.9625999999998385,-0.62751349999985,-0.8063210000000254,-0.2814170000001468,-0.5438690000000861,-1.4689550000002782,-0.14733300000034433,-0.8081440000003113
2023-09-12 13:00:00,-0.2967069999999694,-0.9651960000001054,-0.6309515000000374,-0.8053890000001047,-0.27768600000035804,-0.5415375000002314,-1.4627990000003592,-0.1376350000000457,-0.8002170000002025
2023-09-12 13:15:00,-0.2925589999999829,-0.9689680000001317,-0.6307635000000573,-0.8038239999996222,-0.2733769999999822,-0.5386004999998022,-1.4676230000000032,-0.13260500000023967,-0.8001140000001215
2023-09-12 13:30:00,-0.29605899999978647,-0.9694359999998596,-0.632747499999823,-0.8061539999998786,-0.2715330000000904,-0.5388434999999845,-1.4682010000001355,-0.12824900000032358,-0.7982250000002296
2023-09-12 13:45:00,-0.2907479999998941,-0.9688790000000154,-0.6298134999999547,-0.8098509999999806,-0.2727559999998448,-0.5413034999999127,-1.4718790000001718,-0.12463400000024194,-0.7982565000002069
2023-09-12 14:00:00,-0.2919050000000425,-0.9638250000002699,-0.6278650000001562,-0.8028659999999945,-0.2675899999999274,-0.535227999999961,-1.4748110000000452,-0.13473800000019764,-0.8047745000001214
2023-09-12 14:15:00,-0.2928759999999784,-0.9687290000001667,-0.6308025000000725,-0.8058979999996154,-0.27372099999956845,-0.5398094999995919,-1.4726070000001528,-0.1350760000000264,-0.8038415000000896
2023-09-12 14:30:00,-0.2950150000001486,-0.9680189999999129,-0.6315170000000307,-0.8054329999999936,-0.2747369999997318,-0.5400849999998627,-1.4704040000001442,-0.13724200000024211,-0.8038230000001931
2023-09-12 14:45:00,-0.29326799999989817,-0.9575770000001285,-0.6254225000000133,-0.8054319999996551,-0.2786909999999807,-0.5420614999998179,-1.4692440000003444,-0.1484680000003209,-0.8088560000003326
2023-09-12 15:15:00,-0.2911269999999604,-0.9563940000002731,-0.6237605000001167,-0.8058980000000702,-0.28038799999967523,-0.5431429999998727,-1.4726070000001528,-0.1532440000000861,-0.8129255000001194
2023-09-12 15:30:00,-0.29397900000003574,-0.958864000000176,-0.6264215000001059,-0.8046850000000632,-0.2776739999999336,-0.5411794999999984,-1.4679110000001856,-0.14630299999998897,-0.8071070000000873
2023-09-12 15:45:00,-0.29300899999998364,-0.9561490000000958,-0.6245790000000397,-0.8057330000001457,-0.2824220000002242,-0.544077500000185,-1.4689470000002984,-0.1546690000000126,-0.8118080000001555
2023-09-12 16:00:00,-0.29300800000009986,-0.951661999999942,-0.622335000000021,-0.8057309999999234,-0.28885799999989104,-0.5472944999999072,-1.4701140000001942,-0.16955800000005183,-0.819836000000123
2023-09-12 16:30:00,-0.29514800000015384,-0.951767000000018,-0.6234575000000859,-0.8035149999996065,-0.2883679999999913,-0.5459414999997989,-1.4661610000002838,-0.16983600000003207,-0.817998500000158
2023-09-12 17:30:00,-0.29183899999998175,-0.9446389999998246,-0.6182389999999032,-0.8057320000002619,-0.2858840000003511,-0.5458080000003065,-1.46894599999996,-0.16733300000032614,-0.818139500000143
2023-09-12 17:45:00,-0.2946280000001025,-0.9455410000000484,-0.6200845000000754,-0.7998320000001513,-0.29136600000038015,-0.5455990000002657,-1.4601670000001832,-0.17878300000029412,-0.8194750000002387
2023-09-12 18:00:00,-0.29262000000016997,-0.9419050000001334,-0.6172625000001517,-0.7995499999997264,-0.2923240000000078,-0.5459369999998671,-1.4598690000002534,-0.18163400000003094,-0.8207515000001422
2023-09-12 18:30:00,-0.29300800000009986,-0.9389180000002852,-0.6159630000001926,-0.8039830000002439,-0.3025510000002214,-0.5532670000002327,-1.4689460000004146,-0.20261800000025687,-0.8357820000003358
2023-09-12 18:45:00,-0.29151999999976397,-0.936464999999771,-0.6139924999997675,-0.8019210000002204,-0.3029810000002726,-0.5524510000002465,-1.4645519999999124,-0.20302399999991394,-0.8337879999999132
2023-09-12 19:15:00,-0.2897689999999784,-0.9389229999997042,-0.6143459999998413,-0.8001710000003186,-0.30371500000001106,-0.5519430000001648,-1.4639720000000125,-0.20377600000028906,-0.8338740000001508
2023-09-12 19:30:00,-0.2915189999998802,-0.9399650000000292,-0.6157419999999547,-0.8019210000002204,-0.3064820000004147,-0.5542015000003175,-1.4628020000000106,-0.20477400000027046,-0.8337880000001405
2023-09-12 20:15:00,-0.2915200000002187,-0.9294869999998809,-0.6105035000000498,-0.8036720000000059,-0.3161590000004253,-0.5599155000002156,-1.4657240000001366,-0.22789099999999962,-0.8468075000000681
2023-09-12 20:30:00,-0.2903489999998783,-0.9301980000000185,-0.6102734999999484,-0.8025160000001961,-0.31514400000014575,-0.5588300000001709,-1.464578000000074,-0.22572600000012244,-0.8451520000000983
2023-09-12 20:45:00,-0.29391800000030344,-0.9293600000000879,-0.6116390000001957,-0.7999859999999899,-0.31887600000027305,-0.5594310000001315,-1.457398000000012,-0.23192100000005667,-0.8446595000000343
2023-09-12 21:00:00,-0.2925589999999829,-0.9322820000002139,-0.6124205000000984,-0.8044190000000526,-0.32237700000041514,-0.5633980000002339,-1.4664670000001934,-0.23658199999999852,-0.8515245000000959
2023-09-12 21:15:00,-0.2882800000002135,-0.9239720000000489,-0.6061260000001312,-0.8022030000001905,-0.323341000000255,-0.5627720000002228,-1.4613540000000285,-0.23945499999990716,-0.8504044999999678
2023-09-12 21:30:00,-0.293137999999999,-0.9322870000000876,-0.6127125000000433,-0.8044179999997141,-0.31893499999978303,-0.5616764999997486,-1.4682160000002114,-0.2329780000000028,-0.8505970000001071
2023-09-12 22:00:00,-0.29080700000031356,-0.934168000000227,-0.6124875000002703,-0.8026669999999285,-0.3196679999996377,-0.5611674999997831,-1.466464999999971,-0.23255999999992127,-0.8495124999999462
2023-09-12 22:15:00,-0.2940470000003188,-0.9341669999998885,-0.6141070000001037,-0.8059000000002925,-0.317920000000413,-0.5619100000003527,-1.4691100000000006,-0.2290619999998853,-0.8490859999999429
2023-09-12 22:30:00,-0.2889869999999064,-0.9337070000001404,-0.6113470000000234,-0.8046159999998963,-0.3169029999999111,-0.5607594999999037,-1.4713130000000092,-0.2286460000000261,-0.8499795000000177
2023-09-12 23:00:00,-0.2875659999999698,-0.9360440000000381,-0.6118050000000039,-0.80667399999993,-0.3181209999997918,-0.5623974999998609,-1.4727740000002996,-0.22620099999994636,-0.849487500000123
2023-09-12 23:30:00,-0.28749900000002526,-0.9398280000000341,-0.6136635000000297,-0.8031349999996564,-0.3126959999999599,-0.5579154999998082,-1.4657609999999295,-0.21347900000000664,-0.8396199999999681
2023-09-12 23:45:00,-0.29041700000016135,-0.9448700000002646,-0.617643500000213,-0.8048839999996744,-0.3113939999998365,-0.5581389999997555,-1.4675100000004022,-0.20872700000018085,-0.8381185000002915
2023-09-13 00:00:00,-0.28801900000007663,-0.9411380000001373,-0.6145785000001069,-0.8019349999999577,-0.3111529999996492,-0.5565439999998034,-1.4622479999998177,-0.2088659999999436,-0.8355569999998806
2023-09-13 00:15:00,-0.2893779999999424,-0.9409949999999299,-0.6151864999999361,-0.8041500000003907,-0.31386600000041653,-0.5590080000004036,-1.465031000000181,-0.21347900000000664,-0.8392550000000938
2023-09-13 00:30:00,-0.2928770000003169,-0.9383960000000116,-0.6156365000001642,-0.805898999999954,-0.3158450000000812,-0.5608720000000176,-1.467949999999746,-0.22084599999971033,-0.8443979999997282
2023-09-13 00:45:00,-0.2889869999999064,-0.9398129999999583,-0.6143999999999323,-0.8063649999999143,-0.31556099999988874,-0.5609629999999015,-1.4689829999997528,-0.21709299999974974,-0.8430379999997513
2023-09-13 01:00:00,-0.2893800000001647,-0.9421680000000379,-0.6157740000001013,-0.8059000000002925,-0.3167860000003202,-0.5613430000003063,-1.466780000000199,-0.21639900000036505,-0.841589500000282
2023-09-13 01:30:00,-0.2891180000001441,-0.9440549999999348,-0.6165865000000395,-0.8044479999998657,-0.3111509999998816,-0.5577994999998737,-1.4694000000004053,-0.2106140000000778,-0.8400070000002415
2023-09-13 02:15:00,-0.29230199999983597,-0.9454860000000735,-0.6188939999999548,-0.7992400000002817,-0.30742300000019895,-0.5533315000002403,-1.4566469999999754,-0.2014960000001338,-0.8290715000000546
2023-09-13 02:30:00,-0.29580200000009427,-0.9460540000000037,-0.620928000000049,-0.7992410000001655,-0.3073709999998755,-0.5533060000000205,-1.4566479999998592,-0.20336200000019744,-0.8300050000000283
2023-09-13 03:00:00,-0.2901630000001205,-0.9430290000000241,-0.6165960000000723,-0.7997070000001258,-0.3066910000002281,-0.553199000000177,-1.4576909999996133,-0.2007539999999608,-0.829222499999787
2023-09-13 03:15:00,-0.290161999999782,-0.9418439999999464,-0.6160029999998642,-0.7997060000002421,-0.30838600000015504,-0.5540460000001985,-1.457691000000068,-0.20436900000004243,-0.8310300000000552
2023-09-13 03:30:00,-0.2908810000003541,-0.9418399999999565,-0.6163605000001553,-0.801300000000083,-0.3101310000001831,-0.555715500000133,-1.4581299999999828,-0.2055399999999281,-0.8318349999999555
2023-09-13 03:45:00,-0.2908820000002379,-0.9393820000000233,-0.6151320000001306,-0.799551000000065,-0.3076490000003105,-0.5536000000001877,-1.4598800000003394,-0.20770800000036616,-0.8337940000003528
2023-09-13 04:00:00,-0.29223899999988134,-0.942880999999943,-0.6175599999999122,-0.8000179999999091,-0.30764799999997194,-0.5538329999999405,-1.4620840000002318,-0.20770700000002762,-0.8348955000001297
2023-09-13 04:15:00,-0.28912900000023,-0.9369209999999839,-0.613025000000107,-0.7977989999999409,-0.3069130000003497,-0.5523560000001453,-1.4563779999998587,-0.20637299999998504,-0.8313754999999219
2023-09-13 05:00:00,-0.29056000000036875,-0.9388030000000072,-0.614681500000188,-0.7992370000001756,-0.30880999999999403,-0.5540235000000848,-1.455485000000408,-0.20594400000027235,-0.8307145000003402
2023-09-13 05:45:00,-0.29275900000038746,-0.9431490000001759,-0.6179540000002817,-0.8005660000003445,-0.30508800000006886,-0.5528270000002067,-1.4562290000003486,-0.19683900000018184,-0.8265340000002652
2023-09-13 06:00:00,-0.2887410000003001,-0.937061999999969,-0.6129015000001345,-0.8017759999997907,-0.3042099999997845,-0.5529929999997876,-1.460913000000346,-0.19942200000014054,-0.8301675000002433
2023-09-13 06:45:00,-0.2926310000002559,-0.936001000000033,-0.6143160000001444,-0.7995519999999487,-0.30366300000014235,-0.5516075000000455,-1.4587110000002212,-0.20331500000020242,-0.8310130000002118
2023-09-13 07:45:00,-0.29302300000017567,-0.9332210000002306,-0.6131220000002031,-0.7990850000001046,-0.2980290000000423,-0.5485570000000735,-1.453005999999732,-0.1911129999998593,-0.8220594999997957
2023-09-13 08:30:00,-0.29127100000005157,-0.9377050000002782,-0.6144880000001649,-0.7990850000001046,-0.29334000000017113,-0.5462125000001379,-1.4541760000001887,-0.1803130000002966,-0.8172445000002426
2023-09-13 08:45:00,-0.2908830000001217,-0.9426579999999376,-0.6167705000000296,-0.7995519999999487,-0.2873349999999846,-0.5434434999999667,-1.4581289999996443,-0.16991799999959767,-0.814023499999621
2023-09-13 09:15:00,-0.2908830000001217,-0.9488930000002256,-0.6198880000001736,-0.8013020000003053,-0.284396999999899,-0.5428495000001021,-1.458712000000105,-0.15852900000027148,-0.8086205000001883
2023-09-13 09:45:00,-0.2944529999999759,-0.9596169999999802,-0.627034999999978,-0.7970250000003034,-0.269767000000229,-0.5333960000002662,-1.4527029999999286,-0.13049799999998868,-0.7916004999999586
2023-09-13 10:00:00,-0.2891330000002199,-0.9547010000001137,-0.6219170000001668,-0.799551000000065,-0.2717999999999847,-0.5356755000000248,-1.4581279999997605,-0.13483099999984915,-0.7964794999998048
2023-09-13 10:15:00,-0.291533999999956,-0.9504590000001372,-0.6209965000000466,-0.7976040000003195,-0.27503900000010617,-0.5363215000002128,-1.4515329999999267,-0.14130999999997584,-0.7964214999999513
2023-09-13 11:00:00,-0.2936730000001262,-0.9525830000002316,-0.6231280000001789,-0.8032069999999294,-0.2702389999999468,-0.5367229999999381,-1.4606119999998555,-0.13305999999965934,-0.7968359999997574
2023-09-13 11:15:00,-0.29263300000002346,-0.9417309999998906,-0.617181999999957,-0.8013020000003053,-0.2829670000000988,-0.542134500000202,-1.459882000000107,-0.16325700000015786,-0.8115695000001324
2023-09-13 11:30:00,-0.30352099999981874,-0.9296179999996639,-0.6165694999997413,-0.7904570000000604,-0.30819900000005873,-0.5493280000000595,-1.4368610000001354,-0.21570000000019718,-0.8262805000001663
2023-09-13 11:45:00,-0.3014530000000377,-0.9304689999999027,-0.6159609999999702,-0.7883960000003754,-0.30447000000003754,-0.5464330000002064,-1.4336389999998573,-0.20775300000013885,-0.8206959999999981
2023-09-13 12:00:00,-0.2996419999999489,-0.9347820000002685,-0.6172120000001087,-0.7926729999999225,-0.28866800000014337,-0.5406705000000329,-1.440824999999677,-0.17739099999971586,-0.8091079999996964
2023-09-13 12:15:00,-0.29620199999999386,-0.9389350000001286,-0.6175685000000612,-0.8005220000000008,-0.278447000000142,-0.5394845000000714,-1.4544510000000628,-0.15583799999967596,-0.8051444999998694
2023-09-13 12:30:00,-0.2941920000002938,-0.9347260000004098,-0.6144590000003518,-0.7990939999999682,-0.27480500000001484,-0.5369494999999915,-1.4559250000002066,-0.15508600000021033,-0.8055055000002085
2023-09-13 12:45:00,-0.2951619999998911,-0.939792000000125,-0.617477000000008,-0.7968779999996514,-0.26836699999967095,-0.5326224999996612,-1.4537210000003142,-0.1431150000003072,-0.7984180000003107
2023-09-13 13:00:00,-0.29477200000019366,-0.9428530000000137,-0.6188125000001037,-0.7990970000000743,-0.2668249999996988,-0.5329609999998866,-1.4547580000003109,-0.13558499999999185,-0.7951715000001514
2023-09-13 13:15:00,-0.2949029999999766,-0.9452040000001034,-0.62005350000004,-0.7971780000002582,-0.26512899999988804,-0.5311535000000731,-1.454012000000148,-0.13372900000013033,-0.7938705000001391
2023-09-13 13:30:00,-0.2938610000001063,-0.9469319999998334,-0.6203964999999698,-0.8030929999999898,-0.2697350000003098,-0.5364140000001498,-1.4645640000003368,-0.14025400000036825,-0.8024090000003525
2023-09-13 13:45:00,-0.29600200000004406,-0.9494129999998222,-0.6227074999999331,-0.8043760000000475,-0.2693610000001172,-0.5368685000000823,-1.4635200000002442,-0.1362210000002051,-0.7998705000002246
2023-09-13 14:00:00,-0.2991820000002008,-0.9389259999998103,-0.6190540000000055,-0.8040639999999257,-0.2783990000002632,-0.5412315000000945,-1.4637969999998859,-0.1611920000000282,-0.812494499999957
2023-09-13 14:30:00,-0.2974220000000969,-0.938666000000012,-0.6180440000000544,-0.8040670000000318,-0.28334799999993265,-0.5437074999999822,-1.462648000000172,-0.1672880000000987,-0.8149680000001354
2023-09-13 14:45:00,-0.29209899999978006,-0.9425870000000032,-0.6173429999998916,-0.8030940000003284,-0.2734580000001188,-0.5382760000002236,-1.4657460000003084,-0.14936100000022634,-0.8075535000002674
2023-09-13 15:00:00,-0.29424199999994016,-0.9417399999997542,-0.6179909999998472,-0.8037990000002537,-0.28011000000014974,-0.5419545000002017,-1.463542000000416,-0.15906100000029255,-0.8113015000003543
2023-09-13 15:15:00,-0.2926919999999882,-0.9398500000002059,-0.616271000000097,-0.8048440000002302,-0.2828230000000076,-0.5438335000001189,-1.4663160000000062,-0.16484300000001895,-0.8155795000000126
2023-09-13 15:30:00,-0.29385099999990416,-0.9364059999998062,-0.6151284999998552,-0.8048459999999977,-0.2908580000002985,-0.5478520000001481,-1.4663279999999759,-0.1813100000003942,-0.823819000000185
2023-09-13 15:45:00,-0.29398300000002564,-0.9300650000000132,-0.6120240000000194,-0.8075980000003256,-0.2977850000002036,-0.5526915000002646,-1.4667450000001736,-0.1930010000000948,-0.8298730000001342
2023-09-13 16:00:00,-0.2906810000004043,-0.9277230000002419,-0.6092020000003231,-0.8045640000000276,-0.29598200000009456,-0.5502730000000611,-1.4677760000004128,-0.19544500000029075,-0.8316105000003517
2023-09-13 16:15:00,-0.29308099999980186,-0.9284309999998186,-0.6107559999998102,-0.7997209999998631,-0.29205599999977494,-0.545888499999819,-1.4612050000000636,-0.19153100000039558,-0.8263680000002296
2023-09-13 16:30:00,-0.28893299999981537,-0.9291399999997338,-0.6090364999997746,-0.8028160000003481,-0.29395000000022264,-0.5483830000002854,-1.4660290000001623,-0.19111400000019785,-0.8285715000001801
2023-09-13 16:45:00,-0.2885409999998956,-0.931362999999692,-0.6099519999997938,-0.8050310000003265,-0.2950190000001385,-0.5500250000002325,-1.4699830000004113,-0.1914150000002337,-0.8306990000003225
2023-09-13 17:00:00,-0.29425399999990987,-0.9301809999997204,-0.6122174999998151,-0.8037880000001678,-0.29671500000040396,-0.5502515000002859,-1.4641020000003664,-0.19503000000031534,-0.8295660000003409
2023-09-13 17:15:00,-0.29107299999986935,-0.9312419999996564,-0.6111574999997629,-0.804098999999951,-0.2955050000000483,-0.5498019999999997,-1.465574000000288,-0.19113700000025347,-0.8283555000002707
2023-09-13 17:45:00,-0.29146399999990535,-0.9312449999997625,-0.6113544999998339,-0.8018830000000889,-0.29550600000038685,-0.5486945000002379,-1.4587129999999888,-0.18822899999986475,-0.8234709999999268
2023-09-13 18:45:00,-0.2909409999997479,-0.934530999999879,-0.6127359999998134,-0.8048459999999977,-0.2964860000001863,-0.550666000000092,-1.463408999999956,-0.18708200000037323,-0.8252455000001646
2023-09-13 19:00:00,-0.2885430000001179,-0.9349790000001121,-0.611761000000115,-0.8067810000002282,-0.29866900000024543,-0.5527250000002368,-1.468232000000171,-0.190422000000126,-0.8293270000001485
2023-09-13 19:15:00,-0.2899609999999484,-0.9381490000000667,-0.6140550000000076,-0.8035620000000563,-0.295470000000023,-0.5495160000000396,-1.4656110000000808,-0.1866640000002917,-0.8261375000001863
2023-09-13 19:30:00,-0.2889330000002701,-0.9356920000000173,-0.6123125000001437,-0.8045750000001135,-0.2976560000001882,-0.5511155000001509,-1.464289000000008,-0.18825199999992037,-0.8262704999999642
2023-09-13 19:45:00,-0.2891939999999522,-0.9381520000001728,-0.6136730000000625,-0.8030940000003284,-0.2983900000003814,-0.5507420000003549,-1.461645999999746,-0.18783499999972264,-0.8247404999997343
2023-09-13 20:00:00,-0.2926950000000943,-0.9391920000002756,-0.6159435000001849,-0.8030940000003284,-0.29765800000041054,-0.5503760000003695,-1.4645649999997659,-0.19117299999970783,-0.8278689999997368
2023-09-13 20:15:00,-0.29062500000009095,-0.938148000000183,-0.614386500000137,-0.8016130000000885,-0.2972270000000208,-0.5494200000000546,-1.4619230000002972,-0.18959700000004887,-0.825760000000173
2023-09-13 20:45:00,-0.2884840000001532,-0.9379109999999855,-0.6131975000000693,-0.8032459999999446,-0.2987309999998615,-0.5509884999999031,-1.4617840000000797,-0.18797600000016246,-0.8248800000001211
2023-09-13 21:00:00,-0.28848500000003696,-0.9386200000003555,-0.6135525000001962,-0.8032479999997122,-0.29771600000003673,-0.5504819999998745,-1.4635360000002038,-0.18755899999996473,-0.8255475000000843
2023-09-13 21:15:00,-0.28906300000016927,-0.9387280000000828,-0.613895500000126,-0.8050010000001748,-0.3001360000002933,-0.552568500000234,-1.4641390000001593,-0.1895870000003015,-0.8268630000002304
2023-09-13 21:30:00,-0.28770299999996496,-0.9394360000001143,-0.6135695000000396,-0.7998739999998179,-0.29795899999999165,-0.5489164999999048,-1.458433000000241,-0.18742100000008577,-0.8229270000001634
2023-09-13 21:45:00,-0.2930260000002818,-0.9416590000000724,-0.6173425000001771,-0.7990959999997358,-0.2972799999997733,-0.5481879999997545,-1.4547560000000885,-0.18597300000010364,-0.8203645000000961
2023-09-13 22:00:00,-0.293025000000398,-0.9416580000001886,-0.6173415000002933,-0.7990959999997358,-0.2972799999997733,-0.5481879999997545,-1.455924999999752,-0.187141999999767,-0.8215334999997594
2023-09-13 23:30:00,-0.28945500000008906,-0.9367409999999836,-0.6130980000000363,-0.8016229999998359,-0.29756300000008196,-0.5495929999999589,-1.4613509999999224,-0.18972599999960948,-0.8255384999997659
2023-09-14 00:00:00,-0.28984300000001895,-0.9358190000002651,-0.612831000000142,-0.7976579999999558,-0.2943099999997685,-0.5459839999998621,-1.4562290000003486,-0.18666600000005928,-0.821447500000204
2023-09-14 00:30:00,-0.2904920000000857,-0.9360289999999623,-0.613260500000024,-0.7988580000001093,-0.2939089999999851,-0.5463835000000472,-1.4609129999998913,-0.18897299999980532,-0.8249429999998483
2023-09-14 00:45:00,-0.28913299999976516,-0.9367400000000998,-0.6129364999999325,-0.7995610000002671,-0.29756200000019817,-0.5485615000002326,-1.4552090000001954,-0.18680600000016057,-0.821007500000178
2023-09-14 01:00:00,-0.29088400000000547,-0.9376750000001266,-0.614279500000066,-0.7983919999996942,-0.2961499999996704,-0.5472709999996823,-1.4587080000001151,-0.19044400000029782,-0.8245760000002065
2023-09-14 01:15:00,-0.28731199999992896,-0.9383840000000419,-0.6128479999999854,-0.8003389999998944,-0.2963030000000799,-0.5483209999999872,-1.4606360000002496,-0.18652700000029654,-0.8235815000002731
2023-09-14 01:30:00,-0.290494000000308,-0.9418850000001839,-0.616189500000246,-0.8017769999996744,-0.29980299999988347,-0.550789999999779,-1.4609110000001237,-0.1900270000001001,-0.8254690000001119
2023-09-14 01:45:00,-0.2891340000001037,-0.9415520000002289,-0.6153430000001663,-0.7995620000001509,-0.29777000000012777,-0.5486660000001393,-1.4569580000002134,-0.1856940000002396,-0.8213260000002265
2023-09-14 02:30:00,-0.2895250000001397,-0.940262999999959,-0.6148940000000493,-0.7979250000003049,-0.2987860000002911,-0.548355500000298,-1.4547550000002047,-0.18903199999977005,-0.8218934999999874
2023-09-14 02:45:00,-0.29101500000024316,-0.9420110000000932,-0.6165130000001682,-0.7976450000001023,-0.2970359999999346,-0.5473405000000184,-1.4562150000001566,-0.1878710000000865,-0.8220430000001215
2023-09-14 03:15:00,-0.29315600000018094,-0.9469300000000658,-0.6200430000001234,-0.797179000000142,-0.29850400000032096,-0.5478415000002315,-1.454012000000148,-0.18703800000002957,-0.8205250000000888
2023-09-14 04:45:00,-0.29127599999992526,-0.9431950000002871,-0.6172355000001062,-0.7990960000001905,-0.2982609999999113,-0.5486785000000509,-1.4547539999998662,-0.18541700000014316,-0.8200855000000047
2023-09-14 05:00:00,-0.2908830000001217,-0.9449439999998503,-0.617913499999986,-0.7995610000002671,-0.2982600000000275,-0.5489105000001473,-1.4569580000002134,-0.18541700000014316,-0.8211875000001783
2023-09-14 05:15:00,-0.295165999999881,-0.9514930000000277,-0.6233294999999544,-0.7974600000002283,-0.29904400000032183,-0.5482520000002751,-1.4525499999999738,-0.18430699999998978,-0.8184284999999818
2023-09-14 05:30:00,-0.2899150000002919,-0.9472829999999703,-0.6185990000001311,-0.7968789999999899,-0.3012300000000323,-0.5490545000000111,-1.4496420000000398,-0.18531400000028952,-0.8174780000001647
2023-09-14 05:45:00,-0.29140899999993053,-0.9468120000001363,-0.6191105000000334,-0.7989290000000437,-0.30074100000001636,-0.54983500000003,-1.454012000000148,-0.18676300000015544,-0.8203875000001517
2023-09-14 06:30:00,-0.29127600000038,-0.9523210000002109,-0.6217985000002955,-0.797345999999834,-0.3004619999996976,-0.5489039999997658,-1.453005000000303,-0.18416700000034325,-0.8185860000003231
2023-09-14 06:45:00,-0.2920530000001236,-0.9510310000000572,-0.6215420000000904,-0.7978119999997944,-0.29797800000005736,-0.5478949999999259,-1.4587070000002313,-0.18633200000022043,-0.8225195000002259
2023-09-14 07:00:00,-0.28984600000012506,-0.9498640000001615,-0.6198550000001433,-0.7994069999999738,-0.3014779999998609,-0.5504424999999173,-1.45622800000001,-0.186333999999988,-0.821280999999999
2023-09-14 07:15:00,-0.289136000000326,-0.9515030000002298,-0.6203195000002779,-0.797802000000047,-0.3002140000003237,-0.5490080000001853,-1.4569570000003296,-0.18606700000009369,-0.8215120000002116
2023-09-14 07:45:00,-0.2912770000002638,-0.9523180000001048,-0.6217975000001843,-0.7990859999999884,-0.3022080000000642,-0.5506470000000263,-1.4530049999998482,-0.18418099999962578,-0.818592999999737
2023-09-14 08:00:00,-0.28699600000027203,-0.9523189999999886,-0.6196575000001303,-0.8000190000002476,-0.3022080000000642,-0.5511135000001559,-1.4574139999999716,-0.18418199999996432,-0.8207979999999679
2023-09-14 08:15:00,-0.2912770000002638,-0.950568000000203,-0.6209225000002334,-0.8008370000002287,-0.3022080000000642,-0.5515225000001465,-1.4559269999999742,-0.18535100000008242,-0.8206390000000283
2023-09-14 08:45:00,-0.2904960000000756,-0.9547780000002604,-0.622637000000168,-0.8017690000001494,-0.3011919999999009,-0.5514805000000251,-1.4603329999999914,-0.18318399999998292,-0.8217584999999872
2023-09-14 09:15:00,-0.28725800000029267,-0.9459970000002613,-0.616627500000277,-0.8014570000000276,-0.30282800000031784,-0.5521425000001727,-1.459440000000086,-0.1892320000001746,-0.8243360000001303
2023-09-14 09:30:00,-0.2866070000000036,-0.9498619999999391,-0.6182344999999714,-0.8022359999999935,-0.3014759999996386,-0.551855999999816,-1.4642880000001242,-0.18751799999972718,-0.8259029999999257
2023-09-14 10:00:00,-0.2915419999999358,-0.9498619999999391,-0.6207019999999375,-0.798776000000089,-0.3026460000000952,-0.5507110000000921,-1.4544399999999769,-0.1886770000000979,-0.8215585000000374
2023-09-14 10:15:00,-0.2866079999998874,-0.9496349999999438,-0.6181214999999156,-0.8034049999996569,-0.3001219999996465,-0.5517634999996517,-1.4654449999998178,-0.1846229999996467,-0.8250339999997323
2023-09-14 10:30:00,-0.28517599999986487,-0.9505699999999706,-0.6178729999999177,-0.8054669999996804,-0.3033780000000661,-0.5544224999998733,-1.466921999999613,-0.1865109999998822,-0.8267164999997476
2023-09-14 10:45:00,-0.2869250000003376,-0.9506740000001628,-0.6187995000002502,-0.8054660000002514,-0.30288800000016636,-0.5541770000002089,-1.4669199999998455,-0.18679000000020096,-0.8268550000000232
2023-09-14 11:00:00,-0.2926380000003519,-0.9475080000001981,-0.620073000000275,-0.8024740000000747,-0.3014220000000023,-0.5519480000000385,-1.4598790000000008,-0.18821299999990515,-0.824045999999953
2023-09-14 11:15:00,-0.29329000000007,-0.9482170000001133,-0.6207535000000917,-0.8022750000000087,-0.3039040000003297,-0.5530895000001692,-1.4532839999997123,-0.18604699999968943,-0.8196654999997008
2023-09-14 11:45:00,-0.2887479999999414,-0.9481110000001536,-0.6184295000000475,-0.8046899999999368,-0.30264500000021144,-0.5536675000000741,-1.462083999999777,-0.1857679999998254,-0.8239259999998012
2023-09-14 12:30:00,-0.2908879999999954,-0.9505699999999706,-0.620728999999983,-0.8024749999999585,-0.3016299999999319,-0.5520524999999452,-1.4581319999997504,-0.18360299999994822,-0.8208674999998493
2023-09-14 13:30:00,-0.2887470000000576,-0.955960000000232,-0.6223535000001448,-0.8017679999998109,-0.3012450000001081,-0.5515064999999595,-1.4603320000001077,-0.1813190000002578,-0.8208255000001827
2023-09-14 13:45:00,-0.28874699999960285,-0.9522119999996903,-0.6204794999996466,-0.803519999999935,-0.3026990000003025,-0.5531095000001187,-1.462083999999777,-0.18507299999964744,-0.8235784999997122
2023-09-14 14:15:00,-0.29652600000008533,-0.9473069999999097,-0.6219164999999975,-0.8008360000003449,-0.3172690000001239,-0.5590525000002344,-1.4594240000001264,-0.21962600000006205,-0.8395250000000942
2023-09-14 14:30:00,-0.29937599999993836,-0.9528629999999794,-0.6261194999999589,-0.7941559999999299,-0.3067630000000463,-0.5504594999999881,-1.445205999999871,-0.19722700000011173,-0.8212164999999914
2023-09-14 14:45:00,-0.305402999999842,-0.9541489999996884,-0.6297759999997652,-0.7932220000002417,-0.3045729999998912,-0.5488975000000664,-1.4407999999998538,-0.193887999999788,-0.8173439999998209
2023-09-14 15:00:00,-0.3144250000000284,-0.9420689999997194,-0.6282469999998739,-0.7961810000001606,-0.30979500000012195,-0.5529880000001413,-1.4368039999999382,-0.20773099999996703,-0.8222674999999526
2023-09-14 15:15:00,-0.302871999999752,-0.9374750000001768,-0.6201734999999644,-0.8005729999999858,-0.2919879999999466,-0.5462804999999662,-1.4510450000002493,-0.18033599999989747,-0.8156905000000734
2023-09-14 15:30:00,-0.30968299999994997,-0.9255089999996926,-0.6175959999998213,-0.7966089999999895,-0.28394200000002456,-0.540275500000007,-1.4488409999999021,-0.18384500000001935,-0.8163429999999607
2023-09-14 15:45:00,-0.31182300000000396,-0.9109609999995882,-0.6113919999997961,-0.8013900000000831,-0.290168999999878,-0.5457794999999805,-1.4495469999997113,-0.19808599999987564,-0.8238164999997935
2023-09-14 16:00:00,-0.3195469999996021,-0.9076349999995728,-0.6135909999995874,-0.8015749999999571,-0.3018029999998362,-0.5516889999998966,-1.443941999999879,-0.2189290000001165,-0.8314354999999978
2023-09-14 16:15:00,-0.3113000000003012,-0.9010700000003453,-0.6061850000003233,-0.8054990000000544,-0.2998430000002372,-0.5526710000001458,-1.4588880000001154,-0.2229499999998552,-0.8409189999999853
2023-09-14 16:30:00,-0.3111129999997502,-0.8962939999996706,-0.6037034999997104,-0.805033000000094,-0.2962430000002314,-0.5506380000001627,-1.4566940000004251,-0.21859100000028775,-0.8376425000003564
2023-09-14 16:45:00,-0.31247199999961595,-0.8905609999997068,-0.6015164999996614,-0.8066690000000563,-0.29220400000031077,-0.5494365000001835,-1.4600570000002335,-0.21722300000010364,-0.8386400000001686
2023-09-14 17:00:00,-0.31811100000004444,-0.8912749999999505,-0.6046929999999975,-0.809704000000238,-0.2883250000004409,-0.5490145000003395,-1.4596059999998943,-0.20853200000010474,-0.8340689999999995
2023-09-14 17:15:00,-0.3161000000000058,-0.8877729999999247,-0.6019364999999652,-0.8082650000001195,-0.28365500000018073,-0.5459600000001501,-1.4610890000003565,-0.2056220000004032,-0.8333555000003798
2023-09-14 17:30:00,-0.3139609999998356,-0.8823889999998755,-0.5981749999998556,-0.8116509999999835,-0.2857819999999265,-0.548716499999955,-1.465041999999812,-0.20964199999980337,-0.8373419999998077
2023-09-14 17:45:00,-0.3186209999998937,-0.8858869999999115,-0.6022539999999026,-0.8151510000002418,-0.28812199999993027,-0.551636500000086,-1.4662010000001828,-0.2096430000001419,-0.8379220000001624
2023-09-14 18:00:00,-0.3156979999998839,-0.886927999999898,-0.601312999999891,-0.8194680000001426,-0.2903080000000955,-0.5548880000001191,-1.4757309999999961,-0.21297900000035952,-0.8443550000001778
2023-09-14 18:15:00,-0.3123880000002828,-0.8845770000002631,-0.5984825000002729,-0.8158469999998488,-0.28791599999976825,-0.5518814999998085,-1.4785180000003493,-0.21717500000022483,-0.847846500000287
2023-09-14 18:45:00,-0.305967000000237,-0.8846770000000106,-0.5953220000001238,-0.817243999999846,-0.29203800000004776,-0.5546409999999469,-1.48337999999967,-0.22222799999963172,-0.8528039999996508
2023-09-14 19:00:00,-0.30318899999974747,-0.8841969999998582,-0.5936929999998029,-0.8147570000000997,-0.29674800000020696,-0.5557525000001533,-1.4808869999997114,-0.23019999999996799,-0.8555434999998397
2023-09-14 19:15:00,-0.29916899999989255,-0.8849059999997735,-0.592037499999833,-0.8142080000002352,-0.2957320000000436,-0.5549700000001394,-1.4809000000000196,-0.2262829999999667,-0.8535914999999932
2023-09-14 19:30:00,-0.29858799999965413,-0.8853669999998601,-0.5919774999997571,-0.8124589999997625,-0.29674900000009075,-0.5546039999999266,-1.4809019999997872,-0.23019999999996799,-0.8555509999998776
2023-09-14 20:00:00,-0.2949569999996129,-0.8878059999997276,-0.5913814999996703,-0.8114559999999074,-0.30209000000013475,-0.5567730000000211,-1.476984999999786,-0.2328099999999722,-0.8548974999998791
2023-09-14 20:15:00,-0.2952749999999469,-0.8937630000000354,-0.5945189999999911,-0.8088459999999031,-0.3016539999998713,-0.5552499999998872,-1.4784559999998237,-0.23414400000001478,-0.8562999999999192
2023-09-14 20:30:00,-0.2911269999999604,-0.8948389999995925,-0.5929829999997764,-0.8102030000000013,-0.2998680000000604,-0.5550355000000309,-1.4832820000001448,-0.23025000000006912,-0.8567660000001069
2023-09-14 20:45:00,-0.290997999999945,-0.8965909999997166,-0.5937944999998308,-0.8109370000001945,-0.301618999999846,-0.5562780000000203,-1.4828429999997752,-0.2302509999999529,-0.8565469999998641
2023-09-14 21:00:00,-0.28755699999965145,-0.8961179999996602,-0.5918374999996558,-0.8127300000001014,-0.3040489999998499,-0.5583894999999757,-1.4857990000000427,-0.23228900000003705,-0.8590440000000399
2023-09-14 21:15:00,-0.2872379999998884,-0.8968059999997422,-0.5920219999998153,-0.8124189999998634,-0.30763900000010835,-0.5600289999999859,-1.4825770000002194,-0.23489999999992506,-0.8587385000000722
2023-09-14 21:30:00,-0.2872379999998884,-0.8968999999997322,-0.5920689999998103,-0.8106689999999617,-0.31001500000002125,-0.5603419999999915,-1.4825759999998809,-0.2417120000000068,-0.8621439999999438
2023-09-14 21:45:00,-0.28684500000008484,-0.9010010000001785,-0.5939230000001317,-0.8082159999999021,-0.3065699999997378,-0.55739299999982,-1.4847810000001118,-0.23926699999992707,-0.8620240000000194
2023-09-14 22:15:00,-0.2858169999999518,-0.9052659999997559,-0.5955414999998538,-0.8109809999996287,-0.30513399999972535,-0.558057499999677,-1.4857990000000427,-0.22975499999984095,-0.8577769999999418
2023-09-14 22:30:00,-0.2875669999998536,-0.9058359999999084,-0.596701499999881,-0.8127309999999852,-0.3085799999998926,-0.5606554999999389,-1.4858030000000326,-0.23337099999980637,-0.8595869999999195
2023-09-14 22:45:00,-0.28542499999957727,-0.9064009999997324,-0.5959129999996549,-0.8149450000000797,-0.31377500000007785,-0.5643600000000788,-1.489172999999937,-0.2399040000000241,-0.8645384999999806
2023-09-14 23:00:00,-0.28114499999992404,-0.9068549999997231,-0.5939999999998236,-0.8123799999998482,-0.31245499999977255,-0.5624174999998104,-1.4924129999999423,-0.24206299999968905,-0.8672379999998157
2023-09-14 23:15:00,-0.283284999999978,-0.9054379999997764,-0.5943614999998772,-0.8136629999999059,-0.316237000000001,-0.5649499999999534,-1.4902090000000499,-0.24639600000000428,-0.8683025000000271
2023-09-14 23:30:00,-0.28354799999988245,-0.9042570000001433,-0.5939025000000129,-0.8139320000000225,-0.31968400000005204,-0.5668080000000373,-1.4858170000002247,-0.24826500000017404,-0.8670410000001993
2023-09-14 23:45:00,-0.2801039999999375,-0.9010889999999563,-0.5905964999999469,-0.8093170000001919,-0.3153090000000702,-0.5623130000001311,-1.4899329999998372,-0.252596999999696,-0.8712649999997666
2023-09-15 00:00:00,-0.28036699999984194,-0.9051939999999377,-0.5927804999998898,-0.8107449999997698,-0.3194429999998647,-0.5650939999998172,-1.48729000000003,-0.25190299999985655,-0.8695964999999433
2023-09-15 00:15:00,-0.2817979999999807,-0.9028399999997418,-0.5923189999998613,-0.8121820000001208,-0.32171699999980774,-0.5669494999999642,-1.4840669999998681,-0.2525980000000345,-0.8683324999999513
2023-09-15 00:30:00,-0.2760880000000725,-0.9016599999999926,-0.5888740000000325,-0.8116770000001452,-0.32166700000016135,-0.5666720000001533,-1.4916980000002695,-0.25796500000024025,-0.8748315000002549
2023-09-15 00:45:00,-0.27822699999978795,-0.909541999999874,-0.593884499999831,-0.8077109999999266,-0.31396399999994173,-0.5608374999999342,-1.4859940000001188,-0.24220500000001266,-0.8640995000000657
2023-09-15 01:00:00,-0.2747260000001006,-0.9109590000002754,-0.592842500000188,-0.8077109999999266,-0.3154300000001058,-0.5615705000000162,-1.4848250000000007,-0.24020100000007005,-0.8625130000000354
2023-09-15 01:15:00,-0.27258800000026895,-0.9099200000000565,-0.5912540000001627,-0.8087680000003274,-0.3132550000000265,-0.561011500000177,-1.4887779999999111,-0.23803499999985434,-0.8634064999998827
2023-09-15 01:30:00,-0.2764780000002247,-0.910961000000043,-0.5937195000001338,-0.8094610000002831,-0.3154309999999896,-0.5624460000001363,-1.4865740000000187,-0.24020199999995384,-0.8633879999999863
2023-09-15 01:45:00,-0.2796570000000429,-0.9157689999997274,-0.5977129999998851,-0.8091489999997066,-0.3138859999999113,-0.5615174999998089,-1.4862699999998767,-0.2367580000000089,-0.8615139999999428
2023-09-15 02:45:00,-0.27329699999972945,-0.918688999999631,-0.5959929999996803,-0.806282999999894,-0.31394799999998213,-0.560115499999938,-1.4874669999999242,-0.23664699999972072,-0.8620569999998224
2023-09-15 03:15:00,-0.2697969999999259,-0.918818999999985,-0.5943079999999554,-0.8045329999999922,-0.31410200000027544,-0.5593175000001338,-1.4863060000002406,-0.23624000000017986,-0.8612730000002102
2023-09-15 03:30:00,-0.2708389999997962,-0.9163610000000517,-0.593599999999924,-0.8081879999999728,-0.3151189999998678,-0.5616534999999203,-1.4887880000001132,-0.23665800000026138,-0.8627230000001873
2023-09-15 04:00:00,-0.2725879999998142,-0.9229209999998602,-0.5977544999998372,-0.808187000000089,-0.31532400000014604,-0.5617555000001175,-1.4870380000002115,-0.23204500000019834,-0.8595415000002049
2023-09-15 04:15:00,-0.27084000000013475,-0.9216459999997824,-0.5962429999999586,-0.8070189999998547,-0.3134760000002643,-0.5602475000000595,-1.488788999999997,-0.2323460000002342,-0.8605675000001156
2023-09-15 05:00:00,-0.26875699999982317,-0.9283109999996668,-0.598533999999745,-0.8104339999999866,-0.3161119999999755,-0.563272999999981,-1.4933359999999993,-0.22976400000015929,-0.8615500000000793
2023-09-15 05:15:00,-0.272979999999734,-0.9265629999999874,-0.5997714999998607,-0.8065529999998944,-0.3149429999998574,-0.5607479999998759,-1.4848360000000866,-0.22976500000004307,-0.8573005000000649
2023-09-15 05:30:00,-0.27446999999983746,-0.9324000000001433,-0.6034349999999904,-0.8091920000001664,-0.31733299999996234,-0.5632625000000644,-1.4862870000001749,-0.22790200000008554,-0.8570945000001302
2023-09-15 05:45:00,-0.2743390000000545,-0.9316920000001119,-0.6030155000000832,-0.8099390000002131,-0.31834900000012567,-0.5641440000001694,-1.4887899999998808,-0.23123900000018693,-0.8600145000000339
2023-09-15 06:00:00,-0.26901799999996,-0.9271309999999175,-0.5980744999999388,-0.8107159999999567,-0.3195600000003651,-0.5651380000001609,-1.492464999999811,-0.23512999999957174,-0.8637974999996914
2023-09-15 06:15:00,-0.27290899999979956,-0.9318140000000312,-0.6023614999999154,-0.8102499999999964,-0.3196140000000014,-0.5649319999999989,-1.488514000000123,-0.23151700000016717,-0.860015500000145
2023-09-15 06:30:00,-0.2732989999999518,-0.9307720000001609,-0.6020355000000563,-0.8080339999996795,-0.31684699999959776,-0.5624404999996386,-1.4892180000001645,-0.23225700000011784,-0.8607375000001412
2023-09-15 06:45:00,-0.27141900000015085,-0.9314789999998538,-0.6014490000000023,-0.8052689999999529,-0.31407999999964886,-0.5596744999998009,-1.4870289999998931,-0.22834000000011656,-0.8576845000000048
2023-09-15 07:15:00,-0.27084000000013475,-0.9301909999999225,-0.6005155000000286,-0.8081790000001092,-0.31800699999985227,-0.5630929999999807,-1.4870300000002317,-0.23050899999998364,-0.8587695000001077
2023-09-15 07:30:00,-0.27084100000001854,-0.9326500000001943,-0.6017455000001064,-0.8064290000002075,-0.3169910000001437,-0.5617100000001756,-1.4864480000001095,-0.22951300000022457,-0.857980500000167
2023-09-15 07:45:00,-0.2725909999999203,-0.9328930000001492,-0.6027420000000347,-0.8064300000000912,-0.31204299999990326,-0.5592364999999972,-1.4881980000000112,-0.22402000000010958,-0.8561090000000604
2023-09-15 08:00:00,-0.2707120000000032,-0.9379509999998845,-0.6043314999999438,-0.8054139999999279,-0.30904800000007526,-0.5572310000000016,-1.4860090000001946,-0.21390500000006796,-0.8499570000001313
2023-09-15 08:15:00,-0.2771339999999327,-0.9417280000002393,-0.609431000000086,-0.8057650000000649,-0.3053760000002512,-0.5555705000001581,-1.4811479999998483,-0.2041020000001481,-0.8426249999999982
2023-09-15 08:30:00,-0.27324399999997695,-0.9411600000003091,-0.607202000000143,-0.8044820000000072,-0.30193099999996775,-0.5532064999999875,-1.4816020000002936,-0.19873899999993228,-0.840170500000113
2023-09-15 08:45:00,-0.2689620000001014,-0.9446940000002542,-0.6068280000001778,-0.8071650000001682,-0.3014579999999114,-0.5543115000000398,-1.4877620000002025,-0.19442799999978888,-0.8410949999999957
2023-09-15 09:00:00,-0.27285399999982474,-0.9459790000000794,-0.6094164999999521,-0.8084490000001097,-0.3010269999999764,-0.554738000000043,-1.4838070000000698,-0.18935300000021016,-0.83658000000014
2023-09-15 09:15:00,-0.27142300000014075,-0.9581199999997807,-0.6147714999999607,-0.8087609999997767,-0.28786200000013196,-0.5483114999999543,-1.4881990000003498,-0.16223800000034316,-0.8252185000003465
2023-09-15 09:30:00,-0.27356300000019473,-0.9581189999998969,-0.6158410000000458,-0.8030459999999948,-0.2826140000001942,-0.5428300000000945,-1.4842470000003232,-0.16049000000020897,-0.8223685000002661
2023-09-15 09:45:00,-0.2735649999999623,-0.94858000000022,-0.6110725000000912,-0.8065450000003693,-0.29554800000005343,-0.5510465000002114,-1.4830769999998665,-0.1814049999998133,-0.8322409999998399
2023-09-15 10:00:00,-0.2716830000003938,-0.953773000000183,-0.6127280000002884,-0.8067130000003999,-0.28926400000000285,-0.5479885000002014,-1.4838310000000092,-0.16668899999967834,-0.8252599999998438
2023-09-15 10:15:00,-0.27168399999982284,-0.9562309999996614,-0.6139574999997421,-0.805543000000398,-0.28882900000007794,-0.547186000000238,-1.4855800000000272,-0.16802400000005946,-0.8268020000000433
2023-09-15 10:30:00,-0.27284400000007736,-0.9509219999999914,-0.6118830000000344,-0.8084620000004179,-0.29677200000014636,-0.5526170000002821,-1.4855800000000272,-0.18070999999963533,-0.8331449999998313
2023-09-15 10:45:00,-0.2707020000002558,-0.9514890000000378,-0.6110955000001468,-0.8106779999998253,-0.30196799999976065,-0.556322999999793,-1.4877839999999196,-0.18607699999984106,-0.8369304999998803
2023-09-15 11:00:00,-0.27427399999987756,-0.9478480000002492,-0.6110610000000634,-0.8081499999998414,-0.30118099999981496,-0.5546654999998282,-1.4823569999998654,-0.1883589999997639,-0.8353579999998146
2023-09-15 11:15:00,-0.27498300000024756,-0.9525300000000243,-0.6137565000001359,-0.8097460000003593,-0.3047350000001643,-0.5572405000002618,-1.4833749999997963,-0.18999200000007477,-0.8366834999999355
2023-09-15 11:30:00,-0.27245399999992514,-0.9525309999999081,-0.6124924999999166,-0.81067800000028,-0.3029860000001463,-0.5568320000002132,-1.49244200000021,-0.19290200000023106,-0.8426720000002206
2023-09-15 12:15:00,-0.27142500000036307,-0.9537230000000818,-0.6125740000002224,-0.8099299999998948,-0.3024579999996604,-0.5561939999997776,-1.4899490000002515,-0.18929700000035155,-0.8396230000003015
2023-09-15 12:45:00,-0.2728550000001633,-0.9530140000001666,-0.6129345000001649,-0.8067000000000917,-0.3005560000001424,-0.553628000000117,-1.4884750000001077,-0.19146300000011252,-0.8399690000001101
2023-09-15 13:00:00,-0.27324799999996685,-0.9532490000001417,-0.6132485000000543,-0.8079830000001493,-0.30371900000000096,-0.5558510000000751,-1.4845220000001973,-0.19074700000010125,-0.8376345000001493
2023-09-15 13:15:00,-0.26870499999995445,-0.9555880000002617,-0.6121465000001081,-0.8068980000002739,-0.2996889999999439,-0.5532935000001089,-1.4904050000000097,-0.18713400000024194,-0.8387695000001258
2023-09-15 13:30:00,-0.26967599999989034,-0.9555920000002516,-0.612634000000071,-0.8070220000004156,-0.30144400000017413,-0.5542330000002949,-1.4870310000001155,-0.1871219999998175,-0.8370764999999665
2023-09-15 13:45:00,-0.2722079999998641,-0.9560630000000856,-0.6141354999999749,-0.8060910000003787,-0.302520000000186,-0.5543055000002823,-1.4843740000001162,-0.18918500000017957,-0.8367795000001479
2023-09-15 14:00:00,-0.27220800000031886,-0.9559560000002421,-0.6140820000002805,-0.806090999999924,-0.3012599999997292,-0.5536754999998266,-1.4843740000001162,-0.18715700000029756,-0.8357655000002069
2023-09-15 14:30:00,-0.27006699999992634,-0.9584150000000591,-0.6142409999999927,-0.8065560000000005,-0.3019930000000386,-0.5542745000000195,-1.484827000000223,-0.18499000000019805,-0.8349085000002106
2023-09-15 14:45:00,-0.27019700000028024,-0.9561950000002071,-0.6131960000002437,-0.8040719999999055,-0.29916800000000876,-0.5516199999999571,-1.4841070000002219,-0.1852670000002945,-0.8346870000002582
2023-09-15 15:00:00,-0.2701990000000478,-0.9530290000002424,-0.6116140000001451,-0.8058229999996911,-0.30120199999964825,-0.5535124999996697,-1.4852660000001379,-0.1890120000002753,-0.8371390000002066
2023-09-15 15:15:00,-0.27220900000020265,-0.9543120000003,-0.6132605000002513,-0.8060900000000402,-0.30076999999982945,-0.5534299999999348,-1.4843719999998939,-0.18743700000004537,-0.8359044999999696
2023-09-15 15:45:00,-0.27181800000016665,-0.9578110000002198,-0.6148145000001932,-0.8059659999998985,-0.30193000000008396,-0.5539479999999912,-1.4859959999998864,-0.18860700000004726,-0.8373014999999668
2023-09-15 16:00:00,-0.2699390000002495,-0.9519599999998718,-0.6109495000000607,-0.8067009999999755,-0.30070700000032957,-0.5537040000001525,-1.4873059999999896,-0.18930200000022523,-0.8383040000001074
2023-09-15 16:15:00,-0.2739579999997659,-0.953708000000006,-0.6138329999998859,-0.8025910000001204,-0.2977970000001733,-0.5501940000001468,-1.4867110000000139,-0.1922210000002451,-0.8394660000001295
2023-09-15 16:30:00,-0.2761719999998604,-0.9424850000000333,-0.6093284999999469,-0.79959800000006,-0.2957849999997961,-0.547691499999928,-1.476741999999831,-0.19284400000015012,-0.8347929999999906
2023-09-15 16:45:00,-0.2775280000000748,-0.9304010000000744,-0.6039645000000746,-0.8053119999999581,-0.2963849999996455,-0.5508484999998018,-1.481865000000198,-0.19840400000020963,-0.8401345000002038
2023-09-15 17:00:00,-0.27617200000031517,-0.9137949999999364,-0.5949835000001258,-0.8030969999999797,-0.29072599999972226,-0.546911499999851,-1.4784920000001875,-0.19945800000004965,-0.8389750000001186
2023-09-15 17:15:00,-0.2743479999999181,-0.8990410000001248,-0.5866945000000214,-0.8056239999996251,-0.2863249999995787,-0.5459744999996019,-1.4821680000000015,-0.20020800000020245,-0.841188000000102
2023-09-15 17:45:00,-0.27363900000000285,-0.8883860000000823,-0.5810125000000426,-0.8028590000003533,-0.2802340000002914,-0.5415465000003223,-1.4828980000002048,-0.20202500000004875,-0.8424615000001268
2023-09-15 18:00:00,-0.27434900000025664,-0.8867470000000139,-0.5805480000001353,-0.8038740000001781,-0.28090800000018135,-0.5423910000001797,-1.4833370000001196,-0.20346199999994496,-0.8433995000000323
2023-09-15 18:15:00,-0.27460900000005495,-0.8914260000001377,-0.5830175000000963,-0.7988940000000184,-0.2792190000000119,-0.5390565000000151,-1.4789449999998396,-0.20160799999985102,-0.8402764999998453
2023-09-15 18:30:00,-0.2718890000001011,-0.8933040000001711,-0.5825965000001361,-0.8022689999997965,-0.28286100000013903,-0.5425649999999678,-1.4805679999999484,-0.20061200000009194,-0.8405900000000202
2023-09-15 18:45:00,-0.2709780000000137,-0.8944860000001427,-0.5827320000000782,-0.7990500000000793,-0.28058499999997366,-0.5398175000000265,-1.4796980000000985,-0.19991699999991397,-0.8398075000000063
2023-09-15 19:00:00,-0.2700680000002649,-0.8952930000000379,-0.5826805000001514,-0.8030459999999948,-0.2825190000003204,-0.5427825000001576,-1.4877449999999044,-0.20338300000003073,-0.8455639999999676
2023-09-15 19:15:00,-0.27323500000011336,-0.9018380000002253,-0.5875365000001693,-0.8027470000001813,-0.2827310000002399,-0.5427390000002106,-1.4874530000001869,-0.2016910000002099,-0.8445720000001984
2023-09-15 19:30:00,-0.27136700000028213,-0.8998660000002019,-0.585616500000242,-0.8034820000002583,-0.2830690000000686,-0.5432755000001634,-1.4870139999998173,-0.20066099999985454,-0.8438374999998359
2023-09-15 19:45:00,-0.2699370000000272,-0.9052560000000085,-0.5875965000000178,-0.80379400000038,-0.28385700000035285,-0.5438255000003664,-1.4902360000000954,-0.20012899999983347,-0.8451824999999644
2023-09-15 20:00:00,-0.2705879999998615,-0.9077159999997093,-0.5891519999997854,-0.8012659999999414,-0.28575999999975465,-0.543512999999848,-1.4818900000000212,-0.1979620000001887,-0.839926000000105
2023-09-15 20:15:00,-0.26746700000012424,-0.9046659999999065,-0.5860665000000154,-0.8021990000002006,-0.2832769999999982,-0.5427380000000994,-1.4892180000001645,-0.19954899999993359,-0.844383500000049
2023-09-15 20:30:00,-0.2696059999998397,-0.9134359999998196,-0.5915209999998297,-0.8017309999995632,-0.28629899999987174,-0.5440149999997175,-1.4852630000000318,-0.1969899999999143,-0.841126499999973
2023-09-15 20:45:00,-0.2677969999999732,-0.9158940000002076,-0.5918455000000904,-0.8054249999995591,-0.2882019999997283,-0.5468134999996437,-1.4918470000002344,-0.1977430000001732,-0.8447950000002038
2023-09-15 21:00:00,-0.26961800000026415,-0.916356000000178,-0.5929870000002211,-0.8017290000002504,-0.28922000000011394,-0.5454745000001822,-1.485251000000062,-0.1999110000001565,-0.8425810000001093
2023-09-15 21:15:00,-0.2692289999999957,-0.9219820000002983,-0.595605500000147,-0.8039450000001125,-0.28967099999999846,-0.5468080000000555,-1.4909529999999904,-0.19866099999990183,-0.8448069999999461
2023-09-15 21:30:00,-0.2701999999999316,-0.9224570000001222,-0.5963285000000269,-0.8005600000001323,-0.28724200000033306,-0.5439010000002327,-1.4869990000001962,-0.19663200000013603,-0.8418155000001661
2023-09-15 21:45:00,-0.26591999999982363,-0.9229260000001887,-0.5944230000000061,-0.804410000000189,-0.28948700000000827,-0.5469485000000986,-1.491406999999981,-0.1951970000000074,-0.8433019999999942
2023-09-15 22:00:00,-0.2692299999998795,-0.9258479999998599,-0.5975389999998697,-0.8039459999999963,-0.2912370000003648,-0.5475915000001805,-1.4892060000001948,-0.19694699999990917,-0.843076500000052
2023-09-15 22:15:00,-0.26708899999994173,-0.9240950000003068,-0.5955920000001242,-0.8061589999997523,-0.2912359999995715,-0.5486974999996619,-1.494314999999915,-0.19810499999994136,-0.8462099999999282
2023-09-15 22:30:00,-0.26494899999988775,-0.9290129999999408,-0.5969809999999143,-0.8066249999997126,-0.29270299999961935,-0.549663999999666,-1.4965179999999236,-0.19727100000000064,-0.8468944999999621
2023-09-15 22:45:00,-0.26747900000009395,-0.9260840000001735,-0.5967815000001337,-0.8010250000002088,-0.2897240000002057,-0.5453745000002073,-1.4874530000001869,-0.1962149999999383,-0.8418340000000626
2023-09-15 23:00:00,-0.26708700000017416,-0.928541000000223,-0.5978140000001986,-0.804410000000189,-0.29162700000006225,-0.5480185000001256,-1.4931550000001153,-0.1975470000002133,-0.8453510000001643
2023-09-16 00:45:00,-0.27161999999998443,-0.9314759999997477,-0.6015479999998661,-0.8031700000001365,-0.29285200000003897,-0.5480110000000877,-1.4855379999999059,-0.19510399999990113,-0.8403209999999035
2023-09-16 01:00:00,-0.26670199999989563,-0.9321850000001177,-0.5994435000000067,-0.8017279999999118,-0.2935839999995551,-0.5476559999997335,-1.485247999999956,-0.19468800000004194,-0.8399679999999989
2023-09-16 01:15:00,-0.2705909999999676,-0.9380230000001575,-0.6043070000000625,-0.8000930000002882,-0.29363499999999476,-0.5468640000001415,-1.4830449999999473,-0.1939950000000863,-0.8385200000000168
2023-09-16 01:30:00,-0.26670199999989563,-0.9379170000001977,-0.6023095000000467,-0.8034780000002684,-0.2970450000002529,-0.5502615000002606,-1.483498999999938,-0.19196700000020428,-0.8377330000000711
2023-09-16 01:45:00,-0.2709810000001198,-0.938021999999819,-0.6045014999999694,-0.7990459999996347,-0.29480499999999665,-0.5469254999998157,-1.4773420000001352,-0.1922460000000683,-0.8347940000001017
2023-09-16 02:00:00,-0.2720119999999042,-0.9384850000001279,-0.6052485000000161,-0.7997840000002725,-0.2958230000003823,-0.5478035000003274,-1.47983400000021,-0.1955840000000535,-0.8377090000001317
2023-09-16 02:15:00,-0.2705919999998514,-0.9416519999999764,-0.6061219999999139,-0.80126300000029,-0.29670900000019174,-0.5489860000002409,-1.4812959999999293,-0.193000000000211,-0.8371480000000702
2023-09-16 02:30:00,-0.2717600000000857,-0.9403609999999389,-0.6060605000000123,-0.8000919999999496,-0.29480499999999665,-0.5474484999999731,-1.4842039999998633,-0.19632499999988795,-0.8402644999998756
2023-09-16 02:45:00,-0.2725270000000819,-0.945278000000144,-0.6089025000001129,-0.8034800000000359,-0.2962720000000445,-0.5498760000000402,-1.488180000000284,-0.19433200000003126,-0.8412560000001577
2023-09-16 03:00:00,-0.269608000000062,-0.9432940000001508,-0.6064510000001064,-0.8017299999996794,-0.29602899999963483,-0.5488794999996571,-1.4864300000003823,-0.19447000000036496,-0.8404500000003736
2023-09-16 03:15:00,-0.269999000000098,-0.9420180000001892,-0.6060085000001436,-0.8012639999997191,-0.2953489999999874,-0.5483064999998533,-1.4830580000002556,-0.1918519999999262,-0.8374550000000909
2023-09-16 03:30:00,-0.27161800000021685,-0.9438730000001669,-0.6077455000001919,-0.8019990000002508,-0.29660899999998946,-0.5493040000001201,-1.485537000000022,-0.19505000000026484,-0.8402935000001435
2023-09-16 04:00:00,-0.2721400000000358,-0.943768000000091,-0.6079540000000634,-0.8025480000001153,-0.2988490000002457,-0.5506985000001805,-1.4808530000000246,-0.19360199999982797,-0.8372274999999263
2023-09-16 04:45:00,-0.27563999999983935,-0.9504360000000815,-0.6130379999999604,-0.8025500000003376,-0.29856599999993705,-0.5505580000001373,-1.4820250000002488,-0.1921900000002097,-0.8371075000002293
2023-09-16 06:00:00,-0.2777209999999286,-0.9516060000000834,-0.614663500000006,-0.7985539999999673,-0.2997370000002775,-0.5491455000001224,-1.475716999999804,-0.19509999999991123,-0.8354084999998577
2023-09-16 06:15:00,-0.2763030000000981,-0.9527829999997266,-0.6145429999999124,-0.7971120000001974,-0.29629700000032244,-0.5467045000002599,-1.4754259999999704,-0.18974699999989753,-0.832586499999934
2023-09-16 06:30:00,-0.2759120000000621,-0.9479729999998199,-0.611942499999941,-0.8028269999999793,-0.2995890000001964,-0.5512080000000878,-1.4793809999996483,-0.1926100000000588,-0.8359954999998536
2023-09-16 06:45:00,-0.2792210000002342,-0.9540579999998045,-0.6166395000000193,-0.798862999999983,-0.2975570000003245,-0.5482100000001537,-1.4783469999997578,-0.19294600000011997,-0.8356464999999389
2023-09-16 07:00:00,-0.2755219999999099,-0.9533630000000812,-0.6144424999999956,-0.8032939999998234,-0.29862699999966935,-0.5509604999997464,-1.4845040000000154,-0.19149800000013784,-0.8380010000000766
2023-09-16 07:15:00,-0.2759120000000621,-0.9484459999998762,-0.6121789999999692,-0.8022380000002158,-0.29832000000033077,-0.5502790000002733,-1.482300000000123,-0.19408100000009654,-0.8381905000001098
2023-09-16 07:30:00,-0.2770810000001802,-0.9569900000001326,-0.6170355000001564,-0.802237000000332,-0.3005190000003495,-0.5513780000003408,-1.4805500000002212,-0.1910809999999401,-0.8358155000000806
2023-09-16 08:00:00,-0.27695300000004863,-0.9569930000002387,-0.6169730000001437,-0.8029719999999543,-0.30052000000023327,-0.5517460000000938,,-0.1910809999999401,-0.1910809999999401
2023-09-16 08:30:00,-0.2759839999998803,-0.9559520000002522,-0.6159680000000662,-0.7985410000001139,-0.29950400000006994,-0.5490225000000919,-1.4739549999999326,-0.18891500000017913,-0.8314350000000559
2023-09-16 08:45:00,-0.27559500000006665,-0.9577020000001539,-0.6166485000001103,-0.8007560000000922,-0.3012539999999717,-0.5510050000000319,-1.4761579999999412,-0.1889169999999467,-0.832537499999944
2023-09-16 09:00:00,-0.2794859999999062,-0.9553500000001804,-0.6174180000000433,-0.8002910000000156,-0.3000320000001011,-0.5501615000000584,-1.4768749999998363,-0.19253200000002835,-0.8347034999999323
2023-09-16 09:15:00,-0.2781139999997322,-0.9603759999999966,-0.6192449999998644,-0.8023929999999382,-0.3010119999999006,-0.5517024999999194,-1.4824399999997695,-0.19196400000009817,-0.8372019999999338
2023-09-16 09:30:00,-0.27662699999973484,-0.9586289999997462,-0.6176279999997405,-0.8026629999999386,-0.3027640000000247,-0.5527134999999817,-1.479797999999846,-0.19196499999998196,-0.835881499999914
2023-09-16 09:45:00,-0.2779990000003636,-0.9589920000003076,-0.6184955000003356,-0.7999810000001162,-0.3019899999999325,-0.5509855000000243,-1.4736400000001595,-0.1896600000000035,-0.8316500000000815
2023-09-16 10:00:00,-0.27733600000010483,-0.9594440000000759,-0.6183900000000904,-0.8007579999998597,-0.3012569999996231,-0.5510074999997414,-1.4790680000000975,-0.191827000000103,-0.8354475000001003
2023-09-16 10:15:00,-0.27973800000017945,-0.9589930000001914,-0.6193655000001854,-0.7988239999999678,-0.2990810000001147,-0.5489525000000413,-1.4754140000000007,-0.1896710000000894,-0.832542500000045
2023-09-16 10:30:00,-0.27908800000022893,-0.9600340000001779,-0.6195610000002034,-0.8025079999997615,-0.3018469999997251,-0.5521774999997433,-1.4790680000000975,-0.19066800000018702,-0.8348680000001423
2023-09-16 11:15:00,-0.28090900000006513,-0.9589700000001358,-0.6199395000001005,-0.8017299999996794,-0.3036859999997432,-0.5527079999997113,-1.4736410000000433,-0.19152699999995093,-0.8325839999999971
2023-09-16 11:30:00,-0.2758590000003096,-0.9543109999999615,-0.6150850000001356,-0.8056940000001305,-0.30543500000021595,-0.5555645000001732,-1.4781830000001719,-0.19211600000016915,-0.8351495000001705
2023-09-16 11:45:00,-0.2772180000001754,-0.957810000000336,-0.6175140000002557,-0.8061609999999746,-0.30543600000009974,-0.5557985000000372,-1.4786380000000463,-0.19036700000015117,-0.8345025000000987
2023-09-16 12:00:00,-0.2772180000001754,-0.9589800000003379,-0.6180990000002566,-0.8061630000001969,-0.30660600000010163,-0.5563845000001493,-1.4803900000001704,-0.19328700000005483,-0.8368385000001126
2023-09-16 12:30:00,-0.27559800000017276,-0.9608710000002247,-0.6182345000001988,-0.8054280000001199,-0.30564300000014555,-0.5555355000001327,-1.4790800000000672,-0.189256000000114,-0.8341680000000906
2023-09-16 12:45:00,-0.27559700000028897,-0.9601620000003095,-0.6178795000002992,-0.8019290000002002,-0.3031610000002729,-0.5525450000002365,-1.4790790000001834,-0.19142099999999118,-0.8352500000000873
2023-09-16 13:00:00,-0.27773800000022675,-0.9610970000003363,-0.6194175000002815,-0.8032120000002578,-0.3064159999998992,-0.5548140000000785,-1.4751270000001568,-0.19156000000020867,-0.8333435000001828
2023-09-16 13:15:00,-0.2779990000003636,-0.9601620000003095,-0.6190805000003365,-0.7988119999999981,-0.301991000000271,-0.5504015000001345,-1.471313999999893,-0.1885019999999713,-0.8299079999999321
2023-09-16 13:30:00,-0.2779990000003636,-0.9559540000000197,-0.6169765000001917,-0.799982,-0.30067700000017794,-0.550329500000089,-1.4724839999998949,-0.18833900000026915,-0.830411500000082
2023-09-16 14:00:00,-0.2798790000001645,-0.9601620000003095,-0.620020500000237,-0.8009960000003957,-0.3031600000003891,-0.5520780000003924,-1.471751999999924,-0.18850300000030984,-0.8301275000001169
2023-09-16 14:30:00,-0.2783190000000104,-0.9536000000002787,-0.6159595000001445,-0.8020430000001397,-0.3012039999998706,-0.5516235000000052,-1.4757050000002891,-0.19078600000011647,-0.8332455000002028
2023-09-16 14:45:00,-0.27481900000020687,-0.952788000000055,-0.613803500000131,-0.8020420000002559,-0.30446000000029017,-0.553251000000273,-1.4745370000000548,-0.1932529999999133,-0.8338949999999841
2023-09-16 15:15:00,-0.2781169999998383,-0.9527849999999489,-0.6154509999998936,-0.8009990000000471,-0.3027100000003884,-0.5518545000002177,-1.4735140000002502,-0.1932529999999133,-0.8333835000000818
2023-09-16 15:45:00,-0.27986600000031103,-0.9581740000003265,-0.6190200000003188,-0.8009990000000471,-0.30174699999997756,-0.5513730000000123,-1.4717640000003485,-0.1874710000001869,-0.8296175000002677
2023-09-16 16:00:00,-0.2780580000003283,-0.9574680000000626,-0.6177630000001955,-0.8035240000003796,-0.3027640000000247,-0.5531440000002021,-1.4789270000001125,-0.1913870000003044,-0.8351570000002084
2023-09-16 16:15:00,-0.2749489999996513,-0.9515099999998711,-0.6132294999997612,-0.7995590000000448,-0.30028100000026825,-0.5499200000001565,-1.473225000000184,-0.1900550000000294,-0.8316400000001067
2023-09-16 16:30:00,-0.2777280000000246,-0.9539690000001428,-0.6158485000000837,-0.8032160000002477,-0.3010150000000067,-0.5521155000001272,-1.4774680000000444,-0.18963799999983166,-0.833552999999938
2023-09-16 18:30:00,-0.2783190000000104,-0.9581760000000941,-0.6182475000000522,-0.8020420000002559,-0.3017480000003161,-0.551895000000286,-1.4757039999999506,-0.18864200000007258,-0.8321730000000116
2023-09-16 19:15:00,-0.2794880000001285,-0.9552419999999984,-0.6173650000000634,-0.8020420000002559,-0.30052400000022317,-0.5512830000002396,-1.4774529999999686,-0.19108600000026854,-0.8342695000001186
2023-09-16 19:30:00,-0.2787100000000464,-0.9516140000000632,-0.6151620000000548,-0.8015760000002956,-0.3015410000002703,-0.551558500000283,-1.4735000000000582,-0.19150500000023385,-0.832502500000146
2023-09-16 19:45:00,-0.27773800000022675,-0.9535980000000563,-0.6156680000001415,-0.8002919999998994,-0.30003400000032343,-0.5501630000001114,-1.4739540000000488,-0.18961699999999837,-0.8317855000000236
2023-09-16 20:00:00,-0.28014100000018516,-0.9470529999998689,-0.613597000000027,-0.796596000000136,-0.296331999999893,-0.5464640000000145,-1.469108000000233,-0.19072800000003554,-0.8299180000001343
2023-09-16 20:15:00,-0.27975100000003295,-0.9517350000000988,-0.6157430000000659,-0.8017300000001342,-0.3010549999999057,-0.5513925000000199,-1.4742300000002615,-0.19178099999999176,-0.8330055000001266
2023-09-16 20:30:00,-0.28189000000020314,-0.951734000000215,-0.6168120000002091,-0.7995150000001559,-0.29930500000000393,-0.5494100000000799,-1.470277000000351,-0.19003100000009,-0.8301540000002205
2023-09-16 20:45:00,-0.2834410000000389,-0.955351999999948,-0.6193964999999935,-0.7955500000002758,-0.29828900000029535,-0.5469195000002856,-1.466323999999986,-0.1896150000002308,-0.8279695000001084
2023-09-16 21:00:00,-0.2803990000002159,-0.9537190000000919,-0.6170590000001539,-0.7962959999999839,-0.30071799999996074,-0.5485069999999723,-1.4688149999997222,-0.19397200000003068,-0.8313934999998764
2023-09-16 21:30:00,-0.28195000000005166,-0.9560609999998633,-0.6190054999999575,-0.7958300000000236,-0.3007720000000518,-0.5483010000000377,-1.4648630000001504,-0.19035900000017136,-0.8276110000001609
2023-09-16 21:45:00,-0.28370100000029197,-0.9540719999999965,-0.6188865000001442,-0.798750999999811,-0.3005359999997381,-0.5496434999997746,-1.4666130000000521,-0.18934100000024046,-0.8279770000001463
2023-09-16 22:00:00,-0.27980999999999767,-0.9516140000000632,-0.6157120000000305,-0.7980460000003404,-0.3003810000000158,-0.5492135000001781,-1.467066000000159,-0.18975600000021586,-0.8284110000001874
2023-09-16 23:00:00,-0.28038999999989755,-0.9524289999999382,-0.6164094999999179,-0.7980459999998857,-0.3000440000000708,-0.5490449999999782,-1.4670659999997042,-0.18903799999998228,-0.8280519999998432
2023-09-16 23:15:00,-0.28428000000030806,-0.9517190000001392,-0.6179995000002236,-0.7975799999999253,-0.2993109999997614,-0.5484454999998434,-1.4666120000001683,-0.19120500000008178,-0.8289085000001251
2023-09-16 23:45:00,-0.28013000000009924,-0.948566000000028,-0.6143480000000636,-0.7977779999996528,-0.2967289999996865,-0.5472534999996697,-1.4685389999999643,-0.1878340000002936,-0.828186500000129
2023-09-17 00:00:00,-0.2803910000002361,-0.9526679999999033,-0.6165295000000697,-0.8009550000001582,-0.3026110000000699,-0.551783000000114,-1.467066000000159,-0.18830900000011752,-0.8276875000001382
2023-09-17 00:30:00,-0.28292199999987133,-0.949500000000171,-0.6162110000000212,-0.7971140000004198,-0.3017360000003464,-0.5494250000003831,-1.462659000000258,-0.192641999999978,-0.827650500000118
2023-09-17 00:45:00,-0.2842799999998533,-0.9519580000001042,-0.6181189999999788,-0.7993300000002819,-0.3007180000004155,-0.5500240000003487,-1.4648630000001504,-0.18872499999997672,-0.8267940000000635
2023-09-17 01:00:00,-0.27799000000004526,-0.946107000000211,-0.6120485000001281,-0.8034919999995509,-0.3012439999997696,-0.5523679999996602,-1.4754100000000108,-0.19291900000007445,-0.8341645000000426
2023-09-17 01:30:00,-0.27981200000022,-0.9460010000002512,-0.6129065000002356,-0.7992169999997714,-0.2982369999999719,-0.5487269999998716,-1.4717350000000806,-0.192641999999978,-0.8321885000000293
2023-09-17 01:45:00,-0.2798130000001038,-0.944358000000193,-0.6120855000001484,-0.8009649999999056,-0.2994949999997516,-0.5502299999998286,-1.4699839999998403,-0.19117099999994025,-0.8305774999998903
2023-09-17 02:30:00,-0.2802040000001398,-0.9407380000002377,-0.6104710000001887,-0.7987490000000435,-0.29760199999964243,-0.5481754999998429,-1.46603099999993,-0.19042799999988347,-0.8282294999999067
2023-09-17 02:45:00,-0.28234300000031,-0.9407370000003539,-0.6115400000003319,-0.7982830000000831,-0.29760099999975864,-0.5479419999999209,-1.4638270000000375,-0.19042800000033822,-0.8271275000001879
2023-09-17 03:00:00,-0.28331100000013976,-0.947856000000229,-0.6155835000001844,-0.8009640000000218,-0.2994939999998678,-0.5502289999999448,-1.469984000000295,-0.19117099999994025,-0.8305775000001177
2023-09-17 03:15:00,-0.28370200000017576,-0.9441160000001219,-0.6139090000001488,-0.7987479999997049,-0.2963369999997667,-0.5475424999997358,-1.467779999999948,-0.19015100000024177,-0.8289655000000948
2023-09-17 03:30:00,-0.2850579999999354,-0.9455149999998866,-0.615286499999911,-0.7992150000000038,-0.29652400000031776,-0.5478695000001608,-1.4688139999998384,-0.19069300000001022,-0.8297534999999243
2023-09-17 03:45:00,-0.28117100000008577,-0.9436460000001716,-0.6124085000001287,-0.8002610000003187,-0.2958419999999933,-0.548051500000156,-1.4739360000003217,-0.1915870000002542,-0.8327615000002879
2023-09-17 04:15:00,-0.283701999999721,-0.9458649999996851,-0.614783499999703,-0.8004970000001776,-0.2998360000001412,-0.5501665000001594,-1.467779999999948,-0.19190200000002733,-0.8298409999999876
2023-09-17 04:30:00,-0.2858409999998912,-0.945864000000256,-0.6158525000000736,-0.7965329999997266,-0.2963369999997667,-0.5464349999997467,-1.4655760000000555,-0.19190200000002733,-0.8287390000000414
2023-09-17 05:45:00,-0.2862319999999272,-0.9451570000001084,-0.6156945000000178,-0.7943179999997483,-0.2973549999996976,-0.545836499999723,-1.4616230000001451,-0.19406900000012683,-0.827846000000136
2023-09-17 07:15:00,-0.2891530000001694,-0.941197000000102,-0.6151750000001357,-0.797816999999668,-0.295118999999886,-0.546467999999777,-1.4616229999996904,-0.189096999999947,-0.8253599999998187
2023-09-17 07:30:00,-0.28902300000027026,-0.9405940000001465,-0.6148085000002084,-0.7985509999998612,-0.2973949999995966,-0.5479729999997289,-1.4641020000003664,-0.19446100000004662,-0.8292815000002065
2023-09-17 07:45:00,-0.2886349999998856,-0.9401330000000598,-0.6143839999999727,-0.7941200000000208,-0.2963790000003428,-0.5452495000001818,-1.4567769999998745,-0.19287600000006933,-0.8248264999999719
2023-09-17 08:00:00,-0.29006600000002436,-0.9368600000002516,-0.613463000000138,-0.7926390000002357,-0.29423300000007657,-0.5434360000001561,-1.4541340000000673,-0.1922599999998056,-0.8231969999999365
2023-09-17 09:00:00,-0.29155500000024404,-0.9430529999999635,-0.6173040000001038,-0.7923710000000028,-0.29462999999987005,-0.5435004999999364,-1.4567770000003293,-0.19287600000006933,-0.8248265000001993
2023-09-17 09:15:00,-0.28727400000025227,-0.9429470000000038,-0.615110500000128,-0.797961000000214,-0.2980280000001585,-0.5479945000001862,-1.4629330000002483,-0.1925970000002053,-0.8277650000002268
2023-09-17 09:45:00,-0.28967599999987215,-0.945173000000068,-0.6174244999999701,-0.7942659999998796,-0.29735200000004625,-0.5458089999999629,-1.457506999999623,-0.1923189999997703,-0.8249129999996967
2023-09-17 10:00:00,-0.2867590000000746,-0.9422540000000481,-0.6145065000000614,-0.7942649999999958,-0.29735200000004625,-0.545808500000021,-1.4575070000000778,-0.19232000000010885,-0.8249135000000933
2023-09-17 10:15:00,-0.28649899999982154,-0.9422549999999319,-0.6143769999998767,-0.7974970000000212,-0.299101999999948,-0.5482994999999846,-1.4601500000003398,-0.19232000000010885,-0.8262350000002243
2023-09-17 10:30:00,-0.28798600000027363,-0.9476310000000012,-0.6178085000001374,-0.7978080000002592,-0.2998350000002574,-0.5488215000002583,-1.4616230000001451,-0.19190400000024965,-0.8267635000001974
2023-09-17 11:15:00,-0.2857170000002043,-0.9435300000000097,-0.614623500000107,-0.8036759999999958,-0.30327900000020236,-0.5534775000000991,-1.465136000000257,-0.19259900000042762,-0.8288675000003423
2023-09-17 11:30:00,-0.2864990000002763,-0.944948000000295,-0.6157235000002856,-0.799246999999923,-0.30124800000021423,-0.5502475000000686,-1.4578110000002198,-0.18884700000035082,-0.8233290000002853
2023-09-17 12:00:00,-0.28584600000021965,-0.945397999999841,-0.6156220000000303,-0.8046920000001592,-0.3051730000001953,-0.5549325000001772,-1.4644060000000536,-0.19217200000002777,-0.8282890000000407
2023-09-17 12:30:00,-0.28293699999994715,-0.9429580000000897,-0.6129475000000184,-0.8017829999998867,-0.3015900000000329,-0.5516864999999598,-1.4661559999999554,-0.19248700000025565,-0.8293215000001055
2023-09-17 12:45:00,-0.2854669999996986,-0.9416729999998097,-0.6135699999997541,-0.7990999999997257,-0.3020200000000841,-0.5505599999999049,-1.4582490000002508,-0.19231200000012905,-0.8252805000001899
2023-09-17 13:00:00,-0.28507700000000114,-0.9400299999997515,-0.6125534999998763,-0.7983979999999065,-0.2986120000000483,-0.5485049999999774,-1.462203000000045,-0.19259000000010928,-0.8273965000000771
2023-09-17 13:15:00,-0.2865670000001046,-0.9434220000002824,-0.6149945000001935,-0.7998660000002928,-0.29910100000006423,-0.5494835000001785,-1.4636629999999968,-0.19115200000032928,-0.827407500000163
2023-09-17 13:45:00,-0.28694599999971615,-0.94658999999956,-0.616767999999638,-0.8005729999999858,-0.30173800000011397,-0.5511555000000499,-1.4597230000003947,-0.18856900000037058,-0.8241460000003826
2023-09-17 14:00:00,-0.2848060000001169,-0.9450529999999162,-0.6149295000000166,-0.8010389999999461,-0.3025070000003325,-0.5517730000001393,-1.463676000000305,-0.1926250000001346,-0.8281505000002198
2023-09-17 14:15:00,-0.2851959999998144,-0.9463629999995646,-0.6157794999996895,-0.8011520000000019,-0.30154300000003786,-0.5513475000000199,-1.460301999999956,-0.186844000000292,-0.823573000000124
2023-09-17 14:30:00,-0.2859049999997296,-0.9464689999999791,-0.6161869999998544,-0.8004180000002634,-0.3022240000000238,-0.5513210000001436,-1.4578329999999369,-0.1871329999999034,-0.8224829999999201
2023-09-17 14:45:00,-0.2873390000004292,-0.9464700000003177,-0.6169045000003734,-0.8001070000000254,-0.3022240000000238,-0.5511655000000246,-1.456358999999793,-0.1871329999999034,-0.8217459999998482
2023-09-17 15:00:00,-0.28772799999978815,-0.9457609999999477,-0.6167444999998679,-0.7961410000002616,-0.30149100000016915,-0.5488160000002154,-1.4524059999998826,-0.1893000000000029,-0.8208529999999428
2023-09-17 15:15:00,-0.29122800000004645,-0.9491550000002462,-0.6201915000001463,-0.7978910000001633,-0.3019810000000689,-0.5499360000001161,-1.4541559999997844,-0.18902099999968414,-0.8215884999997343
2023-09-17 15:30:00,-0.2866870000002564,-0.9457609999999477,-0.616224000000102,-0.8008820000000014,-0.30033099999991464,-0.550606499999958,-1.4611839999997756,-0.1875499999996464,-0.824366999999711
2023-09-17 15:45:00,-0.2855869999998504,-0.9483540000001085,-0.6169704999999794,-0.7989470000002257,-0.3029620000002069,-0.5509545000002163,-1.4551900000001297,-0.18670400000019072,-0.8209470000001602
2023-09-17 16:00:00,-0.28493699999989985,-0.9476429999999709,-0.6162899999999354,-0.7973830000000817,-0.29872900000009395,-0.5480560000000878,-1.4600140000002284,-0.1871209999999337,-0.823567500000081
2023-09-17 17:15:00,-0.2859790000002249,-0.9434360000000197,-0.6147075000001223,-0.7949820000003456,-0.29974600000014107,-0.5473640000002433,-1.4512360000003355,-0.18753900000001522,-0.8193875000001754
2023-09-17 18:45:00,-0.2855890000000727,-0.9456550000004427,-0.6156220000002577,-0.7954479999998512,-0.2990730000001349,-0.547260499999993,-1.4546089999998912,-0.1872720000001209,-0.8209405000000061
2023-09-17 19:15:00,-0.2851960000002691,-0.9505699999999706,-0.6178830000001199,-0.7976630000002842,-0.30053799999996045,-0.5491005000001223,-1.4585609999999178,-0.18643800000018018,-0.822499500000049
2023-09-17 19:45:00,-0.28519699999969816,-0.9512809999996534,-0.6182389999996758,-0.7976639999997133,-0.2995229999996809,-0.5485934999996971,-1.4585619999998016,-0.18427199999996446,-0.821416999999883
2023-09-17 20:45:00,-0.28675699999985227,-0.9476379999996425,-0.6171974999997474,-0.7954469999999674,-0.2993149999997513,-0.5473809999998593,-1.4592670000001817,-0.19179399999984525,-0.8255305000000135
2023-09-17 21:00:00,-0.2870759999996153,-0.948678999999629,-0.6178774999996222,-0.7969180000000051,-0.30149200000005294,-0.549205000000029,-1.458990999999969,-0.192211000000043,-0.825601000000006
2023-09-17 21:30:00,-0.2841570000000502,-0.9481120000000374,-0.6161345000000438,-0.7957579999997506,-0.29980499999965105,-0.5477814999997008,-1.4589900000000853,-0.18976500000007945,-0.8243775000000824
2023-09-17 22:00:00,-0.2849340000002485,-0.9485720000002402,-0.6167530000002444,-0.7979730000001837,-0.3008210000002691,-0.5493970000002264,-1.4629420000001119,-0.19193099999984042,-0.8274364999999761
2023-09-17 22:45:00,-0.2867559999999685,-0.9517380000002049,-0.6192470000000867,-0.7954460000000836,-0.30053799999996045,-0.547992000000022,-1.4575159999999414,-0.18934699999999793,-0.8234314999999697
2023-09-17 23:30:00,-0.28318399999989197,-0.9485719999997855,-0.6158779999998387,-0.7962219999999434,-0.3008199999999306,-0.548520999999937,-1.4611919999997554,-0.19193099999984042,-0.8265614999997979
